gene,stab_prob,weight_mean,weight_sd,stable
ENSG00000228794.12,0.1,,,False
ENSG00000291156.1,0.11,0.00276329858218107,0.0384121172904985,False
ENSG00000186891.14,0.13,-0.0705986532158863,0.06790135009357777,False
ENSG00000186827.12,0.02,0.02880110039469037,0.019631236554662975,False
ENSG00000160072.20,0.2,0.08203735137193943,0.15272951552548403,False
ENSG00000215014.5,0.09,,,False
ENSG00000197530.13,0.27,0.015582208916408309,0.07611561130763099,False
ENSG00000008130.15,0.21,,,False
ENSG00000272449.3,0.18,-0.08853996002210562,0.023483158641245786,False
ENSG00000157873.18,0.34,0.22815578884575619,0.12965203017760857,False
ENSG00000228037.1,0.19,,,False
ENSG00000157870.17,0.17,0.07211512916601252,0.039250280646967936,False
ENSG00000162413.17,0.13,-0.00037448180906792363,0.0072310883284589355,False
ENSG00000049249.10,0.18,-0.005823670569461266,0.04284805108295112,False
ENSG00000074800.16,0.0,,,False
ENSG00000142583.18,0.22,-0.07604047206584845,0.04528002177843615,False
ENSG00000179840.5,0.21,0.0722316833181034,0.01322497029208836,False
ENSG00000231789.4,0.16,-0.03246760982363507,0.08482710334522198,False
ENSG00000116663.11,0.15,0.12861236283921137,0.11570957385436895,False
ENSG00000285646.2,0.13,0.08047548181860611,0.014325589933745934,False
ENSG00000028137.19,0.15,-0.1412316060058957,0.111738390235331,False
ENSG00000162496.9,0.21,-0.05289158978804703,0.025792942674089128,False
ENSG00000189337.17,0.09,,,False
ENSG00000233954.7,0.19,,,False
ENSG00000291077.1,0.14,-0.013912110787740675,0.03307660110288462,False
ENSG00000132881.12,0.62,-0.13193674498893734,0.030118377688891272,True
ENSG00000291072.1,0.16,-0.05046284800953482,0.0,False
ENSG00000158825.6,0.25,,,False
ENSG00000117318.9,0.17,-0.15854505497300844,0.143140620039692,False
ENSG00000179163.12,0.26,0.33520662414803676,0.07961883418330662,False
ENSG00000001460.18,0.26,0.0031593320106725713,0.030362547845654193,False
ENSG00000117616.18,0.23,-0.17752366179052306,0.10031522588669313,False
ENSG00000117632.23,0.04,-0.2139455358716312,0.10055459918793534,False
ENSG00000142675.18,0.15,,,False
ENSG00000175793.12,0.14,0.14439116381646727,0.02130071549941021,False
ENSG00000142765.18,0.21,-0.07623881435168295,0.04473650956116977,False
ENSG00000000938.13,0.17,-0.00864876857619398,0.042033312000997754,False
ENSG00000126709.16,0.11,0.05844157950851427,0.07975786979900341,False
ENSG00000130775.16,0.24,-0.03589635765484678,0.06362703472545983,False
ENSG00000169403.12,0.24,-0.13122983630545426,0.047088787155698114,False
ENSG00000270605.1,0.23,0.029141288350772565,0.03219357685879682,False
ENSG00000130766.5,0.35,0.08434229489440209,0.048086077298426705,False
ENSG00000197989.15,0.25,0.10545685069737844,0.06371534639225344,False
ENSG00000134644.16,0.2,-0.011102688290050601,0.07803114308610246,False
ENSG00000121769.8,0.09,0.0003177463293368322,0.02817077568228337,False
ENSG00000168528.12,0.25,0.11051739382612055,0.09331498407835516,False
ENSG00000284543.1,0.13,0.027028065904670422,0.026106196605225764,False
ENSG00000160050.16,0.16,0.14675833425355309,0.13110663112572854,False
ENSG00000182866.18,0.13,0.154530948444881,0.08572078989784533,False
ENSG00000175130.7,0.04,-0.06594336683938555,0.08572183437278175,False
ENSG00000197056.11,0.34,,,False
ENSG00000092853.14,0.12,0.17645545302814436,0.08095586780639093,False
ENSG00000163874.11,0.17,0.04390806941893889,0.059391380533816256,False
ENSG00000134690.11,0.17,-0.11061994673985755,0.07023003874819549,False
ENSG00000185668.8,0.33,-0.024342225465524434,0.014102241595619352,False
ENSG00000127603.32,0.28,0.07006782396702232,0.13369091016035264,False
ENSG00000168389.18,0.33,-0.018400759697174987,0.06232856849850315,False
ENSG00000049089.15,0.15,0.08027743200622962,0.09747259662451871,False
ENSG00000243710.8,0.28,-0.012005480167328308,0.03293531617904237,False
ENSG00000117399.14,0.2,0.2701195019429639,0.03663022704539563,False
ENSG00000196517.13,0.15,-0.0031034591524597335,0.011174171546145747,False
ENSG00000198520.12,0.5,-0.1931921959414613,0.07091443901075134,False
ENSG00000173846.13,0.17,0.04939189402677211,0.03733727756264874,False
ENSG00000132780.17,0.05,0.14203831924449647,0.05401096181534016,False
ENSG00000117472.10,0.24,,,False
ENSG00000123080.12,0.36,-0.2369497329418255,0.06742164226717706,False
ENSG00000169213.7,0.31,0.12378619919966091,0.060074821052580024,False
ENSG00000134744.14,0.25,-0.06098916693964206,0.03307038263784089,False
ENSG00000116157.6,0.21,-0.05071709518005289,0.027647562941971016,False
ENSG00000058799.15,0.16,0.033859733816271456,0.041948495344072224,False
ENSG00000116133.13,0.18,-0.1272148602195292,0.0,False
ENSG00000177606.9,0.31,-0.18218867188174911,0.08658396846907361,False
ENSG00000237352.6,0.27,0.07554793318677121,0.009962762541263262,False
ENSG00000162434.14,0.12,0.09828248753234901,0.06442948230857923,False
ENSG00000162433.15,0.31,0.18062711885708324,0.07623295994725192,False
ENSG00000184588.18,0.16,-0.0019457565598711517,0.07945935333828792,False
ENSG00000116717.13,0.3,0.22120353443933366,0.06658579474317936,False
ENSG00000024526.17,0.17,-0.049316461568993504,0.09301909621793117,False
ENSG00000116761.12,0.16,0.0026134901525595167,0.039749477146618965,False
ENSG00000162623.16,0.31,0.26960795435391405,0.12754853318148252,False
ENSG00000162616.9,0.15,0.04026832693504491,0.0,False
ENSG00000137959.17,0.1,0.13317238099575562,0.10417567169056355,False
ENSG00000137965.11,0.3,0.05226825393279202,0.0,False
ENSG00000234184.8,0.08,0.14678016447668607,0.0696942516193862,False
ENSG00000137941.17,0.21,0.03500763891432772,0.043876383486375785,False
ENSG00000117151.13,0.19,0.0263852510765494,0.0545318775182255,False
ENSG00000153898.13,0.08,-0.03353596236712711,0.05639292573500891,False
ENSG00000153936.18,0.21,0.12304725547121113,0.0860445726181335,False
ENSG00000143013.13,0.21,0.30924806588986437,0.1427900914134465,False
ENSG00000117228.11,0.14,-0.035495948201542865,0.022149618166598297,False
ENSG00000162645.13,0.38,0.1765920414152321,0.08084437067491776,False
ENSG00000162654.9,0.24,,,False
ENSG00000067208.17,0.21,-0.08037222483011293,0.03254579762788388,False
ENSG00000154511.12,0.1,0.00363467153992795,0.04205182350163148,False
ENSG00000223745.8,0.16,-0.10456100832248488,0.06750372986438144,False
ENSG00000117519.16,0.22,-0.10902561970554714,0.07766215543924566,False
ENSG00000170989.10,0.14,0.0007516880816411803,0.07241516174026007,False
ENSG00000177272.10,0.09,0.02497375215794882,0.03826666757134033,False
ENSG00000143119.14,0.1,0.2842571346861794,0.1566781083188559,False
ENSG00000162777.17,0.17,-0.11057123688042621,0.1370310820866108,False
ENSG00000064886.14,0.24,0.15607071220520544,0.10714656442866735,False
ENSG00000155366.17,0.22,0.0779461005094799,0.12912440622113605,False
ENSG00000134242.16,0.18,-0.056666519469843614,0.04800486882839899,False
ENSG00000116815.16,0.21,-0.13188918605416336,0.1367948336481855,False
ENSG00000134256.13,0.15,0.01730966162594635,0.025645099596515994,False
ENSG00000183508.5,0.4,-0.058822483525526326,0.05330546514388172,False
ENSG00000092607.15,0.15,-0.0004192114703214592,0.025010943814865287,False
ENSG00000092621.13,0.18,-0.09677560053983802,0.0941302991814801,False
ENSG00000186364.12,0.43,,,False
ENSG00000265972.6,0.06,0.016473057817462045,0.0702582640349059,False
ENSG00000131791.8,0.47,,,False
ENSG00000289614.2,0.1,0.0748402719669992,0.015554337427503341,False
ENSG00000290791.1,0.16,-0.06624924384538651,0.06078523544737443,False
ENSG00000184678.11,0.26,0.07840683903348539,0.018844843162248853,False
ENSG00000184260.6,0.13,-0.08678222344278996,0.07327319732749701,False
ENSG00000143401.15,0.19,,,False
ENSG00000118292.9,0.22,0.026207657144522403,0.10103871613615224,False
ENSG00000228126.1,0.18,,,False
ENSG00000143384.14,0.18,-0.07999616081376136,0.0971585026058509,False
ENSG00000143457.11,0.24,-0.09303900139134481,0.05198947427655396,False
ENSG00000163131.12,0.11,-0.04588574937198851,0.09003647612803152,False
ENSG00000143443.10,0.32,0.001465105340179279,0.04317181591131994,False
ENSG00000163191.6,0.06,0.05811592485089725,0.08565468565296833,False
ENSG00000186226.9,0.2,0.07855201681658253,0.04358582772001876,False
ENSG00000197084.6,0.12,0.028414970980186235,0.015847860064777293,False
ENSG00000196734.9,0.1,0.027080238857399953,0.01756813181718785,False
ENSG00000163220.11,0.32,-0.08125951913129152,0.03886321297467967,False
ENSG00000197956.10,0.34,0.11884231056190077,0.07482828727913321,False
ENSG00000196154.12,0.18,-0.008136988143005555,0.039785569236437925,False
ENSG00000189171.15,0.33,0.012060539518895573,0.039057272623784195,False
ENSG00000169418.10,0.13,,,False
ENSG00000282386.1,0.1,,,False
ENSG00000163346.17,0.47,0.04730311761767018,0.031480013113222405,False
ENSG00000173207.13,0.06,0.06255463221805176,0.07554186494520768,False
ENSG00000179085.8,0.18,-0.13567517776285085,0.11527500542093547,False
ENSG00000177628.16,0.12,,,False
ENSG00000160752.15,0.16,0.2320547191084593,0.04993923666554469,False
ENSG00000116539.14,0.31,,,False
ENSG00000143622.12,0.27,0.058278937777646964,0.010795431823830436,False
ENSG00000160789.24,0.15,0.19793343592865395,0.06826974353522298,False
ENSG00000196189.14,0.1,,,False
ENSG00000160781.17,0.16,-0.05399758182097678,0.0,False
ENSG00000143297.19,0.1,-0.023935113618576826,0.07362495979691507,False
ENSG00000163563.8,0.34,-0.1464106046122754,0.09627229422936501,False
ENSG00000163564.15,0.19,0.05363901314534936,0.03877598623695374,False
ENSG00000163568.16,0.23,0.18011178884582701,0.06793556375463644,False
ENSG00000171786.6,0.2,,,False
ENSG00000162739.14,0.29,-0.025408231988014715,0.026747158929632302,False
ENSG00000066294.15,0.12,0.03397976690027293,0.04303427426890288,False
ENSG00000117090.16,0.13,0.029689685536201178,0.0812604551965946,False
ENSG00000117091.10,0.06,0.03701265117510556,0.07719751938446535,False
ENSG00000026751.17,0.11,-0.2019223561425237,0.07060303556041392,False
ENSG00000122224.18,0.14,0.04246825382177477,0.05326490152353222,False
ENSG00000158850.15,0.41,,,False
ENSG00000289106.2,0.11,,,False
ENSG00000288093.1,0.18,,,False
ENSG00000072694.22,0.22,,,False
ENSG00000132185.18,0.12,0.19528237289419975,0.0858614004332569,False
ENSG00000143228.13,0.1,0.0798588153100838,0.0962669447203649,False
ENSG00000143198.13,0.12,-0.047033078127190577,0.06921614792461232,False
ENSG00000143158.11,0.21,0.12193682163947411,0.00043887065142779404,False
ENSG00000143184.5,0.03,-0.011438699144858339,0.045589515913083134,False
ENSG00000143153.14,0.22,-0.02347868855522137,0.0807843144137583,False
ENSG00000188404.10,0.18,-0.09416599618737377,0.07520124000348903,False
ENSG00000117586.11,0.25,0.02223628705454676,0.04730448213264419,False
ENSG00000227373.6,0.26,-0.05433702448651042,0.0558094885207711,False
ENSG00000152061.24,0.17,0.1268318680890591,0.0768285120153555,False
ENSG00000289425.1,0.23,0.023737467110950084,0.0,False
ENSG00000120332.17,0.38,0.01901209671501378,0.0261274619556714,False
ENSG00000116191.19,0.08,0.003216956178789566,0.045803371929112276,False
ENSG00000116260.17,0.15,0.03541125494011747,0.03068130454393648,False
ENSG00000135821.19,0.12,-0.017052076841214143,0.06473841977256885,False
ENSG00000135828.11,0.11,0.0036301962460144055,0.0,False
ENSG00000143333.7,0.28,-0.3478439565075069,0.05550357440654041,False
ENSG00000116701.16,0.19,0.07374300151182882,0.0976133796977101,False
ENSG00000162704.16,0.71,-0.4746463575267933,0.07855730567646996,True
ENSG00000116406.20,0.15,-0.05851223735662919,0.03774614523416107,False
ENSG00000116668.13,0.19,-0.012988014955947298,0.0178191580882077,False
ENSG00000090104.12,0.26,-0.22835988253759676,0.12535056454337348,False
ENSG00000127074.15,0.11,-0.061891760016604846,0.029372086153464393,False
ENSG00000116741.8,0.28,-0.02715979895650783,0.07060644616517267,False
ENSG00000066279.19,0.17,-0.10158145662978124,0.08816706118885749,False
ENSG00000081237.21,0.47,-0.23169449122966793,0.07695172515543136,False
ENSG00000229989.6,0.14,0.03274672436058713,0.03087842536184065,False
ENSG00000162702.8,0.08,,,False
ENSG00000163362.11,0.09,-0.013338687064849685,0.030511261981595317,False
ENSG00000174307.7,0.23,0.022604696697200295,0.046638670902156946,False
ENSG00000077152.12,0.11,0.08109822163658817,0.06272662776873288,False
ENSG00000117139.18,0.21,-0.07909373388185108,0.05233958106440251,False
ENSG00000231507.4,0.19,,,False
ENSG00000159388.6,0.15,0.13884232905315078,0.06972557895738984,False
ENSG00000122188.13,0.37,,,False
ENSG00000198625.14,0.3,0.21514661169313393,0.0968383103571363,False
ENSG00000117280.13,0.25,-0.14576915364097473,0.02989973251900413,False
ENSG00000136634.7,0.13,0.042878514622212226,0.04066222036613206,False
ENSG00000162894.12,0.15,0.12532833022264792,0.05531178667231942,False
ENSG00000162896.6,0.44,-0.03232741843880232,0.015219300996046648,False
ENSG00000180667.11,0.34,,,False
ENSG00000196352.18,0.26,-0.13604293658266045,0.05304235303861141,False
ENSG00000123689.6,0.12,,,False
ENSG00000009790.15,0.08,0.06749232036009094,0.09997387814844645,False
ENSG00000117650.13,0.11,-0.02502374050203166,0.047826596996986305,False
ENSG00000162772.18,0.21,0.07946788733866816,0.06523540113587034,False
ENSG00000162769.13,0.43,,,False
ENSG00000117724.15,0.06,0.008063783403395681,0.10759364912723449,False
ENSG00000118873.17,0.48,0.20400717571518803,0.07377646231298164,False
ENSG00000117791.16,0.16,,,False
ENSG00000143507.18,0.11,-0.11869563896583835,0.08365035488777799,False
ENSG00000162909.18,0.17,0.03156375892871158,0.01996330588876707,False
ENSG00000143514.18,0.28,,,False
ENSG00000289341.2,0.28,0.04048085893354651,0.05137491132194409,False
ENSG00000185155.12,0.17,,,False
ENSG00000143772.11,0.18,0.015043158819023537,0.029317637992422974,False
ENSG00000143776.20,0.43,-0.11139253410788326,0.010673511022333743,False
ENSG00000181218.6,0.18,0.00730857771127888,0.049997018354977184,False
ENSG00000135776.5,0.42,,,False
ENSG00000143641.10,0.19,-0.008359483629644206,0.03734774698289456,False
ENSG00000135775.14,0.22,,,False
ENSG00000135750.15,0.19,0.11914291648437045,0.03732323882635652,False
ENSG00000231663.3,0.11,-0.02312010317356778,0.031058325784947532,False
ENSG00000077585.14,0.16,-0.02136735069634022,0.04298969013327246,False
ENSG00000086619.15,0.3,-0.06501973850392105,0.051140462162748784,False
ENSG00000289439.2,0.42,0.06411155212034239,0.061790585547476344,False
ENSG00000188295.15,0.33,,,False
ENSG00000067057.19,0.33,-0.2058310921025076,0.07197601379249254,False
ENSG00000067082.15,0.32,-0.15626166706176886,0.08901869948879797,False
ENSG00000134452.20,0.23,,,False
ENSG00000170525.21,0.37,,,False
ENSG00000107537.14,0.13,,,False
ENSG00000151474.23,0.09,0.025516336290764538,0.02766728453403757,False
ENSG00000026025.16,0.12,0.06141759367075927,0.10301483265363134,False
ENSG00000165996.14,0.14,-0.0867970132828657,0.053837595197244854,False
ENSG00000240291.1,0.28,,,False
ENSG00000165997.5,0.19,-0.054348277907261454,0.04109684512125163,False
ENSG00000150867.14,0.28,0.060153097668534765,0.07300031309820017,False
ENSG00000107968.10,0.26,-0.08432922554435408,0.05453644060177123,False
ENSG00000165322.18,0.14,,,False
ENSG00000150093.20,0.09,0.14924556411877818,0.04539049780549003,False
ENSG00000169826.8,0.17,,,False
ENSG00000107551.21,0.17,-0.00042995720514021836,0.039906706067738745,False
ENSG00000012779.12,0.15,-0.09088989534417197,0.07789811968379493,False
ENSG00000165406.16,0.12,0.14048708781461533,0.011812069858476886,False
ENSG00000225830.16,0.09,,,False
ENSG00000122952.17,0.11,-0.22250035362361453,0.061667141614186745,False
ENSG00000170312.17,0.19,0.29888506671874104,0.12855914160527995,False
ENSG00000150347.17,0.17,-0.10803027300142441,0.07315136881847852,False
ENSG00000122877.18,0.23,-0.07223905234900606,0.045383297081403116,False
ENSG00000228065.13,0.32,-0.051453505379630345,0.0009036764599936708,False
ENSG00000165732.14,0.09,0.30939798042299843,0.07696749817651585,False
ENSG00000122862.5,0.29,0.04609729415914914,0.11313098185675599,False
ENSG00000107738.20,0.22,0.023184937357194162,0.07620234115208693,False
ENSG00000197746.15,0.21,-0.03283939984147601,0.10603486147213785,False
ENSG00000168209.6,0.12,0.14122908899480793,0.09686719333005489,False
ENSG00000122884.13,0.34,0.22667758210062539,0.05859302894913816,False
ENSG00000213551.7,0.13,0.08249601220824036,0.0728927596543269,False
ENSG00000196968.11,0.19,-0.08720521332291903,0.030008273146246378,False
ENSG00000156113.25,0.42,0.19732131406951092,0.06458432862608275,False
ENSG00000108175.19,0.25,,,False
ENSG00000285972.1,0.2,-0.0679178678180435,0.07725986086832008,False
ENSG00000188373.5,0.18,0.2415172756762459,0.037943433190335926,False
ENSG00000107771.17,0.12,-0.05647626620033265,0.00513625948286003,False
ENSG00000171862.15,0.17,0.06333887778266377,0.06475909292262844,False
ENSG00000107796.13,0.45,0.12448810824105562,0.05752678063820991,False
ENSG00000286116.1,0.26,-0.05156486186152653,0.015040164504945861,False
ENSG00000107798.18,0.11,0.13522236081964417,0.05331911032686103,False
ENSG00000119922.11,0.13,0.045090051743956035,0.0675386320818267,False
ENSG00000119917.15,0.17,0.07339416832802044,0.09405676853873314,False
ENSG00000185745.10,0.29,-0.06174517466563722,0.09473495887656519,False
ENSG00000152778.10,0.15,0.011075687442425286,0.06456304778026474,False
ENSG00000138182.15,0.12,-0.015122755551742565,0.06873389088738678,False
ENSG00000107864.15,0.18,,,False
ENSG00000152804.11,0.33,,,False
ENSG00000119969.16,0.08,0.14018975274628517,0.11069716805047156,False
ENSG00000107438.9,0.07,-0.0018090252265358538,0.03373979657356122,False
ENSG00000273162.1,0.2,0.08375834315680236,0.0360985833482927,False
ENSG00000120049.20,0.18,,,False
ENSG00000077150.21,0.28,-0.25011544697506677,0.11083873035727905,False
ENSG00000119950.21,0.13,,,False
ENSG00000138166.6,0.21,0.1236718510240034,0.05324075650472715,False
ENSG00000150593.18,0.15,-0.018095754184016665,0.044069845729468544,False
ENSG00000099204.22,0.27,0.1261772582986322,0.024898923845436356,False
ENSG00000165868.16,0.18,-0.08024693687753337,0.058398100303371385,False
ENSG00000119979.18,0.15,0.025485096350917915,0.0595771771981762,False
ENSG00000198825.15,0.22,0.01631679459680055,0.04335310591548673,False
ENSG00000107679.15,0.2,-0.06792231910688015,0.009287693535855655,False
ENSG00000188620.11,0.14,0.02488796139102129,0.030909353876432545,False
ENSG00000226899.1,0.12,,,False
ENSG00000107938.18,0.44,-0.21400661787661446,0.07290042735780365,False
ENSG00000148773.14,0.05,0.019752968213191814,0.05643196493167095,False
ENSG00000176171.12,0.38,0.30236941126884825,0.07788808905602462,False
ENSG00000151651.16,0.15,-0.05885074229972049,0.06897297034834644,False
ENSG00000148832.16,0.2,-0.06547066399369621,0.06959064000980762,False
ENSG00000142102.16,0.34,-0.040941873438687756,0.02004739633709557,False
ENSG00000185201.18,0.16,,,False
ENSG00000185885.17,0.16,0.04852741260871337,0.08404431386858857,False
ENSG00000185187.13,0.17,0.05400745907027007,0.050665550932023164,False
ENSG00000247095.5,0.13,0.04913552496111923,0.04795582625998629,False
ENSG00000185507.21,0.43,-0.280397985105387,0.10299607883687688,False
ENSG00000099834.19,0.06,,,False
ENSG00000177106.17,0.13,-0.07649833741074942,0.08651330397211761,False
ENSG00000184524.6,0.23,-0.07324351143071182,0.08242221165851914,False
ENSG00000177666.17,0.23,,,False
ENSG00000110651.13,0.26,0.056582928408441154,0.07416484287509753,False
ENSG00000269821.2,0.28,-0.023620829861402626,0.07364209415208224,False
ENSG00000110628.16,0.26,0.0710889597563011,0.02801404779595596,False
ENSG00000110619.18,0.18,0.0976525878512598,0.10882545785522499,False
ENSG00000177105.10,0.06,,,False
ENSG00000223609.11,0.32,-0.08601009552123783,0.03516138968678774,False
ENSG00000170955.10,0.05,-0.04351772980370413,0.023151203146249976,False
ENSG00000166311.10,0.14,0.043574101646866786,0.0,False
ENSG00000133789.15,0.09,0.10752862910223138,0.08205783443676284,False
ENSG00000148926.10,0.18,0.0687301028139528,0.049544101719901326,False
ENSG00000262655.4,0.29,-0.0907050912238012,0.03708189482142458,False
ENSG00000070081.18,0.07,0.09991302802701381,0.04669241902450954,False
ENSG00000134333.15,0.05,0.2609927717721114,0.05890222880170776,False
ENSG00000171714.13,0.25,,,False
ENSG00000109881.17,0.08,-0.003875039082051779,0.08772321952421157,False
ENSG00000152219.5,0.25,-0.11673732201960946,0.06668500266520253,False
ENSG00000183242.13,0.12,0.060524072915293624,0.032855518160138875,False
ENSG00000135378.4,0.25,-0.23521752288902648,0.05838945836912617,False
ENSG00000026508.21,0.11,0.026557803557474582,0.06707660787234923,False
ENSG00000085117.12,0.11,0.25789349389401045,0.07436717884216866,False
ENSG00000110492.17,0.14,0.03842641907527194,0.040790219932030115,False
ENSG00000134802.18,0.18,0.04788085834975698,0.08329590397514638,False
ENSG00000189057.11,0.17,0.09538694698656976,0.07342814353722109,False
ENSG00000166801.17,0.06,0.017190677830199952,0.0,False
ENSG00000197629.6,0.12,-0.02160703541426393,0.02902507468185787,False
ENSG00000166927.13,0.27,0.1881359156213774,0.03919737154524116,False
ENSG00000156738.18,0.04,0.05283633907384638,0.10778808098451526,False
ENSG00000110446.12,0.13,-0.05274788860631502,0.04609231922220776,False
ENSG00000162144.10,0.47,-0.1648172468417045,0.11117323729788231,False
ENSG00000168496.4,0.03,-0.10216633384086389,0.07852029318334333,False
ENSG00000124942.14,0.22,-0.004353033530865319,0.08830204569399455,False
ENSG00000214756.8,0.38,0.1776060096334841,0.05111009099981053,False
ENSG00000162231.14,0.19,,,False
ENSG00000256690.1,0.31,,,False
ENSG00000255717.9,0.12,0.10751731340086106,0.06941401699626845,False
ENSG00000168003.19,0.17,-0.04128281875877805,0.06745465654556342,False
ENSG00000133321.11,0.15,0.04473825005922194,0.0662171588317313,False
ENSG00000133328.4,0.4,0.13626875895878998,0.08517827120018825,False
ENSG00000176485.14,0.2,-0.02051799318409411,0.08578696959411475,False
ENSG00000133315.12,0.28,-0.07770839367025202,0.01777047497689252,False
ENSG00000289486.2,0.18,,,False
ENSG00000149782.13,0.09,-0.03167513664988857,0.008489761495385401,False
ENSG00000110047.18,0.09,0.047832528656113815,0.0743817262737192,False
ENSG00000110046.14,0.17,-0.03155940693990523,0.0,False
ENSG00000068971.14,0.15,-0.01105307929031879,0.028788475548572414,False
ENSG00000146670.10,0.36,0.12018915703100863,0.06050347909940775,False
ENSG00000149809.17,0.41,0.21948259566590508,0.08580395021728973,False
ENSG00000162298.19,0.33,0.040136495156590665,0.08626279960491136,False
ENSG00000254614.2,0.17,,,False
ENSG00000245532.11,0.76,0.6228322394240826,0.07543916254577758,True
ENSG00000291174.1,0.19,0.07308678310399015,0.08957674421318275,False
ENSG00000289740.1,0.19,,,False
ENSG00000168056.18,0.14,,,False
ENSG00000289339.2,0.2,-0.058865629500013526,0.035924899999110346,False
ENSG00000172543.9,0.14,0.011721336746354111,0.029217202332843792,False
ENSG00000174684.7,0.4,,,False
ENSG00000173898.15,0.16,-0.02236613152927519,0.0,False
ENSG00000172725.14,0.13,0.03168294418715971,0.08205167936253872,False
ENSG00000167797.8,0.08,0.03688068237362051,0.07451105925538257,False
ENSG00000132744.8,0.05,-0.016734487831303935,0.044034599709334134,False
ENSG00000162337.12,0.14,,,False
ENSG00000110092.4,0.26,0.031517674035460186,0.031804671682428357,False
ENSG00000085733.16,0.19,0.0010675187002610578,0.0,False
ENSG00000172893.18,0.17,-0.02437000589265604,0.05994126816194771,False
ENSG00000137496.19,0.19,0.014713156758454658,0.043799164212475615,False
ENSG00000137478.15,0.19,-0.07809244141435112,0.05987156693345749,False
ENSG00000256568.2,0.15,,,False
ENSG00000054967.13,0.2,0.10596403297770263,0.0,False
ENSG00000175582.20,0.18,,,False
ENSG00000175567.11,0.2,0.1254324336887928,0.05752686998188638,False
ENSG00000166435.17,0.19,-0.024797113359675375,0.0541000670651599,False
ENSG00000118363.13,0.29,-0.1372582493537524,0.15554803802687228,False
ENSG00000162139.10,0.13,,,False
ENSG00000137509.12,0.25,-0.02882975674242491,0.06368370329325092,False
ENSG00000137502.10,0.09,-0.08307285056007525,0.04872645211622763,False
ENSG00000123892.12,0.12,0.008023632352491726,0.027863335433084217,False
ENSG00000109861.17,0.33,0.4699387763049055,0.07432919255109409,False
ENSG00000023445.17,0.07,0.07674568807172208,0.12794692317304945,False
ENSG00000152558.15,0.17,-0.06524614660586213,0.13953702175697902,False
ENSG00000170962.13,0.31,,,False
ENSG00000204397.10,0.2,0.14236458514426134,0.09191547193372916,False
ENSG00000149311.20,0.16,0.0426956959273789,0.10064831515409309,False
ENSG00000182985.19,0.29,0.04621215259466583,0.051555041493959494,False
ENSG00000137731.14,0.18,0.039985590205006576,0.0871844427823245,False
ENSG00000110324.12,0.12,0.04829528242420076,0.06133354917896115,False
ENSG00000160593.20,0.19,-0.05446983828044368,0.03866733767770454,False
ENSG00000160588.10,0.23,,,False
ENSG00000149428.21,0.26,-0.0758662316774997,0.00432817668041504,False
ENSG00000188486.4,0.12,-0.09550359547105408,0.06869211692006047,False
ENSG00000137642.13,0.39,0.2682434452714804,0.057576124818128564,False
ENSG00000109971.14,0.15,0.23836799881927728,0.0960806763706524,False
ENSG00000154146.13,0.25,0.13612082569356343,0.0478886797599847,False
ENSG00000149564.12,0.19,0.02476240841394362,0.0608146834858884,False
ENSG00000134955.12,0.25,,,False
ENSG00000149557.14,0.11,-0.20859954458515906,0.060606589243553055,False
ENSG00000151702.18,0.52,,,False
ENSG00000082805.21,0.35,,,False
ENSG00000004478.8,0.17,-0.2432617373358037,0.0947031802794414,False
ENSG00000118971.9,0.36,0.3460212011025294,0.09940723107092075,False
ENSG00000118972.3,0.12,0.02337154409219103,0.08346187181124137,False
ENSG00000111247.15,0.14,0.0803626038782445,0.023983107947951127,False
ENSG00000010278.15,0.07,-0.05041896040296206,0.06849437514013015,False
ENSG00000139193.4,0.07,-0.06821107045009948,0.09978690554360564,False
ENSG00000139192.12,0.2,-0.11938401513698688,0.038604385482135406,False
ENSG00000111653.20,0.17,0.05532508736487146,0.042033595551803186,False
ENSG00000159335.19,0.17,-0.038535192786333834,0.034497802782343066,False
ENSG00000089692.9,0.34,0.08482110573853804,0.02946935064602188,False
ENSG00000111665.12,0.17,0.11318457750828274,0.06605541210214463,False
ENSG00000111674.9,0.08,0.12406987231872717,0.06030540133990237,False
ENSG00000111679.17,0.16,-0.08172908559199228,0.10124873410714362,False
ENSG00000159403.18,0.14,-0.020324025433508943,0.03539950573954396,False
ENSG00000177675.9,0.11,0.021984744457967744,0.02690591586173916,False
ENSG00000059804.17,0.22,,,False
ENSG00000111732.12,0.14,-0.18835036205903866,0.0812752809412694,False
ENSG00000111752.11,0.13,,,False
ENSG00000069493.15,0.2,-0.15070657577259552,0.09873238852976263,False
ENSG00000110848.8,0.24,-0.12037284617316191,0.06849044173600426,False
ENSG00000110852.5,0.22,-0.05267628407534522,0.0863712404317216,False
ENSG00000139112.11,0.28,0.055169858442827076,0.027553200612647162,False
ENSG00000247157.7,0.29,,,False
ENSG00000111276.12,0.13,0.030677255956114206,0.09577397264677799,False
ENSG00000261324.2,0.2,-0.052517352098731596,0.03477998336173769,False
ENSG00000246705.5,0.12,-0.20203768075122727,0.082555426828376,False
ENSG00000111348.9,0.08,,,False
ENSG00000151491.14,0.15,0.018394269821202406,0.026622690930206035,False
ENSG00000008394.13,0.23,-0.025217867811669094,0.07145662733200445,False
ENSG00000118308.16,0.05,-0.16623759749263395,0.07898467346876274,False
ENSG00000123095.6,0.6,-0.14254629681264608,0.023804167061564598,True
ENSG00000123096.12,0.12,-0.013153929411189475,0.03299396592513433,False
ENSG00000139146.14,0.25,0.2606270495733444,0.08092286067759279,False
ENSG00000170456.16,0.22,-0.03670724442412302,0.04564810987480741,False
ENSG00000276900.1,0.18,,,False
ENSG00000276115.1,0.11,-0.027544900232923813,0.027269807973662286,False
ENSG00000057294.18,0.18,0.022171793804719894,0.03893365437122265,False
ENSG00000225342.2,0.33,-0.10511145418220867,0.07340206113202509,False
ENSG00000188906.17,0.15,0.08910848280366689,0.0755549577139596,False
ENSG00000134294.14,0.29,0.002232354476679445,0.07063925440327544,False
ENSG00000247774.9,0.19,-0.08745246647934525,0.10970238674339393,False
ENSG00000061273.18,0.28,-0.04062537918745899,0.01922296627657632,False
ENSG00000134291.12,0.24,,,False
ENSG00000139620.13,0.19,0.11074391771843668,0.021035436322882923,False
ENSG00000172602.11,0.1,0.0006721174587620224,0.018634369134204996,False
ENSG00000134285.11,0.07,0.2485476590226513,0.1038128533800472,False
ENSG00000123416.15,0.04,0.12755280205408387,0.0895073219060591,False
ENSG00000167552.15,0.16,0.036010257439525246,0.08976520061788656,False
ENSG00000167553.17,0.23,0.2676408568990478,0.03612998528699898,False
ENSG00000135451.13,0.07,0.021245766857881907,0.07980318186676283,False
ENSG00000123352.18,0.1,0.06948646653845035,0.04970288733294593,False
ENSG00000161791.14,0.39,-0.16230308467206,0.0442898102918892,False
ENSG00000161800.13,0.13,0.007807663742490218,0.0,False
ENSG00000050426.16,0.23,0.07618239708464389,0.05148163265793318,False
ENSG00000110934.13,0.2,0.06551105900872682,0.08913741849958197,False
ENSG00000123358.20,0.2,-0.027346412178376207,0.0,False
ENSG00000135480.17,0.05,0.06679993344305724,0.028171549421206022,False
ENSG00000012822.16,0.19,0.0022488390316284593,0.03462353910924397,False
ENSG00000291180.1,0.19,,,False
ENSG00000250742.6,0.4,,,False
ENSG00000170515.14,0.35,,,False
ENSG00000110944.9,0.24,,,False
ENSG00000170581.15,0.15,0.09425045536120084,0.0454025456897634,False
ENSG00000166886.13,0.37,-0.1770864286722035,0.039136225223038945,False
ENSG00000185633.11,0.23,-0.01914829762476485,0.04584364621724772,False
ENSG00000185482.8,0.23,-0.015885600579685837,0.031738971927217134,False
ENSG00000175197.13,0.17,0.04579764953832871,0.09485606807238918,False
ENSG00000135506.17,0.12,0.12413674821778953,0.1029751351844715,False
ENSG00000123427.17,0.14,0.08213192270437424,0.0,False
ENSG00000135677.11,0.21,,,False
ENSG00000255733.6,0.22,-0.03097122006298826,0.05844324163208822,False
ENSG00000251301.8,0.1,0.016366739227162266,0.0580531368841583,False
ENSG00000135679.27,0.33,0.2516826278420024,0.05093588871930596,False
ENSG00000258168.6,0.08,,,False
ENSG00000139291.14,0.15,-0.06196323880109776,0.045005686931228285,False
ENSG00000139278.10,0.33,0.10707200347557307,0.11027978200350486,False
ENSG00000139289.15,0.09,0.05762350901728947,0.02922816368528905,False
ENSG00000186908.15,0.14,,,False
ENSG00000111052.8,0.19,0.0002184584733127906,0.019135762783793055,False
ENSG00000139324.12,0.13,,,False
ENSG00000289384.2,0.11,,,False
ENSG00000070961.17,0.2,-0.06879358942940948,0.033110950331989374,False
ENSG00000271614.1,0.27,0.013128046938444103,0.056064934007809826,False
ENSG00000257242.9,0.16,-0.03617072429638408,0.016915834599881902,False
ENSG00000133639.6,0.22,-0.18699346490619662,0.04469000154217824,False
ENSG00000205056.9,0.26,0.05827719464618817,0.12393464624751455,False
ENSG00000187510.11,0.45,,,False
ENSG00000120833.14,0.23,-0.0646984324224159,0.049048235836657184,False
ENSG00000180263.14,0.14,-0.009765050032412927,0.01493194348094799,False
ENSG00000188596.11,0.15,-0.008971310768439676,0.03650321524118306,False
ENSG00000017427.17,0.18,0.08901873913813292,0.05421728216167779,False
ENSG00000139352.4,0.2,0.05169942912879918,0.02734925744236508,False
ENSG00000179088.16,0.17,0.058910967366941,0.017030407703959832,False
ENSG00000166598.16,0.04,0.22709889753907758,0.05349511676118401,False
ENSG00000288744.1,0.16,-0.010735421857947593,0.005253857645474745,False
ENSG00000136010.14,0.17,0.05530129784877552,0.02466026609259405,False
ENSG00000136051.15,0.07,0.09025974942659924,0.0,False
ENSG00000136044.12,0.19,,,False
ENSG00000235162.9,0.07,0.0815846162151,0.108867671274272,False
ENSG00000198855.7,0.37,-0.23181126155441956,0.05133274788480765,False
ENSG00000110876.10,0.18,0.05993299576564934,0.05533896441248872,False
ENSG00000076248.12,0.17,0.023390091489492556,0.05741045522910524,False
ENSG00000076513.17,0.16,-0.017360215404745888,0.0,False
ENSG00000122986.14,0.26,,,False
ENSG00000111275.13,0.21,-0.11367185861584835,0.07242568821703808,False
ENSG00000198270.13,0.24,,,False
ENSG00000089127.15,0.09,-0.0638804326543743,0.10009009551881827,False
ENSG00000111331.14,0.21,0.07166239379224902,0.07118145898718604,False
ENSG00000196668.4,0.12,0.07456286221240994,0.04788495762448671,False
ENSG00000088992.18,0.12,0.04554520477985377,0.034271804181648054,False
ENSG00000277283.2,0.21,-0.02180259657228348,0.01488301189359737,False
ENSG00000089159.17,0.22,,,False
ENSG00000170855.4,0.36,,,False
ENSG00000157782.10,0.25,0.02745012548675942,0.035659679868718104,False
ENSG00000135114.14,0.15,0.04264899405402503,0.045650643347856554,False
ENSG00000212694.8,0.18,0.005756094263153953,0.06748988985589885,False
ENSG00000139718.12,0.15,,,False
ENSG00000110987.9,0.52,0.09386906174150447,0.04003559909913476,False
ENSG00000175727.15,0.19,,,False
ENSG00000130779.22,0.18,,,False
ENSG00000139722.7,0.27,0.127895265434783,0.07431093876994774,False
ENSG00000111325.16,0.24,-0.12888691936744406,0.05080102145020151,False
ENSG00000183955.14,0.3,-0.11742102884792929,0.05672993833169522,False
ENSG00000256128.7,0.17,0.014168766988176113,0.021425912899730643,False
ENSG00000090615.16,0.32,0.1470470288451164,0.0,False
ENSG00000196458.11,0.13,,,False
ENSG00000256223.6,0.08,,,False
ENSG00000275964.2,0.16,,,False
ENSG00000121741.17,0.24,,,False
ENSG00000165475.15,0.08,-0.04340355780881152,0.040278017189192224,False
ENSG00000224429.10,0.14,,,False
ENSG00000165487.14,0.32,,,False
ENSG00000238121.7,0.18,,,False
ENSG00000189403.15,0.02,-0.11587865654813907,0.0,False
ENSG00000132965.10,0.14,-0.018676256063062564,0.07609859755951683,False
ENSG00000139597.18,0.17,,,False
ENSG00000288767.2,0.27,0.1593964790986889,0.07262900534948608,False
ENSG00000172915.20,0.42,-0.06927869088963758,0.04078989328396216,False
ENSG00000120699.14,0.1,,,False
ENSG00000120659.16,0.2,0.04725256049274466,0.05906224600485292,False
ENSG00000133106.15,0.45,-0.2682593753837418,0.07062485156473687,False
ENSG00000102804.16,0.19,-0.017880089206103355,0.022884701506757057,False
ENSG00000170919.16,0.2,0.08580579406989379,0.05768795302842534,False
ENSG00000235366.3,0.18,0.003943638458512366,0.07882333758648799,False
ENSG00000136167.15,0.08,-0.22279840726877734,0.14059415210969525,False
ENSG00000136156.15,0.19,0.019508528801317846,0.04876788821554291,False
ENSG00000139679.16,0.27,-0.07460152016081041,0.03650855618809375,False
ENSG00000136161.13,0.33,-0.02908784776912443,0.07531104792717509,False
ENSG00000102531.16,0.08,-0.019256210314917088,0.04171500096686688,False
ENSG00000136169.17,0.16,-0.0025498732840446114,0.04818578020864062,False
ENSG00000204977.10,0.28,0.11817807422042366,0.06548574053049257,False
ENSG00000102786.15,0.23,-0.24554767888273232,0.1198856739240333,False
ENSG00000278238.2,0.13,,,False
ENSG00000136108.15,0.27,0.1429064863313009,0.07364824111844329,False
ENSG00000118922.19,0.47,-0.19148356460416374,0.026543168650454137,False
ENSG00000136160.17,0.11,-0.002040594963303316,0.012665094618346615,False
ENSG00000102580.15,0.08,-0.14110764719268543,0.08297967541754935,False
ENSG00000125245.14,0.25,-0.049403045091204974,0.02422328910447203,False
ENSG00000169508.7,0.11,0.05300117571777391,0.05086150549406526,False
ENSG00000102524.12,0.37,0.14199312053181593,0.07287663224626853,False
ENSG00000289901.1,0.18,,,False
ENSG00000185950.9,0.27,,,False
ENSG00000213995.12,0.42,0.16845290379480388,0.019487979589507633,False
ENSG00000134905.17,0.21,,,False
ENSG00000153487.13,0.61,,,True
ENSG00000068650.19,0.33,,,False
ENSG00000126226.22,0.17,0.10658392196362249,0.0029195751321472612,False
ENSG00000185989.11,0.23,0.00993963161250668,0.0005894827550579374,False
ENSG00000214274.10,0.34,-0.08662934911812314,0.059028622936798524,False
ENSG00000258818.4,0.5,-0.08121949385143841,0.03396191145222037,False
ENSG00000169413.3,0.14,-0.11817422889741212,0.029484410976732073,False
ENSG00000277734.8,0.08,-0.013161043989021718,0.10224636822893884,False
ENSG00000155465.21,0.4,,,False
ENSG00000100918.14,0.29,0.14603391925682147,0.037363106613849645,False
ENSG00000100926.15,0.13,0.12647620739840618,0.08180947310083996,False
ENSG00000288820.2,0.13,,,False
ENSG00000157379.14,0.16,-0.22222006497802066,0.0,False
ENSG00000168952.16,0.17,-0.04090905722016784,0.023600002995892728,False
ENSG00000100473.18,0.17,-0.13717852879605721,0.06519151035547027,False
ENSG00000100906.12,0.07,-0.020994189713717564,0.10339361439970898,False
ENSG00000129534.14,0.1,,,False
ENSG00000165516.11,0.13,0.024419364758741298,0.0860353567526337,False
ENSG00000214900.13,0.57,0.23321264060384783,0.10302517169644196,False
ENSG00000139926.16,0.11,0.03639320966352308,0.03267055200396552,False
ENSG00000100526.21,0.1,-0.06782452764723475,0.10944070633666013,False
ENSG00000131981.16,0.09,-0.0897991050735462,0.10609363984263033,False
ENSG00000126787.13,0.1,-0.12978312839901537,0.058636259182605566,False
ENSG00000100557.10,0.31,-0.20512621021512964,0.06307080350682881,False
ENSG00000257621.9,0.17,,,False
ENSG00000032219.19,0.21,0.055058936101531786,0.0,False
ENSG00000100592.16,0.17,0.02429038004071447,0.05667925232166695,False
ENSG00000126790.12,0.2,,,False
ENSG00000258667.3,0.22,-0.0065625738009212195,0.0,False
ENSG00000054654.20,0.08,-0.06136494303966289,0.09020866041441727,False
ENSG00000140009.19,0.16,,,False
ENSG00000276116.2,0.11,,,False
ENSG00000185650.10,0.13,0.2552464670306566,0.10480500850168205,False
ENSG00000081177.19,0.2,,,False
ENSG00000165861.14,0.29,,,False
ENSG00000133961.21,0.33,-0.09281986940639575,0.11844900389700329,False
ENSG00000156030.14,0.21,0.1344637813141155,0.07007798316000775,False
ENSG00000170345.10,0.16,0.03337270183722849,0.022467606588974235,False
ENSG00000156127.8,0.14,0.058167281987279267,0.06035380435300209,False
ENSG00000071537.14,0.26,-0.19886335580615855,0.07716382246821193,False
ENSG00000100784.12,0.28,,,False
ENSG00000100599.16,0.09,0.266500207724169,0.058116490786651265,False
ENSG00000100600.15,0.31,0.35532888269211543,0.09850077588291822,False
ENSG00000012963.15,0.24,0.029710471124788015,0.031312366321054254,False
ENSG00000100628.12,0.04,0.026882764535368992,0.050164320238506664,False
ENSG00000165949.13,0.11,-0.0910093673224807,0.08339111697053962,False
ENSG00000197249.14,0.13,,,False
ENSG00000170054.16,0.22,-0.007432548969147165,0.02612712355698733,False
ENSG00000235706.9,0.11,,,False
ENSG00000258572.1,0.28,-0.1262275443488082,0.04731041466896361,False
ENSG00000187621.16,0.19,,,False
ENSG00000100721.11,0.13,0.1586641483710646,0.10554988162955496,False
ENSG00000260806.1,0.15,-0.02549731043566573,0.023711223487945514,False
ENSG00000289137.2,0.2,0.08946173926917088,0.013038728641796617,False
ENSG00000140105.18,0.16,0.177070974076018,0.07895257360380122,False
ENSG00000080824.19,0.16,0.33208552589863716,0.0,False
ENSG00000198752.11,0.21,,,False
ENSG00000185215.11,0.28,0.1204391491336485,0.027301822852396695,False
ENSG00000166165.14,0.18,-0.07908139639444454,0.07316555596017384,False
ENSG00000166428.14,0.12,-0.17404473152704814,0.06921457825088181,False
ENSG00000170779.11,0.43,-0.300246153580815,0.04122992401818683,False
ENSG00000213145.10,0.13,0.27842911896136385,0.10245564835706562,False
ENSG00000211890.4,0.13,0.006043864880023615,0.09971099899595648,False
ENSG00000211892.4,0.06,-0.008502314005640471,0.06200672477985985,False
ENSG00000211893.4,0.1,0.49574104576857425,0.10098147275502992,False
ENSG00000253755.1,0.04,-0.10621571061045172,0.04987424286757353,False
ENSG00000211896.7,0.02,0.07066457172797024,0.11533683684292943,False
ENSG00000211897.9,0.19,-0.24986391691635243,0.055449096976448224,False
ENSG00000211898.8,0.1,-0.1565137919941966,0.10272452288374938,False
ENSG00000226777.9,0.03,0.04282131593946472,0.17408603390556177,False
ENSG00000288730.1,0.04,0.038062421036678645,0.0,False
ENSG00000282639.1,0.17,-0.003975162046689293,0.07961602472079052,False
ENSG00000211950.2,0.09,-0.012514827196071637,0.010415332528590126,False
ENSG00000211956.2,0.24,0.004189099945929115,0.01570050941705057,False
ENSG00000224078.15,0.3,0.2888560421715968,0.0721400198346408,False
ENSG00000185115.6,0.23,-0.012915304152176491,0.13895129668145484,False
ENSG00000259772.8,0.29,0.26039177542420017,0.050590018693207166,False
ENSG00000169926.11,0.61,0.15920689216771616,0.051916268803675,True
ENSG00000137880.6,0.16,0.052845148905137605,0.11700604749267791,False
ENSG00000166145.15,0.2,,,False
ENSG00000104140.7,0.2,0.034811779938854245,0.03208643599953875,False
ENSG00000128965.13,0.55,0.18033916529848995,0.058391321165723716,False
ENSG00000137804.14,0.04,-0.008702631513025293,0.04466666864739787,False
ENSG00000137814.12,0.14,,,False
ENSG00000291053.1,0.3,,,False
ENSG00000167004.14,0.06,-0.19496591061982674,0.0855561222816042,False
ENSG00000179523.7,0.1,,,False
ENSG00000229474.8,0.21,0.014237433968201487,0.03139613387003948,False
ENSG00000140279.13,0.26,,,False
ENSG00000104154.7,0.15,,,False
ENSG00000128951.14,0.27,0.3022544225273034,0.08084182888967811,False
ENSG00000047346.13,0.06,0.014060089771531023,0.03439236555051463,False
ENSG00000260916.8,0.29,-0.1311349840104095,0.055871189897028196,False
ENSG00000261652.3,0.14,0.04742158471813072,0.020316058631359796,False
ENSG00000069869.17,0.12,,,False
ENSG00000151575.15,0.39,0.11800295357336633,0.07299832158168114,False
ENSG00000247982.7,0.21,0.08923429299745107,0.06165878204250425,False
ENSG00000157456.8,0.1,0.2031727815301917,0.059541427205106044,False
ENSG00000069667.16,0.31,0.049067213294102324,0.029238514852112398,False
ENSG00000103642.12,0.22,-0.09498416452574636,0.03686466729270034,False
ENSG00000138613.14,0.21,-0.08089953269628485,0.04739670730372506,False
ENSG00000157734.14,0.48,-0.24810883517061472,0.04879250502657061,False
ENSG00000166794.6,0.05,-0.01002561445245265,0.0,False
ENSG00000166803.14,0.06,0.15316441691839225,0.14414225560233848,False
ENSG00000166831.9,0.33,0.07792791442587237,0.06739413312222044,False
ENSG00000140451.13,0.24,-0.07900325691861128,0.06019970853092298,False
ENSG00000033800.14,0.26,,,False
ENSG00000129007.16,0.19,0.0018174427323067281,0.018415291026384478,False
ENSG00000067225.21,0.03,,,False
ENSG00000138623.10,0.18,-0.24634082159928153,0.05215396082083352,False
ENSG00000178761.15,0.24,-0.061265590489984284,0.07372563062882875,False
ENSG00000138621.12,0.39,0.23961344466499254,0.09816726813748006,False
ENSG00000103811.18,0.1,-0.1568611108877935,0.13659907735362228,False
ENSG00000140379.9,0.09,-0.11202212367117154,0.05651038994783913,False
ENSG00000172349.19,0.34,0.049290357611455164,0.08686736627049886,False
ENSG00000278662.6,0.4,,,False
ENSG00000291159.1,0.24,,,False
ENSG00000291212.1,0.23,,,False
ENSG00000183655.13,0.14,,,False
ENSG00000289128.1,0.26,0.039558033810938,0.015592126350551534,False
ENSG00000140564.13,0.33,0.06550518810091063,0.00968313248529653,False
ENSG00000198901.14,0.15,-0.07197035430136449,0.06091197486775479,False
ENSG00000140563.16,0.13,,,False
ENSG00000183060.16,0.16,,,False
ENSG00000259583.4,0.19,-0.0245947546853327,0.01978733317786628,False
ENSG00000131871.15,0.09,0.05210003140461591,0.025958064127675623,False
ENSG00000161981.11,0.09,,,False
ENSG00000129925.11,0.26,,,False
ENSG00000103202.13,0.4,0.19794234350579354,0.06265830754830326,False
ENSG00000127580.17,0.23,,,False
ENSG00000090581.11,0.18,0.00010825252313895976,0.03702057055925838,False
ENSG00000059145.19,0.12,,,False
ENSG00000007545.16,0.19,-0.029419763659749982,0.016198452781894808,False
ENSG00000138834.15,0.2,,,False
ENSG00000063854.13,0.12,-0.05850437326787461,0.03640162422478488,False
ENSG00000260260.3,0.28,0.14856728850657414,0.03906208939690127,False
ENSG00000260565.9,0.13,,,False
ENSG00000008517.19,0.1,0.04725494872370455,0.13767864494190818,False
ENSG00000261889.1,0.15,0.028848007608052378,0.021084721527974734,False
ENSG00000213918.11,0.11,,,False
ENSG00000262246.6,0.13,,,False
ENSG00000153048.11,0.12,0.13403594156608806,0.04401180240233364,False
ENSG00000166669.14,0.22,0.19455059384172071,0.12251314753293087,False
ENSG00000166676.17,0.25,-0.03782864958533346,0.027443511544507283,False
ENSG00000179583.21,0.18,-0.009331675014683842,0.08068890913153864,False
ENSG00000184602.6,0.16,0.021434406663104814,0.029772491881493262,False
ENSG00000153066.13,0.03,-0.05056491568931201,0.07882825711165851,False
ENSG00000048462.11,0.41,-0.1911949361524443,0.07783150418024201,False
ENSG00000048471.14,0.13,0.06522798671692447,0.022417310207948748,False
ENSG00000262454.4,0.18,0.10083135613835577,0.08892377660227545,False
ENSG00000140694.18,0.28,0.12890840370859605,0.0,False
ENSG00000170540.15,0.18,0.19817752769654243,0.0903126106162066,False
ENSG00000205730.7,0.32,,,False
ENSG00000188215.10,0.23,0.0032792007274647385,0.022020204477965745,False
ENSG00000103316.12,0.17,-0.011551065227024001,0.018763249139108443,False
ENSG00000274460.2,0.15,,,False
ENSG00000166851.15,0.05,-0.017652518286042234,0.08479267770626728,False
ENSG00000275494.2,0.15,,,False
ENSG00000184110.15,0.16,,,False
ENSG00000290680.1,0.25,0.11392037218581048,0.04069613507490089,False
ENSG00000185905.4,0.28,0.1394301051349538,0.029959310565967325,False
ENSG00000238045.9,0.12,,,False
ENSG00000090238.12,0.17,0.05784314583364308,0.08615322784142726,False
ENSG00000179918.19,0.5,-0.30302233146007446,0.10303940273211629,False
ENSG00000005844.19,0.16,0.052658414383641126,0.022249034447692984,False
ENSG00000175938.7,0.22,0.13581231817087455,0.06055754322020874,False
ENSG00000103490.14,0.14,0.1926065390294291,0.06550832885515584,False
ENSG00000261359.2,0.11,,,False
ENSG00000140682.19,0.16,0.03805865908782857,0.0,False
ENSG00000185947.15,0.21,-0.05769050111990366,0.04538753200754172,False
ENSG00000091651.9,0.24,0.14897356523430438,0.02439428218133599,False
ENSG00000166123.14,0.18,-0.024434035195059618,0.03309650427649874,False
ENSG00000069345.12,0.33,,,False
ENSG00000260621.1,0.12,,,False
ENSG00000125148.7,0.34,0.24445026163687156,0.06771616422284031,False
ENSG00000169715.15,0.4,0.1346884537453206,0.07374392696266971,False
ENSG00000198417.7,0.14,-0.01678003998284864,0.05199397578113453,False
ENSG00000051108.15,0.15,-0.22002215898303149,0.12499244109651843,False
ENSG00000087237.12,0.14,,,False
ENSG00000102962.5,0.19,-0.14262256069630472,0.04088567455939971,False
ENSG00000102970.11,0.11,0.010839998410316487,0.02883537028607225,False
ENSG00000217555.13,0.16,-0.04589687224217767,0.06380951088701034,False
ENSG00000172824.17,0.22,-0.023181036938437094,0.030300251745236664,False
ENSG00000135722.9,0.09,-0.04675878219230863,0.048623574884791895,False
ENSG00000261386.2,0.23,,,False
ENSG00000159761.15,0.12,-0.03708748080318856,0.022000253848868653,False
ENSG00000102908.23,0.19,,,False
ENSG00000181019.13,0.15,0.19080918147393502,0.0754243766896859,False
ENSG00000167377.19,0.36,,,False
ENSG00000102984.15,0.11,,,False
ENSG00000090863.12,0.11,,,False
ENSG00000103111.15,0.29,,,False
ENSG00000205078.6,0.22,-0.06884593711610155,0.01899320650302827,False
ENSG00000103187.8,0.47,0.2704414005296862,0.09940427950592826,False
ENSG00000103194.16,0.36,,,False
ENSG00000135709.14,0.4,,,False
ENSG00000131153.9,0.07,0.11418302827741533,0.053646208330842805,False
ENSG00000154102.11,0.09,,,False
ENSG00000140968.12,0.36,-0.40151062016095596,0.07855464788591719,False
ENSG00000268804.2,0.31,-0.02670922897724893,0.04882581879204271,False
ENSG00000140941.14,0.14,,,False
ENSG00000176715.17,0.21,-0.1951324135381505,0.03038873689435021,False
ENSG00000258947.8,0.36,-0.0069719388367854695,0.01681547633233055,False
ENSG00000167703.15,0.34,-0.1348573148545165,0.07262145529628249,False
ENSG00000186594.16,0.18,0.009965661596667917,0.03127283788852551,False
ENSG00000177374.13,0.15,-0.03579364577402483,0.009550509666224633,False
ENSG00000040531.16,0.18,-0.0245359297498916,0.0,False
ENSG00000083454.23,0.52,0.13228242976957838,0.05136928365445568,False
ENSG00000108405.4,0.18,-0.020629837431203498,0.024389690752873432,False
ENSG00000167740.10,0.18,-0.133164703309827,0.0,False
ENSG00000161929.15,0.1,0.07638753725618229,0.05449397734130828,False
ENSG00000132530.17,0.2,-0.06669692865552444,0.052256335564393255,False
ENSG00000174282.12,0.13,,,False
ENSG00000129226.14,0.21,0.056198685075604674,0.044972612998951896,False
ENSG00000132510.11,0.14,0.0702737051744987,0.04468097657483676,False
ENSG00000178999.13,0.05,-0.16370321729115997,0.0550563949070024,False
ENSG00000178977.4,0.09,-0.0182164797950993,0.02532248586445207,False
ENSG00000276231.5,0.25,0.09356601587789427,0.0831943678349568,False
ENSG00000007237.19,0.19,0.09140040493553249,0.06530188530691661,False
ENSG00000239704.12,0.21,-0.0004317470784768691,0.020851429183584725,False
ENSG00000170160.19,0.2,,,False
ENSG00000230709.1,0.16,0.11719886461765057,0.05288254471558112,False
ENSG00000262202.4,0.12,,,False
ENSG00000108641.20,0.24,-0.1100155468095555,0.047113982159856065,False
ENSG00000291194.1,0.12,,,False
ENSG00000109046.15,0.21,-0.0670465383785127,0.12106853532534723,False
ENSG00000109107.14,0.19,0.042063184377094755,0.08921533124037935,False
ENSG00000160606.11,0.16,0.023678783381783034,0.042640400670019764,False
ENSG00000076604.16,0.25,-0.03733307944738678,0.08846026943117673,False
ENSG00000132589.16,0.25,0.01866537574869065,0.09671943619106614,False
ENSG00000063015.21,0.13,0.039672383395066506,0.025973142594415348,False
ENSG00000168792.5,0.19,,,False
ENSG00000167543.16,0.11,,,False
ENSG00000265739.1,0.18,,,False
ENSG00000108576.10,0.27,0.015572233687587748,0.0080803191573728,False
ENSG00000184060.11,0.21,0.013199969837332026,0.057271764733790975,False
ENSG00000185862.7,0.65,-0.41556618630620035,0.0882552208646024,True
ENSG00000126860.12,0.08,0.004038984771007108,0.04961612365882778,False
ENSG00000131242.18,0.2,0.052499697527670884,0.0,False
ENSG00000108702.4,0.09,-0.037998228652531274,0.05481681485139132,False
ENSG00000166750.10,0.24,-0.017993385707717423,0.05132970178565621,False
ENSG00000205045.12,0.23,0.004767066709365719,0.04448857126442592,False
ENSG00000271503.7,0.49,0.26810884863695245,0.06735576866163273,False
ENSG00000277632.2,0.21,-0.10855055631849801,0.11868263961902095,False
ENSG00000275302.2,0.15,0.2604764282892435,0.10557042403076194,False
ENSG00000276085.1,0.45,0.21820151827295955,0.10900198350092707,False
ENSG00000276070.5,0.12,-0.12643753928758103,0.058368852813894694,False
ENSG00000276023.5,0.17,-0.061100493213810815,0.0635398046969089,False
ENSG00000275410.6,0.26,-0.15926307669852735,0.0409541892807236,False
ENSG00000277258.5,0.13,0.0797689730004134,0.02805664633635858,False
ENSG00000171532.5,0.42,,,False
ENSG00000126351.13,0.16,-0.06240044632004367,0.01817034152321634,False
ENSG00000094804.12,0.24,-0.038125155157562395,0.08836623222608396,False
ENSG00000131747.15,0.01,0.12383565191085814,0.059399147460993576,False
ENSG00000126353.3,0.11,-0.13184114850546638,0.061427746686066334,False
ENSG00000173801.17,0.22,0.06824647804627447,0.030072723952453282,False
ENSG00000126561.18,0.17,-0.05898837342209456,0.04578574982581415,False
ENSG00000033627.18,0.22,,,False
ENSG00000131470.15,0.12,0.10852025469329867,0.08113685053948,False
ENSG00000184451.5,0.26,-0.14009746366646972,0.04423932536132311,False
ENSG00000282199.1,0.26,-0.04282304547140135,0.0,False
ENSG00000168591.16,0.19,-0.0007281046777016521,0.0,False
ENSG00000030582.19,0.11,-0.058482836831245465,0.033638598417917207,False
ENSG00000224505.4,0.33,,,False
ENSG00000267278.6,0.14,,,False
ENSG00000185829.19,0.17,-7.814251376353151e-05,0.041868793350468364,False
ENSG00000002919.15,0.22,0.29370856444299825,0.015385348753350066,False
ENSG00000173917.11,0.18,0.057857594486534894,0.01761827835996669,False
ENSG00000230148.8,0.15,0.07388584541079389,0.009616710014068039,False
ENSG00000260027.5,0.2,-0.12937665368518914,0.018210993808280607,False
ENSG00000108798.9,0.37,0.19745732227294224,0.09197764234272203,False
ENSG00000121073.15,0.12,,,False
ENSG00000005882.12,0.12,,,False
ENSG00000262967.1,0.15,-0.06144879753707,0.01462796908502544,False
ENSG00000239672.8,0.23,,,False
ENSG00000274213.2,0.12,0.020882739057358837,0.01911693289000204,False
ENSG00000121064.13,0.17,0.15740881813377774,0.0,False
ENSG00000263004.3,0.28,0.07767303646501264,0.030898579930971646,False
ENSG00000153944.12,0.22,0.11939896650014108,0.0619316664716636,False
ENSG00000265206.6,0.28,-0.13622031241370983,0.12814403715158487,False
ENSG00000068489.13,0.12,-0.057647554683645054,0.08906604037523831,False
ENSG00000175155.11,0.24,,,False
ENSG00000141376.24,0.16,0.030821633176848412,0.031766534029895016,False
ENSG00000007312.14,0.2,-0.013461122310898284,0.13756183237037992,False
ENSG00000108622.11,0.09,0.09745845458765962,0.0865619836826115,False
ENSG00000178607.17,0.12,0.012601569249829853,0.06129341845009834,False
ENSG00000108370.17,0.4,-0.15721293671533074,0.051134677480590994,False
ENSG00000154217.16,0.18,-0.001609610780613644,0.018591303272233132,False
ENSG00000182481.10,0.13,0.3513754074071258,0.11988405292488796,False
ENSG00000291214.1,0.2,0.08289614845474585,0.050479479803722006,False
ENSG00000070540.13,0.1,-0.012194043322987102,0.09119050355713669,False
ENSG00000154262.13,0.13,-0.04992308847226414,0.062103305341374926,False
ENSG00000154265.16,0.18,,,False
ENSG00000108984.16,0.26,0.0006583559466588795,0.0,False
ENSG00000256124.6,0.21,0.05537313965052379,0.0,False
ENSG00000227036.10,0.08,0.019380398054215323,0.030186450631554985,False
ENSG00000180616.9,0.12,0.09140459924594535,0.05312038926510387,False
ENSG00000167851.15,0.17,0.025009230256792515,0.10512273155602303,False
ENSG00000161513.12,0.36,0.20914398226999553,0.09087219062140511,False
ENSG00000189159.16,0.13,-0.20381341169264272,0.0,False
ENSG00000129667.13,0.16,-0.053205698837727515,0.04560271001286784,False
ENSG00000129657.16,0.28,0.12320830302398678,0.04322783519724496,False
ENSG00000187997.12,0.58,0.11542496439830979,0.01946855254752655,False
ENSG00000108639.8,0.03,-0.023934448358253993,0.04192960518862976,False
ENSG00000167900.12,0.2,0.14683980068725522,0.11367330430833797,False
ENSG00000089685.15,0.12,0.07370632628015783,0.09680933325357925,False
ENSG00000184557.4,0.11,,,False
ENSG00000267123.7,0.17,,,False
ENSG00000108679.13,0.17,-0.03677238961881233,0.0,False
ENSG00000167280.17,0.39,,,False
ENSG00000141543.12,0.12,-0.09002086934557661,0.07122313863479335,False
ENSG00000181523.13,0.17,-0.005371044113106643,0.04045272429461289,False
ENSG00000173821.20,0.12,,,False
ENSG00000175866.16,0.1,,,False
ENSG00000289182.1,0.07,,,False
ENSG00000183048.12,0.25,,,False
ENSG00000182676.5,0.14,,,False
ENSG00000185624.16,0.08,0.22261094609771523,0.14968163504009527,False
ENSG00000183010.17,0.16,-0.038586557204233,0.03303338951230618,False
ENSG00000141526.18,0.13,-0.006310701334138358,0.09972313122842555,False
ENSG00000141562.19,0.22,-0.05904122560153313,0.08379194489851187,False
ENSG00000141556.22,0.27,,,False
ENSG00000175711.9,0.38,,,False
ENSG00000176890.16,0.11,0.10563765129878805,0.11547305432806025,False
ENSG00000176105.14,0.13,,,False
ENSG00000080986.13,0.26,-0.04530362757250286,0.042088660432672065,False
ENSG00000101596.17,0.13,-0.15999223047201358,0.03004363392072249,False
ENSG00000264575.1,0.17,-0.034521535562461715,0.020394035677428934,False
ENSG00000168461.13,0.17,-0.04426794835642186,0.04669057280706333,False
ENSG00000154864.14,0.22,-0.008155789467768125,0.02686891592600777,False
ENSG00000176014.13,0.24,-0.014903984229357655,0.037408283593386424,False
ENSG00000168675.19,0.26,0.14767362794891808,0.06442663236914888,False
ENSG00000290461.1,0.24,-0.06182204078063421,0.030500099062867204,False
ENSG00000154065.17,0.23,,,False
ENSG00000141384.13,0.11,,,False
ENSG00000134775.16,0.27,,,False
ENSG00000101665.10,0.19,-0.0009842258139801153,0.0162385566206541,False
ENSG00000141646.16,0.48,,,False
ENSG00000166562.9,0.14,0.25286703064583116,0.10485464171069124,False
ENSG00000074695.6,0.17,0.11399409456803766,0.057408110708961,False
ENSG00000141682.12,0.06,0.22356065786956517,0.1181928801362024,False
ENSG00000171791.14,0.21,-0.221751960541037,0.10369776992465857,False
ENSG00000267390.3,0.35,,,False
ENSG00000221887.6,0.34,0.20464104156906507,0.06681587010345245,False
ENSG00000150637.9,0.17,0.14757846514722306,0.05025884260320335,False
ENSG00000176225.15,0.18,0.0020848159581246047,0.026299333004031675,False
ENSG00000130856.18,0.22,,,False
ENSG00000131196.18,0.11,0.03549641039420041,0.05790731326910894,False
ENSG00000060069.18,0.09,,,False
ENSG00000226742.4,0.18,-0.021213257271625763,0.039007026387850266,False
ENSG00000105556.12,0.1,-0.15573959442846602,0.06798542013974877,False
ENSG00000116017.11,0.25,-0.005141447299401857,0.0,False
ENSG00000064687.13,0.19,,,False
ENSG00000118046.17,0.19,-0.068063740877714,0.04648341594629123,False
ENSG00000130005.13,0.17,-0.12600412232565503,0.09778124270371558,False
ENSG00000261526.3,0.12,-0.03820671452743044,0.02480767682986128,False
ENSG00000099875.16,0.56,0.47502672059897394,0.13909859999609844,False
ENSG00000099840.14,0.14,0.024039152910015543,0.09136116054177061,False
ENSG00000167476.10,0.15,0.01021690232675835,0.04518793629952095,False
ENSG00000099860.9,0.18,0.0056953205203502276,0.05025083330432967,False
ENSG00000176533.13,0.24,-0.23892674817215676,0.08774179526645161,False
ENSG00000267412.1,0.28,,,False
ENSG00000171970.14,0.3,,,False
ENSG00000088256.9,0.13,,,False
ENSG00000060558.4,0.17,-0.097511458491241,0.03239826021969103,False
ENSG00000125910.6,0.13,,,False
ENSG00000105246.6,0.22,0.14690281044709064,0.12920934573282816,False
ENSG00000167670.16,0.15,-0.055693023929005624,0.0965921413916423,False
ENSG00000167671.12,0.2,0.09061036462780171,0.0,False
ENSG00000267011.5,0.1,,,False
ENSG00000171236.10,0.2,-0.02002827817820541,0.0,False
ENSG00000074842.8,0.03,0.14462692849868866,0.04008410104217751,False
ENSG00000125726.11,0.05,-0.08972744036249485,0.04579425810176646,False
ENSG00000125735.11,0.19,0.0077009630938835545,0.04063127879562537,False
ENSG00000125733.18,0.1,-0.013750236843978178,0.09245997701324578,False
ENSG00000171105.14,0.23,0.0095364717377495,0.038601941205534306,False
ENSG00000104921.15,0.34,0.2249217422126697,0.07118797310796626,False
ENSG00000142347.19,0.1,,,False
ENSG00000196110.8,0.13,,,False
ENSG00000130810.20,0.12,,,False
ENSG00000244165.2,0.11,0.07082966356763336,0.0594942239702063,False
ENSG00000130816.17,0.11,,,False
ENSG00000267534.4,0.13,-0.01866291299350444,0.03231641298941876,False
ENSG00000090339.9,0.13,-0.05454360617748267,0.04442882599527193,False
ENSG00000105371.10,0.46,-0.03841498679708189,0.03331967889274595,False
ENSG00000267100.2,0.2,,,False
ENSG00000214212.9,0.13,-0.15665484947398567,0.08453203782549937,False
ENSG00000198551.10,0.1,,,False
ENSG00000102575.14,0.11,-0.0633403863982785,0.0625796433055873,False
ENSG00000197647.13,0.28,,,False
ENSG00000223547.10,0.09,,,False
ENSG00000180855.16,0.17,-0.025440864169954013,0.03757931989175083,False
ENSG00000095066.12,0.19,,,False
ENSG00000171223.6,0.23,-0.14402472414789977,0.08324022407331175,False
ENSG00000179218.15,0.07,0.1577989353265765,0.0,False
ENSG00000267458.1,0.16,0.04062822133545277,0.02964231826907376,False
ENSG00000160888.7,0.3,-0.22760838772843686,0.07107358812652537,False
ENSG00000267519.6,0.07,0.07444136301139677,0.02618352134274543,False
ENSG00000104998.4,0.26,-0.1485801183825238,0.05615241161879833,False
ENSG00000105011.9,0.21,-0.14514766370283683,0.04444749855314589,False
ENSG00000123146.20,0.19,-0.022539466847721668,0.04660768984322757,False
ENSG00000167460.17,0.12,0.005950828223963774,0.05610534665963988,False
ENSG00000127528.6,0.16,,,False
ENSG00000072954.7,0.16,-0.17128020465331203,0.0,False
ENSG00000127533.4,0.07,,,False
ENSG00000099330.9,0.21,,,False
ENSG00000282851.2,0.31,-0.10627560311209854,0.05221516607668709,False
ENSG00000269439.7,0.12,,,False
ENSG00000105647.19,0.17,,,False
ENSG00000216490.4,0.05,0.27388175476454185,0.13132256531076847,False
ENSG00000130513.7,0.1,0.041364831391457794,0.02907601873254026,False
ENSG00000130511.16,0.23,-0.04130628256451716,0.07060290179064142,False
ENSG00000213999.17,0.17,0.09812376134466382,0.12140547788178983,False
ENSG00000105708.9,0.12,,,False
ENSG00000160229.13,0.4,,,False
ENSG00000178904.19,0.19,,,False
ENSG00000131941.8,0.07,,,False
ENSG00000166398.14,0.23,0.002014364610055105,0.008356425910985944,False
ENSG00000012124.17,0.33,-0.1366790239134772,0.1035666071058576,False
ENSG00000126266.4,0.21,0.02173149641937493,0.0,False
ENSG00000161249.21,0.1,-0.08828588039041102,0.01776139763359052,False
ENSG00000105672.15,0.31,0.043538485188,0.0278667012134421,False
ENSG00000011590.14,0.22,0.06688659275538819,0.1344789976812696,False
ENSG00000126246.10,0.1,0.23883611501204896,0.100325012615709,False
ENSG00000167604.15,0.15,-0.011977764033308315,0.040864947219560306,False
ENSG00000126264.10,0.09,-0.11559893788162907,0.07280405010567992,False
ENSG00000188283.12,0.14,,,False
ENSG00000167642.13,0.15,-0.06589430021688286,0.043121839418301076,False
ENSG00000099337.5,0.28,-0.024789059954792303,0.08852110633577635,False
ENSG00000128016.7,0.11,0.037253887956708066,0.14082631894468345,False
ENSG00000291086.1,0.24,0.10954512712030444,0.08061977316779005,False
ENSG00000006659.13,0.22,0.11285826990449806,0.07287934701404485,False
ENSG00000105223.21,0.16,0.22553971867667846,0.06512361274965348,False
ENSG00000197019.5,0.18,0.008875770828840458,0.06973067708695982,False
ENSG00000289298.2,0.16,0.08592869930404319,0.04735203367654045,False
ENSG00000270164.3,0.3,0.2925083593181291,0.17226014651449442,False
ENSG00000268027.5,0.18,0.10381940740761796,0.08558648318324935,False
ENSG00000007129.18,0.34,0.04898532868843494,0.054404326470810685,False
ENSG00000105369.10,0.29,-0.19237498701828712,0.07664903064146476,False
ENSG00000105404.11,0.1,0.1058447251897322,0.1239871237703522,False
ENSG00000105409.19,0.08,,,False
ENSG00000028277.22,0.2,-0.26307827681981116,0.07290805844246515,False
ENSG00000176531.11,0.27,,,False
ENSG00000105755.8,0.11,0.11210694455882687,0.05160293319630156,False
ENSG00000234465.11,0.18,,,False
ENSG00000011422.12,0.36,-0.0557105893091649,0.04799634584060105,False
ENSG00000104783.15,0.25,-0.0700540062870464,0.06107592671250753,False
ENSG00000204920.11,0.14,,,False
ENSG00000267680.6,0.1,,,False
ENSG00000263002.8,0.17,,,False
ENSG00000130208.10,0.26,0.06796870814786639,0.006190250838531772,False
ENSG00000104856.15,0.4,-0.20283581350813096,0.03521049979075328,False
ENSG00000170684.10,0.23,-0.12700883776044977,0.05885775171597564,False
ENSG00000125740.15,0.18,,,False
ENSG00000125744.12,0.29,0.09079641957193356,0.01944346327802309,False
ENSG00000267757.4,0.14,0.1492534210285182,0.06705002922976168,False
ENSG00000010310.9,0.11,,,False
ENSG00000160013.9,0.13,0.05375003940597076,0.028667759918007733,False
ENSG00000167414.5,0.14,-0.047050713403940875,0.03698652721234875,False
ENSG00000105281.12,0.14,0.04116935584084817,0.053166337288429635,False
ENSG00000105327.18,0.15,0.061468911270292304,0.050806744554235,False
ENSG00000268061.6,0.25,,,False
ENSG00000185453.13,0.1,0.05156562193492078,0.047686225428883074,False
ENSG00000142227.11,0.24,0.1013773736126244,0.04723627606934242,False
ENSG00000087074.9,0.14,-0.13196580355963383,0.08782049933089098,False
ENSG00000104894.12,0.09,0.2576809350480265,0.05860592879493611,False
ENSG00000104870.13,0.16,,,False
ENSG00000104946.14,0.19,-0.018336024817956913,0.0,False
ENSG00000104951.16,0.28,0.2812647005000682,0.11176316291046974,False
ENSG00000169136.13,0.15,-0.0013219011708431201,0.08789285043741453,False
ENSG00000287001.3,0.29,0.0639815143577863,0.013667713492528134,False
ENSG00000291230.1,0.11,-0.009853805765682289,0.0848811409707832,False
ENSG00000131400.9,0.24,0.16454517383149772,0.07044473184724195,False
ENSG00000269404.7,0.28,-0.2262440567414009,0.08500351547412942,False
ENSG00000167748.11,0.15,0.27580632460627436,0.04194398446101102,False
ENSG00000105374.10,0.22,-0.014402045765911939,0.021398423369832643,False
ENSG00000256683.7,0.17,0.0405470132690002,0.040408268532923834,False
ENSG00000221923.9,0.53,0.05564867616265993,0.06130864105471811,False
ENSG00000167562.14,0.13,,,False
ENSG00000167766.21,0.14,-0.019188280269780263,0.03914265455396057,False
ENSG00000204604.13,0.12,,,False
ENSG00000179820.16,0.17,,,False
ENSG00000105617.4,0.19,,,False
ENSG00000104972.16,0.39,0.11059552742951455,0.05071224618968983,False
ENSG00000167634.12,0.42,0.08520561227838463,0.05088918373225231,False
ENSG00000108106.14,0.28,0.3349186780544628,0.06933686790565674,False
ENSG00000063241.8,0.04,0.05261079782028349,0.07509760848943059,False
ENSG00000171425.10,0.35,0.3892939497590724,0.1613186635969785,False
ENSG00000204524.7,0.2,,,False
ENSG00000197714.9,0.11,,,False
ENSG00000288899.1,0.15,-0.008569595592912113,0.031219277523320453,False
ENSG00000251369.10,0.16,0.003451757376576943,0.04286322229742421,False
ENSG00000171649.12,0.16,,,False
ENSG00000183647.11,0.34,,,False
ENSG00000121410.12,0.19,0.08109349121629499,0.06564468188064175,False
ENSG00000035115.22,0.26,0.008152891046806504,0.07462148381419449,False
ENSG00000134326.12,0.21,0.0955093601962422,0.044033506942444775,False
ENSG00000134321.13,0.13,0.01105096936097292,0.05682778466136886,False
ENSG00000235576.3,0.02,,,False
ENSG00000115738.10,0.14,0.08021645692185143,0.09259808984538861,False
ENSG00000134313.17,0.21,,,False
ENSG00000151694.15,0.19,0.06718919472725186,0.06093500099366991,False
ENSG00000171848.16,0.07,0.16969698951243217,0.0691257443166587,False
ENSG00000115756.13,0.41,0.14758252077760037,0.04968719698811779,False
ENSG00000143870.13,0.1,-0.21311479102727207,0.08048297414369623,False
ENSG00000162976.13,0.13,0.011620297388532213,0.05597018691696756,False
ENSG00000134324.12,0.14,-0.03937663138118454,0.08378775843808291,False
ENSG00000224184.7,0.18,-0.08170826941319959,0.024689767981909198,False
ENSG00000115884.11,0.2,0.05106653177986283,0.038984728254906294,False
ENSG00000143878.10,0.2,0.00586421591955522,0.006151003150333054,False
ENSG00000115129.14,0.16,0.056725970147779435,0.07290215808128359,False
ENSG00000115138.11,0.07,-0.018353551971450364,0.05174256398237414,False
ENSG00000115163.15,0.16,0.005229515953982258,0.07614875256460579,False
ENSG00000213639.11,0.18,0.12304576384797501,0.0,False
ENSG00000119801.13,0.33,-0.2199259957758466,0.10809352903632645,False
ENSG00000213626.13,0.53,-0.10298643528566216,0.04771416322759363,False
ENSG00000152689.18,0.16,-0.08282293550144618,0.09772708747591474,False
ENSG00000228262.11,0.1,-0.03986279172962518,0.03074189557169633,False
ENSG00000150938.10,0.19,-0.034565163339348635,0.017749539760185142,False
ENSG00000138061.12,0.24,0.02323706441355576,0.033957460866705265,False
ENSG00000115875.19,0.06,-0.14463956193374825,0.11915508743867578,False
ENSG00000152518.8,0.1,0.03154817534997044,0.04003720799651513,False
ENSG00000119729.12,0.44,0.2259099748730311,0.09535686993519005,False
ENSG00000116062.19,0.21,-0.044530569236540855,0.069510494691065,False
ENSG00000068912.15,0.3,-0.3190835753662821,0.09284199970644838,False
ENSG00000115355.18,0.13,0.29336615590458975,0.07448071627340798,False
ENSG00000119866.22,0.22,0.006638365051254957,0.030021588832514306,False
ENSG00000162924.16,0.13,-0.08211928832968655,0.07910103707556394,False
ENSG00000170340.11,0.45,0.2800348412596039,0.12474632894947714,False
ENSG00000225889.10,0.17,-0.03675548223078929,0.0434555707017599,False
ENSG00000260101.2,0.19,0.08754252273939155,0.04519912077273495,False
ENSG00000237638.3,0.18,,,False
ENSG00000115902.11,0.16,,,False
ENSG00000232613.7,0.16,-0.03741924536559365,0.014288360976829971,False
ENSG00000115956.10,0.11,0.18200126680834008,0.10917605420711149,False
ENSG00000115977.21,0.39,-0.11357333550370911,0.04942301446718038,False
ENSG00000196975.16,0.31,-0.1513120451736107,0.09678317776154387,False
ENSG00000059728.11,0.15,,,False
ENSG00000116005.12,0.25,,,False
ENSG00000124370.11,0.18,0.015954690807552952,0.06095052711619004,False
ENSG00000124374.9,0.23,0.076079563555824,0.05170365536531284,False
ENSG00000135638.14,0.13,-0.06569914755380248,0.023936007971771228,False
ENSG00000144048.11,0.47,-0.14151145833063325,0.07721985696052064,False
ENSG00000065911.13,0.1,-0.10437154507870819,0.07251280378504622,False
ENSG00000042493.16,0.33,0.14333364566600806,0.0709789786212141,False
ENSG00000286532.2,0.12,,,False
ENSG00000115525.18,0.14,-0.005199508510795035,0.04010217198916844,False
ENSG00000239305.7,0.19,0.0483552524871352,0.04217211288975431,False
ENSG00000222041.13,0.16,0.02545339221368829,0.04830706565394168,False
ENSG00000172071.15,0.23,,,False
ENSG00000291127.1,0.12,0.01763125020545042,0.024553416747948496,False
ENSG00000290104.1,0.14,-0.03683479070189548,0.028841792161801386,False
ENSG00000211598.2,0.13,0.0693313442971701,0.04261782998873195,False
ENSG00000244437.1,0.22,,,False
ENSG00000239951.1,0.15,,,False
ENSG00000291142.1,0.2,,,False
ENSG00000172005.11,0.17,0.04491570493757822,0.04957936845328277,False
ENSG00000275111.5,0.25,,,False
ENSG00000291126.1,0.34,,,False
ENSG00000174501.15,0.09,,,False
ENSG00000158050.5,0.14,0.13625722723569209,0.09553456578466733,False
ENSG00000196912.13,0.23,-0.06914804420631804,0.0,False
ENSG00000075568.17,0.12,-0.03649086886450265,0.06071885065958173,False
ENSG00000163162.9,0.15,-0.19315439053478267,0.03906017283970957,False
ENSG00000272994.2,0.33,,,False
ENSG00000186522.15,0.05,0.022835638613389306,0.052426714205932534,False
ENSG00000169679.15,0.17,0.12504022542810558,0.04625314422848155,False
ENSG00000153093.21,0.17,-0.05161666010407461,0.04326521985483045,False
ENSG00000153094.25,0.12,-0.03012284086004453,0.04196646738483788,False
ENSG00000188177.15,0.11,0.06799786596949087,0.058577493147624435,False
ENSG00000169607.13,0.11,0.006605060091002787,0.06679079887882033,False
ENSG00000189223.15,0.19,0.005611241359789219,0.0,False
ENSG00000272563.1,0.21,0.08589414188339621,0.03132679428638911,False
ENSG00000136717.15,0.24,0.02168078729327492,0.11547259318702809,False
ENSG00000144233.12,0.17,,,False
ENSG00000136715.19,0.35,,,False
ENSG00000136710.10,0.21,0.03676220872034212,0.037526129029119,False
ENSG00000163040.15,0.35,0.07069654741664233,0.06344775527418361,False
ENSG00000176771.18,0.13,-0.047130189495213116,0.022672759933010617,False
ENSG00000076003.5,0.18,-0.1315137862164071,0.08758982223421817,False
ENSG00000121966.8,0.18,-0.053008681576635436,0.03970765063319316,False
ENSG00000115919.15,0.41,-0.11506781336892731,0.07343240147481091,False
ENSG00000169554.23,0.17,-0.00796470353965519,0.013726963796337583,False
ENSG00000150556.17,0.12,0.011787195751050562,0.026181508888671323,False
ENSG00000182389.20,0.16,0.07010873204064554,0.03678163664014977,False
ENSG00000177917.12,0.27,-0.1565256042550395,0.0636578011373779,False
ENSG00000153234.16,0.12,0.13634043012249047,0.031050850593476377,False
ENSG00000115165.10,0.14,0.05619323656560776,0.08303664833749883,False
ENSG00000123636.19,0.26,0.12826942737403058,0.08850200527801082,False
ENSG00000136560.14,0.21,,,False
ENSG00000152253.9,0.22,0.1801097177967934,0.03331870512056139,False
ENSG00000073737.17,0.18,0.11239036351667904,0.04165939632965802,False
ENSG00000232788.1,0.11,,,False
ENSG00000225205.5,0.1,,,False
ENSG00000152256.14,0.32,-0.022693323688146694,0.009234683205665862,False
ENSG00000144354.15,0.17,-0.10036452354007325,0.14440461812527816,False
ENSG00000163328.14,0.13,0.059699802279189994,0.058575013283917246,False
ENSG00000155657.29,0.14,-0.032321123235042895,0.03926129027962573,False
ENSG00000163492.16,0.26,-0.040046555597682394,0.0,False
ENSG00000115232.14,0.25,-0.003635619409087139,0.08466929331386827,False
ENSG00000187699.10,0.25,-0.1692641489752936,0.04902924417806196,False
ENSG00000081320.11,0.21,-0.0044484981802571585,0.04627974540731751,False
ENSG00000272211.1,0.19,-0.047964478926279634,0.0,False
ENSG00000065413.20,0.25,0.027676254041884302,0.14312687503110466,False
ENSG00000236977.1,0.24,,,False
ENSG00000115541.11,0.04,0.04353642036961228,0.0,False
ENSG00000163535.18,0.14,0.033165066918536774,0.04629401387358439,False
ENSG00000013441.17,0.17,,,False
ENSG00000003402.21,0.12,-0.08060798969381609,0.10572684744842471,False
ENSG00000273456.2,0.25,0.007953274345055565,0.027514267000563117,False
ENSG00000119004.17,0.2,-0.1330959500527388,0.07339587844453525,False
ENSG00000204186.10,0.14,,,False
ENSG00000224137.2,0.43,0.27348055387758646,0.08988101561869333,False
ENSG00000123989.15,0.33,0.0567520218604666,0.04544786366124312,False
ENSG00000169031.21,0.11,,,False
ENSG00000225963.8,0.23,-0.18600823617112863,0.04722188838725456,False
ENSG00000135916.16,0.14,0.17614247302149563,0.14444280622243988,False
ENSG00000224376.3,0.18,-0.022637668187143904,0.08229791376166233,False
ENSG00000115053.17,0.15,-0.1060493836960944,0.03309131660220425,False
ENSG00000221944.9,0.13,0.010488784930508076,0.0,False
ENSG00000168918.14,0.25,,,False
ENSG00000077044.11,0.16,0.04662354908858621,0.12147761793571714,False
ENSG00000123485.12,0.09,-0.10892135311711816,0.050483097698716395,False
ENSG00000188042.8,0.09,-0.029773289984731204,0.01651534058978483,False
ENSG00000068024.18,0.09,,,False
ENSG00000260942.1,0.16,0.12147586682581948,0.0254618627474935,False
ENSG00000115687.14,0.18,0.04173479553661843,0.07124097494603993,False
ENSG00000168395.16,0.09,,,False
ENSG00000188389.11,0.09,-0.022537876703936147,0.07088251914217295,False
ENSG00000196476.12,0.15,0.03885803575589287,0.0,False
ENSG00000101255.12,0.24,0.04143226729576547,0.05632485324738906,False
ENSG00000101361.17,0.06,0.36461218798029876,0.10886344656645908,False
ENSG00000088882.8,0.11,-0.06472564616363026,0.011339312130915954,False
ENSG00000101265.16,0.14,0.06506303077896304,0.04392182935458158,False
ENSG00000132646.11,0.2,-0.10610871945086932,0.0733474806435734,False
ENSG00000125772.14,0.11,-0.16807458438337605,0.07139101728901756,False
ENSG00000125827.9,0.19,0.08695749859025313,0.04071871304027776,False
ENSG00000125869.10,0.26,-0.018941376156648898,0.025703254291872236,False
ENSG00000172264.19,0.75,-0.38663158342373466,0.07086681715689405,True
ENSG00000286546.1,0.22,-0.045057091270699956,0.07454610058774455,False
ENSG00000125868.16,0.52,,,False
ENSG00000125844.17,0.34,0.01289939967671483,0.06989513157646775,False
ENSG00000273148.2,0.12,-0.009372666647521039,0.0,False
ENSG00000088970.16,0.2,,,False
ENSG00000101439.9,0.28,0.29593616716502824,0.07485754239211126,False
ENSG00000101294.19,0.09,-0.016461534247590257,0.0645052724200236,False
ENSG00000171552.14,0.13,0.04791660756304275,0.08856214626498032,False
ENSG00000088325.16,0.1,-0.0432862924907935,0.08142488386844685,False
ENSG00000101336.18,0.3,0.06393948380618758,0.03390355776988932,False
ENSG00000171456.22,0.34,0.18045466825738155,0.06445226779625306,False
ENSG00000125967.17,0.21,0.04609328958216322,0.023078535073710122,False
ENSG00000131061.15,0.13,,,False
ENSG00000101460.13,0.12,-0.022499750229724797,0.0,False
ENSG00000131067.17,0.27,,,False
ENSG00000088298.13,0.15,-0.16135969470018066,0.053299108455763036,False
ENSG00000061656.11,0.19,,,False
ENSG00000101335.10,0.08,0.04928761785363298,0.03742892715561161,False
ENSG00000101447.15,0.28,0.039095981232522205,0.023335692773913997,False
ENSG00000223891.7,0.12,0.03095466145001236,0.0,False
ENSG00000196839.14,0.15,0.1271268502020989,0.05417504137367227,False
ENSG00000101443.18,0.06,-0.0063147869182978026,0.07588241681645642,False
ENSG00000175063.17,0.51,0.48680825730965305,0.1128955341179162,False
ENSG00000124257.7,0.2,0.08491943227422515,0.0,False
ENSG00000101017.15,0.1,0.05338871755900532,0.10920648048578485,False
ENSG00000196562.16,0.15,-0.07150480640642592,0.05877485815601949,False
ENSG00000124201.15,0.31,-0.10122456402717091,0.11679645294955002,False
ENSG00000087586.18,0.29,0.0643521705197674,0.05371482716800227,False
ENSG00000218018.4,0.41,,,False
ENSG00000124256.15,0.26,-0.08849840179959016,0.09407198707017247,False
ENSG00000124225.16,0.52,,,False
ENSG00000101160.15,0.13,0.10748230593373832,0.042468872100700814,False
ENSG00000130699.20,0.21,,,False
ENSG00000289537.2,0.2,,,False
ENSG00000092758.18,0.18,0.03209900360685117,0.07140759534399586,False
ENSG00000130589.16,0.17,-0.03688814736981374,0.07116853144064023,False
ENSG00000232442.3,0.11,-0.09167896858371165,0.03353732439810152,False
ENSG00000203896.10,0.14,0.10251158757401324,0.10539902000944606,False
ENSG00000196421.9,0.47,0.1422638776286768,0.05394875825408819,False
ENSG00000171700.14,0.2,,,False
ENSG00000155304.6,0.36,0.021579055883653258,0.030436882773598063,False
ENSG00000155307.19,0.22,0.12023694242106509,0.09744002352951874,False
ENSG00000232884.11,0.1,,,False
ENSG00000244676.5,0.14,0.06373524901653432,0.027760754610528925,False
ENSG00000237484.7,0.15,-0.1088014338326678,0.012234196101222615,False
ENSG00000185433.11,0.17,-0.03641423949736463,0.04995653478406882,False
ENSG00000234883.7,0.1,0.12407975421505392,0.031553731306357004,False
ENSG00000154721.15,0.23,0.016159974142340248,0.03448378537303007,False
ENSG00000156265.17,0.26,-0.03091378520957779,0.026465238380606923,False
ENSG00000156273.16,0.16,0.006410877998931992,0.0848039759926171,False
ENSG00000205930.11,0.16,,,False
ENSG00000142188.17,0.13,0.183782437241837,0.08184527758120287,False
ENSG00000198743.7,0.23,0.20440682604058683,0.023784687704816614,False
ENSG00000159267.17,0.28,,,False
ENSG00000157551.19,0.14,0.011599805783295872,0.02088977052608859,False
ENSG00000185658.14,0.17,-0.02523490918854906,0.0,False
ENSG00000185437.16,0.07,-0.007407352077428204,0.008211167837610039,False
ENSG00000184809.13,0.16,,,False
ENSG00000183486.14,0.14,0.11452154741791033,0.04894417336973053,False
ENSG00000141956.14,0.23,,,False
ENSG00000237232.9,0.18,0.050639937325392854,0.01960601009907389,False
ENSG00000160188.10,0.18,,,False
ENSG00000160200.18,0.3,-0.08333346847281832,0.07898904791749399,False
ENSG00000160213.9,0.07,,,False
ENSG00000225331.2,0.1,,,False
ENSG00000227039.8,0.13,-0.1132558861925445,0.061154320405728116,False
ENSG00000183570.17,0.2,,,False
ENSG00000160285.15,0.09,,,False
ENSG00000160305.18,0.17,0.014430623587830364,0.0,False
ENSG00000093072.19,0.26,-0.0219860566235968,0.11439794563231223,False
ENSG00000183785.16,0.15,0.055756611810553636,0.009020408360759105,False
ENSG00000184979.11,0.25,-0.046625877368620734,0.09780306991136122,False
ENSG00000093009.11,0.56,-0.34954418612894816,0.03047598744593998,False
ENSG00000099901.18,0.02,0.04507731299664149,0.09667330511956385,False
ENSG00000128228.5,0.04,0.055016266529254,0.09684832296792124,False
ENSG00000100034.14,0.13,0.01690409866641978,0.043401169074185446,False
ENSG00000211640.4,0.1,0.00654805618605771,0.031466040255262194,False
ENSG00000211653.2,0.08,,,False
ENSG00000211662.2,0.18,-0.020358164253868046,0.03662850596422014,False
ENSG00000211670.2,0.2,,,False
ENSG00000211673.2,0.15,-0.060902105684596954,0.09677574571188213,False
ENSG00000254709.8,0.13,,,False
ENSG00000211679.2,0.25,-0.2157993963606386,0.08453348097069673,False
ENSG00000291299.2,0.19,0.025693701758493042,0.018970403300506995,False
ENSG00000128218.8,0.41,-0.06329073540367125,0.09551444101071904,False
ENSG00000099958.15,0.14,0.07775044678105585,0.10043175451777428,False
ENSG00000128271.22,0.19,-0.08656365371088046,0.07224372904899617,False
ENSG00000128294.16,0.12,0.0912576202966529,0.10597065484056524,False
ENSG00000100219.17,0.09,-0.12759722746435956,0.08813979694348097,False
ENSG00000239282.8,0.11,-0.04132518096531402,0.029934772076477174,False
ENSG00000185339.10,0.1,-0.11870625851254768,0.03352700715740801,False
ENSG00000198832.11,0.14,-0.019034835464445492,0.09335331882075346,False
ENSG00000100100.13,0.36,-0.09626695805802121,0.02281900780332727,False
ENSG00000100292.18,0.29,0.02511805004547646,0.06364856375963845,False
ENSG00000100297.16,0.08,0.14500409212936646,0.1426791494332017,False
ENSG00000198125.13,0.13,0.018211434486962007,0.04249780025860591,False
ENSG00000221963.6,0.2,0.10870019899175955,0.047946694221078404,False
ENSG00000100342.22,0.17,-0.04563255666999299,0.069590601680684,False
ENSG00000100365.16,0.11,0.0905270850047254,0.10151229290352716,False
ENSG00000100385.15,0.32,0.18041515125758634,0.07841110913925044,False
ENSG00000100055.21,0.39,-0.05704992423759631,0.06342567598234398,False
ENSG00000100097.12,0.14,-0.05949275920384267,0.11256979850552214,False
ENSG00000291015.1,0.18,0.03432958612447473,0.0,False
ENSG00000183741.12,0.3,0.22504842855260956,0.09852835430523868,False
ENSG00000179750.16,0.22,-0.03727238285411459,0.045191675357000034,False
ENSG00000289963.1,0.24,0.19681702827376,0.08126052672180517,False
ENSG00000100321.15,0.11,0.007779589955284133,0.04459481685361366,False
ENSG00000128272.18,0.27,0.3304513687143786,0.08504849691860077,False
ENSG00000229999.6,0.16,-0.04790133053491856,0.0,False
ENSG00000167077.13,0.57,0.2542616906114493,0.027336610961808738,False
ENSG00000159958.7,0.27,-0.06007559700193712,0.11131411514985802,False
ENSG00000128274.17,0.22,-0.005630865829777364,0.04941295781896172,False
ENSG00000242247.11,0.16,0.029980132021260368,0.0,False
ENSG00000100290.3,0.16,-0.03325537424425845,0.06119828064749527,False
ENSG00000100376.12,0.14,-0.08821275585523503,0.0359302371693483,False
ENSG00000186951.17,0.16,,,False
ENSG00000075218.19,0.09,-0.0838621621753778,0.06517125636554441,False
ENSG00000184164.15,0.03,0.19320487670837008,0.11420996003834191,False
ENSG00000198355.5,0.22,0.0517923065892043,0.02833559363116311,False
ENSG00000073169.15,0.15,,,False
ENSG00000128159.12,0.15,,,False
ENSG00000100241.22,0.14,,,False
ENSG00000177989.14,0.17,-0.027932753994556466,0.08016750709263012,False
ENSG00000273272.2,0.3,-0.12921639205258853,0.06460997462347322,False
ENSG00000100299.18,0.12,0.05608708288929026,0.08351058735081617,False
ENSG00000134121.10,0.27,-0.07592976455962352,0.0019573486655284763,False
ENSG00000134107.5,0.31,-0.10062083524952059,0.041782277946159754,False
ENSG00000233912.1,0.23,-0.012559172699810467,0.038230524419566154,False
ENSG00000189229.12,0.13,0.03353442195267115,0.02437349296995243,False
ENSG00000206573.11,0.2,,,False
ENSG00000156959.9,0.17,,,False
ENSG00000163528.13,0.24,,,False
ENSG00000154767.15,0.14,0.003689982778490454,0.09538552708009439,False
ENSG00000131370.16,0.36,-0.18590097404238512,0.03957932349681802,False
ENSG00000206560.12,0.23,-0.02792961896827209,0.04942030772903033,False
ENSG00000131378.14,0.21,-0.0030615625922842636,0.06156165691722845,False
ENSG00000129810.15,0.46,-0.2694858630428951,0.04826284281931153,False
ENSG00000197885.11,0.13,,,False
ENSG00000178567.8,0.19,0.09086822627565842,0.0,False
ENSG00000168036.18,0.33,0.025065899621373452,0.0,False
ENSG00000144791.10,0.23,,,False
ENSG00000163818.20,0.15,0.028301928275116135,0.0,False
ENSG00000163823.4,0.23,0.0010762716971897525,0.02693418809387362,False
ENSG00000164047.6,0.21,-0.08789947304778443,0.054347082610714505,False
ENSG00000114268.12,0.2,0.002273677593484466,0.03108066551448754,False
ENSG00000221883.4,0.15,,,False
ENSG00000178467.18,0.09,0.1549722643294642,0.0808104047662414,False
ENSG00000178149.17,0.2,,,False
ENSG00000145020.16,0.16,,,False
ENSG00000173540.14,0.15,0.10224783756406546,0.0954188276562983,False
ENSG00000185614.7,0.17,-0.026762010867025454,0.04863363071331307,False
ENSG00000068028.18,0.12,-0.0666178671997793,0.0,False
ENSG00000145050.19,0.01,-0.12339686157823056,0.095426185836415,False
ENSG00000023330.15,0.16,,,False
ENSG00000016864.19,0.26,-0.017729364204305043,0.0661483345483032,False
ENSG00000157388.20,0.13,-0.029289761480205026,0.006608349487783513,False
ENSG00000016391.11,0.16,,,False
ENSG00000113811.12,0.13,0.009465555251428576,0.10403408471149163,False
ENSG00000163947.12,0.28,-0.15243610986407655,0.04942341430415478,False
ENSG00000168297.16,0.14,0.006384112645743623,0.02534754896500596,False
ENSG00000241316.8,0.07,0.020511467167819774,0.0364115467895993,False
ENSG00000144746.7,0.1,,,False
ENSG00000114861.24,0.51,,,False
ENSG00000114480.13,0.13,-0.061718535758737036,0.11441097905461409,False
ENSG00000154165.5,0.24,-0.11006399750441036,0.033719975324677354,False
ENSG00000239445.6,0.12,0.03761940806052472,0.0028833949584168594,False
ENSG00000064225.13,0.18,0.06572920737692473,0.06200524415663593,False
ENSG00000181458.10,0.16,-0.0011303950793356166,0.050267505427948854,False
ENSG00000144815.18,0.22,0.15907845982033644,0.05024801228979653,False
ENSG00000153283.13,0.1,-0.012449061504930477,0.0,False
ENSG00000174500.13,0.11,-0.18094808548330665,0.08550897693828222,False
ENSG00000091972.18,0.12,0.05298689836049616,0.055786835011283196,False
ENSG00000186265.10,0.41,-0.04669383394883553,0.05784017283258721,False
ENSG00000181847.12,0.25,0.07452186758210969,0.03167716884534037,False
ENSG00000181722.18,0.18,0.18203768352134508,0.04192455569606759,False
ENSG00000172020.13,0.32,0.07160272896434533,0.05740513032827302,False
ENSG00000185565.13,0.14,0.017425660291128225,0.02957202848207595,False
ENSG00000121594.12,0.36,0.08296912744607547,0.05844458875645848,False
ENSG00000144837.9,0.19,0.11922220012111784,0.094543968124922,False
ENSG00000173226.17,0.26,,,False
ENSG00000145088.9,0.1,0.18024683494731122,0.09350116599881698,False
ENSG00000163406.11,0.11,-0.005095450619701843,0.003989402913467028,False
ENSG00000114013.16,0.32,-0.07921478533922714,0.04886418625698777,False
ENSG00000114023.16,0.37,0.3612233779864622,0.07463826024305964,False
ENSG00000173200.13,0.14,,,False
ENSG00000065485.20,0.24,-0.01202036262115627,0.08883165053492988,False
ENSG00000221955.11,0.15,-0.02391875009787221,0.03617475241257978,False
ENSG00000073111.14,0.14,0.02302504643069633,0.06041699395559059,False
ENSG00000114626.18,0.15,-0.09235649338559561,0.0,False
ENSG00000074416.16,0.21,0.09857907369373609,0.0623005127471006,False
ENSG00000183624.14,0.17,-0.09168212311210251,0.045275346042764224,False
ENSG00000184897.7,0.12,0.006425997994367589,0.016442733803761683,False
ENSG00000170819.5,0.28,0.24855895403753836,0.08141392787982235,False
ENSG00000114126.18,0.16,,,False
ENSG00000268129.2,0.15,-0.016943698428373143,0.0,False
ENSG00000152952.14,0.48,,,False
ENSG00000188313.13,0.57,-0.34620415623342843,0.06071409425372366,False
ENSG00000070087.15,0.39,0.15987411429849474,0.029942627995259628,False
ENSG00000287916.1,0.21,0.02998164626598898,0.049205211912437534,False
ENSG00000114850.7,0.11,0.2737482981132624,0.10528610594621586,False
ENSG00000163659.13,0.39,-0.0035019865304716145,0.05246815568148555,False
ENSG00000241135.8,0.31,0.04060183790549018,0.02476623171999106,False
ENSG00000168779.21,0.19,,,False
ENSG00000113810.16,0.04,-0.19756391952885052,0.040824688357741716,False
ENSG00000163536.13,0.12,-0.014696147606012106,0.019248360335285538,False
ENSG00000173890.17,0.34,-0.047839368493341416,0.06380967331084433,False
ENSG00000136603.15,0.13,0.061309733353384355,0.032051322842333245,False
ENSG00000121858.11,0.2,-0.03653471957633159,0.08788497899524196,False
ENSG00000226779.1,0.17,0.15855841181002595,0.02666589076634552,False
ENSG00000172667.11,0.14,0.22804706880084225,0.118835884879867,False
ENSG00000078081.8,0.12,0.07937831288760583,0.06614961551343101,False
ENSG00000172578.12,0.32,-0.1227712927508185,0.020448048000903767,False
ENSG00000114796.16,0.13,-0.029771878665967057,0.017352507525462725,False
ENSG00000175182.15,0.23,-0.03432692128578023,0.0,False
ENSG00000090520.12,0.07,0.09128954374890859,0.09499375585002796,False
ENSG00000163918.12,0.13,-0.0657953008540048,0.05545595271200724,False
ENSG00000073849.16,0.09,0.15711733368681396,0.10288316201484066,False
ENSG00000136514.3,0.12,-0.011366070711680158,0.053595326371381244,False
ENSG00000188001.10,0.22,0.16968027672258448,0.031920598083740766,False
ENSG00000233308.2,0.11,-0.00536458889747109,0.04174097762692345,False
ENSG00000231770.8,0.18,0.08316265199071454,0.023412168640986823,False
ENSG00000184203.8,0.66,,,True
ENSG00000176945.18,0.04,,,False
ENSG00000072274.14,0.11,0.11052666901511278,0.11918321341203454,False
ENSG00000122068.13,0.24,-0.045246399434354635,0.0,False
ENSG00000185619.19,0.13,,,False
ENSG00000249592.7,0.13,,,False
ENSG00000163950.13,0.12,-0.13988813183548077,0.07825218282211907,False
ENSG00000013810.21,0.05,-0.05619722218260756,0.06407663928570957,False
ENSG00000168884.15,0.12,-0.03903339099357778,0.07712947793487786,False
ENSG00000159788.20,0.08,,,False
ENSG00000145220.14,0.31,-0.010503412186464917,0.07738272742824277,False
ENSG00000168824.15,0.19,-0.07839219454572302,0.041137719336278154,False
ENSG00000109501.15,0.2,0.01955160942564969,0.016848194763037738,False
ENSG00000178163.8,0.23,,,False
ENSG00000109684.16,0.13,-0.019703863804472282,0.007028352216157109,False
ENSG00000002587.10,0.12,0.01569927286430859,0.0,False
ENSG00000137449.17,0.15,,,False
ENSG00000004468.13,0.06,0.09830685515624381,0.07512936468008705,False
ENSG00000178177.17,0.12,,,False
ENSG00000091490.11,0.21,-0.02912375776336111,0.047409547903817566,False
ENSG00000109787.13,0.16,0.012232724185105442,0.027124674509316153,False
ENSG00000174123.11,0.2,0.12353601939782655,0.09317363949778483,False
ENSG00000121895.8,0.18,0.09028480197546662,0.0272885445199169,False
ENSG00000109790.18,0.3,0.10877221365442905,0.05709176368377847,False
ENSG00000163683.12,0.06,0.13364601184339717,0.05757472863519639,False
ENSG00000168421.14,0.1,-0.1090569843002206,0.05553718127205539,False
ENSG00000154277.13,0.14,0.1522632860033278,0.07801324010614621,False
ENSG00000074966.11,0.14,,,False
ENSG00000289393.1,0.18,,,False
ENSG00000035720.8,0.18,-0.11984612177516912,0.08075232834245852,False
ENSG00000197888.3,0.18,0.09455223902792759,0.04817402035985456,False
ENSG00000286848.1,0.18,-0.033423797606255565,0.022063581884931713,False
ENSG00000132467.4,0.11,0.05860480006781516,0.03772633164875364,False
ENSG00000169435.14,0.05,0.2063009353627574,0.06452908357166494,False
ENSG00000169116.11,0.19,-0.07942427560119325,0.02496772903511962,False
ENSG00000169245.6,0.08,0.053284994909426155,0.039379132328018915,False
ENSG00000138760.11,0.43,-0.05876174682829085,0.08001496541865198,False
ENSG00000138771.16,0.25,,,False
ENSG00000138764.15,0.13,-3.906040405028908e-05,0.03134565229714683,False
ENSG00000163297.18,0.3,,,False
ENSG00000272677.3,0.16,,,False
ENSG00000145287.11,0.05,0.11777154365138966,0.09842966414389667,False
ENSG00000138639.18,0.07,,,False
ENSG00000198189.11,0.08,-0.05718832671823301,0.05690235677645,False
ENSG00000138642.16,0.09,-0.014398190128231214,0.01736400486270048,False
ENSG00000138646.9,0.47,0.34756881877892326,0.07374239694501471,False
ENSG00000164032.12,0.01,,,False
ENSG00000153064.12,0.2,-0.013367082420872029,0.02057333807052142,False
ENSG00000138778.14,0.12,-0.05583186938088124,0.03836587064106704,False
ENSG00000138801.9,0.19,,,False
ENSG00000145365.12,0.2,0.08438860078425559,0.13091864736452602,False
ENSG00000150961.15,0.26,-0.1467920257096934,0.0,False
ENSG00000145390.12,0.04,,,False
ENSG00000164109.14,0.27,0.007765427767317468,0.051489399400976014,False
ENSG00000050730.16,0.17,0.009168120195617767,0.017877996751409542,False
ENSG00000145386.11,0.17,0.048316665641546186,0.062436925896638774,False
ENSG00000273247.7,0.11,-0.01491897836160492,0.042601994442312836,False
ENSG00000164136.17,0.25,-0.0895411295740215,0.031954315328462685,False
ENSG00000109458.10,0.16,,,False
ENSG00000170365.10,0.31,0.0814395512770315,0.05234857025144242,False
ENSG00000164168.8,0.32,-0.050129625316772966,0.0277088151359916,False
ENSG00000109670.17,0.19,-0.04269546170067705,0.04022622274893824,False
ENSG00000170006.13,0.2,-0.09806905935956067,0.11364109053493351,False
ENSG00000121210.16,0.17,-0.06631994606216443,0.04237358790330388,False
ENSG00000164116.17,0.21,0.04249967650555814,0.0438084275895252,False
ENSG00000171503.13,0.16,,,False
ENSG00000109756.10,0.29,0.20949149411849627,0.06486963816162356,False
ENSG00000248329.6,0.38,-0.17932693164259153,0.0870489484929737,False
ENSG00000052802.13,0.14,0.054125748753933056,0.06620724298368486,False
ENSG00000137628.18,0.2,-0.11066851366328954,0.038889139517911224,False
ENSG00000181381.15,0.08,0.04050600413634437,0.04137380785419993,False
ENSG00000164104.12,0.01,-0.07315779587602178,0.03304395525519048,False
ENSG00000272870.4,0.24,,,False
ENSG00000249096.7,0.12,-0.05576991185748945,0.03154106442194354,False
ENSG00000151725.12,0.16,0.04105666412850862,0.061600011588771895,False
ENSG00000151729.11,0.28,-0.03292285681759914,0.07312807603331833,False
ENSG00000186352.9,0.4,0.17980242617947617,0.09289102369349303,False
ENSG00000249679.3,0.15,0.15581162294785206,0.03338211480161195,False
ENSG00000154556.20,0.1,-0.0357184816949583,0.02463769106027455,False
ENSG00000247516.8,0.09,,,False
ENSG00000145495.17,0.19,-0.014070888382729666,0.09322340714011473,False
ENSG00000154153.15,0.25,0.02070939848982295,0.028980123787960905,False
ENSG00000176788.9,0.29,0.18594659269957417,0.10449486268530224,False
ENSG00000250337.10,0.19,0.03279773697205847,0.03494482606332833,False
ENSG00000164327.14,0.23,0.0066519507160710065,0.015878140135285834,False
ENSG00000287263.3,0.06,0.010509778485654838,0.025282091405381513,False
ENSG00000177721.5,0.17,-0.06602535981659047,0.03162839110515565,False
ENSG00000112972.15,0.16,0.06967965443979869,0.10328836412090406,False
ENSG00000170571.12,0.09,-0.13699247181860025,0.05560368273222588,False
ENSG00000134352.21,0.18,,,False
ENSG00000145632.15,0.21,,,False
ENSG00000175857.9,0.15,0.06609117618164462,0.0382874213795846,False
ENSG00000113448.21,0.21,0.05820094196956864,0.0,False
ENSG00000049192.15,0.28,0.12163819125810478,0.0380705408957638,False
ENSG00000113595.15,0.15,-0.02867134125565197,0.015910958360684728,False
ENSG00000112851.16,0.2,0.0621625130420781,0.07806592401648305,False
ENSG00000134061.5,0.25,-0.04794002889491922,0.046119059051801706,False
ENSG00000134057.15,0.06,0.04486286458346308,0.044000806269302827,False
ENSG00000131711.15,0.21,0.11919173751055041,0.07345495510366352,False
ENSG00000164331.10,0.15,-0.09304008759931542,0.0,False
ENSG00000171617.16,0.18,0.05105950693310466,0.041108539020641696,False
ENSG00000152409.9,0.14,,,False
ENSG00000249042.6,0.21,,,False
ENSG00000228716.7,0.15,-0.0014987229048137652,0.08625480954327878,False
ENSG00000113369.9,0.18,-0.12785247543554895,0.017571787964271862,False
ENSG00000248483.7,0.36,-0.08378615048196704,0.0,False
ENSG00000113532.13,0.2,-0.05762681080947263,0.03535795686750007,False
ENSG00000290027.1,0.17,0.046724684246561544,0.02186585152057004,False
ENSG00000092421.17,0.12,-0.016209710252309547,0.022779512745687257,False
ENSG00000168938.6,0.19,-0.0339481353802787,0.03474286966063775,False
ENSG00000151292.19,0.12,0.09593907513198903,0.03413504662622517,False
ENSG00000173926.6,0.12,-0.04866111315902201,0.0,False
ENSG00000217128.13,0.22,,,False
ENSG00000072682.20,0.28,0.024883501631789092,0.015564183174269363,False
ENSG00000131435.13,0.19,0.04010353829052376,0.020262063441720178,False
ENSG00000125347.15,0.12,,,False
ENSG00000205089.8,0.36,0.06124425629046506,0.014282999608169979,False
ENSG00000072364.13,0.22,,,False
ENSG00000113615.13,0.2,0.0700234692371645,0.041489655612540595,False
ENSG00000113621.15,0.15,,,False
ENSG00000120709.11,0.29,,,False
ENSG00000120738.8,0.09,,,False
ENSG00000289155.2,0.17,,,False
ENSG00000170476.16,0.03,0.18604993331923866,0.0636289797144998,False
ENSG00000131507.11,0.16,0.11662322368803568,0.059421791331444825,False
ENSG00000171992.13,0.19,-0.02915686368349373,0.027338252465257853,False
ENSG00000256235.3,0.13,0.018834437440047872,0.04396381830079479,False
ENSG00000145901.16,0.17,-0.05840545172931061,0.12555230663822678,False
ENSG00000196743.9,0.36,-0.031470176529003434,0.030729763488005504,False
ENSG00000113140.11,0.21,0.038892637429580976,0.03931138285245,False
ENSG00000145850.9,0.1,0.07541339698054292,0.1105247620155905,False
ENSG00000164330.18,0.14,0.03625662724132277,0.018461762154070978,False
ENSG00000164611.13,0.08,-0.08847062124262935,0.08232654240893933,False
ENSG00000253522.6,0.35,-0.04590769988422779,0.03801365430045456,False
ENSG00000072571.20,0.04,0.011033892577352926,0.05757191760696153,False
ENSG00000043462.13,0.18,,,False
ENSG00000164463.12,0.25,0.039423538741291196,0.035573293587236134,False
ENSG00000113739.11,0.21,-0.0631165041216554,0.019787702178739854,False
ENSG00000113742.14,0.09,-0.014120540315454497,0.062324253182771176,False
ENSG00000048162.22,0.1,-0.17774918331321635,0.10300338637686542,False
ENSG00000213347.11,0.2,0.02674600369121018,0.030148316902452624,False
ENSG00000146094.16,0.26,0.024171512532565276,0.0656817026839689,False
ENSG00000184840.12,0.25,-0.40259495640123305,0.10808952893781854,False
ENSG00000175309.15,0.12,-0.03160378676735253,0.04167593950338596,False
ENSG00000113240.14,0.4,,,False
ENSG00000169045.19,0.11,0.191248250049932,0.05915572375297691,False
ENSG00000161011.20,0.37,-0.3326234835389874,0.10873371079426822,False
ENSG00000161010.16,0.18,-0.11721565721894574,0.0,False
ENSG00000245060.8,0.35,-0.06087714762354734,0.05602730357311457,False
ENSG00000248473.2,0.06,0.046234858061509176,0.026473861080206017,False
ENSG00000183718.6,0.52,-0.12382334217619884,0.0359634102862782,False
ENSG00000137265.16,0.19,0.12791343665217283,0.15443266058045144,False
ENSG00000021355.13,0.13,0.12673836128103075,0.08069406842688073,False
ENSG00000230438.9,0.15,-0.016338586188966664,0.018432910346252582,False
ENSG00000170542.6,0.11,-0.11165314884857931,0.09488396045871207,False
ENSG00000124588.22,0.11,0.013156725079444436,0.0,False
ENSG00000137267.7,0.4,0.22451035365944208,0.08688931711385618,False
ENSG00000137285.11,0.13,-0.09471995731931267,0.1198041228754631,False
ENSG00000124491.16,0.2,0.017483441686297098,0.02442914685501771,False
ENSG00000216863.11,0.2,0.2062628648624697,0.0526331754109349,False
ENSG00000112799.9,0.23,-0.16202003350179958,0.02804199763602306,False
ENSG00000239264.9,0.08,0.20260365091422824,0.08943691544623837,False
ENSG00000078401.7,0.18,0.07502455845454016,0.047654526317610725,False
ENSG00000112137.19,0.4,-0.24375730302829643,0.09187602201401378,False
ENSG00000112149.10,0.06,0.1712931299239123,0.07787293682015499,False
ENSG00000008083.14,0.25,-0.03137372134622521,0.020528923823689323,False
ENSG00000124788.19,0.18,-0.06492555328629274,0.10371942210122076,False
ENSG00000137414.7,0.11,-0.026063912519482504,0.026100056706330404,False
ENSG00000124795.17,0.17,-0.04322156558470943,0.08310199158083484,False
ENSG00000124766.7,0.13,-0.011919252575487338,0.10358518382809391,False
ENSG00000288851.1,0.2,,,False
ENSG00000112312.10,0.14,-0.22515006803860457,0.1091796652888133,False
ENSG00000111913.20,0.16,0.033488998423896583,0.040535484165008545,False
ENSG00000079691.19,0.1,-0.02752701039684848,0.01960020512933496,False
ENSG00000112343.11,0.24,,,False
ENSG00000187837.4,0.32,0.20764669199392718,0.10228080760782823,False
ENSG00000180596.9,0.25,0.02790029669084815,0.050439414920498596,False
ENSG00000197061.5,0.28,0.24959746663382096,0.0939393221322385,False
ENSG00000180573.10,0.15,-0.10636013050468267,0.10814139721451353,False
ENSG00000168298.7,0.16,-0.0643383035430899,0.06816203202845803,False
ENSG00000158373.9,0.13,-0.07529125055365303,0.018757867836396186,False
ENSG00000197409.8,0.25,0.023510455267760466,0.052829756994786925,False
ENSG00000277075.3,0.43,0.05537850969236683,0.0,False
ENSG00000124575.7,0.18,0.06915511006798604,0.05742315542476311,False
ENSG00000275713.3,0.24,0.12161622778702448,0.04476770004754638,False
ENSG00000158406.6,0.09,0.06142565803396408,0.056490945407989,False
ENSG00000124508.17,0.24,0.15298091144303488,0.03303965686407909,False
ENSG00000026950.17,0.08,0.006783235100144586,0.03676689683392206,False
ENSG00000111801.16,0.38,,,False
ENSG00000124635.9,0.29,0.03514233713325358,0.06025637742061136,False
ENSG00000290032.1,0.35,0.36700031446412784,0.17921850477034604,False
ENSG00000197903.8,0.13,0.08635893630055518,0.057700152742488735,False
ENSG00000112812.16,0.28,,,False
ENSG00000233822.6,0.16,-0.06586547815278765,0.016634753260250122,False
ENSG00000124657.1,0.24,-0.02949355955389843,0.014429410129573429,False
ENSG00000137338.6,0.31,,,False
ENSG00000158691.15,0.11,0.0024121058047445135,0.024519606386362944,False
ENSG00000214922.9,0.18,,,False
ENSG00000290574.1,0.23,-0.24760464631037107,0.0817213656499073,False
ENSG00000196230.14,0.03,0.20592799731065706,0.02857703466706309,False
ENSG00000137331.12,0.14,0.06145255251852056,0.10683084170143624,False
ENSG00000137310.13,0.26,-0.1026153671071806,0.05589979516687776,False
ENSG00000204531.21,0.27,,,False
ENSG00000204528.3,0.19,,,False
ENSG00000272501.1,0.17,-0.04119658762600861,0.014776968322828493,False
ENSG00000226979.9,0.62,0.3407562929446337,0.10531058182453243,True
ENSG00000232810.5,0.19,-0.030331052806272407,0.10937575309591478,False
ENSG00000227507.3,0.41,0.263979452497259,0.13454188695690708,False
ENSG00000204482.11,0.36,0.13988362392365078,0.0343906783913229,False
ENSG00000204475.10,0.21,-0.14857601991063693,0.041599086494642605,False
ENSG00000204472.13,0.42,0.03509634477163399,0.04007671584871762,False
ENSG00000213722.10,0.14,-0.14453170986996355,0.037955921328809775,False
ENSG00000204386.12,0.19,-0.013850065250106562,0.057637754634182074,False
ENSG00000168477.21,0.02,,,False
ENSG00000204287.14,0.05,0.04329158352311996,0.06046156128273351,False
ENSG00000198502.6,0.19,-0.026560206154295638,0.05277833090399128,False
ENSG00000290878.1,0.12,0.028905374624506874,0.08538012154844424,False
ENSG00000196126.12,0.16,-0.39643684860122885,0.1107441972760145,False
ENSG00000196735.13,0.08,-0.14717210910380307,0.11537349931139919,False
ENSG00000179344.17,0.48,-0.33121892134307546,0.09325571368547303,False
ENSG00000237541.4,0.31,0.2823656096967602,0.10048797132191326,False
ENSG00000232629.9,0.21,-0.026838029265840516,0.027107453339039977,False
ENSG00000241106.8,0.14,-0.048986923007738624,0.05276133530140884,False
ENSG00000242574.9,0.31,-0.268420667480976,0.11570542511485223,False
ENSG00000204257.15,0.1,0.08164362742552628,0.07633153849356031,False
ENSG00000204252.14,0.11,0.03269360795411491,0.03801584501457426,False
ENSG00000231389.8,0.28,0.26736229272005624,0.14287443495419877,False
ENSG00000223865.11,0.11,0.27512445086438087,0.08453733417606753,False
ENSG00000112473.19,0.15,-0.09087791167538978,0.03846762527031769,False
ENSG00000204228.4,0.23,-0.010224030128333858,0.05887878904596833,False
ENSG00000235863.4,0.3,-0.07375177732254297,0.04599503866934471,False
ENSG00000237441.10,0.16,0.002116826927753876,0.04889904985882503,False
ENSG00000289100.1,0.2,0.038327782079218345,0.0297120168454439,False
ENSG00000237649.8,0.1,-0.11116215384934029,0.07538183284838477,False
ENSG00000112511.18,0.13,0.013738491309207006,0.042661099575680504,False
ENSG00000137309.21,0.7,0.36420169879391495,0.14739331013712756,True
ENSG00000010030.14,0.09,0.02151541525829909,0.02807415997016868,False
ENSG00000124762.14,0.16,0.23475344441518642,0.10880318389713287,False
ENSG00000124772.12,0.14,-0.022508247530865517,0.07058761909216785,False
ENSG00000146192.15,0.12,0.14097526594827323,0.04012717781619679,False
ENSG00000137193.14,0.36,0.1194410218914539,0.04863892743457339,False
ENSG00000172738.13,0.21,,,False
ENSG00000137171.15,0.2,-0.03608317775501767,0.028884318925905473,False
ENSG00000146215.14,0.12,0.061508128353938075,0.06433837348639218,False
ENSG00000181577.16,0.24,0.06421960159459637,0.019809548544199872,False
ENSG00000146232.17,0.14,0.03299153073144076,0.10242897421747502,False
ENSG00000112118.20,0.62,-0.2749549638927278,0.07597203809804268,True
ENSG00000096093.16,0.16,0.0732961323236255,0.024699398071851075,False
ENSG00000012660.14,0.17,-0.06660885372222508,0.05590550694157542,False
ENSG00000137251.16,0.29,-0.05494474600450799,0.048560944139482705,False
ENSG00000112208.11,0.13,,,False
ENSG00000225793.5,0.32,,,False
ENSG00000112773.16,0.2,-0.03513940396875475,0.1073812366613507,False
ENSG00000013392.8,0.13,,,False
ENSG00000135318.12,0.11,,,False
ENSG00000135334.9,0.17,0.06250343089848487,0.06462139225060234,False
ENSG00000111880.16,0.19,0.0636677360508434,0.030423147181465805,False
ENSG00000146278.11,0.11,0.20985684121744355,0.06600198987954035,False
ENSG00000288009.1,0.12,,,False
ENSG00000198833.7,0.06,0.04040665442650775,0.10049794087147851,False
ENSG00000261366.1,0.19,0.022598702333783405,0.03744199410980376,False
ENSG00000172469.17,0.1,0.0011441562155832575,0.0740596336109433,False
ENSG00000057657.17,0.13,0.1191290828920842,0.07373462434489027,False
ENSG00000269919.1,0.19,0.026505651977012035,0.027149788180121235,False
ENSG00000272398.6,0.14,-0.018419514222622564,0.05044744132295542,False
ENSG00000277443.3,0.1,0.08197040638195316,0.058401318775169145,False
ENSG00000287097.1,0.37,0.18218716690636697,0.04597846933327115,False
ENSG00000189241.8,0.18,0.06865869893284597,0.07681143079538119,False
ENSG00000153989.8,0.26,0.008389123893523113,0.04558599616442682,False
ENSG00000111877.18,0.2,,,False
ENSG00000111885.7,0.17,0.08556982844310417,0.06087213114444215,False
ENSG00000146376.11,0.26,-0.08892515896573044,0.06598704620637025,False
ENSG00000164484.12,0.23,0.0033847605471480227,0.008852317381821616,False
ENSG00000079931.15,0.33,0.0525917284024854,0.06431984808235708,False
ENSG00000112303.14,0.15,0.02675053695404316,0.07323018265752272,False
ENSG00000118515.12,0.24,0.07234125798480126,0.04279371385230079,False
ENSG00000135541.22,0.13,,,False
ENSG00000272189.1,0.12,,,False
ENSG00000286646.2,0.21,0.09799939789604624,0.08477760894196913,False
ENSG00000027697.16,0.15,0.05031916689499386,0.056184122505163546,False
ENSG00000234956.7,0.32,,,False
ENSG00000237499.7,0.19,,,False
ENSG00000118503.18,0.26,0.2401425102757626,0.03532335902544918,False
ENSG00000112378.12,0.21,,,False
ENSG00000164442.11,0.16,0.08182674716911947,0.04678465744987812,False
ENSG00000152818.20,0.11,-0.01451754814486699,0.05020529217879776,False
ENSG00000055211.14,0.07,,,False
ENSG00000112029.10,0.24,-0.09409491870879623,0.06959489278351635,False
ENSG00000074706.14,0.06,0.10670511107178832,0.0294474754346679,False
ENSG00000175048.17,0.17,0.05323828209843982,0.03710302030416319,False
ENSG00000130338.13,0.22,0.03492233156664614,0.008681435259315843,False
ENSG00000130363.13,0.24,0.07198859292429809,0.047283770984137136,False
ENSG00000271913.9,0.11,,,False
ENSG00000164691.18,0.17,-0.036967851068277456,0.016087638259204798,False
ENSG00000120437.9,0.09,0.009155109825904393,0.07661250748916783,False
ENSG00000272841.1,0.11,-0.013653921590675916,0.028160170605478367,False
ENSG00000286760.3,0.11,,,False
ENSG00000026297.17,0.54,-0.27142661386004174,0.0843260259448048,False
ENSG00000112486.18,0.22,-0.13677126329303171,0.04333384000152821,False
ENSG00000184786.6,0.21,,,False
ENSG00000164849.10,0.15,-0.03696033097699187,0.0230355354504817,False
ENSG00000164850.16,0.14,0.0532673461959523,0.03673352799482469,False
ENSG00000002822.16,0.16,0.10381676410277128,0.0737102662039417,False
ENSG00000136213.10,0.17,-0.21353981458927,0.049221309929118454,False
ENSG00000174945.14,0.25,-0.048270159194182684,0.04185870525710807,False
ENSG00000075618.18,0.06,-0.051832934794768686,0.11114280836479132,False
ENSG00000106415.13,0.19,-0.026005620671442964,0.15921180055823556,False
ENSG00000048052.25,0.2,,,False
ENSG00000183742.13,0.27,-0.05793719694154616,0.0333195250844755,False
ENSG00000271133.7,0.11,0.109081057600788,0.07192031734851005,False
ENSG00000136231.14,0.21,-0.08763909181588105,0.03312715382854761,False
ENSG00000105928.16,0.23,-0.033748307559032346,0.06404629100554199,False
ENSG00000086300.17,0.17,0.079041663988386,0.060890192286840256,False
ENSG00000233429.9,0.17,,,False
ENSG00000153814.13,0.15,,,False
ENSG00000170852.12,0.18,,,False
ENSG00000122643.23,0.13,0.021739923597719747,0.1446933867158878,False
ENSG00000197085.11,0.23,-0.07087855185725785,0.011872962018994461,False
ENSG00000173852.16,0.16,,,False
ENSG00000122557.11,0.24,-0.05566746692247882,0.0403238426704103,False
ENSG00000065883.18,0.14,-0.059533866072591146,0.10129991467066388,False
ENSG00000164543.7,0.17,0.21368291536856496,0.04118924469520008,False
ENSG00000288746.2,0.21,0.010257710955359359,0.0030273774704219526,False
ENSG00000058404.21,0.19,,,False
ENSG00000136286.16,0.22,0.1012595498035753,0.10019792311225009,False
ENSG00000185811.21,0.38,-0.07484279418413359,0.07343565794172695,False
ENSG00000164776.11,0.29,,,False
ENSG00000146757.14,0.35,,,False
ENSG00000241258.7,0.19,-0.033999503711644605,0.037777066609318836,False
ENSG00000289015.1,0.17,,,False
ENSG00000154710.18,0.66,-0.38158431806232557,0.05357057196794312,True
ENSG00000196275.16,0.25,-0.0018147787437917371,0.028432865445810855,False
ENSG00000189077.11,0.21,-0.10041858016748266,0.09272240961665083,False
ENSG00000106211.10,0.12,-0.3620201247630415,0.0989739367868382,False
ENSG00000091073.20,0.17,,,False
ENSG00000075142.14,0.1,0.18801638388701195,0.08144884053141883,False
ENSG00000164647.9,0.18,-0.14191606557482736,0.07072574419547888,False
ENSG00000205413.8,0.1,-0.2209610442003318,0.07015650576500376,False
ENSG00000177409.12,0.34,-0.06759690917192114,0.028784943495315768,False
ENSG00000180535.4,0.19,-0.05267851779596918,0.03859125596510637,False
ENSG00000166508.19,0.08,-0.04775129947040555,0.14123083446065396,False
ENSG00000066923.19,0.17,-0.03626013541508994,0.06634403350063203,False
ENSG00000213413.3,0.15,-0.12817520838062232,0.08073743681499028,False
ENSG00000087087.20,0.29,,,False
ENSG00000228393.6,0.22,-0.03287372964864319,0.030702391886378994,False
ENSG00000105835.13,0.17,,,False
ENSG00000105851.11,0.17,,,False
ENSG00000105856.14,0.2,-0.009824858602162203,0.04966329238363505,False
ENSG00000128590.5,0.1,0.04766200545289894,0.04900262555565142,False
ENSG00000105974.13,0.26,-0.05722510684126744,0.04742623109865439,False
ENSG00000196937.11,0.1,0.01917954464396811,0.12070287249456525,False
ENSG00000008311.16,0.22,,,False
ENSG00000081803.17,0.15,-0.04304147747436128,0.007379138878437686,False
ENSG00000179603.19,0.17,-0.020189785539935733,0.0,False
ENSG00000135245.10,0.43,0.09341655346679711,0.028253057971730076,False
ENSG00000231721.8,0.13,-0.04522194175332168,0.11075166758749762,False
ENSG00000122786.20,0.13,,,False
ENSG00000146859.6,0.06,0.048608978606712705,0.053409366787606195,False
ENSG00000272941.1,0.12,,,False
ENSG00000287733.1,0.19,-0.07855907406349286,0.04599853141858785,False
ENSG00000105875.15,0.11,0.04789122315099325,0.05034416575831254,False
ENSG00000182158.16,0.18,-0.1490478437539413,0.044360067906027784,False
ENSG00000059377.19,0.12,-0.0812648315574975,0.037548485702706254,False
ENSG00000211772.11,0.19,-0.037764345365710765,0.03681285421972097,False
ENSG00000291149.1,0.21,-0.015191003454493793,0.027587640871179243,False
ENSG00000155660.11,0.09,-0.04193188180758071,0.14745235470533594,False
ENSG00000284691.1,0.19,-0.11374573745784855,0.0674645133885731,False
ENSG00000033100.17,0.13,,,False
ENSG00000013374.17,0.39,0.2561539944178042,0.06043817643339747,False
ENSG00000186480.13,0.07,-0.007238183901231498,0.08490126072868946,False
ENSG00000155093.20,0.2,0.06113379863286681,0.0825978217219933,False
ENSG00000126870.16,0.45,,,False
ENSG00000147316.15,0.21,,,False
ENSG00000173273.17,0.23,,,False
ENSG00000136573.16,0.16,0.027691246900567883,0.07459845452286572,False
ENSG00000164733.23,0.14,-0.15916041173505316,0.07474474874286252,False
ENSG00000155970.12,0.31,0.02785720714480157,0.013099690169271474,False
ENSG00000120913.24,0.13,-0.06271623093081652,0.051272517141435006,False
ENSG00000008853.18,0.14,0.10143539003439232,0.06683032231486179,False
ENSG00000184661.14,0.13,-0.24223833874923717,0.06376893958865353,False
ENSG00000104765.16,0.12,0.0755166310850048,0.07752416240599976,False
ENSG00000189233.12,0.17,,,False
ENSG00000168081.9,0.18,-0.08020525703181777,0.07527734451553642,False
ENSG00000120875.9,0.21,-0.18954692327339587,0.10622611674074443,False
ENSG00000288964.1,0.14,,,False
ENSG00000247134.8,0.35,0.12608369389507965,0.047261686350573054,False
ENSG00000156675.16,0.13,-0.10179499070301003,0.0756315715986696,False
ENSG00000187840.5,0.11,-0.08295187930893773,0.0898535120246325,False
ENSG00000147535.17,0.19,-0.04483414849720391,0.07001965553694621,False
ENSG00000077782.23,0.24,0.037211254140540335,0.05715991727919167,False
ENSG00000029534.22,0.21,-0.07304152419489503,0.02942000086204573,False
ENSG00000165102.15,0.14,0.10226977700099149,0.03604260605404928,False
ENSG00000104738.19,0.16,-0.011772331063855924,0.07262276961474211,False
ENSG00000168300.14,0.16,-0.017578531197997332,0.06590626520597055,False
ENSG00000147509.14,0.09,0.06286983911614331,0.061932375820230694,False
ENSG00000181690.8,0.19,0.032750802085635036,0.024592264884103827,False
ENSG00000137575.12,0.13,0.013363775080582332,0.07045684255775782,False
ENSG00000198846.6,0.2,0.01778098840167776,0.035983145126074714,False
ENSG00000167912.8,0.18,-0.016576223474309065,0.03326723981976234,False
ENSG00000180828.3,0.09,,,False
ENSG00000067167.8,0.15,-0.10796579013733199,0.0,False
ENSG00000246366.7,0.31,-0.07059906728462227,0.014966011709624848,False
ENSG00000154589.7,0.26,0.05504723225885804,0.06700762770955507,False
ENSG00000164683.19,0.12,,,False
ENSG00000272264.1,0.18,,,False
ENSG00000076641.4,0.08,-0.010026010608616654,0.06512124035932658,False
ENSG00000164687.11,0.15,0.393397504761646,0.11191225517013142,False
ENSG00000133740.11,0.23,-0.014086881351435064,0.0840801204226825,False
ENSG00000185015.8,0.3,-0.04716985465621926,0.01377108616825077,False
ENSG00000104267.10,0.13,-0.020745937353650826,0.04767446842178123,False
ENSG00000085719.13,0.4,,,False
ENSG00000251136.11,0.25,-0.12671279733844326,0.04302408665026919,False
ENSG00000214954.9,0.13,-0.12180467535567131,0.009592344341544006,False
ENSG00000164938.14,0.13,0.08931426710807588,0.0056817072177177885,False
ENSG00000175895.5,0.17,-0.06746152214812456,0.0,False
ENSG00000164920.10,0.13,-0.025793733234873224,0.0,False
ENSG00000155090.15,0.19,-0.04854328638194755,0.04623675968262786,False
ENSG00000164830.19,0.24,-0.08836775359034556,0.02162392316881398,False
ENSG00000253796.4,0.06,,,False
ENSG00000177570.15,0.16,-0.0014095071175331472,0.02385493400366621,False
ENSG00000225885.7,0.13,-0.02809825019284351,0.02269131749836023,False
ENSG00000164761.9,0.11,0.04002636202803721,0.038894113980007625,False
ENSG00000155792.10,0.13,-0.009389019132937352,0.02279287264144707,False
ENSG00000156802.13,0.13,-0.006849093017147048,0.060860335969209485,False
ENSG00000156804.7,0.12,,,False
ENSG00000170873.19,0.15,-0.035714589013470265,0.0,False
ENSG00000104549.12,0.15,,,False
ENSG00000173334.4,0.28,-0.0027993535729398905,0.03723798074604579,False
ENSG00000136997.22,0.6,0.1762828474723519,0.08623742683264783,True
ENSG00000008513.17,0.21,-0.031729214328143886,0.043223426836552864,False
ENSG00000022567.10,0.16,,,False
ENSG00000184489.13,0.25,-0.17011900608062488,0.05268661549423247,False
ENSG00000014164.7,0.15,,,False
ENSG00000289161.2,0.12,0.1155494044638431,0.04657672398621531,False
ENSG00000178209.17,0.22,,,False
ENSG00000196378.13,0.16,,,False
ENSG00000107249.24,0.21,,,False
ENSG00000197646.8,0.21,,,False
ENSG00000099219.15,0.15,,,False
ENSG00000178445.10,0.15,,,False
ENSG00000225489.8,0.57,0.2241628527317231,0.042582444214180275,False
ENSG00000147862.18,0.56,0.06725457095819659,0.012857006662539557,False
ENSG00000155158.20,0.35,,,False
ENSG00000044459.15,0.2,-0.06661284437997717,0.009213108821604412,False
ENSG00000147872.10,0.53,0.17727870190305206,0.022249345588335412,False
ENSG00000147889.18,0.17,-0.12957747282886842,0.057860707727399444,False
ENSG00000107201.11,0.18,-0.08860453884310156,0.030246901007058874,False
ENSG00000086062.13,0.27,0.23960551138183217,0.06496921874540465,False
ENSG00000165272.16,0.14,0.0335822888473959,0.031041661148556936,False
ENSG00000187186.15,0.35,,,False
ENSG00000137101.14,0.14,-0.04397799738848066,0.024157169034012115,False
ENSG00000137078.10,0.1,0.10832943346610285,0.08479539851324416,False
ENSG00000227388.3,0.39,,,False
ENSG00000250850.3,0.2,-0.001166859053893092,0.02698389025690692,False
ENSG00000147905.18,0.21,-0.10060630969008225,0.0,False
ENSG00000137106.18,0.07,0.0009768856644920161,0.08553805373158765,False
ENSG00000290848.1,0.24,,,False
ENSG00000233178.7,0.09,,,False
ENSG00000119138.5,0.13,0.020943267535887874,0.014704737764050436,False
ENSG00000119125.17,0.15,-0.009988768036118999,0.03134758108992805,False
ENSG00000135046.14,0.54,0.02251950041641115,0.010012750442877597,False
ENSG00000106733.21,0.14,0.01138641144049087,0.051533150830185476,False
ENSG00000135069.14,0.18,-0.07981720985264092,0.06771866271306404,False
ENSG00000106829.21,0.4,-0.12515869588862544,0.036007534510760136,False
ENSG00000196781.16,0.17,-0.04332853804106595,0.02238533079249719,False
ENSG00000148053.18,0.15,-0.016181119620178045,0.050260587368154565,False
ENSG00000083223.18,0.18,-0.06691082943510179,0.07062544030706508,False
ENSG00000123975.5,0.09,-0.0461110227473436,0.12864183066037124,False
ENSG00000187764.12,0.15,0.12546108554108304,0.06641765430530144,False
ENSG00000148090.12,0.32,-0.04883056155673763,0.0,False
ENSG00000157303.11,0.36,-0.05142848622441318,0.05164731750260722,False
ENSG00000131669.10,0.13,0.04552653622673719,0.04252531380568294,False
ENSG00000148120.19,0.28,0.08627605953418889,0.028078544735679216,False
ENSG00000081386.13,0.28,,,False
ENSG00000136824.19,0.07,,,False
ENSG00000070214.17,0.15,0.03338381385508268,0.06451731533928826,False
ENSG00000157654.19,0.13,-0.09507580921238527,0.05242878416741335,False
ENSG00000106853.20,0.29,-0.024932587785658777,0.039568503793463855,False
ENSG00000059769.20,0.25,,,False
ENSG00000148154.10,0.2,0.10570704805058566,0.06574042633556797,False
ENSG00000106927.12,0.35,0.06862585053813484,0.032757602409798234,False
ENSG00000119403.15,0.53,0.2671060850616705,0.07218060239985336,False
ENSG00000056558.11,0.05,-0.06760692583335698,0.07044147986952513,False
ENSG00000148175.13,0.15,,,False
ENSG00000095303.17,0.28,,,False
ENSG00000119408.17,0.39,0.2954400588834854,0.08416428950576853,False
ENSG00000148200.17,0.32,-0.02435871531536602,0.011504411438257011,False
ENSG00000289285.1,0.03,,,False
ENSG00000044574.9,0.13,-0.046864186357468605,0.06305927889646094,False
ENSG00000136840.19,0.17,-0.06942908224851975,0.10935863410769692,False
ENSG00000167106.12,0.33,0.06043244304545754,0.031873037890036746,False
ENSG00000167110.19,0.21,-0.06661679822341003,0.059580987204169725,False
ENSG00000167112.10,0.35,,,False
ENSG00000167123.20,0.17,-0.04069660707425917,0.010402435084090802,False
ENSG00000130707.18,0.18,-0.08439133087315727,0.04903872969782065,False
ENSG00000169925.17,0.19,0.058623619292399405,0.0737598665388281,False
ENSG00000165689.17,0.1,,,False
ENSG00000165688.14,0.1,,,False
ENSG00000180549.8,0.28,-0.1360835715017672,0.06764435530947285,False
ENSG00000197191.7,0.11,0.02478805921616268,0.0003838103683378052,False
ENSG00000188229.6,0.07,0.11940713420170757,0.10809631362885144,False
ENSG00000187609.16,0.14,-0.057516820584212924,0.008056197400744893,False
ENSG00000212907.2,0.74,,,True
ENSG00000198786.2,0.4,,,False
ENSG00000198695.2,0.35,0.27347142240135563,0.11570514639000092,False
ENSG00000226179.6,0.17,-0.035788776060363944,0.03545543068840053,False
ENSG00000185291.12,0.3,-0.03182103653384373,0.05691087408191738,False
ENSG00000169093.16,0.27,0.12415885017026758,0.05220312631616036,False
ENSG00000182162.11,0.25,0.03145594736403831,0.0780441681987586,False
ENSG00000291040.1,0.14,,,False
ENSG00000002586.20,0.4,-0.30313912630130374,0.08035709665873414,False
ENSG00000047644.20,0.24,0.0017841245693835633,0.0,False
ENSG00000005302.19,0.21,,,False
ENSG00000196664.5,0.16,0.07958134207697451,0.028447639351288738,False
ENSG00000176896.9,0.11,,,False
ENSG00000123595.8,0.27,0.23201019256823638,0.17875956003423413,False
ENSG00000046651.16,0.33,-0.1899140702206866,0.12120985269884563,False
ENSG00000182287.15,0.22,,,False
ENSG00000047634.15,0.25,0.10817556495733029,0.013625654012757761,False
ENSG00000008086.13,0.15,,,False
ENSG00000130066.17,0.31,0.14714851531786818,0.13582092911340593,False
ENSG00000120280.6,0.35,-0.12317481358806565,0.09814106892118907,False
ENSG00000165168.9,0.19,-0.06568175154666579,0.06498679394477586,False
ENSG00000165175.17,0.21,-0.0007925134283502088,0.10493618295313577,False
ENSG00000171657.6,0.18,-0.01727962693062767,0.044694516262261286,False
ENSG00000230844.3,0.13,,,False
ENSG00000102265.12,0.14,-0.05025606175676254,0.16467359486454158,False
ENSG00000102096.10,0.14,0.06234539448460002,0.07392704355262006,False
ENSG00000196998.19,0.15,-0.13048615841039174,0.028315445714551635,False
ENSG00000189369.9,0.16,,,False
ENSG00000226310.2,0.25,,,False
ENSG00000235437.10,0.18,,,False
ENSG00000147168.14,0.11,,,False
ENSG00000186810.8,0.18,-0.09065383688222835,0.06606007892622376,False
ENSG00000230590.13,0.21,-0.07475046418302718,0.010051931033970264,False
ENSG00000102144.15,0.06,-0.14587382368045274,0.0756618033894004,False
ENSG00000173198.6,0.28,-0.013081352528979845,0.0451882662786578,False
ENSG00000078589.13,0.19,0.015141113325649817,0.04026782147104102,False
ENSG00000147138.3,0.16,-0.0052688394684005,0.044928941353065945,False
ENSG00000078596.11,0.24,-0.11231546637346496,0.14024763036378407,False
ENSG00000198157.11,0.17,0.03028463464009914,0.06312083662691773,False
ENSG00000102393.15,0.16,-0.09564553291038376,0.10248998752079624,False
ENSG00000126947.13,0.37,-0.06678052991910492,0.0193100922176153,False
ENSG00000102409.10,0.25,0.014477324706465221,0.09753147417248387,False
ENSG00000133134.12,0.15,0.02998699772024427,0.021080641068863815,False
ENSG00000166681.14,0.34,0.045633508366100334,0.033135114925057545,False
ENSG00000231728.5,0.14,,,False
ENSG00000269743.3,0.17,-0.015859627717440115,0.04108772357207865,False
ENSG00000157514.18,0.11,0.01771069725082335,0.07325651090489507,False
ENSG00000241743.4,0.18,0.015547177951618368,0.11065830021762851,False
ENSG00000102024.19,0.25,-0.05171519003109559,0.03311444706602526,False
ENSG00000235244.6,0.17,,,False
ENSG00000005893.17,0.21,0.15368585002111296,0.08159582912364442,False
ENSG00000171155.8,0.19,-0.1074141905061317,0.06093632988233636,False
ENSG00000134594.5,0.17,-0.013043484239692036,0.029983525908922632,False
ENSG00000076716.9,0.15,-0.04142291072201474,0.01859409247523918,False
ENSG00000232611.1,0.19,,,False
ENSG00000029993.15,0.12,,,False
ENSG00000180879.14,0.0,0.13315066164014785,0.07322476797315418,False
ENSG00000102032.13,0.22,,,False
ENSG00000196924.19,0.14,0.02119131729936398,0.08087565375430385,False
ENSG00000291032.1,0.16,,,False
ENSG00000291031.1,0.47,,,False
