gene,weight_mean,weight_sd,virus
ENSG00000228794.12,0.023502465332735038,0.06542058157850601,Epstein-Barr virus
ENSG00000291156.1,-0.04940294249321114,0.04776984282922498,Epstein-Barr virus
ENSG00000186891.14,-0.005016285563459455,0.08063889642488681,Epstein-Barr virus
ENSG00000186827.12,0.0333269981033364,0.023604339610815355,Epstein-Barr virus
ENSG00000160072.20,0.039595987399687706,0.2096000281916271,Epstein-Barr virus
ENSG00000215014.5,0.012588365118260765,0.028139209280700284,Epstein-Barr virus
ENSG00000197530.13,0.05497224118322594,0.0871867603082999,Epstein-Barr virus
ENSG00000008130.15,-0.03035944733832469,0.06434814019727118,Epstein-Barr virus
ENSG00000272449.3,-0.07168173885480739,0.028552879063061223,Epstein-Barr virus
ENSG00000157873.18,0.25111858424956346,0.1658038212091016,Epstein-Barr virus
ENSG00000228037.1,0.01277555114667273,0.042367934619432834,Epstein-Barr virus
ENSG00000157870.17,0.10802332944736791,0.06306014015110045,Epstein-Barr virus
ENSG00000162413.17,-0.008637375951751151,0.023127785434957186,Epstein-Barr virus
ENSG00000049249.10,-0.019517025639090295,0.06031924298250405,Epstein-Barr virus
ENSG00000074800.16,-0.21487965519074034,0.16842470025063508,Epstein-Barr virus
ENSG00000142583.18,-0.12409167991069879,0.05859073609454785,Epstein-Barr virus
ENSG00000179840.5,0.0814022904456949,0.020002351642253093,Epstein-Barr virus
ENSG00000231789.4,-0.07258028073906371,0.12091815211959732,Epstein-Barr virus
ENSG00000116663.11,0.2182903716989321,0.13701276264085654,Epstein-Barr virus
ENSG00000285646.2,0.04885759006598373,0.033196236827579134,Epstein-Barr virus
ENSG00000028137.19,-0.24734279908947268,0.15821284195455995,Epstein-Barr virus
ENSG00000162496.9,-0.0464427939171431,0.03278402756933256,Epstein-Barr virus
ENSG00000189337.17,-0.02855877272404989,0.03607617997536775,Epstein-Barr virus
ENSG00000233954.7,0.02106558578462696,0.02186780531266463,Epstein-Barr virus
ENSG00000291077.1,-0.014746921208756045,0.04677877196155405,Epstein-Barr virus
ENSG00000132881.12,-0.17819050295048222,0.04440755999115425,Epstein-Barr virus
ENSG00000291072.1,0.0004217721166859904,0.06064019565622755,Epstein-Barr virus
ENSG00000158825.6,-0.0010999054427657644,0.023072237997487043,Epstein-Barr virus
ENSG00000117318.9,-0.12171373071219627,0.19850161373304906,Epstein-Barr virus
ENSG00000179163.12,0.5093268543165971,0.08529087528959567,Epstein-Barr virus
ENSG00000001460.18,0.002418184245464135,0.03961440148855164,Epstein-Barr virus
ENSG00000117616.18,-0.2212785947918473,0.1249812737788487,Epstein-Barr virus
ENSG00000117632.23,-0.27420572432607493,0.1084631235275272,Epstein-Barr virus
ENSG00000142675.18,-0.0030618269615983046,0.036928949646587356,Epstein-Barr virus
ENSG00000175793.12,0.12562244147891502,0.052138201945498716,Epstein-Barr virus
ENSG00000142765.18,-0.06530240089827677,0.06237102501306547,Epstein-Barr virus
ENSG00000000938.13,-0.02235260255273194,0.06295610834337437,Epstein-Barr virus
ENSG00000126709.16,-0.043408716301743484,0.09776046626273409,Epstein-Barr virus
ENSG00000130775.16,-0.019129575866961582,0.0569239072036394,Epstein-Barr virus
ENSG00000169403.12,-0.16886020876448557,0.0673423110842574,Epstein-Barr virus
ENSG00000270605.1,0.038551532399930345,0.04161932719479373,Epstein-Barr virus
ENSG00000130766.5,0.12688526494926192,0.07441790608814325,Epstein-Barr virus
ENSG00000197989.15,0.18692572953441586,0.08779991391637278,Epstein-Barr virus
ENSG00000134644.16,-0.07794439570416396,0.08970168184214118,Epstein-Barr virus
ENSG00000121769.8,0.02706751507064964,0.034876882619628964,Epstein-Barr virus
ENSG00000168528.12,0.1554903644302272,0.11372532237809142,Epstein-Barr virus
ENSG00000284543.1,0.02637342773834317,0.020108231934041088,Epstein-Barr virus
ENSG00000160050.16,0.1858207925640486,0.14584651554179046,Epstein-Barr virus
ENSG00000182866.18,0.20873414093601714,0.10692383939042292,Epstein-Barr virus
ENSG00000175130.7,-0.10876876690566763,0.09019495954254036,Epstein-Barr virus
ENSG00000197056.11,0.047566430586647356,0.02700332481032469,Epstein-Barr virus
ENSG00000092853.14,0.32420691372387306,0.09824772591268749,Epstein-Barr virus
ENSG00000163874.11,0.07607339951723226,0.07985501273616528,Epstein-Barr virus
ENSG00000134690.11,-0.1962103783082417,0.10623667748897225,Epstein-Barr virus
ENSG00000185668.8,-0.03552547319196605,0.013823758966056938,Epstein-Barr virus
ENSG00000127603.32,0.08724102674139256,0.1720276648826732,Epstein-Barr virus
ENSG00000168389.18,0.028143100501562185,0.1100101567950755,Epstein-Barr virus
ENSG00000049089.15,0.04369421646429327,0.1197108697866158,Epstein-Barr virus
ENSG00000243710.8,-0.025505810729844373,0.04615021891455319,Epstein-Barr virus
ENSG00000117399.14,0.3185805320099551,0.07594703319694948,Epstein-Barr virus
ENSG00000196517.13,0.022031674396164585,0.012740609713117598,Epstein-Barr virus
ENSG00000198520.12,-0.2518956768837284,0.10049050675801814,Epstein-Barr virus
ENSG00000173846.13,0.08916717599098618,0.05464835140543118,Epstein-Barr virus
ENSG00000132780.17,0.21096947701479066,0.07610625788203713,Epstein-Barr virus
ENSG00000117472.10,0.0340484211485459,0.03626743456955721,Epstein-Barr virus
ENSG00000123080.12,-0.28825980685432545,0.09890785927146278,Epstein-Barr virus
ENSG00000169213.7,0.12536415123720093,0.03776076436999667,Epstein-Barr virus
ENSG00000134744.14,-0.03201713078061281,0.06340981812455757,Epstein-Barr virus
ENSG00000116157.6,-0.02871743895163072,0.027178338328667062,Epstein-Barr virus
ENSG00000058799.15,0.007033317360265973,0.041943707477713955,Epstein-Barr virus
ENSG00000116133.13,-0.09677156649919581,0.06299445482270008,Epstein-Barr virus
ENSG00000177606.9,-0.24747955053325618,0.11140003111143135,Epstein-Barr virus
ENSG00000237352.6,0.10249079913312102,0.034436148364129386,Epstein-Barr virus
ENSG00000162434.14,0.1655467921677214,0.08388924020590026,Epstein-Barr virus
ENSG00000162433.15,0.2462302980033336,0.14244062670961496,Epstein-Barr virus
ENSG00000184588.18,-0.03519346482686012,0.11605331108464115,Epstein-Barr virus
ENSG00000116717.13,0.3035686104904542,0.11570667016752179,Epstein-Barr virus
ENSG00000024526.17,-0.07992618615390469,0.12488348005170946,Epstein-Barr virus
ENSG00000116761.12,0.005092075248178655,0.08866282316551417,Epstein-Barr virus
ENSG00000162623.16,0.3413702306101026,0.11643575104716754,Epstein-Barr virus
ENSG00000162616.9,0.04297468150887368,0.0864931247473144,Epstein-Barr virus
ENSG00000137959.17,0.07313691755238898,0.1518564615831835,Epstein-Barr virus
ENSG00000137965.11,0.25084000478044993,0.08557170385273129,Epstein-Barr virus
ENSG00000234184.8,0.1943516709802429,0.0808727058549106,Epstein-Barr virus
ENSG00000137941.17,0.0692218830264336,0.07490461548455168,Epstein-Barr virus
ENSG00000117151.13,0.018967279208170738,0.0510772786973744,Epstein-Barr virus
ENSG00000153898.13,0.007514434363945534,0.09359397298674821,Epstein-Barr virus
ENSG00000153936.18,0.15160855582887886,0.12289579520386687,Epstein-Barr virus
ENSG00000143013.13,0.41030756056759304,0.15794689851082797,Epstein-Barr virus
ENSG00000117228.11,-0.050868165041381475,0.045779211859048576,Epstein-Barr virus
ENSG00000162645.13,0.23109569986215295,0.11242190335236787,Epstein-Barr virus
ENSG00000162654.9,-0.06160401889032921,0.03310721084407507,Epstein-Barr virus
ENSG00000067208.17,-0.09750751889802552,0.046720020694357926,Epstein-Barr virus
ENSG00000154511.12,0.01737278052471616,0.05392845369754824,Epstein-Barr virus
ENSG00000223745.8,-0.14862585088732685,0.10068559067434703,Epstein-Barr virus
ENSG00000117519.16,-0.141548768119751,0.09016996993079328,Epstein-Barr virus
ENSG00000170989.10,0.015890920722867175,0.09483156416191955,Epstein-Barr virus
ENSG00000177272.10,0.06342433665775223,0.05481634536482216,Epstein-Barr virus
ENSG00000143119.14,0.34032593051233656,0.2072318968258415,Epstein-Barr virus
ENSG00000162777.17,-0.027965738339052706,0.2273762623886432,Epstein-Barr virus
ENSG00000064886.14,0.212765613707816,0.11686212932824876,Epstein-Barr virus
ENSG00000155366.17,-0.023804016455716476,0.1309601678758121,Epstein-Barr virus
ENSG00000134242.16,-0.06650920568159112,0.055763174457566865,Epstein-Barr virus
ENSG00000116815.16,-0.249798128172762,0.19429828177325636,Epstein-Barr virus
ENSG00000134256.13,0.023685064245007454,0.040406277925858984,Epstein-Barr virus
ENSG00000183508.5,-0.06988720498472141,0.07372540054482973,Epstein-Barr virus
ENSG00000092607.15,-0.033146922486100745,0.04037447388370587,Epstein-Barr virus
ENSG00000092621.13,-0.10141394792330706,0.14569661859443644,Epstein-Barr virus
ENSG00000186364.12,0.05487583366071963,0.0536004119957732,Epstein-Barr virus
ENSG00000265972.6,0.06309813366612325,0.10702271206388152,Epstein-Barr virus
ENSG00000131791.8,0.06601948906085113,0.01296869102691367,Epstein-Barr virus
ENSG00000289614.2,0.09277104369140023,0.0333847369418563,Epstein-Barr virus
ENSG00000290791.1,-0.04236811144328038,0.08940731485756238,Epstein-Barr virus
ENSG00000184678.11,0.11970092231297157,0.02039057853048446,Epstein-Barr virus
ENSG00000184260.6,-0.13806256369772976,0.10939163681621726,Epstein-Barr virus
ENSG00000143401.15,-0.13362316264217733,0.12302475531603531,Epstein-Barr virus
ENSG00000118292.9,-0.028267659826068808,0.12086449479895477,Epstein-Barr virus
ENSG00000228126.1,0.03251232629095627,0.011279538180207539,Epstein-Barr virus
ENSG00000143384.14,-0.1187580695123691,0.14297454634518472,Epstein-Barr virus
ENSG00000143457.11,-0.12912796158498388,0.06961615072068522,Epstein-Barr virus
ENSG00000163131.12,-0.025775450864935767,0.11891863123749369,Epstein-Barr virus
ENSG00000143443.10,0.024610032744163467,0.06084983705781156,Epstein-Barr virus
ENSG00000163191.6,0.11331215549164886,0.0815658825168917,Epstein-Barr virus
ENSG00000186226.9,0.07128666459137019,0.05273354369632132,Epstein-Barr virus
ENSG00000197084.6,0.017943364612244713,0.015991268860338057,Epstein-Barr virus
ENSG00000196734.9,0.02810937094894426,0.015894691770392495,Epstein-Barr virus
ENSG00000163220.11,-0.12081862058956416,0.042727770886538396,Epstein-Barr virus
ENSG00000197956.10,0.13468712166195956,0.10188058380766937,Epstein-Barr virus
ENSG00000196154.12,-0.05663446585380603,0.033499415124953656,Epstein-Barr virus
ENSG00000189171.15,0.04301197728021589,0.05006863610096038,Epstein-Barr virus
ENSG00000169418.10,-0.00974982304019321,0.025146555297979788,Epstein-Barr virus
ENSG00000282386.1,0.028029228705817134,0.019660244046685975,Epstein-Barr virus
ENSG00000163346.17,0.0683819793224917,0.06563351109759004,Epstein-Barr virus
ENSG00000173207.13,-0.09465986717642975,0.08924095786168502,Epstein-Barr virus
ENSG00000179085.8,-0.17569735660788113,0.16490765277769098,Epstein-Barr virus
ENSG00000177628.16,0.05360940982745795,0.016194138647099628,Epstein-Barr virus
ENSG00000160752.15,0.29770281718795105,0.10650577240471401,Epstein-Barr virus
ENSG00000116539.14,0.2934056062219067,0.08781369368809014,Epstein-Barr virus
ENSG00000143622.12,0.1928910470056092,0.07612376797492182,Epstein-Barr virus
ENSG00000160789.24,0.19749337473622755,0.07951196751178416,Epstein-Barr virus
ENSG00000196189.14,0.03285158660581864,0.12524310726679472,Epstein-Barr virus
ENSG00000160781.17,-0.009583880096278736,0.03758400879934061,Epstein-Barr virus
ENSG00000143297.19,-0.08440669263855206,0.10626832806521516,Epstein-Barr virus
ENSG00000163563.8,-0.21697747123319747,0.12175278393546599,Epstein-Barr virus
ENSG00000163564.15,0.06228811746364776,0.046842226628085445,Epstein-Barr virus
ENSG00000163568.16,0.26632382676443606,0.05748334032682511,Epstein-Barr virus
ENSG00000171786.6,0.05800807448256313,0.03673014367237854,Epstein-Barr virus
ENSG00000162739.14,-0.052284590760961064,0.0424949330949762,Epstein-Barr virus
ENSG00000066294.15,0.05499659178378774,0.056002796756102646,Epstein-Barr virus
ENSG00000117090.16,0.010879492506218025,0.10973919693988961,Epstein-Barr virus
ENSG00000117091.10,-0.04390218987363645,0.11535302201848391,Epstein-Barr virus
ENSG00000026751.17,-0.27709667003151933,0.0978174775380424,Epstein-Barr virus
ENSG00000122224.18,0.036661095284166785,0.09822437556077178,Epstein-Barr virus
ENSG00000158850.15,-0.09595151655486905,0.1566628679663948,Epstein-Barr virus
ENSG00000289106.2,0.013944008068329935,0.015788950176405078,Epstein-Barr virus
ENSG00000288093.1,-0.010286062689131575,0.06935947277460715,Epstein-Barr virus
ENSG00000072694.22,-0.1611744935897105,0.14303706190720428,Epstein-Barr virus
ENSG00000132185.18,0.25932137264879546,0.10999983181941642,Epstein-Barr virus
ENSG00000143228.13,0.1219077917299531,0.12208860553200944,Epstein-Barr virus
ENSG00000143198.13,-0.027675251927936,0.07990206619532295,Epstein-Barr virus
ENSG00000143158.11,0.11451956137928959,0.0682296005921625,Epstein-Barr virus
ENSG00000143184.5,-0.01860236939928164,0.05493057518236328,Epstein-Barr virus
ENSG00000143153.14,-0.0754333622183932,0.10115180133244889,Epstein-Barr virus
ENSG00000188404.10,-0.12132903331122612,0.08071943952274478,Epstein-Barr virus
ENSG00000117586.11,0.04705300285349807,0.08849602309748132,Epstein-Barr virus
ENSG00000227373.6,-0.04983326014693721,0.0706801381845478,Epstein-Barr virus
ENSG00000152061.24,0.15339645427730064,0.08283333920042427,Epstein-Barr virus
ENSG00000289425.1,0.04706920950488675,0.03575241454692563,Epstein-Barr virus
ENSG00000120332.17,0.04667166672416544,0.03266050924215934,Epstein-Barr virus
ENSG00000116191.19,-0.03211545907857668,0.06995366424536688,Epstein-Barr virus
ENSG00000116260.17,0.06956301129539642,0.07123096522344191,Epstein-Barr virus
ENSG00000135821.19,-0.048982206313021116,0.1231647956991495,Epstein-Barr virus
ENSG00000135828.11,0.05968789576703354,0.0430206825820365,Epstein-Barr virus
ENSG00000143333.7,-0.3659421812727415,0.07559658518814377,Epstein-Barr virus
ENSG00000116701.16,0.1047206898915811,0.13299963142304702,Epstein-Barr virus
ENSG00000162704.16,-0.5368137976942511,0.1284291833174611,Epstein-Barr virus
ENSG00000116406.20,0.01564521651712433,0.09060998161853208,Epstein-Barr virus
ENSG00000116668.13,-0.0011002220302066955,0.02617570708345691,Epstein-Barr virus
ENSG00000090104.12,-0.2873545842898565,0.1627531586284691,Epstein-Barr virus
ENSG00000127074.15,-0.08269642070701679,0.03712025316919401,Epstein-Barr virus
ENSG00000116741.8,-0.02228208256720712,0.07676483366503756,Epstein-Barr virus
ENSG00000066279.19,-0.17914134281232993,0.11622828233128099,Epstein-Barr virus
ENSG00000081237.21,-0.2851146434719618,0.11474101002264428,Epstein-Barr virus
ENSG00000229989.6,0.05197983443145394,0.02623722346297747,Epstein-Barr virus
ENSG00000162702.8,-0.25232051592085586,0.1138997396048443,Epstein-Barr virus
ENSG00000163362.11,-0.024080512042702017,0.044961930022937045,Epstein-Barr virus
ENSG00000174307.7,0.03263263522311566,0.08778874368849089,Epstein-Barr virus
ENSG00000077152.12,0.10546523961160974,0.07616738326045885,Epstein-Barr virus
ENSG00000117139.18,-0.09625477177617574,0.05916686310829086,Epstein-Barr virus
ENSG00000231507.4,0.027539321040665938,0.05392025734219535,Epstein-Barr virus
ENSG00000159388.6,0.13853750982659477,0.07145015576637664,Epstein-Barr virus
ENSG00000122188.13,0.05761720896028719,0.05396324359815068,Epstein-Barr virus
ENSG00000198625.14,0.32335604105531934,0.10729553266465455,Epstein-Barr virus
ENSG00000117280.13,-0.2591333817878108,0.04553638912779519,Epstein-Barr virus
ENSG00000136634.7,0.03719792736374012,0.045928456503554524,Epstein-Barr virus
ENSG00000162894.12,0.08612246961029879,0.06815695264841146,Epstein-Barr virus
ENSG00000162896.6,-0.04302734038782277,0.023512767380491455,Epstein-Barr virus
ENSG00000180667.11,0.08817337561257188,0.04635537611217392,Epstein-Barr virus
ENSG00000196352.18,-0.15176753051767514,0.075049254100124,Epstein-Barr virus
ENSG00000123689.6,0.015479897951996335,0.012807984425004646,Epstein-Barr virus
ENSG00000009790.15,0.041677385442251684,0.13125800988411046,Epstein-Barr virus
ENSG00000117650.13,-0.04944851737131948,0.06682855817109161,Epstein-Barr virus
ENSG00000162772.18,0.054792669794362266,0.08277189404375754,Epstein-Barr virus
ENSG00000162769.13,0.18134755883293516,0.05336573238229906,Epstein-Barr virus
ENSG00000117724.15,-0.02680040775065905,0.13239081177986117,Epstein-Barr virus
ENSG00000118873.17,0.2922038160786707,0.09105726099560074,Epstein-Barr virus
ENSG00000117791.16,0.0009902130051155202,0.025894918161129963,Epstein-Barr virus
ENSG00000143507.18,-0.15925134092800997,0.10555856707411593,Epstein-Barr virus
ENSG00000162909.18,0.0024492208884252277,0.03665405137855414,Epstein-Barr virus
ENSG00000143514.18,0.029916029789112644,0.010226077164525388,Epstein-Barr virus
ENSG00000289341.2,0.11475950844723203,0.07356875955011948,Epstein-Barr virus
ENSG00000185155.12,0.01297977799737716,0.027522678114019143,Epstein-Barr virus
ENSG00000143772.11,0.03772959360356295,0.04792720945218156,Epstein-Barr virus
ENSG00000143776.20,-0.12139892964697381,0.02239643722822776,Epstein-Barr virus
ENSG00000181218.6,0.010080152399367534,0.04562512351736799,Epstein-Barr virus
ENSG00000135776.5,0.033192625280502125,0.04729409112344344,Epstein-Barr virus
ENSG00000143641.10,-0.035205835298197256,0.14234053655455645,Epstein-Barr virus
ENSG00000135775.14,0.04277358808004348,0.081036743535302,Epstein-Barr virus
ENSG00000135750.15,0.170859027915632,0.05604734420955149,Epstein-Barr virus
ENSG00000231663.3,-0.030761573318203072,0.05818002693676396,Epstein-Barr virus
ENSG00000077585.14,-0.07207423662018618,0.04582994324447436,Epstein-Barr virus
ENSG00000086619.15,-0.11068944047471663,0.08273365949902776,Epstein-Barr virus
ENSG00000289439.2,0.08731178032678744,0.07879364986417914,Epstein-Barr virus
ENSG00000188295.15,0.0034009655742854397,0.06395172937535884,Epstein-Barr virus
ENSG00000067057.19,-0.3642509911747395,0.0880999984141727,Epstein-Barr virus
ENSG00000067082.15,-0.20776880941322143,0.10037672486606776,Epstein-Barr virus
ENSG00000134452.20,-0.18151557399139448,0.07753281089786711,Epstein-Barr virus
ENSG00000170525.21,0.04263372614041016,0.0335575678397081,Epstein-Barr virus
ENSG00000107537.14,0.0868934714924723,0.031193799816295317,Epstein-Barr virus
ENSG00000151474.23,0.006764270135433868,0.03518773494486953,Epstein-Barr virus
ENSG00000026025.16,0.13510992501262856,0.11378128323893136,Epstein-Barr virus
ENSG00000165996.14,-0.10212407405443728,0.0701337617638154,Epstein-Barr virus
ENSG00000240291.1,0.02601860879528119,0.018523130030859796,Epstein-Barr virus
ENSG00000165997.5,-0.051916520083962414,0.060044419561069116,Epstein-Barr virus
ENSG00000150867.14,-0.00824707188092124,0.07149706174197995,Epstein-Barr virus
ENSG00000107968.10,-0.06466012914368134,0.07218124238847232,Epstein-Barr virus
ENSG00000165322.18,0.02005636825641013,0.05665006459171892,Epstein-Barr virus
ENSG00000150093.20,0.23207025847652685,0.09515086307354685,Epstein-Barr virus
ENSG00000169826.8,0.03449763160477318,0.037382393457371946,Epstein-Barr virus
ENSG00000107551.21,0.032290470727021785,0.05754839467981965,Epstein-Barr virus
ENSG00000012779.12,-0.05207175684433401,0.0847962928744875,Epstein-Barr virus
ENSG00000165406.16,0.13150312118816365,0.02973197417070631,Epstein-Barr virus
ENSG00000225830.16,0.10750642939765825,0.028111207090111986,Epstein-Barr virus
ENSG00000122952.17,-0.31279207134096004,0.08671201348854227,Epstein-Barr virus
ENSG00000170312.17,0.29499704276088595,0.1553977588287116,Epstein-Barr virus
ENSG00000150347.17,-0.11671441432587663,0.10348681908244502,Epstein-Barr virus
ENSG00000122877.18,-0.08142581407586039,0.08208114077339453,Epstein-Barr virus
ENSG00000228065.13,-0.04293881827391336,0.02862616324795552,Epstein-Barr virus
ENSG00000165732.14,0.2958481314720401,0.09106819491635618,Epstein-Barr virus
ENSG00000122862.5,0.06556207646690014,0.13070910152653953,Epstein-Barr virus
ENSG00000107738.20,-0.01942089144708799,0.0957733365748387,Epstein-Barr virus
ENSG00000197746.15,0.017821678938912528,0.12165700607195651,Epstein-Barr virus
ENSG00000168209.6,0.191599670102411,0.10796194334682879,Epstein-Barr virus
ENSG00000122884.13,0.23868949574553958,0.09395001559389696,Epstein-Barr virus
ENSG00000213551.7,0.09861283731562344,0.07847315065436787,Epstein-Barr virus
ENSG00000196968.11,-0.17105237542926796,0.05274797083783058,Epstein-Barr virus
ENSG00000156113.25,0.21178562166101156,0.11514165158889618,Epstein-Barr virus
ENSG00000108175.19,0.03123115223344432,0.03975823513015308,Epstein-Barr virus
ENSG00000285972.1,-0.1015288179859281,0.08595977667164395,Epstein-Barr virus
ENSG00000188373.5,0.3219226208137352,0.05558085307078115,Epstein-Barr virus
ENSG00000107771.17,-0.057451698958933366,0.05679307733596368,Epstein-Barr virus
ENSG00000171862.15,0.044957058037708025,0.06461607628487281,Epstein-Barr virus
ENSG00000107796.13,0.16781991180518388,0.06011266533513876,Epstein-Barr virus
ENSG00000286116.1,-0.05583203503997958,0.023664465091356515,Epstein-Barr virus
ENSG00000107798.18,0.14837138667453445,0.07840074322564254,Epstein-Barr virus
ENSG00000119922.11,0.07449088059671763,0.09870857846419494,Epstein-Barr virus
ENSG00000119917.15,0.08720492486760652,0.11916134977119755,Epstein-Barr virus
ENSG00000185745.10,-0.1042635623058031,0.10850146626060676,Epstein-Barr virus
ENSG00000152778.10,0.03567476516324204,0.08018103324533815,Epstein-Barr virus
ENSG00000138182.15,-0.01542826947687758,0.10524610687326853,Epstein-Barr virus
ENSG00000107864.15,0.014534405552651633,0.01700296865518636,Epstein-Barr virus
ENSG00000152804.11,-0.012411911489625907,0.011490384188045393,Epstein-Barr virus
ENSG00000119969.16,0.154299355207254,0.12126837681005687,Epstein-Barr virus
ENSG00000107438.9,-0.07881216735376358,0.0388944248805976,Epstein-Barr virus
ENSG00000273162.1,0.08942967455158447,0.04944699742657492,Epstein-Barr virus
ENSG00000120049.20,-0.041687085820333813,0.03100321495979295,Epstein-Barr virus
ENSG00000077150.21,-0.32383233286586366,0.13712476967546902,Epstein-Barr virus
ENSG00000119950.21,0.04118256414036492,0.030352215889783245,Epstein-Barr virus
ENSG00000138166.6,0.12853150751475526,0.06920590234853433,Epstein-Barr virus
ENSG00000150593.18,-0.028240201607068496,0.08977378152678239,Epstein-Barr virus
ENSG00000099204.22,0.1797237157363879,0.03231193696647295,Epstein-Barr virus
ENSG00000165868.16,-0.101460728114533,0.07488582013144907,Epstein-Barr virus
ENSG00000119979.18,0.1273932665742638,0.0782670355557537,Epstein-Barr virus
ENSG00000198825.15,0.03424954615652043,0.06285350075637651,Epstein-Barr virus
ENSG00000107679.15,-0.04443223663127596,0.052689012890529324,Epstein-Barr virus
ENSG00000188620.11,0.03177859521087808,0.04926447318791911,Epstein-Barr virus
ENSG00000226899.1,0.0037995003684546933,0.03808061032499657,Epstein-Barr virus
ENSG00000107938.18,-0.2704205424208763,0.0717933517472838,Epstein-Barr virus
ENSG00000148773.14,-0.0037226494239026298,0.06358746367467867,Epstein-Barr virus
ENSG00000176171.12,0.28971999567963164,0.08799603400585307,Epstein-Barr virus
ENSG00000151651.16,-0.14746800612623642,0.107288718962917,Epstein-Barr virus
ENSG00000148832.16,-0.10662970568117192,0.0885867377265846,Epstein-Barr virus
ENSG00000142102.16,-0.06474120272666307,0.0475890850337447,Epstein-Barr virus
ENSG00000185201.18,-0.0056308095315036584,0.11082203138610316,Epstein-Barr virus
ENSG00000185885.17,-0.03528656561200359,0.12497224235321168,Epstein-Barr virus
ENSG00000185187.13,0.08724062209392876,0.04989209397987042,Epstein-Barr virus
ENSG00000247095.5,0.08308622600342674,0.06057854944484135,Epstein-Barr virus
ENSG00000185507.21,-0.4492485208064387,0.13147326501061435,Epstein-Barr virus
ENSG00000099834.19,0.01191095135206019,0.009843251831174545,Epstein-Barr virus
ENSG00000177106.17,-0.11149361244212569,0.12512670946863785,Epstein-Barr virus
ENSG00000184524.6,-0.1443013749956553,0.10835877125724193,Epstein-Barr virus
ENSG00000177666.17,0.006792971023316221,0.040863915710958404,Epstein-Barr virus
ENSG00000110651.13,0.049155390412596055,0.12576654528235115,Epstein-Barr virus
ENSG00000269821.2,-0.05919097220448192,0.12261195798334826,Epstein-Barr virus
ENSG00000110628.16,0.09436816832610932,0.033280060783131456,Epstein-Barr virus
ENSG00000110619.18,0.1641013573002016,0.1119501895789735,Epstein-Barr virus
ENSG00000177105.10,-0.15171703042161233,0.07555473784012247,Epstein-Barr virus
ENSG00000223609.11,-0.11860895445646152,0.04527515257751782,Epstein-Barr virus
ENSG00000170955.10,-0.055738816445790866,0.03444436170643768,Epstein-Barr virus
ENSG00000166311.10,-0.0001185707024032763,0.05250412291838187,Epstein-Barr virus
ENSG00000133789.15,0.05081311419084669,0.10014578990559907,Epstein-Barr virus
ENSG00000148926.10,0.04565791136080644,0.07783481888191504,Epstein-Barr virus
ENSG00000262655.4,-0.12538310328315275,0.05858938431002916,Epstein-Barr virus
ENSG00000070081.18,0.076258130112978,0.07400842952990878,Epstein-Barr virus
ENSG00000134333.15,0.35856918944456995,0.08550373823350252,Epstein-Barr virus
ENSG00000171714.13,-0.017133574919722998,0.025706697703566837,Epstein-Barr virus
ENSG00000109881.17,-0.043185332262119853,0.11191829061024497,Epstein-Barr virus
ENSG00000152219.5,-0.07207296929338364,0.09501257275375452,Epstein-Barr virus
ENSG00000183242.13,0.06910072279502716,0.05870613075169165,Epstein-Barr virus
ENSG00000135378.4,-0.29549546654423464,0.07878182506749885,Epstein-Barr virus
ENSG00000026508.21,0.016890510853549482,0.09261730959208048,Epstein-Barr virus
ENSG00000085117.12,0.23354080935999658,0.0850538669119974,Epstein-Barr virus
ENSG00000110492.17,0.08989265436151712,0.045881395129561256,Epstein-Barr virus
ENSG00000134802.18,0.04323463793952529,0.08961759566684573,Epstein-Barr virus
ENSG00000189057.11,0.06762491955564308,0.12821325435330733,Epstein-Barr virus
ENSG00000166801.17,0.0008324493222404321,0.036448521084802475,Epstein-Barr virus
ENSG00000197629.6,-0.008190498254354322,0.04670708525344963,Epstein-Barr virus
ENSG00000166927.13,0.2557748474405935,0.05594074467198981,Epstein-Barr virus
ENSG00000156738.18,0.08945450001692051,0.15014300750368806,Epstein-Barr virus
ENSG00000110446.12,-0.06588892268559499,0.07297648007289807,Epstein-Barr virus
ENSG00000162144.10,-0.19900846342702747,0.1665264841321478,Epstein-Barr virus
ENSG00000168496.4,-0.08434013447629733,0.07163008093881192,Epstein-Barr virus
ENSG00000124942.14,-0.012365672365272274,0.10485290792466123,Epstein-Barr virus
ENSG00000214756.8,0.22554350059963904,0.05544712482540768,Epstein-Barr virus
ENSG00000162231.14,0.0344327004355059,0.0944919609863304,Epstein-Barr virus
ENSG00000256690.1,0.030677549132898715,0.050743933984505156,Epstein-Barr virus
ENSG00000255717.9,0.11729291771843005,0.07000030178165809,Epstein-Barr virus
ENSG00000168003.19,-0.06557362769864772,0.06251117885169623,Epstein-Barr virus
ENSG00000133321.11,0.0536291967286634,0.08436058064754366,Epstein-Barr virus
ENSG00000133328.4,0.15087595020019975,0.07420303013070637,Epstein-Barr virus
ENSG00000176485.14,-0.06949866496924308,0.07096199395962195,Epstein-Barr virus
ENSG00000133315.12,-0.10874840376336196,0.03879862739518511,Epstein-Barr virus
ENSG00000289486.2,-0.02627984343181604,0.021170245731288482,Epstein-Barr virus
ENSG00000149782.13,-0.05094840289369926,0.009362957919740579,Epstein-Barr virus
ENSG00000110047.18,0.012024221640886977,0.10203195031605186,Epstein-Barr virus
ENSG00000110046.14,0.0206006726994047,0.06667252040695923,Epstein-Barr virus
ENSG00000068971.14,0.008638841495760472,0.038964574132226336,Epstein-Barr virus
ENSG00000146670.10,0.11867544531919938,0.07041104253502241,Epstein-Barr virus
ENSG00000149809.17,0.22347194433434178,0.11174512063616529,Epstein-Barr virus
ENSG00000162298.19,0.09292403654222858,0.08248610267743163,Epstein-Barr virus
ENSG00000254614.2,0.014683349733751086,0.02998481845171128,Epstein-Barr virus
ENSG00000245532.11,0.7108196109482562,0.057569516844843786,Epstein-Barr virus
ENSG00000291174.1,0.047718736621708356,0.131943349893028,Epstein-Barr virus
ENSG00000289740.1,-0.057988351369274806,0.109179490129592,Epstein-Barr virus
ENSG00000168056.18,0.27708821784631293,0.08548977500095888,Epstein-Barr virus
ENSG00000289339.2,-0.0677603212660017,0.05331404137327332,Epstein-Barr virus
ENSG00000172543.9,0.02846657005094767,0.022471787968587908,Epstein-Barr virus
ENSG00000174684.7,0.10076509175646942,0.06800988861026877,Epstein-Barr virus
ENSG00000173898.15,0.0177717532468533,0.06098887283933932,Epstein-Barr virus
ENSG00000172725.14,-0.00146970996814868,0.12117486732115346,Epstein-Barr virus
ENSG00000167797.8,0.08346269953389523,0.10750205183974888,Epstein-Barr virus
ENSG00000132744.8,-0.03477640173416334,0.07693511218512916,Epstein-Barr virus
ENSG00000162337.12,-0.05266266846585948,0.04221072499971586,Epstein-Barr virus
ENSG00000110092.4,0.06006098122633908,0.030304942257574078,Epstein-Barr virus
ENSG00000085733.16,0.010220834887635649,0.036107148859424947,Epstein-Barr virus
ENSG00000172893.18,0.02535478238911805,0.1037294663842536,Epstein-Barr virus
ENSG00000137496.19,0.006929840499924125,0.07077419112621548,Epstein-Barr virus
ENSG00000137478.15,-0.1211496949466142,0.08738371506261867,Epstein-Barr virus
ENSG00000256568.2,0.020517321060017968,0.008373425633793273,Epstein-Barr virus
ENSG00000054967.13,0.17797440680737708,0.054654130622191835,Epstein-Barr virus
ENSG00000175582.20,0.1366378441923585,0.11836213004103759,Epstein-Barr virus
ENSG00000175567.11,0.1333034719015397,0.09567955495874865,Epstein-Barr virus
ENSG00000166435.17,-0.004034217192103372,0.08100911232865245,Epstein-Barr virus
ENSG00000118363.13,-0.17903808144905786,0.20949836939678412,Epstein-Barr virus
ENSG00000162139.10,0.09066654800133699,0.018056581713478237,Epstein-Barr virus
ENSG00000137509.12,-0.028055694714734816,0.10735938897630268,Epstein-Barr virus
ENSG00000137502.10,-0.1242745286358428,0.0845293248038962,Epstein-Barr virus
ENSG00000123892.12,0.0025843833001650395,0.04128661740260734,Epstein-Barr virus
ENSG00000109861.17,0.498964913277469,0.08800552456093746,Epstein-Barr virus
ENSG00000023445.17,-0.003371716791175599,0.11985796374818483,Epstein-Barr virus
ENSG00000152558.15,-0.032397933185508,0.19061231175652774,Epstein-Barr virus
ENSG00000170962.13,-0.07678592679319038,0.026325572408144208,Epstein-Barr virus
ENSG00000204397.10,0.14824852611935688,0.12277234494117956,Epstein-Barr virus
ENSG00000149311.20,0.11895027449048652,0.09672615107613218,Epstein-Barr virus
ENSG00000182985.19,0.07000457320190251,0.0733799351391077,Epstein-Barr virus
ENSG00000137731.14,0.0014739098505391172,0.09615487985323926,Epstein-Barr virus
ENSG00000110324.12,0.06742036888272558,0.08568464574702318,Epstein-Barr virus
ENSG00000160593.20,-0.12212823992568374,0.04681996475819403,Epstein-Barr virus
ENSG00000160588.10,-0.06495328421039522,0.03565855229842591,Epstein-Barr virus
ENSG00000149428.21,-0.08595358051356883,0.03686983071942483,Epstein-Barr virus
ENSG00000188486.4,-0.14599010880680408,0.09272331371406015,Epstein-Barr virus
ENSG00000137642.13,0.2949059281097158,0.06975891138322304,Epstein-Barr virus
ENSG00000109971.14,0.30866576350173075,0.1430220084574375,Epstein-Barr virus
ENSG00000154146.13,0.1605509432847437,0.07370223342165488,Epstein-Barr virus
ENSG00000149564.12,-0.04501026197995984,0.1018902184020146,Epstein-Barr virus
ENSG00000134955.12,-0.041244514533727135,0.041259743853175795,Epstein-Barr virus
ENSG00000149557.14,-0.28259669480385635,0.06271567877393927,Epstein-Barr virus
ENSG00000151702.18,-0.20022958520337833,0.10096690844483337,Epstein-Barr virus
ENSG00000082805.21,0.11837766697666367,0.06199743777499899,Epstein-Barr virus
ENSG00000004478.8,-0.2980599404339634,0.11868390599728819,Epstein-Barr virus
ENSG00000118971.9,0.39701006829770386,0.1552933047109537,Epstein-Barr virus
ENSG00000118972.3,-0.0007717382589656011,0.12112207792632852,Epstein-Barr virus
ENSG00000111247.15,0.06531153952980746,0.1446538312907426,Epstein-Barr virus
ENSG00000010278.15,-0.05535849551685701,0.11842327949940819,Epstein-Barr virus
ENSG00000139193.4,-0.10260386212016037,0.1603980160434302,Epstein-Barr virus
ENSG00000139192.12,-0.0713790139131698,0.13353403260791816,Epstein-Barr virus
ENSG00000111653.20,0.10994199839527667,0.06689250829492109,Epstein-Barr virus
ENSG00000159335.19,-0.08252249739995837,0.05875412972645776,Epstein-Barr virus
ENSG00000089692.9,0.13882357316305902,0.0405775958881575,Epstein-Barr virus
ENSG00000111665.12,0.08783862352764421,0.08064899486622519,Epstein-Barr virus
ENSG00000111674.9,0.08881619715748094,0.0703071063980798,Epstein-Barr virus
ENSG00000111679.17,-0.0964433203003449,0.10815878342878511,Epstein-Barr virus
ENSG00000159403.18,-0.056803916819234,0.06888410512905171,Epstein-Barr virus
ENSG00000177675.9,-0.00024066504588378333,0.03683779745570551,Epstein-Barr virus
ENSG00000059804.17,-0.06269356070659457,0.057831591379473316,Epstein-Barr virus
ENSG00000111732.12,-0.18968517919083003,0.08063132766005372,Epstein-Barr virus
ENSG00000111752.11,0.0025968685106759616,0.03945113254219216,Epstein-Barr virus
ENSG00000069493.15,-0.10985995626989131,0.11682804928106297,Epstein-Barr virus
ENSG00000110848.8,-0.1466567763454131,0.07126511967031823,Epstein-Barr virus
ENSG00000110852.5,-0.031116191731360293,0.09716879480832928,Epstein-Barr virus
ENSG00000139112.11,0.09507558260470284,0.03199484851928384,Epstein-Barr virus
ENSG00000247157.7,-0.03890491514322226,0.014091523726175809,Epstein-Barr virus
ENSG00000111276.12,0.04919383029004231,0.12269743642677751,Epstein-Barr virus
ENSG00000261324.2,-0.08065865130816784,0.05766726137825727,Epstein-Barr virus
ENSG00000246705.5,-0.2646224663359038,0.11551004490429724,Epstein-Barr virus
ENSG00000111348.9,0.06712859752244736,0.111494838117632,Epstein-Barr virus
ENSG00000151491.14,0.017222621926325676,0.056439835076613314,Epstein-Barr virus
ENSG00000008394.13,0.01439580627869431,0.09564337262505232,Epstein-Barr virus
ENSG00000118308.16,-0.1729374651819343,0.1454303593134431,Epstein-Barr virus
ENSG00000123095.6,-0.21428650109662084,0.0556753826633333,Epstein-Barr virus
ENSG00000123096.12,-0.010121346014141356,0.04099672322914583,Epstein-Barr virus
ENSG00000139146.14,0.2577523564911666,0.09664202634917728,Epstein-Barr virus
ENSG00000170456.16,-0.025096020617953723,0.0658958931702641,Epstein-Barr virus
ENSG00000276900.1,-0.048139174093268795,0.03705255950885492,Epstein-Barr virus
ENSG00000276115.1,-0.048223029821982046,0.04198373507446206,Epstein-Barr virus
ENSG00000057294.18,0.03692965758930943,0.05650167092085618,Epstein-Barr virus
ENSG00000225342.2,-0.16248018904551445,0.09297767443327469,Epstein-Barr virus
ENSG00000188906.17,0.04868524841021756,0.1039635977834343,Epstein-Barr virus
ENSG00000134294.14,-0.0031811090963823597,0.10890380369207266,Epstein-Barr virus
ENSG00000247774.9,-0.10035320352809264,0.13004236448807818,Epstein-Barr virus
ENSG00000061273.18,-0.04318510595601819,0.05781427902004785,Epstein-Barr virus
ENSG00000134291.12,-0.21407024846453324,0.12231864101998248,Epstein-Barr virus
ENSG00000139620.13,0.14816281661310568,0.08464497204769333,Epstein-Barr virus
ENSG00000172602.11,0.0356828604664256,0.029861736994099775,Epstein-Barr virus
ENSG00000134285.11,0.24581700527020614,0.08295123063954465,Epstein-Barr virus
ENSG00000123416.15,0.19097790035204457,0.10304409564570731,Epstein-Barr virus
ENSG00000167552.15,0.005658537795408441,0.07994047499171238,Epstein-Barr virus
ENSG00000167553.17,0.363980979249726,0.06180068199614552,Epstein-Barr virus
ENSG00000135451.13,-0.04531999583011436,0.11642596014750047,Epstein-Barr virus
ENSG00000123352.18,0.07066161052821478,0.10550198031033228,Epstein-Barr virus
ENSG00000161791.14,-0.20573725463265183,0.07950600789650963,Epstein-Barr virus
ENSG00000161800.13,-0.0391351234495625,0.08425846007090236,Epstein-Barr virus
ENSG00000050426.16,0.020667809625654537,0.0791520784003191,Epstein-Barr virus
ENSG00000110934.13,0.10098769817421165,0.10410086465353552,Epstein-Barr virus
ENSG00000123358.20,0.026185750525810483,0.03913656900713828,Epstein-Barr virus
ENSG00000135480.17,0.098689945318805,0.01784019084762249,Epstein-Barr virus
ENSG00000012822.16,0.008780729480224708,0.03432383266836325,Epstein-Barr virus
ENSG00000291180.1,0.01883052697184841,0.024039682104416465,Epstein-Barr virus
ENSG00000250742.6,0.049541325624493204,0.013983797511789102,Epstein-Barr virus
ENSG00000170515.14,0.5250911171540975,0.11078274197064658,Epstein-Barr virus
ENSG00000110944.9,0.05157952938414673,0.05159132679158086,Epstein-Barr virus
ENSG00000170581.15,0.10285247662866748,0.04110524274271929,Epstein-Barr virus
ENSG00000166886.13,-0.23084184466642074,0.0680625394864131,Epstein-Barr virus
ENSG00000185633.11,-0.006476187496023117,0.05622157412840467,Epstein-Barr virus
ENSG00000185482.8,-0.012947300298715653,0.04722893320287321,Epstein-Barr virus
ENSG00000175197.13,0.015715056462510937,0.11624467448716959,Epstein-Barr virus
ENSG00000135506.17,0.05718238330193859,0.11531617481390585,Epstein-Barr virus
ENSG00000123427.17,0.07038575007000773,0.04345791707774019,Epstein-Barr virus
ENSG00000135677.11,0.05559187913998181,0.03729582824783561,Epstein-Barr virus
ENSG00000255733.6,-0.04484940978479432,0.08285315523583804,Epstein-Barr virus
ENSG00000251301.8,0.028167128815126743,0.08001479121012015,Epstein-Barr virus
ENSG00000135679.27,0.2596483075328217,0.09324788591540242,Epstein-Barr virus
ENSG00000258168.6,0.02898108994676389,0.026015006810296677,Epstein-Barr virus
ENSG00000139291.14,-0.18923892600059433,0.09663549799605146,Epstein-Barr virus
ENSG00000139278.10,0.10623761147081097,0.12674257498973052,Epstein-Barr virus
ENSG00000139289.15,0.08316155171112158,0.0410845470800684,Epstein-Barr virus
ENSG00000186908.15,-0.08790796575826566,0.04953348672814333,Epstein-Barr virus
ENSG00000111052.8,0.02765280905799045,0.02078608035674574,Epstein-Barr virus
ENSG00000139324.12,0.045040687880982304,0.011305216860924635,Epstein-Barr virus
ENSG00000289384.2,0.018181139252630835,0.014414096979918706,Epstein-Barr virus
ENSG00000070961.17,-0.0027409221732226214,0.10369166918567635,Epstein-Barr virus
ENSG00000271614.1,0.0013675642966308303,0.0742187029664637,Epstein-Barr virus
ENSG00000257242.9,-0.03493091531986717,0.01382902977566068,Epstein-Barr virus
ENSG00000133639.6,-0.2634199230232214,0.033550375023508223,Epstein-Barr virus
ENSG00000205056.9,0.09826418700323652,0.1480824992248821,Epstein-Barr virus
ENSG00000187510.11,0.020417085446608564,0.018284629947838374,Epstein-Barr virus
ENSG00000120833.14,-0.11496919854171976,0.08019662630219794,Epstein-Barr virus
ENSG00000180263.14,-0.00763279668066909,0.02207155192373665,Epstein-Barr virus
ENSG00000188596.11,0.018852024374288817,0.04787131795151655,Epstein-Barr virus
ENSG00000017427.17,0.08610318616363287,0.062068509714690086,Epstein-Barr virus
ENSG00000139352.4,0.09821445416070496,0.049343428643973786,Epstein-Barr virus
ENSG00000179088.16,0.052506116930363535,0.013926464810421058,Epstein-Barr virus
ENSG00000166598.16,0.2370773471063001,0.06952000797007703,Epstein-Barr virus
ENSG00000288744.1,-0.013937369376589076,0.03186821388573349,Epstein-Barr virus
ENSG00000136010.14,0.11789406777015321,0.046882964725509985,Epstein-Barr virus
ENSG00000136051.15,0.030466009865903226,0.12800218761769394,Epstein-Barr virus
ENSG00000136044.12,0.010603446957597634,0.026119113241127635,Epstein-Barr virus
ENSG00000235162.9,0.041120808738571844,0.1587112213872272,Epstein-Barr virus
ENSG00000198855.7,-0.3104145673041887,0.05340519170655356,Epstein-Barr virus
ENSG00000110876.10,0.08713609073914441,0.0821381028616972,Epstein-Barr virus
ENSG00000076248.12,0.05217075776011215,0.07669389975820345,Epstein-Barr virus
ENSG00000076513.17,0.022379503700599646,0.08726353641555862,Epstein-Barr virus
ENSG00000122986.14,-0.47747336478160096,0.10814032959370362,Epstein-Barr virus
ENSG00000111275.13,-0.12959367331551533,0.0926380492571823,Epstein-Barr virus
ENSG00000198270.13,-0.06841203418184037,0.05660203585356402,Epstein-Barr virus
ENSG00000089127.15,-0.1424525404254149,0.11535768028990258,Epstein-Barr virus
ENSG00000111331.14,0.11422962292050513,0.09440008848197035,Epstein-Barr virus
ENSG00000196668.4,0.09408321345236803,0.06638209698091671,Epstein-Barr virus
ENSG00000088992.18,0.10699167140495504,0.060644691741064606,Epstein-Barr virus
ENSG00000277283.2,0.005096365222144464,0.04164012020578336,Epstein-Barr virus
ENSG00000089159.17,0.08731318743464227,0.040864566221643674,Epstein-Barr virus
ENSG00000170855.4,-0.05964680238879951,0.13933627905681764,Epstein-Barr virus
ENSG00000157782.10,0.023516597985919253,0.05119800238890269,Epstein-Barr virus
ENSG00000135114.14,0.059145839488773604,0.06678211986217672,Epstein-Barr virus
ENSG00000212694.8,-0.051396676890506636,0.08216040407312274,Epstein-Barr virus
ENSG00000139718.12,0.03438504761103154,0.04659555906868127,Epstein-Barr virus
ENSG00000110987.9,0.11592663815281679,0.05224144271246417,Epstein-Barr virus
ENSG00000175727.15,0.05062056085088118,0.05447262455652284,Epstein-Barr virus
ENSG00000130779.22,0.24745239861962987,0.07859554930674448,Epstein-Barr virus
ENSG00000139722.7,0.11391097880607108,0.09353877514168324,Epstein-Barr virus
ENSG00000111325.16,-0.13865737129984637,0.09237487511356164,Epstein-Barr virus
ENSG00000183955.14,-0.2450186597149965,0.061775124643449766,Epstein-Barr virus
ENSG00000256128.7,0.06913663041681474,0.027344659057707665,Epstein-Barr virus
ENSG00000090615.16,0.16632276283442451,0.07927872989739798,Epstein-Barr virus
ENSG00000196458.11,0.07444328290011021,0.023959478912697,Epstein-Barr virus
ENSG00000256223.6,-0.017917292922450062,0.016404104184401375,Epstein-Barr virus
ENSG00000275964.2,-0.04357877019910661,0.05916504045177748,Epstein-Barr virus
ENSG00000121741.17,-0.024166256540358897,0.10331408547408831,Epstein-Barr virus
ENSG00000165475.15,-0.06703274477915316,0.06788445113730718,Epstein-Barr virus
ENSG00000224429.10,0.056630625546618775,0.11171879634963318,Epstein-Barr virus
ENSG00000165487.14,0.4294381505551208,0.0749621609361109,Epstein-Barr virus
ENSG00000238121.7,0.1254693404191938,0.0669051863422243,Epstein-Barr virus
ENSG00000189403.15,-0.15341837291444313,0.14614509891214927,Epstein-Barr virus
ENSG00000132965.10,-0.03623673637969866,0.09085541531653246,Epstein-Barr virus
ENSG00000139597.18,-0.10069687026557143,0.053904736629626734,Epstein-Barr virus
ENSG00000288767.2,0.17464941265258901,0.09152179191644416,Epstein-Barr virus
ENSG00000172915.20,-0.06774984272432717,0.05072101084261965,Epstein-Barr virus
ENSG00000120699.14,0.12990972898139533,0.09218542527236226,Epstein-Barr virus
ENSG00000120659.16,0.07784051075015054,0.06034929850107848,Epstein-Barr virus
ENSG00000133106.15,-0.3134340419207759,0.08083202506214883,Epstein-Barr virus
ENSG00000102804.16,0.027221230727679836,0.026585601569504753,Epstein-Barr virus
ENSG00000170919.16,0.12317926255576213,0.0897138625729853,Epstein-Barr virus
ENSG00000235366.3,-0.0657567977499757,0.0970573244329317,Epstein-Barr virus
ENSG00000136167.15,-0.3048885668555806,0.13360348632810365,Epstein-Barr virus
ENSG00000136156.15,0.022961755218945692,0.07055192365211202,Epstein-Barr virus
ENSG00000139679.16,-0.0850815436351921,0.03623162319077421,Epstein-Barr virus
ENSG00000136161.13,-0.00893745859248883,0.08768132153387954,Epstein-Barr virus
ENSG00000102531.16,-0.03440371911716169,0.10385580501973588,Epstein-Barr virus
ENSG00000136169.17,-0.04666939637867579,0.04898859356994468,Epstein-Barr virus
ENSG00000204977.10,0.14732092010353445,0.059897779583066274,Epstein-Barr virus
ENSG00000102786.15,-0.24709968990987985,0.1058843765345395,Epstein-Barr virus
ENSG00000278238.2,-0.033429412555622415,0.02224963850357699,Epstein-Barr virus
ENSG00000136108.15,0.08923457051767791,0.1314024373645469,Epstein-Barr virus
ENSG00000118922.19,-0.1949224854137969,0.07277754493432126,Epstein-Barr virus
ENSG00000136160.17,0.001105182342996144,0.03521807714151563,Epstein-Barr virus
ENSG00000102580.15,-0.17554394777353158,0.10826379769594126,Epstein-Barr virus
ENSG00000125245.14,-0.0660378776255824,0.033777212263344424,Epstein-Barr virus
ENSG00000169508.7,0.08284902358780054,0.0757451202820466,Epstein-Barr virus
ENSG00000102524.12,0.13188277086305553,0.07767938189035155,Epstein-Barr virus
ENSG00000289901.1,-0.026974384506290913,0.10039049907380862,Epstein-Barr virus
ENSG00000185950.9,0.01880227616729345,0.025910170142839077,Epstein-Barr virus
ENSG00000213995.12,0.16712393930614242,0.05383410010972067,Epstein-Barr virus
ENSG00000134905.17,0.08250754579017679,0.11968482089186533,Epstein-Barr virus
ENSG00000153487.13,0.13995409014579302,0.06912319654637189,Epstein-Barr virus
ENSG00000068650.19,0.05164127562131888,0.0237924718564135,Epstein-Barr virus
ENSG00000126226.22,0.1091690607517219,0.07279431735397456,Epstein-Barr virus
ENSG00000185989.11,0.04416644332263633,0.06416209618526356,Epstein-Barr virus
ENSG00000214274.10,-0.12995120022006867,0.0840280381265681,Epstein-Barr virus
ENSG00000258818.4,-0.061736913159323455,0.034911776760999186,Epstein-Barr virus
ENSG00000169413.3,-0.13094786820046744,0.05047931770400684,Epstein-Barr virus
ENSG00000277734.8,0.009042738178395222,0.11760935247902432,Epstein-Barr virus
ENSG00000155465.21,0.044198609095333324,0.03523213170363561,Epstein-Barr virus
ENSG00000100918.14,0.1602196344604372,0.05422937019421827,Epstein-Barr virus
ENSG00000100926.15,0.0768105949558681,0.0939648668067691,Epstein-Barr virus
ENSG00000288820.2,-0.03609549691261569,0.03326710444217075,Epstein-Barr virus
ENSG00000157379.14,-0.2815009239249411,0.14510049443872255,Epstein-Barr virus
ENSG00000168952.16,-0.10090186581374083,0.03296064294004335,Epstein-Barr virus
ENSG00000100473.18,-0.12287457546784057,0.08901286168253303,Epstein-Barr virus
ENSG00000100906.12,0.039102726080348656,0.10996763308489878,Epstein-Barr virus
ENSG00000129534.14,0.11082822136313948,0.18202512087746855,Epstein-Barr virus
ENSG00000165516.11,0.0889155544590683,0.09527747789400048,Epstein-Barr virus
ENSG00000214900.13,0.36017471622884,0.1557708122001085,Epstein-Barr virus
ENSG00000139926.16,0.0691284097967685,0.057786266502695964,Epstein-Barr virus
ENSG00000100526.21,-0.054864835741232965,0.16270680189509593,Epstein-Barr virus
ENSG00000131981.16,-0.1716344393843483,0.1255156031601709,Epstein-Barr virus
ENSG00000126787.13,-0.134459738819344,0.08247105208038663,Epstein-Barr virus
ENSG00000100557.10,-0.2853157322845117,0.07650705773279537,Epstein-Barr virus
ENSG00000257621.9,-0.17600313524083092,0.09038470769117754,Epstein-Barr virus
ENSG00000032219.19,0.06439218691757516,0.09424502230758885,Epstein-Barr virus
ENSG00000100592.16,0.052560105282993486,0.08200330483932931,Epstein-Barr virus
ENSG00000126790.12,0.10354186575190814,0.06323894858980247,Epstein-Barr virus
ENSG00000258667.3,-0.014972738625778968,0.021464984820591147,Epstein-Barr virus
ENSG00000054654.20,-0.07192036669604306,0.09786015242197423,Epstein-Barr virus
ENSG00000140009.19,-0.0717278931247839,0.029069965317109876,Epstein-Barr virus
ENSG00000276116.2,0.07342822255748578,0.04148050167301675,Epstein-Barr virus
ENSG00000185650.10,0.271811104924302,0.1603586142573116,Epstein-Barr virus
ENSG00000081177.19,-0.08108768183485007,0.026648738444236854,Epstein-Barr virus
ENSG00000165861.14,-0.12065716911731302,0.03637481829447005,Epstein-Barr virus
ENSG00000133961.21,-0.099915047607137,0.1329894581347051,Epstein-Barr virus
ENSG00000156030.14,0.1414123745793545,0.07580876540091756,Epstein-Barr virus
ENSG00000170345.10,0.03909120837140008,0.027572903852722246,Epstein-Barr virus
ENSG00000156127.8,0.05924494995556334,0.10171198592876214,Epstein-Barr virus
ENSG00000071537.14,-0.24544194324383659,0.09296116346997443,Epstein-Barr virus
ENSG00000100784.12,0.14084019791991528,0.021815648046667902,Epstein-Barr virus
ENSG00000100599.16,0.3844504405636204,0.07187537461796144,Epstein-Barr virus
ENSG00000100600.15,0.4650115176908585,0.09096003496579681,Epstein-Barr virus
ENSG00000012963.15,0.08524550038582467,0.04200738024592034,Epstein-Barr virus
ENSG00000100628.12,0.05263112273806847,0.07324079030062415,Epstein-Barr virus
ENSG00000165949.13,-0.16489133178448864,0.09195100094310345,Epstein-Barr virus
ENSG00000197249.14,-0.007716965057822476,0.01503888364418015,Epstein-Barr virus
ENSG00000170054.16,0.0014914786131115744,0.034006778222871285,Epstein-Barr virus
ENSG00000235706.9,-0.0113122225684077,0.025071186625316055,Epstein-Barr virus
ENSG00000258572.1,-0.1396222922720751,0.07806482437304732,Epstein-Barr virus
ENSG00000187621.16,-0.05269880868611777,0.040640162228220256,Epstein-Barr virus
ENSG00000100721.11,0.22188486985804257,0.12923115179190534,Epstein-Barr virus
ENSG00000260806.1,0.00032264828971988066,0.04232207893056275,Epstein-Barr virus
ENSG00000289137.2,0.11440235018178278,0.032934092541975275,Epstein-Barr virus
ENSG00000140105.18,0.15650624385358305,0.10513962782446423,Epstein-Barr virus
ENSG00000080824.19,0.2586385278382944,0.12272942472292604,Epstein-Barr virus
ENSG00000198752.11,0.09969754880547883,0.040944173688424255,Epstein-Barr virus
ENSG00000185215.11,0.10283778699170747,0.04212076598985961,Epstein-Barr virus
ENSG00000166165.14,-0.1405780043367069,0.1089995610021225,Epstein-Barr virus
ENSG00000166428.14,-0.19712214142166798,0.08228713302294932,Epstein-Barr virus
ENSG00000170779.11,-0.38952860736184675,0.09465080658938527,Epstein-Barr virus
ENSG00000213145.10,0.22518003355028485,0.11866725363944723,Epstein-Barr virus
ENSG00000211890.4,0.18581263629219405,0.1570536809100959,Epstein-Barr virus
ENSG00000211892.4,-0.029936834462369322,0.06085766360070139,Epstein-Barr virus
ENSG00000211893.4,0.5434579855552095,0.0820501553897286,Epstein-Barr virus
ENSG00000253755.1,-0.12980877747157935,0.08486597435696847,Epstein-Barr virus
ENSG00000211896.7,0.04384761080766636,0.16564493775489336,Epstein-Barr virus
ENSG00000211897.9,-0.295798489748888,0.05075958706458671,Epstein-Barr virus
ENSG00000211898.8,-0.16868582729184686,0.09999749644657344,Epstein-Barr virus
ENSG00000226777.9,0.018194418425935208,0.16345666135302941,Epstein-Barr virus
ENSG00000288730.1,-0.016730170148179624,0.03648853786188353,Epstein-Barr virus
ENSG00000282639.1,0.043114669641560306,0.11112371223711873,Epstein-Barr virus
ENSG00000211950.2,-0.026311047815946922,0.01625351834326893,Epstein-Barr virus
ENSG00000211956.2,0.0050026962735086064,0.029857608279503834,Epstein-Barr virus
ENSG00000224078.15,0.3517178260952063,0.11587470097691345,Epstein-Barr virus
ENSG00000185115.6,-0.007641059266075909,0.1701464650663081,Epstein-Barr virus
ENSG00000259772.8,0.31754260645039906,0.0915133926127392,Epstein-Barr virus
ENSG00000169926.11,0.16137342413614134,0.08840037156061838,Epstein-Barr virus
ENSG00000137880.6,0.05148047889973604,0.1663232769399154,Epstein-Barr virus
ENSG00000166145.15,0.053531595452006246,0.04351135354710815,Epstein-Barr virus
ENSG00000104140.7,0.030150866179038824,0.05072337909555076,Epstein-Barr virus
ENSG00000128965.13,0.2280242497511116,0.08663216141075789,Epstein-Barr virus
ENSG00000137804.14,-0.027389254089861034,0.07544637567411192,Epstein-Barr virus
ENSG00000137814.12,0.1402304829254153,0.07340908276587353,Epstein-Barr virus
ENSG00000291053.1,-0.0024361564863101537,0.04822939476163146,Epstein-Barr virus
ENSG00000167004.14,-0.18981477893201829,0.13430968373015012,Epstein-Barr virus
ENSG00000179523.7,0.06186389039892182,0.08609579858857203,Epstein-Barr virus
ENSG00000229474.8,0.02470185742782538,0.06000878263212411,Epstein-Barr virus
ENSG00000140279.13,-0.03268044732742393,0.08175570357448982,Epstein-Barr virus
ENSG00000104154.7,0.005004129811855825,0.032071947566662096,Epstein-Barr virus
ENSG00000128951.14,0.3473232204439692,0.06086970363319401,Epstein-Barr virus
ENSG00000047346.13,0.016659686953632846,0.07457805693643363,Epstein-Barr virus
ENSG00000260916.8,-0.1615106244216149,0.07210311095347542,Epstein-Barr virus
ENSG00000261652.3,0.07977591258004711,0.04453703601507883,Epstein-Barr virus
ENSG00000069869.17,0.027816066614947465,0.06652861156710686,Epstein-Barr virus
ENSG00000151575.15,0.10094806090706405,0.10715669694125976,Epstein-Barr virus
ENSG00000247982.7,0.13274679310703277,0.08315443884619146,Epstein-Barr virus
ENSG00000157456.8,0.18812529684607815,0.09398622674286707,Epstein-Barr virus
ENSG00000069667.16,0.0618780845868216,0.05742870561703925,Epstein-Barr virus
ENSG00000103642.12,-0.13478593590685983,0.08243387872450418,Epstein-Barr virus
ENSG00000138613.14,-0.10561107844961974,0.05745908297552107,Epstein-Barr virus
ENSG00000157734.14,-0.329903661551322,0.0628230209466035,Epstein-Barr virus
ENSG00000166794.6,-0.014145470555585224,0.03636769760692922,Epstein-Barr virus
ENSG00000166803.14,0.1461130541348483,0.21705930150888558,Epstein-Barr virus
ENSG00000166831.9,0.1296760954794211,0.09217326488814147,Epstein-Barr virus
ENSG00000140451.13,-0.0913274553705891,0.08837567658191853,Epstein-Barr virus
ENSG00000033800.14,-0.10209397105901667,0.09593420492710306,Epstein-Barr virus
ENSG00000129007.16,0.00483320308823785,0.03979135684823357,Epstein-Barr virus
ENSG00000067225.21,0.07449922771694692,0.17278089757695328,Epstein-Barr virus
ENSG00000138623.10,-0.32967475383496364,0.12732690703152252,Epstein-Barr virus
ENSG00000178761.15,-0.053759477917637515,0.09985083960211064,Epstein-Barr virus
ENSG00000138621.12,0.267288504101925,0.13003970141474142,Epstein-Barr virus
ENSG00000103811.18,-0.2446067486274536,0.17763150918288037,Epstein-Barr virus
ENSG00000140379.9,-0.13595683271615616,0.06854040369359977,Epstein-Barr virus
ENSG00000172349.19,0.009278862799257602,0.09917918484661832,Epstein-Barr virus
ENSG00000278662.6,0.04413473859608478,0.030718851786039142,Epstein-Barr virus
ENSG00000291159.1,0.0748113592511412,0.014304227891440346,Epstein-Barr virus
ENSG00000291212.1,-0.04375852989711453,0.03297783464710075,Epstein-Barr virus
ENSG00000183655.13,-0.03242513312998259,0.039755489678167846,Epstein-Barr virus
ENSG00000289128.1,0.054974748905181364,0.027959741745371483,Epstein-Barr virus
ENSG00000140564.13,0.062636246216287,0.020287237048053415,Epstein-Barr virus
ENSG00000198901.14,-0.1055290968535207,0.08741185540794172,Epstein-Barr virus
ENSG00000140563.16,0.006263312688622787,0.07605767044960031,Epstein-Barr virus
ENSG00000183060.16,0.08196427374108668,0.03342407521797098,Epstein-Barr virus
ENSG00000259583.4,-0.039312850351023304,0.04165768639496116,Epstein-Barr virus
ENSG00000131871.15,0.10303232864614864,0.037496194827424265,Epstein-Barr virus
ENSG00000161981.11,-0.07227718711909886,0.14635609368847896,Epstein-Barr virus
ENSG00000129925.11,0.07924537369984685,0.05063585411396154,Epstein-Barr virus
ENSG00000103202.13,0.2731361317105931,0.0887639613853282,Epstein-Barr virus
ENSG00000127580.17,-0.10981107324264784,0.031044783757800076,Epstein-Barr virus
ENSG00000090581.11,-0.010469601366768817,0.05064226324262425,Epstein-Barr virus
ENSG00000059145.19,-0.1437080944958383,0.07882910063779876,Epstein-Barr virus
ENSG00000007545.16,-0.02486086361623588,0.052854049797607196,Epstein-Barr virus
ENSG00000138834.15,-0.007116302892187877,0.05037262034697118,Epstein-Barr virus
ENSG00000063854.13,0.030307611873270534,0.06938523010369013,Epstein-Barr virus
ENSG00000260260.3,0.1250008417665809,0.05896183594965444,Epstein-Barr virus
ENSG00000260565.9,-0.008342524697116995,0.044436198423367344,Epstein-Barr virus
ENSG00000008517.19,0.09235278753790717,0.10654050032446459,Epstein-Barr virus
ENSG00000261889.1,0.0351167898260675,0.04478238709235328,Epstein-Barr virus
ENSG00000213918.11,-0.0036749053324789415,0.04384212098268351,Epstein-Barr virus
ENSG00000262246.6,0.16023409424747248,0.07721722200607861,Epstein-Barr virus
ENSG00000153048.11,0.2150845831732399,0.0625079243903741,Epstein-Barr virus
ENSG00000166669.14,0.27183810310703854,0.20149614928016996,Epstein-Barr virus
ENSG00000166676.17,-0.028303674974432813,0.055251499989513245,Epstein-Barr virus
ENSG00000179583.21,0.017492793868836464,0.09624352226821167,Epstein-Barr virus
ENSG00000184602.6,0.010222187320527015,0.03593083232909026,Epstein-Barr virus
ENSG00000153066.13,-0.13280302911166156,0.12132511428175176,Epstein-Barr virus
ENSG00000048462.11,-0.2968453638655814,0.11317686626123495,Epstein-Barr virus
ENSG00000048471.14,0.10446528144027972,0.03960478482454753,Epstein-Barr virus
ENSG00000262454.4,0.10160912039625915,0.09980299418464264,Epstein-Barr virus
ENSG00000140694.18,0.18095802864539198,0.07456701157165128,Epstein-Barr virus
ENSG00000170540.15,0.18486271507198415,0.08244233704220155,Epstein-Barr virus
ENSG00000205730.7,0.05404753692286047,0.020155010699332593,Epstein-Barr virus
ENSG00000188215.10,0.0034531814230412123,0.036589736286475466,Epstein-Barr virus
ENSG00000103316.12,-0.039918557585377386,0.03219544255316015,Epstein-Barr virus
ENSG00000274460.2,-0.06155762212416701,0.023743820528190587,Epstein-Barr virus
ENSG00000166851.15,-0.008386642490754109,0.10664600618660879,Epstein-Barr virus
ENSG00000275494.2,-0.01278986912149592,0.021185597152022447,Epstein-Barr virus
ENSG00000184110.15,-0.031884690675210006,0.029939319501984744,Epstein-Barr virus
ENSG00000290680.1,0.14071327548542786,0.049480637585516886,Epstein-Barr virus
ENSG00000185905.4,0.22436739357668498,0.03887261500288929,Epstein-Barr virus
ENSG00000238045.9,0.031631827584315375,0.022723143877044105,Epstein-Barr virus
ENSG00000090238.12,0.04304185340141196,0.11612339516966252,Epstein-Barr virus
ENSG00000179918.19,-0.35118414841724793,0.10495815802805003,Epstein-Barr virus
ENSG00000005844.19,0.050520132425161735,0.04430297308594691,Epstein-Barr virus
ENSG00000175938.7,0.12917919153660815,0.08088987031890871,Epstein-Barr virus
ENSG00000103490.14,0.14196693204678187,0.12303816908919597,Epstein-Barr virus
ENSG00000261359.2,-0.057146513532846145,0.016107094379064858,Epstein-Barr virus
ENSG00000140682.19,0.026670571977256734,0.05673199909270696,Epstein-Barr virus
ENSG00000185947.15,-0.016863500699221146,0.0852708206147499,Epstein-Barr virus
ENSG00000091651.9,0.13279960825122497,0.06304710757160988,Epstein-Barr virus
ENSG00000166123.14,0.027240425295694967,0.053973977173553525,Epstein-Barr virus
ENSG00000069345.12,0.16073540359635027,0.06485149601513444,Epstein-Barr virus
ENSG00000260621.1,-0.042671610569574,0.02353680138132745,Epstein-Barr virus
ENSG00000125148.7,0.19431118809819314,0.05757230514317621,Epstein-Barr virus
ENSG00000169715.15,0.13464358991272105,0.09785963178904215,Epstein-Barr virus
ENSG00000198417.7,-0.028904796105083858,0.045009905309835896,Epstein-Barr virus
ENSG00000051108.15,-0.23222696269178766,0.16102626970044975,Epstein-Barr virus
ENSG00000087237.12,-0.06726683437028762,0.06193153842367694,Epstein-Barr virus
ENSG00000102962.5,-0.17410621517044578,0.042884052684054874,Epstein-Barr virus
ENSG00000102970.11,-0.006586012342083836,0.0402175519349261,Epstein-Barr virus
ENSG00000217555.13,-0.10181590540940351,0.08521378812076404,Epstein-Barr virus
ENSG00000172824.17,-0.028283859606803557,0.03670890784977754,Epstein-Barr virus
ENSG00000135722.9,-0.0679245389371692,0.05130896664294793,Epstein-Barr virus
ENSG00000261386.2,0.00012814582643642589,0.04266304135298371,Epstein-Barr virus
ENSG00000159761.15,0.01660519187004947,0.04370420826498067,Epstein-Barr virus
ENSG00000102908.23,0.167112407953271,0.06522169807446437,Epstein-Barr virus
ENSG00000181019.13,0.20970139097613563,0.12329246705910377,Epstein-Barr virus
ENSG00000167377.19,-0.11966367396932431,0.05925089182117468,Epstein-Barr virus
ENSG00000102984.15,-0.030085952042373174,0.05902599730032957,Epstein-Barr virus
ENSG00000090863.12,0.1495694473887681,0.08804514007091363,Epstein-Barr virus
ENSG00000103111.15,0.17917767459160416,0.054538703824806155,Epstein-Barr virus
ENSG00000205078.6,-0.07881038738809636,0.032500739634996376,Epstein-Barr virus
ENSG00000103187.8,0.2963320951709419,0.10880245088295686,Epstein-Barr virus
ENSG00000103194.16,-0.23761100442933245,0.07593959442784382,Epstein-Barr virus
ENSG00000135709.14,0.08694183272754358,0.03476586426655721,Epstein-Barr virus
ENSG00000131153.9,0.12153119165447457,0.038554941877690804,Epstein-Barr virus
ENSG00000154102.11,0.021151988990713275,0.018960519375530466,Epstein-Barr virus
ENSG00000140968.12,-0.5018911187615697,0.10437582082761586,Epstein-Barr virus
ENSG00000268804.2,-0.020772055363179626,0.04706525952902944,Epstein-Barr virus
ENSG00000140941.14,0.19794458720088107,0.1239714453986996,Epstein-Barr virus
ENSG00000176715.17,-0.2659187479359051,0.05041834932211034,Epstein-Barr virus
ENSG00000258947.8,0.02236415487625251,0.03078660506142406,Epstein-Barr virus
ENSG00000167703.15,-0.1831871828825341,0.0977302165066255,Epstein-Barr virus
ENSG00000186594.16,0.015840987729741508,0.0445443017172226,Epstein-Barr virus
ENSG00000177374.13,-0.047962803170360585,0.022101019188210374,Epstein-Barr virus
ENSG00000040531.16,-0.03231078869279721,0.04045712098748048,Epstein-Barr virus
ENSG00000083454.23,0.17639691726413706,0.08076531002874349,Epstein-Barr virus
ENSG00000108405.4,-0.0038442086257934847,0.027427181060219494,Epstein-Barr virus
ENSG00000167740.10,-0.0837700089367227,0.05892660907261422,Epstein-Barr virus
ENSG00000161929.15,0.10745752834121201,0.08098051647040808,Epstein-Barr virus
ENSG00000132530.17,-0.05184753169355386,0.07051158694881231,Epstein-Barr virus
ENSG00000174282.12,0.1132069195876554,0.050918673426163505,Epstein-Barr virus
ENSG00000129226.14,0.06779484966394532,0.05694928706044383,Epstein-Barr virus
ENSG00000132510.11,0.06420902522347559,0.05601825343093598,Epstein-Barr virus
ENSG00000178999.13,-0.2408831488728256,0.06378970878841703,Epstein-Barr virus
ENSG00000178977.4,-0.010035724093964374,0.034024266983404716,Epstein-Barr virus
ENSG00000276231.5,0.17969470753545916,0.11286982176987848,Epstein-Barr virus
ENSG00000007237.19,0.20757174574226187,0.08021049223877041,Epstein-Barr virus
ENSG00000239704.12,-0.004768338300443219,0.03996794036926675,Epstein-Barr virus
ENSG00000170160.19,0.034731926728218565,0.05845031234046606,Epstein-Barr virus
ENSG00000230709.1,0.15760818008678998,0.09384131781204069,Epstein-Barr virus
ENSG00000262202.4,0.004698283731573103,0.024984850423934876,Epstein-Barr virus
ENSG00000108641.20,-0.1252264308759394,0.08185509518845806,Epstein-Barr virus
ENSG00000291194.1,-0.011788175333408361,0.025307222973879898,Epstein-Barr virus
ENSG00000109046.15,-0.07420854447402456,0.15513642800934946,Epstein-Barr virus
ENSG00000109107.14,0.05660495432655507,0.1253837409013922,Epstein-Barr virus
ENSG00000160606.11,0.0761718748559559,0.05854480766490829,Epstein-Barr virus
ENSG00000076604.16,-0.009837165347324664,0.10063341470438746,Epstein-Barr virus
ENSG00000132589.16,0.04343123775167388,0.13592770190129302,Epstein-Barr virus
ENSG00000063015.21,0.028681737251607733,0.03986209719165846,Epstein-Barr virus
ENSG00000168792.5,0.0220561071700766,0.020814829964241634,Epstein-Barr virus
ENSG00000167543.16,-0.10389458083693309,0.07361020762409641,Epstein-Barr virus
ENSG00000265739.1,-0.0026377145789137565,0.011262003729229851,Epstein-Barr virus
ENSG00000108576.10,0.038209476030159506,0.006126056502217603,Epstein-Barr virus
ENSG00000184060.11,0.015889459363235155,0.07353926408261936,Epstein-Barr virus
ENSG00000185862.7,-0.5228663673781658,0.10970407527161473,Epstein-Barr virus
ENSG00000126860.12,0.031049815288099563,0.085463294160545,Epstein-Barr virus
ENSG00000131242.18,0.11830522896783928,0.027503232031980338,Epstein-Barr virus
ENSG00000108702.4,-0.019129233960959717,0.045935413322355664,Epstein-Barr virus
ENSG00000166750.10,0.037193270593938524,0.08196694682211829,Epstein-Barr virus
ENSG00000205045.12,0.015002515373211853,0.08449637406287008,Epstein-Barr virus
ENSG00000271503.7,0.25363870220165136,0.09733879928318888,Epstein-Barr virus
ENSG00000277632.2,-0.19086646775209828,0.1394127690416242,Epstein-Barr virus
ENSG00000275302.2,0.43543619791034466,0.0958913127645562,Epstein-Barr virus
ENSG00000276085.1,0.2037157475997791,0.13357448158079002,Epstein-Barr virus
ENSG00000276070.5,-0.10655045822495625,0.07581847764803691,Epstein-Barr virus
ENSG00000276023.5,-0.12163439272599108,0.09792990198545924,Epstein-Barr virus
ENSG00000275410.6,-0.2550457637705397,0.05904650539764453,Epstein-Barr virus
ENSG00000277258.5,0.08742658542050079,0.021840987349040376,Epstein-Barr virus
ENSG00000171532.5,0.039376998711403516,0.06149246693341463,Epstein-Barr virus
ENSG00000126351.13,-0.08626674361009344,0.03086264369409212,Epstein-Barr virus
ENSG00000094804.12,-0.021590917061772522,0.11698756106508297,Epstein-Barr virus
ENSG00000131747.15,0.07319860653275496,0.09572149031883592,Epstein-Barr virus
ENSG00000126353.3,-0.14429635004344263,0.048283403844964025,Epstein-Barr virus
ENSG00000173801.17,0.08108831882391038,0.04898806000309989,Epstein-Barr virus
ENSG00000126561.18,-0.06371261122263759,0.06281222520763025,Epstein-Barr virus
ENSG00000033627.18,0.09763505312460437,0.12696849297305793,Epstein-Barr virus
ENSG00000131470.15,0.15103955637902713,0.09018246899031009,Epstein-Barr virus
ENSG00000184451.5,-0.09476367260886524,0.07585981183763994,Epstein-Barr virus
ENSG00000282199.1,-0.03285672145888438,0.039593515549060564,Epstein-Barr virus
ENSG00000168591.16,0.004383362117600885,0.0845717190264912,Epstein-Barr virus
ENSG00000030582.19,-0.06467574322635188,0.10639162116314264,Epstein-Barr virus
ENSG00000224505.4,-0.03504078054500031,0.02493555318358085,Epstein-Barr virus
ENSG00000267278.6,0.04197181536212386,0.05892910701767671,Epstein-Barr virus
ENSG00000185829.19,0.05165620022331027,0.11324427393665658,Epstein-Barr virus
ENSG00000002919.15,0.3906754828432339,0.04851708361732955,Epstein-Barr virus
ENSG00000173917.11,0.07322021052325266,0.03490604296762603,Epstein-Barr virus
ENSG00000230148.8,0.0984012093480619,0.04588441732900738,Epstein-Barr virus
ENSG00000260027.5,-0.12355038131676492,0.061390560093665114,Epstein-Barr virus
ENSG00000108798.9,0.28788407847496256,0.08281838617577195,Epstein-Barr virus
ENSG00000121073.15,0.014384857601035986,0.09521726847385376,Epstein-Barr virus
ENSG00000005882.12,0.0025788777950396034,0.083874589179471,Epstein-Barr virus
ENSG00000262967.1,-0.07202035344831503,0.029696344746527725,Epstein-Barr virus
ENSG00000239672.8,0.2601770313709558,0.13825941139049772,Epstein-Barr virus
ENSG00000274213.2,0.03742866405979012,0.025811497417255913,Epstein-Barr virus
ENSG00000121064.13,0.1402914873078962,0.12330393787051863,Epstein-Barr virus
ENSG00000263004.3,0.11282199330960568,0.037849590733740154,Epstein-Barr virus
ENSG00000153944.12,0.12052976351601895,0.10133636909285969,Epstein-Barr virus
ENSG00000265206.6,-0.11648437683600144,0.175294384592795,Epstein-Barr virus
ENSG00000068489.13,-0.06613798192032672,0.11087256696410445,Epstein-Barr virus
ENSG00000175155.11,0.047268634407111064,0.04325952820919433,Epstein-Barr virus
ENSG00000141376.24,0.02838806342558027,0.048213055445228074,Epstein-Barr virus
ENSG00000007312.14,0.0006230796262322452,0.15639890060353015,Epstein-Barr virus
ENSG00000108622.11,0.2215438834346848,0.13231779240512773,Epstein-Barr virus
ENSG00000178607.17,0.038893314232217265,0.07512597932972583,Epstein-Barr virus
ENSG00000108370.17,-0.23464813121601033,0.054316864927060005,Epstein-Barr virus
ENSG00000154217.16,0.006661557492867748,0.024824536351806176,Epstein-Barr virus
ENSG00000182481.10,0.314928462505243,0.1392996168456867,Epstein-Barr virus
ENSG00000291214.1,0.07073216096775983,0.059711544607767265,Epstein-Barr virus
ENSG00000070540.13,-0.015145886847844096,0.12560055691060995,Epstein-Barr virus
ENSG00000154262.13,-0.054567122844693956,0.08389022464497393,Epstein-Barr virus
ENSG00000154265.16,-0.010935602483904626,0.07776197066413897,Epstein-Barr virus
ENSG00000108984.16,-0.0042548797821503935,0.16685223628796778,Epstein-Barr virus
ENSG00000256124.6,-0.007695100730376506,0.032759075624301005,Epstein-Barr virus
ENSG00000227036.10,0.042956249833605555,0.030591066596233795,Epstein-Barr virus
ENSG00000180616.9,0.13280036015376365,0.08623582849035741,Epstein-Barr virus
ENSG00000167851.15,0.03466156590512847,0.13847285533280457,Epstein-Barr virus
ENSG00000161513.12,0.2780488267597967,0.128884858364346,Epstein-Barr virus
ENSG00000189159.16,-0.22345767884802692,0.18226566663639304,Epstein-Barr virus
ENSG00000129667.13,-0.10221287292970917,0.08027101824540121,Epstein-Barr virus
ENSG00000129657.16,0.11538366004069482,0.08053399070175861,Epstein-Barr virus
ENSG00000187997.12,0.14488440418726664,0.016308398118623262,Epstein-Barr virus
ENSG00000108639.8,0.0748602356939164,0.09201000669803563,Epstein-Barr virus
ENSG00000167900.12,0.15169700547958298,0.10094250425512676,Epstein-Barr virus
ENSG00000089685.15,0.0755632491136461,0.09628109373818455,Epstein-Barr virus
ENSG00000184557.4,-0.007766951724993635,0.02732718864265052,Epstein-Barr virus
ENSG00000267123.7,-0.012616091605547457,0.035702992926291734,Epstein-Barr virus
ENSG00000108679.13,-0.056894684907958126,0.02125878465603884,Epstein-Barr virus
ENSG00000167280.17,-0.1635311394589469,0.0382791070065837,Epstein-Barr virus
ENSG00000141543.12,-0.11883160192703447,0.1086875000578197,Epstein-Barr virus
ENSG00000181523.13,0.017262272065496357,0.05292325059645662,Epstein-Barr virus
ENSG00000173821.20,0.3574111784202057,0.08003263841251938,Epstein-Barr virus
ENSG00000175866.16,0.05982679395917349,0.020154242736229747,Epstein-Barr virus
ENSG00000289182.1,-0.01190443949872836,0.019660478932722592,Epstein-Barr virus
ENSG00000183048.12,0.06701507903479127,0.06505944902993172,Epstein-Barr virus
ENSG00000182676.5,0.025863551122490436,0.024251197429396257,Epstein-Barr virus
ENSG00000185624.16,-0.05728368963759584,0.20187641515383256,Epstein-Barr virus
ENSG00000183010.17,0.04257290588201489,0.06165475412870903,Epstein-Barr virus
ENSG00000141526.18,-0.11043656300006756,0.1336268205858059,Epstein-Barr virus
ENSG00000141562.19,-0.12073788573425881,0.08955402339737335,Epstein-Barr virus
ENSG00000141556.22,0.06541787659435548,0.11448413441944494,Epstein-Barr virus
ENSG00000175711.9,0.02430006050757767,0.03803555512117106,Epstein-Barr virus
ENSG00000176890.16,0.07041761000991213,0.1394930326596994,Epstein-Barr virus
ENSG00000176105.14,0.03224947990581132,0.07379384336196153,Epstein-Barr virus
ENSG00000080986.13,-0.02750351414153825,0.08439880829765843,Epstein-Barr virus
ENSG00000101596.17,-0.154155488229727,0.07341635848848903,Epstein-Barr virus
ENSG00000264575.1,-0.04190593716804805,0.043714986917087646,Epstein-Barr virus
ENSG00000168461.13,-0.026780117676752684,0.04954133935695499,Epstein-Barr virus
ENSG00000154864.14,-0.024391227749314695,0.0286048403935622,Epstein-Barr virus
ENSG00000176014.13,0.0026460003517649613,0.04479500075569625,Epstein-Barr virus
ENSG00000168675.19,0.1606258147364241,0.09248187687328102,Epstein-Barr virus
ENSG00000290461.1,-0.08139407518402071,0.04653702910591232,Epstein-Barr virus
ENSG00000154065.17,-0.013821713928212737,0.03759971246776106,Epstein-Barr virus
ENSG00000141384.13,0.02027916097523833,0.07024232711045746,Epstein-Barr virus
ENSG00000134775.16,0.025148147754821767,0.023092182582477378,Epstein-Barr virus
ENSG00000101665.10,0.04099667960423916,0.02886714485258155,Epstein-Barr virus
ENSG00000141646.16,0.10929245636860128,0.05426183011192537,Epstein-Barr virus
ENSG00000166562.9,0.28340887402663834,0.14203907719878636,Epstein-Barr virus
ENSG00000074695.6,0.14290256674421656,0.07575379095887644,Epstein-Barr virus
ENSG00000141682.12,0.2976586132808219,0.14035928076385165,Epstein-Barr virus
ENSG00000171791.14,-0.22510821905279457,0.1367136947081001,Epstein-Barr virus
ENSG00000267390.3,-0.04382903372769261,0.07832691126011228,Epstein-Barr virus
ENSG00000221887.6,0.27871347103771443,0.08952292726562505,Epstein-Barr virus
ENSG00000150637.9,0.20813873812262132,0.090926372593995,Epstein-Barr virus
ENSG00000176225.15,-0.00799655578308855,0.04569737132430935,Epstein-Barr virus
ENSG00000130856.18,0.07416974473866014,0.06943611855651652,Epstein-Barr virus
ENSG00000131196.18,0.02709819008996554,0.06970159427345939,Epstein-Barr virus
ENSG00000060069.18,-0.0123311643943999,0.0517135988692489,Epstein-Barr virus
ENSG00000226742.4,-0.10872842437201881,0.04443734362274653,Epstein-Barr virus
ENSG00000105556.12,-0.21870085343376386,0.09419066664350115,Epstein-Barr virus
ENSG00000116017.11,0.017815048825091162,0.12533499584226293,Epstein-Barr virus
ENSG00000064687.13,0.08625652011582667,0.05802088206808734,Epstein-Barr virus
ENSG00000118046.17,-0.06904728336693894,0.05546224629215753,Epstein-Barr virus
ENSG00000130005.13,-0.1287094178567951,0.12363003102240741,Epstein-Barr virus
ENSG00000261526.3,-0.060521092699529676,0.02866485858396164,Epstein-Barr virus
ENSG00000099875.16,0.5027155726577045,0.17083873945681805,Epstein-Barr virus
ENSG00000099840.14,-0.01437442895800464,0.10568197389458697,Epstein-Barr virus
ENSG00000167476.10,0.039928489615871546,0.07526847081957354,Epstein-Barr virus
ENSG00000099860.9,0.05534264759535215,0.06971582470596087,Epstein-Barr virus
ENSG00000176533.13,-0.2517384211183508,0.12545251707384,Epstein-Barr virus
ENSG00000267412.1,0.05207796211955045,0.037289454170003844,Epstein-Barr virus
ENSG00000171970.14,-0.1333721752555235,0.048450232598524774,Epstein-Barr virus
ENSG00000088256.9,0.025790636515925298,0.04002683788528571,Epstein-Barr virus
ENSG00000060558.4,-0.13072276800228375,0.049221463402327435,Epstein-Barr virus
ENSG00000125910.6,0.005238661454177819,0.05287857421096766,Epstein-Barr virus
ENSG00000105246.6,0.20033373811182273,0.1177492317877902,Epstein-Barr virus
ENSG00000167670.16,-0.12191108407259622,0.11970132646827646,Epstein-Barr virus
ENSG00000167671.12,0.1616417947449469,0.11898028701723506,Epstein-Barr virus
ENSG00000267011.5,-0.007086108061624889,0.01068582513926231,Epstein-Barr virus
ENSG00000171236.10,-0.005491614010058539,0.052071278305418044,Epstein-Barr virus
ENSG00000074842.8,0.1425419530788571,0.08330264762493704,Epstein-Barr virus
ENSG00000125726.11,-0.1343260518274161,0.08898469572429485,Epstein-Barr virus
ENSG00000125735.11,-0.016185743320364133,0.032999571898791276,Epstein-Barr virus
ENSG00000125733.18,-0.05046385054462269,0.13618427063764338,Epstein-Barr virus
ENSG00000171105.14,-0.0007888260994129657,0.041148476971107815,Epstein-Barr virus
ENSG00000104921.15,0.2502283650438329,0.1351727469807569,Epstein-Barr virus
ENSG00000142347.19,0.038099812925449346,0.013274431528203958,Epstein-Barr virus
ENSG00000196110.8,0.032487331404504424,0.026660651189054,Epstein-Barr virus
ENSG00000130810.20,-0.21653771130746047,0.1283065930756411,Epstein-Barr virus
ENSG00000244165.2,0.15104294700330842,0.07867024311751074,Epstein-Barr virus
ENSG00000130816.17,-0.04263874246547861,0.09217020860800919,Epstein-Barr virus
ENSG00000267534.4,-0.03420976396609909,0.046816273677634454,Epstein-Barr virus
ENSG00000090339.9,-0.08459601771595852,0.07020439379861308,Epstein-Barr virus
ENSG00000105371.10,-0.03055951914375427,0.038611253713473896,Epstein-Barr virus
ENSG00000267100.2,-0.3217214736394611,0.0937619713803925,Epstein-Barr virus
ENSG00000214212.9,-0.20396622742390155,0.08623212328653401,Epstein-Barr virus
ENSG00000198551.10,0.05341950563530656,0.034582694667061216,Epstein-Barr virus
ENSG00000102575.14,-0.15071072545541617,0.10260502158920705,Epstein-Barr virus
ENSG00000197647.13,0.022342634303170943,0.03137437846170801,Epstein-Barr virus
ENSG00000223547.10,-0.026282769441436222,0.042377514073811795,Epstein-Barr virus
ENSG00000180855.16,0.013892491224647583,0.050676023368661824,Epstein-Barr virus
ENSG00000095066.12,0.009012460372032566,0.05220099221805676,Epstein-Barr virus
ENSG00000171223.6,-0.11217716555545328,0.16514607289970748,Epstein-Barr virus
ENSG00000179218.15,0.015043663753397026,0.08576594040724349,Epstein-Barr virus
ENSG00000267458.1,0.014325871867740468,0.04515070914419281,Epstein-Barr virus
ENSG00000160888.7,-0.3538237916887697,0.0904783229923567,Epstein-Barr virus
ENSG00000267519.6,0.08244215352612605,0.03514187909732633,Epstein-Barr virus
ENSG00000104998.4,-0.2041907421112261,0.06672995296013613,Epstein-Barr virus
ENSG00000105011.9,-0.16501630555078403,0.08988549924246865,Epstein-Barr virus
ENSG00000123146.20,-0.06509383940184815,0.05963053185880429,Epstein-Barr virus
ENSG00000167460.17,-0.10446099012333737,0.1136164937458154,Epstein-Barr virus
ENSG00000127528.6,0.0351060269981966,0.02843853939194876,Epstein-Barr virus
ENSG00000072954.7,-0.09638463628530947,0.096536014736885,Epstein-Barr virus
ENSG00000127533.4,-0.016128479916241296,0.04462306519962295,Epstein-Barr virus
ENSG00000099330.9,-0.23742106587989142,0.13108737859221234,Epstein-Barr virus
ENSG00000282851.2,-0.11926611592987424,0.09084557797123562,Epstein-Barr virus
ENSG00000269439.7,0.022667616588935815,0.05498733687048287,Epstein-Barr virus
ENSG00000105647.19,-0.07637359205747646,0.04649354277196596,Epstein-Barr virus
ENSG00000216490.4,0.2919898506516397,0.15385460888640262,Epstein-Barr virus
ENSG00000130513.7,0.043074232327241745,0.042026779565894616,Epstein-Barr virus
ENSG00000130511.16,-0.12054180887462863,0.08546085737417716,Epstein-Barr virus
ENSG00000213999.17,0.09894016145594181,0.16125890693698028,Epstein-Barr virus
ENSG00000105708.9,0.013876249583248188,0.04373934293499811,Epstein-Barr virus
ENSG00000160229.13,0.07860552592378185,0.0554313191070379,Epstein-Barr virus
ENSG00000178904.19,0.04240482505231712,0.057996858021464474,Epstein-Barr virus
ENSG00000131941.8,0.037489938416457556,0.03828306182306106,Epstein-Barr virus
ENSG00000166398.14,0.011375936642994423,0.04487061203360794,Epstein-Barr virus
ENSG00000012124.17,-0.1456302556557075,0.13001468920339151,Epstein-Barr virus
ENSG00000126266.4,0.07166598243977627,0.01751794483367744,Epstein-Barr virus
ENSG00000161249.21,-0.12319493881422196,0.03607722363544627,Epstein-Barr virus
ENSG00000105672.15,0.026027861137810897,0.05213417480198629,Epstein-Barr virus
ENSG00000011590.14,0.0970408827575036,0.1516174656502487,Epstein-Barr virus
ENSG00000126246.10,0.21156359628076069,0.13996975206309786,Epstein-Barr virus
ENSG00000167604.15,-0.01704242023337175,0.057185271162881184,Epstein-Barr virus
ENSG00000126264.10,-0.2391267222107167,0.09763534583589334,Epstein-Barr virus
ENSG00000188283.12,0.018728432238442207,0.03891287124663505,Epstein-Barr virus
ENSG00000167642.13,-0.10153899978906933,0.06278235368494522,Epstein-Barr virus
ENSG00000099337.5,-0.0007675217491236683,0.10196107771514965,Epstein-Barr virus
ENSG00000128016.7,0.09092842720203058,0.15506554097083838,Epstein-Barr virus
ENSG00000291086.1,0.10261188052225606,0.09457580258390849,Epstein-Barr virus
ENSG00000006659.13,0.07367119258789005,0.10677241818467667,Epstein-Barr virus
ENSG00000105223.21,0.26512732031331593,0.0744449091937859,Epstein-Barr virus
ENSG00000197019.5,0.017536377699034933,0.07362447091253416,Epstein-Barr virus
ENSG00000289298.2,0.10488026061609562,0.06168595548599887,Epstein-Barr virus
ENSG00000270164.3,0.3195060062735215,0.1692337563826419,Epstein-Barr virus
ENSG00000268027.5,0.11417693258869203,0.09419217493775978,Epstein-Barr virus
ENSG00000007129.18,0.06683463010947845,0.07342016822030678,Epstein-Barr virus
ENSG00000105369.10,-0.20714254683492203,0.09770508578173769,Epstein-Barr virus
ENSG00000105404.11,0.038702980127056114,0.1701610177215379,Epstein-Barr virus
ENSG00000105409.19,0.0073014662474158755,0.016566648088367775,Epstein-Barr virus
ENSG00000028277.22,-0.3892425759070155,0.15283625013549507,Epstein-Barr virus
ENSG00000176531.11,-0.03703129049882529,0.027588725073731436,Epstein-Barr virus
ENSG00000105755.8,0.08537168158042346,0.09657568309803435,Epstein-Barr virus
ENSG00000234465.11,0.08757526459627814,0.05220206932835114,Epstein-Barr virus
ENSG00000011422.12,-0.04928325813041156,0.06299266620850955,Epstein-Barr virus
ENSG00000104783.15,-0.08226423173268066,0.09592900524388408,Epstein-Barr virus
ENSG00000204920.11,0.05443622016838288,0.026574284843999686,Epstein-Barr virus
ENSG00000267680.6,0.1770659278233424,0.09414319249141671,Epstein-Barr virus
ENSG00000263002.8,0.10300910104607512,0.047724806711592314,Epstein-Barr virus
ENSG00000130208.10,0.11514021917005457,0.03593515880106485,Epstein-Barr virus
ENSG00000104856.15,-0.2640393658699593,0.036214113661607227,Epstein-Barr virus
ENSG00000170684.10,-0.17571975804032794,0.07738887555594286,Epstein-Barr virus
ENSG00000125740.15,-0.023512525756585204,0.03619178031150799,Epstein-Barr virus
ENSG00000125744.12,0.11062083877783908,0.023828475996370335,Epstein-Barr virus
ENSG00000267757.4,0.17670059934717317,0.1009706020048264,Epstein-Barr virus
ENSG00000010310.9,0.02017482964964157,0.036336232723732945,Epstein-Barr virus
ENSG00000160013.9,0.07690886770440733,0.027361489894879302,Epstein-Barr virus
ENSG00000167414.5,-0.053637174235661535,0.05554176712153926,Epstein-Barr virus
ENSG00000105281.12,-0.02031154296804109,0.0605927184412385,Epstein-Barr virus
ENSG00000105327.18,0.09497775193361996,0.09909199771616606,Epstein-Barr virus
ENSG00000268061.6,0.015643025125536558,0.14137667838731435,Epstein-Barr virus
ENSG00000185453.13,0.04422081996913785,0.05990736581661695,Epstein-Barr virus
ENSG00000142227.11,0.06680850709189247,0.06927139996980912,Epstein-Barr virus
ENSG00000087074.9,-0.1164919319532759,0.14294993685100224,Epstein-Barr virus
ENSG00000104894.12,0.26582598570595106,0.0716553232009906,Epstein-Barr virus
ENSG00000104870.13,0.037242875159785575,0.014208421807204188,Epstein-Barr virus
ENSG00000104946.14,-0.052049615919609514,0.06623363604940805,Epstein-Barr virus
ENSG00000104951.16,0.3614319977366823,0.1434392017817325,Epstein-Barr virus
ENSG00000169136.13,-0.020897217373768668,0.10683880085947993,Epstein-Barr virus
ENSG00000287001.3,0.08611592825851104,0.031228600076807878,Epstein-Barr virus
ENSG00000291230.1,0.07008971187213799,0.10884138241598541,Epstein-Barr virus
ENSG00000131400.9,0.26424378763711703,0.08500445649094585,Epstein-Barr virus
ENSG00000269404.7,-0.2513507519298064,0.10800850944320775,Epstein-Barr virus
ENSG00000167748.11,0.2686183084952342,0.05786036033601552,Epstein-Barr virus
ENSG00000105374.10,-0.04215188995314887,0.026603931198775202,Epstein-Barr virus
ENSG00000256683.7,0.04138144252604298,0.08117915887658568,Epstein-Barr virus
ENSG00000221923.9,0.12350055879568526,0.09261118953188677,Epstein-Barr virus
ENSG00000167562.14,0.045994020392264086,0.054128301913894616,Epstein-Barr virus
ENSG00000167766.21,-0.03800730948326402,0.0607130335414656,Epstein-Barr virus
ENSG00000204604.13,0.05823458384451672,0.02500490873877489,Epstein-Barr virus
ENSG00000179820.16,0.00043363005217952655,0.024307206614773102,Epstein-Barr virus
ENSG00000105617.4,0.07194422396470558,0.1056959969882043,Epstein-Barr virus
ENSG00000104972.16,0.16507635677414728,0.08718581166693473,Epstein-Barr virus
ENSG00000167634.12,0.086492652419771,0.07778760799272794,Epstein-Barr virus
ENSG00000108106.14,0.3662604325313928,0.1276287785570356,Epstein-Barr virus
ENSG00000063241.8,0.11058991623769404,0.11784200384223228,Epstein-Barr virus
ENSG00000171425.10,0.47633220514602276,0.19988192609520478,Epstein-Barr virus
ENSG00000204524.7,-0.060105578239702945,0.03062237438243914,Epstein-Barr virus
ENSG00000197714.9,0.013829045185861026,0.028215450683631307,Epstein-Barr virus
ENSG00000288899.1,-0.029598015377454285,0.10163995669219385,Epstein-Barr virus
ENSG00000251369.10,0.034628792306891934,0.04334139339007837,Epstein-Barr virus
ENSG00000171649.12,-0.026594699013183273,0.030206020587877212,Epstein-Barr virus
ENSG00000183647.11,0.11470170067102992,0.07061223962495031,Epstein-Barr virus
ENSG00000121410.12,0.06235451842996395,0.08139399367851563,Epstein-Barr virus
ENSG00000035115.22,0.014729337990521589,0.11049366299867364,Epstein-Barr virus
ENSG00000134326.12,0.12054656843072505,0.0654612410542856,Epstein-Barr virus
ENSG00000134321.13,0.023019119831190496,0.06130957223495171,Epstein-Barr virus
ENSG00000235576.3,0.013872194586501773,0.015793441123776716,Epstein-Barr virus
ENSG00000115738.10,0.03426566856766423,0.11396563007642108,Epstein-Barr virus
ENSG00000134313.17,0.1920159012738423,0.0856308660458224,Epstein-Barr virus
ENSG00000151694.15,0.05471931274733415,0.07231254885520055,Epstein-Barr virus
ENSG00000171848.16,0.1386613578688091,0.07234320500186789,Epstein-Barr virus
ENSG00000115756.13,0.21230278798224267,0.0720840980554697,Epstein-Barr virus
ENSG00000143870.13,-0.23731161842975904,0.07467493545012241,Epstein-Barr virus
ENSG00000162976.13,0.02242020314519409,0.07641245875016921,Epstein-Barr virus
ENSG00000134324.12,-0.04970273579952411,0.11910076935428268,Epstein-Barr virus
ENSG00000224184.7,-0.11666362600934377,0.05561910983457396,Epstein-Barr virus
ENSG00000115884.11,0.08854687847438371,0.05083662610377546,Epstein-Barr virus
ENSG00000143878.10,0.01465003467233067,0.018829208691237997,Epstein-Barr virus
ENSG00000115129.14,0.058859522146753086,0.10353679908453317,Epstein-Barr virus
ENSG00000115138.11,-0.045756102382897484,0.08002138315873346,Epstein-Barr virus
ENSG00000115163.15,0.019154011134043445,0.10765169847494292,Epstein-Barr virus
ENSG00000213639.11,0.09708812915099564,0.055032083374202304,Epstein-Barr virus
ENSG00000119801.13,-0.2697590585394441,0.1521588867087566,Epstein-Barr virus
ENSG00000213626.13,-0.1669883530390249,0.08028219569756809,Epstein-Barr virus
ENSG00000152689.18,-0.07180716586980605,0.12800968346406885,Epstein-Barr virus
ENSG00000228262.11,-0.03966724511400689,0.02751471207577479,Epstein-Barr virus
ENSG00000150938.10,-0.030344367674174002,0.03252617617803013,Epstein-Barr virus
ENSG00000138061.12,0.03525020241388157,0.048272854655642225,Epstein-Barr virus
ENSG00000115875.19,-0.2965870290446524,0.11679050055607014,Epstein-Barr virus
ENSG00000152518.8,0.04913866715938933,0.06179418124418487,Epstein-Barr virus
ENSG00000119729.12,0.2637697275992259,0.09522931463802142,Epstein-Barr virus
ENSG00000116062.19,-0.09002795240828194,0.11477433293616414,Epstein-Barr virus
ENSG00000068912.15,-0.39611769867500274,0.12294510746589885,Epstein-Barr virus
ENSG00000115355.18,0.33589633523309126,0.11116682291887924,Epstein-Barr virus
ENSG00000119866.22,0.017890541278064553,0.04518696137434883,Epstein-Barr virus
ENSG00000162924.16,-0.09617794697390131,0.0742359607019678,Epstein-Barr virus
ENSG00000170340.11,0.3435453706867376,0.1722200098583733,Epstein-Barr virus
ENSG00000225889.10,-0.01996976773319661,0.06482083921061194,Epstein-Barr virus
ENSG00000260101.2,0.0920034955479175,0.09003179148852028,Epstein-Barr virus
ENSG00000237638.3,-0.01836424238857383,0.11315047316071629,Epstein-Barr virus
ENSG00000115902.11,-0.13266370283399118,0.044679153824850215,Epstein-Barr virus
ENSG00000232613.7,-0.039157805829693464,0.014999156123538152,Epstein-Barr virus
ENSG00000115956.10,0.32246562414885144,0.1198446795014621,Epstein-Barr virus
ENSG00000115977.21,-0.17752074922559116,0.09703693090556774,Epstein-Barr virus
ENSG00000196975.16,-0.17102229782227352,0.14662386288427723,Epstein-Barr virus
ENSG00000059728.11,0.0028160690489505463,0.030237154688525596,Epstein-Barr virus
ENSG00000116005.12,-0.050936747956616624,0.04927198063210298,Epstein-Barr virus
ENSG00000124370.11,0.041341108871698756,0.07696573598937435,Epstein-Barr virus
ENSG00000124374.9,0.0820597880031906,0.07666027894193939,Epstein-Barr virus
ENSG00000135638.14,-0.05275478919163451,0.05130403617447466,Epstein-Barr virus
ENSG00000144048.11,-0.1689368535649796,0.12581783146630934,Epstein-Barr virus
ENSG00000065911.13,-0.034427042452181277,0.08096033041375642,Epstein-Barr virus
ENSG00000042493.16,0.16554277534674158,0.10493218104814858,Epstein-Barr virus
ENSG00000286532.2,-0.007070061192762644,0.01843545672163901,Epstein-Barr virus
ENSG00000115525.18,0.006947446017703318,0.038811640551822735,Epstein-Barr virus
ENSG00000239305.7,0.09862516848575942,0.05420674118632826,Epstein-Barr virus
ENSG00000222041.13,-0.035087742309105066,0.07448389278054439,Epstein-Barr virus
ENSG00000172071.15,0.09001371093966519,0.09917353421955448,Epstein-Barr virus
ENSG00000291127.1,0.0436746951179643,0.048562069065058534,Epstein-Barr virus
ENSG00000290104.1,-0.04018731334465157,0.02275655665660068,Epstein-Barr virus
ENSG00000211598.2,0.04935371568736119,0.042885337027360255,Epstein-Barr virus
ENSG00000244437.1,-0.03889694762649971,0.022608672469293163,Epstein-Barr virus
ENSG00000239951.1,0.1859506724005622,0.06954038791383167,Epstein-Barr virus
ENSG00000291142.1,0.026085675713084996,0.03682305409441068,Epstein-Barr virus
ENSG00000172005.11,0.052045072747227285,0.06916860307156415,Epstein-Barr virus
ENSG00000275111.5,0.1032784826200119,0.03473141621523951,Epstein-Barr virus
ENSG00000291126.1,0.019627525998360745,0.02820195592266306,Epstein-Barr virus
ENSG00000174501.15,0.019251256693722543,0.06940866835283258,Epstein-Barr virus
ENSG00000158050.5,0.15395139997090893,0.1525813372921768,Epstein-Barr virus
ENSG00000196912.13,-0.0681903633663196,0.04017143667891551,Epstein-Barr virus
ENSG00000075568.17,-0.06021248294456122,0.08447470889288156,Epstein-Barr virus
ENSG00000163162.9,-0.20009687122299213,0.07417523248588571,Epstein-Barr virus
ENSG00000272994.2,0.08852137685096605,0.05801216221553441,Epstein-Barr virus
ENSG00000186522.15,0.05443264508307066,0.07761240702592619,Epstein-Barr virus
ENSG00000169679.15,0.14695592662576837,0.06005262921935659,Epstein-Barr virus
ENSG00000153093.21,-0.05857422096124241,0.07790028401397815,Epstein-Barr virus
ENSG00000153094.25,-0.07010686987470215,0.048396928543279795,Epstein-Barr virus
ENSG00000188177.15,0.07046431031815258,0.07361104341057674,Epstein-Barr virus
ENSG00000169607.13,-0.022003724348608505,0.08537208061096926,Epstein-Barr virus
ENSG00000189223.15,-0.024529937672696882,0.026293779412553144,Epstein-Barr virus
ENSG00000272563.1,0.09590281709832031,0.035625432420900806,Epstein-Barr virus
ENSG00000136717.15,-0.01449091126779048,0.14759340460385886,Epstein-Barr virus
ENSG00000144233.12,-0.03944643472095504,0.021670163989139433,Epstein-Barr virus
ENSG00000136715.19,0.05697891011044626,0.05847348630258939,Epstein-Barr virus
ENSG00000136710.10,0.02443718502621291,0.0646250698922014,Epstein-Barr virus
ENSG00000163040.15,0.13395117842921156,0.09158119292003915,Epstein-Barr virus
ENSG00000176771.18,-0.05889368757613619,0.035047292402323425,Epstein-Barr virus
ENSG00000076003.5,-0.21118068521442576,0.12467799459948965,Epstein-Barr virus
ENSG00000121966.8,-0.06954836179897994,0.06553704748512586,Epstein-Barr virus
ENSG00000115919.15,-0.09791688398804539,0.08410339362459528,Epstein-Barr virus
ENSG00000169554.23,0.0016347830253587313,0.017520537746461624,Epstein-Barr virus
ENSG00000150556.17,0.01704709403629972,0.020724012948577862,Epstein-Barr virus
ENSG00000182389.20,0.10992030625963924,0.05966504506384296,Epstein-Barr virus
ENSG00000177917.12,-0.2045808059445602,0.11311228560447696,Epstein-Barr virus
ENSG00000153234.16,0.16007544204031654,0.03928951063415176,Epstein-Barr virus
ENSG00000115165.10,0.05451579951161343,0.09687270797134521,Epstein-Barr virus
ENSG00000123636.19,0.17009884689154617,0.11439478226569653,Epstein-Barr virus
ENSG00000136560.14,0.295064607943962,0.10022555296900962,Epstein-Barr virus
ENSG00000152253.9,0.2004392094445874,0.05181853617475594,Epstein-Barr virus
ENSG00000073737.17,0.15964242828441622,0.047759822808232696,Epstein-Barr virus
ENSG00000232788.1,-0.0199844550581952,0.017742337659206114,Epstein-Barr virus
ENSG00000225205.5,-0.02098170272857039,0.05279750541548309,Epstein-Barr virus
ENSG00000152256.14,-0.05917451056364283,0.028060138660950033,Epstein-Barr virus
ENSG00000144354.15,-0.17770890168472306,0.1808438779719852,Epstein-Barr virus
ENSG00000163328.14,0.11213642305240139,0.07260015464422669,Epstein-Barr virus
ENSG00000155657.29,-0.058798260603570525,0.06217292757297353,Epstein-Barr virus
ENSG00000163492.16,-0.08886390537575957,0.025195548752031012,Epstein-Barr virus
ENSG00000115232.14,0.05341637952892229,0.08390717910011317,Epstein-Barr virus
ENSG00000187699.10,-0.2807607743438995,0.08354954116465169,Epstein-Barr virus
ENSG00000081320.11,-0.043868341674460354,0.052247372519544776,Epstein-Barr virus
ENSG00000272211.1,-0.03781858317301917,0.03520159096640669,Epstein-Barr virus
ENSG00000065413.20,0.03843630674027158,0.1707493853099256,Epstein-Barr virus
ENSG00000236977.1,0.061397533837411394,0.04411838146519597,Epstein-Barr virus
ENSG00000115541.11,0.17859868575422858,0.12499631151072764,Epstein-Barr virus
ENSG00000163535.18,0.011298493640850388,0.08767484343752736,Epstein-Barr virus
ENSG00000013441.17,-0.05908587059926692,0.11932229885901843,Epstein-Barr virus
ENSG00000003402.21,-0.03653173356094203,0.13637782821937794,Epstein-Barr virus
ENSG00000273456.2,0.029834629317741067,0.05266608916319236,Epstein-Barr virus
ENSG00000119004.17,-0.10826347557209294,0.05977238701111675,Epstein-Barr virus
ENSG00000204186.10,-0.009966079120847954,0.008948559495525657,Epstein-Barr virus
ENSG00000224137.2,0.31217420489314723,0.13196779420552499,Epstein-Barr virus
ENSG00000123989.15,0.11716241367105872,0.04198602331703531,Epstein-Barr virus
ENSG00000169031.21,0.011832693068741046,0.029830200699316342,Epstein-Barr virus
ENSG00000225963.8,-0.22270722787706698,0.054258074818090016,Epstein-Barr virus
ENSG00000135916.16,0.15533509197029574,0.21141297962598818,Epstein-Barr virus
ENSG00000224376.3,0.003144631701731263,0.09965750117622015,Epstein-Barr virus
ENSG00000115053.17,-0.2554525777974136,0.04047094142402456,Epstein-Barr virus
ENSG00000221944.9,0.019548418039957934,0.023537611928631887,Epstein-Barr virus
ENSG00000168918.14,-0.14789408603392165,0.17321299683330463,Epstein-Barr virus
ENSG00000077044.11,0.0646709218331963,0.1555478910884628,Epstein-Barr virus
ENSG00000123485.12,-0.14967991624399316,0.06433889996081578,Epstein-Barr virus
ENSG00000188042.8,-0.05287987326926236,0.0353770347097345,Epstein-Barr virus
ENSG00000068024.18,0.002708101021665217,0.03318105933324868,Epstein-Barr virus
ENSG00000260942.1,0.09511618695560196,0.08850039239821024,Epstein-Barr virus
ENSG00000115687.14,0.071960084858815,0.09047343141778955,Epstein-Barr virus
ENSG00000168395.16,0.13084047264211415,0.06934908157223654,Epstein-Barr virus
ENSG00000188389.11,-0.06259031874907889,0.09558835574421823,Epstein-Barr virus
ENSG00000196476.12,-0.011930508428338852,0.09081234268642768,Epstein-Barr virus
ENSG00000101255.12,0.07820486578284223,0.08854500729630525,Epstein-Barr virus
ENSG00000101361.17,0.37097156712614265,0.14046841813643002,Epstein-Barr virus
ENSG00000088882.8,-0.07788272508351712,0.030007948727659835,Epstein-Barr virus
ENSG00000101265.16,0.09355549879770915,0.0669694856939952,Epstein-Barr virus
ENSG00000132646.11,-0.26879971189777796,0.06573415428698957,Epstein-Barr virus
ENSG00000125772.14,-0.2319539282028098,0.09462889116647104,Epstein-Barr virus
ENSG00000125827.9,0.12478462637329156,0.07107523881778995,Epstein-Barr virus
ENSG00000125869.10,-0.03626186813523098,0.021980500713072212,Epstein-Barr virus
ENSG00000172264.19,-0.4914201650428405,0.08916203700519225,Epstein-Barr virus
ENSG00000286546.1,-0.06671643201634757,0.11131021861296532,Epstein-Barr virus
ENSG00000125868.16,0.36438844517080454,0.13643268428689606,Epstein-Barr virus
ENSG00000125844.17,-0.04150431107372516,0.08691979839418047,Epstein-Barr virus
ENSG00000273148.2,-0.01791754188979417,0.027220409600902613,Epstein-Barr virus
ENSG00000088970.16,-0.05299032224986602,0.037236109010218926,Epstein-Barr virus
ENSG00000101439.9,0.30857109601732086,0.09389874724472201,Epstein-Barr virus
ENSG00000101294.19,-0.10126849133053302,0.09298407823116916,Epstein-Barr virus
ENSG00000171552.14,-0.013859924124625306,0.14322669006792552,Epstein-Barr virus
ENSG00000088325.16,-0.041602978451455,0.09729638255731338,Epstein-Barr virus
ENSG00000101336.18,0.06986112732877348,0.05168816165907827,Epstein-Barr virus
ENSG00000171456.22,0.28097917037369624,0.08690782729055417,Epstein-Barr virus
ENSG00000125967.17,0.06858357897249755,0.037009143988369145,Epstein-Barr virus
ENSG00000131061.15,0.011366363435364802,0.011686201928276223,Epstein-Barr virus
ENSG00000101460.13,-0.03147198602146209,0.029915847092323634,Epstein-Barr virus
ENSG00000131067.17,-0.0741371098712857,0.024712011783803327,Epstein-Barr virus
ENSG00000088298.13,-0.13810641156609071,0.11097336319490271,Epstein-Barr virus
ENSG00000061656.11,0.09428156427365204,0.05341407760940213,Epstein-Barr virus
ENSG00000101335.10,0.04160301578391538,0.05155791775907334,Epstein-Barr virus
ENSG00000101447.15,0.0368328473783805,0.06284501566444928,Epstein-Barr virus
ENSG00000223891.7,0.04158891632886599,0.02292422829256527,Epstein-Barr virus
ENSG00000196839.14,0.1255495897900064,0.06978156016417907,Epstein-Barr virus
ENSG00000101443.18,0.03341874176986686,0.09993451944511672,Epstein-Barr virus
ENSG00000175063.17,0.49717482130430407,0.12122375050081864,Epstein-Barr virus
ENSG00000124257.7,0.12724366610267904,0.019505885270257914,Epstein-Barr virus
ENSG00000101017.15,0.09317067847177547,0.10944933820346205,Epstein-Barr virus
ENSG00000196562.16,-0.0950373234582944,0.10369098286921105,Epstein-Barr virus
ENSG00000124201.15,-0.17167542286621962,0.14513691657603361,Epstein-Barr virus
ENSG00000087586.18,0.02590746812313502,0.09400558920163805,Epstein-Barr virus
ENSG00000218018.4,0.0566669051236203,0.026105256249369428,Epstein-Barr virus
ENSG00000124256.15,-0.1309302862973827,0.09721361269172228,Epstein-Barr virus
ENSG00000124225.16,0.08283531772246193,0.03613524602851524,Epstein-Barr virus
ENSG00000101160.15,0.12370109468064272,0.05776639793844705,Epstein-Barr virus
ENSG00000130699.20,0.02409544789719548,0.03512180134368753,Epstein-Barr virus
ENSG00000289537.2,0.10709066077104686,0.04356269083940631,Epstein-Barr virus
ENSG00000092758.18,0.025206544225581818,0.09229229667139632,Epstein-Barr virus
ENSG00000130589.16,-0.010636566298175434,0.07674508480853175,Epstein-Barr virus
ENSG00000232442.3,-0.14454799972188168,0.03793899523154789,Epstein-Barr virus
ENSG00000203896.10,0.13806497752896205,0.13876771485747488,Epstein-Barr virus
ENSG00000196421.9,0.14892562880026883,0.0837727450314775,Epstein-Barr virus
ENSG00000171700.14,-0.04349178602514519,0.08336802933057473,Epstein-Barr virus
ENSG00000155304.6,0.0071360782940146405,0.08367975039310685,Epstein-Barr virus
ENSG00000155307.19,0.23536248831980155,0.12381780171017855,Epstein-Barr virus
ENSG00000232884.11,0.05215407458005448,0.018764809217954755,Epstein-Barr virus
ENSG00000244676.5,0.04981102978783305,0.024520608177660552,Epstein-Barr virus
ENSG00000237484.7,-0.15258109110988796,0.016374832062915422,Epstein-Barr virus
ENSG00000185433.11,-0.06439586909331828,0.07714840385016296,Epstein-Barr virus
ENSG00000234883.7,0.11372487689962794,0.07640047220179733,Epstein-Barr virus
ENSG00000154721.15,0.013877974016391936,0.03659552763081762,Epstein-Barr virus
ENSG00000156265.17,-0.08204018920349675,0.06043293874359407,Epstein-Barr virus
ENSG00000156273.16,0.001083691302150823,0.08315950306336638,Epstein-Barr virus
ENSG00000205930.11,-0.017262282880877975,0.022716711426833087,Epstein-Barr virus
ENSG00000142188.17,0.21877559106027034,0.1329079695005071,Epstein-Barr virus
ENSG00000198743.7,0.1087170744868166,0.12278677249389434,Epstein-Barr virus
ENSG00000159267.17,0.11705818411696518,0.05519657150412075,Epstein-Barr virus
ENSG00000157551.19,0.012109256220069331,0.025767008325153926,Epstein-Barr virus
ENSG00000185658.14,-0.017669323183596878,0.0798691295687988,Epstein-Barr virus
ENSG00000185437.16,0.03287118240731796,0.0341764300454821,Epstein-Barr virus
ENSG00000184809.13,0.026132648147463935,0.02915281266346957,Epstein-Barr virus
ENSG00000183486.14,0.09987001352616422,0.0849712622914991,Epstein-Barr virus
ENSG00000141956.14,0.09293372298608875,0.023699814099153588,Epstein-Barr virus
ENSG00000237232.9,0.05692680814085505,0.04030695209723399,Epstein-Barr virus
ENSG00000160188.10,0.0430770395163223,0.03619857115240879,Epstein-Barr virus
ENSG00000160200.18,-0.09833217608239915,0.11726549287867734,Epstein-Barr virus
ENSG00000160213.9,-0.09308159663286858,0.12199496286173618,Epstein-Barr virus
ENSG00000225331.2,0.0018015180152704446,0.025668638045655695,Epstein-Barr virus
ENSG00000227039.8,-0.13972722910404767,0.11172646177002292,Epstein-Barr virus
ENSG00000183570.17,-0.033408090395109,0.012944323817540938,Epstein-Barr virus
ENSG00000160285.15,-0.12048057417726521,0.0333196648468653,Epstein-Barr virus
ENSG00000160305.18,-0.04934719946851688,0.04010573026894876,Epstein-Barr virus
ENSG00000093072.19,-0.023811091316748564,0.1240131114426565,Epstein-Barr virus
ENSG00000183785.16,0.0674308441832673,0.02044131729893861,Epstein-Barr virus
ENSG00000184979.11,-0.0804516257091953,0.09152076871780018,Epstein-Barr virus
ENSG00000093009.11,-0.448395448787942,0.04971546642614255,Epstein-Barr virus
ENSG00000099901.18,0.026542979229833025,0.1328897965772589,Epstein-Barr virus
ENSG00000128228.5,0.05809034153133486,0.098839106356414,Epstein-Barr virus
ENSG00000100034.14,0.010320209741418871,0.07755692868306563,Epstein-Barr virus
ENSG00000211640.4,0.0038891259846464605,0.03746476216712752,Epstein-Barr virus
ENSG00000211653.2,-0.053351756381320274,0.022510955044042054,Epstein-Barr virus
ENSG00000211662.2,-0.030576991804409568,0.04365621901391851,Epstein-Barr virus
ENSG00000211670.2,-0.01748745877403619,0.020880134358662743,Epstein-Barr virus
ENSG00000211673.2,-0.015212165661328802,0.11503034877923511,Epstein-Barr virus
ENSG00000254709.8,0.0002766535286855801,0.019676886681414145,Epstein-Barr virus
ENSG00000211679.2,-0.13787958827579744,0.11288442703925385,Epstein-Barr virus
ENSG00000291299.2,0.00968458656424759,0.03152872075220071,Epstein-Barr virus
ENSG00000128218.8,-0.08516792280844869,0.1173341661936134,Epstein-Barr virus
ENSG00000099958.15,0.031440875221939564,0.09996264855475813,Epstein-Barr virus
ENSG00000128271.22,-0.12688305851365667,0.07440459028852703,Epstein-Barr virus
ENSG00000128294.16,0.132014005600928,0.12543090016529929,Epstein-Barr virus
ENSG00000100219.17,-0.13361075290624577,0.0897216545977184,Epstein-Barr virus
ENSG00000239282.8,-0.0723555106488149,0.03259815652350236,Epstein-Barr virus
ENSG00000185339.10,-0.15234867321193,0.025602134713509923,Epstein-Barr virus
ENSG00000198832.11,-0.06526129224558898,0.12944400351918398,Epstein-Barr virus
ENSG00000100100.13,-0.11078311533214485,0.038850787766646966,Epstein-Barr virus
ENSG00000100292.18,0.006991158045401559,0.10857073224653957,Epstein-Barr virus
ENSG00000100297.16,0.08500511591847641,0.2135097547478729,Epstein-Barr virus
ENSG00000198125.13,0.03277699748806881,0.04008867588948232,Epstein-Barr virus
ENSG00000221963.6,0.10408741054986108,0.0903308347255527,Epstein-Barr virus
ENSG00000100342.22,-0.11067796575053455,0.08435094180713774,Epstein-Barr virus
ENSG00000100365.16,0.0911936236264251,0.09531929334809726,Epstein-Barr virus
ENSG00000100385.15,0.2356369980412505,0.1153533908848625,Epstein-Barr virus
ENSG00000100055.21,-0.059493560438578,0.07606305107717315,Epstein-Barr virus
ENSG00000100097.12,-0.0638514313293524,0.1048070557844713,Epstein-Barr virus
ENSG00000291015.1,-0.007369602274682895,0.048177490995147926,Epstein-Barr virus
ENSG00000183741.12,0.25049819392963707,0.12480489512112367,Epstein-Barr virus
ENSG00000179750.16,-0.06505071459487935,0.06398438053823158,Epstein-Barr virus
ENSG00000289963.1,0.20436672267207392,0.09815250767272432,Epstein-Barr virus
ENSG00000100321.15,0.05363641464714524,0.0593052407967035,Epstein-Barr virus
ENSG00000128272.18,0.38268705018138593,0.09618679613342154,Epstein-Barr virus
ENSG00000229999.6,-0.0566758268484856,0.051120339178893595,Epstein-Barr virus
ENSG00000167077.13,0.28919609846770467,0.05555030419992812,Epstein-Barr virus
ENSG00000159958.7,-0.0838671367621116,0.11919796494278588,Epstein-Barr virus
ENSG00000128274.17,0.013137769171690161,0.07180490060124499,Epstein-Barr virus
ENSG00000242247.11,0.01921988296307925,0.0635809517113143,Epstein-Barr virus
ENSG00000100290.3,-0.06174394073447973,0.06254367544419653,Epstein-Barr virus
ENSG00000100376.12,-0.07788333608205021,0.08389010150317801,Epstein-Barr virus
ENSG00000186951.17,0.09540877498969198,0.05624073351601272,Epstein-Barr virus
ENSG00000075218.19,-0.14233518711249857,0.08784521001147373,Epstein-Barr virus
ENSG00000184164.15,0.2763494633081891,0.15463714197740777,Epstein-Barr virus
ENSG00000198355.5,0.06024113981606669,0.028680341096220075,Epstein-Barr virus
ENSG00000073169.15,-0.01346120390283165,0.026733527480117335,Epstein-Barr virus
ENSG00000128159.12,-0.032137487590590284,0.03886857230295395,Epstein-Barr virus
ENSG00000100241.22,0.01753824192037483,0.07669645582311657,Epstein-Barr virus
ENSG00000177989.14,-0.049212621994027844,0.11611828899073165,Epstein-Barr virus
ENSG00000273272.2,-0.09990327919846753,0.05273998377542154,Epstein-Barr virus
ENSG00000100299.18,0.09218923098020444,0.10867993556553562,Epstein-Barr virus
ENSG00000134121.10,-0.07587743160526,0.031631433187158345,Epstein-Barr virus
ENSG00000134107.5,-0.12942163039529905,0.057688836785220125,Epstein-Barr virus
ENSG00000233912.1,0.0016413821067875975,0.0405015172980546,Epstein-Barr virus
ENSG00000189229.12,0.011131485442276661,0.04626987194023183,Epstein-Barr virus
ENSG00000206573.11,-0.018882123535270502,0.1327263908618416,Epstein-Barr virus
ENSG00000156959.9,-0.04460361996999268,0.029731654266294306,Epstein-Barr virus
ENSG00000163528.13,-0.24172564263457205,0.08412191998616199,Epstein-Barr virus
ENSG00000154767.15,-0.019523322858661693,0.13054124289215796,Epstein-Barr virus
ENSG00000131370.16,-0.18817226302096257,0.053153820903467555,Epstein-Barr virus
ENSG00000206560.12,-0.03333215860583021,0.12494220244199705,Epstein-Barr virus
ENSG00000131378.14,0.028380375556478293,0.08375485311831699,Epstein-Barr virus
ENSG00000129810.15,-0.270275468144166,0.0725578232956833,Epstein-Barr virus
ENSG00000197885.11,-0.12652174107787942,0.06255999336889041,Epstein-Barr virus
ENSG00000178567.8,0.05488309463976008,0.10828014038916293,Epstein-Barr virus
ENSG00000168036.18,0.22201000779154487,0.12449159999980981,Epstein-Barr virus
ENSG00000144791.10,-0.08687918109809523,0.10351621141429107,Epstein-Barr virus
ENSG00000163818.20,-0.006853001497367753,0.0148721343359228,Epstein-Barr virus
ENSG00000163823.4,0.005329380547788848,0.03694922436064738,Epstein-Barr virus
ENSG00000164047.6,-0.1305046495114503,0.06229647262027969,Epstein-Barr virus
ENSG00000114268.12,0.0010894230286923603,0.04187372727049567,Epstein-Barr virus
ENSG00000221883.4,-0.04332116282132148,0.025411387905068174,Epstein-Barr virus
ENSG00000178467.18,0.20465484319926275,0.08829017283350994,Epstein-Barr virus
ENSG00000178149.17,-0.008437646683873458,0.08299474663340195,Epstein-Barr virus
ENSG00000145020.16,0.016232987438071868,0.026214734249819863,Epstein-Barr virus
ENSG00000173540.14,0.07906922632197548,0.1604220041530068,Epstein-Barr virus
ENSG00000185614.7,-0.057114496963433514,0.05624774199789314,Epstein-Barr virus
ENSG00000068028.18,-0.13102879791879016,0.07334460614704325,Epstein-Barr virus
ENSG00000145050.19,-0.22894544912662906,0.1438083566308174,Epstein-Barr virus
ENSG00000023330.15,-0.18785486217899786,0.044007047891738794,Epstein-Barr virus
ENSG00000016864.19,-0.002834344507094582,0.08617523276906554,Epstein-Barr virus
ENSG00000157388.20,-0.04897191199842118,0.014277448083673323,Epstein-Barr virus
ENSG00000016391.11,0.09577370739516465,0.04756090852588254,Epstein-Barr virus
ENSG00000113811.12,0.001329407348410865,0.1262614074597729,Epstein-Barr virus
ENSG00000163947.12,-0.218202049551059,0.07858039381822134,Epstein-Barr virus
ENSG00000168297.16,0.0018705335203306013,0.02491304802244012,Epstein-Barr virus
ENSG00000241316.8,0.07506178574368162,0.027159587493491455,Epstein-Barr virus
ENSG00000144746.7,-0.0742386667803971,0.11601581781654828,Epstein-Barr virus
ENSG00000114861.24,0.43466850357251263,0.1362081215837592,Epstein-Barr virus
ENSG00000114480.13,-0.0797149788706852,0.11020045373809838,Epstein-Barr virus
ENSG00000154165.5,-0.2201244803875667,0.07631955406803145,Epstein-Barr virus
ENSG00000239445.6,0.036403103849071916,0.06286106176830465,Epstein-Barr virus
ENSG00000064225.13,0.10997508573834086,0.0594614583799228,Epstein-Barr virus
ENSG00000181458.10,-0.07712414440732511,0.09302273652197716,Epstein-Barr virus
ENSG00000144815.18,0.1700428179581881,0.0586451519370965,Epstein-Barr virus
ENSG00000153283.13,-0.011631751603173708,0.024115334173898367,Epstein-Barr virus
ENSG00000174500.13,-0.19480105719662832,0.12019535747016685,Epstein-Barr virus
ENSG00000091972.18,0.07457397309772139,0.08223511058475685,Epstein-Barr virus
ENSG00000186265.10,0.028794623582266726,0.10524903220247518,Epstein-Barr virus
ENSG00000181847.12,0.1142038181144281,0.05303000205614875,Epstein-Barr virus
ENSG00000181722.18,0.22250887866163438,0.09047352821495737,Epstein-Barr virus
ENSG00000172020.13,0.09732592622794332,0.07587964875007841,Epstein-Barr virus
ENSG00000185565.13,0.020447590430581683,0.035250196870313236,Epstein-Barr virus
ENSG00000121594.12,0.08867950739571791,0.08862793454210616,Epstein-Barr virus
ENSG00000144837.9,0.16002335297277498,0.099151182630097,Epstein-Barr virus
ENSG00000173226.17,0.19604730046409424,0.046792955390127546,Epstein-Barr virus
ENSG00000145088.9,0.2389046060964596,0.11393647964771746,Epstein-Barr virus
ENSG00000163406.11,0.016754312924615773,0.014981121916525238,Epstein-Barr virus
ENSG00000114013.16,-0.10758988262123104,0.10624536880298614,Epstein-Barr virus
ENSG00000114023.16,0.39646028029735964,0.12241083660127486,Epstein-Barr virus
ENSG00000173200.13,-0.10810572991276142,0.06082238706630724,Epstein-Barr virus
ENSG00000065485.20,-0.04555712504856316,0.11042590728439496,Epstein-Barr virus
ENSG00000221955.11,-0.034919356882057835,0.0346928866751671,Epstein-Barr virus
ENSG00000073111.14,0.0658012658780718,0.05711440503364355,Epstein-Barr virus
ENSG00000114626.18,-0.046190178194250385,0.04428861602298355,Epstein-Barr virus
ENSG00000074416.16,0.0826902238635442,0.07900584795155124,Epstein-Barr virus
ENSG00000183624.14,-0.08410642898061509,0.04279056827404188,Epstein-Barr virus
ENSG00000184897.7,0.028394788442597033,0.036578931255242864,Epstein-Barr virus
ENSG00000170819.5,0.2967471532393415,0.06805111069550243,Epstein-Barr virus
ENSG00000114126.18,-0.12911155354345016,0.07548565693901745,Epstein-Barr virus
ENSG00000268129.2,-0.016602121649332478,0.03183699959240179,Epstein-Barr virus
ENSG00000152952.14,0.029954331245826606,0.03781755654118879,Epstein-Barr virus
ENSG00000188313.13,-0.4179420754846565,0.09803509179673334,Epstein-Barr virus
ENSG00000070087.15,0.21066567895523072,0.061212282489060486,Epstein-Barr virus
ENSG00000287916.1,0.037866992577492486,0.08382941014717182,Epstein-Barr virus
ENSG00000114850.7,0.3304890541588333,0.15256438821439358,Epstein-Barr virus
ENSG00000163659.13,0.024847472264517428,0.07086373356412198,Epstein-Barr virus
ENSG00000241135.8,0.040316009256140914,0.02072794041904127,Epstein-Barr virus
ENSG00000168779.21,0.012546577683924804,0.04311589706210558,Epstein-Barr virus
ENSG00000113810.16,-0.2888530709398454,0.05432690256027547,Epstein-Barr virus
ENSG00000163536.13,-0.008217702585397649,0.032965613396576776,Epstein-Barr virus
ENSG00000173890.17,-0.03084878796684322,0.0949844823153697,Epstein-Barr virus
ENSG00000136603.15,0.08068624134763848,0.042770460363293045,Epstein-Barr virus
ENSG00000121858.11,-0.07759633417365157,0.06363639666097032,Epstein-Barr virus
ENSG00000226779.1,0.198040559441264,0.052492159469463284,Epstein-Barr virus
ENSG00000172667.11,0.34594883582369823,0.1387982210112525,Epstein-Barr virus
ENSG00000078081.8,0.13240371799943726,0.08853090128684145,Epstein-Barr virus
ENSG00000172578.12,-0.17548695914764723,0.04704996606899302,Epstein-Barr virus
ENSG00000114796.16,-0.019666546325910184,0.02141661825087551,Epstein-Barr virus
ENSG00000175182.15,-0.005349011958764542,0.03184530882272713,Epstein-Barr virus
ENSG00000090520.12,0.13808192828567126,0.13724170719755657,Epstein-Barr virus
ENSG00000163918.12,-0.07016981694915495,0.09059008343578963,Epstein-Barr virus
ENSG00000073849.16,0.24231997104089031,0.1521396036526815,Epstein-Barr virus
ENSG00000136514.3,-0.008880557488671581,0.0776926569054125,Epstein-Barr virus
ENSG00000188001.10,0.18308929300235957,0.06053360311965366,Epstein-Barr virus
ENSG00000233308.2,0.007214634062196335,0.07824014561314122,Epstein-Barr virus
ENSG00000231770.8,0.11148745894456254,0.045868013710957126,Epstein-Barr virus
ENSG00000184203.8,-0.2672692541192177,0.048509575185327836,Epstein-Barr virus
ENSG00000176945.18,0.013593230103870008,0.01507404371374917,Epstein-Barr virus
ENSG00000072274.14,0.16737589947790513,0.15469370137019198,Epstein-Barr virus
ENSG00000122068.13,-0.17753839327436557,0.09092743251575418,Epstein-Barr virus
ENSG00000185619.19,-0.02838530411600391,0.0471417795081251,Epstein-Barr virus
ENSG00000249592.7,0.0059917786680176,0.043272986378853844,Epstein-Barr virus
ENSG00000163950.13,-0.10561606070725378,0.07729894255781017,Epstein-Barr virus
ENSG00000013810.21,-0.09903986366385659,0.09064413206369326,Epstein-Barr virus
ENSG00000168884.15,-0.0851469006618192,0.10454649756436508,Epstein-Barr virus
ENSG00000159788.20,-0.055930741489612606,0.028158926912218808,Epstein-Barr virus
ENSG00000145220.14,-0.020177719670968045,0.07580312915378416,Epstein-Barr virus
ENSG00000168824.15,-0.144468152516937,0.06554165039133453,Epstein-Barr virus
ENSG00000109501.15,0.03355939449470543,0.04472239263331323,Epstein-Barr virus
ENSG00000178163.8,-0.003507942856669424,0.03463960983607543,Epstein-Barr virus
ENSG00000109684.16,0.01295399687078787,0.054412959615449,Epstein-Barr virus
ENSG00000002587.10,0.010313576191367043,0.017864909905332408,Epstein-Barr virus
ENSG00000137449.17,0.052630104441694935,0.02199237250698569,Epstein-Barr virus
ENSG00000004468.13,0.12836474543686044,0.09708167625525038,Epstein-Barr virus
ENSG00000178177.17,-0.06505835845370844,0.057792259610239975,Epstein-Barr virus
ENSG00000091490.11,-0.12021692611906575,0.05866455552829288,Epstein-Barr virus
ENSG00000109787.13,-0.01805439375422668,0.044285997318096244,Epstein-Barr virus
ENSG00000174123.11,0.18099785958109169,0.13196723151741702,Epstein-Barr virus
ENSG00000121895.8,0.19762167762179095,0.1681190180549394,Epstein-Barr virus
ENSG00000109790.18,0.16254627710337244,0.09325407671319576,Epstein-Barr virus
ENSG00000163683.12,0.11939035839603641,0.06440382748890701,Epstein-Barr virus
ENSG00000168421.14,-0.12355181927375464,0.05501402137727145,Epstein-Barr virus
ENSG00000154277.13,0.16597768344224986,0.09923285933934958,Epstein-Barr virus
ENSG00000074966.11,-0.011039317469393156,0.013615094929255646,Epstein-Barr virus
ENSG00000289393.1,-0.018064928865201692,0.026527662094743488,Epstein-Barr virus
ENSG00000035720.8,-0.12463777254116527,0.09807222330073535,Epstein-Barr virus
ENSG00000197888.3,0.1400688975329516,0.06874961208271664,Epstein-Barr virus
ENSG00000286848.1,-0.02694688643442796,0.019167529321105978,Epstein-Barr virus
ENSG00000132467.4,0.08936881462052271,0.08230993718676621,Epstein-Barr virus
ENSG00000169435.14,0.2887034686781578,0.07467591604125856,Epstein-Barr virus
ENSG00000169116.11,-0.1142153826173559,0.024666471461221032,Epstein-Barr virus
ENSG00000169245.6,0.02264849416396895,0.033504816641210515,Epstein-Barr virus
ENSG00000138760.11,-0.10030836563345702,0.11861919947251752,Epstein-Barr virus
ENSG00000138771.16,-0.08506761360620911,0.019808278694288202,Epstein-Barr virus
ENSG00000138764.15,0.0034424484233894354,0.03549188937272163,Epstein-Barr virus
ENSG00000163297.18,-0.10160023011645762,0.02458961979814985,Epstein-Barr virus
ENSG00000272677.3,-0.08240716245743183,0.047414562265264644,Epstein-Barr virus
ENSG00000145287.11,0.14219680491572506,0.12488590143383634,Epstein-Barr virus
ENSG00000138639.18,-0.023857278283398814,0.03452255330475293,Epstein-Barr virus
ENSG00000198189.11,-0.03306896065576633,0.09271279395849778,Epstein-Barr virus
ENSG00000138642.16,-0.02274630293607686,0.023231711179305566,Epstein-Barr virus
ENSG00000138646.9,0.39952378595275245,0.07996100911099821,Epstein-Barr virus
ENSG00000164032.12,0.02646448794385427,0.12185365850931687,Epstein-Barr virus
ENSG00000153064.12,-0.002518605795491131,0.018560752940078584,Epstein-Barr virus
ENSG00000138778.14,-0.12440081030043944,0.08476505894871018,Epstein-Barr virus
ENSG00000138801.9,-0.016599031100128638,0.0534920950755718,Epstein-Barr virus
ENSG00000145365.12,0.1384833037662284,0.16158815457319367,Epstein-Barr virus
ENSG00000150961.15,-0.07385942160743496,0.12509559049696187,Epstein-Barr virus
ENSG00000145390.12,-0.02710760789640625,0.012028546828333483,Epstein-Barr virus
ENSG00000164109.14,0.10112787425792273,0.05198074767619112,Epstein-Barr virus
ENSG00000050730.16,0.027149739085931362,0.02967249984019849,Epstein-Barr virus
ENSG00000145386.11,0.10182294792439396,0.0767412822646553,Epstein-Barr virus
ENSG00000273247.7,-0.05368132010774434,0.037759991560352396,Epstein-Barr virus
ENSG00000164136.17,-0.12682661125578645,0.050549238710867334,Epstein-Barr virus
ENSG00000109458.10,-0.05596732294674791,0.046210627488441014,Epstein-Barr virus
ENSG00000170365.10,0.09819681255933382,0.08781635671682117,Epstein-Barr virus
ENSG00000164168.8,-0.025687754686375266,0.046042919664815586,Epstein-Barr virus
ENSG00000109670.17,-0.0969642163175848,0.09722779616632354,Epstein-Barr virus
ENSG00000170006.13,-0.08869971316793555,0.12774728389211973,Epstein-Barr virus
ENSG00000121210.16,-0.07473922223255146,0.06752058334983285,Epstein-Barr virus
ENSG00000164116.17,0.06801589270075305,0.030726884982740416,Epstein-Barr virus
ENSG00000171503.13,-0.007953371323616712,0.0986769175859382,Epstein-Barr virus
ENSG00000109756.10,0.25442739813555865,0.07197144772310334,Epstein-Barr virus
ENSG00000248329.6,-0.19865110491581842,0.12870720923150394,Epstein-Barr virus
ENSG00000052802.13,0.01451518055666239,0.11312397282925936,Epstein-Barr virus
ENSG00000137628.18,-0.17824902680654153,0.061314379407542266,Epstein-Barr virus
ENSG00000181381.15,0.05136228301819417,0.0419031820175572,Epstein-Barr virus
ENSG00000164104.12,-0.13938705513108623,0.06380410711815826,Epstein-Barr virus
ENSG00000272870.4,-0.07174773913249527,0.0448478516092445,Epstein-Barr virus
ENSG00000249096.7,-0.058619984525652445,0.0527685087263429,Epstein-Barr virus
ENSG00000151725.12,0.15535183977629052,0.107084636878402,Epstein-Barr virus
ENSG00000151729.11,-0.06109055789986676,0.11047298402701386,Epstein-Barr virus
ENSG00000186352.9,0.21905399579744134,0.15981944119492397,Epstein-Barr virus
ENSG00000249679.3,0.18668917305650354,0.07552641430381989,Epstein-Barr virus
ENSG00000154556.20,-0.03716232905329375,0.02160804202333296,Epstein-Barr virus
ENSG00000247516.8,-0.0023306710766805593,0.027990214692644167,Epstein-Barr virus
ENSG00000145495.17,-0.04645997072642253,0.09316980719350441,Epstein-Barr virus
ENSG00000154153.15,0.03269986632785709,0.04658288780769172,Epstein-Barr virus
ENSG00000176788.9,0.24251767206883104,0.12376507318497566,Epstein-Barr virus
ENSG00000250337.10,0.05886253897626346,0.0338062839540853,Epstein-Barr virus
ENSG00000164327.14,-0.014069055812200665,0.07487904004966069,Epstein-Barr virus
ENSG00000287263.3,0.03441483987392551,0.03194779129379191,Epstein-Barr virus
ENSG00000177721.5,-0.06889709311416184,0.04288527891076249,Epstein-Barr virus
ENSG00000112972.15,0.08347132769752362,0.12293613232873109,Epstein-Barr virus
ENSG00000170571.12,-0.13672474099960683,0.08161484584713474,Epstein-Barr virus
ENSG00000134352.21,-0.015214187870485472,0.06277466354616014,Epstein-Barr virus
ENSG00000145632.15,0.06904234298052662,0.050808605544766204,Epstein-Barr virus
ENSG00000175857.9,0.10396067107191757,0.05853148717278529,Epstein-Barr virus
ENSG00000113448.21,0.051429051700074946,0.04681860538489887,Epstein-Barr virus
ENSG00000049192.15,0.13181927009101077,0.055334163246627974,Epstein-Barr virus
ENSG00000113595.15,-0.035364459512596855,0.025999243509799503,Epstein-Barr virus
ENSG00000112851.16,0.11031422432677629,0.09057656422423865,Epstein-Barr virus
ENSG00000134061.5,-0.034300130058027886,0.0584713590604863,Epstein-Barr virus
ENSG00000134057.15,0.18818816787624848,0.057359509169294214,Epstein-Barr virus
ENSG00000131711.15,0.1656409663254226,0.11507017137209558,Epstein-Barr virus
ENSG00000164331.10,-0.10201227129256919,0.031699549334916755,Epstein-Barr virus
ENSG00000171617.16,0.07160994964191718,0.06826796580498898,Epstein-Barr virus
ENSG00000152409.9,0.015454854898913746,0.023728792922395197,Epstein-Barr virus
ENSG00000249042.6,-0.022180901459070673,0.019852796687686244,Epstein-Barr virus
ENSG00000228716.7,-0.03421817898092023,0.07541764009937399,Epstein-Barr virus
ENSG00000113369.9,-0.15061832183667398,0.037871674184234365,Epstein-Barr virus
ENSG00000248483.7,-0.07440047879991797,0.020810166202267527,Epstein-Barr virus
ENSG00000113532.13,-0.055802589235291696,0.07620005660053955,Epstein-Barr virus
ENSG00000290027.1,0.07150373129094582,0.04633414618723014,Epstein-Barr virus
ENSG00000092421.17,-0.03763566973124926,0.031946354307533634,Epstein-Barr virus
ENSG00000168938.6,-0.02693342835422188,0.052338859347022114,Epstein-Barr virus
ENSG00000151292.19,0.15547858732423192,0.03747803775860263,Epstein-Barr virus
ENSG00000173926.6,0.008796602232167904,0.06979288639581147,Epstein-Barr virus
ENSG00000217128.13,-0.09632666335050934,0.11394756968668103,Epstein-Barr virus
ENSG00000072682.20,0.0132489028800427,0.020447087388151427,Epstein-Barr virus
ENSG00000131435.13,0.05106011717805836,0.02180630840573374,Epstein-Barr virus
ENSG00000125347.15,-0.3124170172723943,0.101062677869789,Epstein-Barr virus
ENSG00000205089.8,0.043179484575105974,0.028516074585086208,Epstein-Barr virus
ENSG00000072364.13,-0.13382107169934146,0.07029461992768704,Epstein-Barr virus
ENSG00000113615.13,0.09967996685413712,0.06869517010041142,Epstein-Barr virus
ENSG00000113621.15,0.08260299659267267,0.10908785640267427,Epstein-Barr virus
ENSG00000120709.11,0.15812640205462655,0.017684119858139755,Epstein-Barr virus
ENSG00000120738.8,0.0668004293217874,0.015560733837086655,Epstein-Barr virus
ENSG00000289155.2,-0.009446685396592158,0.04074785149078881,Epstein-Barr virus
ENSG00000170476.16,0.178237826856996,0.10264815399864602,Epstein-Barr virus
ENSG00000131507.11,0.1361764404306025,0.10597169636510238,Epstein-Barr virus
ENSG00000171992.13,-0.012340350724899918,0.03697604726799904,Epstein-Barr virus
ENSG00000256235.3,0.04593403138985123,0.04997898027338828,Epstein-Barr virus
ENSG00000145901.16,-0.04167429453367031,0.15964974529183368,Epstein-Barr virus
ENSG00000196743.9,-0.08293953414740234,0.07338435681608038,Epstein-Barr virus
ENSG00000113140.11,0.06468205239637977,0.05439265556593171,Epstein-Barr virus
ENSG00000145850.9,0.02008802314416302,0.11733592421766345,Epstein-Barr virus
ENSG00000164330.18,0.10491259494076517,0.08708592998619197,Epstein-Barr virus
ENSG00000164611.13,-0.0992002145353863,0.08227429378762945,Epstein-Barr virus
ENSG00000253522.6,-0.06400841884201912,0.055793991345527635,Epstein-Barr virus
ENSG00000072571.20,0.01838610822907863,0.04264984942623838,Epstein-Barr virus
ENSG00000043462.13,0.03499449412607279,0.05576976481573085,Epstein-Barr virus
ENSG00000164463.12,0.11390279899290807,0.08322867685166806,Epstein-Barr virus
ENSG00000113739.11,-0.05425795166455139,0.02380675464874633,Epstein-Barr virus
ENSG00000113742.14,0.011202521761630753,0.07029457614970558,Epstein-Barr virus
ENSG00000048162.22,-0.19600626207584748,0.11211847569398187,Epstein-Barr virus
ENSG00000213347.11,0.061207917532115234,0.048951492154147395,Epstein-Barr virus
ENSG00000146094.16,0.04619362882740025,0.08716712743254446,Epstein-Barr virus
ENSG00000184840.12,-0.5194846520271239,0.14593210718328986,Epstein-Barr virus
ENSG00000175309.15,-0.058220035682682435,0.08947162767247709,Epstein-Barr virus
ENSG00000113240.14,-0.13675203644597891,0.06506805388846121,Epstein-Barr virus
ENSG00000169045.19,0.2370207797269895,0.0700138031639981,Epstein-Barr virus
ENSG00000161011.20,-0.5032603875917577,0.1174180570802258,Epstein-Barr virus
ENSG00000161010.16,-0.09840744852660559,0.026277612002488057,Epstein-Barr virus
ENSG00000245060.8,-0.035455076689852615,0.06532077006169862,Epstein-Barr virus
ENSG00000248473.2,0.05733403513325794,0.035224641635327375,Epstein-Barr virus
ENSG00000183718.6,-0.1305106661095388,0.057243618457680286,Epstein-Barr virus
ENSG00000137265.16,0.24719221964713553,0.21103129822508623,Epstein-Barr virus
ENSG00000021355.13,0.11855529890551718,0.11632010645028605,Epstein-Barr virus
ENSG00000230438.9,-0.018112466716352273,0.012195176030397345,Epstein-Barr virus
ENSG00000170542.6,-0.10459377644788866,0.1563611873377737,Epstein-Barr virus
ENSG00000124588.22,-0.022807249475858007,0.03246258573047248,Epstein-Barr virus
ENSG00000137267.7,0.11829531274196643,0.11299867364014524,Epstein-Barr virus
ENSG00000137285.11,-0.16980001994139024,0.11646271371706005,Epstein-Barr virus
ENSG00000124491.16,0.028082724547539777,0.03378545150718897,Epstein-Barr virus
ENSG00000216863.11,0.2428673022306026,0.09797557222018251,Epstein-Barr virus
ENSG00000112799.9,-0.2129214583618176,0.05335636591151364,Epstein-Barr virus
ENSG00000239264.9,0.2729463092665887,0.11834294567087486,Epstein-Barr virus
ENSG00000078401.7,0.021104156794991526,0.08591179436395373,Epstein-Barr virus
ENSG00000112137.19,-0.2829516084329182,0.19600033530058095,Epstein-Barr virus
ENSG00000112149.10,0.21646453969608992,0.122619192295379,Epstein-Barr virus
ENSG00000008083.14,-0.061348059077004406,0.06592804414495318,Epstein-Barr virus
ENSG00000124788.19,-0.0712466891385618,0.14524405405046037,Epstein-Barr virus
ENSG00000137414.7,0.0030342605078210716,0.04426688813371466,Epstein-Barr virus
ENSG00000124795.17,-0.04804693945209541,0.0807216629231932,Epstein-Barr virus
ENSG00000124766.7,-0.0019792056590238693,0.12370032756315537,Epstein-Barr virus
ENSG00000288851.1,-0.0198127788439514,0.012034512056445386,Epstein-Barr virus
ENSG00000112312.10,-0.33333157045393746,0.12481629634391894,Epstein-Barr virus
ENSG00000111913.20,0.09267857648978282,0.04935528677297228,Epstein-Barr virus
ENSG00000079691.19,-0.0337639212856729,0.025597904863497025,Epstein-Barr virus
ENSG00000112343.11,-0.05002936966806829,0.12691330767508457,Epstein-Barr virus
ENSG00000187837.4,0.16687282868736344,0.10739589461705228,Epstein-Barr virus
ENSG00000180596.9,0.021988086512439917,0.07223892488376281,Epstein-Barr virus
ENSG00000197061.5,0.23389601801580706,0.11360729194099925,Epstein-Barr virus
ENSG00000180573.10,-0.11182678886624196,0.1095559472960766,Epstein-Barr virus
ENSG00000168298.7,-0.038167227332751914,0.10673636204060037,Epstein-Barr virus
ENSG00000158373.9,-0.12365009120831383,0.03336942393736048,Epstein-Barr virus
ENSG00000197409.8,0.0322693575019403,0.07189863556585845,Epstein-Barr virus
ENSG00000277075.3,0.12318057204419613,0.08083031858319945,Epstein-Barr virus
ENSG00000124575.7,0.08943979074986237,0.07922652683628048,Epstein-Barr virus
ENSG00000275713.3,0.134269047318788,0.07569796669428265,Epstein-Barr virus
ENSG00000158406.6,0.08571666327486589,0.07731528374906373,Epstein-Barr virus
ENSG00000124508.17,0.1850776048771202,0.053624958013721274,Epstein-Barr virus
ENSG00000026950.17,-0.03473073775197431,0.05500667807212488,Epstein-Barr virus
ENSG00000111801.16,0.21219842307571604,0.05773059965746107,Epstein-Barr virus
ENSG00000124635.9,0.055335821544589825,0.07698455364963801,Epstein-Barr virus
ENSG00000290032.1,0.4305928579882132,0.19826370746477767,Epstein-Barr virus
ENSG00000197903.8,0.1360539567155313,0.06213043856720347,Epstein-Barr virus
ENSG00000112812.16,0.03870019175141681,0.0450411132199754,Epstein-Barr virus
ENSG00000233822.6,-0.06040165260433819,0.04435457711516672,Epstein-Barr virus
ENSG00000124657.1,-0.03217173378560741,0.025116659177342782,Epstein-Barr virus
ENSG00000137338.6,-0.1350917367329862,0.059218288177997055,Epstein-Barr virus
ENSG00000158691.15,-0.011368940832100723,0.026197397901248625,Epstein-Barr virus
ENSG00000214922.9,-0.05335511667097235,0.05358507793695413,Epstein-Barr virus
ENSG00000290574.1,-0.3124897465279834,0.08777901101581274,Epstein-Barr virus
ENSG00000196230.14,0.24076670802278052,0.06631583206453068,Epstein-Barr virus
ENSG00000137331.12,0.06447130906028245,0.15658922014834195,Epstein-Barr virus
ENSG00000137310.13,-0.10902699161634687,0.07111451729523002,Epstein-Barr virus
ENSG00000204531.21,0.044991357499048944,0.02333090247547054,Epstein-Barr virus
ENSG00000204528.3,0.00882831491785281,0.01781892178741123,Epstein-Barr virus
ENSG00000272501.1,-0.029182625054080466,0.03513307448194134,Epstein-Barr virus
ENSG00000226979.9,0.3133949242350905,0.15320458797714148,Epstein-Barr virus
ENSG00000232810.5,-0.08022186738055666,0.11892975547254829,Epstein-Barr virus
ENSG00000227507.3,0.40760947821602905,0.17192496914599645,Epstein-Barr virus
ENSG00000204482.11,0.16167772375115008,0.029070993362506098,Epstein-Barr virus
ENSG00000204475.10,-0.14717494687331775,0.08730240076162678,Epstein-Barr virus
ENSG00000204472.13,0.04555517830312635,0.07753798810849274,Epstein-Barr virus
ENSG00000213722.10,-0.2333147993976761,0.05154501931694974,Epstein-Barr virus
ENSG00000204386.12,-0.093157964984232,0.09181268388581608,Epstein-Barr virus
ENSG00000168477.21,0.011945567673485038,0.009541851813088838,Epstein-Barr virus
ENSG00000204287.14,0.049031626027729834,0.07305700062248607,Epstein-Barr virus
ENSG00000198502.6,-0.009574878037473806,0.07981151307528422,Epstein-Barr virus
ENSG00000290878.1,-0.0022535839727562124,0.10824492078354551,Epstein-Barr virus
ENSG00000196126.12,-0.5257319374495909,0.11555443256934156,Epstein-Barr virus
ENSG00000196735.13,-0.190706300852482,0.14207254299775307,Epstein-Barr virus
ENSG00000179344.17,-0.3879874095601256,0.138807418004394,Epstein-Barr virus
ENSG00000237541.4,0.3231506210771036,0.1378196256282976,Epstein-Barr virus
ENSG00000232629.9,-0.010806370678119482,0.043296064206331815,Epstein-Barr virus
ENSG00000241106.8,-0.03463403249809078,0.06578121538701807,Epstein-Barr virus
ENSG00000242574.9,-0.4224090063913713,0.10260172183727838,Epstein-Barr virus
ENSG00000204257.15,0.15503376760356533,0.07832613914419691,Epstein-Barr virus
ENSG00000204252.14,0.009691815154413431,0.06279927770879763,Epstein-Barr virus
ENSG00000231389.8,0.3778723126243872,0.1610494720848072,Epstein-Barr virus
ENSG00000223865.11,0.2907600713743481,0.09745836889890688,Epstein-Barr virus
ENSG00000112473.19,-0.1454711549373553,0.04533114793170694,Epstein-Barr virus
ENSG00000204228.4,-0.05151425049952494,0.061062717972935394,Epstein-Barr virus
ENSG00000235863.4,-0.06315012281436273,0.0766159349628173,Epstein-Barr virus
ENSG00000237441.10,-0.026033918228289234,0.07643495374157007,Epstein-Barr virus
ENSG00000289100.1,0.01383481613789912,0.027344759474839518,Epstein-Barr virus
ENSG00000237649.8,-0.1126134059706329,0.09444693721133367,Epstein-Barr virus
ENSG00000112511.18,-0.012208922616670378,0.05437189495235227,Epstein-Barr virus
ENSG00000137309.21,0.3855303469517641,0.15453546344757965,Epstein-Barr virus
ENSG00000010030.14,0.027587294736764623,0.039778227192559676,Epstein-Barr virus
ENSG00000124762.14,0.24536023709091515,0.09336147756566825,Epstein-Barr virus
ENSG00000124772.12,0.0012682302524073357,0.11614235433761734,Epstein-Barr virus
ENSG00000146192.15,0.16963403279252623,0.04731797691219403,Epstein-Barr virus
ENSG00000137193.14,0.1076365837569767,0.059122759246814746,Epstein-Barr virus
ENSG00000172738.13,0.03094330428636823,0.02115217770194569,Epstein-Barr virus
ENSG00000137171.15,-0.01209631788215052,0.07119634864314103,Epstein-Barr virus
ENSG00000146215.14,0.08632457411136803,0.08292391939034228,Epstein-Barr virus
ENSG00000181577.16,0.09227200523763922,0.03924970392480149,Epstein-Barr virus
ENSG00000146232.17,0.13215070609024196,0.11779714275290733,Epstein-Barr virus
ENSG00000112118.20,-0.42331850091828205,0.0776092730737637,Epstein-Barr virus
ENSG00000096093.16,0.0865464809190012,0.050760251845158304,Epstein-Barr virus
ENSG00000012660.14,-0.10951572263816405,0.07267609152263707,Epstein-Barr virus
ENSG00000137251.16,-0.08568298005216292,0.07778227301897646,Epstein-Barr virus
ENSG00000112208.11,-0.006962786186274678,0.06514508601468476,Epstein-Barr virus
ENSG00000225793.5,-0.13450952069795905,0.05094999626854402,Epstein-Barr virus
ENSG00000112773.16,-0.03219950047243713,0.1032568924546837,Epstein-Barr virus
ENSG00000013392.8,0.035638406879675975,0.05526529544155031,Epstein-Barr virus
ENSG00000135318.12,0.04782024218980938,0.03763629615003536,Epstein-Barr virus
ENSG00000135334.9,0.05339089855858903,0.10212602351937752,Epstein-Barr virus
ENSG00000111880.16,0.0525149685496642,0.06058427138314454,Epstein-Barr virus
ENSG00000146278.11,0.2647162312035751,0.0832825624050271,Epstein-Barr virus
ENSG00000288009.1,0.022469919948795287,0.015824152394420147,Epstein-Barr virus
ENSG00000198833.7,0.11042826187122674,0.10194051655379605,Epstein-Barr virus
ENSG00000261366.1,0.046372138843489695,0.04257707755742117,Epstein-Barr virus
ENSG00000172469.17,0.0322734888539346,0.0836998674107816,Epstein-Barr virus
ENSG00000057657.17,0.13823470081975717,0.07945426503608001,Epstein-Barr virus
ENSG00000269919.1,0.01666559623184564,0.03607059229538671,Epstein-Barr virus
ENSG00000272398.6,-0.0036212563235477487,0.06398151228883205,Epstein-Barr virus
ENSG00000277443.3,0.07465490334331397,0.07255870677374741,Epstein-Barr virus
ENSG00000287097.1,0.22947306578536697,0.05684518407828112,Epstein-Barr virus
ENSG00000189241.8,0.06413171261404214,0.08791966834087672,Epstein-Barr virus
ENSG00000153989.8,0.05524701078379551,0.0606844123671134,Epstein-Barr virus
ENSG00000111877.18,-0.04804506613196619,0.02063153905026835,Epstein-Barr virus
ENSG00000111885.7,0.10842757982708624,0.08621602609198052,Epstein-Barr virus
ENSG00000146376.11,-0.11440046555808603,0.08354533055390642,Epstein-Barr virus
ENSG00000164484.12,0.018536098824689266,0.022929308530729515,Epstein-Barr virus
ENSG00000079931.15,0.09648841261187378,0.08719503148536549,Epstein-Barr virus
ENSG00000112303.14,0.04181125082789344,0.09084226377621728,Epstein-Barr virus
ENSG00000118515.12,0.09044306029589207,0.06047295355029845,Epstein-Barr virus
ENSG00000135541.22,-0.07705753662000124,0.040233947536219894,Epstein-Barr virus
ENSG00000272189.1,0.0740135732197086,0.014946376264436385,Epstein-Barr virus
ENSG00000286646.2,0.055550439459620314,0.09079937650405698,Epstein-Barr virus
ENSG00000027697.16,0.009175287133994401,0.07583390926585733,Epstein-Barr virus
ENSG00000234956.7,0.038682930558338165,0.060757099608233875,Epstein-Barr virus
ENSG00000237499.7,0.10505415122010141,0.09238296434322733,Epstein-Barr virus
ENSG00000118503.18,0.3339057222866239,0.0613620383260956,Epstein-Barr virus
ENSG00000112378.12,-0.020379360474981394,0.0184719237703638,Epstein-Barr virus
ENSG00000164442.11,0.10143519890215912,0.07446714181503965,Epstein-Barr virus
ENSG00000152818.20,-0.038079788296769924,0.06317250002349581,Epstein-Barr virus
ENSG00000055211.14,0.16695068959280476,0.09121789617182798,Epstein-Barr virus
ENSG00000112029.10,-0.1590320144373516,0.07784338261408918,Epstein-Barr virus
ENSG00000074706.14,0.174056803435614,0.04731663005752349,Epstein-Barr virus
ENSG00000175048.17,0.04788811144305916,0.05583208156546009,Epstein-Barr virus
ENSG00000130338.13,0.11162887367695783,0.0485142443508381,Epstein-Barr virus
ENSG00000130363.13,0.06717551876674509,0.05433433325152717,Epstein-Barr virus
ENSG00000271913.9,0.049947977559520795,0.023666813077080885,Epstein-Barr virus
ENSG00000164691.18,-0.02482537815666064,0.024414233689533597,Epstein-Barr virus
ENSG00000120437.9,0.018007505477325953,0.07963386191714396,Epstein-Barr virus
ENSG00000272841.1,-0.016904690550136558,0.0398919086313938,Epstein-Barr virus
ENSG00000286760.3,-0.027256965391133748,0.03359022262408241,Epstein-Barr virus
ENSG00000026297.17,-0.4023658546060333,0.12061704472792666,Epstein-Barr virus
ENSG00000112486.18,-0.14446235063763646,0.09170866637007467,Epstein-Barr virus
ENSG00000184786.6,0.010641158790589215,0.020405127447256647,Epstein-Barr virus
ENSG00000164849.10,-0.021090953070624457,0.03440452280248416,Epstein-Barr virus
ENSG00000164850.16,0.061203111467346506,0.04447164170444091,Epstein-Barr virus
ENSG00000002822.16,0.07847047985679224,0.09072690155140324,Epstein-Barr virus
ENSG00000136213.10,-0.28264358281854923,0.08095915210411478,Epstein-Barr virus
ENSG00000174945.14,-0.07441320495497132,0.04927002152572369,Epstein-Barr virus
ENSG00000075618.18,-0.0250560169875948,0.13545157136883978,Epstein-Barr virus
ENSG00000106415.13,-0.001878467934568473,0.16948214932417743,Epstein-Barr virus
ENSG00000048052.25,-0.030745989400210158,0.0365927022691348,Epstein-Barr virus
ENSG00000183742.13,-0.07197364626380713,0.047153034072841014,Epstein-Barr virus
ENSG00000271133.7,0.1612352020336301,0.09085987928555771,Epstein-Barr virus
ENSG00000136231.14,-0.1253613821570582,0.04351183022431861,Epstein-Barr virus
ENSG00000105928.16,0.024873748460909312,0.10154037993575589,Epstein-Barr virus
ENSG00000086300.17,0.11184803615879417,0.10440584529510874,Epstein-Barr virus
ENSG00000233429.9,-0.14128849933819196,0.030672300049500317,Epstein-Barr virus
ENSG00000153814.13,0.04098630643628335,0.019901900003856773,Epstein-Barr virus
ENSG00000170852.12,-0.03769888768313313,0.062436400100166704,Epstein-Barr virus
ENSG00000122643.23,0.10863534778406571,0.1964913617259393,Epstein-Barr virus
ENSG00000197085.11,-0.05752382825208018,0.027835431295390373,Epstein-Barr virus
ENSG00000173852.16,-0.025299940686810712,0.03668694097046773,Epstein-Barr virus
ENSG00000122557.11,-0.06935305835066412,0.06722915192523497,Epstein-Barr virus
ENSG00000065883.18,-0.014567656618330148,0.11340346360693802,Epstein-Barr virus
ENSG00000164543.7,0.29633820998986776,0.1442963366967411,Epstein-Barr virus
ENSG00000288746.2,-0.004277861223969713,0.020014715225502046,Epstein-Barr virus
ENSG00000058404.21,-0.055961101732171205,0.028511382175556828,Epstein-Barr virus
ENSG00000136286.16,0.19393967443364982,0.10206517279478203,Epstein-Barr virus
ENSG00000185811.21,-0.07966761657594175,0.09663216035739416,Epstein-Barr virus
ENSG00000164776.11,0.06472683177398458,0.020892116394391202,Epstein-Barr virus
ENSG00000146757.14,-0.21290376966779043,0.05347765589811393,Epstein-Barr virus
ENSG00000241258.7,-0.019324118452808983,0.08936659464476616,Epstein-Barr virus
ENSG00000289015.1,-0.009404383761204884,0.04679187590388746,Epstein-Barr virus
ENSG00000154710.18,-0.47855397295762914,0.07583100637470963,Epstein-Barr virus
ENSG00000196275.16,-0.002348428168016045,0.04483097640984885,Epstein-Barr virus
ENSG00000189077.11,-0.1749905218880585,0.1535603410109063,Epstein-Barr virus
ENSG00000106211.10,-0.44525059325378247,0.11760321380059405,Epstein-Barr virus
ENSG00000091073.20,0.06083663515543044,0.03878779016205984,Epstein-Barr virus
ENSG00000075142.14,0.2581644667223813,0.12001768816561881,Epstein-Barr virus
ENSG00000164647.9,-0.13239561462551716,0.10563192738426419,Epstein-Barr virus
ENSG00000205413.8,-0.27722902068172034,0.0865719259839147,Epstein-Barr virus
ENSG00000177409.12,-0.058170426432938925,0.058813030899686106,Epstein-Barr virus
ENSG00000180535.4,-0.059717289310576405,0.055614619771804465,Epstein-Barr virus
ENSG00000166508.19,-0.13411147968705414,0.17069501088032676,Epstein-Barr virus
ENSG00000066923.19,-0.08480618094000576,0.06642718332811551,Epstein-Barr virus
ENSG00000213413.3,-0.08558892388542506,0.08051613086149524,Epstein-Barr virus
ENSG00000087087.20,0.21952493719751373,0.11672203890209992,Epstein-Barr virus
ENSG00000228393.6,-0.04206573377788022,0.04326124240512333,Epstein-Barr virus
ENSG00000105835.13,0.025747211506020135,0.16762972841461538,Epstein-Barr virus
ENSG00000105851.11,0.022707880299178446,0.055004613498772434,Epstein-Barr virus
ENSG00000105856.14,-0.06914351602569103,0.06296872027793873,Epstein-Barr virus
ENSG00000128590.5,0.06663142437208901,0.07462616536083917,Epstein-Barr virus
ENSG00000105974.13,-0.07733540341314821,0.06789201667742328,Epstein-Barr virus
ENSG00000196937.11,0.04826685375645329,0.14974564445196778,Epstein-Barr virus
ENSG00000008311.16,0.0051763760326946585,0.046907787521113326,Epstein-Barr virus
ENSG00000081803.17,-0.006872132345453752,0.02945729676406302,Epstein-Barr virus
ENSG00000179603.19,-0.02864587895904937,0.040542064645501745,Epstein-Barr virus
ENSG00000135245.10,0.12438574055889029,0.03508775037376661,Epstein-Barr virus
ENSG00000231721.8,-0.05825562478681647,0.15559982237909534,Epstein-Barr virus
ENSG00000122786.20,-0.0653658422025066,0.018917566906404195,Epstein-Barr virus
ENSG00000146859.6,0.11368235887114757,0.06775720022669754,Epstein-Barr virus
ENSG00000272941.1,0.038679328240627905,0.02278832518167469,Epstein-Barr virus
ENSG00000287733.1,0.06663737681680776,0.11571490746786403,Epstein-Barr virus
ENSG00000105875.15,0.058720977861122625,0.09457055324531435,Epstein-Barr virus
ENSG00000182158.16,-0.1632517257326174,0.12373211496237159,Epstein-Barr virus
ENSG00000059377.19,-0.1237321627757263,0.05045179451237392,Epstein-Barr virus
ENSG00000211772.11,-0.07262355991927856,0.06225149595265444,Epstein-Barr virus
ENSG00000291149.1,-0.012251914564806394,0.03741477389118699,Epstein-Barr virus
ENSG00000155660.11,-0.06233890603797121,0.16552852759940073,Epstein-Barr virus
ENSG00000284691.1,-0.14890591010148949,0.09911530232554729,Epstein-Barr virus
ENSG00000033100.17,0.06064008764736437,0.09647917397238445,Epstein-Barr virus
ENSG00000013374.17,0.3276950550200555,0.060058526463537334,Epstein-Barr virus
ENSG00000186480.13,-0.1878897032672093,0.11555879317238418,Epstein-Barr virus
ENSG00000155093.20,0.03804113891981436,0.10179465537278777,Epstein-Barr virus
ENSG00000126870.16,0.13414157861523585,0.05770841214597262,Epstein-Barr virus
ENSG00000147316.15,0.051288558356639875,0.08832954283605085,Epstein-Barr virus
ENSG00000173273.17,-0.09537732422553485,0.05195370414198431,Epstein-Barr virus
ENSG00000136573.16,0.034877083016637,0.07045547564128159,Epstein-Barr virus
ENSG00000164733.23,-0.2142670036177939,0.06998087707329433,Epstein-Barr virus
ENSG00000155970.12,0.050057872496597905,0.04731585634755942,Epstein-Barr virus
ENSG00000120913.24,-0.06810286449469573,0.06821164503820037,Epstein-Barr virus
ENSG00000008853.18,0.14173011869644325,0.0803748064162245,Epstein-Barr virus
ENSG00000184661.14,-0.3654342887719779,0.0428993716809378,Epstein-Barr virus
ENSG00000104765.16,0.1295191174638877,0.11723808028552633,Epstein-Barr virus
ENSG00000189233.12,-0.048707132922245044,0.03265451569653205,Epstein-Barr virus
ENSG00000168081.9,-0.061541485975669385,0.07449387848752563,Epstein-Barr virus
ENSG00000120875.9,-0.24037770892390717,0.15104126268100165,Epstein-Barr virus
ENSG00000288964.1,-0.02551294238518847,0.050875878198327916,Epstein-Barr virus
ENSG00000247134.8,0.20403998622784114,0.049138345958057404,Epstein-Barr virus
ENSG00000156675.16,-0.09792271556772132,0.08814781242402993,Epstein-Barr virus
ENSG00000187840.5,-0.08530930614259796,0.10203651864014243,Epstein-Barr virus
ENSG00000147535.17,-0.09113994789699147,0.08753198455759387,Epstein-Barr virus
ENSG00000077782.23,-0.005229367592357943,0.08206952062019814,Epstein-Barr virus
ENSG00000029534.22,-0.04698095493331012,0.06058814301320896,Epstein-Barr virus
ENSG00000165102.15,0.12591979890572627,0.03366899983584718,Epstein-Barr virus
ENSG00000104738.19,0.0032150406975792606,0.07667196155335144,Epstein-Barr virus
ENSG00000168300.14,-0.0174829078174361,0.09747138202282228,Epstein-Barr virus
ENSG00000147509.14,0.12776939448524927,0.054733336968616125,Epstein-Barr virus
ENSG00000181690.8,0.06165978215943942,0.028575828098186457,Epstein-Barr virus
ENSG00000137575.12,-0.013279406534316059,0.08237646151919631,Epstein-Barr virus
ENSG00000198846.6,0.013701406531197781,0.05799385892056057,Epstein-Barr virus
ENSG00000167912.8,-0.03015233988363346,0.05831487619559783,Epstein-Barr virus
ENSG00000180828.3,0.047030600345716315,0.021015662308695636,Epstein-Barr virus
ENSG00000067167.8,-0.031501764512679664,0.09311902978254624,Epstein-Barr virus
ENSG00000246366.7,-0.06923504179944437,0.0462775344528887,Epstein-Barr virus
ENSG00000154589.7,0.06377284338639883,0.08739969867182325,Epstein-Barr virus
ENSG00000164683.19,-0.006144059637971035,0.03728059877685852,Epstein-Barr virus
ENSG00000272264.1,0.0017455222647358656,0.025929691923881996,Epstein-Barr virus
ENSG00000076641.4,-0.04986202520261424,0.09443184586224089,Epstein-Barr virus
ENSG00000164687.11,0.4575306655148834,0.11291192915496817,Epstein-Barr virus
ENSG00000133740.11,-0.02596392777132292,0.13232277445514518,Epstein-Barr virus
ENSG00000185015.8,-0.06614505021171654,0.02880041375095721,Epstein-Barr virus
ENSG00000104267.10,-0.06524574696646028,0.05602652166844775,Epstein-Barr virus
ENSG00000085719.13,0.2816242144395209,0.12106576342071389,Epstein-Barr virus
ENSG00000251136.11,-0.1517903392607238,0.05788481463256688,Epstein-Barr virus
ENSG00000214954.9,-0.1763813878007521,0.038700549444277914,Epstein-Barr virus
ENSG00000164938.14,0.10510148330162668,0.028420110380800532,Epstein-Barr virus
ENSG00000175895.5,-0.054261529009949926,0.09643332753093632,Epstein-Barr virus
ENSG00000164920.10,-0.009256613076806747,0.04764783015382595,Epstein-Barr virus
ENSG00000155090.15,-0.07300364757562061,0.061512108441292686,Epstein-Barr virus
ENSG00000164830.19,-0.11777940264785103,0.030039972954614084,Epstein-Barr virus
ENSG00000253796.4,0.039991453151014884,0.021527557950867433,Epstein-Barr virus
ENSG00000177570.15,0.022889144675246734,0.0471278969547017,Epstein-Barr virus
ENSG00000225885.7,-0.01574642433420395,0.03200549068830447,Epstein-Barr virus
ENSG00000164761.9,0.06665023451393948,0.037694858733728444,Epstein-Barr virus
ENSG00000155792.10,-0.01124136413033789,0.041164114141570465,Epstein-Barr virus
ENSG00000156802.13,-0.03734758682212696,0.11465621037838918,Epstein-Barr virus
ENSG00000156804.7,-0.03724154109397937,0.025252139982077777,Epstein-Barr virus
ENSG00000170873.19,-0.006045452039623461,0.0326899022344387,Epstein-Barr virus
ENSG00000104549.12,-0.08121622877067397,0.08989499395556363,Epstein-Barr virus
ENSG00000173334.4,-0.007845805683464376,0.030642311899135164,Epstein-Barr virus
ENSG00000136997.22,0.12148035567774788,0.1324347063841924,Epstein-Barr virus
ENSG00000008513.17,-0.03561580133206063,0.057694387349209,Epstein-Barr virus
ENSG00000022567.10,-0.02776904938070054,0.02307292936746783,Epstein-Barr virus
ENSG00000184489.13,-0.2708871593586965,0.06871729332122646,Epstein-Barr virus
ENSG00000014164.7,0.06978681032648797,0.06300976992021887,Epstein-Barr virus
ENSG00000289161.2,0.19385148847790756,0.0928855180717101,Epstein-Barr virus
ENSG00000178209.17,0.07108567496716539,0.07164048842651342,Epstein-Barr virus
ENSG00000196378.13,0.010559324763913703,0.04150854624008908,Epstein-Barr virus
ENSG00000107249.24,0.034773061469206654,0.032007352710198146,Epstein-Barr virus
ENSG00000197646.8,0.059094237532978246,0.05017456312547221,Epstein-Barr virus
ENSG00000099219.15,0.030444932277689112,0.12410595217450708,Epstein-Barr virus
ENSG00000178445.10,0.047012742463087676,0.08837316964320646,Epstein-Barr virus
ENSG00000225489.8,0.28532273015452286,0.06039371977838917,Epstein-Barr virus
ENSG00000147862.18,0.05025785061831129,0.02395813628000531,Epstein-Barr virus
ENSG00000155158.20,0.09064615897050197,0.03859759386948687,Epstein-Barr virus
ENSG00000044459.15,-0.120118991585232,0.028557042601966277,Epstein-Barr virus
ENSG00000147872.10,0.11517408344407476,0.09711094532802858,Epstein-Barr virus
ENSG00000147889.18,-0.11379538040721933,0.12651335700355798,Epstein-Barr virus
ENSG00000107201.11,-0.1133902127326135,0.04199856645856475,Epstein-Barr virus
ENSG00000086062.13,0.2593180135956309,0.04347406516492269,Epstein-Barr virus
ENSG00000165272.16,0.04189500164703536,0.06147399672796394,Epstein-Barr virus
ENSG00000187186.15,0.11428003208520403,0.046571643992631424,Epstein-Barr virus
ENSG00000137101.14,-0.0677635694343388,0.030224845688318895,Epstein-Barr virus
ENSG00000137078.10,0.05071419588672647,0.12266877326286647,Epstein-Barr virus
ENSG00000227388.3,0.09924187763271496,0.03224695878395631,Epstein-Barr virus
ENSG00000250850.3,-0.020462511170270717,0.03543034381409835,Epstein-Barr virus
ENSG00000147905.18,-0.2213261536720974,0.039420705260854914,Epstein-Barr virus
ENSG00000137106.18,-0.00876740442158183,0.061346147284228984,Epstein-Barr virus
ENSG00000290848.1,0.04714963148623064,0.023222438203641588,Epstein-Barr virus
ENSG00000233178.7,0.006580237853197551,0.030554042738739566,Epstein-Barr virus
ENSG00000119138.5,0.004464329295093174,0.023791877717910533,Epstein-Barr virus
ENSG00000119125.17,-0.021415933620270524,0.0433930502531559,Epstein-Barr virus
ENSG00000135046.14,0.007463838085069961,0.03558505968655744,Epstein-Barr virus
ENSG00000106733.21,0.004612364291082745,0.07550422882957017,Epstein-Barr virus
ENSG00000135069.14,-0.10320682243340273,0.0706416318980782,Epstein-Barr virus
ENSG00000106829.21,-0.20601260748814854,0.04158115914689174,Epstein-Barr virus
ENSG00000196781.16,-0.06505192430672553,0.032203063021192004,Epstein-Barr virus
ENSG00000148053.18,-0.05942919634846396,0.07670499324657146,Epstein-Barr virus
ENSG00000083223.18,-0.10399020269549597,0.09683350998084331,Epstein-Barr virus
ENSG00000123975.5,-0.008583987798604939,0.17879830247330525,Epstein-Barr virus
ENSG00000187764.12,0.18642408659269616,0.08746258900054722,Epstein-Barr virus
ENSG00000148090.12,-0.01467495532854258,0.024377613475851278,Epstein-Barr virus
ENSG00000157303.11,-0.0594036118068775,0.1281411854841679,Epstein-Barr virus
ENSG00000131669.10,0.019732200305279002,0.07306822047146132,Epstein-Barr virus
ENSG00000148120.19,0.06685465132842994,0.05665773950615449,Epstein-Barr virus
ENSG00000081386.13,-0.037295045810890076,0.03794730613358728,Epstein-Barr virus
ENSG00000136824.19,0.16023258367983753,0.1028496023846227,Epstein-Barr virus
ENSG00000070214.17,0.10287633086336623,0.07652117855635424,Epstein-Barr virus
ENSG00000157654.19,-0.08636763796735474,0.0660504627371799,Epstein-Barr virus
ENSG00000106853.20,-0.03545423516370166,0.05863121626326291,Epstein-Barr virus
ENSG00000059769.20,-0.1421346593305149,0.06187769867289959,Epstein-Barr virus
ENSG00000148154.10,0.09435493459502849,0.05793860845956087,Epstein-Barr virus
ENSG00000106927.12,0.04062599634651964,0.04713811309274047,Epstein-Barr virus
ENSG00000119403.15,0.29492578658788376,0.07319818607611349,Epstein-Barr virus
ENSG00000056558.11,-0.05415284463139084,0.12320155636294108,Epstein-Barr virus
ENSG00000148175.13,-0.018993343345509728,0.04256298049585998,Epstein-Barr virus
ENSG00000095303.17,0.01163793054353944,0.03111785819486007,Epstein-Barr virus
ENSG00000119408.17,0.4044001608461114,0.08637877717242112,Epstein-Barr virus
ENSG00000148200.17,-0.03761473036006405,0.04097768937762255,Epstein-Barr virus
ENSG00000289285.1,0.002305852942367303,0.028134028387797803,Epstein-Barr virus
ENSG00000044574.9,-0.10121619416807177,0.11698452959021767,Epstein-Barr virus
ENSG00000136840.19,-0.13340045645023083,0.13859955890368728,Epstein-Barr virus
ENSG00000167106.12,0.027858322539037392,0.05229169689274217,Epstein-Barr virus
ENSG00000167110.19,-0.08298880029571472,0.0682173380151509,Epstein-Barr virus
ENSG00000167112.10,0.08692791037906195,0.07998093768775028,Epstein-Barr virus
ENSG00000167123.20,-0.04065939688426224,0.005603028785589156,Epstein-Barr virus
ENSG00000130707.18,-0.09323015861223781,0.07368611780187698,Epstein-Barr virus
ENSG00000169925.17,0.0005301474690901179,0.08324500111988757,Epstein-Barr virus
ENSG00000165689.17,-0.03950637283963562,0.046577866095746004,Epstein-Barr virus
ENSG00000165688.14,-0.05605200786089159,0.03767536246434675,Epstein-Barr virus
ENSG00000180549.8,-0.16556847164803537,0.11833002129204025,Epstein-Barr virus
ENSG00000197191.7,-0.016740321615255915,0.021175287687435786,Epstein-Barr virus
ENSG00000188229.6,0.1003152132022445,0.15185352111887981,Epstein-Barr virus
ENSG00000187609.16,-0.004235293094277982,0.02724639211352346,Epstein-Barr virus
ENSG00000212907.2,0.3147897659365247,0.11814071646660827,Epstein-Barr virus
ENSG00000198786.2,0.3150915608298594,0.157053111821151,Epstein-Barr virus
ENSG00000198695.2,0.3255484678400494,0.13473140566788472,Epstein-Barr virus
ENSG00000226179.6,-0.011879330961896091,0.06296589217301782,Epstein-Barr virus
ENSG00000185291.12,-0.046923968167593984,0.07577091008480574,Epstein-Barr virus
ENSG00000169093.16,0.13098403128635563,0.10047208456218863,Epstein-Barr virus
ENSG00000182162.11,0.03290609527481023,0.08436110858654458,Epstein-Barr virus
ENSG00000291040.1,0.05062973328375595,0.02977032841843898,Epstein-Barr virus
ENSG00000002586.20,-0.3568595731208169,0.0816143948931559,Epstein-Barr virus
ENSG00000047644.20,0.00041279491697632925,0.04885446948459695,Epstein-Barr virus
ENSG00000005302.19,-0.08930590269692136,0.06803820063142654,Epstein-Barr virus
ENSG00000196664.5,0.09262390948096762,0.05319795851939293,Epstein-Barr virus
ENSG00000176896.9,0.04667045433902032,0.014374804048487975,Epstein-Barr virus
ENSG00000123595.8,0.2645190234817469,0.21476770987475588,Epstein-Barr virus
ENSG00000046651.16,-0.24676703968315827,0.1302818304215674,Epstein-Barr virus
ENSG00000182287.15,-0.30410232627132117,0.11950103483240669,Epstein-Barr virus
ENSG00000047634.15,0.11251388246014443,0.048106733237687604,Epstein-Barr virus
ENSG00000008086.13,0.07174858940984083,0.055536206153841305,Epstein-Barr virus
ENSG00000130066.17,0.0991109438179708,0.18051310054768163,Epstein-Barr virus
ENSG00000120280.6,-0.17438181596286853,0.07619251370497829,Epstein-Barr virus
ENSG00000165168.9,-0.07721309448294804,0.09803273900779035,Epstein-Barr virus
ENSG00000165175.17,0.0042050971154171364,0.13690859479491863,Epstein-Barr virus
ENSG00000171657.6,-0.05257463873903399,0.04489181313150054,Epstein-Barr virus
ENSG00000230844.3,0.015033410920602676,0.020205604080067923,Epstein-Barr virus
ENSG00000102265.12,-0.11860823498857585,0.18421415406912103,Epstein-Barr virus
ENSG00000102096.10,0.1253999876186239,0.09490106074920893,Epstein-Barr virus
ENSG00000196998.19,-0.2061764532149792,0.049754986844119706,Epstein-Barr virus
ENSG00000189369.9,0.08880732535607365,0.10482302633748736,Epstein-Barr virus
ENSG00000226310.2,-0.11463464499633469,0.06575933262538057,Epstein-Barr virus
ENSG00000235437.10,-0.0074623223043663684,0.08899208183262972,Epstein-Barr virus
ENSG00000147168.14,-0.020263713334358363,0.11641417860155125,Epstein-Barr virus
ENSG00000186810.8,-0.1383203710736626,0.061450407760047086,Epstein-Barr virus
ENSG00000230590.13,0.028977009197645568,0.12149396433562938,Epstein-Barr virus
ENSG00000102144.15,-0.16449405899425482,0.0940967945912385,Epstein-Barr virus
ENSG00000173198.6,-0.011015986697791441,0.07496598206890978,Epstein-Barr virus
ENSG00000078589.13,-0.013625733261112232,0.075401139484634,Epstein-Barr virus
ENSG00000147138.3,-0.0489997130937729,0.06246584386744512,Epstein-Barr virus
ENSG00000078596.11,-0.061960067024386535,0.2016286873346344,Epstein-Barr virus
ENSG00000198157.11,0.08851414988142843,0.08043630393469096,Epstein-Barr virus
ENSG00000102393.15,-0.15354783897041993,0.13335054583764305,Epstein-Barr virus
ENSG00000126947.13,-0.08071950383650107,0.042268558695133594,Epstein-Barr virus
ENSG00000102409.10,0.0007658401624999617,0.15127901455331133,Epstein-Barr virus
ENSG00000133134.12,0.015972433526822694,0.03529571110986413,Epstein-Barr virus
ENSG00000166681.14,0.04523167178384543,0.04584696029257805,Epstein-Barr virus
ENSG00000231728.5,0.013106905018593818,0.02016503657952254,Epstein-Barr virus
ENSG00000269743.3,0.005881171412246894,0.04102009294216454,Epstein-Barr virus
ENSG00000157514.18,0.04288502622937682,0.10907158940520442,Epstein-Barr virus
ENSG00000241743.4,0.022439432479332846,0.1489685015442443,Epstein-Barr virus
ENSG00000102024.19,-0.07104108221502912,0.025716924012521607,Epstein-Barr virus
ENSG00000235244.6,0.17414870365691937,0.1393489685692021,Epstein-Barr virus
ENSG00000005893.17,0.20724886764326292,0.125534160757098,Epstein-Barr virus
ENSG00000171155.8,-0.17855457645574532,0.07766475663181951,Epstein-Barr virus
ENSG00000134594.5,-0.025017866830266095,0.06543297213532305,Epstein-Barr virus
ENSG00000076716.9,-0.05804595317027961,0.030651393694954253,Epstein-Barr virus
ENSG00000232611.1,-0.017264250959776895,0.014081470152066025,Epstein-Barr virus
ENSG00000029993.15,0.07682803338084741,0.13687118717330912,Epstein-Barr virus
ENSG00000180879.14,0.20683574929758827,0.11670354300284685,Epstein-Barr virus
ENSG00000102032.13,-0.013620891921974326,0.02184668349458468,Epstein-Barr virus
ENSG00000196924.19,0.019465797357955186,0.09489295570389503,Epstein-Barr virus
ENSG00000291032.1,0.04987402033518116,0.03112323821005399,Epstein-Barr virus
ENSG00000291031.1,0.01765506225087438,0.041644594300525854,Epstein-Barr virus
