run_accession	sample_accession	sample_alias	sample_title	experiment_title	library_name	fastq_ftp	fastq_bytes	fastq_md5	read_count
ERR13027006	SAMEA115537484	E-MTAB-13687_2:scRNA Sample 16_hashed_cdna	scRNA Sample 16_hashed_cdna	Illumina NovaSeq 6000 sequencing: Tonsil Atlas FASTQ files	scRNA Sample 16_p	ftp.sra.ebi.ac.uk/vol1/fastq/ERR130/006/ERR13027006/ERR13027006_1.fastq.gz;ftp.sra.ebi.ac.uk/vol1/fastq/ERR130/006/ERR13027006/ERR13027006_2.fastq.gz	8955745972;3902056060	c985d17a393df777a9dadd440ec0f382;75cd4fc2b5288e7d7eac87dec2661035	377838022
ERR13027014	SAMEA115537512	E-MTAB-13687_2:Visium Sample 4	Visium Sample 4	Illumina NovaSeq 6000 sequencing: Tonsil Atlas FASTQ files	Visium Sample 4_p	ftp.sra.ebi.ac.uk/vol1/fastq/ERR130/014/ERR13027014/ERR13027014_1.fastq.gz;ftp.sra.ebi.ac.uk/vol1/fastq/ERR130/014/ERR13027014/ERR13027014_2.fastq.gz	3065217529;1583922051	5eab025101c2b4ccb8f73d56911b6830;bb4936fac867311839ab399e7eea1e05	163925510
ERR13027019	SAMEA115537432	E-MTAB-13687_2:CITEseq Sample 1_BCR	CITEseq Sample 1_BCR	Illumina NovaSeq 6000 sequencing: Tonsil Atlas FASTQ files	CITEseq Sample 1_p	ftp.sra.ebi.ac.uk/vol1/fastq/ERR130/019/ERR13027019/ERR13027019_1.fastq.gz;ftp.sra.ebi.ac.uk/vol1/fastq/ERR130/019/ERR13027019/ERR13027019_2.fastq.gz	2235685156;4910608812	62b61bfd3284531da911e38ced03f0fd;45c213c6141bea989ce2416a6be44b9b	230127814
ERR13027022	SAMEA115537462	E-MTAB-13687_2:scATAC Sample 1	scATAC Sample 1	Illumina NovaSeq 6000 sequencing: Tonsil Atlas FASTQ files	scATAC Sample 1_p				0
ERR13027023	SAMEA115537484	E-MTAB-13687_2:scRNA Sample 16_hashed_cdna	scRNA Sample 16_hashed_cdna	Illumina NovaSeq 6000 sequencing: Tonsil Atlas FASTQ files	scRNA Sample 16_p	ftp.sra.ebi.ac.uk/vol1/fastq/ERR130/023/ERR13027023/ERR13027023_1.fastq.gz;ftp.sra.ebi.ac.uk/vol1/fastq/ERR130/023/ERR13027023/ERR13027023_2.fastq.gz	387120087;760755819	cc1e14aef6834200ec05a6d975dcd57f;b8cfbd9267404306d3abe3cf03ac968e	38243192
ERR13027024	SAMEA115537482	E-MTAB-13687_2:scRNA Sample 15_hashed_cdna	scRNA Sample 15_hashed_cdna	Illumina NovaSeq 6000 sequencing: Tonsil Atlas FASTQ files	scRNA Sample 15_p	ftp.sra.ebi.ac.uk/vol1/fastq/ERR130/024/ERR13027024/ERR13027024_1.fastq.gz;ftp.sra.ebi.ac.uk/vol1/fastq/ERR130/024/ERR13027024/ERR13027024_2.fastq.gz	1728823294;3392323146	1d55700a62a86d8f749929b7b5843913;2f227a1880f3e57910f0646ad680d395	179534182
ERR13027025	SAMEA115537464	E-MTAB-13687_2:scATAC Sample 3	scATAC Sample 3	Illumina NovaSeq 6000 sequencing: Tonsil Atlas FASTQ files	scATAC Sample 3_p				0
ERR13027044	SAMEA115537469	E-MTAB-13687_2:scATAC Sample 8	scATAC Sample 8	Illumina NovaSeq 6000 sequencing: Tonsil Atlas FASTQ files	scATAC Sample 8_p				0
ERR13027047	SAMEA115537440	E-MTAB-13687_2:CITEseq Sample 3_BCR	CITEseq Sample 3_BCR	Illumina NovaSeq 6000 sequencing: Tonsil Atlas FASTQ files	CITEseq Sample 3_p	ftp.sra.ebi.ac.uk/vol1/fastq/ERR130/047/ERR13027047/ERR13027047_1.fastq.gz;ftp.sra.ebi.ac.uk/vol1/fastq/ERR130/047/ERR13027047/ERR13027047_2.fastq.gz	4964293148;2135761735	dd491edb8c3e248e5fb5793e92756a37;5fa45166fc895534955ffc40daa0ce9d	212816194
ERR13027052	SAMEA115537464	E-MTAB-13687_2:scATAC Sample 3	scATAC Sample 3	Illumina NovaSeq 6000 sequencing: Tonsil Atlas FASTQ files	scATAC Sample 3_p				0
ERR13027058	SAMEA115537460	E-MTAB-13687_2:Multiome Sample 7_ATAC	Multiome Sample 7_ATAC	Illumina NovaSeq 6000 sequencing: Tonsil Atlas FASTQ files	Multiome Sample 7_p				0
ERR13027062	SAMEA115537458	E-MTAB-13687_2:Multiome Sample 6_ATAC	Multiome Sample 6_ATAC	Illumina NovaSeq 6000 sequencing: Tonsil Atlas FASTQ files	Multiome Sample 6_p	ftp.sra.ebi.ac.uk/vol1/fastq/ERR130/062/ERR13027062/ERR13027062_1.fastq.gz;ftp.sra.ebi.ac.uk/vol1/fastq/ERR130/062/ERR13027062/ERR13027062_2.fastq.gz	4988561550;2213736510	76ab9bfcd3425fbe252ca1888add0725;c0490127d50d8082934514b665a28bf5	219479344
ERR13027066	SAMEA115537499	E-MTAB-13687_2:scRNA Sample 5_hashed_cdna	scRNA Sample 5_hashed_cdna	Illumina NovaSeq 6000 sequencing: Tonsil Atlas FASTQ files	scRNA Sample 5_p	ftp.sra.ebi.ac.uk/vol1/fastq/ERR130/066/ERR13027066/ERR13027066_1.fastq.gz;ftp.sra.ebi.ac.uk/vol1/fastq/ERR130/066/ERR13027066/ERR13027066_2.fastq.gz	943353286;2042913524	da26cd7674a5769584db9181efeb3819;522bf5733e31a5b0597fc8cd0d320290	90780474
ERR13027067	SAMEA115537471	E-MTAB-13687_2:scRNA Sample 1_hashed_cdna	scRNA Sample 1_hashed_cdna	Illumina NovaSeq 6000 sequencing: Tonsil Atlas FASTQ files	scRNA Sample 1_p	ftp.sra.ebi.ac.uk/vol1/fastq/ERR130/067/ERR13027067/ERR13027067_1.fastq.gz;ftp.sra.ebi.ac.uk/vol1/fastq/ERR130/067/ERR13027067/ERR13027067_2.fastq.gz	8966875810;4184098169	98a39ad003455a53d9ea2138e08b834b;16a10a36f5064514840d37847aec3bea	414288694
ERR13027075	SAMEA115537428	E-MTAB-13687_2:CITEseq Multiplex 4_BCR	CITEseq Multiplex 4_BCR	Illumina NovaSeq 6000 sequencing: Tonsil Atlas FASTQ files	CITEseq Multiplex 4_p	ftp.sra.ebi.ac.uk/vol1/fastq/ERR130/075/ERR13027075/ERR13027075_1.fastq.gz;ftp.sra.ebi.ac.uk/vol1/fastq/ERR130/075/ERR13027075/ERR13027075_2.fastq.gz	399511652;773706375	064cfc48f0ce7754784d26f65aef54cf;f820635b6b16e27e5f5a29a6d68b3fde	41561090
ERR13027084	SAMEA115537487	E-MTAB-13687_2:scRNA Sample 17_hashed_cdna	scRNA Sample 17_hashed_cdna	Illumina NovaSeq 6000 sequencing: Tonsil Atlas FASTQ files	scRNA Sample 17_p	ftp.sra.ebi.ac.uk/vol1/fastq/ERR130/084/ERR13027084/ERR13027084_1.fastq.gz;ftp.sra.ebi.ac.uk/vol1/fastq/ERR130/084/ERR13027084/ERR13027084_2.fastq.gz	1355613509;593668877	46d9bdec07b8d48dfcf888db9ce08064;ccb8e8b67190e08f0b67a375ffbe8634	56620344
ERR13027092	SAMEA115537446	E-MTAB-13687_2:MCL Sample 2_RNA	MCL Sample 2_RNA	Illumina NovaSeq 6000 sequencing: Tonsil Atlas FASTQ files	MCL Sample 2_p				0
ERR13027093	SAMEA115537487	E-MTAB-13687_2:scRNA Sample 17_hashed_cdna	scRNA Sample 17_hashed_cdna	Illumina NovaSeq 6000 sequencing: Tonsil Atlas FASTQ files	scRNA Sample 17_p	ftp.sra.ebi.ac.uk/vol1/fastq/ERR130/093/ERR13027093/ERR13027093_1.fastq.gz;ftp.sra.ebi.ac.uk/vol1/fastq/ERR130/093/ERR13027093/ERR13027093_2.fastq.gz	1481839599;646755511	b317d91780eb0bc2592fdf6f39027921;3883c7c30a12d0c7873f6c8cdcf20f06	62328550
ERR13027095	SAMEA115537496	E-MTAB-13687_2:scRNA Sample 4_hashed_cdna	scRNA Sample 4_hashed_cdna	Illumina NovaSeq 6000 sequencing: Tonsil Atlas FASTQ files	scRNA Sample 4_p	ftp.sra.ebi.ac.uk/vol1/fastq/ERR130/095/ERR13027095/ERR13027095_1.fastq.gz;ftp.sra.ebi.ac.uk/vol1/fastq/ERR130/095/ERR13027095/ERR13027095_2.fastq.gz	4867201894;10763222060	fbfb058e6ed30e73cb1f0f5e7fabae48;e23bc507b2418a5ef061f06d606bcc1d	482135636
ERR13027102	SAMEA115537496	E-MTAB-13687_2:scRNA Sample 4_hashed_cdna	scRNA Sample 4_hashed_cdna	Illumina NovaSeq 6000 sequencing: Tonsil Atlas FASTQ files	scRNA Sample 4_p	ftp.sra.ebi.ac.uk/vol1/fastq/ERR130/002/ERR13027102/ERR13027102_1.fastq.gz;ftp.sra.ebi.ac.uk/vol1/fastq/ERR130/002/ERR13027102/ERR13027102_2.fastq.gz	711538955;349682792	60c6cbd3aadd3c57fe88d6d056763c8e;71d7ed3fb9b6f7ef18554a07f51daaa9	34354430
ERR13027114	SAMEA115537471	E-MTAB-13687_2:scRNA Sample 1_hashed_cdna	scRNA Sample 1_hashed_cdna	Illumina NovaSeq 6000 sequencing: Tonsil Atlas FASTQ files	scRNA Sample 1_p	ftp.sra.ebi.ac.uk/vol1/fastq/ERR130/014/ERR13027114/ERR13027114_1.fastq.gz;ftp.sra.ebi.ac.uk/vol1/fastq/ERR130/014/ERR13027114/ERR13027114_2.fastq.gz	242558134;485745321	e7db0ea093629268af5fcb5b6196b244;b17156626f3ceb73aa7efafe197baf3d	23356680
ERR13027124	SAMEA115537436	E-MTAB-13687_2:CITEseq Sample 2_BCR	CITEseq Sample 2_BCR	Illumina NovaSeq 6000 sequencing: Tonsil Atlas FASTQ files	CITEseq Sample 2_p	ftp.sra.ebi.ac.uk/vol1/fastq/ERR130/024/ERR13027124/ERR13027124_1.fastq.gz;ftp.sra.ebi.ac.uk/vol1/fastq/ERR130/024/ERR13027124/ERR13027124_2.fastq.gz	5158494056;2250181511	439d66ca2163641d76c50c479e692e28;4035842871442c32fd49a8f5b068405d	229067122
ERR13027129	SAMEA115537502	E-MTAB-13687_2:scRNA Sample 6_hashed_cdna	scRNA Sample 6_hashed_cdna	Illumina NovaSeq 6000 sequencing: Tonsil Atlas FASTQ files	scRNA Sample 6_p	ftp.sra.ebi.ac.uk/vol1/fastq/ERR130/029/ERR13027129/ERR13027129_1.fastq.gz;ftp.sra.ebi.ac.uk/vol1/fastq/ERR130/029/ERR13027129/ERR13027129_2.fastq.gz	263561684;532655614	87637739aa8c40fcbe24430c330441a9;61ae4a2ad41e235edef72b147b0c9a7f	25625628
ERR13027134	SAMEA115537475	E-MTAB-13687_2:scRNA Sample 11_hashed_cdna	scRNA Sample 11_hashed_cdna	Illumina NovaSeq 6000 sequencing: Tonsil Atlas FASTQ files	scRNA Sample 11_p	ftp.sra.ebi.ac.uk/vol1/fastq/ERR130/034/ERR13027134/ERR13027134_1.fastq.gz;ftp.sra.ebi.ac.uk/vol1/fastq/ERR130/034/ERR13027134/ERR13027134_2.fastq.gz	3343582972;7547827158	1273b71f99d048c7d7d13343f88c09a5;5ec7e359483903da54c86da8ac6aa9e6	329803968
ERR13027135	SAMEA115537428	E-MTAB-13687_2:CITEseq Multiplex 4_BCR	CITEseq Multiplex 4_BCR	Illumina NovaSeq 6000 sequencing: Tonsil Atlas FASTQ files	CITEseq Multiplex 4_p	ftp.sra.ebi.ac.uk/vol1/fastq/ERR130/035/ERR13027135/ERR13027135_1.fastq.gz;ftp.sra.ebi.ac.uk/vol1/fastq/ERR130/035/ERR13027135/ERR13027135_2.fastq.gz	405628672;786228384	ff6d8900fa8e58dca14bdc2e0ef898b1;66ccc19cd5a87664497670f30c5561a6	42299660
ERR13027136	SAMEA115537460	E-MTAB-13687_2:Multiome Sample 7_ATAC	Multiome Sample 7_ATAC	Illumina NovaSeq 6000 sequencing: Tonsil Atlas FASTQ files	Multiome Sample 7_p				0
ERR13027152	SAMEA115537428	E-MTAB-13687_2:CITEseq Multiplex 4_BCR	CITEseq Multiplex 4_BCR	Illumina NovaSeq 6000 sequencing: Tonsil Atlas FASTQ files	CITEseq Multiplex 4_p	ftp.sra.ebi.ac.uk/vol1/fastq/ERR130/052/ERR13027152/ERR13027152_1.fastq.gz;ftp.sra.ebi.ac.uk/vol1/fastq/ERR130/052/ERR13027152/ERR13027152_2.fastq.gz	383939449;180331852	f8527db2b146ad9d846abbb4db026028;99c6dcba666544ad526a7970dddc1501	18785248
ERR13027156	SAMEA115537482	E-MTAB-13687_2:scRNA Sample 15_hashed_cdna	scRNA Sample 15_hashed_cdna	Illumina NovaSeq 6000 sequencing: Tonsil Atlas FASTQ files	scRNA Sample 15_p	ftp.sra.ebi.ac.uk/vol1/fastq/ERR130/056/ERR13027156/ERR13027156_1.fastq.gz;ftp.sra.ebi.ac.uk/vol1/fastq/ERR130/056/ERR13027156/ERR13027156_2.fastq.gz	2315416008;1085691967	5abdcedb5f3a22806a27fc53e64d08d4;fe7b90d26100ba7bc99fed46261c1362	106686832
ERR13027159	SAMEA115537432	E-MTAB-13687_2:CITEseq Sample 1_BCR	CITEseq Sample 1_BCR	Illumina NovaSeq 6000 sequencing: Tonsil Atlas FASTQ files	CITEseq Sample 1_p	ftp.sra.ebi.ac.uk/vol1/fastq/ERR130/059/ERR13027159/ERR13027159_1.fastq.gz;ftp.sra.ebi.ac.uk/vol1/fastq/ERR130/059/ERR13027159/ERR13027159_2.fastq.gz	485348957;911893330	44c083dccb2cf8e8826b2db6240b195b;a1560c09dca900731f814fa05cd66a08	49408764
ERR13027162	SAMEA115537428	E-MTAB-13687_2:CITEseq Multiplex 4_BCR	CITEseq Multiplex 4_BCR	Illumina NovaSeq 6000 sequencing: Tonsil Atlas FASTQ files	CITEseq Multiplex 4_p	ftp.sra.ebi.ac.uk/vol1/fastq/ERR130/062/ERR13027162/ERR13027162_1.fastq.gz;ftp.sra.ebi.ac.uk/vol1/fastq/ERR130/062/ERR13027162/ERR13027162_2.fastq.gz	312534356;150742928	1eb2278c3364d0d9fe303cff0472c63d;4434cc59474b90b23a73dd85f98ed70a	15752500
ERR13027163	SAMEA115537504	E-MTAB-13687_2:scRNA Sample 7_hashed_cdna	scRNA Sample 7_hashed_cdna	Illumina NovaSeq 6000 sequencing: Tonsil Atlas FASTQ files	scRNA Sample 7_p	ftp.sra.ebi.ac.uk/vol1/fastq/ERR130/063/ERR13027163/ERR13027163_1.fastq.gz;ftp.sra.ebi.ac.uk/vol1/fastq/ERR130/063/ERR13027163/ERR13027163_2.fastq.gz	221891126;359390505	2643799225feacafc0a238cc10ab39b3;ec06525b6d1cb37b5aee69de69d2219e	21435320
ERR13027165	SAMEA115537440	E-MTAB-13687_2:CITEseq Sample 3_BCR	CITEseq Sample 3_BCR	Illumina NovaSeq 6000 sequencing: Tonsil Atlas FASTQ files	CITEseq Sample 3_p	ftp.sra.ebi.ac.uk/vol1/fastq/ERR130/065/ERR13027165/ERR13027165_1.fastq.gz;ftp.sra.ebi.ac.uk/vol1/fastq/ERR130/065/ERR13027165/ERR13027165_2.fastq.gz	790727071;417102656	b6c80b08a06042f868e79d1739e3cc39;4437d3fa28e70dbbc76c8d87af6f19a9	41146330
ERR13027174	SAMEA115537452	E-MTAB-13687_2:Multiome Sample 3_ATAC	Multiome Sample 3_ATAC	Illumina NovaSeq 6000 sequencing: Tonsil Atlas FASTQ files	Multiome Sample 3_p				0
ERR13027183	SAMEA115537428	E-MTAB-13687_2:CITEseq Multiplex 4_BCR	CITEseq Multiplex 4_BCR	Illumina NovaSeq 6000 sequencing: Tonsil Atlas FASTQ files	CITEseq Multiplex 4_p	ftp.sra.ebi.ac.uk/vol1/fastq/ERR130/083/ERR13027183/ERR13027183_1.fastq.gz;ftp.sra.ebi.ac.uk/vol1/fastq/ERR130/083/ERR13027183/ERR13027183_2.fastq.gz	426297027;185196516	4d4fbecdbccb000adf9d4173f2fa41cc;bdda2e99c3d1210da5216a18f75181f2	18458536
ERR13027196	SAMEA115537436	E-MTAB-13687_2:CITEseq Sample 2_BCR	CITEseq Sample 2_BCR	Illumina NovaSeq 6000 sequencing: Tonsil Atlas FASTQ files	CITEseq Sample 2_p	ftp.sra.ebi.ac.uk/vol1/fastq/ERR130/096/ERR13027196/ERR13027196_1.fastq.gz;ftp.sra.ebi.ac.uk/vol1/fastq/ERR130/096/ERR13027196/ERR13027196_2.fastq.gz	5899093777;2574638937	478ff9c08d65f10297f5a4f231c490df;dee65fe4f157d327817973e63e805666	265350992
ERR13027202	SAMEA115537512	E-MTAB-13687_2:Visium Sample 4	Visium Sample 4	Illumina NovaSeq 6000 sequencing: Tonsil Atlas FASTQ files	Visium Sample 4_p	ftp.sra.ebi.ac.uk/vol1/fastq/ERR130/002/ERR13027202/ERR13027202_1.fastq.gz;ftp.sra.ebi.ac.uk/vol1/fastq/ERR130/002/ERR13027202/ERR13027202_2.fastq.gz	1513920544;2930367151	9f9d4d53e22c8146af7ce6c0cf34a529;4d1000525e9ac40289d024fa10328788	156687814
ERR13027205	SAMEA115537460	E-MTAB-13687_2:Multiome Sample 7_ATAC	Multiome Sample 7_ATAC	Illumina NovaSeq 6000 sequencing: Tonsil Atlas FASTQ files	Multiome Sample 7_p				0
ERR13027215	SAMEA115537458	E-MTAB-13687_2:Multiome Sample 6_ATAC	Multiome Sample 6_ATAC	Illumina NovaSeq 6000 sequencing: Tonsil Atlas FASTQ files	Multiome Sample 6_p	ftp.sra.ebi.ac.uk/vol1/fastq/ERR130/015/ERR13027215/ERR13027215_1.fastq.gz;ftp.sra.ebi.ac.uk/vol1/fastq/ERR130/015/ERR13027215/ERR13027215_2.fastq.gz	2210214781;4974875000	96055c504cab43842f0b9d879075f6a2;9c9d1ee21463fc648f0c9901b221cb91	219104618
ERR13027220	SAMEA115537496	E-MTAB-13687_2:scRNA Sample 4_hashed_cdna	scRNA Sample 4_hashed_cdna	Illumina NovaSeq 6000 sequencing: Tonsil Atlas FASTQ files	scRNA Sample 4_p	ftp.sra.ebi.ac.uk/vol1/fastq/ERR130/020/ERR13027220/ERR13027220_1.fastq.gz;ftp.sra.ebi.ac.uk/vol1/fastq/ERR130/020/ERR13027220/ERR13027220_2.fastq.gz	4823090107;10687322345	3f5c5172248655acbd670da87cf55e72;de363bd9171f88825cc2239f277cda76	474144048
ERR13027231	SAMEA115537499	E-MTAB-13687_2:scRNA Sample 5_hashed_cdna	scRNA Sample 5_hashed_cdna	Illumina NovaSeq 6000 sequencing: Tonsil Atlas FASTQ files	scRNA Sample 5_p	ftp.sra.ebi.ac.uk/vol1/fastq/ERR130/031/ERR13027231/ERR13027231_1.fastq.gz;ftp.sra.ebi.ac.uk/vol1/fastq/ERR130/031/ERR13027231/ERR13027231_2.fastq.gz	4581622456;2094935709	1a53c5f5db200503c0c01ea5ccbd3d9f;093761a572e67bd026b4e1214f5f8b7d	204714778
ERR13027234	SAMEA115537482	E-MTAB-13687_2:scRNA Sample 15_hashed_cdna	scRNA Sample 15_hashed_cdna	Illumina NovaSeq 6000 sequencing: Tonsil Atlas FASTQ files	scRNA Sample 15_p	ftp.sra.ebi.ac.uk/vol1/fastq/ERR130/034/ERR13027234/ERR13027234_1.fastq.gz;ftp.sra.ebi.ac.uk/vol1/fastq/ERR130/034/ERR13027234/ERR13027234_2.fastq.gz	5601305271;12748329969	0d6534b0868bd0017a8a0f646cef587a;7f64d8ace5380dba44d0778d8aed3a63	555587318
ERR13027235	SAMEA115537487	E-MTAB-13687_2:scRNA Sample 17_hashed_cdna	scRNA Sample 17_hashed_cdna	Illumina NovaSeq 6000 sequencing: Tonsil Atlas FASTQ files	scRNA Sample 17_p	ftp.sra.ebi.ac.uk/vol1/fastq/ERR130/035/ERR13027235/ERR13027235_1.fastq.gz;ftp.sra.ebi.ac.uk/vol1/fastq/ERR130/035/ERR13027235/ERR13027235_2.fastq.gz	206957679;409433228	2199906e39f57065581782e5bc00ef73;aa415d385f0a1627d99a9239df2481f2	20464652
ERR13027237	SAMEA115537479	E-MTAB-13687_2:scRNA Sample 13_hashed_cdna	scRNA Sample 13_hashed_cdna	Illumina NovaSeq 6000 sequencing: Tonsil Atlas FASTQ files	scRNA Sample 13_p	ftp.sra.ebi.ac.uk/vol1/fastq/ERR130/037/ERR13027237/ERR13027237_1.fastq.gz;ftp.sra.ebi.ac.uk/vol1/fastq/ERR130/037/ERR13027237/ERR13027237_2.fastq.gz	16735287963;7656346040	8823d4446b5becb1f13d0443dab90477;8a1628d0982c40abdf78df1c9fad6086	730291944
ERR13027239	SAMEA115537452	E-MTAB-13687_2:Multiome Sample 3_ATAC	Multiome Sample 3_ATAC	Illumina NovaSeq 6000 sequencing: Tonsil Atlas FASTQ files	Multiome Sample 3_p	ftp.sra.ebi.ac.uk/vol1/fastq/ERR130/039/ERR13027239/ERR13027239_1.fastq.gz;ftp.sra.ebi.ac.uk/vol1/fastq/ERR130/039/ERR13027239/ERR13027239_2.fastq.gz	1639018874;3638914258	fbfe85c1a17d91c21c6e44b521f8a0af;2063401aecf34e8f6fd65efc85895d8f	162406450
ERR13027242	SAMEA115537436	E-MTAB-13687_2:CITEseq Sample 2_BCR	CITEseq Sample 2_BCR	Illumina NovaSeq 6000 sequencing: Tonsil Atlas FASTQ files	CITEseq Sample 2_p	ftp.sra.ebi.ac.uk/vol1/fastq/ERR130/042/ERR13027242/ERR13027242_1.fastq.gz;ftp.sra.ebi.ac.uk/vol1/fastq/ERR130/042/ERR13027242/ERR13027242_2.fastq.gz	1290359053;561010952	e12e84f0c6a50de228c06ea68917cd1e;453e9b266730c8f752ba313621240a7c	55943112
ERR13027248	SAMEA115537440	E-MTAB-13687_2:CITEseq Sample 3_BCR	CITEseq Sample 3_BCR	Illumina NovaSeq 6000 sequencing: Tonsil Atlas FASTQ files	CITEseq Sample 3_p	ftp.sra.ebi.ac.uk/vol1/fastq/ERR130/048/ERR13027248/ERR13027248_1.fastq.gz;ftp.sra.ebi.ac.uk/vol1/fastq/ERR130/048/ERR13027248/ERR13027248_2.fastq.gz	4978588301;2118198224	a4b1126a45337bd3eaec5ac0402d4e07;f9806b80cb4cce3cda598f3b70cc2d6f	210863440
ERR13027255	SAMEA115537456	E-MTAB-13687_2:Multiome Sample 5_ATAC	Multiome Sample 5_ATAC	Illumina NovaSeq 6000 sequencing: Tonsil Atlas FASTQ files	Multiome Sample 5_p				0
ERR13027256	SAMEA115537475	E-MTAB-13687_2:scRNA Sample 11_hashed_cdna	scRNA Sample 11_hashed_cdna	Illumina NovaSeq 6000 sequencing: Tonsil Atlas FASTQ files	scRNA Sample 11_p	ftp.sra.ebi.ac.uk/vol1/fastq/ERR130/056/ERR13027256/ERR13027256_1.fastq.gz;ftp.sra.ebi.ac.uk/vol1/fastq/ERR130/056/ERR13027256/ERR13027256_2.fastq.gz	2263088085;1119642279	bf9e5db18d5b3d17b573ff2841e54136;62c4dc0c6286f3ead790b249c4c9f5e9	113814134
ERR13027264	SAMEA115537440	E-MTAB-13687_2:CITEseq Sample 3_BCR	CITEseq Sample 3_BCR	Illumina NovaSeq 6000 sequencing: Tonsil Atlas FASTQ files	CITEseq Sample 3_p	ftp.sra.ebi.ac.uk/vol1/fastq/ERR130/064/ERR13027264/ERR13027264_1.fastq.gz;ftp.sra.ebi.ac.uk/vol1/fastq/ERR130/064/ERR13027264/ERR13027264_2.fastq.gz	286346246;607827081	667f0569827277ba54ecb46828ea1383;98898a1d972269d2c8a798ff853d12ac	28818102
ERR13027272	SAMEA115537463	E-MTAB-13687_2:scATAC Sample 2	scATAC Sample 2	Illumina NovaSeq 6000 sequencing: Tonsil Atlas FASTQ files	scATAC Sample 2_p				0
ERR13027280	SAMEA115537479	E-MTAB-13687_2:scRNA Sample 13_hashed_cdna	scRNA Sample 13_hashed_cdna	Illumina NovaSeq 6000 sequencing: Tonsil Atlas FASTQ files	scRNA Sample 13_p	ftp.sra.ebi.ac.uk/vol1/fastq/ERR130/080/ERR13027280/ERR13027280_1.fastq.gz;ftp.sra.ebi.ac.uk/vol1/fastq/ERR130/080/ERR13027280/ERR13027280_2.fastq.gz	544622653;312430116	2e9d45dcd1e8c37a288f82ca67866eb4;fc7a40ac6b8907c52718214435d451f8	29068444
ERR13027282	SAMEA115537475	E-MTAB-13687_2:scRNA Sample 11_hashed_cdna	scRNA Sample 11_hashed_cdna	Illumina NovaSeq 6000 sequencing: Tonsil Atlas FASTQ files	scRNA Sample 11_p	ftp.sra.ebi.ac.uk/vol1/fastq/ERR130/082/ERR13027282/ERR13027282_1.fastq.gz;ftp.sra.ebi.ac.uk/vol1/fastq/ERR130/082/ERR13027282/ERR13027282_2.fastq.gz	1028340999;1976641416	f8bebaf876d4390931428c2aafb010ff;519356894c6114aac1bcc318b7d2c300	101176548
ERR13027285	SAMEA115537432	E-MTAB-13687_2:CITEseq Sample 1_BCR	CITEseq Sample 1_BCR	Illumina NovaSeq 6000 sequencing: Tonsil Atlas FASTQ files	CITEseq Sample 1_p	ftp.sra.ebi.ac.uk/vol1/fastq/ERR130/085/ERR13027285/ERR13027285_1.fastq.gz;ftp.sra.ebi.ac.uk/vol1/fastq/ERR130/085/ERR13027285/ERR13027285_2.fastq.gz	2594386562;5883249611	43f40fc36318493daeb113a8968ab9dc;91fe4ccb421506fbe3215579ca53b12c	266659936
ERR13027287	SAMEA115537428	E-MTAB-13687_2:CITEseq Multiplex 4_BCR	CITEseq Multiplex 4_BCR	Illumina NovaSeq 6000 sequencing: Tonsil Atlas FASTQ files	CITEseq Multiplex 4_p	ftp.sra.ebi.ac.uk/vol1/fastq/ERR130/087/ERR13027287/ERR13027287_1.fastq.gz;ftp.sra.ebi.ac.uk/vol1/fastq/ERR130/087/ERR13027287/ERR13027287_2.fastq.gz	2245379975;956809322	4c271ac6ef998439f678c49c8a18bc5f;a90349f1eab2f55342d38c9b91e983c7	98045218
ERR13027293	SAMEA115537432	E-MTAB-13687_2:CITEseq Sample 1_BCR	CITEseq Sample 1_BCR	Illumina NovaSeq 6000 sequencing: Tonsil Atlas FASTQ files	CITEseq Sample 1_p	ftp.sra.ebi.ac.uk/vol1/fastq/ERR130/093/ERR13027293/ERR13027293_1.fastq.gz;ftp.sra.ebi.ac.uk/vol1/fastq/ERR130/093/ERR13027293/ERR13027293_2.fastq.gz	1438846098;664681325	68d511a6bb26b01672c12b2e01dc00a1;baa18bf1aaba331be2eda5485862f156	66166814
ERR13027294	SAMEA115537502	E-MTAB-13687_2:scRNA Sample 6_hashed_cdna	scRNA Sample 6_hashed_cdna	Illumina NovaSeq 6000 sequencing: Tonsil Atlas FASTQ files	scRNA Sample 6_p	ftp.sra.ebi.ac.uk/vol1/fastq/ERR130/094/ERR13027294/ERR13027294_1.fastq.gz;ftp.sra.ebi.ac.uk/vol1/fastq/ERR130/094/ERR13027294/ERR13027294_2.fastq.gz	2049295801;4462421324	4fa95f2156f34c155afe21459e1536c3;0e5b4cf68808a2b2a62f80607ed76b4d	199034540
ERR13027308	SAMEA115537482	E-MTAB-13687_2:scRNA Sample 15_hashed_cdna	scRNA Sample 15_hashed_cdna	Illumina NovaSeq 6000 sequencing: Tonsil Atlas FASTQ files	scRNA Sample 15_p	ftp.sra.ebi.ac.uk/vol1/fastq/ERR130/008/ERR13027308/ERR13027308_1.fastq.gz;ftp.sra.ebi.ac.uk/vol1/fastq/ERR130/008/ERR13027308/ERR13027308_2.fastq.gz	12722080835;5594584247	2a5359c8da1529577321653832c8cc27;186063c188b3412be067c9b6ebd608b5	554780178
ERR13027312	SAMEA115537448	E-MTAB-13687_2:Multiome Sample 1_ATAC	Multiome Sample 1_ATAC	Illumina NovaSeq 6000 sequencing: Tonsil Atlas FASTQ files	Multiome Sample 1_p				0
ERR13027321	SAMEA115537499	E-MTAB-13687_2:scRNA Sample 5_hashed_cdna	scRNA Sample 5_hashed_cdna	Illumina NovaSeq 6000 sequencing: Tonsil Atlas FASTQ files	scRNA Sample 5_p	ftp.sra.ebi.ac.uk/vol1/fastq/ERR130/021/ERR13027321/ERR13027321_1.fastq.gz;ftp.sra.ebi.ac.uk/vol1/fastq/ERR130/021/ERR13027321/ERR13027321_2.fastq.gz	1298178779;633455305	19e593a1738fd7141b254b8f02b0e0d6;b05656e5ac5e1d7b8ed5aeebd7946b73	62459240
ERR13027322	SAMEA115537490	E-MTAB-13687_2:scRNA Sample 2_hashed_cdna	scRNA Sample 2_hashed_cdna	Illumina NovaSeq 6000 sequencing: Tonsil Atlas FASTQ files	scRNA Sample 2_p	ftp.sra.ebi.ac.uk/vol1/fastq/ERR130/022/ERR13027322/ERR13027322_1.fastq.gz;ftp.sra.ebi.ac.uk/vol1/fastq/ERR130/022/ERR13027322/ERR13027322_2.fastq.gz	8851940259;19454679969	f4f0c9b0fb6b5733651662144de89b04;23c975f19cca6b1f07255b9a8340a14a	903845264
ERR13027325	SAMEA115537450	E-MTAB-13687_2:Multiome Sample 2_RNA	Multiome Sample 2_RNA	Illumina NovaSeq 6000 sequencing: Tonsil Atlas FASTQ files	Multiome Sample 2_p				0
ERR13027341	SAMEA115537484	E-MTAB-13687_2:scRNA Sample 16_hashed_cdna	scRNA Sample 16_hashed_cdna	Illumina NovaSeq 6000 sequencing: Tonsil Atlas FASTQ files	scRNA Sample 16_p	ftp.sra.ebi.ac.uk/vol1/fastq/ERR130/041/ERR13027341/ERR13027341_1.fastq.gz;ftp.sra.ebi.ac.uk/vol1/fastq/ERR130/041/ERR13027341/ERR13027341_2.fastq.gz	3206512298;1398259707	fa2503e7a9c56d9b01bda03052d1fda5;c4f4d77393fdf1c37a88a9740b86fbf6	137885356
ERR13027343	SAMEA115537440	E-MTAB-13687_2:CITEseq Sample 3_BCR	CITEseq Sample 3_BCR	Illumina NovaSeq 6000 sequencing: Tonsil Atlas FASTQ files	CITEseq Sample 3_p	ftp.sra.ebi.ac.uk/vol1/fastq/ERR130/043/ERR13027343/ERR13027343_1.fastq.gz;ftp.sra.ebi.ac.uk/vol1/fastq/ERR130/043/ERR13027343/ERR13027343_2.fastq.gz	2011955728;4683497944	229fbde54b04d3ae409f165b61a17880;fe3a45ff81ad386f1378bdbca42e65f0	200024730
ERR13027348	SAMEA115537432	E-MTAB-13687_2:CITEseq Sample 1_BCR	CITEseq Sample 1_BCR	Illumina NovaSeq 6000 sequencing: Tonsil Atlas FASTQ files	CITEseq Sample 1_p	ftp.sra.ebi.ac.uk/vol1/fastq/ERR130/048/ERR13027348/ERR13027348_1.fastq.gz;ftp.sra.ebi.ac.uk/vol1/fastq/ERR130/048/ERR13027348/ERR13027348_2.fastq.gz	1055506400;563352304	232a5fa2d599e1c21c715be7c82db120;19cbece86490f9ba3c2dfb32e815f34d	57521200
ERR13027349	SAMEA115537440	E-MTAB-13687_2:CITEseq Sample 3_BCR	CITEseq Sample 3_BCR	Illumina NovaSeq 6000 sequencing: Tonsil Atlas FASTQ files	CITEseq Sample 3_p	ftp.sra.ebi.ac.uk/vol1/fastq/ERR130/049/ERR13027349/ERR13027349_1.fastq.gz;ftp.sra.ebi.ac.uk/vol1/fastq/ERR130/049/ERR13027349/ERR13027349_2.fastq.gz	584336352;273303531	ccfe13bb78374495d7ce58c58daa00af;eed84dc865e978824790f6e8fffbd8ca	27332770
ERR13027350	SAMEA115537432	E-MTAB-13687_2:CITEseq Sample 1_BCR	CITEseq Sample 1_BCR	Illumina NovaSeq 6000 sequencing: Tonsil Atlas FASTQ files	CITEseq Sample 1_p	ftp.sra.ebi.ac.uk/vol1/fastq/ERR130/050/ERR13027350/ERR13027350_1.fastq.gz;ftp.sra.ebi.ac.uk/vol1/fastq/ERR130/050/ERR13027350/ERR13027350_2.fastq.gz	597282783;1256042437	6b3c6d2a7b572a2a1a34356e7b5dea00;97ae1adb1c9aab31f4c36ec5d568ed09	59717880
ERR13027354	SAMEA115537484	E-MTAB-13687_2:scRNA Sample 16_hashed_cdna	scRNA Sample 16_hashed_cdna	Illumina NovaSeq 6000 sequencing: Tonsil Atlas FASTQ files	scRNA Sample 16_p	ftp.sra.ebi.ac.uk/vol1/fastq/ERR130/054/ERR13027354/ERR13027354_1.fastq.gz;ftp.sra.ebi.ac.uk/vol1/fastq/ERR130/054/ERR13027354/ERR13027354_2.fastq.gz	1449064879;3326718116	a44c1e9d2ec4c5418783a0069826580e;a777ab5b6c90a364da039b6b4e985a04	142744222
ERR13027356	SAMEA115537470	E-MTAB-13687_2:scATAC Sample 9	scATAC Sample 9	Illumina NovaSeq 6000 sequencing: Tonsil Atlas FASTQ files	scATAC Sample 9_p				0
ERR13027357	SAMEA115537471	E-MTAB-13687_2:scRNA Sample 1_hashed_cdna	scRNA Sample 1_hashed_cdna	Illumina NovaSeq 6000 sequencing: Tonsil Atlas FASTQ files	scRNA Sample 1_p	ftp.sra.ebi.ac.uk/vol1/fastq/ERR130/057/ERR13027357/ERR13027357_1.fastq.gz;ftp.sra.ebi.ac.uk/vol1/fastq/ERR130/057/ERR13027357/ERR13027357_2.fastq.gz	1567125416;742893172	7ab13181b34e913a437942ce335e0b2a;c13124f7db58fb5dcb40fb6f205b2789	71947774
ERR13027358	SAMEA115537452	E-MTAB-13687_2:Multiome Sample 3_ATAC	Multiome Sample 3_ATAC	Illumina NovaSeq 6000 sequencing: Tonsil Atlas FASTQ files	Multiome Sample 3_p				0
ERR13027364	SAMEA115537490	E-MTAB-13687_2:scRNA Sample 2_hashed_cdna	scRNA Sample 2_hashed_cdna	Illumina NovaSeq 6000 sequencing: Tonsil Atlas FASTQ files	scRNA Sample 2_p	ftp.sra.ebi.ac.uk/vol1/fastq/ERR130/064/ERR13027364/ERR13027364_1.fastq.gz;ftp.sra.ebi.ac.uk/vol1/fastq/ERR130/064/ERR13027364/ERR13027364_2.fastq.gz	528649154;259286771	6fcebfc0e348219213c61edd9002200e;7bfdda4f912351e8324ef0acac2c7b77	25852580
ERR13027369	SAMEA115537428	E-MTAB-13687_2:CITEseq Multiplex 4_BCR	CITEseq Multiplex 4_BCR	Illumina NovaSeq 6000 sequencing: Tonsil Atlas FASTQ files	CITEseq Multiplex 4_p	ftp.sra.ebi.ac.uk/vol1/fastq/ERR130/069/ERR13027369/ERR13027369_1.fastq.gz;ftp.sra.ebi.ac.uk/vol1/fastq/ERR130/069/ERR13027369/ERR13027369_2.fastq.gz	432028090;210725857	6ad9883a1dc77ede7c1c61e03c62c3b1;4e9057d52fe20291f2a7f4bae74f2bc8	21996832
ERR13027373	SAMEA115537502	E-MTAB-13687_2:scRNA Sample 6_hashed_cdna	scRNA Sample 6_hashed_cdna	Illumina NovaSeq 6000 sequencing: Tonsil Atlas FASTQ files	scRNA Sample 6_p	ftp.sra.ebi.ac.uk/vol1/fastq/ERR130/073/ERR13027373/ERR13027373_1.fastq.gz;ftp.sra.ebi.ac.uk/vol1/fastq/ERR130/073/ERR13027373/ERR13027373_2.fastq.gz	14679148242;6607509128	939bdc84ec2bebaf81f82da1725564da;64147d066f808b888786b7cce10def5d	661316950
ERR13027376	SAMEA115537428	E-MTAB-13687_2:CITEseq Multiplex 4_BCR	CITEseq Multiplex 4_BCR	Illumina NovaSeq 6000 sequencing: Tonsil Atlas FASTQ files	CITEseq Multiplex 4_p	ftp.sra.ebi.ac.uk/vol1/fastq/ERR130/076/ERR13027376/ERR13027376_1.fastq.gz;ftp.sra.ebi.ac.uk/vol1/fastq/ERR130/076/ERR13027376/ERR13027376_2.fastq.gz	404331583;181317822	8589542100f5153322c8f00ef620b098;5ad6cd555dbafc387c1eaab076dc6384	18070078
ERR13027379	SAMEA115537428	E-MTAB-13687_2:CITEseq Multiplex 4_BCR	CITEseq Multiplex 4_BCR	Illumina NovaSeq 6000 sequencing: Tonsil Atlas FASTQ files	CITEseq Multiplex 4_p	ftp.sra.ebi.ac.uk/vol1/fastq/ERR130/079/ERR13027379/ERR13027379_1.fastq.gz;ftp.sra.ebi.ac.uk/vol1/fastq/ERR130/079/ERR13027379/ERR13027379_2.fastq.gz	178820819;399695472	a22eb38c4606d9cd1c43e3ceb7d7b9ca;91ef15bc8148e383bf32ce7766e9cae4	17831656
ERR13027383	SAMEA115537432	E-MTAB-13687_2:CITEseq Sample 1_BCR	CITEseq Sample 1_BCR	Illumina NovaSeq 6000 sequencing: Tonsil Atlas FASTQ files	CITEseq Sample 1_p	ftp.sra.ebi.ac.uk/vol1/fastq/ERR130/083/ERR13027383/ERR13027383_1.fastq.gz;ftp.sra.ebi.ac.uk/vol1/fastq/ERR130/083/ERR13027383/ERR13027383_2.fastq.gz	2341358726;5235996913	be9951d366238a5cc6cc234621a7b73d;51ea8bc2c51b35fb8c820c11ad2da516	239866118
ERR13027385	SAMEA115537436	E-MTAB-13687_2:CITEseq Sample 2_BCR	CITEseq Sample 2_BCR	Illumina NovaSeq 6000 sequencing: Tonsil Atlas FASTQ files	CITEseq Sample 2_p	ftp.sra.ebi.ac.uk/vol1/fastq/ERR130/085/ERR13027385/ERR13027385_1.fastq.gz;ftp.sra.ebi.ac.uk/vol1/fastq/ERR130/085/ERR13027385/ERR13027385_2.fastq.gz	779694296;406676955	091d6ce0004f604710b2735ec5747070;c80dfc8873d625e71da664c9701265ea	43117442
ERR13027397	SAMEA115537460	E-MTAB-13687_2:Multiome Sample 7_ATAC	Multiome Sample 7_ATAC	Illumina NovaSeq 6000 sequencing: Tonsil Atlas FASTQ files	Multiome Sample 7_p				0
ERR13027399	SAMEA115537504	E-MTAB-13687_2:scRNA Sample 7_hashed_cdna	scRNA Sample 7_hashed_cdna	Illumina NovaSeq 6000 sequencing: Tonsil Atlas FASTQ files	scRNA Sample 7_p	ftp.sra.ebi.ac.uk/vol1/fastq/ERR130/099/ERR13027399/ERR13027399_1.fastq.gz;ftp.sra.ebi.ac.uk/vol1/fastq/ERR130/099/ERR13027399/ERR13027399_2.fastq.gz	2112274194;3006944190	9190fc2536fd96fd0977ad5fe642cc7e;fec8c32b6f8154e1d51de9475b1844e8	96298522
ERR13027401	SAMEA115537509	E-MTAB-13687_2:Visium Sample 1	Visium Sample 1	Illumina NovaSeq 6000 sequencing: Tonsil Atlas FASTQ files	Visium Sample 1_p	ftp.sra.ebi.ac.uk/vol1/fastq/ERR130/001/ERR13027401/ERR13027401_1.fastq.gz;ftp.sra.ebi.ac.uk/vol1/fastq/ERR130/001/ERR13027401/ERR13027401_2.fastq.gz	1302762569;2617624288	3a9524259722f2fea5ed505d7b3c0a1a;0cd4b78f3ceeaa9a8484bf7b75f84bfb	132321508
ERR13027407	SAMEA115537440	E-MTAB-13687_2:CITEseq Sample 3_BCR	CITEseq Sample 3_BCR	Illumina NovaSeq 6000 sequencing: Tonsil Atlas FASTQ files	CITEseq Sample 3_p	ftp.sra.ebi.ac.uk/vol1/fastq/ERR130/007/ERR13027407/ERR13027407_1.fastq.gz;ftp.sra.ebi.ac.uk/vol1/fastq/ERR130/007/ERR13027407/ERR13027407_2.fastq.gz	2120469769;5003749486	934ab39b1e610996a237ef9953c4a7b5;82a611af2f88deffc72ddc47d4f99391	211446830
ERR13027417	SAMEA115537463	E-MTAB-13687_2:scATAC Sample 2	scATAC Sample 2	Illumina NovaSeq 6000 sequencing: Tonsil Atlas FASTQ files	scATAC Sample 2_p				0
ERR13027420	SAMEA115537490	E-MTAB-13687_2:scRNA Sample 2_hashed_cdna	scRNA Sample 2_hashed_cdna	Illumina NovaSeq 6000 sequencing: Tonsil Atlas FASTQ files	scRNA Sample 2_p	ftp.sra.ebi.ac.uk/vol1/fastq/ERR130/020/ERR13027420/ERR13027420_1.fastq.gz;ftp.sra.ebi.ac.uk/vol1/fastq/ERR130/020/ERR13027420/ERR13027420_2.fastq.gz	19993632152;8959814246	1ffb468f340ea2cd8fa9303393503e11;6fcec3c9238153ed575396b8370033dc	911521772
ERR13027427	SAMEA115537508	E-MTAB-13687_2:scRNA Sample 9_not_hashed	scRNA Sample 9_not_hashed	Illumina NovaSeq 6000 sequencing: Tonsil Atlas FASTQ files	scRNA Sample 9_p				0
ERR13027430	SAMEA115537515	E-MTAB-13687_2:Visium Sample 7	Visium Sample 7	Illumina NovaSeq 6000 sequencing: Tonsil Atlas FASTQ files	Visium Sample 7_p	ftp.sra.ebi.ac.uk/vol1/fastq/ERR130/030/ERR13027430/ERR13027430_1.fastq.gz;ftp.sra.ebi.ac.uk/vol1/fastq/ERR130/030/ERR13027430/ERR13027430_2.fastq.gz	2090183429;4293896220	99d842e7b60e8f5de3962268d18bbd9a;e75c3e5d18c846ed0631c72c18a387ac	210652002
ERR13027431	SAMEA115537482	E-MTAB-13687_2:scRNA Sample 15_hashed_cdna	scRNA Sample 15_hashed_cdna	Illumina NovaSeq 6000 sequencing: Tonsil Atlas FASTQ files	scRNA Sample 15_p	ftp.sra.ebi.ac.uk/vol1/fastq/ERR130/031/ERR13027431/ERR13027431_1.fastq.gz;ftp.sra.ebi.ac.uk/vol1/fastq/ERR130/031/ERR13027431/ERR13027431_2.fastq.gz	2611903688;4812083550	84eb37d9d1bda56ab274259e9f579417;4a3c0b3ba998ab415e030eeceaf8e1f3	258971678
ERR13027434	SAMEA115537502	E-MTAB-13687_2:scRNA Sample 6_hashed_cdna	scRNA Sample 6_hashed_cdna	Illumina NovaSeq 6000 sequencing: Tonsil Atlas FASTQ files	scRNA Sample 6_p	ftp.sra.ebi.ac.uk/vol1/fastq/ERR130/034/ERR13027434/ERR13027434_1.fastq.gz;ftp.sra.ebi.ac.uk/vol1/fastq/ERR130/034/ERR13027434/ERR13027434_2.fastq.gz	536643694;266029671	cda61d8c7fb420014c1d866f990d9e04;eca72d5cabeb677ebcdad142b749374b	25840922
ERR13027436	SAMEA115537484	E-MTAB-13687_2:scRNA Sample 16_hashed_cdna	scRNA Sample 16_hashed_cdna	Illumina NovaSeq 6000 sequencing: Tonsil Atlas FASTQ files	scRNA Sample 16_p	ftp.sra.ebi.ac.uk/vol1/fastq/ERR130/036/ERR13027436/ERR13027436_1.fastq.gz;ftp.sra.ebi.ac.uk/vol1/fastq/ERR130/036/ERR13027436/ERR13027436_2.fastq.gz	7496447338;3333236897	23dafcdae1ed348ad01d62e11e0e37d7;6d6f6d86aa0ee16dd2a8d77593701af7	327797496
ERR13027441	SAMEA115537458	E-MTAB-13687_2:Multiome Sample 6_ATAC	Multiome Sample 6_ATAC	Illumina NovaSeq 6000 sequencing: Tonsil Atlas FASTQ files	Multiome Sample 6_p	ftp.sra.ebi.ac.uk/vol1/fastq/ERR130/041/ERR13027441/ERR13027441_1.fastq.gz;ftp.sra.ebi.ac.uk/vol1/fastq/ERR130/041/ERR13027441/ERR13027441_2.fastq.gz	1957846837;4420240219	a66269becfc13678176e3284abc434e6;cd937e0d35d06b074be030c204e988e8	194100166
ERR13027442	SAMEA115537477	E-MTAB-13687_2:scRNA Sample 12_hashed_cdna	scRNA Sample 12_hashed_cdna	Illumina NovaSeq 6000 sequencing: Tonsil Atlas FASTQ files	scRNA Sample 12_p	ftp.sra.ebi.ac.uk/vol1/fastq/ERR130/042/ERR13027442/ERR13027442_1.fastq.gz;ftp.sra.ebi.ac.uk/vol1/fastq/ERR130/042/ERR13027442/ERR13027442_2.fastq.gz	3903547129;8520816405	86598c5358d66a947a8e518141a1a6c6;f7b0b9484ab2ae05f9553027c0ab8db1	379678746
ERR13027444	SAMEA115537504	E-MTAB-13687_2:scRNA Sample 7_hashed_cdna	scRNA Sample 7_hashed_cdna	Illumina NovaSeq 6000 sequencing: Tonsil Atlas FASTQ files	scRNA Sample 7_p	ftp.sra.ebi.ac.uk/vol1/fastq/ERR130/044/ERR13027444/ERR13027444_1.fastq.gz;ftp.sra.ebi.ac.uk/vol1/fastq/ERR130/044/ERR13027444/ERR13027444_2.fastq.gz	233460833;277253016	559d2d67203ba88ec1ec941ee7c996b8;584d7c8eac423642a8c793db984bcf41	10170834
ERR13027445	SAMEA115537432	E-MTAB-13687_2:CITEseq Sample 1_BCR	CITEseq Sample 1_BCR	Illumina NovaSeq 6000 sequencing: Tonsil Atlas FASTQ files	CITEseq Sample 1_p	ftp.sra.ebi.ac.uk/vol1/fastq/ERR130/045/ERR13027445/ERR13027445_1.fastq.gz;ftp.sra.ebi.ac.uk/vol1/fastq/ERR130/045/ERR13027445/ERR13027445_2.fastq.gz	1462622005;672531749	334b29aee78a65ae2c52e8595469c2c0;00629a60fbe98ed388bad6a85e71fcd5	66925554
ERR13027474	SAMEA115537428	E-MTAB-13687_2:CITEseq Multiplex 4_BCR	CITEseq Multiplex 4_BCR	Illumina NovaSeq 6000 sequencing: Tonsil Atlas FASTQ files	CITEseq Multiplex 4_p	ftp.sra.ebi.ac.uk/vol1/fastq/ERR130/074/ERR13027474/ERR13027474_1.fastq.gz;ftp.sra.ebi.ac.uk/vol1/fastq/ERR130/074/ERR13027474/ERR13027474_2.fastq.gz	400446400;191963861	e9a8ae963269c9749837652314337f8e;7255e97627cc2111a5580b1c68f6ba82	20365796
ERR13027479	SAMEA115537440	E-MTAB-13687_2:CITEseq Sample 3_BCR	CITEseq Sample 3_BCR	Illumina NovaSeq 6000 sequencing: Tonsil Atlas FASTQ files	CITEseq Sample 3_p	ftp.sra.ebi.ac.uk/vol1/fastq/ERR130/079/ERR13027479/ERR13027479_1.fastq.gz;ftp.sra.ebi.ac.uk/vol1/fastq/ERR130/079/ERR13027479/ERR13027479_2.fastq.gz	1896042493;822500297	5f33484171f4c076747917459b40c48d;8a18015a3f1f60b591c81b5aa9ff3cc6	80289526
ERR13027482	SAMEA115537444	E-MTAB-13687_2:MCL Sample 1_RNA	MCL Sample 1_RNA	Illumina NovaSeq 6000 sequencing: Tonsil Atlas FASTQ files	MCL Sample 1_p				0
ERR13027007	SAMEA115537460	E-MTAB-13687_2:Multiome Sample 7_ATAC	Multiome Sample 7_ATAC	Illumina NovaSeq 6000 sequencing: Tonsil Atlas FASTQ files	Multiome Sample 7_p				0
ERR13027008	SAMEA115537428	E-MTAB-13687_2:CITEseq Multiplex 4_BCR	CITEseq Multiplex 4_BCR	Illumina NovaSeq 6000 sequencing: Tonsil Atlas FASTQ files	CITEseq Multiplex 4_p	ftp.sra.ebi.ac.uk/vol1/fastq/ERR130/008/ERR13027008/ERR13027008_1.fastq.gz;ftp.sra.ebi.ac.uk/vol1/fastq/ERR130/008/ERR13027008/ERR13027008_2.fastq.gz	997736915;2270918524	8e525b102d46e384fd589c6f1c64304c;23b41e3860836557e8bcff1d14aee831	101975192
ERR13027016	SAMEA115537471	E-MTAB-13687_2:scRNA Sample 1_hashed_cdna	scRNA Sample 1_hashed_cdna	Illumina NovaSeq 6000 sequencing: Tonsil Atlas FASTQ files	scRNA Sample 1_p	ftp.sra.ebi.ac.uk/vol1/fastq/ERR130/016/ERR13027016/ERR13027016_1.fastq.gz;ftp.sra.ebi.ac.uk/vol1/fastq/ERR130/016/ERR13027016/ERR13027016_2.fastq.gz	3835504120;1852157183	0f9e0e9e21e43000cc34f0c7b0d22886;ba881898add0f5a3903f2331014f8595	180786084
ERR13027018	SAMEA115537477	E-MTAB-13687_2:scRNA Sample 12_hashed_cdna	scRNA Sample 12_hashed_cdna	Illumina NovaSeq 6000 sequencing: Tonsil Atlas FASTQ files	scRNA Sample 12_p	ftp.sra.ebi.ac.uk/vol1/fastq/ERR130/018/ERR13027018/ERR13027018_1.fastq.gz;ftp.sra.ebi.ac.uk/vol1/fastq/ERR130/018/ERR13027018/ERR13027018_2.fastq.gz	4450391342;10137404979	246eab3acb43a8947a1500966e2d449c;0472b84c37be85be1bef37db83afa97b	438155134
ERR13027027	SAMEA115537493	E-MTAB-13687_2:scRNA Sample 3_hashed_cdna	scRNA Sample 3_hashed_cdna	Illumina NovaSeq 6000 sequencing: Tonsil Atlas FASTQ files	scRNA Sample 3_p	ftp.sra.ebi.ac.uk/vol1/fastq/ERR130/027/ERR13027027/ERR13027027_1.fastq.gz;ftp.sra.ebi.ac.uk/vol1/fastq/ERR130/027/ERR13027027/ERR13027027_2.fastq.gz	16994073331;7786499994	b80a5189d01a0c5e33804fb436e1ca75;6f570645e51c3f0c06b5420e0a4f9f89	751965422
ERR13027031	SAMEA115537479	E-MTAB-13687_2:scRNA Sample 13_hashed_cdna	scRNA Sample 13_hashed_cdna	Illumina NovaSeq 6000 sequencing: Tonsil Atlas FASTQ files	scRNA Sample 13_p	ftp.sra.ebi.ac.uk/vol1/fastq/ERR130/031/ERR13027031/ERR13027031_1.fastq.gz;ftp.sra.ebi.ac.uk/vol1/fastq/ERR130/031/ERR13027031/ERR13027031_2.fastq.gz	1862705047;3958714637	5d398e847c55889079d5e57a389ac5cd;bceaf13cc3b0f50566b7f4d111c29298	171301194
ERR13027032	SAMEA115537454	E-MTAB-13687_2:Multiome Sample 4_ATAC	Multiome Sample 4_ATAC	Illumina NovaSeq 6000 sequencing: Tonsil Atlas FASTQ files	Multiome Sample 4_p				0
ERR13027037	SAMEA115537477	E-MTAB-13687_2:scRNA Sample 12_hashed_cdna	scRNA Sample 12_hashed_cdna	Illumina NovaSeq 6000 sequencing: Tonsil Atlas FASTQ files	scRNA Sample 12_p				0
ERR13027039	SAMEA115537471	E-MTAB-13687_2:scRNA Sample 1_hashed_cdna	scRNA Sample 1_hashed_cdna	Illumina NovaSeq 6000 sequencing: Tonsil Atlas FASTQ files	scRNA Sample 1_p	ftp.sra.ebi.ac.uk/vol1/fastq/ERR130/039/ERR13027039/ERR13027039_1.fastq.gz;ftp.sra.ebi.ac.uk/vol1/fastq/ERR130/039/ERR13027039/ERR13027039_2.fastq.gz	3793126600;8236169024	67e21dcb9077d51401b4f2a11421ef9d;d23a2e3c0a2ea7519e741cc91dc59e32	375778228
ERR13027041	SAMEA115537511	E-MTAB-13687_2:Visium Sample 3	Visium Sample 3	Illumina NovaSeq 6000 sequencing: Tonsil Atlas FASTQ files	Visium Sample 3_p	ftp.sra.ebi.ac.uk/vol1/fastq/ERR130/041/ERR13027041/ERR13027041_1.fastq.gz;ftp.sra.ebi.ac.uk/vol1/fastq/ERR130/041/ERR13027041/ERR13027041_2.fastq.gz	942121298;1856166538	68235ad73e4ee5733c41e4729c32ec1a;95c0bae81bc05a30668d27b0c1578e86	94850504
ERR13027042	SAMEA115537440	E-MTAB-13687_2:CITEseq Sample 3_BCR	CITEseq Sample 3_BCR	Illumina NovaSeq 6000 sequencing: Tonsil Atlas FASTQ files	CITEseq Sample 3_p	ftp.sra.ebi.ac.uk/vol1/fastq/ERR130/042/ERR13027042/ERR13027042_1.fastq.gz;ftp.sra.ebi.ac.uk/vol1/fastq/ERR130/042/ERR13027042/ERR13027042_2.fastq.gz	429976303;817390280	89b3aabbc59c2427ef5f8695f41b99c9;bd8d1c30d66c4eaecbaf7c2eddd43f83	42483756
ERR13027046	SAMEA115537482	E-MTAB-13687_2:scRNA Sample 15_hashed_cdna	scRNA Sample 15_hashed_cdna	Illumina NovaSeq 6000 sequencing: Tonsil Atlas FASTQ files	scRNA Sample 15_p	ftp.sra.ebi.ac.uk/vol1/fastq/ERR130/046/ERR13027046/ERR13027046_1.fastq.gz;ftp.sra.ebi.ac.uk/vol1/fastq/ERR130/046/ERR13027046/ERR13027046_2.fastq.gz	3987545073;1877200434	9c4e32fa87effb1b49aea03ba1ffdfee;a8b2fc8ca7863c8f2fa413211260c01b	185732728
ERR13027049	SAMEA115537465	E-MTAB-13687_2:scATAC Sample 4	scATAC Sample 4	Illumina NovaSeq 6000 sequencing: Tonsil Atlas FASTQ files	scATAC Sample 4_p				0
ERR13027051	SAMEA115537493	E-MTAB-13687_2:scRNA Sample 3_hashed_cdna	scRNA Sample 3_hashed_cdna	Illumina NovaSeq 6000 sequencing: Tonsil Atlas FASTQ files	scRNA Sample 3_p	ftp.sra.ebi.ac.uk/vol1/fastq/ERR130/051/ERR13027051/ERR13027051_1.fastq.gz;ftp.sra.ebi.ac.uk/vol1/fastq/ERR130/051/ERR13027051/ERR13027051_2.fastq.gz	5583511419;11759820332	abbe80742d3998ffe67a58f33344cc93;5aa18a5e8225bb5d466f01e99c074e4e	555078712
ERR13027055	SAMEA115537428	E-MTAB-13687_2:CITEseq Multiplex 4_BCR	CITEseq Multiplex 4_BCR	Illumina NovaSeq 6000 sequencing: Tonsil Atlas FASTQ files	CITEseq Multiplex 4_p	ftp.sra.ebi.ac.uk/vol1/fastq/ERR130/055/ERR13027055/ERR13027055_1.fastq.gz;ftp.sra.ebi.ac.uk/vol1/fastq/ERR130/055/ERR13027055/ERR13027055_2.fastq.gz	403674604;190488268	56e22f74f81afd732ac28fa1912da69a;2f776a3d5ae02c22271e959103176e4c	20264174
ERR13027060	SAMEA115537428	E-MTAB-13687_2:CITEseq Multiplex 4_BCR	CITEseq Multiplex 4_BCR	Illumina NovaSeq 6000 sequencing: Tonsil Atlas FASTQ files	CITEseq Multiplex 4_p	ftp.sra.ebi.ac.uk/vol1/fastq/ERR130/060/ERR13027060/ERR13027060_1.fastq.gz;ftp.sra.ebi.ac.uk/vol1/fastq/ERR130/060/ERR13027060/ERR13027060_2.fastq.gz	187300535;430143713	13c629da7c90a5c6850d827361edf1bc;7c002ac8b87ddb06ccda8f99de6658c5	18656472
ERR13027069	SAMEA115537450	E-MTAB-13687_2:Multiome Sample 2_RNA	Multiome Sample 2_RNA	Illumina NovaSeq 6000 sequencing: Tonsil Atlas FASTQ files	Multiome Sample 2_p	ftp.sra.ebi.ac.uk/vol1/fastq/ERR130/069/ERR13027069/ERR13027069_1.fastq.gz;ftp.sra.ebi.ac.uk/vol1/fastq/ERR130/069/ERR13027069/ERR13027069_2.fastq.gz	3159169738;1412030427	88b8c45f418afae71fbe8cf1da08460d;12e18625a8b6430cf2429e7dc4a21e41	140122970
ERR13027077	SAMEA115537484	E-MTAB-13687_2:scRNA Sample 16_hashed_cdna	scRNA Sample 16_hashed_cdna	Illumina NovaSeq 6000 sequencing: Tonsil Atlas FASTQ files	scRNA Sample 16_p	ftp.sra.ebi.ac.uk/vol1/fastq/ERR130/077/ERR13027077/ERR13027077_1.fastq.gz;ftp.sra.ebi.ac.uk/vol1/fastq/ERR130/077/ERR13027077/ERR13027077_2.fastq.gz	593754724;1175383674	c68ac2fc4a11abe488c649b23b8b8bb9;004562594da6b5f8f3b484f0b840cf5b	59147202
ERR13027079	SAMEA115537499	E-MTAB-13687_2:scRNA Sample 5_hashed_cdna	scRNA Sample 5_hashed_cdna	Illumina NovaSeq 6000 sequencing: Tonsil Atlas FASTQ files	scRNA Sample 5_p	ftp.sra.ebi.ac.uk/vol1/fastq/ERR130/079/ERR13027079/ERR13027079_1.fastq.gz;ftp.sra.ebi.ac.uk/vol1/fastq/ERR130/079/ERR13027079/ERR13027079_2.fastq.gz	3938968494;1816578252	3dfff8f624345a4096eeec0196bcddf2;487f5b63c429ce979b3a4419f034c5dd	176742592
ERR13027085	SAMEA115537487	E-MTAB-13687_2:scRNA Sample 17_hashed_cdna	scRNA Sample 17_hashed_cdna	Illumina NovaSeq 6000 sequencing: Tonsil Atlas FASTQ files	scRNA Sample 17_p	ftp.sra.ebi.ac.uk/vol1/fastq/ERR130/085/ERR13027085/ERR13027085_1.fastq.gz;ftp.sra.ebi.ac.uk/vol1/fastq/ERR130/085/ERR13027085/ERR13027085_2.fastq.gz	7561890686;3349251181	8081bedac4898c8e41da176893ef89a5;fd9e8944ff54da35f624fc76e49486f9	325384094
ERR13027089	SAMEA115537484	E-MTAB-13687_2:scRNA Sample 16_hashed_cdna	scRNA Sample 16_hashed_cdna	Illumina NovaSeq 6000 sequencing: Tonsil Atlas FASTQ files	scRNA Sample 16_p	ftp.sra.ebi.ac.uk/vol1/fastq/ERR130/089/ERR13027089/ERR13027089_1.fastq.gz;ftp.sra.ebi.ac.uk/vol1/fastq/ERR130/089/ERR13027089/ERR13027089_2.fastq.gz	477869873;1101328484	9ec3582beeeab91ddb7b4350e7488880;f49243ecbdce6eb3186f750ee731e608	46216228
ERR13027096	SAMEA115537428	E-MTAB-13687_2:CITEseq Multiplex 4_BCR	CITEseq Multiplex 4_BCR	Illumina NovaSeq 6000 sequencing: Tonsil Atlas FASTQ files	CITEseq Multiplex 4_p	ftp.sra.ebi.ac.uk/vol1/fastq/ERR130/096/ERR13027096/ERR13027096_1.fastq.gz;ftp.sra.ebi.ac.uk/vol1/fastq/ERR130/096/ERR13027096/ERR13027096_2.fastq.gz	668817160;281938905	33d194e6ef5fdcfbf19ec90eabea0e58;49ffdd82b1cc9d80e5b51a98c1a4acd3	28845104
ERR13027103	SAMEA115537448	E-MTAB-13687_2:Multiome Sample 1_ATAC	Multiome Sample 1_ATAC	Illumina NovaSeq 6000 sequencing: Tonsil Atlas FASTQ files	Multiome Sample 1_p	ftp.sra.ebi.ac.uk/vol1/fastq/ERR130/003/ERR13027103/ERR13027103_1.fastq.gz;ftp.sra.ebi.ac.uk/vol1/fastq/ERR130/003/ERR13027103/ERR13027103_2.fastq.gz	1977672364;4392815541	cd275c255f75100d3efece12d3320795;5f2e7e36b37033294d550edbcdfbe34a	195933144
ERR13027110	SAMEA115537493	E-MTAB-13687_2:scRNA Sample 3_hashed_cdna	scRNA Sample 3_hashed_cdna	Illumina NovaSeq 6000 sequencing: Tonsil Atlas FASTQ files	scRNA Sample 3_p	ftp.sra.ebi.ac.uk/vol1/fastq/ERR130/010/ERR13027110/ERR13027110_1.fastq.gz;ftp.sra.ebi.ac.uk/vol1/fastq/ERR130/010/ERR13027110/ERR13027110_2.fastq.gz	1595624992;3088580247	11a5a57c3f2f716227bd9f7a7287b43b;44f9eb439c3b0f2e3b0d1aa8c53701c1	159756634
ERR13027116	SAMEA115537484	E-MTAB-13687_2:scRNA Sample 16_hashed_cdna	scRNA Sample 16_hashed_cdna	Illumina NovaSeq 6000 sequencing: Tonsil Atlas FASTQ files	scRNA Sample 16_p	ftp.sra.ebi.ac.uk/vol1/fastq/ERR130/016/ERR13027116/ERR13027116_1.fastq.gz;ftp.sra.ebi.ac.uk/vol1/fastq/ERR130/016/ERR13027116/ERR13027116_2.fastq.gz	1005204800;2287880903	ec65280a818f79fde86644c6393e229c;6508df323f9d8b526d04cbf6b992e8fd	96088904
ERR13027120	SAMEA115537504	E-MTAB-13687_2:scRNA Sample 7_hashed_cdna	scRNA Sample 7_hashed_cdna	Illumina NovaSeq 6000 sequencing: Tonsil Atlas FASTQ files	scRNA Sample 7_p	ftp.sra.ebi.ac.uk/vol1/fastq/ERR130/020/ERR13027120/ERR13027120_1.fastq.gz;ftp.sra.ebi.ac.uk/vol1/fastq/ERR130/020/ERR13027120/ERR13027120_2.fastq.gz	492226562;778864170	7775eb4d245a74182ddba54ff620c500;3f75a18706c83eab661e07b5e2f88700	48033714
ERR13027127	SAMEA115537428	E-MTAB-13687_2:CITEseq Multiplex 4_BCR	CITEseq Multiplex 4_BCR	Illumina NovaSeq 6000 sequencing: Tonsil Atlas FASTQ files	CITEseq Multiplex 4_p	ftp.sra.ebi.ac.uk/vol1/fastq/ERR130/027/ERR13027127/ERR13027127_1.fastq.gz;ftp.sra.ebi.ac.uk/vol1/fastq/ERR130/027/ERR13027127/ERR13027127_2.fastq.gz	2719834235;1179955047	4394177004e278c4e8892c621a36f387;7ee0a178fb4db0bc6ad9c2b85830ab7c	121260602
ERR13027130	SAMEA115537468	E-MTAB-13687_2:scATAC Sample 7	scATAC Sample 7	Illumina NovaSeq 6000 sequencing: Tonsil Atlas FASTQ files	scATAC Sample 7_p				0
ERR13027142	SAMEA115537487	E-MTAB-13687_2:scRNA Sample 17_hashed_cdna	scRNA Sample 17_hashed_cdna	Illumina NovaSeq 6000 sequencing: Tonsil Atlas FASTQ files	scRNA Sample 17_p	ftp.sra.ebi.ac.uk/vol1/fastq/ERR130/042/ERR13027142/ERR13027142_1.fastq.gz;ftp.sra.ebi.ac.uk/vol1/fastq/ERR130/042/ERR13027142/ERR13027142_2.fastq.gz	1162970217;2619310627	59e1ba7704102b4f30f4973f5436307e;19965b9de59426fbf4138b309390551c	112103920
ERR13027145	SAMEA115537499	E-MTAB-13687_2:scRNA Sample 5_hashed_cdna	scRNA Sample 5_hashed_cdna	Illumina NovaSeq 6000 sequencing: Tonsil Atlas FASTQ files	scRNA Sample 5_p	ftp.sra.ebi.ac.uk/vol1/fastq/ERR130/045/ERR13027145/ERR13027145_1.fastq.gz;ftp.sra.ebi.ac.uk/vol1/fastq/ERR130/045/ERR13027145/ERR13027145_2.fastq.gz	5187242682;11437190755	40773468a55c22765e415c0fdd7a657f;ad62cf22048f0deafe4e055fb1881dd4	515320788
ERR13027146	SAMEA115537432	E-MTAB-13687_2:CITEseq Sample 1_BCR	CITEseq Sample 1_BCR	Illumina NovaSeq 6000 sequencing: Tonsil Atlas FASTQ files	CITEseq Sample 1_p	ftp.sra.ebi.ac.uk/vol1/fastq/ERR130/046/ERR13027146/ERR13027146_1.fastq.gz;ftp.sra.ebi.ac.uk/vol1/fastq/ERR130/046/ERR13027146/ERR13027146_2.fastq.gz	6819943375;3075163557	111d0c134a5cd357585c17b7f029f2b4;a7cfff27f7b65321111a4cd024895672	316337556
ERR13027147	SAMEA115537477	E-MTAB-13687_2:scRNA Sample 12_hashed_cdna	scRNA Sample 12_hashed_cdna	Illumina NovaSeq 6000 sequencing: Tonsil Atlas FASTQ files	scRNA Sample 12_p	ftp.sra.ebi.ac.uk/vol1/fastq/ERR130/047/ERR13027147/ERR13027147_1.fastq.gz;ftp.sra.ebi.ac.uk/vol1/fastq/ERR130/047/ERR13027147/ERR13027147_2.fastq.gz	5002166027;2583795503	9eec9aff7bdf0c8075b1b43310afb6dc;4735cbaf56adadaaa7fae6bd09176fe8	257309880
ERR13027150	SAMEA115537502	E-MTAB-13687_2:scRNA Sample 6_hashed_cdna	scRNA Sample 6_hashed_cdna	Illumina NovaSeq 6000 sequencing: Tonsil Atlas FASTQ files	scRNA Sample 6_p	ftp.sra.ebi.ac.uk/vol1/fastq/ERR130/050/ERR13027150/ERR13027150_1.fastq.gz;ftp.sra.ebi.ac.uk/vol1/fastq/ERR130/050/ERR13027150/ERR13027150_2.fastq.gz	6473762924;14400444731	d5841064eb2021f93e6ac322c4617ce6;ae3602860d069aa67134e8759c0c2f5b	650330902
ERR13027153	SAMEA115537484	E-MTAB-13687_2:scRNA Sample 16_hashed_cdna	scRNA Sample 16_hashed_cdna	Illumina NovaSeq 6000 sequencing: Tonsil Atlas FASTQ files	scRNA Sample 16_p	ftp.sra.ebi.ac.uk/vol1/fastq/ERR130/053/ERR13027153/ERR13027153_1.fastq.gz;ftp.sra.ebi.ac.uk/vol1/fastq/ERR130/053/ERR13027153/ERR13027153_2.fastq.gz	2632330499;1134200408	ad063e6de2fa4fe292e4aaac47a8072d;c092fbc1df7c7d7746f8c34acc6b760d	110932470
ERR13027164	SAMEA115537428	E-MTAB-13687_2:CITEseq Multiplex 4_BCR	CITEseq Multiplex 4_BCR	Illumina NovaSeq 6000 sequencing: Tonsil Atlas FASTQ files	CITEseq Multiplex 4_p	ftp.sra.ebi.ac.uk/vol1/fastq/ERR130/064/ERR13027164/ERR13027164_1.fastq.gz;ftp.sra.ebi.ac.uk/vol1/fastq/ERR130/064/ERR13027164/ERR13027164_2.fastq.gz	862858459;1975071137	92a6ead2839dae0cdf2d4073971d88e1;3fa35b920ef39132cf49cf620059736f	88032146
ERR13027166	SAMEA115537458	E-MTAB-13687_2:Multiome Sample 6_ATAC	Multiome Sample 6_ATAC	Illumina NovaSeq 6000 sequencing: Tonsil Atlas FASTQ files	Multiome Sample 6_p	ftp.sra.ebi.ac.uk/vol1/fastq/ERR130/066/ERR13027166/ERR13027166_1.fastq.gz;ftp.sra.ebi.ac.uk/vol1/fastq/ERR130/066/ERR13027166/ERR13027166_2.fastq.gz	4406834019;1955036799	b4208c4575b7d120911fe0a9064974ba;1439c1497314776e5c959ce81183ebf2	193792374
ERR13027169	SAMEA115537444	E-MTAB-13687_2:MCL Sample 1_RNA	MCL Sample 1_RNA	Illumina NovaSeq 6000 sequencing: Tonsil Atlas FASTQ files	MCL Sample 1_p	ftp.sra.ebi.ac.uk/vol1/fastq/ERR130/069/ERR13027169/ERR13027169_1.fastq.gz;ftp.sra.ebi.ac.uk/vol1/fastq/ERR130/069/ERR13027169/ERR13027169_2.fastq.gz	4303830379;1940522100	a3246ae1dc5b218ea785cef7e4407043;7bffd66f345e68fa802c6c2bfa25b982	190275662
ERR13027190	SAMEA115537482	E-MTAB-13687_2:scRNA Sample 15_hashed_cdna	scRNA Sample 15_hashed_cdna	Illumina NovaSeq 6000 sequencing: Tonsil Atlas FASTQ files	scRNA Sample 15_p	ftp.sra.ebi.ac.uk/vol1/fastq/ERR130/090/ERR13027190/ERR13027190_1.fastq.gz;ftp.sra.ebi.ac.uk/vol1/fastq/ERR130/090/ERR13027190/ERR13027190_2.fastq.gz	3950668736;1848450332	a083dd42958f8c069f26ae0aa6117a1a;87209bb514938e9d7c9fac8c1c58cf8a	182760296
ERR13027198	SAMEA115537479	E-MTAB-13687_2:scRNA Sample 13_hashed_cdna	scRNA Sample 13_hashed_cdna	Illumina NovaSeq 6000 sequencing: Tonsil Atlas FASTQ files	scRNA Sample 13_p	ftp.sra.ebi.ac.uk/vol1/fastq/ERR130/098/ERR13027198/ERR13027198_1.fastq.gz;ftp.sra.ebi.ac.uk/vol1/fastq/ERR130/098/ERR13027198/ERR13027198_2.fastq.gz	1835256117;3893366329	6059adafa03247ff0ea821835d9ca849;a16c8ad5984197b4e11fc3e801f9a970	168025462
ERR13027201	SAMEA115537432	E-MTAB-13687_2:CITEseq Sample 1_BCR	CITEseq Sample 1_BCR	Illumina NovaSeq 6000 sequencing: Tonsil Atlas FASTQ files	CITEseq Sample 1_p	ftp.sra.ebi.ac.uk/vol1/fastq/ERR130/001/ERR13027201/ERR13027201_1.fastq.gz;ftp.sra.ebi.ac.uk/vol1/fastq/ERR130/001/ERR13027201/ERR13027201_2.fastq.gz	2306986724;5177638271	00f9a69206d06a1ee8a99470cb09a18e;5461644529b254a2983636e8bb399ce2	236526692
ERR13027204	SAMEA115537446	E-MTAB-13687_2:MCL Sample 2_RNA	MCL Sample 2_RNA	Illumina NovaSeq 6000 sequencing: Tonsil Atlas FASTQ files	MCL Sample 2_p				0
ERR13027206	SAMEA115537440	E-MTAB-13687_2:CITEseq Sample 3_BCR	CITEseq Sample 3_BCR	Illumina NovaSeq 6000 sequencing: Tonsil Atlas FASTQ files	CITEseq Sample 3_p	ftp.sra.ebi.ac.uk/vol1/fastq/ERR130/006/ERR13027206/ERR13027206_1.fastq.gz;ftp.sra.ebi.ac.uk/vol1/fastq/ERR130/006/ERR13027206/ERR13027206_2.fastq.gz	416519767;788941760	5fe5af7086576ed1f8c95fe09776155e;c2a67f9382d00545779a49c53079d5ab	41043772
ERR13027211	SAMEA115537504	E-MTAB-13687_2:scRNA Sample 7_hashed_cdna	scRNA Sample 7_hashed_cdna	Illumina NovaSeq 6000 sequencing: Tonsil Atlas FASTQ files	scRNA Sample 7_p	ftp.sra.ebi.ac.uk/vol1/fastq/ERR130/011/ERR13027211/ERR13027211_1.fastq.gz;ftp.sra.ebi.ac.uk/vol1/fastq/ERR130/011/ERR13027211/ERR13027211_2.fastq.gz	357811096;220453510	6eca13016fc28bec8cb14a116ee99103;de8ada627c767db48234d53f6e128aa6	21346542
ERR13027216	SAMEA115537444	E-MTAB-13687_2:MCL Sample 1_RNA	MCL Sample 1_RNA	Illumina NovaSeq 6000 sequencing: Tonsil Atlas FASTQ files	MCL Sample 1_p				0
ERR13027222	SAMEA115537469	E-MTAB-13687_2:scATAC Sample 8	scATAC Sample 8	Illumina NovaSeq 6000 sequencing: Tonsil Atlas FASTQ files	scATAC Sample 8_p				0
ERR13027223	SAMEA115537481	E-MTAB-13687_2:scRNA Sample 14_not_hashed	scRNA Sample 14_not_hashed	Illumina NovaSeq 6000 sequencing: Tonsil Atlas FASTQ files	scRNA Sample 14_p				0
ERR13027224	SAMEA115537444	E-MTAB-13687_2:MCL Sample 1_RNA	MCL Sample 1_RNA	Illumina NovaSeq 6000 sequencing: Tonsil Atlas FASTQ files	MCL Sample 1_p	ftp.sra.ebi.ac.uk/vol1/fastq/ERR130/024/ERR13027224/ERR13027224_1.fastq.gz;ftp.sra.ebi.ac.uk/vol1/fastq/ERR130/024/ERR13027224/ERR13027224_2.fastq.gz	2920938596;6297961165	c74132421b33e63e28fe2f197efc0322;8351036c0f6f5cb71c0aeabbe2ac5bc0	294562050
ERR13027225	SAMEA115537432	E-MTAB-13687_2:CITEseq Sample 1_BCR	CITEseq Sample 1_BCR	Illumina NovaSeq 6000 sequencing: Tonsil Atlas FASTQ files	CITEseq Sample 1_p	ftp.sra.ebi.ac.uk/vol1/fastq/ERR130/025/ERR13027225/ERR13027225_1.fastq.gz;ftp.sra.ebi.ac.uk/vol1/fastq/ERR130/025/ERR13027225/ERR13027225_2.fastq.gz	3106347190;6902437138	e6537616f9015b515aeea9ef04c9f35f;60764c067430e0b484657d8f6d1aa14c	320099570
ERR13027238	SAMEA115537477	E-MTAB-13687_2:scRNA Sample 12_hashed_cdna	scRNA Sample 12_hashed_cdna	Illumina NovaSeq 6000 sequencing: Tonsil Atlas FASTQ files	scRNA Sample 12_p	ftp.sra.ebi.ac.uk/vol1/fastq/ERR130/038/ERR13027238/ERR13027238_1.fastq.gz;ftp.sra.ebi.ac.uk/vol1/fastq/ERR130/038/ERR13027238/ERR13027238_2.fastq.gz	2606536825;5049279870	eefcfefdcb6e116ec45fd2e789d39f5a;0071cf089c0f8ba173dcaa30e7c11034	259884254
ERR13027244	SAMEA115537460	E-MTAB-13687_2:Multiome Sample 7_ATAC	Multiome Sample 7_ATAC	Illumina NovaSeq 6000 sequencing: Tonsil Atlas FASTQ files	Multiome Sample 7_p				0
ERR13027245	SAMEA115537471	E-MTAB-13687_2:scRNA Sample 1_hashed_cdna	scRNA Sample 1_hashed_cdna	Illumina NovaSeq 6000 sequencing: Tonsil Atlas FASTQ files	scRNA Sample 1_p	ftp.sra.ebi.ac.uk/vol1/fastq/ERR130/045/ERR13027245/ERR13027245_1.fastq.gz;ftp.sra.ebi.ac.uk/vol1/fastq/ERR130/045/ERR13027245/ERR13027245_2.fastq.gz	234432806;469945282	1bf932ba189963ebfc3b807a5877cc75;908d1f6c066e4e0a25eb023e793f49d9	22537664
ERR13027246	SAMEA115537474	E-MTAB-13687_2:scRNA Sample 10_not_hashed	scRNA Sample 10_not_hashed	Illumina NovaSeq 6000 sequencing: Tonsil Atlas FASTQ files	scRNA Sample 10_p				0
ERR13027251	SAMEA115537502	E-MTAB-13687_2:scRNA Sample 6_hashed_cdna	scRNA Sample 6_hashed_cdna	Illumina NovaSeq 6000 sequencing: Tonsil Atlas FASTQ files	scRNA Sample 6_p	ftp.sra.ebi.ac.uk/vol1/fastq/ERR130/051/ERR13027251/ERR13027251_1.fastq.gz;ftp.sra.ebi.ac.uk/vol1/fastq/ERR130/051/ERR13027251/ERR13027251_2.fastq.gz	564676138;1151985487	63f9e6a9d0ced2e68209cf67d3fa7d7c;d5fe7a0a39bbac61f202aa49131f6584	55430396
ERR13027259	SAMEA115537475	E-MTAB-13687_2:scRNA Sample 11_hashed_cdna	scRNA Sample 11_hashed_cdna	Illumina NovaSeq 6000 sequencing: Tonsil Atlas FASTQ files	scRNA Sample 11_p	ftp.sra.ebi.ac.uk/vol1/fastq/ERR130/059/ERR13027259/ERR13027259_1.fastq.gz;ftp.sra.ebi.ac.uk/vol1/fastq/ERR130/059/ERR13027259/ERR13027259_2.fastq.gz	3280573384;7410331419	cb3611d30323c24597789e7e90506c03;6da8ecc820512163c577b23e972272ed	320866270
ERR13027260	SAMEA115537456	E-MTAB-13687_2:Multiome Sample 5_ATAC	Multiome Sample 5_ATAC	Illumina NovaSeq 6000 sequencing: Tonsil Atlas FASTQ files	Multiome Sample 5_p				0
ERR13027269	SAMEA115537428	E-MTAB-13687_2:CITEseq Multiplex 4_BCR	CITEseq Multiplex 4_BCR	Illumina NovaSeq 6000 sequencing: Tonsil Atlas FASTQ files	CITEseq Multiplex 4_p	ftp.sra.ebi.ac.uk/vol1/fastq/ERR130/069/ERR13027269/ERR13027269_1.fastq.gz;ftp.sra.ebi.ac.uk/vol1/fastq/ERR130/069/ERR13027269/ERR13027269_2.fastq.gz	193208323;400830623	02a2f474a8121d617a912e4d11ff60b9;967aa3f8817c43e245a11d489d76dcc7	20106760
ERR13027277	SAMEA115537490	E-MTAB-13687_2:scRNA Sample 2_hashed_cdna	scRNA Sample 2_hashed_cdna	Illumina NovaSeq 6000 sequencing: Tonsil Atlas FASTQ files	scRNA Sample 2_p	ftp.sra.ebi.ac.uk/vol1/fastq/ERR130/077/ERR13027277/ERR13027277_1.fastq.gz;ftp.sra.ebi.ac.uk/vol1/fastq/ERR130/077/ERR13027277/ERR13027277_2.fastq.gz	18036514107;8284013342	d807b25112fa5cc8553e2c7158ba82e5;dea9815efcef2072afc8a78048efa02a	828006678
ERR13027279	SAMEA115537496	E-MTAB-13687_2:scRNA Sample 4_hashed_cdna	scRNA Sample 4_hashed_cdna	Illumina NovaSeq 6000 sequencing: Tonsil Atlas FASTQ files	scRNA Sample 4_p	ftp.sra.ebi.ac.uk/vol1/fastq/ERR130/079/ERR13027279/ERR13027279_1.fastq.gz;ftp.sra.ebi.ac.uk/vol1/fastq/ERR130/079/ERR13027279/ERR13027279_2.fastq.gz	2366268449;4993468124	aff5702be931957acd51c837a86f4977;a59b15b3bf098365ce350f23217f9722	233032322
ERR13027290	SAMEA115537440	E-MTAB-13687_2:CITEseq Sample 3_BCR	CITEseq Sample 3_BCR	Illumina NovaSeq 6000 sequencing: Tonsil Atlas FASTQ files	CITEseq Sample 3_p	ftp.sra.ebi.ac.uk/vol1/fastq/ERR130/090/ERR13027290/ERR13027290_1.fastq.gz;ftp.sra.ebi.ac.uk/vol1/fastq/ERR130/090/ERR13027290/ERR13027290_2.fastq.gz	619862701;326981034	3e430a1053fba71cc87a1b5130c87d82;1b0f91b120221d27d7d0294c3ae8a2cf	32067990
ERR13027291	SAMEA115537458	E-MTAB-13687_2:Multiome Sample 6_ATAC	Multiome Sample 6_ATAC	Illumina NovaSeq 6000 sequencing: Tonsil Atlas FASTQ files	Multiome Sample 6_p				0
ERR13027303	SAMEA115537487	E-MTAB-13687_2:scRNA Sample 17_hashed_cdna	scRNA Sample 17_hashed_cdna	Illumina NovaSeq 6000 sequencing: Tonsil Atlas FASTQ files	scRNA Sample 17_p	ftp.sra.ebi.ac.uk/vol1/fastq/ERR130/003/ERR13027303/ERR13027303_1.fastq.gz;ftp.sra.ebi.ac.uk/vol1/fastq/ERR130/003/ERR13027303/ERR13027303_2.fastq.gz	654245755;1493795909	cde84ad117b658292e96f30d107aa818;48a9b782457c9cd264e4e47013b818a9	62845082
ERR13027304	SAMEA115537440	E-MTAB-13687_2:CITEseq Sample 3_BCR	CITEseq Sample 3_BCR	Illumina NovaSeq 6000 sequencing: Tonsil Atlas FASTQ files	CITEseq Sample 3_p	ftp.sra.ebi.ac.uk/vol1/fastq/ERR130/004/ERR13027304/ERR13027304_1.fastq.gz;ftp.sra.ebi.ac.uk/vol1/fastq/ERR130/004/ERR13027304/ERR13027304_2.fastq.gz	424078159;804659860	1eb493cecbc755d88147a1c20152638f;2905fe0c5fa7a6ad0a9a0cf5ad7ee896	41651454
ERR13027307	SAMEA115537458	E-MTAB-13687_2:Multiome Sample 6_ATAC	Multiome Sample 6_ATAC	Illumina NovaSeq 6000 sequencing: Tonsil Atlas FASTQ files	Multiome Sample 6_p				0
ERR13027310	SAMEA115537432	E-MTAB-13687_2:CITEseq Sample 1_BCR	CITEseq Sample 1_BCR	Illumina NovaSeq 6000 sequencing: Tonsil Atlas FASTQ files	CITEseq Sample 1_p	ftp.sra.ebi.ac.uk/vol1/fastq/ERR130/010/ERR13027310/ERR13027310_1.fastq.gz;ftp.sra.ebi.ac.uk/vol1/fastq/ERR130/010/ERR13027310/ERR13027310_2.fastq.gz	2361954177;5293557768	2be194cad6f09012eb11201688e9fbc7;b2c14b0c7ee6a542a4d7272371356b18	242348370
ERR13027316	SAMEA115537487	E-MTAB-13687_2:scRNA Sample 17_hashed_cdna	scRNA Sample 17_hashed_cdna	Illumina NovaSeq 6000 sequencing: Tonsil Atlas FASTQ files	scRNA Sample 17_p	ftp.sra.ebi.ac.uk/vol1/fastq/ERR130/016/ERR13027316/ERR13027316_1.fastq.gz;ftp.sra.ebi.ac.uk/vol1/fastq/ERR130/016/ERR13027316/ERR13027316_2.fastq.gz	1653445576;3754573729	a9197789b258b99f99fc26e1c0dd9216;04bfb1101859a5841b1177e3398d3266	161646674
ERR13027323	SAMEA115537487	E-MTAB-13687_2:scRNA Sample 17_hashed_cdna	scRNA Sample 17_hashed_cdna	Illumina NovaSeq 6000 sequencing: Tonsil Atlas FASTQ files	scRNA Sample 17_p	ftp.sra.ebi.ac.uk/vol1/fastq/ERR130/023/ERR13027323/ERR13027323_1.fastq.gz;ftp.sra.ebi.ac.uk/vol1/fastq/ERR130/023/ERR13027323/ERR13027323_2.fastq.gz	300839809;594621063	2ceee959b6833882dba6b589cec3d52b;f37641fbbacf62f693848506b158160b	29677650
ERR13027326	SAMEA115537428	E-MTAB-13687_2:CITEseq Multiplex 4_BCR	CITEseq Multiplex 4_BCR	Illumina NovaSeq 6000 sequencing: Tonsil Atlas FASTQ files	CITEseq Multiplex 4_p	ftp.sra.ebi.ac.uk/vol1/fastq/ERR130/026/ERR13027326/ERR13027326_1.fastq.gz;ftp.sra.ebi.ac.uk/vol1/fastq/ERR130/026/ERR13027326/ERR13027326_2.fastq.gz	441476499;216323933	a05ec7e72c628bf5ad9869ce2f37c3b7;ae30c73c15b42b5acb37d08439a8864f	22588986
ERR13027327	SAMEA115537452	E-MTAB-13687_2:Multiome Sample 3_ATAC	Multiome Sample 3_ATAC	Illumina NovaSeq 6000 sequencing: Tonsil Atlas FASTQ files	Multiome Sample 3_p	ftp.sra.ebi.ac.uk/vol1/fastq/ERR130/027/ERR13027327/ERR13027327_1.fastq.gz;ftp.sra.ebi.ac.uk/vol1/fastq/ERR130/027/ERR13027327/ERR13027327_2.fastq.gz	1571617604;3473861822	589d79310e451d60929f11707967d9b0;5fb71817c0c4424b8d66606d5bfcaced	154534054
ERR13027335	SAMEA115537515	E-MTAB-13687_2:Visium Sample 7	Visium Sample 7	Illumina NovaSeq 6000 sequencing: Tonsil Atlas FASTQ files	Visium Sample 7_p	ftp.sra.ebi.ac.uk/vol1/fastq/ERR130/035/ERR13027335/ERR13027335_1.fastq.gz;ftp.sra.ebi.ac.uk/vol1/fastq/ERR130/035/ERR13027335/ERR13027335_2.fastq.gz	814496009;1652616153	cf011de61e119d9a15bb1ac657d27fc3;e9ae437a21d661881f0d4bb313e5167c	82960832
ERR13027346	SAMEA115537479	E-MTAB-13687_2:scRNA Sample 13_hashed_cdna	scRNA Sample 13_hashed_cdna	Illumina NovaSeq 6000 sequencing: Tonsil Atlas FASTQ files	scRNA Sample 13_p	ftp.sra.ebi.ac.uk/vol1/fastq/ERR130/046/ERR13027346/ERR13027346_1.fastq.gz;ftp.sra.ebi.ac.uk/vol1/fastq/ERR130/046/ERR13027346/ERR13027346_2.fastq.gz	1687848813;3549704943	ba2169e500e177dcdea6c92eb8482d69;276bdce1328d74eeff872a0df035a30f	154279568
ERR13027347	SAMEA115537499	E-MTAB-13687_2:scRNA Sample 5_hashed_cdna	scRNA Sample 5_hashed_cdna	Illumina NovaSeq 6000 sequencing: Tonsil Atlas FASTQ files	scRNA Sample 5_p	ftp.sra.ebi.ac.uk/vol1/fastq/ERR130/047/ERR13027347/ERR13027347_1.fastq.gz;ftp.sra.ebi.ac.uk/vol1/fastq/ERR130/047/ERR13027347/ERR13027347_2.fastq.gz	12293801762;5530351097	9af63851b6acbf1d74ee13d308b08c55;fd26e31ed2b57981874ef092bdc5489a	549213342
ERR13027351	SAMEA115537471	E-MTAB-13687_2:scRNA Sample 1_hashed_cdna	scRNA Sample 1_hashed_cdna	Illumina NovaSeq 6000 sequencing: Tonsil Atlas FASTQ files	scRNA Sample 1_p	ftp.sra.ebi.ac.uk/vol1/fastq/ERR130/051/ERR13027351/ERR13027351_1.fastq.gz;ftp.sra.ebi.ac.uk/vol1/fastq/ERR130/051/ERR13027351/ERR13027351_2.fastq.gz	3292836822;1579668787	f23109dde4b6007c4d706c286ce23896;aaa70c60dd2e5d1131c9b4595d8d4c9f	154226744
ERR13027359	SAMEA115537440	E-MTAB-13687_2:CITEseq Sample 3_BCR	CITEseq Sample 3_BCR	Illumina NovaSeq 6000 sequencing: Tonsil Atlas FASTQ files	CITEseq Sample 3_p	ftp.sra.ebi.ac.uk/vol1/fastq/ERR130/059/ERR13027359/ERR13027359_1.fastq.gz;ftp.sra.ebi.ac.uk/vol1/fastq/ERR130/059/ERR13027359/ERR13027359_2.fastq.gz	284813734;599895337	37691fccd3cec982c0ef6448cb01ab42;d256d627dde9818a2d246f248bdd441f	28623886
ERR13027360	SAMEA115537440	E-MTAB-13687_2:CITEseq Sample 3_BCR	CITEseq Sample 3_BCR	Illumina NovaSeq 6000 sequencing: Tonsil Atlas FASTQ files	CITEseq Sample 3_p	ftp.sra.ebi.ac.uk/vol1/fastq/ERR130/060/ERR13027360/ERR13027360_1.fastq.gz;ftp.sra.ebi.ac.uk/vol1/fastq/ERR130/060/ERR13027360/ERR13027360_2.fastq.gz	553096664;258847862	d4ad73d54a6a82b368fbdc8ad784a168;24bcbac222c3038bef40937567ad1434	25607858
ERR13027363	SAMEA115537482	E-MTAB-13687_2:scRNA Sample 15_hashed_cdna	scRNA Sample 15_hashed_cdna	Illumina NovaSeq 6000 sequencing: Tonsil Atlas FASTQ files	scRNA Sample 15_p	ftp.sra.ebi.ac.uk/vol1/fastq/ERR130/063/ERR13027363/ERR13027363_1.fastq.gz;ftp.sra.ebi.ac.uk/vol1/fastq/ERR130/063/ERR13027363/ERR13027363_2.fastq.gz	1727826813;3393253374	2ecd51facaf41e1b107f9adc422408d9;3107990a062a41d21099733340d5e54f	179249082
ERR13027366	SAMEA115537446	E-MTAB-13687_2:MCL Sample 2_RNA	MCL Sample 2_RNA	Illumina NovaSeq 6000 sequencing: Tonsil Atlas FASTQ files	MCL Sample 2_p	ftp.sra.ebi.ac.uk/vol1/fastq/ERR130/066/ERR13027366/ERR13027366_1.fastq.gz;ftp.sra.ebi.ac.uk/vol1/fastq/ERR130/066/ERR13027366/ERR13027366_2.fastq.gz	6553573847;2938043821	cdd28f1b1dd25a8f769d2e7122568cac;080c9678f02f41c55a74fe49747843a0	293912716
ERR13027367	SAMEA115537444	E-MTAB-13687_2:MCL Sample 1_RNA	MCL Sample 1_RNA	Illumina NovaSeq 6000 sequencing: Tonsil Atlas FASTQ files	MCL Sample 1_p	ftp.sra.ebi.ac.uk/vol1/fastq/ERR130/067/ERR13027367/ERR13027367_1.fastq.gz;ftp.sra.ebi.ac.uk/vol1/fastq/ERR130/067/ERR13027367/ERR13027367_2.fastq.gz	4359265085;2006502649	ca29dd232b8b5552de0e149e2b9dea92;8f07e6419c20cc98b9968ff363d90a1b	198154582
ERR13027368	SAMEA115537490	E-MTAB-13687_2:scRNA Sample 2_hashed_cdna	scRNA Sample 2_hashed_cdna	Illumina NovaSeq 6000 sequencing: Tonsil Atlas FASTQ files	scRNA Sample 2_p	ftp.sra.ebi.ac.uk/vol1/fastq/ERR130/068/ERR13027368/ERR13027368_1.fastq.gz;ftp.sra.ebi.ac.uk/vol1/fastq/ERR130/068/ERR13027368/ERR13027368_2.fastq.gz	8113119161;17682307916	504f59c30fd523d4ab7f9c8eaa2eccd7;1a052cd7601446277bcbc15f930f8651	811568486
ERR13027371	SAMEA115537471	E-MTAB-13687_2:scRNA Sample 1_hashed_cdna	scRNA Sample 1_hashed_cdna	Illumina NovaSeq 6000 sequencing: Tonsil Atlas FASTQ files	scRNA Sample 1_p	ftp.sra.ebi.ac.uk/vol1/fastq/ERR130/071/ERR13027371/ERR13027371_1.fastq.gz;ftp.sra.ebi.ac.uk/vol1/fastq/ERR130/071/ERR13027371/ERR13027371_2.fastq.gz	2599856802;1236243138	8bb3cf357e370a004c89c605fc9005e4;22d803bf67ac65134fb673cc5e2a251c	120675866
ERR13027374	SAMEA115537452	E-MTAB-13687_2:Multiome Sample 3_ATAC	Multiome Sample 3_ATAC	Illumina NovaSeq 6000 sequencing: Tonsil Atlas FASTQ files	Multiome Sample 3_p	ftp.sra.ebi.ac.uk/vol1/fastq/ERR130/074/ERR13027374/ERR13027374_1.fastq.gz;ftp.sra.ebi.ac.uk/vol1/fastq/ERR130/074/ERR13027374/ERR13027374_2.fastq.gz	3493975920;1580052768	00665ce846b0a47889c81704d31e0172;dbff1c712a5ecf04a1ac5fe5c0b20496	155308166
ERR13027375	SAMEA115537462	E-MTAB-13687_2:scATAC Sample 1	scATAC Sample 1	Illumina NovaSeq 6000 sequencing: Tonsil Atlas FASTQ files	scATAC Sample 1_p				0
ERR13027377	SAMEA115537470	E-MTAB-13687_2:scATAC Sample 9	scATAC Sample 9	Illumina NovaSeq 6000 sequencing: Tonsil Atlas FASTQ files	scATAC Sample 9_p				0
ERR13027391	SAMEA115537499	E-MTAB-13687_2:scRNA Sample 5_hashed_cdna	scRNA Sample 5_hashed_cdna	Illumina NovaSeq 6000 sequencing: Tonsil Atlas FASTQ files	scRNA Sample 5_p	ftp.sra.ebi.ac.uk/vol1/fastq/ERR130/091/ERR13027391/ERR13027391_1.fastq.gz;ftp.sra.ebi.ac.uk/vol1/fastq/ERR130/091/ERR13027391/ERR13027391_2.fastq.gz	1296894741;634938612	e75243c2c13bac3b0a5c0358897a4fb8;c8c3ee0b2ac37db7338f882ab59ffc17	62373790
ERR13027394	SAMEA115537502	E-MTAB-13687_2:scRNA Sample 6_hashed_cdna	scRNA Sample 6_hashed_cdna	Illumina NovaSeq 6000 sequencing: Tonsil Atlas FASTQ files	scRNA Sample 6_p	ftp.sra.ebi.ac.uk/vol1/fastq/ERR130/094/ERR13027394/ERR13027394_1.fastq.gz;ftp.sra.ebi.ac.uk/vol1/fastq/ERR130/094/ERR13027394/ERR13027394_2.fastq.gz	1157332480;568150858	ee9c8af7a299e5464973fc291b1e5d36;ff7064099cb86d9bf264d59872a045b4	55712978
ERR13027404	SAMEA115537465	E-MTAB-13687_2:scATAC Sample 4	scATAC Sample 4	Illumina NovaSeq 6000 sequencing: Tonsil Atlas FASTQ files	scATAC Sample 4_p				0
ERR13027405	SAMEA115537454	E-MTAB-13687_2:Multiome Sample 4_ATAC	Multiome Sample 4_ATAC	Illumina NovaSeq 6000 sequencing: Tonsil Atlas FASTQ files	Multiome Sample 4_p	ftp.sra.ebi.ac.uk/vol1/fastq/ERR130/005/ERR13027405/ERR13027405_1.fastq.gz;ftp.sra.ebi.ac.uk/vol1/fastq/ERR130/005/ERR13027405/ERR13027405_2.fastq.gz	2223874799;4854354383	023936b54a71511558f97b730c05e87e;299b2d9615d17f8d9ce62e1753625509	206080232
ERR13027406	SAMEA115537446	E-MTAB-13687_2:MCL Sample 2_RNA	MCL Sample 2_RNA	Illumina NovaSeq 6000 sequencing: Tonsil Atlas FASTQ files	MCL Sample 2_p	ftp.sra.ebi.ac.uk/vol1/fastq/ERR130/006/ERR13027406/ERR13027406_1.fastq.gz;ftp.sra.ebi.ac.uk/vol1/fastq/ERR130/006/ERR13027406/ERR13027406_2.fastq.gz	2117858234;4683385932	91c13b950acdb7e47a64dfab1c6d0de6;12e073b12d72c2994b3dd9a50a0bad81	210289544
ERR13027413	SAMEA115537471	E-MTAB-13687_2:scRNA Sample 1_hashed_cdna	scRNA Sample 1_hashed_cdna	Illumina NovaSeq 6000 sequencing: Tonsil Atlas FASTQ files	scRNA Sample 1_p	ftp.sra.ebi.ac.uk/vol1/fastq/ERR130/013/ERR13027413/ERR13027413_1.fastq.gz;ftp.sra.ebi.ac.uk/vol1/fastq/ERR130/013/ERR13027413/ERR13027413_2.fastq.gz	2494274887;1173095565	c0d9c53fba141b3ba0d11caefc61534a;218ac2a68ee54ad750795bc7845d4dc2	114683836
ERR13027426	SAMEA115537474	E-MTAB-13687_2:scRNA Sample 10_not_hashed	scRNA Sample 10_not_hashed	Illumina NovaSeq 6000 sequencing: Tonsil Atlas FASTQ files	scRNA Sample 10_p				0
ERR13027435	SAMEA115537475	E-MTAB-13687_2:scRNA Sample 11_hashed_cdna	scRNA Sample 11_hashed_cdna	Illumina NovaSeq 6000 sequencing: Tonsil Atlas FASTQ files	scRNA Sample 11_p	ftp.sra.ebi.ac.uk/vol1/fastq/ERR130/035/ERR13027435/ERR13027435_1.fastq.gz;ftp.sra.ebi.ac.uk/vol1/fastq/ERR130/035/ERR13027435/ERR13027435_2.fastq.gz	2167580409;1078820380	20b240d1282cf482106c2b7ddb0effa5;74156e5740fa36e4c7563d58a0416ebc	109113646
ERR13027446	SAMEA115537493	E-MTAB-13687_2:scRNA Sample 3_hashed_cdna	scRNA Sample 3_hashed_cdna	Illumina NovaSeq 6000 sequencing: Tonsil Atlas FASTQ files	scRNA Sample 3_p	ftp.sra.ebi.ac.uk/vol1/fastq/ERR130/046/ERR13027446/ERR13027446_1.fastq.gz;ftp.sra.ebi.ac.uk/vol1/fastq/ERR130/046/ERR13027446/ERR13027446_2.fastq.gz	1973262019;4584828238	cf61199535ec15944b44cd11b8a40f0f;b173a0df3d077bdc76623865cf8bebdc	192771354
ERR13027453	SAMEA115537475	E-MTAB-13687_2:scRNA Sample 11_hashed_cdna	scRNA Sample 11_hashed_cdna	Illumina NovaSeq 6000 sequencing: Tonsil Atlas FASTQ files	scRNA Sample 11_p	ftp.sra.ebi.ac.uk/vol1/fastq/ERR130/053/ERR13027453/ERR13027453_1.fastq.gz;ftp.sra.ebi.ac.uk/vol1/fastq/ERR130/053/ERR13027453/ERR13027453_2.fastq.gz	3914953678;8610298043	f6d5bbed008fb4c81c9fe9562bab9bf5;9b08275cfdcf0efe16538e34b90c3b81	387512532
ERR13027456	SAMEA115537432	E-MTAB-13687_2:CITEseq Sample 1_BCR	CITEseq Sample 1_BCR	Illumina NovaSeq 6000 sequencing: Tonsil Atlas FASTQ files	CITEseq Sample 1_p	ftp.sra.ebi.ac.uk/vol1/fastq/ERR130/056/ERR13027456/ERR13027456_1.fastq.gz;ftp.sra.ebi.ac.uk/vol1/fastq/ERR130/056/ERR13027456/ERR13027456_2.fastq.gz	5116892401;2285551989	15bed51f7948939a497cf4639017c4f4;6439842f6a1e91f9c3172290b5ce90ed	233971504
ERR13027459	SAMEA115537446	E-MTAB-13687_2:MCL Sample 2_RNA	MCL Sample 2_RNA	Illumina NovaSeq 6000 sequencing: Tonsil Atlas FASTQ files	MCL Sample 2_p				0
ERR13027460	SAMEA115537448	E-MTAB-13687_2:Multiome Sample 1_ATAC	Multiome Sample 1_ATAC	Illumina NovaSeq 6000 sequencing: Tonsil Atlas FASTQ files	Multiome Sample 1_p	ftp.sra.ebi.ac.uk/vol1/fastq/ERR130/060/ERR13027460/ERR13027460_1.fastq.gz;ftp.sra.ebi.ac.uk/vol1/fastq/ERR130/060/ERR13027460/ERR13027460_2.fastq.gz	3304352205;1457004762	353b36a8f382bbf80af78dd1b8be51ba;b8a9d78bfa0911c9ba55d59b5013bb65	144467676
ERR13027461	SAMEA115537499	E-MTAB-13687_2:scRNA Sample 5_hashed_cdna	scRNA Sample 5_hashed_cdna	Illumina NovaSeq 6000 sequencing: Tonsil Atlas FASTQ files	scRNA Sample 5_p	ftp.sra.ebi.ac.uk/vol1/fastq/ERR130/061/ERR13027461/ERR13027461_1.fastq.gz;ftp.sra.ebi.ac.uk/vol1/fastq/ERR130/061/ERR13027461/ERR13027461_2.fastq.gz	12407441681;5582444870	663c334ff1fae60be32ab75f5d650be8;a068264cd13147d5a0dd28595ed5ab65	554480406
ERR13027465	SAMEA115537428	E-MTAB-13687_2:CITEseq Multiplex 4_BCR	CITEseq Multiplex 4_BCR	Illumina NovaSeq 6000 sequencing: Tonsil Atlas FASTQ files	CITEseq Multiplex 4_p	ftp.sra.ebi.ac.uk/vol1/fastq/ERR130/065/ERR13027465/ERR13027465_1.fastq.gz;ftp.sra.ebi.ac.uk/vol1/fastq/ERR130/065/ERR13027465/ERR13027465_2.fastq.gz	388724660;890151317	37bd26525139345094dd4af31128c457;0356d53c28e678aa18f13de434970eed	39472832
ERR13027472	SAMEA115537469	E-MTAB-13687_2:scATAC Sample 8	scATAC Sample 8	Illumina NovaSeq 6000 sequencing: Tonsil Atlas FASTQ files	scATAC Sample 8_p				0
ERR13027473	SAMEA115537452	E-MTAB-13687_2:Multiome Sample 3_ATAC	Multiome Sample 3_ATAC	Illumina NovaSeq 6000 sequencing: Tonsil Atlas FASTQ files	Multiome Sample 3_p				0
ERR13027477	SAMEA115537440	E-MTAB-13687_2:CITEseq Sample 3_BCR	CITEseq Sample 3_BCR	Illumina NovaSeq 6000 sequencing: Tonsil Atlas FASTQ files	CITEseq Sample 3_p	ftp.sra.ebi.ac.uk/vol1/fastq/ERR130/077/ERR13027477/ERR13027477_1.fastq.gz;ftp.sra.ebi.ac.uk/vol1/fastq/ERR130/077/ERR13027477/ERR13027477_2.fastq.gz	495713190;1146269835	0b79f61e69cc6af54b6858937361efeb;a351eed21f3394eb7f614ecd819a9cca	48227946
ERR13027478	SAMEA115537479	E-MTAB-13687_2:scRNA Sample 13_hashed_cdna	scRNA Sample 13_hashed_cdna	Illumina NovaSeq 6000 sequencing: Tonsil Atlas FASTQ files	scRNA Sample 13_p	ftp.sra.ebi.ac.uk/vol1/fastq/ERR130/078/ERR13027478/ERR13027478_1.fastq.gz;ftp.sra.ebi.ac.uk/vol1/fastq/ERR130/078/ERR13027478/ERR13027478_2.fastq.gz	16085151964;7290667601	54d328014fa07113b6a2ce4eaa199245;d16f98f4b847e1d08095815d815f0926	698139446
ERR13027481	SAMEA115537510	E-MTAB-13687_2:Visium Sample 2	Visium Sample 2	Illumina NovaSeq 6000 sequencing: Tonsil Atlas FASTQ files	Visium Sample 2_p	ftp.sra.ebi.ac.uk/vol1/fastq/ERR130/081/ERR13027481/ERR13027481_1.fastq.gz;ftp.sra.ebi.ac.uk/vol1/fastq/ERR130/081/ERR13027481/ERR13027481_2.fastq.gz	4095012391;2074964920	5657137f2d0dcf7e67e7865b8529223b;64690c2c93aff5d0c2288d0ba39a6fbd	213454524
ERR13027012	SAMEA115537516	E-MTAB-13687_2:Visium Sample 8	Visium Sample 8	Illumina NovaSeq 6000 sequencing: Tonsil Atlas FASTQ files	Visium Sample 8_p	ftp.sra.ebi.ac.uk/vol1/fastq/ERR130/012/ERR13027012/ERR13027012_1.fastq.gz;ftp.sra.ebi.ac.uk/vol1/fastq/ERR130/012/ERR13027012/ERR13027012_2.fastq.gz	1510657302;2969804802	1e8f0058eb3dc4c0a2aeefb616751040;734f9520d075073389b94b16cf6f9863	154680236
ERR13027026	SAMEA115537446	E-MTAB-13687_2:MCL Sample 2_RNA	MCL Sample 2_RNA	Illumina NovaSeq 6000 sequencing: Tonsil Atlas FASTQ files	MCL Sample 2_p	ftp.sra.ebi.ac.uk/vol1/fastq/ERR130/026/ERR13027026/ERR13027026_1.fastq.gz;ftp.sra.ebi.ac.uk/vol1/fastq/ERR130/026/ERR13027026/ERR13027026_2.fastq.gz	2857660367;6238087712	03664ec2b49d9c4e1d1601427f17c66f;18e2d44a6c10810a57d6f6fbb01e15e1	285065842
ERR13027029	SAMEA115537440	E-MTAB-13687_2:CITEseq Sample 3_BCR	CITEseq Sample 3_BCR	Illumina NovaSeq 6000 sequencing: Tonsil Atlas FASTQ files	CITEseq Sample 3_p	ftp.sra.ebi.ac.uk/vol1/fastq/ERR130/029/ERR13027029/ERR13027029_1.fastq.gz;ftp.sra.ebi.ac.uk/vol1/fastq/ERR130/029/ERR13027029/ERR13027029_2.fastq.gz	661007401;317463035	062b24dd2813a6530b6f2456269c5f59;9efc86bb3aa70412d917f42ee692e859	32105542
ERR13027040	SAMEA115537479	E-MTAB-13687_2:scRNA Sample 13_hashed_cdna	scRNA Sample 13_hashed_cdna	Illumina NovaSeq 6000 sequencing: Tonsil Atlas FASTQ files	scRNA Sample 13_p	ftp.sra.ebi.ac.uk/vol1/fastq/ERR130/040/ERR13027040/ERR13027040_1.fastq.gz;ftp.sra.ebi.ac.uk/vol1/fastq/ERR130/040/ERR13027040/ERR13027040_2.fastq.gz	3527480971;1680412050	8e23efe2584960a0b9b16c752ebacc82;65422253e1de75f4d9c75da12e23e652	152927042
ERR13027045	SAMEA115537509	E-MTAB-13687_2:Visium Sample 1	Visium Sample 1	Illumina NovaSeq 6000 sequencing: Tonsil Atlas FASTQ files	Visium Sample 1_p	ftp.sra.ebi.ac.uk/vol1/fastq/ERR130/045/ERR13027045/ERR13027045_1.fastq.gz;ftp.sra.ebi.ac.uk/vol1/fastq/ERR130/045/ERR13027045/ERR13027045_2.fastq.gz	1343301375;2697475311	2aa5b572916d85ef281f21d54cd3dd56;efa29f78186f80ca5f12d1c38f28847b	135792048
ERR13027054	SAMEA115537428	E-MTAB-13687_2:CITEseq Multiplex 4_BCR	CITEseq Multiplex 4_BCR	Illumina NovaSeq 6000 sequencing: Tonsil Atlas FASTQ files	CITEseq Multiplex 4_p	ftp.sra.ebi.ac.uk/vol1/fastq/ERR130/054/ERR13027054/ERR13027054_1.fastq.gz;ftp.sra.ebi.ac.uk/vol1/fastq/ERR130/054/ERR13027054/ERR13027054_2.fastq.gz	188929590;393449127	5f43fe028aa2818d360a1d28fb867ebd;8d617dfd9f4e1f7b8d7d2664448e0ee4	19665406
ERR13027059	SAMEA115537496	E-MTAB-13687_2:scRNA Sample 4_hashed_cdna	scRNA Sample 4_hashed_cdna	Illumina NovaSeq 6000 sequencing: Tonsil Atlas FASTQ files	scRNA Sample 4_p	ftp.sra.ebi.ac.uk/vol1/fastq/ERR130/059/ERR13027059/ERR13027059_1.fastq.gz;ftp.sra.ebi.ac.uk/vol1/fastq/ERR130/059/ERR13027059/ERR13027059_2.fastq.gz	638438056;314880824	f1a3368a96a8a5f9e090c20ac772fa13;58a466dc072597839ead49234e38d425	30991542
ERR13027061	SAMEA115537482	E-MTAB-13687_2:scRNA Sample 15_hashed_cdna	scRNA Sample 15_hashed_cdna	Illumina NovaSeq 6000 sequencing: Tonsil Atlas FASTQ files	scRNA Sample 15_p	ftp.sra.ebi.ac.uk/vol1/fastq/ERR130/061/ERR13027061/ERR13027061_1.fastq.gz;ftp.sra.ebi.ac.uk/vol1/fastq/ERR130/061/ERR13027061/ERR13027061_2.fastq.gz	9964104739;4375320432	2e204dfc7077ebf97949de6085215cfe;68ee95b1c503b4231c69d05bbf558a2c	432771058
ERR13027064	SAMEA115537499	E-MTAB-13687_2:scRNA Sample 5_hashed_cdna	scRNA Sample 5_hashed_cdna	Illumina NovaSeq 6000 sequencing: Tonsil Atlas FASTQ files	scRNA Sample 5_p	ftp.sra.ebi.ac.uk/vol1/fastq/ERR130/064/ERR13027064/ERR13027064_1.fastq.gz;ftp.sra.ebi.ac.uk/vol1/fastq/ERR130/064/ERR13027064/ERR13027064_2.fastq.gz	1848118256;4006055348	eef0e773558b9b89d2f7891aba785799;135b78a6907388a02442a065a9dc7ff2	180195340
ERR13027070	SAMEA115537493	E-MTAB-13687_2:scRNA Sample 3_hashed_cdna	scRNA Sample 3_hashed_cdna	Illumina NovaSeq 6000 sequencing: Tonsil Atlas FASTQ files	scRNA Sample 3_p	ftp.sra.ebi.ac.uk/vol1/fastq/ERR130/070/ERR13027070/ERR13027070_1.fastq.gz;ftp.sra.ebi.ac.uk/vol1/fastq/ERR130/070/ERR13027070/ERR13027070_2.fastq.gz	1843714569;3592370169	21cf22dc63a1ab3d563b4eeacd170718;34565870fde82bd9f2fd6982a4f4984e	184474174
ERR13027074	SAMEA115537446	E-MTAB-13687_2:MCL Sample 2_RNA	MCL Sample 2_RNA	Illumina NovaSeq 6000 sequencing: Tonsil Atlas FASTQ files	MCL Sample 2_p				0
ERR13027076	SAMEA115537432	E-MTAB-13687_2:CITEseq Sample 1_BCR	CITEseq Sample 1_BCR	Illumina NovaSeq 6000 sequencing: Tonsil Atlas FASTQ files	CITEseq Sample 1_p	ftp.sra.ebi.ac.uk/vol1/fastq/ERR130/076/ERR13027076/ERR13027076_1.fastq.gz;ftp.sra.ebi.ac.uk/vol1/fastq/ERR130/076/ERR13027076/ERR13027076_2.fastq.gz	5810051602;2567569426	8a04f8ea5acdeb1da539eb7beb3404a7;a225779a62bb380725b106ebd56ad533	263469850
ERR13027080	SAMEA115537440	E-MTAB-13687_2:CITEseq Sample 3_BCR	CITEseq Sample 3_BCR	Illumina NovaSeq 6000 sequencing: Tonsil Atlas FASTQ files	CITEseq Sample 3_p	ftp.sra.ebi.ac.uk/vol1/fastq/ERR130/080/ERR13027080/ERR13027080_1.fastq.gz;ftp.sra.ebi.ac.uk/vol1/fastq/ERR130/080/ERR13027080/ERR13027080_2.fastq.gz	1563877282;692163635	4290f3d330d12ddf64d90db403acc786;55cd147793fe7e2be3a95e1fcbcd0b3c	67577356
ERR13027082	SAMEA115537479	E-MTAB-13687_2:scRNA Sample 13_hashed_cdna	scRNA Sample 13_hashed_cdna	Illumina NovaSeq 6000 sequencing: Tonsil Atlas FASTQ files	scRNA Sample 13_p	ftp.sra.ebi.ac.uk/vol1/fastq/ERR130/082/ERR13027082/ERR13027082_1.fastq.gz;ftp.sra.ebi.ac.uk/vol1/fastq/ERR130/082/ERR13027082/ERR13027082_2.fastq.gz	7049295339;15531940565	513fa91924b9b49b12ba7f475f3d29ac;584c41ff564bf18a7509368d83ce01b8	669617944
ERR13027083	SAMEA115537484	E-MTAB-13687_2:scRNA Sample 16_hashed_cdna	scRNA Sample 16_hashed_cdna	Illumina NovaSeq 6000 sequencing: Tonsil Atlas FASTQ files	scRNA Sample 16_p	ftp.sra.ebi.ac.uk/vol1/fastq/ERR130/083/ERR13027083/ERR13027083_1.fastq.gz;ftp.sra.ebi.ac.uk/vol1/fastq/ERR130/083/ERR13027083/ERR13027083_2.fastq.gz	1125970496;2616998903	f8ecece2d0c1c98e848f2ca5f713b8ed;af11c1939f8b4042ff6fd1d85a701049	110396304
ERR13027088	SAMEA115537436	E-MTAB-13687_2:CITEseq Sample 2_BCR	CITEseq Sample 2_BCR	Illumina NovaSeq 6000 sequencing: Tonsil Atlas FASTQ files	CITEseq Sample 2_p	ftp.sra.ebi.ac.uk/vol1/fastq/ERR130/088/ERR13027088/ERR13027088_1.fastq.gz;ftp.sra.ebi.ac.uk/vol1/fastq/ERR130/088/ERR13027088/ERR13027088_2.fastq.gz	1275058340;550899035	fdbbd53b7ea34feacb4eef647f9f8541;b03944666b3fc39a6c543e1d0681b4a5	54530262
ERR13027090	SAMEA115537432	E-MTAB-13687_2:CITEseq Sample 1_BCR	CITEseq Sample 1_BCR	Illumina NovaSeq 6000 sequencing: Tonsil Atlas FASTQ files	CITEseq Sample 1_p	ftp.sra.ebi.ac.uk/vol1/fastq/ERR130/090/ERR13027090/ERR13027090_1.fastq.gz;ftp.sra.ebi.ac.uk/vol1/fastq/ERR130/090/ERR13027090/ERR13027090_2.fastq.gz	860420072;459333217	e4865fea445494507fb88210979e95e4;3f927d3ab8290b9403f1d017f8eac842	46717472
ERR13027094	SAMEA115537440	E-MTAB-13687_2:CITEseq Sample 3_BCR	CITEseq Sample 3_BCR	Illumina NovaSeq 6000 sequencing: Tonsil Atlas FASTQ files	CITEseq Sample 3_p	ftp.sra.ebi.ac.uk/vol1/fastq/ERR130/094/ERR13027094/ERR13027094_1.fastq.gz;ftp.sra.ebi.ac.uk/vol1/fastq/ERR130/094/ERR13027094/ERR13027094_2.fastq.gz	315724998;652120584	227dc1ec517279109ac5aab419ad0c9b;e3c28065e6c7491fd12fe6ccb6f089ab	31882894
ERR13027106	SAMEA115537468	E-MTAB-13687_2:scATAC Sample 7	scATAC Sample 7	Illumina NovaSeq 6000 sequencing: Tonsil Atlas FASTQ files	scATAC Sample 7_p				0
ERR13027112	SAMEA115537460	E-MTAB-13687_2:Multiome Sample 7_ATAC	Multiome Sample 7_ATAC	Illumina NovaSeq 6000 sequencing: Tonsil Atlas FASTQ files	Multiome Sample 7_p	ftp.sra.ebi.ac.uk/vol1/fastq/ERR130/012/ERR13027112/ERR13027112_1.fastq.gz;ftp.sra.ebi.ac.uk/vol1/fastq/ERR130/012/ERR13027112/ERR13027112_2.fastq.gz	4891003725;2186061721	48ac8c80134617ff7c56c71baac8c5f3;6aa9965f90c788e702863f3f8a90b2a1	217353894
ERR13027113	SAMEA115537452	E-MTAB-13687_2:Multiome Sample 3_ATAC	Multiome Sample 3_ATAC	Illumina NovaSeq 6000 sequencing: Tonsil Atlas FASTQ files	Multiome Sample 3_p				0
ERR13027119	SAMEA115537432	E-MTAB-13687_2:CITEseq Sample 1_BCR	CITEseq Sample 1_BCR	Illumina NovaSeq 6000 sequencing: Tonsil Atlas FASTQ files	CITEseq Sample 1_p	ftp.sra.ebi.ac.uk/vol1/fastq/ERR130/019/ERR13027119/ERR13027119_1.fastq.gz;ftp.sra.ebi.ac.uk/vol1/fastq/ERR130/019/ERR13027119/ERR13027119_2.fastq.gz	1077204541;533978960	3dd80b6472b3e34f10a5c0c60e2ec802;a89bac24d76ee635e6e86b90acf0b8fd	57031938
ERR13027121	SAMEA115537428	E-MTAB-13687_2:CITEseq Multiplex 4_BCR	CITEseq Multiplex 4_BCR	Illumina NovaSeq 6000 sequencing: Tonsil Atlas FASTQ files	CITEseq Multiplex 4_p	ftp.sra.ebi.ac.uk/vol1/fastq/ERR130/021/ERR13027121/ERR13027121_1.fastq.gz;ftp.sra.ebi.ac.uk/vol1/fastq/ERR130/021/ERR13027121/ERR13027121_2.fastq.gz	188729580;427108963	cac63447781a8d9f872d5e064cbcaa06;9330d7d593f2b16a7b2fcc13d5fd1cf5	18876796
ERR13027122	SAMEA115537490	E-MTAB-13687_2:scRNA Sample 2_hashed_cdna	scRNA Sample 2_hashed_cdna	Illumina NovaSeq 6000 sequencing: Tonsil Atlas FASTQ files	scRNA Sample 2_p	ftp.sra.ebi.ac.uk/vol1/fastq/ERR130/022/ERR13027122/ERR13027122_1.fastq.gz;ftp.sra.ebi.ac.uk/vol1/fastq/ERR130/022/ERR13027122/ERR13027122_2.fastq.gz	282527942;575914475	bbe38825844dd2f43cee0772c4327d5f;ed037c2981717d0913e55e33a2d6e3b2	28159474
ERR13027126	SAMEA115537440	E-MTAB-13687_2:CITEseq Sample 3_BCR	CITEseq Sample 3_BCR	Illumina NovaSeq 6000 sequencing: Tonsil Atlas FASTQ files	CITEseq Sample 3_p	ftp.sra.ebi.ac.uk/vol1/fastq/ERR130/026/ERR13027126/ERR13027126_1.fastq.gz;ftp.sra.ebi.ac.uk/vol1/fastq/ERR130/026/ERR13027126/ERR13027126_2.fastq.gz	5128368128;2208150930	c94b2ce1e0a6b654f1a530b4a994db5b;8ffc76a6752ba58102285342773d66fa	219387080
ERR13027133	SAMEA115537456	E-MTAB-13687_2:Multiome Sample 5_ATAC	Multiome Sample 5_ATAC	Illumina NovaSeq 6000 sequencing: Tonsil Atlas FASTQ files	Multiome Sample 5_p				0
ERR13027138	SAMEA115537484	E-MTAB-13687_2:scRNA Sample 16_hashed_cdna	scRNA Sample 16_hashed_cdna	Illumina NovaSeq 6000 sequencing: Tonsil Atlas FASTQ files	scRNA Sample 16_p	ftp.sra.ebi.ac.uk/vol1/fastq/ERR130/038/ERR13027138/ERR13027138_1.fastq.gz;ftp.sra.ebi.ac.uk/vol1/fastq/ERR130/038/ERR13027138/ERR13027138_2.fastq.gz	1178957319;596721456	8766d59e71fd8c839e9fc82370e6ac74;8a656a0b8358343466529f727bd2b790	59408642
ERR13027140	SAMEA115537475	E-MTAB-13687_2:scRNA Sample 11_hashed_cdna	scRNA Sample 11_hashed_cdna	Illumina NovaSeq 6000 sequencing: Tonsil Atlas FASTQ files	scRNA Sample 11_p	ftp.sra.ebi.ac.uk/vol1/fastq/ERR130/040/ERR13027140/ERR13027140_1.fastq.gz;ftp.sra.ebi.ac.uk/vol1/fastq/ERR130/040/ERR13027140/ERR13027140_2.fastq.gz	3234106341;7284246335	f48babb1f24b8ec128fd4a1163f8bd0d;ce6b3ce6fdcd610ca7d8e28728895115	316408384
ERR13027141	SAMEA115537432	E-MTAB-13687_2:CITEseq Sample 1_BCR	CITEseq Sample 1_BCR	Illumina NovaSeq 6000 sequencing: Tonsil Atlas FASTQ files	CITEseq Sample 1_p	ftp.sra.ebi.ac.uk/vol1/fastq/ERR130/041/ERR13027141/ERR13027141_1.fastq.gz;ftp.sra.ebi.ac.uk/vol1/fastq/ERR130/041/ERR13027141/ERR13027141_2.fastq.gz	581542254;1084972694	7b682acdf01934f321eb182305f4e683;8843af682a28be1607e24f111c17d4d3	59502394
ERR13027143	SAMEA115537493	E-MTAB-13687_2:scRNA Sample 3_hashed_cdna	scRNA Sample 3_hashed_cdna	Illumina NovaSeq 6000 sequencing: Tonsil Atlas FASTQ files	scRNA Sample 3_p	ftp.sra.ebi.ac.uk/vol1/fastq/ERR130/043/ERR13027143/ERR13027143_1.fastq.gz;ftp.sra.ebi.ac.uk/vol1/fastq/ERR130/043/ERR13027143/ERR13027143_2.fastq.gz	7655389201;16689078732	d56458b55a021ce15a90d65b50bb3064;3654b45ca1d21122fb626d87bce6d213	740348244
ERR13027144	SAMEA115537428	E-MTAB-13687_2:CITEseq Multiplex 4_BCR	CITEseq Multiplex 4_BCR	Illumina NovaSeq 6000 sequencing: Tonsil Atlas FASTQ files	CITEseq Multiplex 4_p	ftp.sra.ebi.ac.uk/vol1/fastq/ERR130/044/ERR13027144/ERR13027144_1.fastq.gz;ftp.sra.ebi.ac.uk/vol1/fastq/ERR130/044/ERR13027144/ERR13027144_2.fastq.gz	261399851;597466911	3533bfa53bd623457973be1cee8b751d;c3380afbac43e1a4c94b85a18584c33a	26589228
ERR13027158	SAMEA115537440	E-MTAB-13687_2:CITEseq Sample 3_BCR	CITEseq Sample 3_BCR	Illumina NovaSeq 6000 sequencing: Tonsil Atlas FASTQ files	CITEseq Sample 3_p	ftp.sra.ebi.ac.uk/vol1/fastq/ERR130/058/ERR13027158/ERR13027158_1.fastq.gz;ftp.sra.ebi.ac.uk/vol1/fastq/ERR130/058/ERR13027158/ERR13027158_2.fastq.gz	337773977;642533833	45efb1109a6383066804241237147532;74816ea510002032449e4f9e130b52fe	33215358
ERR13027161	SAMEA115537432	E-MTAB-13687_2:CITEseq Sample 1_BCR	CITEseq Sample 1_BCR	Illumina NovaSeq 6000 sequencing: Tonsil Atlas FASTQ files	CITEseq Sample 1_p	ftp.sra.ebi.ac.uk/vol1/fastq/ERR130/061/ERR13027161/ERR13027161_1.fastq.gz;ftp.sra.ebi.ac.uk/vol1/fastq/ERR130/061/ERR13027161/ERR13027161_2.fastq.gz	247980823;501198050	10ed1f9e1f63c38912827d46d2548127;d5e7fa4e54bd08faa40ceae029b30879	26187970
ERR13027167	SAMEA115537458	E-MTAB-13687_2:Multiome Sample 6_ATAC	Multiome Sample 6_ATAC	Illumina NovaSeq 6000 sequencing: Tonsil Atlas FASTQ files	Multiome Sample 6_p				0
ERR13027168	SAMEA115537468	E-MTAB-13687_2:scATAC Sample 7	scATAC Sample 7	Illumina NovaSeq 6000 sequencing: Tonsil Atlas FASTQ files	scATAC Sample 7_p				0
ERR13027175	SAMEA115537477	E-MTAB-13687_2:scRNA Sample 12_hashed_cdna	scRNA Sample 12_hashed_cdna	Illumina NovaSeq 6000 sequencing: Tonsil Atlas FASTQ files	scRNA Sample 12_p	ftp.sra.ebi.ac.uk/vol1/fastq/ERR130/075/ERR13027175/ERR13027175_1.fastq.gz;ftp.sra.ebi.ac.uk/vol1/fastq/ERR130/075/ERR13027175/ERR13027175_2.fastq.gz	3325621183;1729911991	98b29b8931a8121ccf750ad896c82c4f;91391b99b799ebdaea0988cb7f4b820f	170969506
ERR13027177	SAMEA115537428	E-MTAB-13687_2:CITEseq Multiplex 4_BCR	CITEseq Multiplex 4_BCR	Illumina NovaSeq 6000 sequencing: Tonsil Atlas FASTQ files	CITEseq Multiplex 4_p	ftp.sra.ebi.ac.uk/vol1/fastq/ERR130/077/ERR13027177/ERR13027177_1.fastq.gz;ftp.sra.ebi.ac.uk/vol1/fastq/ERR130/077/ERR13027177/ERR13027177_2.fastq.gz	2304629827;1013578352	6cb3a82d96bbab8d4da9bca8cb415b0d;c39b66e92efda8326b474e9cec0874a0	103627276
ERR13027182	SAMEA115537490	E-MTAB-13687_2:scRNA Sample 2_hashed_cdna	scRNA Sample 2_hashed_cdna	Illumina NovaSeq 6000 sequencing: Tonsil Atlas FASTQ files	scRNA Sample 2_p	ftp.sra.ebi.ac.uk/vol1/fastq/ERR130/082/ERR13027182/ERR13027182_1.fastq.gz;ftp.sra.ebi.ac.uk/vol1/fastq/ERR130/082/ERR13027182/ERR13027182_2.fastq.gz	256629311;523998056	4693332343fb727d0326bd021acc5b04;3281eeedd1aa10ceb304787ee5644e0b	25662852
ERR13027188	SAMEA115537477	E-MTAB-13687_2:scRNA Sample 12_hashed_cdna	scRNA Sample 12_hashed_cdna	Illumina NovaSeq 6000 sequencing: Tonsil Atlas FASTQ files	scRNA Sample 12_p	ftp.sra.ebi.ac.uk/vol1/fastq/ERR130/088/ERR13027188/ERR13027188_1.fastq.gz;ftp.sra.ebi.ac.uk/vol1/fastq/ERR130/088/ERR13027188/ERR13027188_2.fastq.gz	3223208241;7358808243	6d1e4372a203900eb489d92e7ce1733a;688178cd2a87c44fff174413e6626101	317181414
ERR13027199	SAMEA115537432	E-MTAB-13687_2:CITEseq Sample 1_BCR	CITEseq Sample 1_BCR	Illumina NovaSeq 6000 sequencing: Tonsil Atlas FASTQ files	CITEseq Sample 1_p	ftp.sra.ebi.ac.uk/vol1/fastq/ERR130/099/ERR13027199/ERR13027199_1.fastq.gz;ftp.sra.ebi.ac.uk/vol1/fastq/ERR130/099/ERR13027199/ERR13027199_2.fastq.gz	791769741;401553673	9097a4e6312221b17278b2e3ace94b7f;92308854602fd4d6bda01bf71607011e	42938332
ERR13027208	SAMEA115537463	E-MTAB-13687_2:scATAC Sample 2	scATAC Sample 2	Illumina NovaSeq 6000 sequencing: Tonsil Atlas FASTQ files	scATAC Sample 2_p				0
ERR13027214	SAMEA115537444	E-MTAB-13687_2:MCL Sample 1_RNA	MCL Sample 1_RNA	Illumina NovaSeq 6000 sequencing: Tonsil Atlas FASTQ files	MCL Sample 1_p				0
ERR13027218	SAMEA115537508	E-MTAB-13687_2:scRNA Sample 9_not_hashed	scRNA Sample 9_not_hashed	Illumina NovaSeq 6000 sequencing: Tonsil Atlas FASTQ files	scRNA Sample 9_p				0
ERR13027226	SAMEA115537450	E-MTAB-13687_2:Multiome Sample 2_RNA	Multiome Sample 2_RNA	Illumina NovaSeq 6000 sequencing: Tonsil Atlas FASTQ files	Multiome Sample 2_p	ftp.sra.ebi.ac.uk/vol1/fastq/ERR130/026/ERR13027226/ERR13027226_1.fastq.gz;ftp.sra.ebi.ac.uk/vol1/fastq/ERR130/026/ERR13027226/ERR13027226_2.fastq.gz	3140295451;1404421950	a3bed603e6ed244e22b9bab2cf4e5513;aad445c5d8d187ed8babb52447907081	139398852
ERR13027227	SAMEA115537502	E-MTAB-13687_2:scRNA Sample 6_hashed_cdna	scRNA Sample 6_hashed_cdna	Illumina NovaSeq 6000 sequencing: Tonsil Atlas FASTQ files	scRNA Sample 6_p	ftp.sra.ebi.ac.uk/vol1/fastq/ERR130/027/ERR13027227/ERR13027227_1.fastq.gz;ftp.sra.ebi.ac.uk/vol1/fastq/ERR130/027/ERR13027227/ERR13027227_2.fastq.gz	15203277240;6848877180	ae57bdc5a84577e671ec2c78ae8db123;84eae8d3f453404d8c92c2128c82a43e	687021366
ERR13027229	SAMEA115537493	E-MTAB-13687_2:scRNA Sample 3_hashed_cdna	scRNA Sample 3_hashed_cdna	Illumina NovaSeq 6000 sequencing: Tonsil Atlas FASTQ files	scRNA Sample 3_p	ftp.sra.ebi.ac.uk/vol1/fastq/ERR130/029/ERR13027229/ERR13027229_1.fastq.gz;ftp.sra.ebi.ac.uk/vol1/fastq/ERR130/029/ERR13027229/ERR13027229_2.fastq.gz	6852170151;3100362955	dccbbb4710db1f5b2d93793737dd9bdb;e687a78eba8d7807d0e7b688e687275d	304477464
ERR13027232	SAMEA115537511	E-MTAB-13687_2:Visium Sample 3	Visium Sample 3	Illumina NovaSeq 6000 sequencing: Tonsil Atlas FASTQ files	Visium Sample 3_p	ftp.sra.ebi.ac.uk/vol1/fastq/ERR130/032/ERR13027232/ERR13027232_1.fastq.gz;ftp.sra.ebi.ac.uk/vol1/fastq/ERR130/032/ERR13027232/ERR13027232_2.fastq.gz	1989594360;3969853034	d8652be5ae0439114c29ba3940f878af;f6112aa3ba45029e761e5f273eec506b	197843092
ERR13027233	SAMEA115537428	E-MTAB-13687_2:CITEseq Multiplex 4_BCR	CITEseq Multiplex 4_BCR	Illumina NovaSeq 6000 sequencing: Tonsil Atlas FASTQ files	CITEseq Multiplex 4_p	ftp.sra.ebi.ac.uk/vol1/fastq/ERR130/033/ERR13027233/ERR13027233_1.fastq.gz;ftp.sra.ebi.ac.uk/vol1/fastq/ERR130/033/ERR13027233/ERR13027233_2.fastq.gz	391731671;187023906	067061657bdf2ab6f4c7002baccc7436;a58d73c4a8eebf5ff26f273140c1cb22	19844468
ERR13027236	SAMEA115537499	E-MTAB-13687_2:scRNA Sample 5_hashed_cdna	scRNA Sample 5_hashed_cdna	Illumina NovaSeq 6000 sequencing: Tonsil Atlas FASTQ files	scRNA Sample 5_p	ftp.sra.ebi.ac.uk/vol1/fastq/ERR130/036/ERR13027236/ERR13027236_1.fastq.gz;ftp.sra.ebi.ac.uk/vol1/fastq/ERR130/036/ERR13027236/ERR13027236_2.fastq.gz	940833712;457567770	8ba0c69f1240f073311638c0a6399fa7;cf157740081ab9743dfad8896201f816	44611876
ERR13027240	SAMEA115537454	E-MTAB-13687_2:Multiome Sample 4_ATAC	Multiome Sample 4_ATAC	Illumina NovaSeq 6000 sequencing: Tonsil Atlas FASTQ files	Multiome Sample 4_p				0
ERR13027241	SAMEA115537440	E-MTAB-13687_2:CITEseq Sample 3_BCR	CITEseq Sample 3_BCR	Illumina NovaSeq 6000 sequencing: Tonsil Atlas FASTQ files	CITEseq Sample 3_p	ftp.sra.ebi.ac.uk/vol1/fastq/ERR130/041/ERR13027241/ERR13027241_1.fastq.gz;ftp.sra.ebi.ac.uk/vol1/fastq/ERR130/041/ERR13027241/ERR13027241_2.fastq.gz	698051771;1582519486	9a7eb8dd073d577436fa0d2aed5f17b0;81cb066a18c2494d8232cbceda1f6643	68274176
ERR13027243	SAMEA115537475	E-MTAB-13687_2:scRNA Sample 11_hashed_cdna	scRNA Sample 11_hashed_cdna	Illumina NovaSeq 6000 sequencing: Tonsil Atlas FASTQ files	scRNA Sample 11_p	ftp.sra.ebi.ac.uk/vol1/fastq/ERR130/043/ERR13027243/ERR13027243_1.fastq.gz;ftp.sra.ebi.ac.uk/vol1/fastq/ERR130/043/ERR13027243/ERR13027243_2.fastq.gz	10237983039;4640537028	62a3ba252e92da4b548a01fe3e3063ee;9be274101a0e22b6001a44c3107fc161	462152514
ERR13027257	SAMEA115537432	E-MTAB-13687_2:CITEseq Sample 1_BCR	CITEseq Sample 1_BCR	Illumina NovaSeq 6000 sequencing: Tonsil Atlas FASTQ files	CITEseq Sample 1_p	ftp.sra.ebi.ac.uk/vol1/fastq/ERR130/057/ERR13027257/ERR13027257_1.fastq.gz;ftp.sra.ebi.ac.uk/vol1/fastq/ERR130/057/ERR13027257/ERR13027257_2.fastq.gz	429240206;859985371	eeac71fa7b2271bc358221bf41fc3411;ab4cc27bf0d9405e8c3bff8af51d8edc	45626824
ERR13027262	SAMEA115537462	E-MTAB-13687_2:scATAC Sample 1	scATAC Sample 1	Illumina NovaSeq 6000 sequencing: Tonsil Atlas FASTQ files	scATAC Sample 1_p				0
ERR13027271	SAMEA115537475	E-MTAB-13687_2:scRNA Sample 11_hashed_cdna	scRNA Sample 11_hashed_cdna	Illumina NovaSeq 6000 sequencing: Tonsil Atlas FASTQ files	scRNA Sample 11_p	ftp.sra.ebi.ac.uk/vol1/fastq/ERR130/071/ERR13027271/ERR13027271_1.fastq.gz;ftp.sra.ebi.ac.uk/vol1/fastq/ERR130/071/ERR13027271/ERR13027271_2.fastq.gz	4519490492;9957961591	a1a75eb85458eabe7d3f4bc2ff5866b3;e92d888de120e4c65116fe45c0b435c6	451532584
ERR13027274	SAMEA115537487	E-MTAB-13687_2:scRNA Sample 17_hashed_cdna	scRNA Sample 17_hashed_cdna	Illumina NovaSeq 6000 sequencing: Tonsil Atlas FASTQ files	scRNA Sample 17_p	ftp.sra.ebi.ac.uk/vol1/fastq/ERR130/074/ERR13027274/ERR13027274_1.fastq.gz;ftp.sra.ebi.ac.uk/vol1/fastq/ERR130/074/ERR13027274/ERR13027274_2.fastq.gz	207573204;409819890	d7f9e76b4690160b132f0da38cad00e3;f2a5a284cb6d05d9fc0c3acfd6968f10	20513836
ERR13027281	SAMEA115537444	E-MTAB-13687_2:MCL Sample 1_RNA	MCL Sample 1_RNA	Illumina NovaSeq 6000 sequencing: Tonsil Atlas FASTQ files	MCL Sample 1_p	ftp.sra.ebi.ac.uk/vol1/fastq/ERR130/081/ERR13027281/ERR13027281_1.fastq.gz;ftp.sra.ebi.ac.uk/vol1/fastq/ERR130/081/ERR13027281/ERR13027281_2.fastq.gz	2909898740;6270552605	17c9d5486ee6ad693a81235d4fa12eb3;fc1b2c233e0f4b768824a6562589e229	293040762
ERR13027284	SAMEA115537484	E-MTAB-13687_2:scRNA Sample 16_hashed_cdna	scRNA Sample 16_hashed_cdna	Illumina NovaSeq 6000 sequencing: Tonsil Atlas FASTQ files	scRNA Sample 16_p	ftp.sra.ebi.ac.uk/vol1/fastq/ERR130/084/ERR13027284/ERR13027284_1.fastq.gz;ftp.sra.ebi.ac.uk/vol1/fastq/ERR130/084/ERR13027284/ERR13027284_2.fastq.gz	3770312492;8667247735	7b0ec12b53b0bd7866a80c63627fa33d;a55aa957491e80ab53de6ab499ea1f7e	365924598
ERR13027298	SAMEA115537452	E-MTAB-13687_2:Multiome Sample 3_ATAC	Multiome Sample 3_ATAC	Illumina NovaSeq 6000 sequencing: Tonsil Atlas FASTQ files	Multiome Sample 3_p	ftp.sra.ebi.ac.uk/vol1/fastq/ERR130/098/ERR13027298/ERR13027298_1.fastq.gz;ftp.sra.ebi.ac.uk/vol1/fastq/ERR130/098/ERR13027298/ERR13027298_2.fastq.gz	3545633636;1600143527	b4112ab95ab44c2be20bf8599f4416bd;783cae561ad83e48bab3e6658151a389	157821794
ERR13027301	SAMEA115537504	E-MTAB-13687_2:scRNA Sample 7_hashed_cdna	scRNA Sample 7_hashed_cdna	Illumina NovaSeq 6000 sequencing: Tonsil Atlas FASTQ files	scRNA Sample 7_p	ftp.sra.ebi.ac.uk/vol1/fastq/ERR130/001/ERR13027301/ERR13027301_1.fastq.gz;ftp.sra.ebi.ac.uk/vol1/fastq/ERR130/001/ERR13027301/ERR13027301_2.fastq.gz	480546365;761152588	6ee6b72ef05e83523918a2c3d8ec8f51;d427f0f6bede9e0ee3b57881cff567ce	46935032
ERR13027306	SAMEA115537440	E-MTAB-13687_2:CITEseq Sample 3_BCR	CITEseq Sample 3_BCR	Illumina NovaSeq 6000 sequencing: Tonsil Atlas FASTQ files	CITEseq Sample 3_p	ftp.sra.ebi.ac.uk/vol1/fastq/ERR130/006/ERR13027306/ERR13027306_1.fastq.gz;ftp.sra.ebi.ac.uk/vol1/fastq/ERR130/006/ERR13027306/ERR13027306_2.fastq.gz	271909338;576722808	353ae784804741d1bec2108dc9833f7f;23fae132659341ee3b430cb7f9359da4	27161786
ERR13027309	SAMEA115537515	E-MTAB-13687_2:Visium Sample 7	Visium Sample 7	Illumina NovaSeq 6000 sequencing: Tonsil Atlas FASTQ files	Visium Sample 7_p	ftp.sra.ebi.ac.uk/vol1/fastq/ERR130/009/ERR13027309/ERR13027309_1.fastq.gz;ftp.sra.ebi.ac.uk/vol1/fastq/ERR130/009/ERR13027309/ERR13027309_2.fastq.gz	1705356871;839598165	5c41fab210dc4411e5bebc906f7bab77;83199cb8f060cfd5e4b768eefced3e4d	85157348
ERR13027311	SAMEA115537471	E-MTAB-13687_2:scRNA Sample 1_hashed_cdna	scRNA Sample 1_hashed_cdna	Illumina NovaSeq 6000 sequencing: Tonsil Atlas FASTQ files	scRNA Sample 1_p	ftp.sra.ebi.ac.uk/vol1/fastq/ERR130/011/ERR13027311/ERR13027311_1.fastq.gz;ftp.sra.ebi.ac.uk/vol1/fastq/ERR130/011/ERR13027311/ERR13027311_2.fastq.gz	2932608782;1341095339	43ea8049a57d827df7ff0a47ad4416dc;b97d12f63575c4820d5e34acc9bdda5d	131494210
ERR13027314	SAMEA115537436	E-MTAB-13687_2:CITEseq Sample 2_BCR	CITEseq Sample 2_BCR	Illumina NovaSeq 6000 sequencing: Tonsil Atlas FASTQ files	CITEseq Sample 2_p	ftp.sra.ebi.ac.uk/vol1/fastq/ERR130/014/ERR13027314/ERR13027314_1.fastq.gz;ftp.sra.ebi.ac.uk/vol1/fastq/ERR130/014/ERR13027314/ERR13027314_2.fastq.gz	345734862;703682995	97ef0d304c472d012184af3a23da9bfa;b653239cfc512a3b207a30c6bb673f95	35745812
ERR13027317	SAMEA115537484	E-MTAB-13687_2:scRNA Sample 16_hashed_cdna	scRNA Sample 16_hashed_cdna	Illumina NovaSeq 6000 sequencing: Tonsil Atlas FASTQ files	scRNA Sample 16_p	ftp.sra.ebi.ac.uk/vol1/fastq/ERR130/017/ERR13027317/ERR13027317_1.fastq.gz;ftp.sra.ebi.ac.uk/vol1/fastq/ERR130/017/ERR13027317/ERR13027317_2.fastq.gz	2268315939;992321236	4f8cf72a78aa9ab3261af249053986d0;b2576c7303be6897530e0db9ec704009	95187036
ERR13027324	SAMEA115537508	E-MTAB-13687_2:scRNA Sample 9_not_hashed	scRNA Sample 9_not_hashed	Illumina NovaSeq 6000 sequencing: Tonsil Atlas FASTQ files	scRNA Sample 9_p				0
ERR13027329	SAMEA115537458	E-MTAB-13687_2:Multiome Sample 6_ATAC	Multiome Sample 6_ATAC	Illumina NovaSeq 6000 sequencing: Tonsil Atlas FASTQ files	Multiome Sample 6_p				0
ERR13027331	SAMEA115537482	E-MTAB-13687_2:scRNA Sample 15_hashed_cdna	scRNA Sample 15_hashed_cdna	Illumina NovaSeq 6000 sequencing: Tonsil Atlas FASTQ files	scRNA Sample 15_p	ftp.sra.ebi.ac.uk/vol1/fastq/ERR130/031/ERR13027331/ERR13027331_1.fastq.gz;ftp.sra.ebi.ac.uk/vol1/fastq/ERR130/031/ERR13027331/ERR13027331_2.fastq.gz	2336015446;1102539577	79691db597a77d2df36de3b6bb03a8c1;e0764366b8c26c5f44813583ec2ceb70	108424668
ERR13027333	SAMEA115537440	E-MTAB-13687_2:CITEseq Sample 3_BCR	CITEseq Sample 3_BCR	Illumina NovaSeq 6000 sequencing: Tonsil Atlas FASTQ files	CITEseq Sample 3_p	ftp.sra.ebi.ac.uk/vol1/fastq/ERR130/033/ERR13027333/ERR13027333_1.fastq.gz;ftp.sra.ebi.ac.uk/vol1/fastq/ERR130/033/ERR13027333/ERR13027333_2.fastq.gz	2136073926;4891778588	b71cebe2443cf1c2de61cb02730f0103;6a6d03de71fe8943b8462b611c754c99	213547092
ERR13027336	SAMEA115537502	E-MTAB-13687_2:scRNA Sample 6_hashed_cdna	scRNA Sample 6_hashed_cdna	Illumina NovaSeq 6000 sequencing: Tonsil Atlas FASTQ files	scRNA Sample 6_p	ftp.sra.ebi.ac.uk/vol1/fastq/ERR130/036/ERR13027336/ERR13027336_1.fastq.gz;ftp.sra.ebi.ac.uk/vol1/fastq/ERR130/036/ERR13027336/ERR13027336_2.fastq.gz	1954685175;4254118363	aaea1e155dee89ebc469ac1f9b868fab;402adfa9e0d987ab57f9ed202a7b6a14	189362656
ERR13027337	SAMEA115537513	E-MTAB-13687_2:Visium Sample 5	Visium Sample 5	Illumina NovaSeq 6000 sequencing: Tonsil Atlas FASTQ files	Visium Sample 5_p	ftp.sra.ebi.ac.uk/vol1/fastq/ERR130/037/ERR13027337/ERR13027337_1.fastq.gz;ftp.sra.ebi.ac.uk/vol1/fastq/ERR130/037/ERR13027337/ERR13027337_2.fastq.gz	1890789220;3640816483	2f6c23dc416b9bcf71ae840bffc2074e;beab21e21288f82e2077bba361a62419	192421632
ERR13027338	SAMEA115537432	E-MTAB-13687_2:CITEseq Sample 1_BCR	CITEseq Sample 1_BCR	Illumina NovaSeq 6000 sequencing: Tonsil Atlas FASTQ files	CITEseq Sample 1_p	ftp.sra.ebi.ac.uk/vol1/fastq/ERR130/038/ERR13027338/ERR13027338_1.fastq.gz;ftp.sra.ebi.ac.uk/vol1/fastq/ERR130/038/ERR13027338/ERR13027338_2.fastq.gz	657277501;1412970037	faf6bca1484862675ce76f1f0febe0fd;83391ab84aa74568e76fb603319d2e9d	65364270
ERR13027339	SAMEA115537428	E-MTAB-13687_2:CITEseq Multiplex 4_BCR	CITEseq Multiplex 4_BCR	Illumina NovaSeq 6000 sequencing: Tonsil Atlas FASTQ files	CITEseq Multiplex 4_p	ftp.sra.ebi.ac.uk/vol1/fastq/ERR130/039/ERR13027339/ERR13027339_1.fastq.gz;ftp.sra.ebi.ac.uk/vol1/fastq/ERR130/039/ERR13027339/ERR13027339_2.fastq.gz	2012698054;885083348	278100839a62a4ec3634f5acc1ebfbc1;499fb1e6c5ec024c27bf30f6aab0e9af	90562032
ERR13027344	SAMEA115537440	E-MTAB-13687_2:CITEseq Sample 3_BCR	CITEseq Sample 3_BCR	Illumina NovaSeq 6000 sequencing: Tonsil Atlas FASTQ files	CITEseq Sample 3_p	ftp.sra.ebi.ac.uk/vol1/fastq/ERR130/044/ERR13027344/ERR13027344_1.fastq.gz;ftp.sra.ebi.ac.uk/vol1/fastq/ERR130/044/ERR13027344/ERR13027344_2.fastq.gz	656982005;1481069842	b2f224f146884ba834662cdf33aff49d;a38990422d2d6b1234e5a05916d1de50	64123542
ERR13027355	SAMEA115537464	E-MTAB-13687_2:scATAC Sample 3	scATAC Sample 3	Illumina NovaSeq 6000 sequencing: Tonsil Atlas FASTQ files	scATAC Sample 3_p				0
ERR13027362	SAMEA115537471	E-MTAB-13687_2:scRNA Sample 1_hashed_cdna	scRNA Sample 1_hashed_cdna	Illumina NovaSeq 6000 sequencing: Tonsil Atlas FASTQ files	scRNA Sample 1_p	ftp.sra.ebi.ac.uk/vol1/fastq/ERR130/062/ERR13027362/ERR13027362_1.fastq.gz;ftp.sra.ebi.ac.uk/vol1/fastq/ERR130/062/ERR13027362/ERR13027362_2.fastq.gz	1150943702;2435422477	e6a509dcf149185820082e0522c08575;097fd39d034d0d5484692bdb1c964927	112786704
ERR13027380	SAMEA115537446	E-MTAB-13687_2:MCL Sample 2_RNA	MCL Sample 2_RNA	Illumina NovaSeq 6000 sequencing: Tonsil Atlas FASTQ files	MCL Sample 2_p	ftp.sra.ebi.ac.uk/vol1/fastq/ERR130/080/ERR13027380/ERR13027380_1.fastq.gz;ftp.sra.ebi.ac.uk/vol1/fastq/ERR130/080/ERR13027380/ERR13027380_2.fastq.gz	2950884410;6572905240	981ea36da07879cbac9f3893ff684bc5;7cd05b72cebf9a0f9220094eb492d493	294750660
ERR13027382	SAMEA115537460	E-MTAB-13687_2:Multiome Sample 7_ATAC	Multiome Sample 7_ATAC	Illumina NovaSeq 6000 sequencing: Tonsil Atlas FASTQ files	Multiome Sample 7_p	ftp.sra.ebi.ac.uk/vol1/fastq/ERR130/082/ERR13027382/ERR13027382_1.fastq.gz;ftp.sra.ebi.ac.uk/vol1/fastq/ERR130/082/ERR13027382/ERR13027382_2.fastq.gz	1961193767;4449244153	cec4836d0356bbc134ec1073f7b583d6;abf0d178963a942f533628b6aadd7834	195407092
ERR13027388	SAMEA115537464	E-MTAB-13687_2:scATAC Sample 3	scATAC Sample 3	Illumina NovaSeq 6000 sequencing: Tonsil Atlas FASTQ files	scATAC Sample 3_p				0
ERR13027392	SAMEA115537502	E-MTAB-13687_2:scRNA Sample 6_hashed_cdna	scRNA Sample 6_hashed_cdna	Illumina NovaSeq 6000 sequencing: Tonsil Atlas FASTQ files	scRNA Sample 6_p	ftp.sra.ebi.ac.uk/vol1/fastq/ERR130/092/ERR13027392/ERR13027392_1.fastq.gz;ftp.sra.ebi.ac.uk/vol1/fastq/ERR130/092/ERR13027392/ERR13027392_2.fastq.gz	2048214352;4465054183	a2caf3808ab14b5610502d75dd18fe77;a13abca26414ec0334c7e29d9cbf9e2c	198711312
ERR13027393	SAMEA115537450	E-MTAB-13687_2:Multiome Sample 2_RNA	Multiome Sample 2_RNA	Illumina NovaSeq 6000 sequencing: Tonsil Atlas FASTQ files	Multiome Sample 2_p				0
ERR13027396	SAMEA115537511	E-MTAB-13687_2:Visium Sample 3	Visium Sample 3	Illumina NovaSeq 6000 sequencing: Tonsil Atlas FASTQ files	Visium Sample 3_p	ftp.sra.ebi.ac.uk/vol1/fastq/ERR130/096/ERR13027396/ERR13027396_1.fastq.gz;ftp.sra.ebi.ac.uk/vol1/fastq/ERR130/096/ERR13027396/ERR13027396_2.fastq.gz	4076273615;2043983080	49f32c864da361056c99805f5af14fe8;5f1c3adbe9e28ac2202a2b851bd8b9db	203112866
ERR13027398	SAMEA115537468	E-MTAB-13687_2:scATAC Sample 7	scATAC Sample 7	Illumina NovaSeq 6000 sequencing: Tonsil Atlas FASTQ files	scATAC Sample 7_p				0
ERR13027400	SAMEA115537432	E-MTAB-13687_2:CITEseq Sample 1_BCR	CITEseq Sample 1_BCR	Illumina NovaSeq 6000 sequencing: Tonsil Atlas FASTQ files	CITEseq Sample 1_p	ftp.sra.ebi.ac.uk/vol1/fastq/ERR130/000/ERR13027400/ERR13027400_1.fastq.gz;ftp.sra.ebi.ac.uk/vol1/fastq/ERR130/000/ERR13027400/ERR13027400_2.fastq.gz	2258762604;4971542103	373ae2662311b224b318751c5a23e79c;9600a207eda25ae2839949d67691cf15	232879040
ERR13027402	SAMEA115537428	E-MTAB-13687_2:CITEseq Multiplex 4_BCR	CITEseq Multiplex 4_BCR	Illumina NovaSeq 6000 sequencing: Tonsil Atlas FASTQ files	CITEseq Multiplex 4_p	ftp.sra.ebi.ac.uk/vol1/fastq/ERR130/002/ERR13027402/ERR13027402_1.fastq.gz;ftp.sra.ebi.ac.uk/vol1/fastq/ERR130/002/ERR13027402/ERR13027402_2.fastq.gz	309070086;147198737	d5fdce213889aae18d47db4a5a3faa6d;53668b934f3bba11f3eb5a971dd50c71	15328128
ERR13027411	SAMEA115537493	E-MTAB-13687_2:scRNA Sample 3_hashed_cdna	scRNA Sample 3_hashed_cdna	Illumina NovaSeq 6000 sequencing: Tonsil Atlas FASTQ files	scRNA Sample 3_p	ftp.sra.ebi.ac.uk/vol1/fastq/ERR130/011/ERR13027411/ERR13027411_1.fastq.gz;ftp.sra.ebi.ac.uk/vol1/fastq/ERR130/011/ERR13027411/ERR13027411_2.fastq.gz	6668500735;3008239067	c3bb54ca10c8831f8574904230d179fb;4fd2225103c697fd4042fecbb36b80f8	295210908
ERR13027412	SAMEA115537471	E-MTAB-13687_2:scRNA Sample 1_hashed_cdna	scRNA Sample 1_hashed_cdna	Illumina NovaSeq 6000 sequencing: Tonsil Atlas FASTQ files	scRNA Sample 1_p	ftp.sra.ebi.ac.uk/vol1/fastq/ERR130/012/ERR13027412/ERR13027412_1.fastq.gz;ftp.sra.ebi.ac.uk/vol1/fastq/ERR130/012/ERR13027412/ERR13027412_2.fastq.gz	3225403442;1544707582	f641cf42ff7465a1a0c23d80a6a93fee;483030758bf7b4a9a9f8df3582837259	150749096
ERR13027414	SAMEA115537499	E-MTAB-13687_2:scRNA Sample 5_hashed_cdna	scRNA Sample 5_hashed_cdna	Illumina NovaSeq 6000 sequencing: Tonsil Atlas FASTQ files	scRNA Sample 5_p	ftp.sra.ebi.ac.uk/vol1/fastq/ERR130/014/ERR13027414/ERR13027414_1.fastq.gz;ftp.sra.ebi.ac.uk/vol1/fastq/ERR130/014/ERR13027414/ERR13027414_2.fastq.gz	3805732230;1755195660	5c477aa0976ab99bb34f9ad66d872dee;5552b70950f3af536f86ec94b83d5dbd	171107726
ERR13027416	SAMEA115537470	E-MTAB-13687_2:scATAC Sample 9	scATAC Sample 9	Illumina NovaSeq 6000 sequencing: Tonsil Atlas FASTQ files	scATAC Sample 9_p				0
ERR13027418	SAMEA115537484	E-MTAB-13687_2:scRNA Sample 16_hashed_cdna	scRNA Sample 16_hashed_cdna	Illumina NovaSeq 6000 sequencing: Tonsil Atlas FASTQ files	scRNA Sample 16_p	ftp.sra.ebi.ac.uk/vol1/fastq/ERR130/018/ERR13027418/ERR13027418_1.fastq.gz;ftp.sra.ebi.ac.uk/vol1/fastq/ERR130/018/ERR13027418/ERR13027418_2.fastq.gz	2719990031;6383382660	cde53bf6c78dd9b3a7b951bf5a0b8c82;9b8e5eacd39e0bf6807bc501b24a971e	267387234
ERR13027433	SAMEA115537436	E-MTAB-13687_2:CITEseq Sample 2_BCR	CITEseq Sample 2_BCR	Illumina NovaSeq 6000 sequencing: Tonsil Atlas FASTQ files	CITEseq Sample 2_p	ftp.sra.ebi.ac.uk/vol1/fastq/ERR130/033/ERR13027433/ERR13027433_1.fastq.gz;ftp.sra.ebi.ac.uk/vol1/fastq/ERR130/033/ERR13027433/ERR13027433_2.fastq.gz	247206469;496553322	fbeafe1d559c6531194f0ee3054cf86b;12af5928697f9209419a1f23e0b3bb90	25538618
ERR13027448	SAMEA115537493	E-MTAB-13687_2:scRNA Sample 3_hashed_cdna	scRNA Sample 3_hashed_cdna	Illumina NovaSeq 6000 sequencing: Tonsil Atlas FASTQ files	scRNA Sample 3_p	ftp.sra.ebi.ac.uk/vol1/fastq/ERR130/048/ERR13027448/ERR13027448_1.fastq.gz;ftp.sra.ebi.ac.uk/vol1/fastq/ERR130/048/ERR13027448/ERR13027448_2.fastq.gz	5660425194;11823400567	3ae7feb7e383fc09a5d195067830854e;e339f78c9445a72da9eafde0da1cfb1c	562877826
ERR13027449	SAMEA115537456	E-MTAB-13687_2:Multiome Sample 5_ATAC	Multiome Sample 5_ATAC	Illumina NovaSeq 6000 sequencing: Tonsil Atlas FASTQ files	Multiome Sample 5_p	ftp.sra.ebi.ac.uk/vol1/fastq/ERR130/049/ERR13027449/ERR13027449_1.fastq.gz;ftp.sra.ebi.ac.uk/vol1/fastq/ERR130/049/ERR13027449/ERR13027449_2.fastq.gz	4457305674;2093624259	3c30709367eda87c6fbac2afc6720980;4828e603e46a5dee22d32abd8dbd7a5d	195440314
ERR13027454	SAMEA115537460	E-MTAB-13687_2:Multiome Sample 7_ATAC	Multiome Sample 7_ATAC	Illumina NovaSeq 6000 sequencing: Tonsil Atlas FASTQ files	Multiome Sample 7_p				0
ERR13027466	SAMEA115537479	E-MTAB-13687_2:scRNA Sample 13_hashed_cdna	scRNA Sample 13_hashed_cdna	Illumina NovaSeq 6000 sequencing: Tonsil Atlas FASTQ files	scRNA Sample 13_p	ftp.sra.ebi.ac.uk/vol1/fastq/ERR130/066/ERR13027466/ERR13027466_1.fastq.gz;ftp.sra.ebi.ac.uk/vol1/fastq/ERR130/066/ERR13027466/ERR13027466_2.fastq.gz	331260218;584073408	c86988163da056e23d12737ad904a0aa;fdef1da110b2523790c90d516cd021bc	31183750
ERR13027467	SAMEA115537440	E-MTAB-13687_2:CITEseq Sample 3_BCR	CITEseq Sample 3_BCR	Illumina NovaSeq 6000 sequencing: Tonsil Atlas FASTQ files	CITEseq Sample 3_p	ftp.sra.ebi.ac.uk/vol1/fastq/ERR130/067/ERR13027467/ERR13027467_1.fastq.gz;ftp.sra.ebi.ac.uk/vol1/fastq/ERR130/067/ERR13027467/ERR13027467_2.fastq.gz	2013553925;4668623949	56eec33a6cc66cabdd1b85fa99547801;1d86d29bf9cd4d8d03ab0693c5f2f148	199880882
ERR13027469	SAMEA115537460	E-MTAB-13687_2:Multiome Sample 7_ATAC	Multiome Sample 7_ATAC	Illumina NovaSeq 6000 sequencing: Tonsil Atlas FASTQ files	Multiome Sample 7_p				0
ERR13027471	SAMEA115537511	E-MTAB-13687_2:Visium Sample 3	Visium Sample 3	Illumina NovaSeq 6000 sequencing: Tonsil Atlas FASTQ files	Visium Sample 3_p	ftp.sra.ebi.ac.uk/vol1/fastq/ERR130/071/ERR13027471/ERR13027471_1.fastq.gz;ftp.sra.ebi.ac.uk/vol1/fastq/ERR130/071/ERR13027471/ERR13027471_2.fastq.gz	1912561420;970637022	1ba67d31bdede4fd7e86e611f055cba9;f74c4f9dab72bd0179470d816ba6331d	97317966
ERR13027003	SAMEA115537444	E-MTAB-13687_2:MCL Sample 1_RNA	MCL Sample 1_RNA	Illumina NovaSeq 6000 sequencing: Tonsil Atlas FASTQ files	MCL Sample 1_p				0
ERR13027004	SAMEA115537450	E-MTAB-13687_2:Multiome Sample 2_RNA	Multiome Sample 2_RNA	Illumina NovaSeq 6000 sequencing: Tonsil Atlas FASTQ files	Multiome Sample 2_p				0
ERR13027010	SAMEA115537471	E-MTAB-13687_2:scRNA Sample 1_hashed_cdna	scRNA Sample 1_hashed_cdna	Illumina NovaSeq 6000 sequencing: Tonsil Atlas FASTQ files	scRNA Sample 1_p	ftp.sra.ebi.ac.uk/vol1/fastq/ERR130/010/ERR13027010/ERR13027010_1.fastq.gz;ftp.sra.ebi.ac.uk/vol1/fastq/ERR130/010/ERR13027010/ERR13027010_2.fastq.gz	1314199373;2877210273	94494431b88921d76cbdbc0c144a6702;9383993d82dc0fcf36899fe6f662d8da	129002730
ERR13027015	SAMEA115537487	E-MTAB-13687_2:scRNA Sample 17_hashed_cdna	scRNA Sample 17_hashed_cdna	Illumina NovaSeq 6000 sequencing: Tonsil Atlas FASTQ files	scRNA Sample 17_p	ftp.sra.ebi.ac.uk/vol1/fastq/ERR130/015/ERR13027015/ERR13027015_1.fastq.gz;ftp.sra.ebi.ac.uk/vol1/fastq/ERR130/015/ERR13027015/ERR13027015_2.fastq.gz	1178042988;2640669017	37f5585135d1d1e4350c6085b8b2a737;8d2d1481e1b684124256d01b5afb90ed	113156330
ERR13027017	SAMEA115537502	E-MTAB-13687_2:scRNA Sample 6_hashed_cdna	scRNA Sample 6_hashed_cdna	Illumina NovaSeq 6000 sequencing: Tonsil Atlas FASTQ files	scRNA Sample 6_p	ftp.sra.ebi.ac.uk/vol1/fastq/ERR130/017/ERR13027017/ERR13027017_1.fastq.gz;ftp.sra.ebi.ac.uk/vol1/fastq/ERR130/017/ERR13027017/ERR13027017_2.fastq.gz	6221812632;13852393188	9432258ee9308403155dbfcbc6f93be1;467e52f4a3b230b9127a1054519cf57c	623632002
ERR13027021	SAMEA115537452	E-MTAB-13687_2:Multiome Sample 3_ATAC	Multiome Sample 3_ATAC	Illumina NovaSeq 6000 sequencing: Tonsil Atlas FASTQ files	Multiome Sample 3_p	ftp.sra.ebi.ac.uk/vol1/fastq/ERR130/021/ERR13027021/ERR13027021_1.fastq.gz;ftp.sra.ebi.ac.uk/vol1/fastq/ERR130/021/ERR13027021/ERR13027021_2.fastq.gz	3533100278;1596629578	46710633db524d66cb353a218b517933;f97395834cf576e9aea76ada1b4fc93e	157506702
ERR13027034	SAMEA115537428	E-MTAB-13687_2:CITEseq Multiplex 4_BCR	CITEseq Multiplex 4_BCR	Illumina NovaSeq 6000 sequencing: Tonsil Atlas FASTQ files	CITEseq Multiplex 4_p	ftp.sra.ebi.ac.uk/vol1/fastq/ERR130/034/ERR13027034/ERR13027034_1.fastq.gz;ftp.sra.ebi.ac.uk/vol1/fastq/ERR130/034/ERR13027034/ERR13027034_2.fastq.gz	1111125516;2548891569	a31ca8037305aa47b5363ef80efffde3;7b421de17f38352fd314d81e4f5f1c13	114107628
ERR13027035	SAMEA115537460	E-MTAB-13687_2:Multiome Sample 7_ATAC	Multiome Sample 7_ATAC	Illumina NovaSeq 6000 sequencing: Tonsil Atlas FASTQ files	Multiome Sample 7_p	ftp.sra.ebi.ac.uk/vol1/fastq/ERR130/035/ERR13027035/ERR13027035_1.fastq.gz;ftp.sra.ebi.ac.uk/vol1/fastq/ERR130/035/ERR13027035/ERR13027035_2.fastq.gz	2195521578;4918612081	ff8829ae7b2b59140847a19da3292020;37fd410f8a4d18b6a450aa8f0dfb9292	218377188
ERR13027036	SAMEA115537481	E-MTAB-13687_2:scRNA Sample 14_not_hashed	scRNA Sample 14_not_hashed	Illumina NovaSeq 6000 sequencing: Tonsil Atlas FASTQ files	scRNA Sample 14_p				0
ERR13027048	SAMEA115537432	E-MTAB-13687_2:CITEseq Sample 1_BCR	CITEseq Sample 1_BCR	Illumina NovaSeq 6000 sequencing: Tonsil Atlas FASTQ files	CITEseq Sample 1_p	ftp.sra.ebi.ac.uk/vol1/fastq/ERR130/048/ERR13027048/ERR13027048_1.fastq.gz;ftp.sra.ebi.ac.uk/vol1/fastq/ERR130/048/ERR13027048/ERR13027048_2.fastq.gz	474609486;885193971	8507dc1e313eadc28b4d4c374308f86e;f3abdec457038d2c7525b77b04879be4	48366956
ERR13027050	SAMEA115537448	E-MTAB-13687_2:Multiome Sample 1_ATAC	Multiome Sample 1_ATAC	Illumina NovaSeq 6000 sequencing: Tonsil Atlas FASTQ files	Multiome Sample 1_p				0
ERR13027056	SAMEA115537456	E-MTAB-13687_2:Multiome Sample 5_ATAC	Multiome Sample 5_ATAC	Illumina NovaSeq 6000 sequencing: Tonsil Atlas FASTQ files	Multiome Sample 5_p				0
ERR13027057	SAMEA115537432	E-MTAB-13687_2:CITEseq Sample 1_BCR	CITEseq Sample 1_BCR	Illumina NovaSeq 6000 sequencing: Tonsil Atlas FASTQ files	CITEseq Sample 1_p	ftp.sra.ebi.ac.uk/vol1/fastq/ERR130/057/ERR13027057/ERR13027057_1.fastq.gz;ftp.sra.ebi.ac.uk/vol1/fastq/ERR130/057/ERR13027057/ERR13027057_2.fastq.gz	650097722;1390985367	fe7880650180c5287180ad4539848c6c;10a0b55441fb4cc0ab8d3e76a18ce47f	64680128
ERR13027063	SAMEA115537471	E-MTAB-13687_2:scRNA Sample 1_hashed_cdna	scRNA Sample 1_hashed_cdna	Illumina NovaSeq 6000 sequencing: Tonsil Atlas FASTQ files	scRNA Sample 1_p	ftp.sra.ebi.ac.uk/vol1/fastq/ERR130/063/ERR13027063/ERR13027063_1.fastq.gz;ftp.sra.ebi.ac.uk/vol1/fastq/ERR130/063/ERR13027063/ERR13027063_2.fastq.gz	1890906271;3908699035	c6242f7727087e384b54cbc19a5b738f;ea1d3dc839dc7d5323db21d47d2674d4	184651658
ERR13027065	SAMEA115537475	E-MTAB-13687_2:scRNA Sample 11_hashed_cdna	scRNA Sample 11_hashed_cdna	Illumina NovaSeq 6000 sequencing: Tonsil Atlas FASTQ files	scRNA Sample 11_p	ftp.sra.ebi.ac.uk/vol1/fastq/ERR130/065/ERR13027065/ERR13027065_1.fastq.gz;ftp.sra.ebi.ac.uk/vol1/fastq/ERR130/065/ERR13027065/ERR13027065_2.fastq.gz	1068236531;2065511070	808e7290cf7c6aec23ad0aa3ba431027;da0fcb94bbcf789e81e28d4e22bcc159	105610368
ERR13027071	SAMEA115537477	E-MTAB-13687_2:scRNA Sample 12_hashed_cdna	scRNA Sample 12_hashed_cdna	Illumina NovaSeq 6000 sequencing: Tonsil Atlas FASTQ files	scRNA Sample 12_p	ftp.sra.ebi.ac.uk/vol1/fastq/ERR130/071/ERR13027071/ERR13027071_1.fastq.gz;ftp.sra.ebi.ac.uk/vol1/fastq/ERR130/071/ERR13027071/ERR13027071_2.fastq.gz	4396475512;9988625248	e8049c5b9163199352a9fedc8947bf81;986662e1ef629eb042a3d1dfc821e006	432981970
ERR13027072	SAMEA115537440	E-MTAB-13687_2:CITEseq Sample 3_BCR	CITEseq Sample 3_BCR	Illumina NovaSeq 6000 sequencing: Tonsil Atlas FASTQ files	CITEseq Sample 3_p	ftp.sra.ebi.ac.uk/vol1/fastq/ERR130/072/ERR13027072/ERR13027072_1.fastq.gz;ftp.sra.ebi.ac.uk/vol1/fastq/ERR130/072/ERR13027072/ERR13027072_2.fastq.gz	683689930;319092908	2631b42e89aeb4e0ca3c229c79eb9bdf;16389aadde8994de13f4d3a89bd5f9f2	31758470
ERR13027078	SAMEA115537474	E-MTAB-13687_2:scRNA Sample 10_not_hashed	scRNA Sample 10_not_hashed	Illumina NovaSeq 6000 sequencing: Tonsil Atlas FASTQ files	scRNA Sample 10_p				0
ERR13027081	SAMEA115537440	E-MTAB-13687_2:CITEseq Sample 3_BCR	CITEseq Sample 3_BCR	Illumina NovaSeq 6000 sequencing: Tonsil Atlas FASTQ files	CITEseq Sample 3_p	ftp.sra.ebi.ac.uk/vol1/fastq/ERR130/081/ERR13027081/ERR13027081_1.fastq.gz;ftp.sra.ebi.ac.uk/vol1/fastq/ERR130/081/ERR13027081/ERR13027081_2.fastq.gz	1291564846;563781418	8daefdb5795c6f42b16b69290ada2511;b0d8227467fa2368004acedacd7392a9	54878596
ERR13027086	SAMEA115537450	E-MTAB-13687_2:Multiome Sample 2_RNA	Multiome Sample 2_RNA	Illumina NovaSeq 6000 sequencing: Tonsil Atlas FASTQ files	Multiome Sample 2_p	ftp.sra.ebi.ac.uk/vol1/fastq/ERR130/086/ERR13027086/ERR13027086_1.fastq.gz;ftp.sra.ebi.ac.uk/vol1/fastq/ERR130/086/ERR13027086/ERR13027086_2.fastq.gz	4033927305;1811372948	ce660d874662bf48f44f9c6e8ad10916;fbb45154b3e4c51c70d497155c7a0b99	179571080
ERR13027097	SAMEA115537440	E-MTAB-13687_2:CITEseq Sample 3_BCR	CITEseq Sample 3_BCR	Illumina NovaSeq 6000 sequencing: Tonsil Atlas FASTQ files	CITEseq Sample 3_p	ftp.sra.ebi.ac.uk/vol1/fastq/ERR130/097/ERR13027097/ERR13027097_1.fastq.gz;ftp.sra.ebi.ac.uk/vol1/fastq/ERR130/097/ERR13027097/ERR13027097_2.fastq.gz	1303484060;566614904	a475c94b59f5a64e3a8552475ef52da0;5f29a20ab967e24557eb7ea833e47fc5	55238594
ERR13027101	SAMEA115537444	E-MTAB-13687_2:MCL Sample 1_RNA	MCL Sample 1_RNA	Illumina NovaSeq 6000 sequencing: Tonsil Atlas FASTQ files	MCL Sample 1_p				0
ERR13027104	SAMEA115537502	E-MTAB-13687_2:scRNA Sample 6_hashed_cdna	scRNA Sample 6_hashed_cdna	Illumina NovaSeq 6000 sequencing: Tonsil Atlas FASTQ files	scRNA Sample 6_p	ftp.sra.ebi.ac.uk/vol1/fastq/ERR130/004/ERR13027104/ERR13027104_1.fastq.gz;ftp.sra.ebi.ac.uk/vol1/fastq/ERR130/004/ERR13027104/ERR13027104_2.fastq.gz	736477016;361977727	489057fd9d7f8987e53e888158353287;7ec06ed181bc3c2e789960beec4a69e9	35524920
ERR13027105	SAMEA115537428	E-MTAB-13687_2:CITEseq Multiplex 4_BCR	CITEseq Multiplex 4_BCR	Illumina NovaSeq 6000 sequencing: Tonsil Atlas FASTQ files	CITEseq Multiplex 4_p	ftp.sra.ebi.ac.uk/vol1/fastq/ERR130/005/ERR13027105/ERR13027105_1.fastq.gz;ftp.sra.ebi.ac.uk/vol1/fastq/ERR130/005/ERR13027105/ERR13027105_2.fastq.gz	931657349;2198126586	7ac99b6e17fca88700afd963325b27d5;78d7c14b57df14b19f76684eecf67ecc	95199356
ERR13027107	SAMEA115537432	E-MTAB-13687_2:CITEseq Sample 1_BCR	CITEseq Sample 1_BCR	Illumina NovaSeq 6000 sequencing: Tonsil Atlas FASTQ files	CITEseq Sample 1_p	ftp.sra.ebi.ac.uk/vol1/fastq/ERR130/007/ERR13027107/ERR13027107_1.fastq.gz;ftp.sra.ebi.ac.uk/vol1/fastq/ERR130/007/ERR13027107/ERR13027107_2.fastq.gz	244173708;489021410	386738d424728beca9424ed1ad20f55b;e5107375d81512df4af64393e20dd127	25814958
ERR13027115	SAMEA115537432	E-MTAB-13687_2:CITEseq Sample 1_BCR	CITEseq Sample 1_BCR	Illumina NovaSeq 6000 sequencing: Tonsil Atlas FASTQ files	CITEseq Sample 1_p	ftp.sra.ebi.ac.uk/vol1/fastq/ERR130/015/ERR13027115/ERR13027115_1.fastq.gz;ftp.sra.ebi.ac.uk/vol1/fastq/ERR130/015/ERR13027115/ERR13027115_2.fastq.gz	637003208;1373204297	07191b742d417b7974bf4235edf55c5f;6f3306eec93aa3686df4efaf7917a4ad	63491246
ERR13027118	SAMEA115537436	E-MTAB-13687_2:CITEseq Sample 2_BCR	CITEseq Sample 2_BCR	Illumina NovaSeq 6000 sequencing: Tonsil Atlas FASTQ files	CITEseq Sample 2_p	ftp.sra.ebi.ac.uk/vol1/fastq/ERR130/018/ERR13027118/ERR13027118_1.fastq.gz;ftp.sra.ebi.ac.uk/vol1/fastq/ERR130/018/ERR13027118/ERR13027118_2.fastq.gz	2276305655;5213802215	0a44c246bc4062fda29f4bc9e93362b5;02926a4ee26043eaec8b319b92c1aa73	233828806
ERR13027128	SAMEA115537436	E-MTAB-13687_2:CITEseq Sample 2_BCR	CITEseq Sample 2_BCR	Illumina NovaSeq 6000 sequencing: Tonsil Atlas FASTQ files	CITEseq Sample 2_p	ftp.sra.ebi.ac.uk/vol1/fastq/ERR130/028/ERR13027128/ERR13027128_1.fastq.gz;ftp.sra.ebi.ac.uk/vol1/fastq/ERR130/028/ERR13027128/ERR13027128_2.fastq.gz	703927222;367337610	def8880e14803dc37ed08156b546ca20;a66fe96f7377ff4730062bd505a02ade	38331676
ERR13027131	SAMEA115537487	E-MTAB-13687_2:scRNA Sample 17_hashed_cdna	scRNA Sample 17_hashed_cdna	Illumina NovaSeq 6000 sequencing: Tonsil Atlas FASTQ files	scRNA Sample 17_p	ftp.sra.ebi.ac.uk/vol1/fastq/ERR130/031/ERR13027131/ERR13027131_1.fastq.gz;ftp.sra.ebi.ac.uk/vol1/fastq/ERR130/031/ERR13027131/ERR13027131_2.fastq.gz	3599221659;1586458757	95f54edd1f04d33c5a56751cef68493c;6590aed475396817429706b5edb64c66	155286578
ERR13027132	SAMEA115537444	E-MTAB-13687_2:MCL Sample 1_RNA	MCL Sample 1_RNA	Illumina NovaSeq 6000 sequencing: Tonsil Atlas FASTQ files	MCL Sample 1_p	ftp.sra.ebi.ac.uk/vol1/fastq/ERR130/032/ERR13027132/ERR13027132_1.fastq.gz;ftp.sra.ebi.ac.uk/vol1/fastq/ERR130/032/ERR13027132/ERR13027132_2.fastq.gz	1975802276;4378711766	06500f22ed3f82f37fd7e63f0f297f36;e81e7821ee77bdcbe794bb92effb8cd7	193500840
ERR13027137	SAMEA115537432	E-MTAB-13687_2:CITEseq Sample 1_BCR	CITEseq Sample 1_BCR	Illumina NovaSeq 6000 sequencing: Tonsil Atlas FASTQ files	CITEseq Sample 1_p	ftp.sra.ebi.ac.uk/vol1/fastq/ERR130/037/ERR13027137/ERR13027137_1.fastq.gz;ftp.sra.ebi.ac.uk/vol1/fastq/ERR130/037/ERR13027137/ERR13027137_2.fastq.gz	1277245399;604608534	94e77093f2f0b525f4ef728d2eb689be;81bda9740eb688f771f38a8647ca329c	60427440
ERR13027139	SAMEA115537484	E-MTAB-13687_2:scRNA Sample 16_hashed_cdna	scRNA Sample 16_hashed_cdna	Illumina NovaSeq 6000 sequencing: Tonsil Atlas FASTQ files	scRNA Sample 16_p	ftp.sra.ebi.ac.uk/vol1/fastq/ERR130/039/ERR13027139/ERR13027139_1.fastq.gz;ftp.sra.ebi.ac.uk/vol1/fastq/ERR130/039/ERR13027139/ERR13027139_2.fastq.gz	758480191;385183083	9b28a9982c8ad8b20ebdd97691a7ac46;65dad980c4d571a2919508745e5fb94d	38070980
ERR13027149	SAMEA115537496	E-MTAB-13687_2:scRNA Sample 4_hashed_cdna	scRNA Sample 4_hashed_cdna	Illumina NovaSeq 6000 sequencing: Tonsil Atlas FASTQ files	scRNA Sample 4_p	ftp.sra.ebi.ac.uk/vol1/fastq/ERR130/049/ERR13027149/ERR13027149_1.fastq.gz;ftp.sra.ebi.ac.uk/vol1/fastq/ERR130/049/ERR13027149/ERR13027149_2.fastq.gz	8795317684;19247196020	b72d0ae711886a9114b4cf8d27626c69;166bf233445d9053f22d14367c8298ca	886162084
ERR13027151	SAMEA115537463	E-MTAB-13687_2:scATAC Sample 2	scATAC Sample 2	Illumina NovaSeq 6000 sequencing: Tonsil Atlas FASTQ files	scATAC Sample 2_p				0
ERR13027154	SAMEA115537432	E-MTAB-13687_2:CITEseq Sample 1_BCR	CITEseq Sample 1_BCR	Illumina NovaSeq 6000 sequencing: Tonsil Atlas FASTQ files	CITEseq Sample 1_p	ftp.sra.ebi.ac.uk/vol1/fastq/ERR130/054/ERR13027154/ERR13027154_1.fastq.gz;ftp.sra.ebi.ac.uk/vol1/fastq/ERR130/054/ERR13027154/ERR13027154_2.fastq.gz	776679663;371349853	a8f5fd0d4a6dd8aec9b8027840cdad26;b57785413556b2f9c173f6ec3a941301	36777020
ERR13027173	SAMEA115537477	E-MTAB-13687_2:scRNA Sample 12_hashed_cdna	scRNA Sample 12_hashed_cdna	Illumina NovaSeq 6000 sequencing: Tonsil Atlas FASTQ files	scRNA Sample 12_p	ftp.sra.ebi.ac.uk/vol1/fastq/ERR130/073/ERR13027173/ERR13027173_1.fastq.gz;ftp.sra.ebi.ac.uk/vol1/fastq/ERR130/073/ERR13027173/ERR13027173_2.fastq.gz	3748575294;8117608749	75b16611155f4f13eca9b0ff8ec826ba;559725058ffe3c2d504f7024b5cb195c	363528134
ERR13027181	SAMEA115537462	E-MTAB-13687_2:scATAC Sample 1	scATAC Sample 1	Illumina NovaSeq 6000 sequencing: Tonsil Atlas FASTQ files	scATAC Sample 1_p				0
ERR13027184	SAMEA115537432	E-MTAB-13687_2:CITEseq Sample 1_BCR	CITEseq Sample 1_BCR	Illumina NovaSeq 6000 sequencing: Tonsil Atlas FASTQ files	CITEseq Sample 1_p	ftp.sra.ebi.ac.uk/vol1/fastq/ERR130/084/ERR13027184/ERR13027184_1.fastq.gz;ftp.sra.ebi.ac.uk/vol1/fastq/ERR130/084/ERR13027184/ERR13027184_2.fastq.gz	525886794;1050897462	d1b97a492e15ae3df7e78a5f228d2eb2;6b10f594053cace361ae2a7d9f3ee912	56196416
ERR13027187	SAMEA115537428	E-MTAB-13687_2:CITEseq Multiplex 4_BCR	CITEseq Multiplex 4_BCR	Illumina NovaSeq 6000 sequencing: Tonsil Atlas FASTQ files	CITEseq Multiplex 4_p	ftp.sra.ebi.ac.uk/vol1/fastq/ERR130/087/ERR13027187/ERR13027187_1.fastq.gz;ftp.sra.ebi.ac.uk/vol1/fastq/ERR130/087/ERR13027187/ERR13027187_2.fastq.gz	397727571;904354749	66ace65d31170604cf5fca2f941fd8fb;b965f3345739df00683fa4aa351c6a0a	40522724
ERR13027191	SAMEA115537452	E-MTAB-13687_2:Multiome Sample 3_ATAC	Multiome Sample 3_ATAC	Illumina NovaSeq 6000 sequencing: Tonsil Atlas FASTQ files	Multiome Sample 3_p				0
ERR13027194	SAMEA115537440	E-MTAB-13687_2:CITEseq Sample 3_BCR	CITEseq Sample 3_BCR	Illumina NovaSeq 6000 sequencing: Tonsil Atlas FASTQ files	CITEseq Sample 3_p	ftp.sra.ebi.ac.uk/vol1/fastq/ERR130/094/ERR13027194/ERR13027194_1.fastq.gz;ftp.sra.ebi.ac.uk/vol1/fastq/ERR130/094/ERR13027194/ERR13027194_2.fastq.gz	257585225;546205952	858b4fc8b36beee481cfe25db27cead2;ca8f49904eb641da7f0406f017d9be10	25444114
ERR13027195	SAMEA115537479	E-MTAB-13687_2:scRNA Sample 13_hashed_cdna	scRNA Sample 13_hashed_cdna	Illumina NovaSeq 6000 sequencing: Tonsil Atlas FASTQ files	scRNA Sample 13_p	ftp.sra.ebi.ac.uk/vol1/fastq/ERR130/095/ERR13027195/ERR13027195_1.fastq.gz;ftp.sra.ebi.ac.uk/vol1/fastq/ERR130/095/ERR13027195/ERR13027195_2.fastq.gz	336995397;594667164	9bec43b1a753a20aaf7407c3ccdfd29a;a4e0835e40f1389c19289e2bab6ff9e2	31605494
ERR13027200	SAMEA115537428	E-MTAB-13687_2:CITEseq Multiplex 4_BCR	CITEseq Multiplex 4_BCR	Illumina NovaSeq 6000 sequencing: Tonsil Atlas FASTQ files	CITEseq Multiplex 4_p	ftp.sra.ebi.ac.uk/vol1/fastq/ERR130/000/ERR13027200/ERR13027200_1.fastq.gz;ftp.sra.ebi.ac.uk/vol1/fastq/ERR130/000/ERR13027200/ERR13027200_2.fastq.gz	1150350941;2668716977	fd0e2f2de44cfb45a4b0025b4c13a32f;1ba890b186fbe970557cdadf054bfd9d	117907520
ERR13027203	SAMEA115537504	E-MTAB-13687_2:scRNA Sample 7_hashed_cdna	scRNA Sample 7_hashed_cdna	Illumina NovaSeq 6000 sequencing: Tonsil Atlas FASTQ files	scRNA Sample 7_p	ftp.sra.ebi.ac.uk/vol1/fastq/ERR130/003/ERR13027203/ERR13027203_1.fastq.gz;ftp.sra.ebi.ac.uk/vol1/fastq/ERR130/003/ERR13027203/ERR13027203_2.fastq.gz	3449490101;7619341523	7692e16a83e369b8af81f6a56f6fcb17;6e97df7c9cda33b507573f2dbe71140b	344188250
ERR13027207	SAMEA115537456	E-MTAB-13687_2:Multiome Sample 5_ATAC	Multiome Sample 5_ATAC	Illumina NovaSeq 6000 sequencing: Tonsil Atlas FASTQ files	Multiome Sample 5_p				0
ERR13027212	SAMEA115537428	E-MTAB-13687_2:CITEseq Multiplex 4_BCR	CITEseq Multiplex 4_BCR	Illumina NovaSeq 6000 sequencing: Tonsil Atlas FASTQ files	CITEseq Multiplex 4_p	ftp.sra.ebi.ac.uk/vol1/fastq/ERR130/012/ERR13027212/ERR13027212_1.fastq.gz;ftp.sra.ebi.ac.uk/vol1/fastq/ERR130/012/ERR13027212/ERR13027212_2.fastq.gz	255177669;587594121	33ca6dd7cdbdcbaf4669936d6fc02d7c;919f869716b8b229245f6c6161536380	25855984
ERR13027219	SAMEA115537484	E-MTAB-13687_2:scRNA Sample 16_hashed_cdna	scRNA Sample 16_hashed_cdna	Illumina NovaSeq 6000 sequencing: Tonsil Atlas FASTQ files	scRNA Sample 16_p	ftp.sra.ebi.ac.uk/vol1/fastq/ERR130/019/ERR13027219/ERR13027219_1.fastq.gz;ftp.sra.ebi.ac.uk/vol1/fastq/ERR130/019/ERR13027219/ERR13027219_2.fastq.gz	2698777759;6335221651	328ba869958fdb77925abca6cd399c66;aa463cf1fe728c120162a8a7b9198e32	266064944
ERR13027221	SAMEA115537428	E-MTAB-13687_2:CITEseq Multiplex 4_BCR	CITEseq Multiplex 4_BCR	Illumina NovaSeq 6000 sequencing: Tonsil Atlas FASTQ files	CITEseq Multiplex 4_p	ftp.sra.ebi.ac.uk/vol1/fastq/ERR130/021/ERR13027221/ERR13027221_1.fastq.gz;ftp.sra.ebi.ac.uk/vol1/fastq/ERR130/021/ERR13027221/ERR13027221_2.fastq.gz	799319629;414201549	c84e26ce342c9c3077fda4dcf721aa37;6d9ac06b8e0810f81edbd96a6ca8e746	43024158
ERR13027247	SAMEA115537465	E-MTAB-13687_2:scATAC Sample 4	scATAC Sample 4	Illumina NovaSeq 6000 sequencing: Tonsil Atlas FASTQ files	scATAC Sample 4_p				0
ERR13027250	SAMEA115537436	E-MTAB-13687_2:CITEseq Sample 2_BCR	CITEseq Sample 2_BCR	Illumina NovaSeq 6000 sequencing: Tonsil Atlas FASTQ files	CITEseq Sample 2_p	ftp.sra.ebi.ac.uk/vol1/fastq/ERR130/050/ERR13027250/ERR13027250_1.fastq.gz;ftp.sra.ebi.ac.uk/vol1/fastq/ERR130/050/ERR13027250/ERR13027250_2.fastq.gz	338329904;695340478	30fd31360eac7b0f40eae6759213a1d0;df3d37ca7b20532e6c1fc607cf59fa3a	34803208
ERR13027252	SAMEA115537496	E-MTAB-13687_2:scRNA Sample 4_hashed_cdna	scRNA Sample 4_hashed_cdna	Illumina NovaSeq 6000 sequencing: Tonsil Atlas FASTQ files	scRNA Sample 4_p	ftp.sra.ebi.ac.uk/vol1/fastq/ERR130/052/ERR13027252/ERR13027252_1.fastq.gz;ftp.sra.ebi.ac.uk/vol1/fastq/ERR130/052/ERR13027252/ERR13027252_2.fastq.gz	2383478246;5012004787	7924296aefab7a3cff5b7c3b79a26c85;c977ea9cccf319bd7d24c5ad61bafa3d	236557136
ERR13027254	SAMEA115537475	E-MTAB-13687_2:scRNA Sample 11_hashed_cdna	scRNA Sample 11_hashed_cdna	Illumina NovaSeq 6000 sequencing: Tonsil Atlas FASTQ files	scRNA Sample 11_p	ftp.sra.ebi.ac.uk/vol1/fastq/ERR130/054/ERR13027254/ERR13027254_1.fastq.gz;ftp.sra.ebi.ac.uk/vol1/fastq/ERR130/054/ERR13027254/ERR13027254_2.fastq.gz	4034288677;8887483006	f5b6b4d5d5856683ee770bbb71e41d74;081989520efdaf06c2482e7ca999553b	398123856
ERR13027258	SAMEA115537432	E-MTAB-13687_2:CITEseq Sample 1_BCR	CITEseq Sample 1_BCR	Illumina NovaSeq 6000 sequencing: Tonsil Atlas FASTQ files	CITEseq Sample 1_p	ftp.sra.ebi.ac.uk/vol1/fastq/ERR130/058/ERR13027258/ERR13027258_1.fastq.gz;ftp.sra.ebi.ac.uk/vol1/fastq/ERR130/058/ERR13027258/ERR13027258_2.fastq.gz	436324561;882375692	511ef94587d52a39c91e0540887a5741;9d581db197e0b70d6b8673abd2c182e0	46356718
ERR13027270	SAMEA115537467	E-MTAB-13687_2:scATAC Sample 6	scATAC Sample 6	Illumina NovaSeq 6000 sequencing: Tonsil Atlas FASTQ files	scATAC Sample 6_p				0
ERR13027275	SAMEA115537448	E-MTAB-13687_2:Multiome Sample 1_ATAC	Multiome Sample 1_ATAC	Illumina NovaSeq 6000 sequencing: Tonsil Atlas FASTQ files	Multiome Sample 1_p	ftp.sra.ebi.ac.uk/vol1/fastq/ERR130/075/ERR13027275/ERR13027275_1.fastq.gz;ftp.sra.ebi.ac.uk/vol1/fastq/ERR130/075/ERR13027275/ERR13027275_2.fastq.gz	4415944382;1985007976	3e6ff21a6438b9e5792f1590c8a2e16a;f05a7d8f25ba32878f22108fc6e318b6	196685046
ERR13027276	SAMEA115537450	E-MTAB-13687_2:Multiome Sample 2_RNA	Multiome Sample 2_RNA	Illumina NovaSeq 6000 sequencing: Tonsil Atlas FASTQ files	Multiome Sample 2_p	ftp.sra.ebi.ac.uk/vol1/fastq/ERR130/076/ERR13027276/ERR13027276_1.fastq.gz;ftp.sra.ebi.ac.uk/vol1/fastq/ERR130/076/ERR13027276/ERR13027276_2.fastq.gz	1812687661;4039371387	41578cb2db2a6e10c2d44eeb7cb3ae37;c7a80f467f21aa92622f0de2dfef59dd	179674620
ERR13027278	SAMEA115537496	E-MTAB-13687_2:scRNA Sample 4_hashed_cdna	scRNA Sample 4_hashed_cdna	Illumina NovaSeq 6000 sequencing: Tonsil Atlas FASTQ files	scRNA Sample 4_p	ftp.sra.ebi.ac.uk/vol1/fastq/ERR130/078/ERR13027278/ERR13027278_1.fastq.gz;ftp.sra.ebi.ac.uk/vol1/fastq/ERR130/078/ERR13027278/ERR13027278_2.fastq.gz	313496095;636563004	b1714d8f456de26a3663397c732a1751;3fd79a44b3df0512a3d50c7ebd79dba0	30686876
ERR13027283	SAMEA115537440	E-MTAB-13687_2:CITEseq Sample 3_BCR	CITEseq Sample 3_BCR	Illumina NovaSeq 6000 sequencing: Tonsil Atlas FASTQ files	CITEseq Sample 3_p	ftp.sra.ebi.ac.uk/vol1/fastq/ERR130/083/ERR13027283/ERR13027283_1.fastq.gz;ftp.sra.ebi.ac.uk/vol1/fastq/ERR130/083/ERR13027283/ERR13027283_2.fastq.gz	837140515;438933481	75311789dd92d324cbb79342251bcd46;72aac7a6509f41da0b5f14e237ccf36f	43373320
ERR13027296	SAMEA115537479	E-MTAB-13687_2:scRNA Sample 13_hashed_cdna	scRNA Sample 13_hashed_cdna	Illumina NovaSeq 6000 sequencing: Tonsil Atlas FASTQ files	scRNA Sample 13_p	ftp.sra.ebi.ac.uk/vol1/fastq/ERR130/096/ERR13027296/ERR13027296_1.fastq.gz;ftp.sra.ebi.ac.uk/vol1/fastq/ERR130/096/ERR13027296/ERR13027296_2.fastq.gz	16493598780;7556434123	de8fcce4ef5264fa5921a479f720181f;11a08feeac94fd0d72691389a1fbd903	714249872
ERR13027299	SAMEA115537507	E-MTAB-13687_2:scRNA Sample 8_not_hashed	scRNA Sample 8_not_hashed	Illumina NovaSeq 6000 sequencing: Tonsil Atlas FASTQ files	scRNA Sample 8_p				0
ERR13027302	SAMEA115537460	E-MTAB-13687_2:Multiome Sample 7_ATAC	Multiome Sample 7_ATAC	Illumina NovaSeq 6000 sequencing: Tonsil Atlas FASTQ files	Multiome Sample 7_p	ftp.sra.ebi.ac.uk/vol1/fastq/ERR130/002/ERR13027302/ERR13027302_1.fastq.gz;ftp.sra.ebi.ac.uk/vol1/fastq/ERR130/002/ERR13027302/ERR13027302_2.fastq.gz	4464904014;1964786486	a51b3af0ee3bd94dadcb0fc14f0c99de;36768119ca7c9dc3f6fa1f0537910d05	195794058
ERR13027305	SAMEA115537493	E-MTAB-13687_2:scRNA Sample 3_hashed_cdna	scRNA Sample 3_hashed_cdna	Illumina NovaSeq 6000 sequencing: Tonsil Atlas FASTQ files	scRNA Sample 3_p	ftp.sra.ebi.ac.uk/vol1/fastq/ERR130/005/ERR13027305/ERR13027305_1.fastq.gz;ftp.sra.ebi.ac.uk/vol1/fastq/ERR130/005/ERR13027305/ERR13027305_2.fastq.gz	15238870357;6557416145	f32c1f8a6bab2a46d42314b2c2efdf60;e48dd26da8af8bf394b850a4fb340bcb	649572468
ERR13027313	SAMEA115537440	E-MTAB-13687_2:CITEseq Sample 3_BCR	CITEseq Sample 3_BCR	Illumina NovaSeq 6000 sequencing: Tonsil Atlas FASTQ files	CITEseq Sample 3_p	ftp.sra.ebi.ac.uk/vol1/fastq/ERR130/013/ERR13027313/ERR13027313_1.fastq.gz;ftp.sra.ebi.ac.uk/vol1/fastq/ERR130/013/ERR13027313/ERR13027313_2.fastq.gz	834086997;438090233	8da042ab87d45d1bf6aa40d4e8c739dc;5e5d36d08a741b61f0dc3eb8636d8814	43140758
ERR13027315	SAMEA115537496	E-MTAB-13687_2:scRNA Sample 4_hashed_cdna	scRNA Sample 4_hashed_cdna	Illumina NovaSeq 6000 sequencing: Tonsil Atlas FASTQ files	scRNA Sample 4_p	ftp.sra.ebi.ac.uk/vol1/fastq/ERR130/015/ERR13027315/ERR13027315_1.fastq.gz;ftp.sra.ebi.ac.uk/vol1/fastq/ERR130/015/ERR13027315/ERR13027315_2.fastq.gz	19228221151;8761348754	e6f5cbeb8081e618813a275ffb588018;9180698c0841abd2bf18793b97a5f96e	875743522
ERR13027332	SAMEA115537499	E-MTAB-13687_2:scRNA Sample 5_hashed_cdna	scRNA Sample 5_hashed_cdna	Illumina NovaSeq 6000 sequencing: Tonsil Atlas FASTQ files	scRNA Sample 5_p	ftp.sra.ebi.ac.uk/vol1/fastq/ERR130/032/ERR13027332/ERR13027332_1.fastq.gz;ftp.sra.ebi.ac.uk/vol1/fastq/ERR130/032/ERR13027332/ERR13027332_2.fastq.gz	457758896;938792098	66f28fb23542f57356029499723d11ac;085a561b17fbb804843833b8b2062c9d	44474060
ERR13027334	SAMEA115537509	E-MTAB-13687_2:Visium Sample 1	Visium Sample 1	Illumina NovaSeq 6000 sequencing: Tonsil Atlas FASTQ files	Visium Sample 1_p	ftp.sra.ebi.ac.uk/vol1/fastq/ERR130/034/ERR13027334/ERR13027334_1.fastq.gz;ftp.sra.ebi.ac.uk/vol1/fastq/ERR130/034/ERR13027334/ERR13027334_2.fastq.gz	1343749644;2701806068	6ffad27d4cf5010a275341b3c8d29b69;19eef03edef6466fe724e46634db9a8c	133340594
ERR13027342	SAMEA115537440	E-MTAB-13687_2:CITEseq Sample 3_BCR	CITEseq Sample 3_BCR	Illumina NovaSeq 6000 sequencing: Tonsil Atlas FASTQ files	CITEseq Sample 3_p	ftp.sra.ebi.ac.uk/vol1/fastq/ERR130/042/ERR13027342/ERR13027342_1.fastq.gz;ftp.sra.ebi.ac.uk/vol1/fastq/ERR130/042/ERR13027342/ERR13027342_2.fastq.gz	4949157623;2138331967	4ed8b1fb655b999f63b3741dfc23c7f3;7a0b504df3b38aa565bf9f96902e68c3	212732446
ERR13027345	SAMEA115537440	E-MTAB-13687_2:CITEseq Sample 3_BCR	CITEseq Sample 3_BCR	Illumina NovaSeq 6000 sequencing: Tonsil Atlas FASTQ files	CITEseq Sample 3_p	ftp.sra.ebi.ac.uk/vol1/fastq/ERR130/045/ERR13027345/ERR13027345_1.fastq.gz;ftp.sra.ebi.ac.uk/vol1/fastq/ERR130/045/ERR13027345/ERR13027345_2.fastq.gz	320968930;692996251	68e88067b84839d6b1ec97ed709309b8;dd95a8b27830b965e2dc5024f5ffc15e	31988120
ERR13027352	SAMEA115537456	E-MTAB-13687_2:Multiome Sample 5_ATAC	Multiome Sample 5_ATAC	Illumina NovaSeq 6000 sequencing: Tonsil Atlas FASTQ files	Multiome Sample 5_p				0
ERR13027361	SAMEA115537448	E-MTAB-13687_2:Multiome Sample 1_ATAC	Multiome Sample 1_ATAC	Illumina NovaSeq 6000 sequencing: Tonsil Atlas FASTQ files	Multiome Sample 1_p	ftp.sra.ebi.ac.uk/vol1/fastq/ERR130/061/ERR13027361/ERR13027361_1.fastq.gz;ftp.sra.ebi.ac.uk/vol1/fastq/ERR130/061/ERR13027361/ERR13027361_2.fastq.gz	3285763002;1451788307	53c851435d436dbc6d333c4c9e0fb194;b871fb287d53da82a81fec071a9df743	143979564
ERR13027365	SAMEA115537508	E-MTAB-13687_2:scRNA Sample 9_not_hashed	scRNA Sample 9_not_hashed	Illumina NovaSeq 6000 sequencing: Tonsil Atlas FASTQ files	scRNA Sample 9_p				0
ERR13027370	SAMEA115537428	E-MTAB-13687_2:CITEseq Multiplex 4_BCR	CITEseq Multiplex 4_BCR	Illumina NovaSeq 6000 sequencing: Tonsil Atlas FASTQ files	CITEseq Multiplex 4_p	ftp.sra.ebi.ac.uk/vol1/fastq/ERR130/070/ERR13027370/ERR13027370_1.fastq.gz;ftp.sra.ebi.ac.uk/vol1/fastq/ERR130/070/ERR13027370/ERR13027370_2.fastq.gz	454005621;876380013	17574fc5de764a7ecd8245b8093ea10f;00bb148048694aa40f0d04ff9e9e48a5	47551598
ERR13027372	SAMEA115537471	E-MTAB-13687_2:scRNA Sample 1_hashed_cdna	scRNA Sample 1_hashed_cdna	Illumina NovaSeq 6000 sequencing: Tonsil Atlas FASTQ files	scRNA Sample 1_p	ftp.sra.ebi.ac.uk/vol1/fastq/ERR130/072/ERR13027372/ERR13027372_1.fastq.gz;ftp.sra.ebi.ac.uk/vol1/fastq/ERR130/072/ERR13027372/ERR13027372_2.fastq.gz	8799619281;4099290780	d8c298610bebb7704093a582f257f7b9;4c5f8a11bae82406d44a73297ad53790	406339034
ERR13027378	SAMEA115537487	E-MTAB-13687_2:scRNA Sample 17_hashed_cdna	scRNA Sample 17_hashed_cdna	Illumina NovaSeq 6000 sequencing: Tonsil Atlas FASTQ files	scRNA Sample 17_p	ftp.sra.ebi.ac.uk/vol1/fastq/ERR130/078/ERR13027378/ERR13027378_1.fastq.gz;ftp.sra.ebi.ac.uk/vol1/fastq/ERR130/078/ERR13027378/ERR13027378_2.fastq.gz	13695004077;5898627390	8bf3dad716a5f1aa83d4c69704649ecc;f259e8ccb5c1ef72dce1fb0c3cc22853	576608448
ERR13027381	SAMEA115537466	E-MTAB-13687_2:scATAC Sample 5	scATAC Sample 5	Illumina NovaSeq 6000 sequencing: Tonsil Atlas FASTQ files	scATAC Sample 5_p				0
ERR13027384	SAMEA115537440	E-MTAB-13687_2:CITEseq Sample 3_BCR	CITEseq Sample 3_BCR	Illumina NovaSeq 6000 sequencing: Tonsil Atlas FASTQ files	CITEseq Sample 3_p	ftp.sra.ebi.ac.uk/vol1/fastq/ERR130/084/ERR13027384/ERR13027384_1.fastq.gz;ftp.sra.ebi.ac.uk/vol1/fastq/ERR130/084/ERR13027384/ERR13027384_2.fastq.gz	661480921;1496434022	25e131f4dac33055c97dac13ed66b4ef;0376a34fdb235968eab68f528f933dc9	64669844
ERR13027386	SAMEA115537499	E-MTAB-13687_2:scRNA Sample 5_hashed_cdna	scRNA Sample 5_hashed_cdna	Illumina NovaSeq 6000 sequencing: Tonsil Atlas FASTQ files	scRNA Sample 5_p	ftp.sra.ebi.ac.uk/vol1/fastq/ERR130/086/ERR13027386/ERR13027386_1.fastq.gz;ftp.sra.ebi.ac.uk/vol1/fastq/ERR130/086/ERR13027386/ERR13027386_2.fastq.gz	4156464152;1916853355	970c0c3a1d6f8a53f28c0170f8d63fd9;6d3cbe5bc83381d71e28d99d1f3223f3	186535708
ERR13027387	SAMEA115537428	E-MTAB-13687_2:CITEseq Multiplex 4_BCR	CITEseq Multiplex 4_BCR	Illumina NovaSeq 6000 sequencing: Tonsil Atlas FASTQ files	CITEseq Multiplex 4_p	ftp.sra.ebi.ac.uk/vol1/fastq/ERR130/087/ERR13027387/ERR13027387_1.fastq.gz;ftp.sra.ebi.ac.uk/vol1/fastq/ERR130/087/ERR13027387/ERR13027387_2.fastq.gz	2239571956;939736723	3af9415ea9a38ba63c0eaf19a1e0ddde;41d3b0f8daf723ba2ffa174c4bf90263	96855502
ERR13027390	SAMEA115537462	E-MTAB-13687_2:scATAC Sample 1	scATAC Sample 1	Illumina NovaSeq 6000 sequencing: Tonsil Atlas FASTQ files	scATAC Sample 1_p				0
ERR13027395	SAMEA115537436	E-MTAB-13687_2:CITEseq Sample 2_BCR	CITEseq Sample 2_BCR	Illumina NovaSeq 6000 sequencing: Tonsil Atlas FASTQ files	CITEseq Sample 2_p	ftp.sra.ebi.ac.uk/vol1/fastq/ERR130/095/ERR13027395/ERR13027395_1.fastq.gz;ftp.sra.ebi.ac.uk/vol1/fastq/ERR130/095/ERR13027395/ERR13027395_2.fastq.gz	914786497;2097752299	37028ffa3e495da4c94fed757565e7b2;8564db7ac46cf632b10d92ed16e7b037	92119946
ERR13027408	SAMEA115537462	E-MTAB-13687_2:scATAC Sample 1	scATAC Sample 1	Illumina NovaSeq 6000 sequencing: Tonsil Atlas FASTQ files	scATAC Sample 1_p				0
ERR13027415	SAMEA115537440	E-MTAB-13687_2:CITEseq Sample 3_BCR	CITEseq Sample 3_BCR	Illumina NovaSeq 6000 sequencing: Tonsil Atlas FASTQ files	CITEseq Sample 3_p	ftp.sra.ebi.ac.uk/vol1/fastq/ERR130/015/ERR13027415/ERR13027415_1.fastq.gz;ftp.sra.ebi.ac.uk/vol1/fastq/ERR130/015/ERR13027415/ERR13027415_2.fastq.gz	4875972581;2137119016	e340776c31b4b5575b0c1d8c97371ea8;69d1f2079d3453bf6d46f48530be76cd	213299736
ERR13027419	SAMEA115537487	E-MTAB-13687_2:scRNA Sample 17_hashed_cdna	scRNA Sample 17_hashed_cdna	Illumina NovaSeq 6000 sequencing: Tonsil Atlas FASTQ files	scRNA Sample 17_p	ftp.sra.ebi.ac.uk/vol1/fastq/ERR130/019/ERR13027419/ERR13027419_1.fastq.gz;ftp.sra.ebi.ac.uk/vol1/fastq/ERR130/019/ERR13027419/ERR13027419_2.fastq.gz	7800613030;3462528261	9ee68f7c4442ce8d0dd8cbd69a496647;7d34407a3616d509d6590847b9b5f588	335540034
ERR13027421	SAMEA115537448	E-MTAB-13687_2:Multiome Sample 1_ATAC	Multiome Sample 1_ATAC	Illumina NovaSeq 6000 sequencing: Tonsil Atlas FASTQ files	Multiome Sample 1_p				0
ERR13027422	SAMEA115537446	E-MTAB-13687_2:MCL Sample 2_RNA	MCL Sample 2_RNA	Illumina NovaSeq 6000 sequencing: Tonsil Atlas FASTQ files	MCL Sample 2_p				0
ERR13027428	SAMEA115537454	E-MTAB-13687_2:Multiome Sample 4_ATAC	Multiome Sample 4_ATAC	Illumina NovaSeq 6000 sequencing: Tonsil Atlas FASTQ files	Multiome Sample 4_p	ftp.sra.ebi.ac.uk/vol1/fastq/ERR130/028/ERR13027428/ERR13027428_1.fastq.gz;ftp.sra.ebi.ac.uk/vol1/fastq/ERR130/028/ERR13027428/ERR13027428_2.fastq.gz	1682511274;3748676479	4d991cb718cf5cd91e1a8fa6f82556e4;de677d4bb21318b77e95355a33012591	155100138
ERR13027437	SAMEA115537428	E-MTAB-13687_2:CITEseq Multiplex 4_BCR	CITEseq Multiplex 4_BCR	Illumina NovaSeq 6000 sequencing: Tonsil Atlas FASTQ files	CITEseq Multiplex 4_p	ftp.sra.ebi.ac.uk/vol1/fastq/ERR130/037/ERR13027437/ERR13027437_1.fastq.gz;ftp.sra.ebi.ac.uk/vol1/fastq/ERR130/037/ERR13027437/ERR13027437_2.fastq.gz	1092000867;2507511032	2ef80f8ff780b126c3ed13e737e611ce;7bd0b701d516598e092d111e6fe5dff5	112105502
ERR13027439	SAMEA115537504	E-MTAB-13687_2:scRNA Sample 7_hashed_cdna	scRNA Sample 7_hashed_cdna	Illumina NovaSeq 6000 sequencing: Tonsil Atlas FASTQ files	scRNA Sample 7_p	ftp.sra.ebi.ac.uk/vol1/fastq/ERR130/039/ERR13027439/ERR13027439_1.fastq.gz;ftp.sra.ebi.ac.uk/vol1/fastq/ERR130/039/ERR13027439/ERR13027439_2.fastq.gz	3467786341;7649793435	4d9d584e99cc22891f6af7d8b582f0fe;0e109408abfd7b8f48fb070badc2ea81	345517258
ERR13027440	SAMEA115537428	E-MTAB-13687_2:CITEseq Multiplex 4_BCR	CITEseq Multiplex 4_BCR	Illumina NovaSeq 6000 sequencing: Tonsil Atlas FASTQ files	CITEseq Multiplex 4_p	ftp.sra.ebi.ac.uk/vol1/fastq/ERR130/040/ERR13027440/ERR13027440_1.fastq.gz;ftp.sra.ebi.ac.uk/vol1/fastq/ERR130/040/ERR13027440/ERR13027440_2.fastq.gz	431144285;190994174	a93d7e01bbebc14f4d969fcd1d85b665;55b4519dd11c9ef394cd0cee8a0bf604	19092606
ERR13027447	SAMEA115537507	E-MTAB-13687_2:scRNA Sample 8_not_hashed	scRNA Sample 8_not_hashed	Illumina NovaSeq 6000 sequencing: Tonsil Atlas FASTQ files	scRNA Sample 8_p				0
ERR13027450	SAMEA115537440	E-MTAB-13687_2:CITEseq Sample 3_BCR	CITEseq Sample 3_BCR	Illumina NovaSeq 6000 sequencing: Tonsil Atlas FASTQ files	CITEseq Sample 3_p	ftp.sra.ebi.ac.uk/vol1/fastq/ERR130/050/ERR13027450/ERR13027450_1.fastq.gz;ftp.sra.ebi.ac.uk/vol1/fastq/ERR130/050/ERR13027450/ERR13027450_2.fastq.gz	2207420190;5146321831	f9a83e723e14327ab1d9dd300d792f9a;9c09e3ab3a4dafc23ac700848531839c	219679646
ERR13027455	SAMEA115537463	E-MTAB-13687_2:scATAC Sample 2	scATAC Sample 2	Illumina NovaSeq 6000 sequencing: Tonsil Atlas FASTQ files	scATAC Sample 2_p				0
ERR13027463	SAMEA115537428	E-MTAB-13687_2:CITEseq Multiplex 4_BCR	CITEseq Multiplex 4_BCR	Illumina NovaSeq 6000 sequencing: Tonsil Atlas FASTQ files	CITEseq Multiplex 4_p	ftp.sra.ebi.ac.uk/vol1/fastq/ERR130/063/ERR13027463/ERR13027463_1.fastq.gz;ftp.sra.ebi.ac.uk/vol1/fastq/ERR130/063/ERR13027463/ERR13027463_2.fastq.gz	185828378;398927888	7a834d60e9e1f4a98501632cac3b95a8;775355b8e49717063b18d00d3ee76712	19713274
ERR13027468	SAMEA115537510	E-MTAB-13687_2:Visium Sample 2	Visium Sample 2	Illumina NovaSeq 6000 sequencing: Tonsil Atlas FASTQ files	Visium Sample 2_p	ftp.sra.ebi.ac.uk/vol1/fastq/ERR130/068/ERR13027468/ERR13027468_1.fastq.gz;ftp.sra.ebi.ac.uk/vol1/fastq/ERR130/068/ERR13027468/ERR13027468_2.fastq.gz	4296391621;2176930358	7b1cb7a197fdc3b44fca6a80e57de10c;3b1ab06400e4e64f2fc49be0ad117968	224132348
ERR13027470	SAMEA115537456	E-MTAB-13687_2:Multiome Sample 5_ATAC	Multiome Sample 5_ATAC	Illumina NovaSeq 6000 sequencing: Tonsil Atlas FASTQ files	Multiome Sample 5_p	ftp.sra.ebi.ac.uk/vol1/fastq/ERR130/070/ERR13027470/ERR13027470_1.fastq.gz;ftp.sra.ebi.ac.uk/vol1/fastq/ERR130/070/ERR13027470/ERR13027470_2.fastq.gz	2101367173;4462481250	9473d5dee7404feffe9a0f686a730422;97ddbc368edc7e57dee3612bc91bd2c3	195109176
ERR13027476	SAMEA115537471	E-MTAB-13687_2:scRNA Sample 1_hashed_cdna	scRNA Sample 1_hashed_cdna	Illumina NovaSeq 6000 sequencing: Tonsil Atlas FASTQ files	scRNA Sample 1_p	ftp.sra.ebi.ac.uk/vol1/fastq/ERR130/076/ERR13027476/ERR13027476_1.fastq.gz;ftp.sra.ebi.ac.uk/vol1/fastq/ERR130/076/ERR13027476/ERR13027476_2.fastq.gz	3712938323;8076546710	d4cfab4e745cb9c5f2093fa888400926;4c42071e98d9d7ec47a9431ae1d48be4	368245858
ERR13027480	SAMEA115537490	E-MTAB-13687_2:scRNA Sample 2_hashed_cdna	scRNA Sample 2_hashed_cdna	Illumina NovaSeq 6000 sequencing: Tonsil Atlas FASTQ files	scRNA Sample 2_p	ftp.sra.ebi.ac.uk/vol1/fastq/ERR130/080/ERR13027480/ERR13027480_1.fastq.gz;ftp.sra.ebi.ac.uk/vol1/fastq/ERR130/080/ERR13027480/ERR13027480_2.fastq.gz	1637074196;786852515	a8d97989924ad039598b18a829807c5b;27961b502ac2516606e25f93f17af0fd	78065114
ERR13027483	SAMEA115537514	E-MTAB-13687_2:Visium Sample 6	Visium Sample 6	Illumina NovaSeq 6000 sequencing: Tonsil Atlas FASTQ files	Visium Sample 6_p				0
ERR13027005	SAMEA115537432	E-MTAB-13687_2:CITEseq Sample 1_BCR	CITEseq Sample 1_BCR	Illumina NovaSeq 6000 sequencing: Tonsil Atlas FASTQ files	CITEseq Sample 1_p	ftp.sra.ebi.ac.uk/vol1/fastq/ERR130/005/ERR13027005/ERR13027005_1.fastq.gz;ftp.sra.ebi.ac.uk/vol1/fastq/ERR130/005/ERR13027005/ERR13027005_2.fastq.gz	501422742;937909937	3f6a99c72b33845600392c13ff77fc2d;4a741eca3775dfb5971bb911c55a1285	51144380
ERR13027009	SAMEA115537452	E-MTAB-13687_2:Multiome Sample 3_ATAC	Multiome Sample 3_ATAC	Illumina NovaSeq 6000 sequencing: Tonsil Atlas FASTQ files	Multiome Sample 3_p	ftp.sra.ebi.ac.uk/vol1/fastq/ERR130/009/ERR13027009/ERR13027009_1.fastq.gz;ftp.sra.ebi.ac.uk/vol1/fastq/ERR130/009/ERR13027009/ERR13027009_2.fastq.gz	3613040085;1629780846	b01213aeef075fa1cd44a39771058245;9f39fe49893f8c0883845efe0eaa3dc6	161521754
ERR13027011	SAMEA115537432	E-MTAB-13687_2:CITEseq Sample 1_BCR	CITEseq Sample 1_BCR	Illumina NovaSeq 6000 sequencing: Tonsil Atlas FASTQ files	CITEseq Sample 1_p	ftp.sra.ebi.ac.uk/vol1/fastq/ERR130/011/ERR13027011/ERR13027011_1.fastq.gz;ftp.sra.ebi.ac.uk/vol1/fastq/ERR130/011/ERR13027011/ERR13027011_2.fastq.gz	502972468;937010233	1701ceea5fdf81f0eb209ce856d6f0a1;d2ce59ba2563d63d56f7232463163959	50969944
ERR13027013	SAMEA115537514	E-MTAB-13687_2:Visium Sample 6	Visium Sample 6	Illumina NovaSeq 6000 sequencing: Tonsil Atlas FASTQ files	Visium Sample 6_p				0
ERR13027020	SAMEA115537475	E-MTAB-13687_2:scRNA Sample 11_hashed_cdna	scRNA Sample 11_hashed_cdna	Illumina NovaSeq 6000 sequencing: Tonsil Atlas FASTQ files	scRNA Sample 11_p	ftp.sra.ebi.ac.uk/vol1/fastq/ERR130/020/ERR13027020/ERR13027020_1.fastq.gz;ftp.sra.ebi.ac.uk/vol1/fastq/ERR130/020/ERR13027020/ERR13027020_2.fastq.gz	7660924028;3385530997	17490acecbc399387b449d9e4c3e4126;89086d7da5effa29ed72088a04eea3af	333805598
ERR13027028	SAMEA115537484	E-MTAB-13687_2:scRNA Sample 16_hashed_cdna	scRNA Sample 16_hashed_cdna	Illumina NovaSeq 6000 sequencing: Tonsil Atlas FASTQ files	scRNA Sample 16_p	ftp.sra.ebi.ac.uk/vol1/fastq/ERR130/028/ERR13027028/ERR13027028_1.fastq.gz;ftp.sra.ebi.ac.uk/vol1/fastq/ERR130/028/ERR13027028/ERR13027028_2.fastq.gz	1220616386;2781545077	87d424af1881d2b964477097a237e8db;db253b06b72da9020f41583eb4ed0ace	118786320
ERR13027030	SAMEA115537456	E-MTAB-13687_2:Multiome Sample 5_ATAC	Multiome Sample 5_ATAC	Illumina NovaSeq 6000 sequencing: Tonsil Atlas FASTQ files	Multiome Sample 5_p				0
ERR13027033	SAMEA115537470	E-MTAB-13687_2:scATAC Sample 9	scATAC Sample 9	Illumina NovaSeq 6000 sequencing: Tonsil Atlas FASTQ files	scATAC Sample 9_p				0
ERR13027038	SAMEA115537479	E-MTAB-13687_2:scRNA Sample 13_hashed_cdna	scRNA Sample 13_hashed_cdna	Illumina NovaSeq 6000 sequencing: Tonsil Atlas FASTQ files	scRNA Sample 13_p	ftp.sra.ebi.ac.uk/vol1/fastq/ERR130/038/ERR13027038/ERR13027038_1.fastq.gz;ftp.sra.ebi.ac.uk/vol1/fastq/ERR130/038/ERR13027038/ERR13027038_2.fastq.gz	306797327;534259633	f1d64291e318b81e32df2ba8f3773e8c;84d2728084890afe2459c7ec74f9fdae	28657106
ERR13027043	SAMEA115537509	E-MTAB-13687_2:Visium Sample 1	Visium Sample 1	Illumina NovaSeq 6000 sequencing: Tonsil Atlas FASTQ files	Visium Sample 1_p	ftp.sra.ebi.ac.uk/vol1/fastq/ERR130/043/ERR13027043/ERR13027043_1.fastq.gz;ftp.sra.ebi.ac.uk/vol1/fastq/ERR130/043/ERR13027043/ERR13027043_2.fastq.gz	2637292357;1311172280	18aaeff5900dee9be9833b3a706aaada;787526e14c14ed19fe3ff520a1e9a499	130217234
ERR13027053	SAMEA115537471	E-MTAB-13687_2:scRNA Sample 1_hashed_cdna	scRNA Sample 1_hashed_cdna	Illumina NovaSeq 6000 sequencing: Tonsil Atlas FASTQ files	scRNA Sample 1_p	ftp.sra.ebi.ac.uk/vol1/fastq/ERR130/053/ERR13027053/ERR13027053_1.fastq.gz;ftp.sra.ebi.ac.uk/vol1/fastq/ERR130/053/ERR13027053/ERR13027053_2.fastq.gz	1537473012;727332306	1ea002f6b690aeda6f7fbfb4c4e37a63;fe73e1e4e69e179a41a91fcf874c4fed	70420096
ERR13027068	SAMEA115537446	E-MTAB-13687_2:MCL Sample 2_RNA	MCL Sample 2_RNA	Illumina NovaSeq 6000 sequencing: Tonsil Atlas FASTQ files	MCL Sample 2_p	ftp.sra.ebi.ac.uk/vol1/fastq/ERR130/068/ERR13027068/ERR13027068_1.fastq.gz;ftp.sra.ebi.ac.uk/vol1/fastq/ERR130/068/ERR13027068/ERR13027068_2.fastq.gz	2852668850;6218061619	280fa54fbb2d7e4bbd7df04538bad01d;fa3a9b77ae2b542276b2d4bb3f12bf8d	284060336
ERR13027073	SAMEA115537456	E-MTAB-13687_2:Multiome Sample 5_ATAC	Multiome Sample 5_ATAC	Illumina NovaSeq 6000 sequencing: Tonsil Atlas FASTQ files	Multiome Sample 5_p	ftp.sra.ebi.ac.uk/vol1/fastq/ERR130/073/ERR13027073/ERR13027073_1.fastq.gz;ftp.sra.ebi.ac.uk/vol1/fastq/ERR130/073/ERR13027073/ERR13027073_2.fastq.gz	2408582349;5169231726	49f83d91c89f25f46cfe68f5aa0f4828;d2cfd05ab70ed4193602960319bf6780	223537538
ERR13027087	SAMEA115537499	E-MTAB-13687_2:scRNA Sample 5_hashed_cdna	scRNA Sample 5_hashed_cdna	Illumina NovaSeq 6000 sequencing: Tonsil Atlas FASTQ files	scRNA Sample 5_p	ftp.sra.ebi.ac.uk/vol1/fastq/ERR130/087/ERR13027087/ERR13027087_1.fastq.gz;ftp.sra.ebi.ac.uk/vol1/fastq/ERR130/087/ERR13027087/ERR13027087_2.fastq.gz	1998112443;918863122	f917a9752d61b27b9aba916dc5714ea9;0bae3ff65a35796dbbf492862ee994f4	88167032
ERR13027091	SAMEA115537432	E-MTAB-13687_2:CITEseq Sample 1_BCR	CITEseq Sample 1_BCR	Illumina NovaSeq 6000 sequencing: Tonsil Atlas FASTQ files	CITEseq Sample 1_p	ftp.sra.ebi.ac.uk/vol1/fastq/ERR130/091/ERR13027091/ERR13027091_1.fastq.gz;ftp.sra.ebi.ac.uk/vol1/fastq/ERR130/091/ERR13027091/ERR13027091_2.fastq.gz	407984853;811996230	b1cfc663b73f0de371b32009e76ed8d4;0a81e17834dceb451dd28309b840481f	43596758
ERR13027098	SAMEA115537446	E-MTAB-13687_2:MCL Sample 2_RNA	MCL Sample 2_RNA	Illumina NovaSeq 6000 sequencing: Tonsil Atlas FASTQ files	MCL Sample 2_p	ftp.sra.ebi.ac.uk/vol1/fastq/ERR130/098/ERR13027098/ERR13027098_1.fastq.gz;ftp.sra.ebi.ac.uk/vol1/fastq/ERR130/098/ERR13027098/ERR13027098_2.fastq.gz	4684547864;2113364691	521d8eaa16f99a265d1624a96a543044;c04628c7d70d44f7f7a4134cd94c5116	210150446
ERR13027099	SAMEA115537454	E-MTAB-13687_2:Multiome Sample 4_ATAC	Multiome Sample 4_ATAC	Illumina NovaSeq 6000 sequencing: Tonsil Atlas FASTQ files	Multiome Sample 4_p				0
ERR13027100	SAMEA115537454	E-MTAB-13687_2:Multiome Sample 4_ATAC	Multiome Sample 4_ATAC	Illumina NovaSeq 6000 sequencing: Tonsil Atlas FASTQ files	Multiome Sample 4_p	ftp.sra.ebi.ac.uk/vol1/fastq/ERR130/000/ERR13027100/ERR13027100_1.fastq.gz;ftp.sra.ebi.ac.uk/vol1/fastq/ERR130/000/ERR13027100/ERR13027100_2.fastq.gz	2107388050;4582362418	b078d06d1f44d9d41f1a3005480d4f81;f8b90651b51117203aefdbc44df5a251	194048990
ERR13027108	SAMEA115537432	E-MTAB-13687_2:CITEseq Sample 1_BCR	CITEseq Sample 1_BCR	Illumina NovaSeq 6000 sequencing: Tonsil Atlas FASTQ files	CITEseq Sample 1_p	ftp.sra.ebi.ac.uk/vol1/fastq/ERR130/008/ERR13027108/ERR13027108_1.fastq.gz;ftp.sra.ebi.ac.uk/vol1/fastq/ERR130/008/ERR13027108/ERR13027108_2.fastq.gz	912947251;488011325	353a0a10d2bace8713976289d4445bdd;2f0c100ab95482cec5e553773a08c611	49350328
ERR13027109	SAMEA115537440	E-MTAB-13687_2:CITEseq Sample 3_BCR	CITEseq Sample 3_BCR	Illumina NovaSeq 6000 sequencing: Tonsil Atlas FASTQ files	CITEseq Sample 3_p	ftp.sra.ebi.ac.uk/vol1/fastq/ERR130/009/ERR13027109/ERR13027109_1.fastq.gz;ftp.sra.ebi.ac.uk/vol1/fastq/ERR130/009/ERR13027109/ERR13027109_2.fastq.gz	425418867;808531603	e817e31442db2d5b814de48c70790b1e;2cf4927bf47c8f0299e33a89f0ecd7c3	41926104
ERR13027111	SAMEA115537493	E-MTAB-13687_2:scRNA Sample 3_hashed_cdna	scRNA Sample 3_hashed_cdna	Illumina NovaSeq 6000 sequencing: Tonsil Atlas FASTQ files	scRNA Sample 3_p	ftp.sra.ebi.ac.uk/vol1/fastq/ERR130/011/ERR13027111/ERR13027111_1.fastq.gz;ftp.sra.ebi.ac.uk/vol1/fastq/ERR130/011/ERR13027111/ERR13027111_2.fastq.gz	3041302245;1559997963	262853b12237bc88eb395e55925dd8e3;f37b984a0f8c35d453f2b5240cedcb2c	155996876
ERR13027117	SAMEA115537456	E-MTAB-13687_2:Multiome Sample 5_ATAC	Multiome Sample 5_ATAC	Illumina NovaSeq 6000 sequencing: Tonsil Atlas FASTQ files	Multiome Sample 5_p				0
ERR13027123	SAMEA115537477	E-MTAB-13687_2:scRNA Sample 12_hashed_cdna	scRNA Sample 12_hashed_cdna	Illumina NovaSeq 6000 sequencing: Tonsil Atlas FASTQ files	scRNA Sample 12_p	ftp.sra.ebi.ac.uk/vol1/fastq/ERR130/023/ERR13027123/ERR13027123_1.fastq.gz;ftp.sra.ebi.ac.uk/vol1/fastq/ERR130/023/ERR13027123/ERR13027123_2.fastq.gz	8139536232;3775768645	7855f9e73e2f1b26bb872b0622b465a5;6e4bd11d41406eb4e8886d3050ecee89	366357336
ERR13027125	SAMEA115537481	E-MTAB-13687_2:scRNA Sample 14_not_hashed	scRNA Sample 14_not_hashed	Illumina NovaSeq 6000 sequencing: Tonsil Atlas FASTQ files	scRNA Sample 14_p				0
ERR13027148	SAMEA115537432	E-MTAB-13687_2:CITEseq Sample 1_BCR	CITEseq Sample 1_BCR	Illumina NovaSeq 6000 sequencing: Tonsil Atlas FASTQ files	CITEseq Sample 1_p	ftp.sra.ebi.ac.uk/vol1/fastq/ERR130/048/ERR13027148/ERR13027148_1.fastq.gz;ftp.sra.ebi.ac.uk/vol1/fastq/ERR130/048/ERR13027148/ERR13027148_2.fastq.gz	1024772640;511032563	e396b8e6cd0aced6af7f96b22097075a;3ee6f6aad58d22f02a8b41018805f4b9	54313234
ERR13027155	SAMEA115537487	E-MTAB-13687_2:scRNA Sample 17_hashed_cdna	scRNA Sample 17_hashed_cdna	Illumina NovaSeq 6000 sequencing: Tonsil Atlas FASTQ files	scRNA Sample 17_p	ftp.sra.ebi.ac.uk/vol1/fastq/ERR130/055/ERR13027155/ERR13027155_1.fastq.gz;ftp.sra.ebi.ac.uk/vol1/fastq/ERR130/055/ERR13027155/ERR13027155_2.fastq.gz	298883965;591912151	d811d65919e4f0d1edbf13e8d2c4b566;5d1154cbdb99e6bfede54dabc41af626	29499352
ERR13027157	SAMEA115537499	E-MTAB-13687_2:scRNA Sample 5_hashed_cdna	scRNA Sample 5_hashed_cdna	Illumina NovaSeq 6000 sequencing: Tonsil Atlas FASTQ files	scRNA Sample 5_p	ftp.sra.ebi.ac.uk/vol1/fastq/ERR130/057/ERR13027157/ERR13027157_1.fastq.gz;ftp.sra.ebi.ac.uk/vol1/fastq/ERR130/057/ERR13027157/ERR13027157_2.fastq.gz	2172971748;4754656666	27955fdf6b61256b401670b92bea3a7c;7cfe2a1a6d46f80ee9341f226ce021f7	211968496
ERR13027160	SAMEA115537471	E-MTAB-13687_2:scRNA Sample 1_hashed_cdna	scRNA Sample 1_hashed_cdna	Illumina NovaSeq 6000 sequencing: Tonsil Atlas FASTQ files	scRNA Sample 1_p	ftp.sra.ebi.ac.uk/vol1/fastq/ERR130/060/ERR13027160/ERR13027160_1.fastq.gz;ftp.sra.ebi.ac.uk/vol1/fastq/ERR130/060/ERR13027160/ERR13027160_2.fastq.gz	233475696;463256846	9ea22fca7324a66c6f8b6fa304dfc570;19baf414e461ab07f1ff8290011ab932	22440230
ERR13027170	SAMEA115537454	E-MTAB-13687_2:Multiome Sample 4_ATAC	Multiome Sample 4_ATAC	Illumina NovaSeq 6000 sequencing: Tonsil Atlas FASTQ files	Multiome Sample 4_p	ftp.sra.ebi.ac.uk/vol1/fastq/ERR130/070/ERR13027170/ERR13027170_1.fastq.gz;ftp.sra.ebi.ac.uk/vol1/fastq/ERR130/070/ERR13027170/ERR13027170_2.fastq.gz	1769125357;3960340541	fc00ffbbe20d3ae659acf3df05946e94;8f4ebb968a9addd64a39720b570f61f2	164035756
ERR13027171	SAMEA115537448	E-MTAB-13687_2:Multiome Sample 1_ATAC	Multiome Sample 1_ATAC	Illumina NovaSeq 6000 sequencing: Tonsil Atlas FASTQ files	Multiome Sample 1_p				0
ERR13027172	SAMEA115537432	E-MTAB-13687_2:CITEseq Sample 1_BCR	CITEseq Sample 1_BCR	Illumina NovaSeq 6000 sequencing: Tonsil Atlas FASTQ files	CITEseq Sample 1_p	ftp.sra.ebi.ac.uk/vol1/fastq/ERR130/072/ERR13027172/ERR13027172_1.fastq.gz;ftp.sra.ebi.ac.uk/vol1/fastq/ERR130/072/ERR13027172/ERR13027172_2.fastq.gz	624972241;1168521764	43ee92bba5794536709c0266b70e32cf;b2a798f3a0b28ce44c6024fa6a9ed739	63960000
ERR13027176	SAMEA115537474	E-MTAB-13687_2:scRNA Sample 10_not_hashed	scRNA Sample 10_not_hashed	Illumina NovaSeq 6000 sequencing: Tonsil Atlas FASTQ files	scRNA Sample 10_p				0
ERR13027178	SAMEA115537463	E-MTAB-13687_2:scATAC Sample 2	scATAC Sample 2	Illumina NovaSeq 6000 sequencing: Tonsil Atlas FASTQ files	scATAC Sample 2_p				0
ERR13027179	SAMEA115537428	E-MTAB-13687_2:CITEseq Multiplex 4_BCR	CITEseq Multiplex 4_BCR	Illumina NovaSeq 6000 sequencing: Tonsil Atlas FASTQ files	CITEseq Multiplex 4_p	ftp.sra.ebi.ac.uk/vol1/fastq/ERR130/079/ERR13027179/ERR13027179_1.fastq.gz;ftp.sra.ebi.ac.uk/vol1/fastq/ERR130/079/ERR13027179/ERR13027179_2.fastq.gz	788374739;408877205	d9b95dabfa547b055a98fe365f6b92c2;058a026215a5d0de98454fb037759749	42371542
ERR13027180	SAMEA115537432	E-MTAB-13687_2:CITEseq Sample 1_BCR	CITEseq Sample 1_BCR	Illumina NovaSeq 6000 sequencing: Tonsil Atlas FASTQ files	CITEseq Sample 1_p	ftp.sra.ebi.ac.uk/vol1/fastq/ERR130/080/ERR13027180/ERR13027180_1.fastq.gz;ftp.sra.ebi.ac.uk/vol1/fastq/ERR130/080/ERR13027180/ERR13027180_2.fastq.gz	1051685253;519343164	6b5e7449cad4dd49aabecc5bf412298e;27fdc34a44e29a01ae2a1b532ba65756	55181004
ERR13027185	SAMEA115537436	E-MTAB-13687_2:CITEseq Sample 2_BCR	CITEseq Sample 2_BCR	Illumina NovaSeq 6000 sequencing: Tonsil Atlas FASTQ files	CITEseq Sample 2_p	ftp.sra.ebi.ac.uk/vol1/fastq/ERR130/085/ERR13027185/ERR13027185_1.fastq.gz;ftp.sra.ebi.ac.uk/vol1/fastq/ERR130/085/ERR13027185/ERR13027185_2.fastq.gz	756268144;388071367	e414d652e4ccd2d28cf910b779ce516a;37c71adf4e01f4f7916cc95256b21ee3	43437520
ERR13027186	SAMEA115537444	E-MTAB-13687_2:MCL Sample 1_RNA	MCL Sample 1_RNA	Illumina NovaSeq 6000 sequencing: Tonsil Atlas FASTQ files	MCL Sample 1_p	ftp.sra.ebi.ac.uk/vol1/fastq/ERR130/086/ERR13027186/ERR13027186_1.fastq.gz;ftp.sra.ebi.ac.uk/vol1/fastq/ERR130/086/ERR13027186/ERR13027186_2.fastq.gz	2011525902;4369975206	bc9c8096f5a22b4e045ee401d53201df;fa29e2a3105003bd71ee331126caff24	198325898
ERR13027189	SAMEA115537436	E-MTAB-13687_2:CITEseq Sample 2_BCR	CITEseq Sample 2_BCR	Illumina NovaSeq 6000 sequencing: Tonsil Atlas FASTQ files	CITEseq Sample 2_p	ftp.sra.ebi.ac.uk/vol1/fastq/ERR130/089/ERR13027189/ERR13027189_1.fastq.gz;ftp.sra.ebi.ac.uk/vol1/fastq/ERR130/089/ERR13027189/ERR13027189_2.fastq.gz	837654390;429309233	6142c8577c762171702331cf2013af28;160b2ac9b83ab53af420b33e3abebb2b	48863714
ERR13027192	SAMEA115537465	E-MTAB-13687_2:scATAC Sample 4	scATAC Sample 4	Illumina NovaSeq 6000 sequencing: Tonsil Atlas FASTQ files	scATAC Sample 4_p				0
ERR13027193	SAMEA115537456	E-MTAB-13687_2:Multiome Sample 5_ATAC	Multiome Sample 5_ATAC	Illumina NovaSeq 6000 sequencing: Tonsil Atlas FASTQ files	Multiome Sample 5_p	ftp.sra.ebi.ac.uk/vol1/fastq/ERR130/093/ERR13027193/ERR13027193_1.fastq.gz;ftp.sra.ebi.ac.uk/vol1/fastq/ERR130/093/ERR13027193/ERR13027193_2.fastq.gz	2335268763;4989832267	a71108ef90fce22e480a246d54b18472;b78a9ffddcb20c41c383a6d224924acb	215280328
ERR13027197	SAMEA115537432	E-MTAB-13687_2:CITEseq Sample 1_BCR	CITEseq Sample 1_BCR	Illumina NovaSeq 6000 sequencing: Tonsil Atlas FASTQ files	CITEseq Sample 1_p	ftp.sra.ebi.ac.uk/vol1/fastq/ERR130/097/ERR13027197/ERR13027197_1.fastq.gz;ftp.sra.ebi.ac.uk/vol1/fastq/ERR130/097/ERR13027197/ERR13027197_2.fastq.gz	1136778944;605304881	7d653d1cc3e4e90e3202823ea8b33c59;50843e6d558af3153a7e847691ba7eb1	61814858
ERR13027209	SAMEA115537484	E-MTAB-13687_2:scRNA Sample 16_hashed_cdna	scRNA Sample 16_hashed_cdna	Illumina NovaSeq 6000 sequencing: Tonsil Atlas FASTQ files	scRNA Sample 16_p	ftp.sra.ebi.ac.uk/vol1/fastq/ERR130/009/ERR13027209/ERR13027209_1.fastq.gz;ftp.sra.ebi.ac.uk/vol1/fastq/ERR130/009/ERR13027209/ERR13027209_2.fastq.gz	473319909;1093491648	9a0298d38df578189325bdc461070164;673e2cfa6d09b02301cec5aa23cfc6e7	45913392
ERR13027210	SAMEA115537502	E-MTAB-13687_2:scRNA Sample 6_hashed_cdna	scRNA Sample 6_hashed_cdna	Illumina NovaSeq 6000 sequencing: Tonsil Atlas FASTQ files	scRNA Sample 6_p	ftp.sra.ebi.ac.uk/vol1/fastq/ERR130/010/ERR13027210/ERR13027210_1.fastq.gz;ftp.sra.ebi.ac.uk/vol1/fastq/ERR130/010/ERR13027210/ERR13027210_2.fastq.gz	357628937;727389797	5358cf6ed72450708c97dbf4339632ff;5340de6bdfee947b205bc5af60df52f8	35061442
ERR13027213	SAMEA115537450	E-MTAB-13687_2:Multiome Sample 2_RNA	Multiome Sample 2_RNA	Illumina NovaSeq 6000 sequencing: Tonsil Atlas FASTQ files	Multiome Sample 2_p				0
ERR13027217	SAMEA115537499	E-MTAB-13687_2:scRNA Sample 5_hashed_cdna	scRNA Sample 5_hashed_cdna	Illumina NovaSeq 6000 sequencing: Tonsil Atlas FASTQ files	scRNA Sample 5_p	ftp.sra.ebi.ac.uk/vol1/fastq/ERR130/017/ERR13027217/ERR13027217_1.fastq.gz;ftp.sra.ebi.ac.uk/vol1/fastq/ERR130/017/ERR13027217/ERR13027217_2.fastq.gz	5235494302;11539746590	f3f91ada291fff452abd946ad504a6c6;0fb8f243c64102f128c1191628f0fe67	520144868
ERR13027228	SAMEA115537504	E-MTAB-13687_2:scRNA Sample 7_hashed_cdna	scRNA Sample 7_hashed_cdna	Illumina NovaSeq 6000 sequencing: Tonsil Atlas FASTQ files	scRNA Sample 7_p	ftp.sra.ebi.ac.uk/vol1/fastq/ERR130/028/ERR13027228/ERR13027228_1.fastq.gz;ftp.sra.ebi.ac.uk/vol1/fastq/ERR130/028/ERR13027228/ERR13027228_2.fastq.gz	374958881;412445076	a18382c98d4926ba2b39e485577a52ab;594d125ee63ad07f169ed21a9e051833	17441006
ERR13027230	SAMEA115537516	E-MTAB-13687_2:Visium Sample 8	Visium Sample 8	Illumina NovaSeq 6000 sequencing: Tonsil Atlas FASTQ files	Visium Sample 8_p	ftp.sra.ebi.ac.uk/vol1/fastq/ERR130/030/ERR13027230/ERR13027230_1.fastq.gz;ftp.sra.ebi.ac.uk/vol1/fastq/ERR130/030/ERR13027230/ERR13027230_2.fastq.gz	3093455943;1573931920	6876b7f208026501a339c0d9b08bd15c;3f67cf750412b6d14b68f59548d9e524	161151812
ERR13027249	SAMEA115537484	E-MTAB-13687_2:scRNA Sample 16_hashed_cdna	scRNA Sample 16_hashed_cdna	Illumina NovaSeq 6000 sequencing: Tonsil Atlas FASTQ files	scRNA Sample 16_p	ftp.sra.ebi.ac.uk/vol1/fastq/ERR130/049/ERR13027249/ERR13027249_1.fastq.gz;ftp.sra.ebi.ac.uk/vol1/fastq/ERR130/049/ERR13027249/ERR13027249_2.fastq.gz	7701965185;3369577318	783fe528109f64115f42b3dbec6a2695;c83d366267e3dec3ecadc08198260f94	329693238
ERR13027253	SAMEA115537428	E-MTAB-13687_2:CITEseq Multiplex 4_BCR	CITEseq Multiplex 4_BCR	Illumina NovaSeq 6000 sequencing: Tonsil Atlas FASTQ files	CITEseq Multiplex 4_p	ftp.sra.ebi.ac.uk/vol1/fastq/ERR130/053/ERR13027253/ERR13027253_1.fastq.gz;ftp.sra.ebi.ac.uk/vol1/fastq/ERR130/053/ERR13027253/ERR13027253_2.fastq.gz	184820417;388911710	8cd63f2cfc33a8d37d6e7f14513a4158;6e1b2f77431b64a79c011204f1800827	19313206
ERR13027261	SAMEA115537436	E-MTAB-13687_2:CITEseq Sample 2_BCR	CITEseq Sample 2_BCR	Illumina NovaSeq 6000 sequencing: Tonsil Atlas FASTQ files	CITEseq Sample 2_p	ftp.sra.ebi.ac.uk/vol1/fastq/ERR130/061/ERR13027261/ERR13027261_1.fastq.gz;ftp.sra.ebi.ac.uk/vol1/fastq/ERR130/061/ERR13027261/ERR13027261_2.fastq.gz	2542594346;5830213378	d2cbf616ef2f203508a3c2203bbd81e3;dde21201a557e025a43c793ce35fac65	259770582
ERR13027263	SAMEA115537471	E-MTAB-13687_2:scRNA Sample 1_hashed_cdna	scRNA Sample 1_hashed_cdna	Illumina NovaSeq 6000 sequencing: Tonsil Atlas FASTQ files	scRNA Sample 1_p	ftp.sra.ebi.ac.uk/vol1/fastq/ERR130/063/ERR13027263/ERR13027263_1.fastq.gz;ftp.sra.ebi.ac.uk/vol1/fastq/ERR130/063/ERR13027263/ERR13027263_2.fastq.gz	241236001;478155117	9553801c272e260aec339d3516f352bb;5d84ad12ff6b55c105d0d3ccea0b2416	23221668
ERR13027265	SAMEA115537482	E-MTAB-13687_2:scRNA Sample 15_hashed_cdna	scRNA Sample 15_hashed_cdna	Illumina NovaSeq 6000 sequencing: Tonsil Atlas FASTQ files	scRNA Sample 15_p	ftp.sra.ebi.ac.uk/vol1/fastq/ERR130/065/ERR13027265/ERR13027265_1.fastq.gz;ftp.sra.ebi.ac.uk/vol1/fastq/ERR130/065/ERR13027265/ERR13027265_2.fastq.gz	4380212094;9983838758	a541e368276f7f9cf66417fdf4656d02;507931eb9cfa3171c0ab1543f09bddb5	433351912
ERR13027266	SAMEA115537482	E-MTAB-13687_2:scRNA Sample 15_hashed_cdna	scRNA Sample 15_hashed_cdna	Illumina NovaSeq 6000 sequencing: Tonsil Atlas FASTQ files	scRNA Sample 15_p	ftp.sra.ebi.ac.uk/vol1/fastq/ERR130/066/ERR13027266/ERR13027266_1.fastq.gz;ftp.sra.ebi.ac.uk/vol1/fastq/ERR130/066/ERR13027266/ERR13027266_2.fastq.gz	4820975028;2618595937	5f715028cc6afe86b55a68a3d3a21c74;a970340b4f003e8b9ad9b0a10b7425d2	259850904
ERR13027267	SAMEA115537436	E-MTAB-13687_2:CITEseq Sample 2_BCR	CITEseq Sample 2_BCR	Illumina NovaSeq 6000 sequencing: Tonsil Atlas FASTQ files	CITEseq Sample 2_p	ftp.sra.ebi.ac.uk/vol1/fastq/ERR130/067/ERR13027267/ERR13027267_1.fastq.gz;ftp.sra.ebi.ac.uk/vol1/fastq/ERR130/067/ERR13027267/ERR13027267_2.fastq.gz	2066192361;897095273	2fba020acc12d792eb448a47136fcfb8;c34584282ea6a21eb78b2b2db01f14af	89585972
ERR13027268	SAMEA115537440	E-MTAB-13687_2:CITEseq Sample 3_BCR	CITEseq Sample 3_BCR	Illumina NovaSeq 6000 sequencing: Tonsil Atlas FASTQ files	CITEseq Sample 3_p	ftp.sra.ebi.ac.uk/vol1/fastq/ERR130/068/ERR13027268/ERR13027268_1.fastq.gz;ftp.sra.ebi.ac.uk/vol1/fastq/ERR130/068/ERR13027268/ERR13027268_2.fastq.gz	493139033;1135788589	0ad039ddddb073891cd9b16fbcb937cc;1fac2057033aabb1deb07823ec81bc9e	47911650
ERR13027273	SAMEA115537484	E-MTAB-13687_2:scRNA Sample 16_hashed_cdna	scRNA Sample 16_hashed_cdna	Illumina NovaSeq 6000 sequencing: Tonsil Atlas FASTQ files	scRNA Sample 16_p	ftp.sra.ebi.ac.uk/vol1/fastq/ERR130/073/ERR13027273/ERR13027273_1.fastq.gz;ftp.sra.ebi.ac.uk/vol1/fastq/ERR130/073/ERR13027273/ERR13027273_2.fastq.gz	1202018606;2754421104	e812b8a7146561cecfb0b8788f920031;10497df035d16926d06e30c9b6d5298b	116396296
ERR13027286	SAMEA115537487	E-MTAB-13687_2:scRNA Sample 17_hashed_cdna	scRNA Sample 17_hashed_cdna	Illumina NovaSeq 6000 sequencing: Tonsil Atlas FASTQ files	scRNA Sample 17_p	ftp.sra.ebi.ac.uk/vol1/fastq/ERR130/086/ERR13027286/ERR13027286_1.fastq.gz;ftp.sra.ebi.ac.uk/vol1/fastq/ERR130/086/ERR13027286/ERR13027286_2.fastq.gz	6049081976;14020195018	eb05802b4daeeddc9abe2f25916b4292;e7b5231eeedb3f348f44fde209b23a1f	589680216
ERR13027288	SAMEA115537514	E-MTAB-13687_2:Visium Sample 6	Visium Sample 6	Illumina NovaSeq 6000 sequencing: Tonsil Atlas FASTQ files	Visium Sample 6_p				0
ERR13027289	SAMEA115537513	E-MTAB-13687_2:Visium Sample 5	Visium Sample 5	Illumina NovaSeq 6000 sequencing: Tonsil Atlas FASTQ files	Visium Sample 5_p	ftp.sra.ebi.ac.uk/vol1/fastq/ERR130/089/ERR13027289/ERR13027289_1.fastq.gz;ftp.sra.ebi.ac.uk/vol1/fastq/ERR130/089/ERR13027289/ERR13027289_2.fastq.gz	3469069950;1800106141	b1c970e21e101e26555312035a3aec87;885f29101afdfc821db7537ac8279cb9	183242220
ERR13027292	SAMEA115537432	E-MTAB-13687_2:CITEseq Sample 1_BCR	CITEseq Sample 1_BCR	Illumina NovaSeq 6000 sequencing: Tonsil Atlas FASTQ files	CITEseq Sample 1_p	ftp.sra.ebi.ac.uk/vol1/fastq/ERR130/092/ERR13027292/ERR13027292_1.fastq.gz;ftp.sra.ebi.ac.uk/vol1/fastq/ERR130/092/ERR13027292/ERR13027292_2.fastq.gz	376219077;790728479	4bf4720bbef16aa943eac5acb5890423;b52a737c73c9cf18c0a8ba33643e0a1d	37230286
ERR13027295	SAMEA115537490	E-MTAB-13687_2:scRNA Sample 2_hashed_cdna	scRNA Sample 2_hashed_cdna	Illumina NovaSeq 6000 sequencing: Tonsil Atlas FASTQ files	scRNA Sample 2_p	ftp.sra.ebi.ac.uk/vol1/fastq/ERR130/095/ERR13027295/ERR13027295_1.fastq.gz;ftp.sra.ebi.ac.uk/vol1/fastq/ERR130/095/ERR13027295/ERR13027295_2.fastq.gz	570980805;279555427	3f07753af9876bf966519f28d7224861;31ad44187eff493bbfaea8b333521af1	27946886
ERR13027297	SAMEA115537428	E-MTAB-13687_2:CITEseq Multiplex 4_BCR	CITEseq Multiplex 4_BCR	Illumina NovaSeq 6000 sequencing: Tonsil Atlas FASTQ files	CITEseq Multiplex 4_p	ftp.sra.ebi.ac.uk/vol1/fastq/ERR130/097/ERR13027297/ERR13027297_1.fastq.gz;ftp.sra.ebi.ac.uk/vol1/fastq/ERR130/097/ERR13027297/ERR13027297_2.fastq.gz	2199658560;922377075	ec026ef809ce4b6d6ba0af1e9de9b10d;4ced30ae3178aa769c5390190825356e	95044378
ERR13027300	SAMEA115537444	E-MTAB-13687_2:MCL Sample 1_RNA	MCL Sample 1_RNA	Illumina NovaSeq 6000 sequencing: Tonsil Atlas FASTQ files	MCL Sample 1_p				0
ERR13027318	SAMEA115537466	E-MTAB-13687_2:scATAC Sample 5	scATAC Sample 5	Illumina NovaSeq 6000 sequencing: Tonsil Atlas FASTQ files	scATAC Sample 5_p				0
ERR13027319	SAMEA115537428	E-MTAB-13687_2:CITEseq Multiplex 4_BCR	CITEseq Multiplex 4_BCR	Illumina NovaSeq 6000 sequencing: Tonsil Atlas FASTQ files	CITEseq Multiplex 4_p	ftp.sra.ebi.ac.uk/vol1/fastq/ERR130/019/ERR13027319/ERR13027319_1.fastq.gz;ftp.sra.ebi.ac.uk/vol1/fastq/ERR130/019/ERR13027319/ERR13027319_2.fastq.gz	447789415;863703247	af5887a3dbbef9e7eac22efd24103f94;11741e375a1a73977592103c6b193261	46791110
ERR13027320	SAMEA115537428	E-MTAB-13687_2:CITEseq Multiplex 4_BCR	CITEseq Multiplex 4_BCR	Illumina NovaSeq 6000 sequencing: Tonsil Atlas FASTQ files	CITEseq Multiplex 4_p	ftp.sra.ebi.ac.uk/vol1/fastq/ERR130/020/ERR13027320/ERR13027320_1.fastq.gz;ftp.sra.ebi.ac.uk/vol1/fastq/ERR130/020/ERR13027320/ERR13027320_2.fastq.gz	275574522;658506875	06b1e051b1208d8b141ba7355f6c7393;8474fd4ca087b6fb67867f3e5d7bbae4	28097498
ERR13027328	SAMEA115537493	E-MTAB-13687_2:scRNA Sample 3_hashed_cdna	scRNA Sample 3_hashed_cdna	Illumina NovaSeq 6000 sequencing: Tonsil Atlas FASTQ files	scRNA Sample 3_p	ftp.sra.ebi.ac.uk/vol1/fastq/ERR130/028/ERR13027328/ERR13027328_1.fastq.gz;ftp.sra.ebi.ac.uk/vol1/fastq/ERR130/028/ERR13027328/ERR13027328_2.fastq.gz	3649977467;1886080152	a5464cc811f19f7389c460b89881714b;f195164ef4814f26c7c6c9d49cd333ea	188961110
ERR13027330	SAMEA115537469	E-MTAB-13687_2:scATAC Sample 8	scATAC Sample 8	Illumina NovaSeq 6000 sequencing: Tonsil Atlas FASTQ files	scATAC Sample 8_p				0
ERR13027340	SAMEA115537454	E-MTAB-13687_2:Multiome Sample 4_ATAC	Multiome Sample 4_ATAC	Illumina NovaSeq 6000 sequencing: Tonsil Atlas FASTQ files	Multiome Sample 4_p				0
ERR13027353	SAMEA115537514	E-MTAB-13687_2:Visium Sample 6	Visium Sample 6	Illumina NovaSeq 6000 sequencing: Tonsil Atlas FASTQ files	Visium Sample 6_p				0
ERR13027389	SAMEA115537452	E-MTAB-13687_2:Multiome Sample 3_ATAC	Multiome Sample 3_ATAC	Illumina NovaSeq 6000 sequencing: Tonsil Atlas FASTQ files	Multiome Sample 3_p				0
ERR13027403	SAMEA115537436	E-MTAB-13687_2:CITEseq Sample 2_BCR	CITEseq Sample 2_BCR	Illumina NovaSeq 6000 sequencing: Tonsil Atlas FASTQ files	CITEseq Sample 2_p	ftp.sra.ebi.ac.uk/vol1/fastq/ERR130/003/ERR13027403/ERR13027403_1.fastq.gz;ftp.sra.ebi.ac.uk/vol1/fastq/ERR130/003/ERR13027403/ERR13027403_2.fastq.gz	242411644;492185581	15e48bc029a433db62cfa9af918a6697;76b3073ee2f54d3e57b1a70d2aafa8fc	24881000
ERR13027409	SAMEA115537515	E-MTAB-13687_2:Visium Sample 7	Visium Sample 7	Illumina NovaSeq 6000 sequencing: Tonsil Atlas FASTQ files	Visium Sample 7_p	ftp.sra.ebi.ac.uk/vol1/fastq/ERR130/009/ERR13027409/ERR13027409_1.fastq.gz;ftp.sra.ebi.ac.uk/vol1/fastq/ERR130/009/ERR13027409/ERR13027409_2.fastq.gz	2145136614;4403301391	e232a613d143fface7a734bc08af4482;37497932dad7d0f443a00064a0ca1d93	216068024
ERR13027410	SAMEA115537502	E-MTAB-13687_2:scRNA Sample 6_hashed_cdna	scRNA Sample 6_hashed_cdna	Illumina NovaSeq 6000 sequencing: Tonsil Atlas FASTQ files	scRNA Sample 6_p	ftp.sra.ebi.ac.uk/vol1/fastq/ERR130/010/ERR13027410/ERR13027410_1.fastq.gz;ftp.sra.ebi.ac.uk/vol1/fastq/ERR130/010/ERR13027410/ERR13027410_2.fastq.gz	4254045320;1952618443	b4e9a6c3c43f56ab49eeef9c418166f4;8f1e7545b5ba49c39aa4afbf239dd63d	188949592
ERR13027423	SAMEA115537493	E-MTAB-13687_2:scRNA Sample 3_hashed_cdna	scRNA Sample 3_hashed_cdna	Illumina NovaSeq 6000 sequencing: Tonsil Atlas FASTQ files	scRNA Sample 3_p	ftp.sra.ebi.ac.uk/vol1/fastq/ERR130/023/ERR13027423/ERR13027423_1.fastq.gz;ftp.sra.ebi.ac.uk/vol1/fastq/ERR130/023/ERR13027423/ERR13027423_2.fastq.gz	14825439229;6365494762	bdde286048bd8de21ce6ecfd08362b46;2723c9f0edcdf80a33762b34c2a53198	629859314
ERR13027424	SAMEA115537432	E-MTAB-13687_2:CITEseq Sample 1_BCR	CITEseq Sample 1_BCR	Illumina NovaSeq 6000 sequencing: Tonsil Atlas FASTQ files	CITEseq Sample 1_p	ftp.sra.ebi.ac.uk/vol1/fastq/ERR130/024/ERR13027424/ERR13027424_1.fastq.gz;ftp.sra.ebi.ac.uk/vol1/fastq/ERR130/024/ERR13027424/ERR13027424_2.fastq.gz	1395217912;644406948	011f60c7864fa3666ed864abfeab9556;59e4fb4c735468e48d3ee6b9977e5f24	64199906
ERR13027425	SAMEA115537490	E-MTAB-13687_2:scRNA Sample 2_hashed_cdna	scRNA Sample 2_hashed_cdna	Illumina NovaSeq 6000 sequencing: Tonsil Atlas FASTQ files	scRNA Sample 2_p	ftp.sra.ebi.ac.uk/vol1/fastq/ERR130/025/ERR13027425/ERR13027425_1.fastq.gz;ftp.sra.ebi.ac.uk/vol1/fastq/ERR130/025/ERR13027425/ERR13027425_2.fastq.gz	797648422;1687175555	2337f19c1209e8dbd7f4fdf1d98042eb;f4c3094a44ad9f34ef33bdfa85710ba6	78804328
ERR13027429	SAMEA115537496	E-MTAB-13687_2:scRNA Sample 4_hashed_cdna	scRNA Sample 4_hashed_cdna	Illumina NovaSeq 6000 sequencing: Tonsil Atlas FASTQ files	scRNA Sample 4_p	ftp.sra.ebi.ac.uk/vol1/fastq/ERR130/029/ERR13027429/ERR13027429_1.fastq.gz;ftp.sra.ebi.ac.uk/vol1/fastq/ERR130/029/ERR13027429/ERR13027429_2.fastq.gz	350050594;711157331	3465d9bb581782ebe5cd5e41d446c325;c140450a3b9a1ec5e70a34b7e430cbd1	34568174
ERR13027432	SAMEA115537477	E-MTAB-13687_2:scRNA Sample 12_hashed_cdna	scRNA Sample 12_hashed_cdna	Illumina NovaSeq 6000 sequencing: Tonsil Atlas FASTQ files	scRNA Sample 12_p	ftp.sra.ebi.ac.uk/vol1/fastq/ERR130/032/ERR13027432/ERR13027432_1.fastq.gz;ftp.sra.ebi.ac.uk/vol1/fastq/ERR130/032/ERR13027432/ERR13027432_2.fastq.gz	1748934416;3365468261	b5559c47123e50d06fabe183e236b275;af3869b18009f2f5b0b0c40c53dad3ea	173022904
ERR13027438	SAMEA115537487	E-MTAB-13687_2:scRNA Sample 17_hashed_cdna	scRNA Sample 17_hashed_cdna	Illumina NovaSeq 6000 sequencing: Tonsil Atlas FASTQ files	scRNA Sample 17_p	ftp.sra.ebi.ac.uk/vol1/fastq/ERR130/038/ERR13027438/ERR13027438_1.fastq.gz;ftp.sra.ebi.ac.uk/vol1/fastq/ERR130/038/ERR13027438/ERR13027438_2.fastq.gz	1343678114;586364073	962f0d1e86ab7203decb05c0e2fcdc0a;d745806e9a90663b48b4cea58df88fe0	56120336
ERR13027443	SAMEA115537446	E-MTAB-13687_2:MCL Sample 2_RNA	MCL Sample 2_RNA	Illumina NovaSeq 6000 sequencing: Tonsil Atlas FASTQ files	MCL Sample 2_p				0
ERR13027451	SAMEA115537477	E-MTAB-13687_2:scRNA Sample 12_hashed_cdna	scRNA Sample 12_hashed_cdna	Illumina NovaSeq 6000 sequencing: Tonsil Atlas FASTQ files	scRNA Sample 12_p	ftp.sra.ebi.ac.uk/vol1/fastq/ERR130/051/ERR13027451/ERR13027451_1.fastq.gz;ftp.sra.ebi.ac.uk/vol1/fastq/ERR130/051/ERR13027451/ERR13027451_2.fastq.gz	7479519580;3267395135	188e148255d47e0838f04e7fef75ad33;5cde823827ba6269f00ebcd730162de2	321395294
ERR13027452	SAMEA115537481	E-MTAB-13687_2:scRNA Sample 14_not_hashed	scRNA Sample 14_not_hashed	Illumina NovaSeq 6000 sequencing: Tonsil Atlas FASTQ files	scRNA Sample 14_p				0
ERR13027457	SAMEA115537440	E-MTAB-13687_2:CITEseq Sample 3_BCR	CITEseq Sample 3_BCR	Illumina NovaSeq 6000 sequencing: Tonsil Atlas FASTQ files	CITEseq Sample 3_p	ftp.sra.ebi.ac.uk/vol1/fastq/ERR130/057/ERR13027457/ERR13027457_1.fastq.gz;ftp.sra.ebi.ac.uk/vol1/fastq/ERR130/057/ERR13027457/ERR13027457_2.fastq.gz	430873445;819728149	3177d6a27c75e74d34cbe40c7b56dd9f;bbacffd3694dea370babe611ebb087b3	42623820
ERR13027458	SAMEA115537440	E-MTAB-13687_2:CITEseq Sample 3_BCR	CITEseq Sample 3_BCR	Illumina NovaSeq 6000 sequencing: Tonsil Atlas FASTQ files	CITEseq Sample 3_p	ftp.sra.ebi.ac.uk/vol1/fastq/ERR130/058/ERR13027458/ERR13027458_1.fastq.gz;ftp.sra.ebi.ac.uk/vol1/fastq/ERR130/058/ERR13027458/ERR13027458_2.fastq.gz	1912932674;826443739	a401d18fbfa78533c7c4c19209019582;e50092eeab35acb0a9690bf6bf88ce27	80796508
ERR13027462	SAMEA115537471	E-MTAB-13687_2:scRNA Sample 1_hashed_cdna	scRNA Sample 1_hashed_cdna	Illumina NovaSeq 6000 sequencing: Tonsil Atlas FASTQ files	scRNA Sample 1_p	ftp.sra.ebi.ac.uk/vol1/fastq/ERR130/062/ERR13027462/ERR13027462_1.fastq.gz;ftp.sra.ebi.ac.uk/vol1/fastq/ERR130/062/ERR13027462/ERR13027462_2.fastq.gz	1210383481;2533172391	0ce4fe54dfa0be7eae5b4b1c29b5aaef;a1534e2128257e159992902d67663598	118425578
ERR13027464	SAMEA115537493	E-MTAB-13687_2:scRNA Sample 3_hashed_cdna	scRNA Sample 3_hashed_cdna	Illumina NovaSeq 6000 sequencing: Tonsil Atlas FASTQ files	scRNA Sample 3_p	ftp.sra.ebi.ac.uk/vol1/fastq/ERR130/064/ERR13027464/ERR13027464_1.fastq.gz;ftp.sra.ebi.ac.uk/vol1/fastq/ERR130/064/ERR13027464/ERR13027464_2.fastq.gz	4713485602;2033141823	e2140d27749193eeb426e4f2a8f81a7d;512b4464abefe1d7dff812dfa4817dd1	198865048
ERR13027475	SAMEA115537467	E-MTAB-13687_2:scATAC Sample 6	scATAC Sample 6	Illumina NovaSeq 6000 sequencing: Tonsil Atlas FASTQ files	scATAC Sample 6_p				0
