accession	source	species	family	genus	host	segment	panel	relevance	relevance_basis	exclusion_reason	twin_checked	sequence_twin_of
AB032553	catalogue-broad	Sagiyama virus	Togaviridae	Alphavirus			broad	unreviewed			no	
AB593690	catalogue-broad	Hepatitis E virus type 3	Hepeviridae	Paslahepevirus			broad	unreviewed			no	
AF201902	catalogue-broad	equine foamy virus Equus caballus	Retroviridae	Equispumavirus			broad	unreviewed			no	
AF260508	catalogue-broad	Human astrovirus 8	Astroviridae	Mamastrovirus			broad	H2_name	species name starts with 'Human '		no	
AF327920	catalogue-broad	parechovirus B1	Picornaviridae	Parechovirus			broad	unreviewed			no	
AM711976	catalogue-broad	TT virus sle1957	Anelloviridae				broad	unreviewed			no	
DQ093792	catalogue-broad	Human T-lymphotropic virus 3	Retroviridae	Deltaretrovirus			broad	H2_name	species name starts with 'Human '		no	
DQ778300	catalogue-broad	Human bocavirus WLL-1	Parvoviridae	Human bocavirus			broad	H2_name	species name starts with 'Human '		no	
DQ923122	catalogue-broad	human adenovirus 52	Adenoviridae	Mastadenovirus			broad	H2_name	species name starts with 'Human '		no	
EF165067	catalogue-broad	cardiovirus D1	Picornaviridae	Cardiovirus			broad	unreviewed			no	
EF582386	catalogue-broad	rhinovirus C5	Picornaviridae	Enterovirus			broad	unreviewed			no	
EU523109	catalogue-broad	Porcine endogenous retrovirus	Retroviridae	Gammaretrovirus			broad	unreviewed			no	
FR751515	catalogue-broad	Micro Torque teno virus	Anelloviridae				broad	unreviewed			no	
FR823284	catalogue-broad	Human polyomavirus IPPyV	Polyomaviridae	Alphapolyomavirus			broad	H2_name	species name starts with 'Human '		no	
GQ404844	catalogue-broad	Human associated cyclovirus 2	Circoviridae	Cyclovirus	Homo sapiens		broad	H1	catalogue host field		no	
GQ404845	catalogue-broad	Human associated cyclovirus 5	Circoviridae	Cyclovirus	Homo sapiens		broad	H1	catalogue host field		no	
GQ404846	catalogue-broad	Human associated cyclovirus 3	Circoviridae	Cyclovirus	Homo sapiens		broad	H1	catalogue host field		no	
GQ404847	catalogue-broad	Human associated cyclovirus 1	Circoviridae	Cyclovirus	Homo sapiens		broad	H1	catalogue host field		no	
GQ404848	catalogue-broad	Cyclovirus PK6197	Circoviridae	Cyclovirus	Homo sapiens		broad	H1	catalogue host field		no	
GQ404854	catalogue-broad	Human associated cyclovirus 6	Circoviridae	Cyclovirus	Homo sapiens		broad	H1	catalogue host field		no	
GQ404855	catalogue-broad	Human associated cyclovirus 7	Circoviridae	Cyclovirus	Homo sapiens		broad	H1	catalogue host field		no	
GQ404857	catalogue-broad	Human associated cyclovirus 4	Circoviridae	Cyclovirus	Homo sapiens		broad	H1	catalogue host field		no	
GQ891990	catalogue-broad	Astrovirus SG	Astroviridae	Mamastrovirus	Homo sapiens		broad	H1	catalogue host field		no	
HM450380	catalogue-broad	Astrovirus MLB1 HK05	Astroviridae	Mamastrovirus	Homo sapiens		broad	H1	catalogue host field		no	
JQ410350	catalogue-broad	Ectromelia virus ERPV	Poxviridae	Orthopoxvirus	Homo sapiens		broad	H1	catalogue host field		no	
JX245014	catalogue-broad	Human immunodeficiency virus	Retroviridae	Lentivirus	Homo sapiens		broad	H1	catalogue host field		no	
JX259273	catalogue-broad	MX polyomavirus	Polyomaviridae		Homo sapiens		broad	H1	catalogue host field		no	
JX262162	catalogue-broad	Deltapolyomavirus decihominis	Polyomaviridae	Deltapolyomavirus	Homo sapiens		broad	H1	catalogue host field		no	
JX491648	catalogue-broad	pasivirus A2	Picornaviridae	Pasivirus			broad	unreviewed			no	
JX559622	catalogue-broad	Circo-like virus-Brazil hs2			Homo sapiens		broad	H1	catalogue host field		no	
KF170373	catalogue-broad	Parvo-like hybrid virus UC1	Oomyviridae	Nicoomyvirus			broad	unreviewed			no	
KM390024	catalogue-broad	Human parvovirus 4	Parvoviridae	Tetraparvovirus	Homo sapiens		broad	H1	catalogue host field		no	
NC_002532	catalogue-broad	Equine arteritis virus	Arteriviridae	Alphaarterivirus			broad	unreviewed			no	
NC_003988	catalogue-broad	Enterovirus H	Picornaviridae	Enterovirus			broad	unreviewed			no	
NC_004421	catalogue-broad	Kobuvirus bejaponia	Picornaviridae	Kobuvirus			broad	unreviewed			no	
NC_009448	catalogue-broad	Saffold virus	Picornaviridae	Cardiovirus			broad	unreviewed			no	
NC_010820	catalogue-broad	African green monkey simian foamy virus	Retroviridae	Simiispumavirus			broad	unreviewed			no	
NC_012798	catalogue-broad	Cosavirus E	Picornaviridae	Cosavirus	Homo sapiens		broad	H1	catalogue host field		no	
NC_012801	catalogue-broad	Human cosavirus B	Picornaviridae	Cosavirus	Homo sapiens		broad	H1	catalogue host field		no	
NC_012802	catalogue-broad	Cosavirus D	Picornaviridae	Cosavirus	Homo sapiens		broad	H1	catalogue host field		no	
NC_013443	catalogue-broad	HMO Astrovirus A	Astroviridae	Mamastrovirus	Homo sapiens		broad	H1	catalogue host field		no	
NC_016155	catalogue-broad	Astrovirus MLB2	Astroviridae		Homo sapiens		broad	H1	catalogue host field		no	
NC_019026	catalogue-broad	Astrovirus VA3	Astroviridae		Homo sapiens		broad	H1	catalogue host field		no	
NC_019027	catalogue-broad	Astrovirus VA4	Astroviridae		Homo sapiens		broad	H1	catalogue host field		no	
NC_019028	catalogue-broad	Astrovirus MLB3	Astroviridae		Homo sapiens		broad	H1	catalogue host field		no	
NC_020106	catalogue-broad	STL polyomavirus	Polyomaviridae	Deltapolyomavirus	Homo sapiens		broad	H1	catalogue host field		no	
NC_020439	catalogue-broad	Melaka orthoreovirus	Spinareoviridae	Pteropine orthoreovirus		L1	broad	unreviewed			no	
NC_020440	catalogue-broad	Melaka orthoreovirus	Spinareoviridae	Pteropine orthoreovirus		L3	broad	unreviewed			no	
NC_020441	catalogue-broad	Melaka orthoreovirus	Spinareoviridae	Pteropine orthoreovirus		M1	broad	unreviewed			no	
NC_020442	catalogue-broad	Melaka orthoreovirus	Spinareoviridae	Pteropine orthoreovirus		M2	broad	unreviewed			no	
NC_020443	catalogue-broad	Melaka orthoreovirus	Spinareoviridae	Pteropine orthoreovirus		M3	broad	unreviewed			no	
NC_020444	catalogue-broad	Melaka orthoreovirus	Spinareoviridae	Pteropine orthoreovirus		S2	broad	unreviewed			no	
NC_020445	catalogue-broad	Melaka orthoreovirus	Spinareoviridae	Pteropine orthoreovirus		S3	broad	unreviewed			no	
NC_020446	catalogue-broad	Melaka orthoreovirus	Spinareoviridae	Pteropine orthoreovirus		S4	broad	unreviewed			no	
NC_020447	catalogue-broad	Melaka orthoreovirus	Spinareoviridae	Pteropine orthoreovirus		L2	broad	unreviewed			no	
NC_020448	catalogue-broad	Melaka orthoreovirus	Spinareoviridae	Pteropine orthoreovirus		S1	broad	unreviewed			no	
NC_020487	catalogue-broad	Titi monkey adenovirus ECC-2011	Adenoviridae	Mastadenovirus			broad	unreviewed			no	
NC_020806	catalogue-broad	Isfahan virus	Rhabdoviridae	Vesiculovirus			broad	unreviewed			no	
NC_020890	catalogue-broad	Human polyomavirus 12	Polyomaviridae	Alphapolyomavirus			broad	H2_name	species name starts with 'Human '		no	
NC_021568	catalogue-broad	Human cyclovirus VS5700009	Circoviridae	Cyclovirus	Homo sapiens		broad	H1	catalogue host field		no	
NC_022518	catalogue-broad	Human endogenous retrovirus K113	Retroviridae		Homo sapiens		broad	H1	catalogue host field		no	
NC_023874	catalogue-broad	Human associated cyclovirus 10	Circoviridae	Cyclovirus	Homo sapiens		broad	H1	catalogue host field		no	
NC_023984	catalogue-broad	Human cosavirus	Picornaviridae	Cosavirus	Homo sapiens		broad	H1	catalogue host field		no	
NC_024118	catalogue-broad	New Jersey polyomavirus-2013	Polyomaviridae	Alphapolyomavirus	Homo sapiens		broad	H1	catalogue host field		no	
NC_024472	catalogue-broad	Human astrovirus BF34	Astroviridae	Burkina Faso astrovirus	Homo sapiens		broad	H1	catalogue host field		no	
NC_024494	catalogue-broad	Heartland virus	Phenuiviridae	Bandavirus	Homo sapiens	M	broad	H1	catalogue host field		no	
NC_024495	catalogue-broad	Heartland virus	Phenuiviridae	Bandavirus	Homo sapiens	L	broad	H1	catalogue host field		no	
NC_024496	catalogue-broad	Heartland virus	Phenuiviridae	Bandavirus	Homo sapiens	S	broad	H1	catalogue host field		no	
NC_024691	catalogue-broad	MSSI2.225 virus	Genomoviridae	Gemykibivirus			broad	unreviewed			no	
NC_024694	catalogue-broad	Human circovirus VS6600022	Pecoviridae	Amaruvirus	Homo sapiens		broad	H1	catalogue host field		no	
NC_024888	catalogue-broad	Bufavirus-3	Parvoviridae		Homo sapiens		broad	H1	catalogue host field		no	
NC_025114	catalogue-broad	Salivirus FHB	Picornaviridae	Salivirus	Homo sapiens; child		broad	H1	catalogue host field		no	
NC_025255	catalogue-broad	Maraba virus	Rhabdoviridae	Vesiculovirus			broad	unreviewed			no	
NC_025343	catalogue-broad	Sosuga virus	Paramyxoviridae	Pararubulavirus	Homo sapiens		broad	H1	catalogue host field		no	
NC_025408	catalogue-broad	Lyssavirus Ozernoe	Rhabdoviridae	Lyssavirus			broad	unreviewed			no	
NC_025961	catalogue-broad	Cosavirus JMY-2014	Picornaviridae	Cosavirus	Homo sapiens		broad	H1	catalogue host field		no	
NC_026252	catalogue-broad	Human smacovirus 1	Smacoviridae	Huchismacovirus	Homo sapiens		broad	H1	catalogue host field		no	
NC_026817	catalogue-broad	Human genital-associated circular DNA virus-1	Genomoviridae	Gemygorvirus	Homo sapiens		broad	H1	catalogue host field		no	
NC_026946	catalogue-broad	Human papillomavirus KC5	Papillomaviridae	Gammapapillomavirus	Homo sapiens		broad	H1	catalogue host field		no	
NC_027779	catalogue-broad	Human papillomavirus	Papillomaviridae		Homo sapiens		broad	H1	catalogue host field		no	
NC_027998	catalogue-broad	Human pegivirus 2	Hepaciviridae	Pegivirus	Homo sapiens		broad	H1	catalogue host field		no	
NC_028459	catalogue-broad	Human associated gemyvongvirus 1	Genomoviridae	Gemyvongvirus	Homo sapiens		broad	H1	catalogue host field		no	
NC_030447	catalogue-broad	Gemycircularvirus HV-GcV1	Genomoviridae	Gemycircularvirus	Homo sapiens		broad	H1	catalogue host field		no	
NC_030448	catalogue-broad	Gemycircularvirus HV-GcV2	Genomoviridae	Gemykibivirus	Homo sapiens		broad	H1	catalogue host field		no	
NC_030449	catalogue-broad	Circular ssDNA virus sp.			Homo sapiens		broad	H1	catalogue host field		no	
NC_032480	catalogue-broad	Husavirus sp.		Husavirus	Homo sapiens		broad	H1	catalogue host field		no	
NC_032682	catalogue-broad	Indian encephalitis associated cyclovirus	Circoviridae	Cyclovirus	Homo sapiens		broad	H1	catalogue host field		no	
NC_033721	catalogue-broad	Meaban virus	Flaviviridae	Euflavivirus			broad	unreviewed			no	
NC_033723	catalogue-broad	Gadgets Gully virus	Flaviviridae	Euflavivirus			broad	unreviewed			no	
NC_033724	catalogue-broad	Kadam virus	Flaviviridae	Euflavivirus			broad	unreviewed			no	
NC_033726	catalogue-broad	Saumarez Reef virus	Flaviviridae	Euflavivirus			broad	unreviewed			no	
NC_033830	catalogue-broad	Munguba virus	Phenuiviridae	Phlebovirus		L	broad	unreviewed			no	
NC_033831	catalogue-broad	Munguba virus	Phenuiviridae	Phlebovirus		S	broad	unreviewed			no	
NC_033847	catalogue-broad	Munguba virus	Phenuiviridae	Phlebovirus		M	broad	unreviewed			no	
NC_034253	catalogue-broad	LI polyomavirus	Polyomaviridae	Alphapolyomavirus	Homo sapiens		broad	H1	catalogue host field		no	
NC_034254	catalogue-broad	Thogotovirus dhoriense	Orthomyxoviridae	Thogotovirus		2	broad	unreviewed			no	
NC_034255	catalogue-broad	Thogotovirus dhoriense	Orthomyxoviridae	Thogotovirus		3	broad	unreviewed			no	
NC_034256	catalogue-broad	Thogotovirus dhoriense	Orthomyxoviridae	Thogotovirus		5	broad	unreviewed			no	
NC_034261	catalogue-broad	Thogotovirus dhoriense	Orthomyxoviridae	Thogotovirus		1	broad	unreviewed			no	
NC_034262	catalogue-broad	Thogotovirus dhoriense	Orthomyxoviridae	Thogotovirus		4	broad	unreviewed			no	
NC_034263	catalogue-broad	Thogotovirus dhoriense	Orthomyxoviridae	Thogotovirus		6	broad	unreviewed			no	
NC_034385	catalogue-broad	Cosavirus F	Picornaviridae	Cosavirus	Homo sapiens		broad	H1	catalogue host field		no	
NC_034443	catalogue-broad	Le Dantec virus	Rhabdoviridae	Ledantevirus	Homo sapiens		broad	H1	catalogue host field		no	
NC_034444	catalogue-broad	Hom-1 vesivirus	Caliciviridae	Vesivirus			broad	unreviewed			no	
NC_034479	catalogue-broad	Orthobunyavirus bwambaense	Peribunyaviridae	Orthobunyavirus	Homo sapiens	L	broad	H1	catalogue host field		no	
NC_034480	catalogue-broad	Orthobunyavirus bwambaense	Peribunyaviridae	Orthobunyavirus	Homo sapiens	S	broad	H1	catalogue host field		no	
NC_034486	catalogue-broad	Guaroa virus	Peribunyaviridae	Orthobunyavirus	Homo sapiens	S	broad	H1	catalogue host field		no	
NC_034487	catalogue-broad	Guaroa virus	Peribunyaviridae	Orthobunyavirus	Homo sapiens	L	broad	H1	catalogue host field		no	
NC_034490	catalogue-broad	Orthobunyavirus bwambaense	Peribunyaviridae	Orthobunyavirus	Homo sapiens	M	broad	H1	catalogue host field		no	
NC_034497	catalogue-broad	Madrid virus	Peribunyaviridae	Orthobunyavirus	Homo sapiens; gender M; age 36	L	broad	H1	catalogue host field		no	
NC_034498	catalogue-broad	Madrid virus	Peribunyaviridae	Orthobunyavirus	Homo sapiens; gender M; age 36	S	broad	H1	catalogue host field		no	
NC_034505	catalogue-broad	Madrid virus	Peribunyaviridae	Orthobunyavirus	Homo sapiens; gender M; age 36	M	broad	H1	catalogue host field		no	
NC_034506	catalogue-broad	Guaroa virus	Peribunyaviridae	Orthobunyavirus	Homo sapiens	M	broad	H1	catalogue host field		no	
NC_035211	catalogue-broad	Human fecal virus Jorvi4	Circoviridae		Homo sapiens		broad	H1	catalogue host field		no	
NC_035212	catalogue-broad	Human fecal virus Jorvi2	Circoviridae		Homo sapiens		broad	H1	catalogue host field		no	
NC_035213	catalogue-broad	Human fecal virus Jorvi3	Circoviridae		Homo sapiens		broad	H1	catalogue host field		no	
NC_035469	catalogue-broad	NY_014 poxvirus	Poxviridae	Centapoxvirus	Homo sapiens		broad	H1	catalogue host field		no	
NC_035474	catalogue-broad	Human feces smacovirus 3	Smacoviridae	Porprismacovirus	Homo sapiens		broad	H1	catalogue host field		no	
NC_035475	catalogue-broad	Hudisavirus sp.	Endolinaviridae	Hudisavirus	Homo sapiens		broad	H1	catalogue host field		no	
NC_038282	catalogue-broad	Ekpoma virus 1	Rhabdoviridae	Tibrovirus	Homo sapiens		broad	H1	catalogue host field		no	
NC_038283	catalogue-broad	Ekpoma virus 2	Rhabdoviridae	Tibrovirus	Homo sapiens		broad	H1	catalogue host field		no	
NC_038392	catalogue-broad	Human stool-associated circular virus NG13	Circoviridae	Circovirus	Homo sapiens		broad	H1	catalogue host field		no	
NC_038418	catalogue-broad	Cyclovirus SL-108277	Circoviridae	Cyclovirus	Homo sapiens		broad	H1	catalogue host field		no	
NC_038426	catalogue-broad	Orthohepacivirus platyrrhini	Hepaciviridae	Orthohepacivirus	Homo sapiens		broad	H1	catalogue host field		no	
NC_038496	catalogue-broad	Gemycircularvirus C1c	Genomoviridae	Gemykibivirus	Homo sapiens		broad	H1	catalogue host field		no	
NC_038497	catalogue-broad	Human gemycircularvirus GeTz1	Genomoviridae	Gemykibivirus	Homo sapiens		broad	H1	catalogue host field		no	
NC_038544	catalogue-broad	Protoparvovirus primate1	Parvoviridae	Protoparvovirus			broad	unreviewed			no	
NC_038594	catalogue-broad	Lebombo virus	Sedoreoviridae	Orbivirus	Homo sapiens	1	broad	H1	catalogue host field		no	
NC_038595	catalogue-broad	Lebombo virus	Sedoreoviridae	Orbivirus	Homo sapiens	3	broad	H1	catalogue host field		no	
NC_038596	catalogue-broad	Lebombo virus	Sedoreoviridae	Orbivirus	Homo sapiens	4	broad	H1	catalogue host field		no	
NC_038597	catalogue-broad	Lebombo virus	Sedoreoviridae	Orbivirus	Homo sapiens	6	broad	H1	catalogue host field		no	
NC_038598	catalogue-broad	Lebombo virus	Sedoreoviridae	Orbivirus	Homo sapiens	8	broad	H1	catalogue host field		no	
NC_038599	catalogue-broad	Lebombo virus	Sedoreoviridae	Orbivirus	Homo sapiens	7	broad	H1	catalogue host field		no	
NC_038600	catalogue-broad	Lebombo virus	Sedoreoviridae	Orbivirus	Homo sapiens	2	broad	H1	catalogue host field		no	
NC_038601	catalogue-broad	Lebombo virus	Sedoreoviridae	Orbivirus	Homo sapiens	5	broad	H1	catalogue host field		no	
NC_038602	catalogue-broad	Lebombo virus	Sedoreoviridae	Orbivirus	Homo sapiens	10	broad	H1	catalogue host field		no	
NC_038603	catalogue-broad	Lebombo virus	Sedoreoviridae	Orbivirus	Homo sapiens	9	broad	H1	catalogue host field		no	
NC_038604	catalogue-broad	Orungo virus	Sedoreoviridae	Orbivirus	Homo sapiens	1	broad	H1	catalogue host field		no	
NC_038605	catalogue-broad	Orungo virus	Sedoreoviridae	Orbivirus	Homo sapiens	2	broad	H1	catalogue host field		no	
NC_038606	catalogue-broad	Orungo virus	Sedoreoviridae	Orbivirus	Homo sapiens	4	broad	H1	catalogue host field		no	
NC_038607	catalogue-broad	Orungo virus	Sedoreoviridae	Orbivirus	Homo sapiens	7	broad	H1	catalogue host field		no	
NC_038608	catalogue-broad	Orungo virus	Sedoreoviridae	Orbivirus	Homo sapiens	8	broad	H1	catalogue host field		no	
NC_038609	catalogue-broad	Orungo virus	Sedoreoviridae	Orbivirus	Homo sapiens	6	broad	H1	catalogue host field		no	
NC_038610	catalogue-broad	Orungo virus	Sedoreoviridae	Orbivirus	Homo sapiens	3	broad	H1	catalogue host field		no	
NC_038611	catalogue-broad	Orungo virus	Sedoreoviridae	Orbivirus	Homo sapiens	5	broad	H1	catalogue host field		no	
NC_038612	catalogue-broad	Orungo virus	Sedoreoviridae	Orbivirus	Homo sapiens	9	broad	H1	catalogue host field		no	
NC_038613	catalogue-broad	Orungo virus	Sedoreoviridae	Orbivirus	Homo sapiens	10	broad	H1	catalogue host field		no	
NC_038675	catalogue-broad	Tonate virus	Togaviridae	Alphavirus			broad	unreviewed			no	
NC_038726	catalogue-broad	Catu virus	Peribunyaviridae	Orthobunyavirus	Homo sapiens	S	broad	H1	catalogue host field		no	
NC_038727	catalogue-broad	Catu virus	Peribunyaviridae	Orthobunyavirus	Homo sapiens	M	broad	H1	catalogue host field		no	
NC_038728	catalogue-broad	Catu virus	Peribunyaviridae	Orthobunyavirus	Homo sapiens	L	broad	H1	catalogue host field		no	
NC_038857	catalogue-broad	Mosso das Pedras virus	Togaviridae	Alphavirus			broad	unreviewed			no	
NC_039024	catalogue-broad	Central chimpanzee simian foamy virus	Retroviridae	Simiispumavirus	Homo sapiens		broad	H1	catalogue host field		no	
NC_039025	catalogue-broad	Eastern chimpanzee simian foamy virus	Retroviridae	Simiispumavirus	Homo sapiens		broad	H1	catalogue host field		no	
NC_039026	catalogue-broad	Japanese macaque simian foamy virus	Retroviridae	Simiispumavirus			broad	unreviewed			no	
NC_039050	catalogue-broad	Cutavirus	Parvoviridae	Protoparvovirus	Homo sapiens		broad	H1	catalogue host field		no	
NC_039061	catalogue-broad	Human associated huchismacovirus 1	Smacoviridae	Huchismacovirus	Homo sapiens		broad	H1	catalogue host field		no	
NC_039062	catalogue-broad	Human associated huchismacovirus 2	Smacoviridae	Huchismacovirus	Homo sapiens		broad	H1	catalogue host field		no	
NC_039063	catalogue-broad	Human associated huchismacovirus 3	Smacoviridae	Huchismacovirus	Homo sapiens		broad	H1	catalogue host field		no	
NC_039070	catalogue-broad	Human feces smacovirus 2	Smacoviridae	Porprismacovirus	Homo sapiens		broad	H1	catalogue host field		no	
NC_039086	catalogue-broad	Human papillomavirus 187	Papillomaviridae	Gammapapillomavirus	Homo sapiens		broad	H1	catalogue host field		no	
NC_039191	catalogue-broad	Punta Toro virus	Phenuiviridae	Phlebovirus	Homo sapiens		broad	H1	catalogue host field		no	
NC_039192	catalogue-broad	Punta Toro virus	Phenuiviridae	Phlebovirus	Homo sapiens		broad	H1	catalogue host field		no	
NC_039193	catalogue-broad	Punta Toro virus	Phenuiviridae	Phlebovirus	Homo sapiens		broad	H1	catalogue host field		no	
NC_039215	catalogue-broad	Cyclovirus VN	Circoviridae	Cyclovirus	Homo sapiens		broad	H1	catalogue host field		no	
NC_039219	catalogue-broad	Royal Farm virus	Flaviviridae	Euflavivirus			broad	unreviewed			no	
NC_040306	catalogue-broad	Human feces pecovirus			Homo sapiens		broad	H1	catalogue host field		no	
NC_040309	catalogue-broad	Human DNA virus			Homo sapiens		broad	H1	catalogue host field		no	
NC_040550	catalogue-broad	Gammapapillomavirus sp.	Papillomaviridae	Gammapapillomavirus	Homo sapiens		broad	H1	catalogue host field		no	
NC_040619	catalogue-broad	Gammapapillomavirus sp.	Papillomaviridae	Gammapapillomavirus	Homo sapiens		broad	H1	catalogue host field		no	
NC_040620	catalogue-broad	Gammapapillomavirus sp.	Papillomaviridae	Gammapapillomavirus	Homo sapiens		broad	H1	catalogue host field		no	
NC_040640	catalogue-broad	Human papillomavirus type 203	Papillomaviridae				broad	H2_name	species name starts with 'Human '		no	
NC_040688	catalogue-broad	Gammapapillomavirus sp.	Papillomaviridae	Gammapapillomavirus	Homo sapiens		broad	H1	catalogue host field		no	
NC_040691	catalogue-broad	Gammapapillomavirus sp.	Papillomaviridae	Gammapapillomavirus	Homo sapiens		broad	H1	catalogue host field		no	
NC_040803	catalogue-broad	Gammapapillomavirus sp.	Papillomaviridae	Gammapapillomavirus	Homo sapiens		broad	H1	catalogue host field		no	
NC_040804	catalogue-broad	Gammapapillomavirus sp.	Papillomaviridae	Gammapapillomavirus	Homo sapiens		broad	H1	catalogue host field		no	
NC_040805	catalogue-broad	Gammapapillomavirus sp.	Papillomaviridae	Gammapapillomavirus	Homo sapiens		broad	H1	catalogue host field		no	
NC_040806	catalogue-broad	Gammapapillomavirus sp.	Papillomaviridae	Gammapapillomavirus	Homo sapiens		broad	H1	catalogue host field		no	
NC_043067	catalogue-broad	Tibrovirus congo	Rhabdoviridae	Tibrovirus	Homo sapiens		broad	H1	catalogue host field		no	
NC_043223	catalogue-broad	Senegalvirus marseillevirus	Marseilleviridae	Marseillevirus	Homo sapiens		broad	H1	catalogue host field		no	
NC_043224	catalogue-broad	Senegalvirus marseillevirus	Marseilleviridae	Marseillevirus	Homo sapiens		broad	H1	catalogue host field		no	
NC_043225	catalogue-broad	Senegalvirus marseillevirus	Marseilleviridae	Marseillevirus	Homo sapiens		broad	H1	catalogue host field		no	
NC_043226	catalogue-broad	Senegalvirus marseillevirus	Marseilleviridae	Marseillevirus	Homo sapiens		broad	H1	catalogue host field		no	
NC_043227	catalogue-broad	Senegalvirus marseillevirus	Marseilleviridae	Marseillevirus	Homo sapiens		broad	H1	catalogue host field		no	
NC_043228	catalogue-broad	Senegalvirus marseillevirus	Marseilleviridae	Marseillevirus	Homo sapiens		broad	H1	catalogue host field		no	
NC_043403	catalogue-broad	Una virus	Togaviridae	Alphavirus			broad	unreviewed			no	
NC_043413	catalogue-broad	Torque teno virus 17	Anelloviridae	Alphatorquevirus			broad	unreviewed			no	
NC_043414	catalogue-broad	Torque teno virus 18	Anelloviridae	Alphatorquevirus			broad	unreviewed			no	
NC_043445	catalogue-broad	Guenon simian foamy virus	Retroviridae	Simiispumavirus	Homo sapiens		broad	H1	catalogue host field		no	
NC_043509	catalogue-broad	Mukawa virus	Phenuiviridae	Phlebovirus		M	broad	unreviewed			no	
NC_043510	catalogue-broad	Mukawa virus	Phenuiviridae	Phlebovirus		L	broad	unreviewed			no	
NC_043511	catalogue-broad	Mukawa virus	Phenuiviridae	Phlebovirus		S	broad	unreviewed			no	
NC_043512	catalogue-broad	Tulane virus	Caliciviridae	Recovirus			broad	unreviewed			no	
NC_043585	catalogue-broad	Ilesha virus	Peribunyaviridae	Orthobunyavirus	Homo sapiens	S	broad	H1	catalogue host field		no	
NC_043586	catalogue-broad	Ilesha virus	Peribunyaviridae	Orthobunyavirus	Homo sapiens	M	broad	H1	catalogue host field		no	
NC_043587	catalogue-broad	Ilesha virus	Peribunyaviridae	Orthobunyavirus	Homo sapiens	L	broad	H1	catalogue host field		no	
NC_043606	catalogue-broad	Tataguine virus	Peribunyaviridae	Orthobunyavirus		S	broad	unreviewed			no	
NC_043607	catalogue-broad	Tataguine virus	Peribunyaviridae	Orthobunyavirus		L	broad	unreviewed			no	
NC_043608	catalogue-broad	Tataguine virus	Peribunyaviridae	Orthobunyavirus		M	broad	unreviewed			no	
NC_043615	catalogue-broad	Fort Sherman virus	Peribunyaviridae	Orthobunyavirus	Homo sapiens	M	broad	H1	catalogue host field		no	
NC_043616	catalogue-broad	Fort Sherman virus	Peribunyaviridae	Orthobunyavirus	Homo sapiens	S	broad	H1	catalogue host field		no	
NC_043617	catalogue-broad	Fort Sherman virus	Peribunyaviridae	Orthobunyavirus	Homo sapiens	L	broad	H1	catalogue host field		no	
NC_055181	catalogue-broad	Macaua virus	Peribunyaviridae	Orthobunyavirus		L	broad	unreviewed			no	
NC_055182	catalogue-broad	Macaua virus	Peribunyaviridae	Orthobunyavirus		S	broad	unreviewed			no	
NC_055183	catalogue-broad	Macaua virus	Peribunyaviridae	Orthobunyavirus		M	broad	unreviewed			no	
NC_055196	catalogue-broad	Snowshoe hare virus	Peribunyaviridae	Orthobunyavirus	Lepus americanus	L	broad	unreviewed			no	
NC_055197	catalogue-broad	Snowshoe hare virus	Peribunyaviridae	Orthobunyavirus		M	broad	unreviewed			no	
NC_055198	catalogue-broad	Snowshoe hare virus	Peribunyaviridae	Orthobunyavirus		small	broad	unreviewed			no	
NC_055230	catalogue-broad	Orthopoxvirus akhmetapox	Poxviridae	Orthopoxvirus	Homo sapiens		broad	H1	catalogue host field		no	
NC_055235	catalogue-broad	Papiine betaherpesvirus 3	Orthoherpesviridae	Cytomegalovirus			broad	unreviewed			no	
NC_055327	catalogue-broad	Chagres virus	Phenuiviridae	Phlebovirus		L	broad	unreviewed			no	
NC_055328	catalogue-broad	Chagres virus	Phenuiviridae	Phlebovirus		S	broad	unreviewed			no	
NC_055329	catalogue-broad	Chagres virus	Phenuiviridae	Phlebovirus		M	broad	unreviewed			no	
NC_055330	catalogue-broad	Alenquer virus	Phenuiviridae	Phlebovirus	Homo sapiens	L	broad	H1	catalogue host field		no	
NC_055331	catalogue-broad	Alenquer virus	Phenuiviridae	Phlebovirus	Homo sapiens	S	broad	H1	catalogue host field		no	
NC_055332	catalogue-broad	Alenquer virus	Phenuiviridae	Phlebovirus	Homo sapiens	M	broad	H1	catalogue host field		no	
NC_055339	catalogue-broad	Echarate virus	Phenuiviridae	Phlebovirus	Homo sapiens	L	broad	H1	catalogue host field		no	
NC_055340	catalogue-broad	Echarate virus	Phenuiviridae	Phlebovirus	Homo sapiens	S	broad	H1	catalogue host field		no	
NC_055341	catalogue-broad	Echarate virus	Phenuiviridae	Phlebovirus	Homo sapiens	M	broad	H1	catalogue host field		no	
NC_055342	catalogue-broad	Maldonado virus	Phenuiviridae	Phlebovirus	Homo sapiens	S	broad	H1	catalogue host field		no	
NC_055343	catalogue-broad	Maldonado virus	Phenuiviridae	Phlebovirus	Homo sapiens	M	broad	H1	catalogue host field		no	
NC_055344	catalogue-broad	Maldonado virus	Phenuiviridae	Phlebovirus	Homo sapiens	L	broad	H1	catalogue host field		no	
NC_055523	catalogue-broad	Human lung-associated vientovirus FB	Redondoviridae	Torbevirus	Homo sapiens		broad	H1	catalogue host field		no	
NC_059682	catalogue-broad	hepatitis D virus 2	Kolmioviridae	Deltavirus			broad	unreviewed			no	
NC_075122	catalogue-broad	hepatitis D virus 4	Kolmioviridae	Deltavirus			broad	unreviewed			no	
NC_075341	catalogue-broad	Human feces smacovirus 3	Smacoviridae	Porprismacovirus	Homo sapiens		broad	H1	catalogue host field		no	
NC_075988	catalogue-broad	Tusavirus 1	Parvoviridae	Protoparvovirus			broad	unreviewed			no	
NC_075996	catalogue-broad	Human PoSCV5-like circular virus	Circoviridae		Homo sapiens		broad	H1	catalogue host field		no	
NC_076235	catalogue-broad	Human associated porprismacovirus 3	Smacoviridae	Porprismacovirus	Homo sapiens		broad	H1	catalogue host field		no	
NC_076251	catalogue-broad	Human associated porprismacovirus	Smacoviridae	Inpeasmacovirus	Homo sapiens		broad	H1	catalogue host field		no	
NC_076496	catalogue-broad	Gemycircularvirus sp.	Genomoviridae	Gemycircularvirus	Homo sapiens		broad	H1	catalogue host field		no	
NC_076626	catalogue-broad	Circular ssDNA virus sp.			Homo sapiens		broad	H1	catalogue host field		no	
NC_076998	catalogue-broad	Human CSF-associated densovirus	Parvoviridae	Iteradensovirus	Homo sapiens		broad	H1	catalogue host field		no	
NC_077192	catalogue-broad	Mundri virus	Rhabdoviridae	Tibrovirus	Homo sapiens		broad	H1	catalogue host field		no	
NC_077837	catalogue-broad	Mammalian orthoreovirus 3 Dearing	Spinareoviridae	Orthoreovirus	Homo sapiens	S3	broad	H1	catalogue host field		no	
NC_077838	catalogue-broad	Mammalian orthoreovirus 3 Dearing	Spinareoviridae	Orthoreovirus	Homo sapiens	S4	broad	H1	catalogue host field		no	
NC_077839	catalogue-broad	Mammalian orthoreovirus 3 Dearing	Spinareoviridae	Orthoreovirus	Homo sapiens	L1	broad	H1	catalogue host field		no	
NC_077840	catalogue-broad	Mammalian orthoreovirus 3 Dearing	Spinareoviridae	Orthoreovirus	Homo sapiens	L2	broad	H1	catalogue host field		no	
NC_077841	catalogue-broad	Mammalian orthoreovirus 3 Dearing	Spinareoviridae	Orthoreovirus	Homo sapiens	M1	broad	H1	catalogue host field		no	
NC_077842	catalogue-broad	Mammalian orthoreovirus 3 Dearing	Spinareoviridae	Orthoreovirus	Homo sapiens	L3	broad	H1	catalogue host field		no	
NC_077843	catalogue-broad	Mammalian orthoreovirus 3 Dearing	Spinareoviridae	Orthoreovirus	Homo sapiens	M2	broad	H1	catalogue host field		no	
NC_077844	catalogue-broad	Mammalian orthoreovirus 3 Dearing	Spinareoviridae	Orthoreovirus	Homo sapiens	S1	broad	H1	catalogue host field		no	
NC_077845	catalogue-broad	Mammalian orthoreovirus 3 Dearing	Spinareoviridae	Orthoreovirus	Homo sapiens	M3	broad	H1	catalogue host field		no	
NC_077846	catalogue-broad	Mammalian orthoreovirus 3 Dearing	Spinareoviridae	Orthoreovirus	Homo sapiens	S2	broad	H1	catalogue host field		no	
NC_078071	catalogue-broad	Cocle virus	Phenuiviridae	Phlebovirus	Homo sapiens	M	broad	H1	catalogue host field		no	
NC_078072	catalogue-broad	Cocle virus	Phenuiviridae	Phlebovirus	Homo sapiens	L	broad	H1	catalogue host field		no	
NC_078073	catalogue-broad	Cocle virus	Phenuiviridae	Phlebovirus	Homo sapiens	S	broad	H1	catalogue host field		no	
NC_078297	catalogue-broad	Dar es Salaam virus TZ-189	Phenuiviridae	Tanzavirus	Homo sapiens	M	broad	H1	catalogue host field		no	
NC_078298	catalogue-broad	Dar es Salaam virus TZ-189	Phenuiviridae	Tanzavirus	Homo sapiens	S	broad	H1	catalogue host field		no	
NC_078299	catalogue-broad	Dar es Salaam virus TZ-189	Phenuiviridae	Tanzavirus	Homo sapiens	L	broad	H1	catalogue host field		no	
NC_078649	catalogue-broad	Upolu virus	Orthomyxoviridae	Thogotovirus		1	broad	unreviewed			no	
NC_078650	catalogue-broad	Upolu virus	Orthomyxoviridae	Thogotovirus		6	broad	unreviewed			no	
NC_078651	catalogue-broad	Upolu virus	Orthomyxoviridae	Thogotovirus		2	broad	unreviewed			no	
NC_078652	catalogue-broad	Upolu virus	Orthomyxoviridae	Thogotovirus		4	broad	unreviewed			no	
NC_078653	catalogue-broad	Upolu virus	Orthomyxoviridae	Thogotovirus		3	broad	unreviewed			no	
NC_078654	catalogue-broad	Upolu virus	Orthomyxoviridae	Thogotovirus		5	broad	unreviewed			no	
NC_079000	catalogue-broad	Songling virus	Nairoviridae	Orthonairovirus	Homo sapiens	M	broad	H1	catalogue host field		no	
NC_079001	catalogue-broad	Songling virus	Nairoviridae	Orthonairovirus	Homo sapiens	L	broad	H1	catalogue host field		no	
NC_079002	catalogue-broad	Songling virus	Nairoviridae	Orthonairovirus	Homo sapiens	S	broad	H1	catalogue host field		no	
NC_079009	catalogue-broad	Beiji nairovirus	Nairoviridae	Norwavirus	Homo sapiens		broad	H1	catalogue host field		no	
NC_079010	catalogue-broad	Beiji nairovirus	Nairoviridae	Norwavirus	Homo sapiens		broad	H1	catalogue host field		no	
NC_079098	catalogue-broad	Yezo virus	Nairoviridae	Orthonairovirus	Homo sapiens	M	broad	H1	catalogue host field		no	
NC_079099	catalogue-broad	Yezo virus	Nairoviridae	Orthonairovirus	Homo sapiens	L	broad	H1	catalogue host field		no	
NC_079100	catalogue-broad	Yezo virus	Nairoviridae	Orthonairovirus	Homo sapiens	S	broad	H1	catalogue host field		no	
NC_129209	catalogue-broad	Hudisavirus jaqis	Endolinaviridae	Hudisavirus	Homo sapiens		broad	H1	catalogue host field		no	
U21247	catalogue-broad	Human spumaretrovirus	Retroviridae	Simian foamy virus			broad	H2_name	species name starts with 'Human '		no	
X01457	catalogue-broad	H-1 parvovirus	Parvoviridae	Protoparvovirus			broad	unreviewed			no	
X54482	catalogue-broad	Macaque simian foamy virus	Retroviridae	Simiispumavirus			broad	unreviewed			no	
NC_000898	catalogue-legacy	Human betaherpesvirus 6B	Orthoherpesviridae	Roseolovirus	Homo sapiens		legacy	H1	catalogue host field	sequence_twin_of:AF157706	yes	AF157706
AF028704	catalogue-max	Adeno-associated virus - 6	Parvoviridae	Dependoparvovirus			max	unreviewed			yes	
AF221065	catalogue-max	DG-75 Murine leukemia virus	Retroviridae	Gammaretrovirus	Homo sapiens		max	H1	catalogue host field		yes	
AJ620210	catalogue-max	Human papillomavirus 95	Papillomaviridae	Gammapapillomavirus	Homo sapiens		max	H1	catalogue host field		no	
D90400	catalogue-max	human papillomavirus 58	Papillomaviridae	Alphapapillomavirus			max	H2_species	another record of this species has a Homo sapiens host		no	
DQ399707	catalogue-max	Xenotropic MuLV-related virus VP62	Retroviridae	Murine leukemia-related retroviruses			max	unreviewed			yes	
GQ845441	catalogue-max	human papillomavirus 119	Papillomaviridae	Gammapapillomavirus	Homo sapiens		max	H1	catalogue host field		no	
GQ845445	catalogue-max	Human papillomavirus 123	Papillomaviridae	Gammapapillomavirus	Homo sapiens		max	H1	catalogue host field		no	
GU117629	catalogue-max	Human papillomavirus 149	Papillomaviridae	Gammapapillomavirus	Homo sapiens		max	H1	catalogue host field		no	
GU117630	catalogue-max	Human papillomavirus 130	Papillomaviridae	Gammapapillomavirus	Homo sapiens		max	H1	catalogue host field		no	
GU117633	catalogue-max	Human papillomavirus 133	Papillomaviridae	Gammapapillomavirus	Homo sapiens		max	H1	catalogue host field		no	
GU129016	catalogue-max	Human papillomavirus 148	Papillomaviridae	Gammapapillomavirus	Homo sapiens		max	H1	catalogue host field		no	
HM999990	catalogue-max	Human papillomavirus 138	Papillomaviridae	Gammapapillomavirus	Homo sapiens		max	H1	catalogue host field		no	
HM999991	catalogue-max	Human papillomavirus 139	Papillomaviridae	Gammapapillomavirus	Homo sapiens		max	H1	catalogue host field		no	
HM999993	catalogue-max	Human papillomavirus 141	Papillomaviridae	Gammapapillomavirus	Homo sapiens		max	H1	catalogue host field		no	
HM999994	catalogue-max	Human papillomavirus 142	Papillomaviridae	Gammapapillomavirus	Homo sapiens		max	H1	catalogue host field		no	
HM999998	catalogue-max	Human papillomavirus 146	Papillomaviridae	Gammapapillomavirus	Homo sapiens		max	H1	catalogue host field		no	
HM999999	catalogue-max	human papillomavirus 147	Papillomaviridae	Gammapapillomavirus	Homo sapiens		max	H1	catalogue host field		no	
HQ246218	catalogue-max	Murine leukemia virus N417	Retroviridae	Gammaretrovirus			max	unreviewed			yes	
JF906559	catalogue-max	Human papillomavirus 155	Papillomaviridae	Gammapapillomavirus	Homo sapiens		max	H1	catalogue host field		no	
JN171845	catalogue-max	human papillomavirus 153	Papillomaviridae	Gammapapillomavirus	Homo sapiens		max	H1	catalogue host field		no	
JX413105	catalogue-max	Human papillomavirus 169	Papillomaviridae	Gammapapillomavirus	Homo sapiens		max	H1	catalogue host field		no	
JX413106	catalogue-max	human papillomavirus 164	Papillomaviridae	Gammapapillomavirus	Homo sapiens		max	H1	catalogue host field		no	
JX413108	catalogue-max	human papillomavirus 162	Papillomaviridae	Gammapapillomavirus	Homo sapiens		max	H1	catalogue host field		no	
JX413110	catalogue-max	Human papillomavirus 170	Papillomaviridae	Gammapapillomavirus	Homo sapiens		max	H1	catalogue host field		no	
JX444072	catalogue-max	Human papillomavirus 165	Papillomaviridae	Gammapapillomavirus	Homo sapiens		max	H1	catalogue host field		no	
KC108722	catalogue-max	Human papillomavirus 180	Papillomaviridae	Gammapapillomavirus	Homo sapiens		max	H1	catalogue host field		no	
KC862317	catalogue-max	human papillomavirus 168	Papillomaviridae	Gammapapillomavirus	Homo sapiens		max	H1	catalogue host field		no	
KF006398	catalogue-max	Human papillomavirus 171	Papillomaviridae	Gammapapillomavirus	Homo sapiens		max	H1	catalogue host field		no	
KF006400	catalogue-max	Human papillomavirus 173	Papillomaviridae	Gammapapillomavirus	Homo sapiens		max	H1	catalogue host field		no	
KF764702	catalogue-max	TTV-like mini virus	Anelloviridae	Betatorquevirus	Homo sapiens		max	H1	catalogue host field	anellovirus_max_not_promoted	no	
KJ609203	catalogue-max	Influenza A virus	Orthomyxoviridae	Alphainfluenzavirus	Homo sapiens	1	max	H1	catalogue host field		no	
KJ609204	catalogue-max	Influenza A virus	Orthomyxoviridae	Alphainfluenzavirus	Homo sapiens	2	max	H1	catalogue host field		no	
KJ609205	catalogue-max	Influenza A virus	Orthomyxoviridae	Alphainfluenzavirus	Homo sapiens	3	max	H1	catalogue host field		no	
KJ609207	catalogue-max	Influenza A virus	Orthomyxoviridae	Alphainfluenzavirus	Homo sapiens	5	max	H1	catalogue host field		no	
KJ609208	catalogue-max	Influenza A virus	Orthomyxoviridae	Alphainfluenzavirus	Homo sapiens	6	max	H1	catalogue host field		no	
KJ609209	catalogue-max	Influenza A virus	Orthomyxoviridae	Alphainfluenzavirus	Homo sapiens	7	max	H1	catalogue host field		no	
KJ609210	catalogue-max	Influenza A virus	Orthomyxoviridae	Alphainfluenzavirus	Homo sapiens	8	max	H1	catalogue host field		no	
KJ913662	catalogue-max	Human papillomavirus 199	Papillomaviridae	Gammapapillomavirus	Homo sapiens		max	H1	catalogue host field		no	
KM085343	catalogue-max	Human papillomavirus 197	Papillomaviridae	Gammapapillomavirus	Homo sapiens		max	H1	catalogue host field		no	
KM593803	catalogue-max	SEN virus	Anelloviridae		Homo sapiens		max	H1	catalogue host field	anellovirus_max_not_promoted	no	
KP343855	catalogue-max	Torque teno virus	Anelloviridae		Homo sapiens		max	H1	catalogue host field	anellovirus_max_not_promoted	no	
KP343861	catalogue-max	Torque teno virus	Anelloviridae		Homo sapiens		max	H1	catalogue host field	anellovirus_max_not_promoted	no	
KP343863	catalogue-max	Torque teno virus	Anelloviridae		Homo sapiens		max	H1	catalogue host field	anellovirus_max_not_promoted	no	
KP457178	catalogue-max	Influenza A virus	Orthomyxoviridae	Alphainfluenzavirus	Homo sapiens	4	max	H1	catalogue host field		no	
KP692114	catalogue-max	human papillomavirus 200	Papillomaviridae	Gammapapillomavirus	Homo sapiens		max	H1	catalogue host field		no	
KP692116	catalogue-max	Human papillomavirus 202	Papillomaviridae	Gammapapillomavirus	Homo sapiens		max	H1	catalogue host field		no	
KT698166	catalogue-max	Human papillomavirus 157	Papillomaviridae	Gammapapillomavirus	Homo sapiens		max	H1	catalogue host field		no	
KT698167	catalogue-max	Human papillomavirus 205	Papillomaviridae	Gammapapillomavirus	Homo sapiens		max	H1	catalogue host field		no	
KT698168	catalogue-max	Human papillomavirus 158	Papillomaviridae	Gammapapillomavirus	Homo sapiens		max	H1	catalogue host field		no	
KT866400	catalogue-max	Influenza B virus	Orthomyxoviridae	Betainfluenzavirus	Homo sapiens	1	max	H1	catalogue host field		no	
KT866401	catalogue-max	Influenza B virus	Orthomyxoviridae	Betainfluenzavirus	Homo sapiens	2	max	H1	catalogue host field		no	
KT866402	catalogue-max	Influenza B virus	Orthomyxoviridae	Betainfluenzavirus	Homo sapiens	3	max	H1	catalogue host field		no	
KT866403	catalogue-max	Influenza B virus	Orthomyxoviridae	Betainfluenzavirus	Homo sapiens	4	max	H1	catalogue host field		no	
KT866404	catalogue-max	Influenza B virus	Orthomyxoviridae	Betainfluenzavirus	Homo sapiens	5	max	H1	catalogue host field		no	
KT866405	catalogue-max	Influenza B virus	Orthomyxoviridae	Betainfluenzavirus	Homo sapiens	6	max	H1	catalogue host field		no	
KT866406	catalogue-max	Influenza B virus	Orthomyxoviridae	Betainfluenzavirus	Homo sapiens	7	max	H1	catalogue host field		no	
KT866407	catalogue-max	Influenza B virus	Orthomyxoviridae	Betainfluenzavirus	Homo sapiens	8	max	H1	catalogue host field		no	
KU976501	catalogue-max	Influenza A virus	Orthomyxoviridae	Alphainfluenzavirus	Sus scrofa scrofa	7	max	H2_species	another record of this species has a Homo sapiens host		no	
KU976522	catalogue-max	Influenza A virus	Orthomyxoviridae	Alphainfluenzavirus	Sus scrofa scrofa	8	max	H2_species	another record of this species has a Homo sapiens host		no	
KU976577	catalogue-max	Influenza A virus	Orthomyxoviridae	Alphainfluenzavirus	Sus scrofa scrofa	6	max	H2_species	another record of this species has a Homo sapiens host		no	
KU976596	catalogue-max	Influenza A virus	Orthomyxoviridae	Alphainfluenzavirus	Sus scrofa scrofa	4	max	H2_species	another record of this species has a Homo sapiens host		no	
KU976613	catalogue-max	Influenza A virus	Orthomyxoviridae	Alphainfluenzavirus	Sus scrofa scrofa	2	max	H2_species	another record of this species has a Homo sapiens host		no	
KU976668	catalogue-max	Influenza A virus	Orthomyxoviridae	Alphainfluenzavirus	Sus scrofa scrofa	1	max	H2_species	another record of this species has a Homo sapiens host		no	
KU976799	catalogue-max	Influenza A virus	Orthomyxoviridae	Alphainfluenzavirus	Sus scrofa scrofa	3	max	H2_species	another record of this species has a Homo sapiens host		no	
KU976879	catalogue-max	Influenza A virus	Orthomyxoviridae	Alphainfluenzavirus	Sus scrofa scrofa	5	max	H2_species	another record of this species has a Homo sapiens host		no	
KX005726	catalogue-max	Influenza A virus	Orthomyxoviridae	Alphainfluenzavirus	Homo sapiens	1	max	H1	catalogue host field		no	
KX005727	catalogue-max	Influenza A virus	Orthomyxoviridae	Alphainfluenzavirus	Homo sapiens	2	max	H1	catalogue host field		no	
KX005728	catalogue-max	Influenza A virus	Orthomyxoviridae	Alphainfluenzavirus	Homo sapiens	3	max	H1	catalogue host field		no	
KX005729	catalogue-max	Influenza A virus	Orthomyxoviridae	Alphainfluenzavirus	Homo sapiens	4	max	H1	catalogue host field		no	
KX005730	catalogue-max	Influenza A virus	Orthomyxoviridae	Alphainfluenzavirus	Homo sapiens	5	max	H1	catalogue host field		no	
KX005731	catalogue-max	Influenza A virus	Orthomyxoviridae	Alphainfluenzavirus	Homo sapiens	6	max	H1	catalogue host field		no	
KX005732	catalogue-max	Influenza A virus	Orthomyxoviridae	Alphainfluenzavirus	Homo sapiens	7	max	H1	catalogue host field		no	
KX005733	catalogue-max	Influenza A virus	Orthomyxoviridae	Alphainfluenzavirus	Homo sapiens	8	max	H1	catalogue host field		no	
KX808593	catalogue-max	Influenza A virus	Orthomyxoviridae	Alphainfluenzavirus	Homo sapiens	1	max	H1	catalogue host field		no	
KX808594	catalogue-max	Influenza A virus	Orthomyxoviridae	Alphainfluenzavirus	Homo sapiens	2	max	H1	catalogue host field		no	
KX808595	catalogue-max	Influenza A virus	Orthomyxoviridae	Alphainfluenzavirus	Homo sapiens	3	max	H1	catalogue host field		no	
KX808596	catalogue-max	Influenza A virus	Orthomyxoviridae	Alphainfluenzavirus	Homo sapiens	4	max	H1	catalogue host field		no	
KX808597	catalogue-max	Influenza A virus	Orthomyxoviridae	Alphainfluenzavirus	Homo sapiens	5	max	H1	catalogue host field		no	
KX808598	catalogue-max	Influenza A virus	Orthomyxoviridae	Alphainfluenzavirus	Homo sapiens	6	max	H1	catalogue host field		no	
KX808599	catalogue-max	Influenza A virus	Orthomyxoviridae	Alphainfluenzavirus	Homo sapiens	7	max	H1	catalogue host field		no	
KX808600	catalogue-max	Influenza A virus	Orthomyxoviridae	Alphainfluenzavirus	Homo sapiens	8	max	H1	catalogue host field		no	
KX867822	catalogue-max	Influenza A virus	Orthomyxoviridae	Alphainfluenzavirus	swine	1	max	H2_species	another record of this species has a Homo sapiens host		no	
KX867823	catalogue-max	Influenza A virus	Orthomyxoviridae	Alphainfluenzavirus	swine	2	max	H2_species	another record of this species has a Homo sapiens host		no	
KX867824	catalogue-max	Influenza A virus	Orthomyxoviridae	Alphainfluenzavirus	swine	3	max	H2_species	another record of this species has a Homo sapiens host		no	
KX867825	catalogue-max	Influenza A virus	Orthomyxoviridae	Alphainfluenzavirus	swine	4	max	H2_species	another record of this species has a Homo sapiens host		no	
KX867826	catalogue-max	Influenza A virus	Orthomyxoviridae	Alphainfluenzavirus	swine	5	max	H2_species	another record of this species has a Homo sapiens host		no	
KX867827	catalogue-max	Influenza A virus	Orthomyxoviridae	Alphainfluenzavirus	swine	6	max	H2_species	another record of this species has a Homo sapiens host		no	
KX867828	catalogue-max	Influenza A virus	Orthomyxoviridae	Alphainfluenzavirus	swine	7	max	H2_species	another record of this species has a Homo sapiens host		no	
KX867829	catalogue-max	Influenza A virus	Orthomyxoviridae	Alphainfluenzavirus	swine	8	max	H2_species	another record of this species has a Homo sapiens host		no	
KY462759	catalogue-max	Torque teno mini virus SHC	Anelloviridae	Betatorquevirus	Homo sapiens		max	H1	catalogue host field	anellovirus_max_not_promoted	no	
KY462760	catalogue-max	Torque teno mini virus SHC	Anelloviridae	Betatorquevirus	Homo sapiens		max	H1	catalogue host field	anellovirus_max_not_promoted	no	
KY462761	catalogue-max	Torque teno mini virus SHC	Anelloviridae	Betatorquevirus	Homo sapiens		max	H1	catalogue host field	anellovirus_max_not_promoted	no	
KY462762	catalogue-max	Torque teno mini virus SHC	Anelloviridae	Betatorquevirus	Homo sapiens		max	H1	catalogue host field	anellovirus_max_not_promoted	no	
KY462763	catalogue-max	Torque teno mini virus SHC	Anelloviridae	Betatorquevirus	Homo sapiens		max	H1	catalogue host field	anellovirus_max_not_promoted	no	
KY462764	catalogue-max	Torque teno mini virus SHC	Anelloviridae	Betatorquevirus	Homo sapiens		max	H1	catalogue host field	anellovirus_max_not_promoted	no	
KY462765	catalogue-max	Torque teno mini virus SHC	Anelloviridae	Betatorquevirus	Homo sapiens		max	H1	catalogue host field	anellovirus_max_not_promoted	no	
KY462766	catalogue-max	Torque teno mini virus SHC	Anelloviridae	Betatorquevirus	Homo sapiens		max	H1	catalogue host field	anellovirus_max_not_promoted	no	
KY462767	catalogue-max	Torque teno mini virus SHC	Anelloviridae	Betatorquevirus	Homo sapiens		max	H1	catalogue host field	anellovirus_max_not_promoted	no	
KY462768	catalogue-max	Torque teno mini virus SHC	Anelloviridae	Betatorquevirus	Homo sapiens		max	H1	catalogue host field	anellovirus_max_not_promoted	no	
KY462769	catalogue-max	Torque teno mini virus SHB	Anelloviridae	Betatorquevirus	Homo sapiens		max	H1	catalogue host field	anellovirus_max_not_promoted	no	
L24917	catalogue-max	rhinovirus A16	Picornaviridae	Enterovirus			max	unreviewed			no	
LC385663	catalogue-max	Torque teno virus 7	Anelloviridae	Alphatorquevirus	Homo sapiens		max	H1	catalogue host field	anellovirus_max_not_promoted	no	
M62849	catalogue-max	human papillomavirus 39	Papillomaviridae	Alphapapillomavirus			max	H2_species	another record of this species has a Homo sapiens host		no	
M62877	catalogue-max	human papillomavirus 51	Papillomaviridae	Alphapapillomavirus			max	H2_name	species name starts with 'Human '		no	
MF370259	catalogue-max	Influenza A virus	Orthomyxoviridae	Alphainfluenzavirus	Homo sapiens; male	4	max	H1	catalogue host field		no	
MF370260	catalogue-max	Influenza A virus	Orthomyxoviridae	Alphainfluenzavirus	Homo sapiens; male	6	max	H1	catalogue host field		no	
MF370261	catalogue-max	Influenza A virus	Orthomyxoviridae	Alphainfluenzavirus	Homo sapiens; male	7	max	H1	catalogue host field		no	
MF370262	catalogue-max	Influenza A virus	Orthomyxoviridae	Alphainfluenzavirus	Homo sapiens; male	8	max	H1	catalogue host field		no	
MG572501	catalogue-max	Influenza A virus	Orthomyxoviridae	Alphainfluenzavirus	Homo sapiens; male	1	max	H1	catalogue host field		no	
MG572502	catalogue-max	Influenza A virus	Orthomyxoviridae	Alphainfluenzavirus	Homo sapiens; male	2	max	H1	catalogue host field		no	
MG572503	catalogue-max	Influenza A virus	Orthomyxoviridae	Alphainfluenzavirus	Homo sapiens; male	3	max	H1	catalogue host field		no	
MG572504	catalogue-max	Influenza A virus	Orthomyxoviridae	Alphainfluenzavirus	Homo sapiens; male	5	max	H1	catalogue host field		no	
MH017547	catalogue-max	Torque teno mini virus 10	Anelloviridae	Betatorquevirus	Homo sapiens		max	H1	catalogue host field	anellovirus_max_not_promoted	no	
MH017549	catalogue-max	Torque teno mini virus 10	Anelloviridae	Betatorquevirus	Homo sapiens		max	H1	catalogue host field	anellovirus_max_not_promoted	no	
MH017550	catalogue-max	Torque teno mini virus 10	Anelloviridae	Betatorquevirus	Homo sapiens		max	H1	catalogue host field	anellovirus_max_not_promoted	no	
MH017551	catalogue-max	Torque teno mini virus 10	Anelloviridae	Betatorquevirus	Homo sapiens		max	H1	catalogue host field	anellovirus_max_not_promoted	no	
MH017552	catalogue-max	Torque teno mini virus 10	Anelloviridae	Betatorquevirus	Homo sapiens		max	H1	catalogue host field	anellovirus_max_not_promoted	no	
MH017553	catalogue-max	Torque teno mini virus 10	Anelloviridae	Betatorquevirus	Homo sapiens		max	H1	catalogue host field	anellovirus_max_not_promoted	no	
MH017555	catalogue-max	Torque teno mini virus 10	Anelloviridae	Betatorquevirus	Homo sapiens		max	H1	catalogue host field	anellovirus_max_not_promoted	no	
MH017557	catalogue-max	Torque teno mini virus 10	Anelloviridae	Betatorquevirus	Homo sapiens		max	H1	catalogue host field	anellovirus_max_not_promoted	no	
MH017558	catalogue-max	Torque teno mini virus 10	Anelloviridae	Betatorquevirus	Homo sapiens		max	H1	catalogue host field	anellovirus_max_not_promoted	no	
MH017559	catalogue-max	Torque teno mini virus 10	Anelloviridae	Betatorquevirus	Homo sapiens		max	H1	catalogue host field	anellovirus_max_not_promoted	no	
MH017560	catalogue-max	Torque teno mini virus 10	Anelloviridae	Betatorquevirus	Homo sapiens		max	H1	catalogue host field	anellovirus_max_not_promoted	no	
MH017561	catalogue-max	Torque teno mini virus 10	Anelloviridae	Betatorquevirus	Homo sapiens		max	H1	catalogue host field	anellovirus_max_not_promoted	no	
MH017562	catalogue-max	Torque teno mini virus 10	Anelloviridae	Betatorquevirus	Homo sapiens		max	H1	catalogue host field	anellovirus_max_not_promoted	no	
MH017564	catalogue-max	Torque teno mini virus 10	Anelloviridae	Betatorquevirus	Homo sapiens		max	H1	catalogue host field	anellovirus_max_not_promoted	no	
MH017565	catalogue-max	Torque teno mini virus 10	Anelloviridae	Betatorquevirus	Homo sapiens		max	H1	catalogue host field	anellovirus_max_not_promoted	no	
MH017567	catalogue-max	Torque teno mini virus 10	Anelloviridae	Betatorquevirus	Homo sapiens		max	H1	catalogue host field	anellovirus_max_not_promoted	no	
MH017568	catalogue-max	Torque teno mini virus 10	Anelloviridae	Betatorquevirus	Homo sapiens		max	H1	catalogue host field	anellovirus_max_not_promoted	no	
MH017569	catalogue-max	Torque teno mini virus 10	Anelloviridae	Betatorquevirus	Homo sapiens		max	H1	catalogue host field	anellovirus_max_not_promoted	no	
MH017571	catalogue-max	Torque teno virus 1	Anelloviridae	Alphatorquevirus	Homo sapiens		max	H1	catalogue host field	anellovirus_max_not_promoted	no	
MH017572	catalogue-max	Torque teno virus 1	Anelloviridae	Alphatorquevirus	Homo sapiens		max	H1	catalogue host field	anellovirus_max_not_promoted	no	
MH017573	catalogue-max	Torque teno virus 1	Anelloviridae	Alphatorquevirus	Homo sapiens		max	H1	catalogue host field	anellovirus_max_not_promoted	no	
MH017574	catalogue-max	Torque teno virus 1	Anelloviridae	Alphatorquevirus	Homo sapiens		max	H1	catalogue host field	anellovirus_max_not_promoted	no	
MH017575	catalogue-max	Torque teno virus 1	Anelloviridae	Alphatorquevirus	Homo sapiens		max	H1	catalogue host field	anellovirus_max_not_promoted	no	
MH017576	catalogue-max	Torque teno virus 1	Anelloviridae	Alphatorquevirus	Homo sapiens		max	H1	catalogue host field	anellovirus_max_not_promoted	no	
MH017578	catalogue-max	Torque teno virus 1	Anelloviridae	Alphatorquevirus	Homo sapiens		max	H1	catalogue host field	anellovirus_max_not_promoted	no	
MH017579	catalogue-max	Torque teno virus 1	Anelloviridae	Alphatorquevirus	Homo sapiens		max	H1	catalogue host field	anellovirus_max_not_promoted	no	
MH017580	catalogue-max	Torque teno virus 1	Anelloviridae	Alphatorquevirus	Homo sapiens		max	H1	catalogue host field	anellovirus_max_not_promoted	no	
MH017581	catalogue-max	Torque teno virus 1	Anelloviridae	Alphatorquevirus	Homo sapiens		max	H1	catalogue host field	anellovirus_max_not_promoted	no	
MH017582	catalogue-max	Torque teno virus 1	Anelloviridae	Alphatorquevirus	Homo sapiens		max	H1	catalogue host field	anellovirus_max_not_promoted	no	
MH017584	catalogue-max	Torque teno virus 1	Anelloviridae	Alphatorquevirus	Homo sapiens		max	H1	catalogue host field	anellovirus_max_not_promoted	no	
MH017585	catalogue-max	Torque teno virus 1	Anelloviridae	Alphatorquevirus	Homo sapiens		max	H1	catalogue host field	anellovirus_max_not_promoted	no	
MH017586	catalogue-max	Torque teno virus 1	Anelloviridae	Alphatorquevirus	Homo sapiens		max	H1	catalogue host field	anellovirus_max_not_promoted	no	
MH017587	catalogue-max	Torque teno virus 1	Anelloviridae	Alphatorquevirus	Homo sapiens		max	H1	catalogue host field	anellovirus_max_not_promoted	no	
MH648908	catalogue-max	Anelloviridae sp.	Anelloviridae				max	H2_species	another record of this species has a Homo sapiens host	anellovirus_max_not_promoted	no	
MH648932	catalogue-max	Anelloviridae sp.	Anelloviridae				max	H2_species	another record of this species has a Homo sapiens host	anellovirus_max_not_promoted	no	
MH649008	catalogue-max	Anelloviridae sp.	Anelloviridae				max	H2_species	another record of this species has a Homo sapiens host	anellovirus_max_not_promoted	no	
MH649038	catalogue-max	Anelloviridae sp.	Anelloviridae				max	H2_species	another record of this species has a Homo sapiens host	anellovirus_max_not_promoted	no	
MH649053	catalogue-max	Anelloviridae sp.	Anelloviridae				max	H2_species	another record of this species has a Homo sapiens host	anellovirus_max_not_promoted	no	
MH649099	catalogue-max	Anelloviridae sp.	Anelloviridae				max	H2_species	another record of this species has a Homo sapiens host	anellovirus_max_not_promoted	no	
MH649143	catalogue-max	Anelloviridae sp.	Anelloviridae				max	H2_species	another record of this species has a Homo sapiens host	anellovirus_max_not_promoted	no	
MH649169	catalogue-max	Anelloviridae sp.	Anelloviridae				max	H2_species	another record of this species has a Homo sapiens host	anellovirus_max_not_promoted	no	
MH649179	catalogue-max	Anelloviridae sp.	Anelloviridae				max	H2_species	another record of this species has a Homo sapiens host	anellovirus_max_not_promoted	no	
MH649196	catalogue-max	Anelloviridae sp.	Anelloviridae				max	H2_species	another record of this species has a Homo sapiens host	anellovirus_max_not_promoted	no	
MH649203	catalogue-max	Anelloviridae sp.	Anelloviridae				max	H2_species	another record of this species has a Homo sapiens host	anellovirus_max_not_promoted	no	
MH649206	catalogue-max	Anelloviridae sp.	Anelloviridae				max	H2_species	another record of this species has a Homo sapiens host	anellovirus_max_not_promoted	no	
MH649208	catalogue-max	Anelloviridae sp.	Anelloviridae				max	H2_species	another record of this species has a Homo sapiens host	anellovirus_max_not_promoted	no	
MK733606	catalogue-max	Human gammaherpesvirus 8	Orthoherpesviridae	Rhadinovirus	Homo sapiens		max	H1	catalogue host field		no	
MN768567	catalogue-max	Torque teno virus	Anelloviridae		Homo sapiens		max	H1	catalogue host field	anellovirus_max_not_promoted	no	
MN769030	catalogue-max	TTV-like mini virus	Anelloviridae	Betatorquevirus	Homo sapiens		max	H1	catalogue host field	anellovirus_max_not_promoted	no	
MN769031	catalogue-max	TTV-like mini virus	Anelloviridae	Betatorquevirus	Homo sapiens		max	H1	catalogue host field	anellovirus_max_not_promoted	no	
MN769036	catalogue-max	TTV-like mini virus	Anelloviridae	Betatorquevirus	Homo sapiens		max	H1	catalogue host field	anellovirus_max_not_promoted	no	
MN769039	catalogue-max	TTV-like mini virus	Anelloviridae	Betatorquevirus	Homo sapiens		max	H1	catalogue host field	anellovirus_max_not_promoted	no	
MN769043	catalogue-max	TTV-like mini virus	Anelloviridae	Betatorquevirus	Homo sapiens		max	H1	catalogue host field	anellovirus_max_not_promoted	no	
MN769047	catalogue-max	TTV-like mini virus	Anelloviridae	Betatorquevirus	Homo sapiens		max	H1	catalogue host field	anellovirus_max_not_promoted	no	
MN769048	catalogue-max	TTV-like mini virus	Anelloviridae	Betatorquevirus	Homo sapiens		max	H1	catalogue host field	anellovirus_max_not_promoted	no	
MN769049	catalogue-max	TTV-like mini virus	Anelloviridae	Betatorquevirus	Homo sapiens		max	H1	catalogue host field	anellovirus_max_not_promoted	no	
MN769053	catalogue-max	TTV-like mini virus	Anelloviridae	Betatorquevirus	Homo sapiens		max	H1	catalogue host field	anellovirus_max_not_promoted	no	
MN769054	catalogue-max	TTV-like mini virus	Anelloviridae	Betatorquevirus	Homo sapiens		max	H1	catalogue host field	anellovirus_max_not_promoted	no	
MN769061	catalogue-max	TTV-like mini virus	Anelloviridae	Betatorquevirus	Homo sapiens		max	H1	catalogue host field	anellovirus_max_not_promoted	no	
MN769063	catalogue-max	TTV-like mini virus	Anelloviridae	Betatorquevirus	Homo sapiens		max	H1	catalogue host field	anellovirus_max_not_promoted	no	
MN769064	catalogue-max	TTV-like mini virus	Anelloviridae	Betatorquevirus	Homo sapiens		max	H1	catalogue host field	anellovirus_max_not_promoted	no	
MN769065	catalogue-max	TTV-like mini virus	Anelloviridae	Betatorquevirus	Homo sapiens		max	H1	catalogue host field	anellovirus_max_not_promoted	no	
MN769066	catalogue-max	TTV-like mini virus	Anelloviridae	Betatorquevirus	Homo sapiens		max	H1	catalogue host field	anellovirus_max_not_promoted	no	
MN769069	catalogue-max	TTV-like mini virus	Anelloviridae	Betatorquevirus	Homo sapiens		max	H1	catalogue host field	anellovirus_max_not_promoted	no	
MN769072	catalogue-max	TTV-like mini virus	Anelloviridae	Betatorquevirus	Homo sapiens		max	H1	catalogue host field	anellovirus_max_not_promoted	no	
MN769075	catalogue-max	TTV-like mini virus	Anelloviridae	Betatorquevirus	Homo sapiens		max	H1	catalogue host field	anellovirus_max_not_promoted	no	
MN769078	catalogue-max	TTV-like mini virus	Anelloviridae	Betatorquevirus	Homo sapiens		max	H1	catalogue host field	anellovirus_max_not_promoted	no	
MN769079	catalogue-max	TTV-like mini virus	Anelloviridae	Betatorquevirus	Homo sapiens		max	H1	catalogue host field	anellovirus_max_not_promoted	no	
MN769080	catalogue-max	TTV-like mini virus	Anelloviridae	Betatorquevirus	Homo sapiens		max	H1	catalogue host field	anellovirus_max_not_promoted	no	
MN769081	catalogue-max	TTV-like mini virus	Anelloviridae	Betatorquevirus	Homo sapiens		max	H1	catalogue host field	anellovirus_max_not_promoted	no	
MN769085	catalogue-max	TTV-like mini virus	Anelloviridae	Betatorquevirus	Homo sapiens		max	H1	catalogue host field	anellovirus_max_not_promoted	no	
MN769086	catalogue-max	TTV-like mini virus	Anelloviridae	Betatorquevirus	Homo sapiens		max	H1	catalogue host field	anellovirus_max_not_promoted	no	
MN769088	catalogue-max	TTV-like mini virus	Anelloviridae	Betatorquevirus	Homo sapiens		max	H1	catalogue host field	anellovirus_max_not_promoted	no	
MN769090	catalogue-max	TTV-like mini virus	Anelloviridae	Betatorquevirus	Homo sapiens		max	H1	catalogue host field	anellovirus_max_not_promoted	no	
MN769091	catalogue-max	TTV-like mini virus	Anelloviridae	Betatorquevirus	Homo sapiens		max	H1	catalogue host field	anellovirus_max_not_promoted	no	
MN769092	catalogue-max	TTV-like mini virus	Anelloviridae	Betatorquevirus	Homo sapiens		max	H1	catalogue host field	anellovirus_max_not_promoted	no	
MN769093	catalogue-max	TTV-like mini virus	Anelloviridae	Betatorquevirus	Homo sapiens		max	H1	catalogue host field	anellovirus_max_not_promoted	no	
MN769094	catalogue-max	TTV-like mini virus	Anelloviridae	Betatorquevirus	Homo sapiens		max	H1	catalogue host field	anellovirus_max_not_promoted	no	
MN769095	catalogue-max	TTV-like mini virus	Anelloviridae	Betatorquevirus	Homo sapiens		max	H1	catalogue host field	anellovirus_max_not_promoted	no	
MN769097	catalogue-max	TTV-like mini virus	Anelloviridae	Betatorquevirus	Homo sapiens		max	H1	catalogue host field	anellovirus_max_not_promoted	no	
MN769098	catalogue-max	Hetorquevirus hominid2	Anelloviridae	Hetorquevirus	Homo sapiens		max	H1	catalogue host field	anellovirus_max_not_promoted	no	
MN769099	catalogue-max	TTV-like mini virus	Anelloviridae	Betatorquevirus	Homo sapiens		max	H1	catalogue host field	anellovirus_max_not_promoted	no	
MN769102	catalogue-max	TTV-like mini virus	Anelloviridae	Betatorquevirus	Homo sapiens		max	H1	catalogue host field	anellovirus_max_not_promoted	no	
MN769111	catalogue-max	TTV-like mini virus	Anelloviridae	Betatorquevirus	Homo sapiens		max	H1	catalogue host field	anellovirus_max_not_promoted	no	
MN769113	catalogue-max	TTV-like mini virus	Anelloviridae	Betatorquevirus	Homo sapiens		max	H1	catalogue host field	anellovirus_max_not_promoted	no	
MN769114	catalogue-max	TTV-like mini virus	Anelloviridae	Betatorquevirus	Homo sapiens		max	H1	catalogue host field	anellovirus_max_not_promoted	no	
MN769115	catalogue-max	TTV-like mini virus	Anelloviridae	Betatorquevirus	Homo sapiens		max	H1	catalogue host field	anellovirus_max_not_promoted	no	
MN769117	catalogue-max	TTV-like mini virus	Anelloviridae	Betatorquevirus	Homo sapiens		max	H1	catalogue host field	anellovirus_max_not_promoted	no	
MN769119	catalogue-max	TTV-like mini virus	Anelloviridae	Betatorquevirus	Homo sapiens		max	H1	catalogue host field	anellovirus_max_not_promoted	no	
MN769120	catalogue-max	TTV-like mini virus	Anelloviridae	Betatorquevirus	Homo sapiens		max	H1	catalogue host field	anellovirus_max_not_promoted	no	
MN769121	catalogue-max	TTV-like mini virus	Anelloviridae	Betatorquevirus	Homo sapiens		max	H1	catalogue host field	anellovirus_max_not_promoted	no	
MN769122	catalogue-max	TTV-like mini virus	Anelloviridae	Betatorquevirus	Homo sapiens		max	H1	catalogue host field	anellovirus_max_not_promoted	no	
MN769127	catalogue-max	TTV-like mini virus	Anelloviridae	Betatorquevirus	Homo sapiens		max	H1	catalogue host field	anellovirus_max_not_promoted	no	
MN769129	catalogue-max	TTV-like mini virus	Anelloviridae	Betatorquevirus	Homo sapiens		max	H1	catalogue host field	anellovirus_max_not_promoted	no	
MN769130	catalogue-max	TTV-like mini virus	Anelloviridae	Betatorquevirus	Homo sapiens		max	H1	catalogue host field	anellovirus_max_not_promoted	no	
MN769132	catalogue-max	TTV-like mini virus	Anelloviridae	Betatorquevirus	Homo sapiens		max	H1	catalogue host field	anellovirus_max_not_promoted	no	
MN769133	catalogue-max	TTV-like mini virus	Anelloviridae	Betatorquevirus	Homo sapiens		max	H1	catalogue host field	anellovirus_max_not_promoted	no	
MN769134	catalogue-max	TTV-like mini virus	Anelloviridae	Betatorquevirus	Homo sapiens		max	H1	catalogue host field	anellovirus_max_not_promoted	no	
MN769138	catalogue-max	TTV-like mini virus	Anelloviridae	Betatorquevirus	Homo sapiens		max	H1	catalogue host field	anellovirus_max_not_promoted	no	
MN769139	catalogue-max	TTV-like mini virus	Anelloviridae	Betatorquevirus	Homo sapiens		max	H1	catalogue host field	anellovirus_max_not_promoted	no	
MN769145	catalogue-max	TTV-like mini virus	Anelloviridae	Betatorquevirus	Homo sapiens		max	H1	catalogue host field	anellovirus_max_not_promoted	no	
MN769146	catalogue-max	TTV-like mini virus	Anelloviridae	Betatorquevirus	Homo sapiens		max	H1	catalogue host field	anellovirus_max_not_promoted	no	
MN769148	catalogue-max	TTV-like mini virus	Anelloviridae	Betatorquevirus	Homo sapiens		max	H1	catalogue host field	anellovirus_max_not_promoted	no	
MN769152	catalogue-max	TTV-like mini virus	Anelloviridae	Betatorquevirus	Homo sapiens		max	H1	catalogue host field	anellovirus_max_not_promoted	no	
MN769156	catalogue-max	TTV-like mini virus	Anelloviridae	Betatorquevirus	Homo sapiens		max	H1	catalogue host field	anellovirus_max_not_promoted	no	
MN769157	catalogue-max	TTV-like mini virus	Anelloviridae	Betatorquevirus	Homo sapiens		max	H1	catalogue host field	anellovirus_max_not_promoted	no	
MN769160	catalogue-max	TTV-like mini virus	Anelloviridae	Betatorquevirus	Homo sapiens		max	H1	catalogue host field	anellovirus_max_not_promoted	no	
MN769161	catalogue-max	TTV-like mini virus	Anelloviridae	Betatorquevirus	Homo sapiens		max	H1	catalogue host field	anellovirus_max_not_promoted	no	
MN769163	catalogue-max	TTV-like mini virus	Anelloviridae	Betatorquevirus	Homo sapiens		max	H1	catalogue host field	anellovirus_max_not_promoted	no	
MN769164	catalogue-max	TTV-like mini virus	Anelloviridae	Betatorquevirus	Homo sapiens		max	H1	catalogue host field	anellovirus_max_not_promoted	no	
MN769165	catalogue-max	TTV-like mini virus	Anelloviridae	Betatorquevirus	Homo sapiens		max	H1	catalogue host field	anellovirus_max_not_promoted	no	
MN769167	catalogue-max	TTV-like mini virus	Anelloviridae	Betatorquevirus	Homo sapiens		max	H1	catalogue host field	anellovirus_max_not_promoted	no	
MN769168	catalogue-max	TTV-like mini virus	Anelloviridae	Betatorquevirus	Homo sapiens		max	H1	catalogue host field	anellovirus_max_not_promoted	no	
MN769170	catalogue-max	TTV-like mini virus	Anelloviridae	Betatorquevirus	Homo sapiens		max	H1	catalogue host field	anellovirus_max_not_promoted	no	
MN769174	catalogue-max	TTV-like mini virus	Anelloviridae	Betatorquevirus	Homo sapiens		max	H1	catalogue host field	anellovirus_max_not_promoted	no	
MN769176	catalogue-max	TTV-like mini virus	Anelloviridae	Betatorquevirus	Homo sapiens		max	H1	catalogue host field	anellovirus_max_not_promoted	no	
MN769184	catalogue-max	TTV-like mini virus	Anelloviridae	Betatorquevirus	Homo sapiens		max	H1	catalogue host field	anellovirus_max_not_promoted	no	
MN769194	catalogue-max	TTV-like mini virus	Anelloviridae	Betatorquevirus	Homo sapiens		max	H1	catalogue host field	anellovirus_max_not_promoted	no	
MN769195	catalogue-max	TTV-like mini virus	Anelloviridae	Betatorquevirus	Homo sapiens		max	H1	catalogue host field	anellovirus_max_not_promoted	no	
MN769196	catalogue-max	TTV-like mini virus	Anelloviridae	Betatorquevirus	Homo sapiens		max	H1	catalogue host field	anellovirus_max_not_promoted	no	
MN769197	catalogue-max	TTV-like mini virus	Anelloviridae	Betatorquevirus	Homo sapiens		max	H1	catalogue host field	anellovirus_max_not_promoted	no	
MN769198	catalogue-max	TTV-like mini virus	Anelloviridae	Betatorquevirus	Homo sapiens		max	H1	catalogue host field	anellovirus_max_not_promoted	no	
MN769199	catalogue-max	TTV-like mini virus	Anelloviridae	Betatorquevirus	Homo sapiens		max	H1	catalogue host field	anellovirus_max_not_promoted	no	
MN769203	catalogue-max	TTV-like mini virus	Anelloviridae	Betatorquevirus	Homo sapiens		max	H1	catalogue host field	anellovirus_max_not_promoted	no	
MN769208	catalogue-max	TTV-like mini virus	Anelloviridae	Betatorquevirus	Homo sapiens		max	H1	catalogue host field	anellovirus_max_not_promoted	no	
MN769213	catalogue-max	TTV-like mini virus	Anelloviridae	Betatorquevirus	Homo sapiens		max	H1	catalogue host field	anellovirus_max_not_promoted	no	
MN769215	catalogue-max	TTV-like mini virus	Anelloviridae	Betatorquevirus	Homo sapiens		max	H1	catalogue host field	anellovirus_max_not_promoted	no	
MN769216	catalogue-max	TTV-like mini virus	Anelloviridae	Betatorquevirus	Homo sapiens		max	H1	catalogue host field	anellovirus_max_not_promoted	no	
MN769217	catalogue-max	TTV-like mini virus	Anelloviridae	Betatorquevirus	Homo sapiens		max	H1	catalogue host field	anellovirus_max_not_promoted	no	
MN769218	catalogue-max	TTV-like mini virus	Anelloviridae	Betatorquevirus	Homo sapiens		max	H1	catalogue host field	anellovirus_max_not_promoted	no	
MN769220	catalogue-max	TTV-like mini virus	Anelloviridae	Betatorquevirus	Homo sapiens		max	H1	catalogue host field	anellovirus_max_not_promoted	no	
MN769222	catalogue-max	TTV-like mini virus	Anelloviridae	Betatorquevirus	Homo sapiens		max	H1	catalogue host field	anellovirus_max_not_promoted	no	
MN769225	catalogue-max	Hetorquevirus hominid6	Anelloviridae	Hetorquevirus	Homo sapiens		max	H1	catalogue host field	anellovirus_max_not_promoted	no	
MN769227	catalogue-max	TTV-like mini virus	Anelloviridae	Betatorquevirus	Homo sapiens		max	H1	catalogue host field	anellovirus_max_not_promoted	no	
MN769229	catalogue-max	TTV-like mini virus	Anelloviridae	Betatorquevirus	Homo sapiens		max	H1	catalogue host field	anellovirus_max_not_promoted	no	
MN769230	catalogue-max	TTV-like mini virus	Anelloviridae	Betatorquevirus	Homo sapiens		max	H1	catalogue host field	anellovirus_max_not_promoted	no	
MN769232	catalogue-max	TTV-like mini virus	Anelloviridae	Betatorquevirus	Homo sapiens		max	H1	catalogue host field	anellovirus_max_not_promoted	no	
MN769239	catalogue-max	TTV-like mini virus	Anelloviridae	Betatorquevirus	Homo sapiens		max	H1	catalogue host field	anellovirus_max_not_promoted	no	
MN769240	catalogue-max	TTV-like mini virus	Anelloviridae	Betatorquevirus	Homo sapiens		max	H1	catalogue host field	anellovirus_max_not_promoted	no	
MN769242	catalogue-max	TTV-like mini virus	Anelloviridae	Betatorquevirus	Homo sapiens		max	H1	catalogue host field	anellovirus_max_not_promoted	no	
MN769243	catalogue-max	TTV-like mini virus	Anelloviridae	Betatorquevirus	Homo sapiens		max	H1	catalogue host field	anellovirus_max_not_promoted	no	
MN769248	catalogue-max	TTV-like mini virus	Anelloviridae	Betatorquevirus	Homo sapiens		max	H1	catalogue host field	anellovirus_max_not_promoted	no	
MN769249	catalogue-max	TTV-like mini virus	Anelloviridae	Betatorquevirus	Homo sapiens		max	H1	catalogue host field	anellovirus_max_not_promoted	no	
MN769250	catalogue-max	TTV-like mini virus	Anelloviridae	Betatorquevirus	Homo sapiens		max	H1	catalogue host field	anellovirus_max_not_promoted	no	
MN769254	catalogue-max	TTV-like mini virus	Anelloviridae	Betatorquevirus	Homo sapiens		max	H1	catalogue host field	anellovirus_max_not_promoted	no	
MN769255	catalogue-max	TTV-like mini virus	Anelloviridae	Betatorquevirus	Homo sapiens		max	H1	catalogue host field	anellovirus_max_not_promoted	no	
MN769261	catalogue-max	TTV-like mini virus	Anelloviridae	Betatorquevirus	Homo sapiens		max	H1	catalogue host field	anellovirus_max_not_promoted	no	
MN769262	catalogue-max	TTV-like mini virus	Anelloviridae	Betatorquevirus	Homo sapiens		max	H1	catalogue host field	anellovirus_max_not_promoted	no	
MN769267	catalogue-max	TTV-like mini virus	Anelloviridae	Betatorquevirus	Homo sapiens		max	H1	catalogue host field	anellovirus_max_not_promoted	no	
MN769268	catalogue-max	TTV-like mini virus	Anelloviridae	Betatorquevirus	Homo sapiens		max	H1	catalogue host field	anellovirus_max_not_promoted	no	
MN769271	catalogue-max	TTV-like mini virus	Anelloviridae	Betatorquevirus	Homo sapiens		max	H1	catalogue host field	anellovirus_max_not_promoted	no	
MN769272	catalogue-max	TTV-like mini virus	Anelloviridae	Betatorquevirus	Homo sapiens		max	H1	catalogue host field	anellovirus_max_not_promoted	no	
MN769275	catalogue-max	TTV-like mini virus	Anelloviridae	Betatorquevirus	Homo sapiens		max	H1	catalogue host field	anellovirus_max_not_promoted	no	
MN769276	catalogue-max	TTV-like mini virus	Anelloviridae	Betatorquevirus	Homo sapiens		max	H1	catalogue host field	anellovirus_max_not_promoted	no	
MN769277	catalogue-max	TTV-like mini virus	Anelloviridae	Betatorquevirus	Homo sapiens		max	H1	catalogue host field	anellovirus_max_not_promoted	no	
MN769278	catalogue-max	TTV-like mini virus	Anelloviridae	Betatorquevirus	Homo sapiens		max	H1	catalogue host field	anellovirus_max_not_promoted	no	
MN769279	catalogue-max	TTV-like mini virus	Anelloviridae	Betatorquevirus	Homo sapiens		max	H1	catalogue host field	anellovirus_max_not_promoted	no	
MN769280	catalogue-max	TTV-like mini virus	Anelloviridae	Betatorquevirus	Homo sapiens		max	H1	catalogue host field	anellovirus_max_not_promoted	no	
MN769284	catalogue-max	TTV-like mini virus	Anelloviridae	Betatorquevirus	Homo sapiens		max	H1	catalogue host field	anellovirus_max_not_promoted	no	
MN769285	catalogue-max	TTV-like mini virus	Anelloviridae	Betatorquevirus	Homo sapiens		max	H1	catalogue host field	anellovirus_max_not_promoted	no	
MN769287	catalogue-max	TTV-like mini virus	Anelloviridae	Betatorquevirus	Homo sapiens		max	H1	catalogue host field	anellovirus_max_not_promoted	no	
MN769288	catalogue-max	TTV-like mini virus	Anelloviridae	Betatorquevirus	Homo sapiens		max	H1	catalogue host field	anellovirus_max_not_promoted	no	
MN769290	catalogue-max	TTV-like mini virus	Anelloviridae	Betatorquevirus	Homo sapiens		max	H1	catalogue host field	anellovirus_max_not_promoted	no	
MN769291	catalogue-max	TTV-like mini virus	Anelloviridae	Betatorquevirus	Homo sapiens		max	H1	catalogue host field	anellovirus_max_not_promoted	no	
MN769295	catalogue-max	TTV-like mini virus	Anelloviridae	Betatorquevirus	Homo sapiens		max	H1	catalogue host field	anellovirus_max_not_promoted	no	
MN769296	catalogue-max	TTV-like mini virus	Anelloviridae	Betatorquevirus	Homo sapiens		max	H1	catalogue host field	anellovirus_max_not_promoted	no	
MN769299	catalogue-max	TTV-like mini virus	Anelloviridae	Betatorquevirus	Homo sapiens		max	H1	catalogue host field	anellovirus_max_not_promoted	no	
MN769306	catalogue-max	TTV-like mini virus	Anelloviridae	Betatorquevirus	Homo sapiens		max	H1	catalogue host field	anellovirus_max_not_promoted	no	
MN769307	catalogue-max	TTV-like mini virus	Anelloviridae	Betatorquevirus	Homo sapiens		max	H1	catalogue host field	anellovirus_max_not_promoted	no	
MN769312	catalogue-max	TTV-like mini virus	Anelloviridae	Betatorquevirus	Homo sapiens		max	H1	catalogue host field	anellovirus_max_not_promoted	no	
MN769313	catalogue-max	TTV-like mini virus	Anelloviridae	Betatorquevirus	Homo sapiens		max	H1	catalogue host field	anellovirus_max_not_promoted	no	
MN769315	catalogue-max	TTV-like mini virus	Anelloviridae	Betatorquevirus	Homo sapiens		max	H1	catalogue host field	anellovirus_max_not_promoted	no	
MN769317	catalogue-max	TTV-like mini virus	Anelloviridae	Betatorquevirus	Homo sapiens		max	H1	catalogue host field	anellovirus_max_not_promoted	no	
MN769322	catalogue-max	TTV-like mini virus	Anelloviridae	Betatorquevirus	Homo sapiens		max	H1	catalogue host field	anellovirus_max_not_promoted	no	
MN769326	catalogue-max	TTV-like mini virus	Anelloviridae	Betatorquevirus	Homo sapiens		max	H1	catalogue host field	anellovirus_max_not_promoted	no	
MN769327	catalogue-max	TTV-like mini virus	Anelloviridae	Betatorquevirus	Homo sapiens		max	H1	catalogue host field	anellovirus_max_not_promoted	no	
MN769328	catalogue-max	TTV-like mini virus	Anelloviridae	Betatorquevirus	Homo sapiens		max	H1	catalogue host field	anellovirus_max_not_promoted	no	
MN769331	catalogue-max	TTV-like mini virus	Anelloviridae	Betatorquevirus	Homo sapiens		max	H1	catalogue host field	anellovirus_max_not_promoted	no	
MN769334	catalogue-max	TTV-like mini virus	Anelloviridae	Betatorquevirus	Homo sapiens		max	H1	catalogue host field	anellovirus_max_not_promoted	no	
MN769338	catalogue-max	TTV-like mini virus	Anelloviridae	Betatorquevirus	Homo sapiens		max	H1	catalogue host field	anellovirus_max_not_promoted	no	
MN769339	catalogue-max	TTV-like mini virus	Anelloviridae	Betatorquevirus	Homo sapiens		max	H1	catalogue host field	anellovirus_max_not_promoted	no	
MN769341	catalogue-max	TTV-like mini virus	Anelloviridae	Betatorquevirus	Homo sapiens		max	H1	catalogue host field	anellovirus_max_not_promoted	no	
MN769343	catalogue-max	TTV-like mini virus	Anelloviridae	Betatorquevirus	Homo sapiens		max	H1	catalogue host field	anellovirus_max_not_promoted	no	
MN769345	catalogue-max	TTV-like mini virus	Anelloviridae	Betatorquevirus	Homo sapiens		max	H1	catalogue host field	anellovirus_max_not_promoted	no	
MN769352	catalogue-max	TTV-like mini virus	Anelloviridae	Betatorquevirus	Homo sapiens		max	H1	catalogue host field	anellovirus_max_not_promoted	no	
MN769354	catalogue-max	TTV-like mini virus	Anelloviridae	Betatorquevirus	Homo sapiens		max	H1	catalogue host field	anellovirus_max_not_promoted	no	
MN769360	catalogue-max	TTV-like mini virus	Anelloviridae	Betatorquevirus	Homo sapiens		max	H1	catalogue host field	anellovirus_max_not_promoted	no	
MN769361	catalogue-max	TTV-like mini virus	Anelloviridae	Betatorquevirus	Homo sapiens		max	H1	catalogue host field	anellovirus_max_not_promoted	no	
MN769362	catalogue-max	TTV-like mini virus	Anelloviridae	Betatorquevirus	Homo sapiens		max	H1	catalogue host field	anellovirus_max_not_promoted	no	
MN769364	catalogue-max	TTV-like mini virus	Anelloviridae	Betatorquevirus	Homo sapiens		max	H1	catalogue host field	anellovirus_max_not_promoted	no	
MN769366	catalogue-max	TTV-like mini virus	Anelloviridae	Betatorquevirus	Homo sapiens		max	H1	catalogue host field	anellovirus_max_not_promoted	no	
MN769368	catalogue-max	TTV-like mini virus	Anelloviridae	Betatorquevirus	Homo sapiens		max	H1	catalogue host field	anellovirus_max_not_promoted	no	
MN769370	catalogue-max	TTV-like mini virus	Anelloviridae	Betatorquevirus	Homo sapiens		max	H1	catalogue host field	anellovirus_max_not_promoted	no	
MN769371	catalogue-max	TTV-like mini virus	Anelloviridae	Betatorquevirus	Homo sapiens		max	H1	catalogue host field	anellovirus_max_not_promoted	no	
MN769374	catalogue-max	TTV-like mini virus	Anelloviridae	Betatorquevirus	Homo sapiens		max	H1	catalogue host field	anellovirus_max_not_promoted	no	
MN769377	catalogue-max	TTV-like mini virus	Anelloviridae	Betatorquevirus	Homo sapiens		max	H1	catalogue host field	anellovirus_max_not_promoted	no	
MN769378	catalogue-max	TTV-like mini virus	Anelloviridae	Betatorquevirus	Homo sapiens		max	H1	catalogue host field	anellovirus_max_not_promoted	no	
MN769379	catalogue-max	TTV-like mini virus	Anelloviridae	Betatorquevirus	Homo sapiens		max	H1	catalogue host field	anellovirus_max_not_promoted	no	
MN769381	catalogue-max	TTV-like mini virus	Anelloviridae	Betatorquevirus	Homo sapiens		max	H1	catalogue host field	anellovirus_max_not_promoted	no	
MN769385	catalogue-max	TTV-like mini virus	Anelloviridae	Betatorquevirus	Homo sapiens		max	H1	catalogue host field	anellovirus_max_not_promoted	no	
MN769387	catalogue-max	TTV-like mini virus	Anelloviridae	Betatorquevirus	Homo sapiens		max	H1	catalogue host field	anellovirus_max_not_promoted	no	
MN769388	catalogue-max	TTV-like mini virus	Anelloviridae	Betatorquevirus	Homo sapiens		max	H1	catalogue host field	anellovirus_max_not_promoted	no	
MN769391	catalogue-max	TTV-like mini virus	Anelloviridae	Betatorquevirus	Homo sapiens		max	H1	catalogue host field	anellovirus_max_not_promoted	no	
MN769393	catalogue-max	TTV-like mini virus	Anelloviridae	Betatorquevirus	Homo sapiens		max	H1	catalogue host field	anellovirus_max_not_promoted	no	
MN769394	catalogue-max	TTV-like mini virus	Anelloviridae	Betatorquevirus	Homo sapiens		max	H1	catalogue host field	anellovirus_max_not_promoted	no	
MN769396	catalogue-max	TTV-like mini virus	Anelloviridae	Betatorquevirus	Homo sapiens		max	H1	catalogue host field	anellovirus_max_not_promoted	no	
MN769397	catalogue-max	TTV-like mini virus	Anelloviridae	Betatorquevirus	Homo sapiens		max	H1	catalogue host field	anellovirus_max_not_promoted	no	
MN769406	catalogue-max	TTV-like mini virus	Anelloviridae	Betatorquevirus	Homo sapiens		max	H1	catalogue host field	anellovirus_max_not_promoted	no	
MN769408	catalogue-max	TTV-like mini virus	Anelloviridae	Betatorquevirus	Homo sapiens		max	H1	catalogue host field	anellovirus_max_not_promoted	no	
MN769411	catalogue-max	TTV-like mini virus	Anelloviridae	Betatorquevirus	Homo sapiens		max	H1	catalogue host field	anellovirus_max_not_promoted	no	
MN769413	catalogue-max	TTV-like mini virus	Anelloviridae	Betatorquevirus	Homo sapiens		max	H1	catalogue host field	anellovirus_max_not_promoted	no	
MN769419	catalogue-max	TTV-like mini virus	Anelloviridae	Betatorquevirus	Homo sapiens		max	H1	catalogue host field	anellovirus_max_not_promoted	no	
MN769420	catalogue-max	TTV-like mini virus	Anelloviridae	Betatorquevirus	Homo sapiens		max	H1	catalogue host field	anellovirus_max_not_promoted	no	
MN769421	catalogue-max	TTV-like mini virus	Anelloviridae	Betatorquevirus	Homo sapiens		max	H1	catalogue host field	anellovirus_max_not_promoted	no	
MN769422	catalogue-max	TTV-like mini virus	Anelloviridae	Betatorquevirus	Homo sapiens		max	H1	catalogue host field	anellovirus_max_not_promoted	no	
MN769423	catalogue-max	TTV-like mini virus	Anelloviridae	Betatorquevirus	Homo sapiens		max	H1	catalogue host field	anellovirus_max_not_promoted	no	
MN769424	catalogue-max	TTV-like mini virus	Anelloviridae	Betatorquevirus	Homo sapiens		max	H1	catalogue host field	anellovirus_max_not_promoted	no	
MN769429	catalogue-max	TTV-like mini virus	Anelloviridae	Betatorquevirus	Homo sapiens		max	H1	catalogue host field	anellovirus_max_not_promoted	no	
MN769430	catalogue-max	TTV-like mini virus	Anelloviridae	Betatorquevirus	Homo sapiens		max	H1	catalogue host field	anellovirus_max_not_promoted	no	
MN769431	catalogue-max	TTV-like mini virus	Anelloviridae	Betatorquevirus	Homo sapiens		max	H1	catalogue host field	anellovirus_max_not_promoted	no	
MN769435	catalogue-max	TTV-like mini virus	Anelloviridae	Betatorquevirus	Homo sapiens		max	H1	catalogue host field	anellovirus_max_not_promoted	no	
MN769439	catalogue-max	TTV-like mini virus	Anelloviridae	Betatorquevirus	Homo sapiens		max	H1	catalogue host field	anellovirus_max_not_promoted	no	
MN769443	catalogue-max	TTV-like mini virus	Anelloviridae	Betatorquevirus	Homo sapiens		max	H1	catalogue host field	anellovirus_max_not_promoted	no	
MN769444	catalogue-max	TTV-like mini virus	Anelloviridae	Betatorquevirus	Homo sapiens		max	H1	catalogue host field	anellovirus_max_not_promoted	no	
MN769445	catalogue-max	TTV-like mini virus	Anelloviridae	Betatorquevirus	Homo sapiens		max	H1	catalogue host field	anellovirus_max_not_promoted	no	
MN769452	catalogue-max	TTV-like mini virus	Anelloviridae	Betatorquevirus	Homo sapiens		max	H1	catalogue host field	anellovirus_max_not_promoted	no	
MN769456	catalogue-max	TTV-like mini virus	Anelloviridae	Betatorquevirus	Homo sapiens		max	H1	catalogue host field	anellovirus_max_not_promoted	no	
MN769458	catalogue-max	TTV-like mini virus	Anelloviridae	Betatorquevirus	Homo sapiens		max	H1	catalogue host field	anellovirus_max_not_promoted	no	
MN769462	catalogue-max	TTV-like mini virus	Anelloviridae	Betatorquevirus	Homo sapiens		max	H1	catalogue host field	anellovirus_max_not_promoted	no	
MN769467	catalogue-max	TTV-like mini virus	Anelloviridae	Betatorquevirus	Homo sapiens		max	H1	catalogue host field	anellovirus_max_not_promoted	no	
MN769468	catalogue-max	TTV-like mini virus	Anelloviridae	Betatorquevirus	Homo sapiens		max	H1	catalogue host field	anellovirus_max_not_promoted	no	
MN769469	catalogue-max	TTV-like mini virus	Anelloviridae	Betatorquevirus	Homo sapiens		max	H1	catalogue host field	anellovirus_max_not_promoted	no	
MN769471	catalogue-max	TTV-like mini virus	Anelloviridae	Betatorquevirus	Homo sapiens		max	H1	catalogue host field	anellovirus_max_not_promoted	no	
MN769474	catalogue-max	TTV-like mini virus	Anelloviridae	Betatorquevirus	Homo sapiens		max	H1	catalogue host field	anellovirus_max_not_promoted	no	
MN769477	catalogue-max	TTV-like mini virus	Anelloviridae	Betatorquevirus	Homo sapiens		max	H1	catalogue host field	anellovirus_max_not_promoted	no	
MN769478	catalogue-max	TTV-like mini virus	Anelloviridae	Betatorquevirus	Homo sapiens		max	H1	catalogue host field	anellovirus_max_not_promoted	no	
MN769479	catalogue-max	TTV-like mini virus	Anelloviridae	Betatorquevirus	Homo sapiens		max	H1	catalogue host field	anellovirus_max_not_promoted	no	
MN769481	catalogue-max	TTV-like mini virus	Anelloviridae	Betatorquevirus	Homo sapiens		max	H1	catalogue host field	anellovirus_max_not_promoted	no	
MN769483	catalogue-max	TTV-like mini virus	Anelloviridae	Betatorquevirus	Homo sapiens		max	H1	catalogue host field	anellovirus_max_not_promoted	no	
MN769485	catalogue-max	TTV-like mini virus	Anelloviridae	Betatorquevirus	Homo sapiens		max	H1	catalogue host field	anellovirus_max_not_promoted	no	
MN769486	catalogue-max	TTV-like mini virus	Anelloviridae	Betatorquevirus	Homo sapiens		max	H1	catalogue host field	anellovirus_max_not_promoted	no	
MN769487	catalogue-max	TTV-like mini virus	Anelloviridae	Betatorquevirus	Homo sapiens		max	H1	catalogue host field	anellovirus_max_not_promoted	no	
MN769488	catalogue-max	TTV-like mini virus	Anelloviridae	Betatorquevirus	Homo sapiens		max	H1	catalogue host field	anellovirus_max_not_promoted	no	
MN769489	catalogue-max	TTV-like mini virus	Anelloviridae	Betatorquevirus	Homo sapiens		max	H1	catalogue host field	anellovirus_max_not_promoted	no	
MN769490	catalogue-max	TTV-like mini virus	Anelloviridae	Betatorquevirus	Homo sapiens		max	H1	catalogue host field	anellovirus_max_not_promoted	no	
MN769491	catalogue-max	TTV-like mini virus	Anelloviridae	Betatorquevirus	Homo sapiens		max	H1	catalogue host field	anellovirus_max_not_promoted	no	
MN769493	catalogue-max	TTV-like mini virus	Anelloviridae	Betatorquevirus	Homo sapiens		max	H1	catalogue host field	anellovirus_max_not_promoted	no	
MN769495	catalogue-max	TTV-like mini virus	Anelloviridae	Betatorquevirus	Homo sapiens		max	H1	catalogue host field	anellovirus_max_not_promoted	no	
MN769496	catalogue-max	TTV-like mini virus	Anelloviridae	Betatorquevirus	Homo sapiens		max	H1	catalogue host field	anellovirus_max_not_promoted	no	
MN769498	catalogue-max	TTV-like mini virus	Anelloviridae	Betatorquevirus	Homo sapiens		max	H1	catalogue host field	anellovirus_max_not_promoted	no	
MN769499	catalogue-max	TTV-like mini virus	Anelloviridae	Betatorquevirus	Homo sapiens		max	H1	catalogue host field	anellovirus_max_not_promoted	no	
MN769502	catalogue-max	TTV-like mini virus	Anelloviridae	Betatorquevirus	Homo sapiens		max	H1	catalogue host field	anellovirus_max_not_promoted	no	
MN769503	catalogue-max	TTV-like mini virus	Anelloviridae	Betatorquevirus	Homo sapiens		max	H1	catalogue host field	anellovirus_max_not_promoted	no	
MN769504	catalogue-max	TTV-like mini virus	Anelloviridae	Betatorquevirus	Homo sapiens		max	H1	catalogue host field	anellovirus_max_not_promoted	no	
MN769505	catalogue-max	TTV-like mini virus	Anelloviridae	Betatorquevirus	Homo sapiens		max	H1	catalogue host field	anellovirus_max_not_promoted	no	
MN769509	catalogue-max	TTV-like mini virus	Anelloviridae	Betatorquevirus	Homo sapiens		max	H1	catalogue host field	anellovirus_max_not_promoted	no	
MN769511	catalogue-max	TTV-like mini virus	Anelloviridae	Betatorquevirus	Homo sapiens		max	H1	catalogue host field	anellovirus_max_not_promoted	no	
MN769512	catalogue-max	TTV-like mini virus	Anelloviridae	Betatorquevirus	Homo sapiens		max	H1	catalogue host field	anellovirus_max_not_promoted	no	
MN769514	catalogue-max	TTV-like mini virus	Anelloviridae	Betatorquevirus	Homo sapiens		max	H1	catalogue host field	anellovirus_max_not_promoted	no	
MN769516	catalogue-max	Hetorquevirus hominid2	Anelloviridae	Hetorquevirus	Homo sapiens		max	H1	catalogue host field	anellovirus_max_not_promoted	no	
MN769517	catalogue-max	TTV-like mini virus	Anelloviridae	Betatorquevirus	Homo sapiens		max	H1	catalogue host field	anellovirus_max_not_promoted	no	
MN769518	catalogue-max	TTV-like mini virus	Anelloviridae	Betatorquevirus	Homo sapiens		max	H1	catalogue host field	anellovirus_max_not_promoted	no	
MN769520	catalogue-max	TTV-like mini virus	Anelloviridae	Betatorquevirus	Homo sapiens		max	H1	catalogue host field	anellovirus_max_not_promoted	no	
MN769521	catalogue-max	TTV-like mini virus	Anelloviridae	Betatorquevirus	Homo sapiens		max	H1	catalogue host field	anellovirus_max_not_promoted	no	
MN769526	catalogue-max	TTV-like mini virus	Anelloviridae	Betatorquevirus	Homo sapiens		max	H1	catalogue host field	anellovirus_max_not_promoted	no	
MN769528	catalogue-max	TTV-like mini virus	Anelloviridae	Betatorquevirus	Homo sapiens		max	H1	catalogue host field	anellovirus_max_not_promoted	no	
MN769529	catalogue-max	TTV-like mini virus	Anelloviridae	Betatorquevirus	Homo sapiens		max	H1	catalogue host field	anellovirus_max_not_promoted	no	
MN769530	catalogue-max	TTV-like mini virus	Anelloviridae	Betatorquevirus	Homo sapiens		max	H1	catalogue host field	anellovirus_max_not_promoted	no	
MN769531	catalogue-max	TTV-like mini virus	Anelloviridae	Betatorquevirus	Homo sapiens		max	H1	catalogue host field	anellovirus_max_not_promoted	no	
MN769534	catalogue-max	TTV-like mini virus	Anelloviridae	Betatorquevirus	Homo sapiens		max	H1	catalogue host field	anellovirus_max_not_promoted	no	
MN769536	catalogue-max	TTV-like mini virus	Anelloviridae	Betatorquevirus	Homo sapiens		max	H1	catalogue host field	anellovirus_max_not_promoted	no	
MN769538	catalogue-max	TTV-like mini virus	Anelloviridae	Betatorquevirus	Homo sapiens		max	H1	catalogue host field	anellovirus_max_not_promoted	no	
MN769539	catalogue-max	TTV-like mini virus	Anelloviridae	Betatorquevirus	Homo sapiens		max	H1	catalogue host field	anellovirus_max_not_promoted	no	
MN769547	catalogue-max	TTV-like mini virus	Anelloviridae	Betatorquevirus	Homo sapiens		max	H1	catalogue host field	anellovirus_max_not_promoted	no	
MN769548	catalogue-max	TTV-like mini virus	Anelloviridae	Betatorquevirus	Homo sapiens		max	H1	catalogue host field	anellovirus_max_not_promoted	no	
MN769551	catalogue-max	TTV-like mini virus	Anelloviridae	Betatorquevirus	Homo sapiens		max	H1	catalogue host field	anellovirus_max_not_promoted	no	
MN769553	catalogue-max	TTV-like mini virus	Anelloviridae	Betatorquevirus	Homo sapiens		max	H1	catalogue host field	anellovirus_max_not_promoted	no	
MN769555	catalogue-max	TTV-like mini virus	Anelloviridae	Betatorquevirus	Homo sapiens		max	H1	catalogue host field	anellovirus_max_not_promoted	no	
MN769557	catalogue-max	TTV-like mini virus	Anelloviridae	Betatorquevirus	Homo sapiens		max	H1	catalogue host field	anellovirus_max_not_promoted	no	
MN769572	catalogue-max	TTV-like mini virus	Anelloviridae	Betatorquevirus	Homo sapiens		max	H1	catalogue host field	anellovirus_max_not_promoted	no	
MN769575	catalogue-max	TTV-like mini virus	Anelloviridae	Betatorquevirus	Homo sapiens		max	H1	catalogue host field	anellovirus_max_not_promoted	no	
MN769582	catalogue-max	TTV-like mini virus	Anelloviridae	Betatorquevirus	Homo sapiens		max	H1	catalogue host field	anellovirus_max_not_promoted	no	
MN769588	catalogue-max	TTV-like mini virus	Anelloviridae	Betatorquevirus	Homo sapiens		max	H1	catalogue host field	anellovirus_max_not_promoted	no	
MN769590	catalogue-max	TTV-like mini virus	Anelloviridae	Betatorquevirus	Homo sapiens		max	H1	catalogue host field	anellovirus_max_not_promoted	no	
MN769591	catalogue-max	TTV-like mini virus	Anelloviridae	Betatorquevirus	Homo sapiens		max	H1	catalogue host field	anellovirus_max_not_promoted	no	
MN769592	catalogue-max	TTV-like mini virus	Anelloviridae	Betatorquevirus	Homo sapiens		max	H1	catalogue host field	anellovirus_max_not_promoted	no	
MN769593	catalogue-max	TTV-like mini virus	Anelloviridae	Betatorquevirus	Homo sapiens		max	H1	catalogue host field	anellovirus_max_not_promoted	no	
MN769594	catalogue-max	TTV-like mini virus	Anelloviridae	Betatorquevirus	Homo sapiens		max	H1	catalogue host field	anellovirus_max_not_promoted	no	
MN769595	catalogue-max	TTV-like mini virus	Anelloviridae	Betatorquevirus	Homo sapiens		max	H1	catalogue host field	anellovirus_max_not_promoted	no	
MN769601	catalogue-max	TTV-like mini virus	Anelloviridae	Betatorquevirus	Homo sapiens		max	H1	catalogue host field	anellovirus_max_not_promoted	no	
MN769603	catalogue-max	TTV-like mini virus	Anelloviridae	Betatorquevirus	Homo sapiens		max	H1	catalogue host field	anellovirus_max_not_promoted	no	
MN769604	catalogue-max	TTV-like mini virus	Anelloviridae	Betatorquevirus	Homo sapiens		max	H1	catalogue host field	anellovirus_max_not_promoted	no	
MN769607	catalogue-max	TTV-like mini virus	Anelloviridae	Betatorquevirus	Homo sapiens		max	H1	catalogue host field	anellovirus_max_not_promoted	no	
MN769609	catalogue-max	TTV-like mini virus	Anelloviridae	Betatorquevirus	Homo sapiens		max	H1	catalogue host field	anellovirus_max_not_promoted	no	
MN769610	catalogue-max	TTV-like mini virus	Anelloviridae	Betatorquevirus	Homo sapiens		max	H1	catalogue host field	anellovirus_max_not_promoted	no	
MN769613	catalogue-max	TTV-like mini virus	Anelloviridae	Betatorquevirus	Homo sapiens		max	H1	catalogue host field	anellovirus_max_not_promoted	no	
MN769622	catalogue-max	TTV-like mini virus	Anelloviridae	Betatorquevirus	Homo sapiens		max	H1	catalogue host field	anellovirus_max_not_promoted	no	
MN769623	catalogue-max	TTV-like mini virus	Anelloviridae	Betatorquevirus	Homo sapiens		max	H1	catalogue host field	anellovirus_max_not_promoted	no	
MN769624	catalogue-max	TTV-like mini virus	Anelloviridae	Betatorquevirus	Homo sapiens		max	H1	catalogue host field	anellovirus_max_not_promoted	no	
MN769626	catalogue-max	TTV-like mini virus	Anelloviridae	Betatorquevirus	Homo sapiens		max	H1	catalogue host field	anellovirus_max_not_promoted	no	
MN769628	catalogue-max	TTV-like mini virus	Anelloviridae	Betatorquevirus	Homo sapiens		max	H1	catalogue host field	anellovirus_max_not_promoted	no	
MN769631	catalogue-max	TTV-like mini virus	Anelloviridae	Betatorquevirus	Homo sapiens		max	H1	catalogue host field	anellovirus_max_not_promoted	no	
MN769634	catalogue-max	TTV-like mini virus	Anelloviridae	Betatorquevirus	Homo sapiens		max	H1	catalogue host field	anellovirus_max_not_promoted	no	
MN769635	catalogue-max	TTV-like mini virus	Anelloviridae	Betatorquevirus	Homo sapiens		max	H1	catalogue host field	anellovirus_max_not_promoted	no	
MN769636	catalogue-max	TTV-like mini virus	Anelloviridae	Betatorquevirus	Homo sapiens		max	H1	catalogue host field	anellovirus_max_not_promoted	no	
MN769637	catalogue-max	TTV-like mini virus	Anelloviridae	Betatorquevirus	Homo sapiens		max	H1	catalogue host field	anellovirus_max_not_promoted	no	
MN769638	catalogue-max	TTV-like mini virus	Anelloviridae	Betatorquevirus	Homo sapiens		max	H1	catalogue host field	anellovirus_max_not_promoted	no	
MN769640	catalogue-max	TTV-like mini virus	Anelloviridae	Betatorquevirus	Homo sapiens		max	H1	catalogue host field	anellovirus_max_not_promoted	no	
MN769643	catalogue-max	TTV-like mini virus	Anelloviridae	Betatorquevirus	Homo sapiens		max	H1	catalogue host field	anellovirus_max_not_promoted	no	
MN769644	catalogue-max	TTV-like mini virus	Anelloviridae	Betatorquevirus	Homo sapiens		max	H1	catalogue host field	anellovirus_max_not_promoted	no	
MN769645	catalogue-max	TTV-like mini virus	Anelloviridae	Betatorquevirus	Homo sapiens		max	H1	catalogue host field	anellovirus_max_not_promoted	no	
MN769646	catalogue-max	TTV-like mini virus	Anelloviridae	Betatorquevirus	Homo sapiens		max	H1	catalogue host field	anellovirus_max_not_promoted	no	
MN769652	catalogue-max	TTV-like mini virus	Anelloviridae	Betatorquevirus	Homo sapiens		max	H1	catalogue host field	anellovirus_max_not_promoted	no	
MN769653	catalogue-max	TTV-like mini virus	Anelloviridae	Betatorquevirus	Homo sapiens		max	H1	catalogue host field	anellovirus_max_not_promoted	no	
MN769654	catalogue-max	TTV-like mini virus	Anelloviridae	Betatorquevirus	Homo sapiens		max	H1	catalogue host field	anellovirus_max_not_promoted	no	
MN769655	catalogue-max	TTV-like mini virus	Anelloviridae	Betatorquevirus	Homo sapiens		max	H1	catalogue host field	anellovirus_max_not_promoted	no	
MN769656	catalogue-max	TTV-like mini virus	Anelloviridae	Betatorquevirus	Homo sapiens		max	H1	catalogue host field	anellovirus_max_not_promoted	no	
MN769657	catalogue-max	TTV-like mini virus	Anelloviridae	Betatorquevirus	Homo sapiens		max	H1	catalogue host field	anellovirus_max_not_promoted	no	
MN769660	catalogue-max	TTV-like mini virus	Anelloviridae	Betatorquevirus	Homo sapiens		max	H1	catalogue host field	anellovirus_max_not_promoted	no	
MN769664	catalogue-max	TTV-like mini virus	Anelloviridae	Betatorquevirus	Homo sapiens		max	H1	catalogue host field	anellovirus_max_not_promoted	no	
MN769668	catalogue-max	TTV-like mini virus	Anelloviridae	Betatorquevirus	Homo sapiens		max	H1	catalogue host field	anellovirus_max_not_promoted	no	
MN769669	catalogue-max	TTV-like mini virus	Anelloviridae	Betatorquevirus	Homo sapiens		max	H1	catalogue host field	anellovirus_max_not_promoted	no	
MN769672	catalogue-max	TTV-like mini virus	Anelloviridae	Betatorquevirus	Homo sapiens		max	H1	catalogue host field	anellovirus_max_not_promoted	no	
MN769673	catalogue-max	TTV-like mini virus	Anelloviridae	Betatorquevirus	Homo sapiens		max	H1	catalogue host field	anellovirus_max_not_promoted	no	
MN769674	catalogue-max	TTV-like mini virus	Anelloviridae	Betatorquevirus	Homo sapiens		max	H1	catalogue host field	anellovirus_max_not_promoted	no	
MN769675	catalogue-max	TTV-like mini virus	Anelloviridae	Betatorquevirus	Homo sapiens		max	H1	catalogue host field	anellovirus_max_not_promoted	no	
MN769677	catalogue-max	TTV-like mini virus	Anelloviridae	Betatorquevirus	Homo sapiens		max	H1	catalogue host field	anellovirus_max_not_promoted	no	
MN769679	catalogue-max	TTV-like mini virus	Anelloviridae	Betatorquevirus	Homo sapiens		max	H1	catalogue host field	anellovirus_max_not_promoted	no	
MN769681	catalogue-max	TTV-like mini virus	Anelloviridae	Betatorquevirus	Homo sapiens		max	H1	catalogue host field	anellovirus_max_not_promoted	no	
MN769683	catalogue-max	TTV-like mini virus	Anelloviridae	Betatorquevirus	Homo sapiens		max	H1	catalogue host field	anellovirus_max_not_promoted	no	
MN769685	catalogue-max	TTV-like mini virus	Anelloviridae	Betatorquevirus	Homo sapiens		max	H1	catalogue host field	anellovirus_max_not_promoted	no	
MN769687	catalogue-max	TTV-like mini virus	Anelloviridae	Betatorquevirus	Homo sapiens		max	H1	catalogue host field	anellovirus_max_not_promoted	no	
MN769688	catalogue-max	TTV-like mini virus	Anelloviridae	Betatorquevirus	Homo sapiens		max	H1	catalogue host field	anellovirus_max_not_promoted	no	
MN769689	catalogue-max	TTV-like mini virus	Anelloviridae	Betatorquevirus	Homo sapiens		max	H1	catalogue host field	anellovirus_max_not_promoted	no	
MN769691	catalogue-max	TTV-like mini virus	Anelloviridae	Betatorquevirus	Homo sapiens		max	H1	catalogue host field	anellovirus_max_not_promoted	no	
MN769693	catalogue-max	TTV-like mini virus	Anelloviridae	Betatorquevirus	Homo sapiens		max	H1	catalogue host field	anellovirus_max_not_promoted	no	
MN769696	catalogue-max	TTV-like mini virus	Anelloviridae	Betatorquevirus	Homo sapiens		max	H1	catalogue host field	anellovirus_max_not_promoted	no	
MN769697	catalogue-max	TTV-like mini virus	Anelloviridae	Betatorquevirus	Homo sapiens		max	H1	catalogue host field	anellovirus_max_not_promoted	no	
MN769698	catalogue-max	TTV-like mini virus	Anelloviridae	Betatorquevirus	Homo sapiens		max	H1	catalogue host field	anellovirus_max_not_promoted	no	
MN769699	catalogue-max	TTV-like mini virus	Anelloviridae	Betatorquevirus	Homo sapiens		max	H1	catalogue host field	anellovirus_max_not_promoted	no	
MN769700	catalogue-max	TTV-like mini virus	Anelloviridae	Betatorquevirus	Homo sapiens		max	H1	catalogue host field	anellovirus_max_not_promoted	no	
MN769703	catalogue-max	TTV-like mini virus	Anelloviridae	Betatorquevirus	Homo sapiens		max	H1	catalogue host field	anellovirus_max_not_promoted	no	
MN769704	catalogue-max	TTV-like mini virus	Anelloviridae	Betatorquevirus	Homo sapiens		max	H1	catalogue host field	anellovirus_max_not_promoted	no	
MN769707	catalogue-max	TTV-like mini virus	Anelloviridae	Betatorquevirus	Homo sapiens		max	H1	catalogue host field	anellovirus_max_not_promoted	no	
MN769708	catalogue-max	TTV-like mini virus	Anelloviridae	Betatorquevirus	Homo sapiens		max	H1	catalogue host field	anellovirus_max_not_promoted	no	
MN769709	catalogue-max	TTV-like mini virus	Anelloviridae	Betatorquevirus	Homo sapiens		max	H1	catalogue host field	anellovirus_max_not_promoted	no	
MN769710	catalogue-max	TTV-like mini virus	Anelloviridae	Betatorquevirus	Homo sapiens		max	H1	catalogue host field	anellovirus_max_not_promoted	no	
MN769712	catalogue-max	TTV-like mini virus	Anelloviridae	Betatorquevirus	Homo sapiens		max	H1	catalogue host field	anellovirus_max_not_promoted	no	
MN769714	catalogue-max	TTV-like mini virus	Anelloviridae	Betatorquevirus	Homo sapiens		max	H1	catalogue host field	anellovirus_max_not_promoted	no	
MN769715	catalogue-max	TTV-like mini virus	Anelloviridae	Betatorquevirus	Homo sapiens		max	H1	catalogue host field	anellovirus_max_not_promoted	no	
MN769717	catalogue-max	TTV-like mini virus	Anelloviridae	Betatorquevirus	Homo sapiens		max	H1	catalogue host field	anellovirus_max_not_promoted	no	
MN769718	catalogue-max	TTV-like mini virus	Anelloviridae	Betatorquevirus	Homo sapiens		max	H1	catalogue host field	anellovirus_max_not_promoted	no	
MN769720	catalogue-max	TTV-like mini virus	Anelloviridae	Betatorquevirus	Homo sapiens		max	H1	catalogue host field	anellovirus_max_not_promoted	no	
MN769723	catalogue-max	TTV-like mini virus	Anelloviridae	Betatorquevirus	Homo sapiens		max	H1	catalogue host field	anellovirus_max_not_promoted	no	
MN769724	catalogue-max	TTV-like mini virus	Anelloviridae	Betatorquevirus	Homo sapiens		max	H1	catalogue host field	anellovirus_max_not_promoted	no	
MN769725	catalogue-max	TTV-like mini virus	Anelloviridae	Betatorquevirus	Homo sapiens		max	H1	catalogue host field	anellovirus_max_not_promoted	no	
MN769726	catalogue-max	TTV-like mini virus	Anelloviridae	Betatorquevirus	Homo sapiens		max	H1	catalogue host field	anellovirus_max_not_promoted	no	
MN769727	catalogue-max	TTV-like mini virus	Anelloviridae	Betatorquevirus	Homo sapiens		max	H1	catalogue host field	anellovirus_max_not_promoted	no	
MN769728	catalogue-max	TTV-like mini virus	Anelloviridae	Betatorquevirus	Homo sapiens		max	H1	catalogue host field	anellovirus_max_not_promoted	no	
MN769729	catalogue-max	TTV-like mini virus	Anelloviridae	Betatorquevirus	Homo sapiens		max	H1	catalogue host field	anellovirus_max_not_promoted	no	
MN769731	catalogue-max	TTV-like mini virus	Anelloviridae	Betatorquevirus	Homo sapiens		max	H1	catalogue host field	anellovirus_max_not_promoted	no	
MN769735	catalogue-max	TTV-like mini virus	Anelloviridae	Betatorquevirus	Homo sapiens		max	H1	catalogue host field	anellovirus_max_not_promoted	no	
MN769736	catalogue-max	TTV-like mini virus	Anelloviridae	Betatorquevirus	Homo sapiens		max	H1	catalogue host field	anellovirus_max_not_promoted	no	
MN769740	catalogue-max	TTV-like mini virus	Anelloviridae	Betatorquevirus	Homo sapiens		max	H1	catalogue host field	anellovirus_max_not_promoted	no	
MN769741	catalogue-max	TTV-like mini virus	Anelloviridae	Betatorquevirus	Homo sapiens		max	H1	catalogue host field	anellovirus_max_not_promoted	no	
MN769743	catalogue-max	TTV-like mini virus	Anelloviridae	Betatorquevirus	Homo sapiens		max	H1	catalogue host field	anellovirus_max_not_promoted	no	
MN769744	catalogue-max	TTV-like mini virus	Anelloviridae	Betatorquevirus	Homo sapiens		max	H1	catalogue host field	anellovirus_max_not_promoted	no	
MN769745	catalogue-max	TTV-like mini virus	Anelloviridae	Betatorquevirus	Homo sapiens		max	H1	catalogue host field	anellovirus_max_not_promoted	no	
MN769750	catalogue-max	TTV-like mini virus	Anelloviridae	Betatorquevirus	Homo sapiens		max	H1	catalogue host field	anellovirus_max_not_promoted	no	
MN769751	catalogue-max	TTV-like mini virus	Anelloviridae	Betatorquevirus	Homo sapiens		max	H1	catalogue host field	anellovirus_max_not_promoted	no	
MN769752	catalogue-max	TTV-like mini virus	Anelloviridae	Betatorquevirus	Homo sapiens		max	H1	catalogue host field	anellovirus_max_not_promoted	no	
MN769753	catalogue-max	TTV-like mini virus	Anelloviridae	Betatorquevirus	Homo sapiens		max	H1	catalogue host field	anellovirus_max_not_promoted	no	
MN769754	catalogue-max	TTV-like mini virus	Anelloviridae	Betatorquevirus	Homo sapiens		max	H1	catalogue host field	anellovirus_max_not_promoted	no	
MN769755	catalogue-max	TTV-like mini virus	Anelloviridae	Betatorquevirus	Homo sapiens		max	H1	catalogue host field	anellovirus_max_not_promoted	no	
MN769757	catalogue-max	TTV-like mini virus	Anelloviridae	Betatorquevirus	Homo sapiens		max	H1	catalogue host field	anellovirus_max_not_promoted	no	
MN769758	catalogue-max	TTV-like mini virus	Anelloviridae	Betatorquevirus	Homo sapiens		max	H1	catalogue host field	anellovirus_max_not_promoted	no	
MN769759	catalogue-max	TTV-like mini virus	Anelloviridae	Betatorquevirus	Homo sapiens		max	H1	catalogue host field	anellovirus_max_not_promoted	no	
MN769760	catalogue-max	TTV-like mini virus	Anelloviridae	Betatorquevirus	Homo sapiens		max	H1	catalogue host field	anellovirus_max_not_promoted	no	
MN769761	catalogue-max	TTV-like mini virus	Anelloviridae	Betatorquevirus	Homo sapiens		max	H1	catalogue host field	anellovirus_max_not_promoted	no	
MN769762	catalogue-max	TTV-like mini virus	Anelloviridae	Betatorquevirus	Homo sapiens		max	H1	catalogue host field	anellovirus_max_not_promoted	no	
MN769764	catalogue-max	TTV-like mini virus	Anelloviridae	Betatorquevirus	Homo sapiens		max	H1	catalogue host field	anellovirus_max_not_promoted	no	
MN769765	catalogue-max	TTV-like mini virus	Anelloviridae	Betatorquevirus	Homo sapiens		max	H1	catalogue host field	anellovirus_max_not_promoted	no	
MN769766	catalogue-max	TTV-like mini virus	Anelloviridae	Betatorquevirus	Homo sapiens		max	H1	catalogue host field	anellovirus_max_not_promoted	no	
MN769767	catalogue-max	TTV-like mini virus	Anelloviridae	Betatorquevirus	Homo sapiens		max	H1	catalogue host field	anellovirus_max_not_promoted	no	
MN769769	catalogue-max	TTV-like mini virus	Anelloviridae	Betatorquevirus	Homo sapiens		max	H1	catalogue host field	anellovirus_max_not_promoted	no	
MN769770	catalogue-max	TTV-like mini virus	Anelloviridae	Betatorquevirus	Homo sapiens		max	H1	catalogue host field	anellovirus_max_not_promoted	no	
MN769771	catalogue-max	TTV-like mini virus	Anelloviridae	Betatorquevirus	Homo sapiens		max	H1	catalogue host field	anellovirus_max_not_promoted	no	
MN769775	catalogue-max	TTV-like mini virus	Anelloviridae	Betatorquevirus	Homo sapiens		max	H1	catalogue host field	anellovirus_max_not_promoted	no	
MN769777	catalogue-max	TTV-like mini virus	Anelloviridae	Betatorquevirus	Homo sapiens		max	H1	catalogue host field	anellovirus_max_not_promoted	no	
MN769778	catalogue-max	TTV-like mini virus	Anelloviridae	Betatorquevirus	Homo sapiens		max	H1	catalogue host field	anellovirus_max_not_promoted	no	
MN769779	catalogue-max	TTV-like mini virus	Anelloviridae	Betatorquevirus	Homo sapiens		max	H1	catalogue host field	anellovirus_max_not_promoted	no	
MN769781	catalogue-max	TTV-like mini virus	Anelloviridae	Betatorquevirus	Homo sapiens		max	H1	catalogue host field	anellovirus_max_not_promoted	no	
MN769783	catalogue-max	TTV-like mini virus	Anelloviridae	Betatorquevirus	Homo sapiens		max	H1	catalogue host field	anellovirus_max_not_promoted	no	
MN769784	catalogue-max	TTV-like mini virus	Anelloviridae	Betatorquevirus	Homo sapiens		max	H1	catalogue host field	anellovirus_max_not_promoted	no	
MN769786	catalogue-max	TTV-like mini virus	Anelloviridae	Betatorquevirus	Homo sapiens		max	H1	catalogue host field	anellovirus_max_not_promoted	no	
MN769787	catalogue-max	TTV-like mini virus	Anelloviridae	Betatorquevirus	Homo sapiens		max	H1	catalogue host field	anellovirus_max_not_promoted	no	
MN769791	catalogue-max	TTV-like mini virus	Anelloviridae	Betatorquevirus	Homo sapiens		max	H1	catalogue host field	anellovirus_max_not_promoted	no	
MN769792	catalogue-max	TTV-like mini virus	Anelloviridae	Betatorquevirus	Homo sapiens		max	H1	catalogue host field	anellovirus_max_not_promoted	no	
MN769798	catalogue-max	TTV-like mini virus	Anelloviridae	Betatorquevirus	Homo sapiens		max	H1	catalogue host field	anellovirus_max_not_promoted	no	
MN769799	catalogue-max	TTV-like mini virus	Anelloviridae	Betatorquevirus	Homo sapiens		max	H1	catalogue host field	anellovirus_max_not_promoted	no	
MN769800	catalogue-max	TTV-like mini virus	Anelloviridae	Betatorquevirus	Homo sapiens		max	H1	catalogue host field	anellovirus_max_not_promoted	no	
MN769803	catalogue-max	TTV-like mini virus	Anelloviridae	Betatorquevirus	Homo sapiens		max	H1	catalogue host field	anellovirus_max_not_promoted	no	
MN769807	catalogue-max	TTV-like mini virus	Anelloviridae	Betatorquevirus	Homo sapiens		max	H1	catalogue host field	anellovirus_max_not_promoted	no	
MN769808	catalogue-max	TTV-like mini virus	Anelloviridae	Betatorquevirus	Homo sapiens		max	H1	catalogue host field	anellovirus_max_not_promoted	no	
MN769811	catalogue-max	TTV-like mini virus	Anelloviridae	Betatorquevirus	Homo sapiens		max	H1	catalogue host field	anellovirus_max_not_promoted	no	
MN769812	catalogue-max	TTV-like mini virus	Anelloviridae	Betatorquevirus	Homo sapiens		max	H1	catalogue host field	anellovirus_max_not_promoted	no	
MN769813	catalogue-max	TTV-like mini virus	Anelloviridae	Betatorquevirus	Homo sapiens		max	H1	catalogue host field	anellovirus_max_not_promoted	no	
MN769814	catalogue-max	TTV-like mini virus	Anelloviridae	Betatorquevirus	Homo sapiens		max	H1	catalogue host field	anellovirus_max_not_promoted	no	
MN769815	catalogue-max	TTV-like mini virus	Anelloviridae	Betatorquevirus	Homo sapiens		max	H1	catalogue host field	anellovirus_max_not_promoted	no	
MN769817	catalogue-max	TTV-like mini virus	Anelloviridae	Betatorquevirus	Homo sapiens		max	H1	catalogue host field	anellovirus_max_not_promoted	no	
MN769819	catalogue-max	TTV-like mini virus	Anelloviridae	Betatorquevirus	Homo sapiens		max	H1	catalogue host field	anellovirus_max_not_promoted	no	
MN769820	catalogue-max	TTV-like mini virus	Anelloviridae	Betatorquevirus	Homo sapiens		max	H1	catalogue host field	anellovirus_max_not_promoted	no	
MN769821	catalogue-max	TTV-like mini virus	Anelloviridae	Betatorquevirus	Homo sapiens		max	H1	catalogue host field	anellovirus_max_not_promoted	no	
MN769822	catalogue-max	TTV-like mini virus	Anelloviridae	Betatorquevirus	Homo sapiens		max	H1	catalogue host field	anellovirus_max_not_promoted	no	
MN769823	catalogue-max	TTV-like mini virus	Anelloviridae	Betatorquevirus	Homo sapiens		max	H1	catalogue host field	anellovirus_max_not_promoted	no	
MN769825	catalogue-max	TTV-like mini virus	Anelloviridae	Betatorquevirus	Homo sapiens		max	H1	catalogue host field	anellovirus_max_not_promoted	no	
MN769826	catalogue-max	TTV-like mini virus	Anelloviridae	Betatorquevirus	Homo sapiens		max	H1	catalogue host field	anellovirus_max_not_promoted	no	
MN769827	catalogue-max	TTV-like mini virus	Anelloviridae	Betatorquevirus	Homo sapiens		max	H1	catalogue host field	anellovirus_max_not_promoted	no	
MN769829	catalogue-max	TTV-like mini virus	Anelloviridae	Betatorquevirus	Homo sapiens		max	H1	catalogue host field	anellovirus_max_not_promoted	no	
MN769830	catalogue-max	TTV-like mini virus	Anelloviridae	Betatorquevirus	Homo sapiens		max	H1	catalogue host field	anellovirus_max_not_promoted	no	
MN769831	catalogue-max	TTV-like mini virus	Anelloviridae	Betatorquevirus	Homo sapiens		max	H1	catalogue host field	anellovirus_max_not_promoted	no	
MN769833	catalogue-max	TTV-like mini virus	Anelloviridae	Betatorquevirus	Homo sapiens		max	H1	catalogue host field	anellovirus_max_not_promoted	no	
MN769834	catalogue-max	TTV-like mini virus	Anelloviridae	Betatorquevirus	Homo sapiens		max	H1	catalogue host field	anellovirus_max_not_promoted	no	
MN769835	catalogue-max	TTV-like mini virus	Anelloviridae	Betatorquevirus	Homo sapiens		max	H1	catalogue host field	anellovirus_max_not_promoted	no	
MN769839	catalogue-max	TTV-like mini virus	Anelloviridae	Betatorquevirus	Homo sapiens		max	H1	catalogue host field	anellovirus_max_not_promoted	no	
MN769841	catalogue-max	TTV-like mini virus	Anelloviridae	Betatorquevirus	Homo sapiens		max	H1	catalogue host field	anellovirus_max_not_promoted	no	
MN769844	catalogue-max	TTV-like mini virus	Anelloviridae	Betatorquevirus	Homo sapiens		max	H1	catalogue host field	anellovirus_max_not_promoted	no	
MN769845	catalogue-max	TTV-like mini virus	Anelloviridae	Betatorquevirus	Homo sapiens		max	H1	catalogue host field	anellovirus_max_not_promoted	no	
MN769846	catalogue-max	TTV-like mini virus	Anelloviridae	Betatorquevirus	Homo sapiens		max	H1	catalogue host field	anellovirus_max_not_promoted	no	
MN769847	catalogue-max	TTV-like mini virus	Anelloviridae	Betatorquevirus	Homo sapiens		max	H1	catalogue host field	anellovirus_max_not_promoted	no	
MN769848	catalogue-max	TTV-like mini virus	Anelloviridae	Betatorquevirus	Homo sapiens		max	H1	catalogue host field	anellovirus_max_not_promoted	no	
MN769851	catalogue-max	TTV-like mini virus	Anelloviridae	Betatorquevirus	Homo sapiens		max	H1	catalogue host field	anellovirus_max_not_promoted	no	
MN769856	catalogue-max	TTV-like mini virus	Anelloviridae	Betatorquevirus	Homo sapiens		max	H1	catalogue host field	anellovirus_max_not_promoted	no	
MN769861	catalogue-max	TTV-like mini virus	Anelloviridae	Betatorquevirus	Homo sapiens		max	H1	catalogue host field	anellovirus_max_not_promoted	no	
MN769865	catalogue-max	TTV-like mini virus	Anelloviridae	Betatorquevirus	Homo sapiens		max	H1	catalogue host field	anellovirus_max_not_promoted	no	
MN769866	catalogue-max	TTV-like mini virus	Anelloviridae	Betatorquevirus	Homo sapiens		max	H1	catalogue host field	anellovirus_max_not_promoted	no	
MN769868	catalogue-max	TTV-like mini virus	Anelloviridae	Betatorquevirus	Homo sapiens		max	H1	catalogue host field	anellovirus_max_not_promoted	no	
MN769869	catalogue-max	TTV-like mini virus	Anelloviridae	Betatorquevirus	Homo sapiens		max	H1	catalogue host field	anellovirus_max_not_promoted	no	
MN769871	catalogue-max	TTV-like mini virus	Anelloviridae	Betatorquevirus	Homo sapiens		max	H1	catalogue host field	anellovirus_max_not_promoted	no	
MN769873	catalogue-max	TTV-like mini virus	Anelloviridae	Betatorquevirus	Homo sapiens		max	H1	catalogue host field	anellovirus_max_not_promoted	no	
MN769875	catalogue-max	TTV-like mini virus	Anelloviridae	Betatorquevirus	Homo sapiens		max	H1	catalogue host field	anellovirus_max_not_promoted	no	
MN769877	catalogue-max	TTV-like mini virus	Anelloviridae	Betatorquevirus	Homo sapiens		max	H1	catalogue host field	anellovirus_max_not_promoted	no	
MN769878	catalogue-max	TTV-like mini virus	Anelloviridae	Betatorquevirus	Homo sapiens		max	H1	catalogue host field	anellovirus_max_not_promoted	no	
MN769879	catalogue-max	TTV-like mini virus	Anelloviridae	Betatorquevirus	Homo sapiens		max	H1	catalogue host field	anellovirus_max_not_promoted	no	
MN769880	catalogue-max	TTV-like mini virus	Anelloviridae	Betatorquevirus	Homo sapiens		max	H1	catalogue host field	anellovirus_max_not_promoted	no	
MN769883	catalogue-max	TTV-like mini virus	Anelloviridae	Betatorquevirus	Homo sapiens		max	H1	catalogue host field	anellovirus_max_not_promoted	no	
MN769884	catalogue-max	TTV-like mini virus	Anelloviridae	Betatorquevirus	Homo sapiens		max	H1	catalogue host field	anellovirus_max_not_promoted	no	
MN769885	catalogue-max	TTV-like mini virus	Anelloviridae	Betatorquevirus	Homo sapiens		max	H1	catalogue host field	anellovirus_max_not_promoted	no	
MN769889	catalogue-max	TTV-like mini virus	Anelloviridae	Betatorquevirus	Homo sapiens		max	H1	catalogue host field	anellovirus_max_not_promoted	no	
MN769892	catalogue-max	TTV-like mini virus	Anelloviridae	Betatorquevirus	Homo sapiens		max	H1	catalogue host field	anellovirus_max_not_promoted	no	
MN769893	catalogue-max	TTV-like mini virus	Anelloviridae	Betatorquevirus	Homo sapiens		max	H1	catalogue host field	anellovirus_max_not_promoted	no	
MN769894	catalogue-max	TTV-like mini virus	Anelloviridae	Betatorquevirus	Homo sapiens		max	H1	catalogue host field	anellovirus_max_not_promoted	no	
MN769895	catalogue-max	TTV-like mini virus	Anelloviridae	Betatorquevirus	Homo sapiens		max	H1	catalogue host field	anellovirus_max_not_promoted	no	
MN769896	catalogue-max	TTV-like mini virus	Anelloviridae	Betatorquevirus	Homo sapiens		max	H1	catalogue host field	anellovirus_max_not_promoted	no	
MN769898	catalogue-max	TTV-like mini virus	Anelloviridae	Betatorquevirus	Homo sapiens		max	H1	catalogue host field	anellovirus_max_not_promoted	no	
MN769899	catalogue-max	Hetorquevirus hominid5	Anelloviridae	Hetorquevirus	Homo sapiens		max	H1	catalogue host field	anellovirus_max_not_promoted	no	
MN769902	catalogue-max	TTV-like mini virus	Anelloviridae	Betatorquevirus	Homo sapiens		max	H1	catalogue host field	anellovirus_max_not_promoted	no	
MN769906	catalogue-max	TTV-like mini virus	Anelloviridae	Betatorquevirus	Homo sapiens		max	H1	catalogue host field	anellovirus_max_not_promoted	no	
MN769907	catalogue-max	TTV-like mini virus	Anelloviridae	Betatorquevirus	Homo sapiens		max	H1	catalogue host field	anellovirus_max_not_promoted	no	
MN769908	catalogue-max	TTV-like mini virus	Anelloviridae	Betatorquevirus	Homo sapiens		max	H1	catalogue host field	anellovirus_max_not_promoted	no	
MN769909	catalogue-max	TTV-like mini virus	Anelloviridae	Betatorquevirus	Homo sapiens		max	H1	catalogue host field	anellovirus_max_not_promoted	no	
MN769912	catalogue-max	TTV-like mini virus	Anelloviridae	Betatorquevirus	Homo sapiens		max	H1	catalogue host field	anellovirus_max_not_promoted	no	
MN769913	catalogue-max	TTV-like mini virus	Anelloviridae	Betatorquevirus	Homo sapiens		max	H1	catalogue host field	anellovirus_max_not_promoted	no	
MN769915	catalogue-max	TTV-like mini virus	Anelloviridae	Betatorquevirus	Homo sapiens		max	H1	catalogue host field	anellovirus_max_not_promoted	no	
MN769916	catalogue-max	TTV-like mini virus	Anelloviridae	Betatorquevirus	Homo sapiens		max	H1	catalogue host field	anellovirus_max_not_promoted	no	
MN769919	catalogue-max	TTV-like mini virus	Anelloviridae	Betatorquevirus	Homo sapiens		max	H1	catalogue host field	anellovirus_max_not_promoted	no	
MN769920	catalogue-max	TTV-like mini virus	Anelloviridae	Betatorquevirus	Homo sapiens		max	H1	catalogue host field	anellovirus_max_not_promoted	no	
MN769922	catalogue-max	TTV-like mini virus	Anelloviridae	Betatorquevirus	Homo sapiens		max	H1	catalogue host field	anellovirus_max_not_promoted	no	
MN769929	catalogue-max	TTV-like mini virus	Anelloviridae	Betatorquevirus	Homo sapiens		max	H1	catalogue host field	anellovirus_max_not_promoted	no	
MN769932	catalogue-max	TTV-like mini virus	Anelloviridae	Betatorquevirus	Homo sapiens		max	H1	catalogue host field	anellovirus_max_not_promoted	no	
MN769933	catalogue-max	TTV-like mini virus	Anelloviridae	Betatorquevirus	Homo sapiens		max	H1	catalogue host field	anellovirus_max_not_promoted	no	
MN769934	catalogue-max	TTV-like mini virus	Anelloviridae	Betatorquevirus	Homo sapiens		max	H1	catalogue host field	anellovirus_max_not_promoted	no	
MN769935	catalogue-max	TTV-like mini virus	Anelloviridae	Betatorquevirus	Homo sapiens		max	H1	catalogue host field	anellovirus_max_not_promoted	no	
MN769936	catalogue-max	TTV-like mini virus	Anelloviridae	Betatorquevirus	Homo sapiens		max	H1	catalogue host field	anellovirus_max_not_promoted	no	
MN769937	catalogue-max	TTV-like mini virus	Anelloviridae	Betatorquevirus	Homo sapiens		max	H1	catalogue host field	anellovirus_max_not_promoted	no	
MN769938	catalogue-max	TTV-like mini virus	Anelloviridae	Betatorquevirus	Homo sapiens		max	H1	catalogue host field	anellovirus_max_not_promoted	no	
MN769941	catalogue-max	TTV-like mini virus	Anelloviridae	Betatorquevirus	Homo sapiens		max	H1	catalogue host field	anellovirus_max_not_promoted	no	
MN769942	catalogue-max	TTV-like mini virus	Anelloviridae	Betatorquevirus	Homo sapiens		max	H1	catalogue host field	anellovirus_max_not_promoted	no	
MN769943	catalogue-max	TTV-like mini virus	Anelloviridae	Betatorquevirus	Homo sapiens		max	H1	catalogue host field	anellovirus_max_not_promoted	no	
MN769944	catalogue-max	TTV-like mini virus	Anelloviridae	Betatorquevirus	Homo sapiens		max	H1	catalogue host field	anellovirus_max_not_promoted	no	
MN769946	catalogue-max	TTV-like mini virus	Anelloviridae	Betatorquevirus	Homo sapiens		max	H1	catalogue host field	anellovirus_max_not_promoted	no	
MN769947	catalogue-max	TTV-like mini virus	Anelloviridae	Betatorquevirus	Homo sapiens		max	H1	catalogue host field	anellovirus_max_not_promoted	no	
MN769948	catalogue-max	TTV-like mini virus	Anelloviridae	Betatorquevirus	Homo sapiens		max	H1	catalogue host field	anellovirus_max_not_promoted	no	
MN769952	catalogue-max	TTV-like mini virus	Anelloviridae	Betatorquevirus	Homo sapiens		max	H1	catalogue host field	anellovirus_max_not_promoted	no	
MN769953	catalogue-max	TTV-like mini virus	Anelloviridae	Betatorquevirus	Homo sapiens		max	H1	catalogue host field	anellovirus_max_not_promoted	no	
MN769955	catalogue-max	TTV-like mini virus	Anelloviridae	Betatorquevirus	Homo sapiens		max	H1	catalogue host field	anellovirus_max_not_promoted	no	
MN769956	catalogue-max	TTV-like mini virus	Anelloviridae	Betatorquevirus	Homo sapiens		max	H1	catalogue host field	anellovirus_max_not_promoted	no	
MN769957	catalogue-max	TTV-like mini virus	Anelloviridae	Betatorquevirus	Homo sapiens		max	H1	catalogue host field	anellovirus_max_not_promoted	no	
MN769959	catalogue-max	TTV-like mini virus	Anelloviridae	Betatorquevirus	Homo sapiens		max	H1	catalogue host field	anellovirus_max_not_promoted	no	
MN769960	catalogue-max	TTV-like mini virus	Anelloviridae	Betatorquevirus	Homo sapiens		max	H1	catalogue host field	anellovirus_max_not_promoted	no	
MN769961	catalogue-max	TTV-like mini virus	Anelloviridae	Betatorquevirus	Homo sapiens		max	H1	catalogue host field	anellovirus_max_not_promoted	no	
MN769963	catalogue-max	TTV-like mini virus	Anelloviridae	Betatorquevirus	Homo sapiens		max	H1	catalogue host field	anellovirus_max_not_promoted	no	
MN769964	catalogue-max	TTV-like mini virus	Anelloviridae	Betatorquevirus	Homo sapiens		max	H1	catalogue host field	anellovirus_max_not_promoted	no	
MN769965	catalogue-max	TTV-like mini virus	Anelloviridae	Betatorquevirus	Homo sapiens		max	H1	catalogue host field	anellovirus_max_not_promoted	no	
MN769970	catalogue-max	TTV-like mini virus	Anelloviridae	Betatorquevirus	Homo sapiens		max	H1	catalogue host field	anellovirus_max_not_promoted	no	
MN769975	catalogue-max	TTV-like mini virus	Anelloviridae	Betatorquevirus	Homo sapiens		max	H1	catalogue host field	anellovirus_max_not_promoted	no	
MN769979	catalogue-max	TTV-like mini virus	Anelloviridae	Betatorquevirus	Homo sapiens		max	H1	catalogue host field	anellovirus_max_not_promoted	no	
MN769980	catalogue-max	TTV-like mini virus	Anelloviridae	Betatorquevirus	Homo sapiens		max	H1	catalogue host field	anellovirus_max_not_promoted	no	
MN769982	catalogue-max	TTV-like mini virus	Anelloviridae	Betatorquevirus	Homo sapiens		max	H1	catalogue host field	anellovirus_max_not_promoted	no	
MN769984	catalogue-max	TTV-like mini virus	Anelloviridae	Betatorquevirus	Homo sapiens		max	H1	catalogue host field	anellovirus_max_not_promoted	no	
MN769986	catalogue-max	TTV-like mini virus	Anelloviridae	Betatorquevirus	Homo sapiens		max	H1	catalogue host field	anellovirus_max_not_promoted	no	
MN769987	catalogue-max	TTV-like mini virus	Anelloviridae	Betatorquevirus	Homo sapiens		max	H1	catalogue host field	anellovirus_max_not_promoted	no	
MN769988	catalogue-max	TTV-like mini virus	Anelloviridae	Betatorquevirus	Homo sapiens		max	H1	catalogue host field	anellovirus_max_not_promoted	no	
MN769989	catalogue-max	TTV-like mini virus	Anelloviridae	Betatorquevirus	Homo sapiens		max	H1	catalogue host field	anellovirus_max_not_promoted	no	
MN769990	catalogue-max	TTV-like mini virus	Anelloviridae	Betatorquevirus	Homo sapiens		max	H1	catalogue host field	anellovirus_max_not_promoted	no	
MN769992	catalogue-max	TTV-like mini virus	Anelloviridae	Betatorquevirus	Homo sapiens		max	H1	catalogue host field	anellovirus_max_not_promoted	no	
MN769995	catalogue-max	TTV-like mini virus	Anelloviridae	Betatorquevirus	Homo sapiens		max	H1	catalogue host field	anellovirus_max_not_promoted	no	
MN769996	catalogue-max	TTV-like mini virus	Anelloviridae	Betatorquevirus	Homo sapiens		max	H1	catalogue host field	anellovirus_max_not_promoted	no	
MN769999	catalogue-max	TTV-like mini virus	Anelloviridae	Betatorquevirus	Homo sapiens		max	H1	catalogue host field	anellovirus_max_not_promoted	no	
MN770000	catalogue-max	TTV-like mini virus	Anelloviridae	Betatorquevirus	Homo sapiens		max	H1	catalogue host field	anellovirus_max_not_promoted	no	
MN770001	catalogue-max	TTV-like mini virus	Anelloviridae	Betatorquevirus	Homo sapiens		max	H1	catalogue host field	anellovirus_max_not_promoted	no	
MN770003	catalogue-max	TTV-like mini virus	Anelloviridae	Betatorquevirus	Homo sapiens		max	H1	catalogue host field	anellovirus_max_not_promoted	no	
MN770004	catalogue-max	TTV-like mini virus	Anelloviridae	Betatorquevirus	Homo sapiens		max	H1	catalogue host field	anellovirus_max_not_promoted	no	
MN770006	catalogue-max	TTV-like mini virus	Anelloviridae	Betatorquevirus	Homo sapiens		max	H1	catalogue host field	anellovirus_max_not_promoted	no	
MN770007	catalogue-max	TTV-like mini virus	Anelloviridae	Betatorquevirus	Homo sapiens		max	H1	catalogue host field	anellovirus_max_not_promoted	no	
MN770008	catalogue-max	TTV-like mini virus	Anelloviridae	Betatorquevirus	Homo sapiens		max	H1	catalogue host field	anellovirus_max_not_promoted	no	
MN770010	catalogue-max	TTV-like mini virus	Anelloviridae	Betatorquevirus	Homo sapiens		max	H1	catalogue host field	anellovirus_max_not_promoted	no	
MN770012	catalogue-max	TTV-like mini virus	Anelloviridae	Betatorquevirus	Homo sapiens		max	H1	catalogue host field	anellovirus_max_not_promoted	no	
MN770013	catalogue-max	TTV-like mini virus	Anelloviridae	Betatorquevirus	Homo sapiens		max	H1	catalogue host field	anellovirus_max_not_promoted	no	
MN770014	catalogue-max	TTV-like mini virus	Anelloviridae	Betatorquevirus	Homo sapiens		max	H1	catalogue host field	anellovirus_max_not_promoted	no	
MN770016	catalogue-max	TTV-like mini virus	Anelloviridae	Betatorquevirus	Homo sapiens		max	H1	catalogue host field	anellovirus_max_not_promoted	no	
MN770018	catalogue-max	TTV-like mini virus	Anelloviridae	Betatorquevirus	Homo sapiens		max	H1	catalogue host field	anellovirus_max_not_promoted	no	
MN770020	catalogue-max	TTV-like mini virus	Anelloviridae	Betatorquevirus	Homo sapiens		max	H1	catalogue host field	anellovirus_max_not_promoted	no	
MN770021	catalogue-max	TTV-like mini virus	Anelloviridae	Betatorquevirus	Homo sapiens		max	H1	catalogue host field	anellovirus_max_not_promoted	no	
MN770022	catalogue-max	TTV-like mini virus	Anelloviridae	Betatorquevirus	Homo sapiens		max	H1	catalogue host field	anellovirus_max_not_promoted	no	
MN770023	catalogue-max	TTV-like mini virus	Anelloviridae	Betatorquevirus	Homo sapiens		max	H1	catalogue host field	anellovirus_max_not_promoted	no	
MN770025	catalogue-max	TTV-like mini virus	Anelloviridae	Betatorquevirus	Homo sapiens		max	H1	catalogue host field	anellovirus_max_not_promoted	no	
MN770027	catalogue-max	TTV-like mini virus	Anelloviridae	Betatorquevirus	Homo sapiens		max	H1	catalogue host field	anellovirus_max_not_promoted	no	
MN770029	catalogue-max	TTV-like mini virus	Anelloviridae	Betatorquevirus	Homo sapiens		max	H1	catalogue host field	anellovirus_max_not_promoted	no	
MN770033	catalogue-max	TTV-like mini virus	Anelloviridae	Betatorquevirus	Homo sapiens		max	H1	catalogue host field	anellovirus_max_not_promoted	no	
MN770035	catalogue-max	TTV-like mini virus	Anelloviridae	Betatorquevirus	Homo sapiens		max	H1	catalogue host field	anellovirus_max_not_promoted	no	
MN770038	catalogue-max	TTV-like mini virus	Anelloviridae	Betatorquevirus	Homo sapiens		max	H1	catalogue host field	anellovirus_max_not_promoted	no	
MN770039	catalogue-max	TTV-like mini virus	Anelloviridae	Betatorquevirus	Homo sapiens		max	H1	catalogue host field	anellovirus_max_not_promoted	no	
MN770041	catalogue-max	TTV-like mini virus	Anelloviridae	Betatorquevirus	Homo sapiens		max	H1	catalogue host field	anellovirus_max_not_promoted	no	
MN770042	catalogue-max	TTV-like mini virus	Anelloviridae	Betatorquevirus	Homo sapiens		max	H1	catalogue host field	anellovirus_max_not_promoted	no	
MN770043	catalogue-max	TTV-like mini virus	Anelloviridae	Betatorquevirus	Homo sapiens		max	H1	catalogue host field	anellovirus_max_not_promoted	no	
MN770047	catalogue-max	TTV-like mini virus	Anelloviridae	Betatorquevirus	Homo sapiens		max	H1	catalogue host field	anellovirus_max_not_promoted	no	
MN770048	catalogue-max	TTV-like mini virus	Anelloviridae	Betatorquevirus	Homo sapiens		max	H1	catalogue host field	anellovirus_max_not_promoted	no	
MN770052	catalogue-max	TTV-like mini virus	Anelloviridae	Betatorquevirus	Homo sapiens		max	H1	catalogue host field	anellovirus_max_not_promoted	no	
MN770054	catalogue-max	TTV-like mini virus	Anelloviridae	Betatorquevirus	Homo sapiens		max	H1	catalogue host field	anellovirus_max_not_promoted	no	
MN770055	catalogue-max	TTV-like mini virus	Anelloviridae	Betatorquevirus	Homo sapiens		max	H1	catalogue host field	anellovirus_max_not_promoted	no	
MN770057	catalogue-max	TTV-like mini virus	Anelloviridae	Betatorquevirus	Homo sapiens		max	H1	catalogue host field	anellovirus_max_not_promoted	no	
MN770058	catalogue-max	TTV-like mini virus	Anelloviridae	Betatorquevirus	Homo sapiens		max	H1	catalogue host field	anellovirus_max_not_promoted	no	
MN770065	catalogue-max	TTV-like mini virus	Anelloviridae	Betatorquevirus	Homo sapiens		max	H1	catalogue host field	anellovirus_max_not_promoted	no	
MN770066	catalogue-max	TTV-like mini virus	Anelloviridae	Betatorquevirus	Homo sapiens		max	H1	catalogue host field	anellovirus_max_not_promoted	no	
MN770068	catalogue-max	TTV-like mini virus	Anelloviridae	Betatorquevirus	Homo sapiens		max	H1	catalogue host field	anellovirus_max_not_promoted	no	
MN770070	catalogue-max	TTV-like mini virus	Anelloviridae	Betatorquevirus	Homo sapiens		max	H1	catalogue host field	anellovirus_max_not_promoted	no	
MN770073	catalogue-max	TTV-like mini virus	Anelloviridae	Betatorquevirus	Homo sapiens		max	H1	catalogue host field	anellovirus_max_not_promoted	no	
MN770074	catalogue-max	TTV-like mini virus	Anelloviridae	Betatorquevirus	Homo sapiens		max	H1	catalogue host field	anellovirus_max_not_promoted	no	
MN770076	catalogue-max	TTV-like mini virus	Anelloviridae	Betatorquevirus	Homo sapiens		max	H1	catalogue host field	anellovirus_max_not_promoted	no	
MN770079	catalogue-max	TTV-like mini virus	Anelloviridae	Betatorquevirus	Homo sapiens		max	H1	catalogue host field	anellovirus_max_not_promoted	no	
MN770083	catalogue-max	TTV-like mini virus	Anelloviridae	Betatorquevirus	Homo sapiens		max	H1	catalogue host field	anellovirus_max_not_promoted	no	
MN770084	catalogue-max	TTV-like mini virus	Anelloviridae	Betatorquevirus	Homo sapiens		max	H1	catalogue host field	anellovirus_max_not_promoted	no	
MN770085	catalogue-max	TTV-like mini virus	Anelloviridae	Betatorquevirus	Homo sapiens		max	H1	catalogue host field	anellovirus_max_not_promoted	no	
MN770089	catalogue-max	TTV-like mini virus	Anelloviridae	Betatorquevirus	Homo sapiens		max	H1	catalogue host field	anellovirus_max_not_promoted	no	
MN770090	catalogue-max	TTV-like mini virus	Anelloviridae	Betatorquevirus	Homo sapiens		max	H1	catalogue host field	anellovirus_max_not_promoted	no	
MN770095	catalogue-max	TTV-like mini virus	Anelloviridae	Betatorquevirus	Homo sapiens		max	H1	catalogue host field	anellovirus_max_not_promoted	no	
MN770096	catalogue-max	TTV-like mini virus	Anelloviridae	Betatorquevirus	Homo sapiens		max	H1	catalogue host field	anellovirus_max_not_promoted	no	
MN770098	catalogue-max	TTV-like mini virus	Anelloviridae	Betatorquevirus	Homo sapiens		max	H1	catalogue host field	anellovirus_max_not_promoted	no	
MN770100	catalogue-max	TTV-like mini virus	Anelloviridae	Betatorquevirus	Homo sapiens		max	H1	catalogue host field	anellovirus_max_not_promoted	no	
MN770102	catalogue-max	TTV-like mini virus	Anelloviridae	Betatorquevirus	Homo sapiens		max	H1	catalogue host field	anellovirus_max_not_promoted	no	
MN770107	catalogue-max	TTV-like mini virus	Anelloviridae	Betatorquevirus	Homo sapiens		max	H1	catalogue host field	anellovirus_max_not_promoted	no	
MN770110	catalogue-max	TTV-like mini virus	Anelloviridae	Betatorquevirus	Homo sapiens		max	H1	catalogue host field	anellovirus_max_not_promoted	no	
MN770113	catalogue-max	TTV-like mini virus	Anelloviridae	Betatorquevirus	Homo sapiens		max	H1	catalogue host field	anellovirus_max_not_promoted	no	
MN770115	catalogue-max	TTV-like mini virus	Anelloviridae	Betatorquevirus	Homo sapiens		max	H1	catalogue host field	anellovirus_max_not_promoted	no	
MN770116	catalogue-max	TTV-like mini virus	Anelloviridae	Betatorquevirus	Homo sapiens		max	H1	catalogue host field	anellovirus_max_not_promoted	no	
MN770117	catalogue-max	TTV-like mini virus	Anelloviridae	Betatorquevirus	Homo sapiens		max	H1	catalogue host field	anellovirus_max_not_promoted	no	
MN770120	catalogue-max	TTV-like mini virus	Anelloviridae	Betatorquevirus	Homo sapiens		max	H1	catalogue host field	anellovirus_max_not_promoted	no	
MN770126	catalogue-max	TTV-like mini virus	Anelloviridae	Betatorquevirus	Homo sapiens		max	H1	catalogue host field	anellovirus_max_not_promoted	no	
MN770130	catalogue-max	TTV-like mini virus	Anelloviridae	Betatorquevirus	Homo sapiens		max	H1	catalogue host field	anellovirus_max_not_promoted	no	
MN770135	catalogue-max	TTV-like mini virus	Anelloviridae	Betatorquevirus	Homo sapiens		max	H1	catalogue host field	anellovirus_max_not_promoted	no	
MN770139	catalogue-max	TTV-like mini virus	Anelloviridae	Betatorquevirus	Homo sapiens		max	H1	catalogue host field	anellovirus_max_not_promoted	no	
MN770141	catalogue-max	TTV-like mini virus	Anelloviridae	Betatorquevirus	Homo sapiens		max	H1	catalogue host field	anellovirus_max_not_promoted	no	
MN770142	catalogue-max	TTV-like mini virus	Anelloviridae	Betatorquevirus	Homo sapiens		max	H1	catalogue host field	anellovirus_max_not_promoted	no	
MN770144	catalogue-max	TTV-like mini virus	Anelloviridae	Betatorquevirus	Homo sapiens		max	H1	catalogue host field	anellovirus_max_not_promoted	no	
MN770151	catalogue-max	TTV-like mini virus	Anelloviridae	Betatorquevirus	Homo sapiens		max	H1	catalogue host field	anellovirus_max_not_promoted	no	
MN770152	catalogue-max	TTV-like mini virus	Anelloviridae	Betatorquevirus	Homo sapiens		max	H1	catalogue host field	anellovirus_max_not_promoted	no	
MN770155	catalogue-max	TTV-like mini virus	Anelloviridae	Betatorquevirus	Homo sapiens		max	H1	catalogue host field	anellovirus_max_not_promoted	no	
MN770156	catalogue-max	TTV-like mini virus	Anelloviridae	Betatorquevirus	Homo sapiens		max	H1	catalogue host field	anellovirus_max_not_promoted	no	
MN770157	catalogue-max	TTV-like mini virus	Anelloviridae	Betatorquevirus	Homo sapiens		max	H1	catalogue host field	anellovirus_max_not_promoted	no	
MN770158	catalogue-max	TTV-like mini virus	Anelloviridae	Betatorquevirus	Homo sapiens		max	H1	catalogue host field	anellovirus_max_not_promoted	no	
MN770162	catalogue-max	TTV-like mini virus	Anelloviridae	Betatorquevirus	Homo sapiens		max	H1	catalogue host field	anellovirus_max_not_promoted	no	
MN770163	catalogue-max	TTV-like mini virus	Anelloviridae	Betatorquevirus	Homo sapiens		max	H1	catalogue host field	anellovirus_max_not_promoted	no	
MN770165	catalogue-max	TTV-like mini virus	Anelloviridae	Betatorquevirus	Homo sapiens		max	H1	catalogue host field	anellovirus_max_not_promoted	no	
MN770166	catalogue-max	TTV-like mini virus	Anelloviridae	Betatorquevirus	Homo sapiens		max	H1	catalogue host field	anellovirus_max_not_promoted	no	
MN770167	catalogue-max	TTV-like mini virus	Anelloviridae	Betatorquevirus	Homo sapiens		max	H1	catalogue host field	anellovirus_max_not_promoted	no	
MN770169	catalogue-max	TTV-like mini virus	Anelloviridae	Betatorquevirus	Homo sapiens		max	H1	catalogue host field	anellovirus_max_not_promoted	no	
MN770171	catalogue-max	TTV-like mini virus	Anelloviridae	Betatorquevirus	Homo sapiens		max	H1	catalogue host field	anellovirus_max_not_promoted	no	
MN770173	catalogue-max	TTV-like mini virus	Anelloviridae	Betatorquevirus	Homo sapiens		max	H1	catalogue host field	anellovirus_max_not_promoted	no	
MN770175	catalogue-max	TTV-like mini virus	Anelloviridae	Betatorquevirus	Homo sapiens		max	H1	catalogue host field	anellovirus_max_not_promoted	no	
MN770176	catalogue-max	TTV-like mini virus	Anelloviridae	Betatorquevirus	Homo sapiens		max	H1	catalogue host field	anellovirus_max_not_promoted	no	
MN770178	catalogue-max	TTV-like mini virus	Anelloviridae	Betatorquevirus	Homo sapiens		max	H1	catalogue host field	anellovirus_max_not_promoted	no	
MN770180	catalogue-max	TTV-like mini virus	Anelloviridae	Betatorquevirus	Homo sapiens		max	H1	catalogue host field	anellovirus_max_not_promoted	no	
MN770182	catalogue-max	TTV-like mini virus	Anelloviridae	Betatorquevirus	Homo sapiens		max	H1	catalogue host field	anellovirus_max_not_promoted	no	
MN770183	catalogue-max	Hetorquevirus hominid2	Anelloviridae	Hetorquevirus	Homo sapiens		max	H1	catalogue host field	anellovirus_max_not_promoted	no	
MN770186	catalogue-max	TTV-like mini virus	Anelloviridae	Betatorquevirus	Homo sapiens		max	H1	catalogue host field	anellovirus_max_not_promoted	no	
MN770188	catalogue-max	TTV-like mini virus	Anelloviridae	Betatorquevirus	Homo sapiens		max	H1	catalogue host field	anellovirus_max_not_promoted	no	
MN770192	catalogue-max	TTV-like mini virus	Anelloviridae	Betatorquevirus	Homo sapiens		max	H1	catalogue host field	anellovirus_max_not_promoted	no	
MN770195	catalogue-max	TTV-like mini virus	Anelloviridae	Betatorquevirus	Homo sapiens		max	H1	catalogue host field	anellovirus_max_not_promoted	no	
MN770197	catalogue-max	TTV-like mini virus	Anelloviridae	Betatorquevirus	Homo sapiens		max	H1	catalogue host field	anellovirus_max_not_promoted	no	
MN770198	catalogue-max	TTV-like mini virus	Anelloviridae	Betatorquevirus	Homo sapiens		max	H1	catalogue host field	anellovirus_max_not_promoted	no	
MN770200	catalogue-max	TTV-like mini virus	Anelloviridae	Betatorquevirus	Homo sapiens		max	H1	catalogue host field	anellovirus_max_not_promoted	no	
MN770203	catalogue-max	TTV-like mini virus	Anelloviridae	Betatorquevirus	Homo sapiens		max	H1	catalogue host field	anellovirus_max_not_promoted	no	
MN770205	catalogue-max	TTV-like mini virus	Anelloviridae	Betatorquevirus	Homo sapiens		max	H1	catalogue host field	anellovirus_max_not_promoted	no	
MN770206	catalogue-max	TTV-like mini virus	Anelloviridae	Betatorquevirus	Homo sapiens		max	H1	catalogue host field	anellovirus_max_not_promoted	no	
MN770207	catalogue-max	TTV-like mini virus	Anelloviridae	Betatorquevirus	Homo sapiens		max	H1	catalogue host field	anellovirus_max_not_promoted	no	
MN770208	catalogue-max	TTV-like mini virus	Anelloviridae	Betatorquevirus	Homo sapiens		max	H1	catalogue host field	anellovirus_max_not_promoted	no	
MN770210	catalogue-max	TTV-like mini virus	Anelloviridae	Betatorquevirus	Homo sapiens		max	H1	catalogue host field	anellovirus_max_not_promoted	no	
MN770211	catalogue-max	TTV-like mini virus	Anelloviridae	Betatorquevirus	Homo sapiens		max	H1	catalogue host field	anellovirus_max_not_promoted	no	
MN770212	catalogue-max	TTV-like mini virus	Anelloviridae	Betatorquevirus	Homo sapiens		max	H1	catalogue host field	anellovirus_max_not_promoted	no	
MN770215	catalogue-max	TTV-like mini virus	Anelloviridae	Betatorquevirus	Homo sapiens		max	H1	catalogue host field	anellovirus_max_not_promoted	no	
MN770221	catalogue-max	TTV-like mini virus	Anelloviridae	Betatorquevirus	Homo sapiens		max	H1	catalogue host field	anellovirus_max_not_promoted	no	
MN770222	catalogue-max	TTV-like mini virus	Anelloviridae	Betatorquevirus	Homo sapiens		max	H1	catalogue host field	anellovirus_max_not_promoted	no	
MN770223	catalogue-max	TTV-like mini virus	Anelloviridae	Betatorquevirus	Homo sapiens		max	H1	catalogue host field	anellovirus_max_not_promoted	no	
MN770225	catalogue-max	TTV-like mini virus	Anelloviridae	Betatorquevirus	Homo sapiens		max	H1	catalogue host field	anellovirus_max_not_promoted	no	
MN770226	catalogue-max	TTV-like mini virus	Anelloviridae	Betatorquevirus	Homo sapiens		max	H1	catalogue host field	anellovirus_max_not_promoted	no	
MN770237	catalogue-max	TTV-like mini virus	Anelloviridae	Betatorquevirus	Homo sapiens		max	H1	catalogue host field	anellovirus_max_not_promoted	no	
MN770240	catalogue-max	TTV-like mini virus	Anelloviridae	Betatorquevirus	Homo sapiens		max	H1	catalogue host field	anellovirus_max_not_promoted	no	
MN770241	catalogue-max	TTV-like mini virus	Anelloviridae	Betatorquevirus	Homo sapiens		max	H1	catalogue host field	anellovirus_max_not_promoted	no	
MN770242	catalogue-max	TTV-like mini virus	Anelloviridae	Betatorquevirus	Homo sapiens		max	H1	catalogue host field	anellovirus_max_not_promoted	no	
MN770245	catalogue-max	TTV-like mini virus	Anelloviridae	Betatorquevirus	Homo sapiens		max	H1	catalogue host field	anellovirus_max_not_promoted	no	
MN770247	catalogue-max	TTV-like mini virus	Anelloviridae	Betatorquevirus	Homo sapiens		max	H1	catalogue host field	anellovirus_max_not_promoted	no	
MN770251	catalogue-max	TTV-like mini virus	Anelloviridae	Betatorquevirus	Homo sapiens		max	H1	catalogue host field	anellovirus_max_not_promoted	no	
MN770253	catalogue-max	TTV-like mini virus	Anelloviridae	Betatorquevirus	Homo sapiens		max	H1	catalogue host field	anellovirus_max_not_promoted	no	
MN770254	catalogue-max	TTV-like mini virus	Anelloviridae	Betatorquevirus	Homo sapiens		max	H1	catalogue host field	anellovirus_max_not_promoted	no	
MN770255	catalogue-max	TTV-like mini virus	Anelloviridae	Betatorquevirus	Homo sapiens		max	H1	catalogue host field	anellovirus_max_not_promoted	no	
MN770256	catalogue-max	TTV-like mini virus	Anelloviridae	Betatorquevirus	Homo sapiens		max	H1	catalogue host field	anellovirus_max_not_promoted	no	
MN770257	catalogue-max	TTV-like mini virus	Anelloviridae	Betatorquevirus	Homo sapiens		max	H1	catalogue host field	anellovirus_max_not_promoted	no	
MN770258	catalogue-max	TTV-like mini virus	Anelloviridae	Betatorquevirus	Homo sapiens		max	H1	catalogue host field	anellovirus_max_not_promoted	no	
MN770261	catalogue-max	TTV-like mini virus	Anelloviridae	Betatorquevirus	Homo sapiens		max	H1	catalogue host field	anellovirus_max_not_promoted	no	
MN770263	catalogue-max	TTV-like mini virus	Anelloviridae	Betatorquevirus	Homo sapiens		max	H1	catalogue host field	anellovirus_max_not_promoted	no	
MN770268	catalogue-max	TTV-like mini virus	Anelloviridae	Betatorquevirus	Homo sapiens		max	H1	catalogue host field	anellovirus_max_not_promoted	no	
MN770269	catalogue-max	TTV-like mini virus	Anelloviridae	Betatorquevirus	Homo sapiens		max	H1	catalogue host field	anellovirus_max_not_promoted	no	
MN770270	catalogue-max	Hetorquevirus hominid3	Anelloviridae	Hetorquevirus	Homo sapiens		max	H1	catalogue host field	anellovirus_max_not_promoted	no	
MN770271	catalogue-max	TTV-like mini virus	Anelloviridae	Betatorquevirus	Homo sapiens		max	H1	catalogue host field	anellovirus_max_not_promoted	no	
MN770272	catalogue-max	TTV-like mini virus	Anelloviridae	Betatorquevirus	Homo sapiens		max	H1	catalogue host field	anellovirus_max_not_promoted	no	
MN770274	catalogue-max	TTV-like mini virus	Anelloviridae	Betatorquevirus	Homo sapiens		max	H1	catalogue host field	anellovirus_max_not_promoted	no	
MN770275	catalogue-max	TTV-like mini virus	Anelloviridae	Betatorquevirus	Homo sapiens		max	H1	catalogue host field	anellovirus_max_not_promoted	no	
MN770276	catalogue-max	TTV-like mini virus	Anelloviridae	Betatorquevirus	Homo sapiens		max	H1	catalogue host field	anellovirus_max_not_promoted	no	
MN770278	catalogue-max	TTV-like mini virus	Anelloviridae	Betatorquevirus	Homo sapiens		max	H1	catalogue host field	anellovirus_max_not_promoted	no	
MN770280	catalogue-max	TTV-like mini virus	Anelloviridae	Betatorquevirus	Homo sapiens		max	H1	catalogue host field	anellovirus_max_not_promoted	no	
MN770281	catalogue-max	TTV-like mini virus	Anelloviridae	Betatorquevirus	Homo sapiens		max	H1	catalogue host field	anellovirus_max_not_promoted	no	
MN770284	catalogue-max	TTV-like mini virus	Anelloviridae	Betatorquevirus	Homo sapiens		max	H1	catalogue host field	anellovirus_max_not_promoted	no	
MN770286	catalogue-max	TTV-like mini virus	Anelloviridae	Betatorquevirus	Homo sapiens		max	H1	catalogue host field	anellovirus_max_not_promoted	no	
MN770287	catalogue-max	TTV-like mini virus	Anelloviridae	Betatorquevirus	Homo sapiens		max	H1	catalogue host field	anellovirus_max_not_promoted	no	
MN770288	catalogue-max	TTV-like mini virus	Anelloviridae	Betatorquevirus	Homo sapiens		max	H1	catalogue host field	anellovirus_max_not_promoted	no	
MN770289	catalogue-max	TTV-like mini virus	Anelloviridae	Betatorquevirus	Homo sapiens		max	H1	catalogue host field	anellovirus_max_not_promoted	no	
MN770290	catalogue-max	TTV-like mini virus	Anelloviridae	Betatorquevirus	Homo sapiens		max	H1	catalogue host field	anellovirus_max_not_promoted	no	
MN770291	catalogue-max	TTV-like mini virus	Anelloviridae	Betatorquevirus	Homo sapiens		max	H1	catalogue host field	anellovirus_max_not_promoted	no	
MN770292	catalogue-max	TTV-like mini virus	Anelloviridae	Betatorquevirus	Homo sapiens		max	H1	catalogue host field	anellovirus_max_not_promoted	no	
MN770294	catalogue-max	TTV-like mini virus	Anelloviridae	Betatorquevirus	Homo sapiens		max	H1	catalogue host field	anellovirus_max_not_promoted	no	
MN770295	catalogue-max	TTV-like mini virus	Anelloviridae	Betatorquevirus	Homo sapiens		max	H1	catalogue host field	anellovirus_max_not_promoted	no	
MN770296	catalogue-max	TTV-like mini virus	Anelloviridae	Betatorquevirus	Homo sapiens		max	H1	catalogue host field	anellovirus_max_not_promoted	no	
MN770298	catalogue-max	TTV-like mini virus	Anelloviridae	Betatorquevirus	Homo sapiens		max	H1	catalogue host field	anellovirus_max_not_promoted	no	
MN770299	catalogue-max	TTV-like mini virus	Anelloviridae	Betatorquevirus	Homo sapiens		max	H1	catalogue host field	anellovirus_max_not_promoted	no	
MN770300	catalogue-max	TTV-like mini virus	Anelloviridae	Betatorquevirus	Homo sapiens		max	H1	catalogue host field	anellovirus_max_not_promoted	no	
MN770304	catalogue-max	TTV-like mini virus	Anelloviridae	Betatorquevirus	Homo sapiens		max	H1	catalogue host field	anellovirus_max_not_promoted	no	
MN770306	catalogue-max	TTV-like mini virus	Anelloviridae	Betatorquevirus	Homo sapiens		max	H1	catalogue host field	anellovirus_max_not_promoted	no	
MN770309	catalogue-max	TTV-like mini virus	Anelloviridae	Betatorquevirus	Homo sapiens		max	H1	catalogue host field	anellovirus_max_not_promoted	no	
MN770310	catalogue-max	TTV-like mini virus	Anelloviridae	Betatorquevirus	Homo sapiens		max	H1	catalogue host field	anellovirus_max_not_promoted	no	
MN770311	catalogue-max	TTV-like mini virus	Anelloviridae	Betatorquevirus	Homo sapiens		max	H1	catalogue host field	anellovirus_max_not_promoted	no	
MN770313	catalogue-max	TTV-like mini virus	Anelloviridae	Betatorquevirus	Homo sapiens		max	H1	catalogue host field	anellovirus_max_not_promoted	no	
MN770314	catalogue-max	TTV-like mini virus	Anelloviridae	Betatorquevirus	Homo sapiens		max	H1	catalogue host field	anellovirus_max_not_promoted	no	
MN770315	catalogue-max	TTV-like mini virus	Anelloviridae	Betatorquevirus	Homo sapiens		max	H1	catalogue host field	anellovirus_max_not_promoted	no	
MN770316	catalogue-max	TTV-like mini virus	Anelloviridae	Betatorquevirus	Homo sapiens		max	H1	catalogue host field	anellovirus_max_not_promoted	no	
MN770319	catalogue-max	TTV-like mini virus	Anelloviridae	Betatorquevirus	Homo sapiens		max	H1	catalogue host field	anellovirus_max_not_promoted	no	
MN770321	catalogue-max	TTV-like mini virus	Anelloviridae	Betatorquevirus	Homo sapiens		max	H1	catalogue host field	anellovirus_max_not_promoted	no	
MN770325	catalogue-max	TTV-like mini virus	Anelloviridae	Betatorquevirus	Homo sapiens		max	H1	catalogue host field	anellovirus_max_not_promoted	no	
MN770326	catalogue-max	TTV-like mini virus	Anelloviridae	Betatorquevirus	Homo sapiens		max	H1	catalogue host field	anellovirus_max_not_promoted	no	
MN770327	catalogue-max	TTV-like mini virus	Anelloviridae	Betatorquevirus	Homo sapiens		max	H1	catalogue host field	anellovirus_max_not_promoted	no	
MN770329	catalogue-max	TTV-like mini virus	Anelloviridae	Betatorquevirus	Homo sapiens		max	H1	catalogue host field	anellovirus_max_not_promoted	no	
MN770339	catalogue-max	TTV-like mini virus	Anelloviridae	Betatorquevirus	Homo sapiens		max	H1	catalogue host field	anellovirus_max_not_promoted	no	
MN770340	catalogue-max	TTV-like mini virus	Anelloviridae	Betatorquevirus	Homo sapiens		max	H1	catalogue host field	anellovirus_max_not_promoted	no	
MN770343	catalogue-max	TTV-like mini virus	Anelloviridae	Betatorquevirus	Homo sapiens		max	H1	catalogue host field	anellovirus_max_not_promoted	no	
MN770348	catalogue-max	TTV-like mini virus	Anelloviridae	Betatorquevirus	Homo sapiens		max	H1	catalogue host field	anellovirus_max_not_promoted	no	
MN770354	catalogue-max	TTV-like mini virus	Anelloviridae	Betatorquevirus	Homo sapiens		max	H1	catalogue host field	anellovirus_max_not_promoted	no	
MN770356	catalogue-max	TTV-like mini virus	Anelloviridae	Betatorquevirus	Homo sapiens		max	H1	catalogue host field	anellovirus_max_not_promoted	no	
MN770358	catalogue-max	TTV-like mini virus	Anelloviridae	Betatorquevirus	Homo sapiens		max	H1	catalogue host field	anellovirus_max_not_promoted	no	
MN770363	catalogue-max	TTV-like mini virus	Anelloviridae	Betatorquevirus	Homo sapiens		max	H1	catalogue host field	anellovirus_max_not_promoted	no	
MN770365	catalogue-max	TTV-like mini virus	Anelloviridae	Betatorquevirus	Homo sapiens		max	H1	catalogue host field	anellovirus_max_not_promoted	no	
MN770368	catalogue-max	TTV-like mini virus	Anelloviridae	Betatorquevirus	Homo sapiens		max	H1	catalogue host field	anellovirus_max_not_promoted	no	
MN770369	catalogue-max	TTV-like mini virus	Anelloviridae	Betatorquevirus	Homo sapiens		max	H1	catalogue host field	anellovirus_max_not_promoted	no	
MN770370	catalogue-max	TTV-like mini virus	Anelloviridae	Betatorquevirus	Homo sapiens		max	H1	catalogue host field	anellovirus_max_not_promoted	no	
MN770372	catalogue-max	TTV-like mini virus	Anelloviridae	Betatorquevirus	Homo sapiens		max	H1	catalogue host field	anellovirus_max_not_promoted	no	
MN770373	catalogue-max	TTV-like mini virus	Anelloviridae	Betatorquevirus	Homo sapiens		max	H1	catalogue host field	anellovirus_max_not_promoted	no	
MN770376	catalogue-max	TTV-like mini virus	Anelloviridae	Betatorquevirus	Homo sapiens		max	H1	catalogue host field	anellovirus_max_not_promoted	no	
MN770377	catalogue-max	TTV-like mini virus	Anelloviridae	Betatorquevirus	Homo sapiens		max	H1	catalogue host field	anellovirus_max_not_promoted	no	
MN770380	catalogue-max	TTV-like mini virus	Anelloviridae	Betatorquevirus	Homo sapiens		max	H1	catalogue host field	anellovirus_max_not_promoted	no	
MN770381	catalogue-max	TTV-like mini virus	Anelloviridae	Betatorquevirus	Homo sapiens		max	H1	catalogue host field	anellovirus_max_not_promoted	no	
MN770385	catalogue-max	TTV-like mini virus	Anelloviridae	Betatorquevirus	Homo sapiens		max	H1	catalogue host field	anellovirus_max_not_promoted	no	
MN770387	catalogue-max	TTV-like mini virus	Anelloviridae	Betatorquevirus	Homo sapiens		max	H1	catalogue host field	anellovirus_max_not_promoted	no	
MN770388	catalogue-max	TTV-like mini virus	Anelloviridae	Betatorquevirus	Homo sapiens		max	H1	catalogue host field	anellovirus_max_not_promoted	no	
MN770391	catalogue-max	TTV-like mini virus	Anelloviridae	Betatorquevirus	Homo sapiens		max	H1	catalogue host field	anellovirus_max_not_promoted	no	
MN770394	catalogue-max	TTV-like mini virus	Anelloviridae	Betatorquevirus	Homo sapiens		max	H1	catalogue host field	anellovirus_max_not_promoted	no	
MN770397	catalogue-max	TTV-like mini virus	Anelloviridae	Betatorquevirus	Homo sapiens		max	H1	catalogue host field	anellovirus_max_not_promoted	no	
MN770399	catalogue-max	TTV-like mini virus	Anelloviridae	Betatorquevirus	Homo sapiens		max	H1	catalogue host field	anellovirus_max_not_promoted	no	
MN770400	catalogue-max	TTV-like mini virus	Anelloviridae	Betatorquevirus	Homo sapiens		max	H1	catalogue host field	anellovirus_max_not_promoted	no	
MN770402	catalogue-max	TTV-like mini virus	Anelloviridae	Betatorquevirus	Homo sapiens		max	H1	catalogue host field	anellovirus_max_not_promoted	no	
MN770404	catalogue-max	TTV-like mini virus	Anelloviridae	Betatorquevirus	Homo sapiens		max	H1	catalogue host field	anellovirus_max_not_promoted	no	
MN770409	catalogue-max	TTV-like mini virus	Anelloviridae	Betatorquevirus	Homo sapiens		max	H1	catalogue host field	anellovirus_max_not_promoted	no	
MN770412	catalogue-max	TTV-like mini virus	Anelloviridae	Betatorquevirus	Homo sapiens		max	H1	catalogue host field	anellovirus_max_not_promoted	no	
MN770414	catalogue-max	TTV-like mini virus	Anelloviridae	Betatorquevirus	Homo sapiens		max	H1	catalogue host field	anellovirus_max_not_promoted	no	
MN770417	catalogue-max	TTV-like mini virus	Anelloviridae	Betatorquevirus	Homo sapiens		max	H1	catalogue host field	anellovirus_max_not_promoted	no	
MN770423	catalogue-max	TTV-like mini virus	Anelloviridae	Betatorquevirus	Homo sapiens		max	H1	catalogue host field	anellovirus_max_not_promoted	no	
MN770424	catalogue-max	TTV-like mini virus	Anelloviridae	Betatorquevirus	Homo sapiens		max	H1	catalogue host field	anellovirus_max_not_promoted	no	
MN770427	catalogue-max	TTV-like mini virus	Anelloviridae	Betatorquevirus	Homo sapiens		max	H1	catalogue host field	anellovirus_max_not_promoted	no	
MN770434	catalogue-max	TTV-like mini virus	Anelloviridae	Betatorquevirus	Homo sapiens		max	H1	catalogue host field	anellovirus_max_not_promoted	no	
MN770438	catalogue-max	TTV-like mini virus	Anelloviridae	Betatorquevirus	Homo sapiens		max	H1	catalogue host field	anellovirus_max_not_promoted	no	
MN770439	catalogue-max	TTV-like mini virus	Anelloviridae	Betatorquevirus	Homo sapiens		max	H1	catalogue host field	anellovirus_max_not_promoted	no	
MN770441	catalogue-max	TTV-like mini virus	Anelloviridae	Betatorquevirus	Homo sapiens		max	H1	catalogue host field	anellovirus_max_not_promoted	no	
MN770442	catalogue-max	TTV-like mini virus	Anelloviridae	Betatorquevirus	Homo sapiens		max	H1	catalogue host field	anellovirus_max_not_promoted	no	
MN770443	catalogue-max	TTV-like mini virus	Anelloviridae	Betatorquevirus	Homo sapiens		max	H1	catalogue host field	anellovirus_max_not_promoted	no	
MN770444	catalogue-max	TTV-like mini virus	Anelloviridae	Betatorquevirus	Homo sapiens		max	H1	catalogue host field	anellovirus_max_not_promoted	no	
MN770445	catalogue-max	TTV-like mini virus	Anelloviridae	Betatorquevirus	Homo sapiens		max	H1	catalogue host field	anellovirus_max_not_promoted	no	
MN770448	catalogue-max	TTV-like mini virus	Anelloviridae	Betatorquevirus	Homo sapiens		max	H1	catalogue host field	anellovirus_max_not_promoted	no	
MN770449	catalogue-max	TTV-like mini virus	Anelloviridae	Betatorquevirus	Homo sapiens		max	H1	catalogue host field	anellovirus_max_not_promoted	no	
MN770450	catalogue-max	TTV-like mini virus	Anelloviridae	Betatorquevirus	Homo sapiens		max	H1	catalogue host field	anellovirus_max_not_promoted	no	
MN770453	catalogue-max	TTV-like mini virus	Anelloviridae	Betatorquevirus	Homo sapiens		max	H1	catalogue host field	anellovirus_max_not_promoted	no	
MN770454	catalogue-max	TTV-like mini virus	Anelloviridae	Betatorquevirus	Homo sapiens		max	H1	catalogue host field	anellovirus_max_not_promoted	no	
MN770460	catalogue-max	TTV-like mini virus	Anelloviridae	Betatorquevirus	Homo sapiens		max	H1	catalogue host field	anellovirus_max_not_promoted	no	
MN770461	catalogue-max	TTV-like mini virus	Anelloviridae	Betatorquevirus	Homo sapiens		max	H1	catalogue host field	anellovirus_max_not_promoted	no	
MN770462	catalogue-max	TTV-like mini virus	Anelloviridae	Betatorquevirus	Homo sapiens		max	H1	catalogue host field	anellovirus_max_not_promoted	no	
MN770467	catalogue-max	TTV-like mini virus	Anelloviridae	Betatorquevirus	Homo sapiens		max	H1	catalogue host field	anellovirus_max_not_promoted	no	
MN770471	catalogue-max	TTV-like mini virus	Anelloviridae	Betatorquevirus	Homo sapiens		max	H1	catalogue host field	anellovirus_max_not_promoted	no	
MN770473	catalogue-max	TTV-like mini virus	Anelloviridae	Betatorquevirus	Homo sapiens		max	H1	catalogue host field	anellovirus_max_not_promoted	no	
MN770474	catalogue-max	TTV-like mini virus	Anelloviridae	Betatorquevirus	Homo sapiens		max	H1	catalogue host field	anellovirus_max_not_promoted	no	
MN770477	catalogue-max	TTV-like mini virus	Anelloviridae	Betatorquevirus	Homo sapiens		max	H1	catalogue host field	anellovirus_max_not_promoted	no	
MN770481	catalogue-max	TTV-like mini virus	Anelloviridae	Betatorquevirus	Homo sapiens		max	H1	catalogue host field	anellovirus_max_not_promoted	no	
MN770487	catalogue-max	TTV-like mini virus	Anelloviridae	Betatorquevirus	Homo sapiens		max	H1	catalogue host field	anellovirus_max_not_promoted	no	
MN770488	catalogue-max	TTV-like mini virus	Anelloviridae	Betatorquevirus	Homo sapiens		max	H1	catalogue host field	anellovirus_max_not_promoted	no	
MN770491	catalogue-max	TTV-like mini virus	Anelloviridae	Betatorquevirus	Homo sapiens		max	H1	catalogue host field	anellovirus_max_not_promoted	no	
MN770492	catalogue-max	TTV-like mini virus	Anelloviridae	Betatorquevirus	Homo sapiens		max	H1	catalogue host field	anellovirus_max_not_promoted	no	
MN770493	catalogue-max	TTV-like mini virus	Anelloviridae	Betatorquevirus	Homo sapiens		max	H1	catalogue host field	anellovirus_max_not_promoted	no	
MN770494	catalogue-max	TTV-like mini virus	Anelloviridae	Betatorquevirus	Homo sapiens		max	H1	catalogue host field	anellovirus_max_not_promoted	no	
MN770496	catalogue-max	TTV-like mini virus	Anelloviridae	Betatorquevirus	Homo sapiens		max	H1	catalogue host field	anellovirus_max_not_promoted	no	
MN770498	catalogue-max	TTV-like mini virus	Anelloviridae	Betatorquevirus	Homo sapiens		max	H1	catalogue host field	anellovirus_max_not_promoted	no	
MN770499	catalogue-max	TTV-like mini virus	Anelloviridae	Betatorquevirus	Homo sapiens		max	H1	catalogue host field	anellovirus_max_not_promoted	no	
MN770504	catalogue-max	TTV-like mini virus	Anelloviridae	Betatorquevirus	Homo sapiens		max	H1	catalogue host field	anellovirus_max_not_promoted	no	
MN770505	catalogue-max	TTV-like mini virus	Anelloviridae	Betatorquevirus	Homo sapiens		max	H1	catalogue host field	anellovirus_max_not_promoted	no	
MN770509	catalogue-max	TTV-like mini virus	Anelloviridae	Betatorquevirus	Homo sapiens		max	H1	catalogue host field	anellovirus_max_not_promoted	no	
MN770510	catalogue-max	TTV-like mini virus	Anelloviridae	Betatorquevirus	Homo sapiens		max	H1	catalogue host field	anellovirus_max_not_promoted	no	
MN770512	catalogue-max	TTV-like mini virus	Anelloviridae	Betatorquevirus	Homo sapiens		max	H1	catalogue host field	anellovirus_max_not_promoted	no	
MN770517	catalogue-max	TTV-like mini virus	Anelloviridae	Betatorquevirus	Homo sapiens		max	H1	catalogue host field	anellovirus_max_not_promoted	no	
MN770518	catalogue-max	TTV-like mini virus	Anelloviridae	Betatorquevirus	Homo sapiens		max	H1	catalogue host field	anellovirus_max_not_promoted	no	
MN770521	catalogue-max	TTV-like mini virus	Anelloviridae	Betatorquevirus	Homo sapiens		max	H1	catalogue host field	anellovirus_max_not_promoted	no	
MN770522	catalogue-max	TTV-like mini virus	Anelloviridae	Betatorquevirus	Homo sapiens		max	H1	catalogue host field	anellovirus_max_not_promoted	no	
MN770523	catalogue-max	TTV-like mini virus	Anelloviridae	Betatorquevirus	Homo sapiens		max	H1	catalogue host field	anellovirus_max_not_promoted	no	
MN770524	catalogue-max	TTV-like mini virus	Anelloviridae	Betatorquevirus	Homo sapiens		max	H1	catalogue host field	anellovirus_max_not_promoted	no	
MN770528	catalogue-max	TTV-like mini virus	Anelloviridae	Betatorquevirus	Homo sapiens		max	H1	catalogue host field	anellovirus_max_not_promoted	no	
MN770530	catalogue-max	TTV-like mini virus	Anelloviridae	Betatorquevirus	Homo sapiens		max	H1	catalogue host field	anellovirus_max_not_promoted	no	
MN770534	catalogue-max	TTV-like mini virus	Anelloviridae	Betatorquevirus	Homo sapiens		max	H1	catalogue host field	anellovirus_max_not_promoted	no	
MN770536	catalogue-max	TTV-like mini virus	Anelloviridae	Betatorquevirus	Homo sapiens		max	H1	catalogue host field	anellovirus_max_not_promoted	no	
MN770539	catalogue-max	TTV-like mini virus	Anelloviridae	Betatorquevirus	Homo sapiens		max	H1	catalogue host field	anellovirus_max_not_promoted	no	
MN770540	catalogue-max	TTV-like mini virus	Anelloviridae	Betatorquevirus	Homo sapiens		max	H1	catalogue host field	anellovirus_max_not_promoted	no	
MN770542	catalogue-max	TTV-like mini virus	Anelloviridae	Betatorquevirus	Homo sapiens		max	H1	catalogue host field	anellovirus_max_not_promoted	no	
MN770545	catalogue-max	TTV-like mini virus	Anelloviridae	Betatorquevirus	Homo sapiens		max	H1	catalogue host field	anellovirus_max_not_promoted	no	
MN770547	catalogue-max	TTV-like mini virus	Anelloviridae	Betatorquevirus	Homo sapiens		max	H1	catalogue host field	anellovirus_max_not_promoted	no	
MN770548	catalogue-max	TTV-like mini virus	Anelloviridae	Betatorquevirus	Homo sapiens		max	H1	catalogue host field	anellovirus_max_not_promoted	no	
MN770549	catalogue-max	TTV-like mini virus	Anelloviridae	Betatorquevirus	Homo sapiens		max	H1	catalogue host field	anellovirus_max_not_promoted	no	
MN770550	catalogue-max	TTV-like mini virus	Anelloviridae	Betatorquevirus	Homo sapiens		max	H1	catalogue host field	anellovirus_max_not_promoted	no	
MN770551	catalogue-max	TTV-like mini virus	Anelloviridae	Betatorquevirus	Homo sapiens		max	H1	catalogue host field	anellovirus_max_not_promoted	no	
MN770553	catalogue-max	TTV-like mini virus	Anelloviridae	Betatorquevirus	Homo sapiens		max	H1	catalogue host field	anellovirus_max_not_promoted	no	
MN770557	catalogue-max	TTV-like mini virus	Anelloviridae	Betatorquevirus	Homo sapiens		max	H1	catalogue host field	anellovirus_max_not_promoted	no	
MN770561	catalogue-max	TTV-like mini virus	Anelloviridae	Betatorquevirus	Homo sapiens		max	H1	catalogue host field	anellovirus_max_not_promoted	no	
MN770562	catalogue-max	TTV-like mini virus	Anelloviridae	Betatorquevirus	Homo sapiens		max	H1	catalogue host field	anellovirus_max_not_promoted	no	
MN770566	catalogue-max	TTV-like mini virus	Anelloviridae	Betatorquevirus	Homo sapiens		max	H1	catalogue host field	anellovirus_max_not_promoted	no	
MN770568	catalogue-max	TTV-like mini virus	Anelloviridae	Betatorquevirus	Homo sapiens		max	H1	catalogue host field	anellovirus_max_not_promoted	no	
MN770570	catalogue-max	TTV-like mini virus	Anelloviridae	Betatorquevirus	Homo sapiens		max	H1	catalogue host field	anellovirus_max_not_promoted	no	
MN770571	catalogue-max	TTV-like mini virus	Anelloviridae	Betatorquevirus	Homo sapiens		max	H1	catalogue host field	anellovirus_max_not_promoted	no	
MN770572	catalogue-max	TTV-like mini virus	Anelloviridae	Betatorquevirus	Homo sapiens		max	H1	catalogue host field	anellovirus_max_not_promoted	no	
MN770573	catalogue-max	TTV-like mini virus	Anelloviridae	Betatorquevirus	Homo sapiens		max	H1	catalogue host field	anellovirus_max_not_promoted	no	
MN770574	catalogue-max	TTV-like mini virus	Anelloviridae	Betatorquevirus	Homo sapiens		max	H1	catalogue host field	anellovirus_max_not_promoted	no	
MN770575	catalogue-max	TTV-like mini virus	Anelloviridae	Betatorquevirus	Homo sapiens		max	H1	catalogue host field	anellovirus_max_not_promoted	no	
MN770578	catalogue-max	TTV-like mini virus	Anelloviridae	Betatorquevirus	Homo sapiens		max	H1	catalogue host field	anellovirus_max_not_promoted	no	
MN770580	catalogue-max	TTV-like mini virus	Anelloviridae	Betatorquevirus	Homo sapiens		max	H1	catalogue host field	anellovirus_max_not_promoted	no	
MN770582	catalogue-max	TTV-like mini virus	Anelloviridae	Betatorquevirus	Homo sapiens		max	H1	catalogue host field	anellovirus_max_not_promoted	no	
MN770583	catalogue-max	TTV-like mini virus	Anelloviridae	Betatorquevirus	Homo sapiens		max	H1	catalogue host field	anellovirus_max_not_promoted	no	
MN770586	catalogue-max	TTV-like mini virus	Anelloviridae	Betatorquevirus	Homo sapiens		max	H1	catalogue host field	anellovirus_max_not_promoted	no	
MN770587	catalogue-max	TTV-like mini virus	Anelloviridae	Betatorquevirus	Homo sapiens		max	H1	catalogue host field	anellovirus_max_not_promoted	no	
MN770591	catalogue-max	TTV-like mini virus	Anelloviridae	Betatorquevirus	Homo sapiens		max	H1	catalogue host field	anellovirus_max_not_promoted	no	
MN770592	catalogue-max	TTV-like mini virus	Anelloviridae	Betatorquevirus	Homo sapiens		max	H1	catalogue host field	anellovirus_max_not_promoted	no	
MN770594	catalogue-max	TTV-like mini virus	Anelloviridae	Betatorquevirus	Homo sapiens		max	H1	catalogue host field	anellovirus_max_not_promoted	no	
MN770595	catalogue-max	TTV-like mini virus	Anelloviridae	Betatorquevirus	Homo sapiens		max	H1	catalogue host field	anellovirus_max_not_promoted	no	
MN770596	catalogue-max	TTV-like mini virus	Anelloviridae	Betatorquevirus	Homo sapiens		max	H1	catalogue host field	anellovirus_max_not_promoted	no	
MN770599	catalogue-max	TTV-like mini virus	Anelloviridae	Betatorquevirus	Homo sapiens		max	H1	catalogue host field	anellovirus_max_not_promoted	no	
MN770604	catalogue-max	TTV-like mini virus	Anelloviridae	Betatorquevirus	Homo sapiens		max	H1	catalogue host field	anellovirus_max_not_promoted	no	
MN770605	catalogue-max	TTV-like mini virus	Anelloviridae	Betatorquevirus	Homo sapiens		max	H1	catalogue host field	anellovirus_max_not_promoted	no	
MN770606	catalogue-max	TTV-like mini virus	Anelloviridae	Betatorquevirus	Homo sapiens		max	H1	catalogue host field	anellovirus_max_not_promoted	no	
MN770609	catalogue-max	TTV-like mini virus	Anelloviridae	Betatorquevirus	Homo sapiens		max	H1	catalogue host field	anellovirus_max_not_promoted	no	
MN770611	catalogue-max	TTV-like mini virus	Anelloviridae	Betatorquevirus	Homo sapiens		max	H1	catalogue host field	anellovirus_max_not_promoted	no	
MN770612	catalogue-max	TTV-like mini virus	Anelloviridae	Betatorquevirus	Homo sapiens		max	H1	catalogue host field	anellovirus_max_not_promoted	no	
MN770613	catalogue-max	TTV-like mini virus	Anelloviridae	Betatorquevirus	Homo sapiens		max	H1	catalogue host field	anellovirus_max_not_promoted	no	
MN770615	catalogue-max	TTV-like mini virus	Anelloviridae	Betatorquevirus	Homo sapiens		max	H1	catalogue host field	anellovirus_max_not_promoted	no	
MN770616	catalogue-max	TTV-like mini virus	Anelloviridae	Betatorquevirus	Homo sapiens		max	H1	catalogue host field	anellovirus_max_not_promoted	no	
MN770618	catalogue-max	TTV-like mini virus	Anelloviridae	Betatorquevirus	Homo sapiens		max	H1	catalogue host field	anellovirus_max_not_promoted	no	
MN770619	catalogue-max	TTV-like mini virus	Anelloviridae	Betatorquevirus	Homo sapiens		max	H1	catalogue host field	anellovirus_max_not_promoted	no	
MN770620	catalogue-max	TTV-like mini virus	Anelloviridae	Betatorquevirus	Homo sapiens		max	H1	catalogue host field	anellovirus_max_not_promoted	no	
MN770621	catalogue-max	TTV-like mini virus	Anelloviridae	Betatorquevirus	Homo sapiens		max	H1	catalogue host field	anellovirus_max_not_promoted	no	
MN770625	catalogue-max	TTV-like mini virus	Anelloviridae	Betatorquevirus	Homo sapiens		max	H1	catalogue host field	anellovirus_max_not_promoted	no	
MN770628	catalogue-max	TTV-like mini virus	Anelloviridae	Betatorquevirus	Homo sapiens		max	H1	catalogue host field	anellovirus_max_not_promoted	no	
MN770629	catalogue-max	TTV-like mini virus	Anelloviridae	Betatorquevirus	Homo sapiens		max	H1	catalogue host field	anellovirus_max_not_promoted	no	
MN770633	catalogue-max	TTV-like mini virus	Anelloviridae	Betatorquevirus	Homo sapiens		max	H1	catalogue host field	anellovirus_max_not_promoted	no	
MN770634	catalogue-max	TTV-like mini virus	Anelloviridae	Betatorquevirus	Homo sapiens		max	H1	catalogue host field	anellovirus_max_not_promoted	no	
MN770635	catalogue-max	TTV-like mini virus	Anelloviridae	Betatorquevirus	Homo sapiens		max	H1	catalogue host field	anellovirus_max_not_promoted	no	
MN770637	catalogue-max	TTV-like mini virus	Anelloviridae	Betatorquevirus	Homo sapiens		max	H1	catalogue host field	anellovirus_max_not_promoted	no	
MN770638	catalogue-max	TTV-like mini virus	Anelloviridae	Betatorquevirus	Homo sapiens		max	H1	catalogue host field	anellovirus_max_not_promoted	no	
MN770639	catalogue-max	TTV-like mini virus	Anelloviridae	Betatorquevirus	Homo sapiens		max	H1	catalogue host field	anellovirus_max_not_promoted	no	
MN770640	catalogue-max	TTV-like mini virus	Anelloviridae	Betatorquevirus	Homo sapiens		max	H1	catalogue host field	anellovirus_max_not_promoted	no	
MN770641	catalogue-max	TTV-like mini virus	Anelloviridae	Betatorquevirus	Homo sapiens		max	H1	catalogue host field	anellovirus_max_not_promoted	no	
MN770642	catalogue-max	TTV-like mini virus	Anelloviridae	Betatorquevirus	Homo sapiens		max	H1	catalogue host field	anellovirus_max_not_promoted	no	
MN770643	catalogue-max	TTV-like mini virus	Anelloviridae	Betatorquevirus	Homo sapiens		max	H1	catalogue host field	anellovirus_max_not_promoted	no	
MN770645	catalogue-max	TTV-like mini virus	Anelloviridae	Betatorquevirus	Homo sapiens		max	H1	catalogue host field	anellovirus_max_not_promoted	no	
MN770648	catalogue-max	TTV-like mini virus	Anelloviridae	Betatorquevirus	Homo sapiens		max	H1	catalogue host field	anellovirus_max_not_promoted	no	
MN770654	catalogue-max	TTV-like mini virus	Anelloviridae	Betatorquevirus	Homo sapiens		max	H1	catalogue host field	anellovirus_max_not_promoted	no	
MN770657	catalogue-max	TTV-like mini virus	Anelloviridae	Betatorquevirus	Homo sapiens		max	H1	catalogue host field	anellovirus_max_not_promoted	no	
MN770661	catalogue-max	TTV-like mini virus	Anelloviridae	Betatorquevirus	Homo sapiens		max	H1	catalogue host field	anellovirus_max_not_promoted	no	
MN770664	catalogue-max	TTV-like mini virus	Anelloviridae	Betatorquevirus	Homo sapiens		max	H1	catalogue host field	anellovirus_max_not_promoted	no	
MN770665	catalogue-max	TTV-like mini virus	Anelloviridae	Betatorquevirus	Homo sapiens		max	H1	catalogue host field	anellovirus_max_not_promoted	no	
MN770666	catalogue-max	TTV-like mini virus	Anelloviridae	Betatorquevirus	Homo sapiens		max	H1	catalogue host field	anellovirus_max_not_promoted	no	
MN770667	catalogue-max	TTV-like mini virus	Anelloviridae	Betatorquevirus	Homo sapiens		max	H1	catalogue host field	anellovirus_max_not_promoted	no	
MN770668	catalogue-max	TTV-like mini virus	Anelloviridae	Betatorquevirus	Homo sapiens		max	H1	catalogue host field	anellovirus_max_not_promoted	no	
MN770669	catalogue-max	TTV-like mini virus	Anelloviridae	Betatorquevirus	Homo sapiens		max	H1	catalogue host field	anellovirus_max_not_promoted	no	
MN770674	catalogue-max	TTV-like mini virus	Anelloviridae	Betatorquevirus	Homo sapiens		max	H1	catalogue host field	anellovirus_max_not_promoted	no	
MN770675	catalogue-max	TTV-like mini virus	Anelloviridae	Betatorquevirus	Homo sapiens		max	H1	catalogue host field	anellovirus_max_not_promoted	no	
MN770676	catalogue-max	TTV-like mini virus	Anelloviridae	Betatorquevirus	Homo sapiens		max	H1	catalogue host field	anellovirus_max_not_promoted	no	
MN770677	catalogue-max	TTV-like mini virus	Anelloviridae	Betatorquevirus	Homo sapiens		max	H1	catalogue host field	anellovirus_max_not_promoted	no	
MN770679	catalogue-max	TTV-like mini virus	Anelloviridae	Betatorquevirus	Homo sapiens		max	H1	catalogue host field	anellovirus_max_not_promoted	no	
MN770680	catalogue-max	TTV-like mini virus	Anelloviridae	Betatorquevirus	Homo sapiens		max	H1	catalogue host field	anellovirus_max_not_promoted	no	
MN770681	catalogue-max	TTV-like mini virus	Anelloviridae	Betatorquevirus	Homo sapiens		max	H1	catalogue host field	anellovirus_max_not_promoted	no	
MN770686	catalogue-max	TTV-like mini virus	Anelloviridae	Betatorquevirus	Homo sapiens		max	H1	catalogue host field	anellovirus_max_not_promoted	no	
MN770688	catalogue-max	TTV-like mini virus	Anelloviridae	Betatorquevirus	Homo sapiens		max	H1	catalogue host field	anellovirus_max_not_promoted	no	
MN770689	catalogue-max	TTV-like mini virus	Anelloviridae	Betatorquevirus	Homo sapiens		max	H1	catalogue host field	anellovirus_max_not_promoted	no	
MN770690	catalogue-max	TTV-like mini virus	Anelloviridae	Betatorquevirus	Homo sapiens		max	H1	catalogue host field	anellovirus_max_not_promoted	no	
MN770691	catalogue-max	TTV-like mini virus	Anelloviridae	Betatorquevirus	Homo sapiens		max	H1	catalogue host field	anellovirus_max_not_promoted	no	
MN770693	catalogue-max	TTV-like mini virus	Anelloviridae	Betatorquevirus	Homo sapiens		max	H1	catalogue host field	anellovirus_max_not_promoted	no	
MN770694	catalogue-max	TTV-like mini virus	Anelloviridae	Betatorquevirus	Homo sapiens		max	H1	catalogue host field	anellovirus_max_not_promoted	no	
MN770699	catalogue-max	TTV-like mini virus	Anelloviridae	Betatorquevirus	Homo sapiens		max	H1	catalogue host field	anellovirus_max_not_promoted	no	
MN770704	catalogue-max	TTV-like mini virus	Anelloviridae	Betatorquevirus	Homo sapiens		max	H1	catalogue host field	anellovirus_max_not_promoted	no	
MN770705	catalogue-max	TTV-like mini virus	Anelloviridae	Betatorquevirus	Homo sapiens		max	H1	catalogue host field	anellovirus_max_not_promoted	no	
MN770709	catalogue-max	TTV-like mini virus	Anelloviridae	Betatorquevirus	Homo sapiens		max	H1	catalogue host field	anellovirus_max_not_promoted	no	
MN770712	catalogue-max	TTV-like mini virus	Anelloviridae	Betatorquevirus	Homo sapiens		max	H1	catalogue host field	anellovirus_max_not_promoted	no	
MN770715	catalogue-max	TTV-like mini virus	Anelloviridae	Betatorquevirus	Homo sapiens		max	H1	catalogue host field	anellovirus_max_not_promoted	no	
MN770716	catalogue-max	TTV-like mini virus	Anelloviridae	Betatorquevirus	Homo sapiens		max	H1	catalogue host field	anellovirus_max_not_promoted	no	
MN770718	catalogue-max	TTV-like mini virus	Anelloviridae	Betatorquevirus	Homo sapiens		max	H1	catalogue host field	anellovirus_max_not_promoted	no	
MN770720	catalogue-max	TTV-like mini virus	Anelloviridae	Betatorquevirus	Homo sapiens		max	H1	catalogue host field	anellovirus_max_not_promoted	no	
MN770721	catalogue-max	TTV-like mini virus	Anelloviridae	Betatorquevirus	Homo sapiens		max	H1	catalogue host field	anellovirus_max_not_promoted	no	
MN770722	catalogue-max	TTV-like mini virus	Anelloviridae	Betatorquevirus	Homo sapiens		max	H1	catalogue host field	anellovirus_max_not_promoted	no	
MN770723	catalogue-max	TTV-like mini virus	Anelloviridae	Betatorquevirus	Homo sapiens		max	H1	catalogue host field	anellovirus_max_not_promoted	no	
MN770727	catalogue-max	TTV-like mini virus	Anelloviridae	Betatorquevirus	Homo sapiens		max	H1	catalogue host field	anellovirus_max_not_promoted	no	
MN770729	catalogue-max	TTV-like mini virus	Anelloviridae	Betatorquevirus	Homo sapiens		max	H1	catalogue host field	anellovirus_max_not_promoted	no	
MN770730	catalogue-max	TTV-like mini virus	Anelloviridae	Betatorquevirus	Homo sapiens		max	H1	catalogue host field	anellovirus_max_not_promoted	no	
MN770731	catalogue-max	TTV-like mini virus	Anelloviridae	Betatorquevirus	Homo sapiens		max	H1	catalogue host field	anellovirus_max_not_promoted	no	
MN770734	catalogue-max	TTV-like mini virus	Anelloviridae	Betatorquevirus	Homo sapiens		max	H1	catalogue host field	anellovirus_max_not_promoted	no	
MN770735	catalogue-max	TTV-like mini virus	Anelloviridae	Betatorquevirus	Homo sapiens		max	H1	catalogue host field	anellovirus_max_not_promoted	no	
MN770738	catalogue-max	TTV-like mini virus	Anelloviridae	Betatorquevirus	Homo sapiens		max	H1	catalogue host field	anellovirus_max_not_promoted	no	
MN770739	catalogue-max	TTV-like mini virus	Anelloviridae	Betatorquevirus	Homo sapiens		max	H1	catalogue host field	anellovirus_max_not_promoted	no	
MN770741	catalogue-max	TTV-like mini virus	Anelloviridae	Betatorquevirus	Homo sapiens		max	H1	catalogue host field	anellovirus_max_not_promoted	no	
MN770742	catalogue-max	TTV-like mini virus	Anelloviridae	Betatorquevirus	Homo sapiens		max	H1	catalogue host field	anellovirus_max_not_promoted	no	
MN770743	catalogue-max	TTV-like mini virus	Anelloviridae	Betatorquevirus	Homo sapiens		max	H1	catalogue host field	anellovirus_max_not_promoted	no	
MN770744	catalogue-max	TTV-like mini virus	Anelloviridae	Betatorquevirus	Homo sapiens		max	H1	catalogue host field	anellovirus_max_not_promoted	no	
MN770745	catalogue-max	TTV-like mini virus	Anelloviridae	Betatorquevirus	Homo sapiens		max	H1	catalogue host field	anellovirus_max_not_promoted	no	
MN770746	catalogue-max	TTV-like mini virus	Anelloviridae	Betatorquevirus	Homo sapiens		max	H1	catalogue host field	anellovirus_max_not_promoted	no	
MN770747	catalogue-max	TTV-like mini virus	Anelloviridae	Betatorquevirus	Homo sapiens		max	H1	catalogue host field	anellovirus_max_not_promoted	no	
MN770749	catalogue-max	TTV-like mini virus	Anelloviridae	Betatorquevirus	Homo sapiens		max	H1	catalogue host field	anellovirus_max_not_promoted	no	
MN770751	catalogue-max	TTV-like mini virus	Anelloviridae	Betatorquevirus	Homo sapiens		max	H1	catalogue host field	anellovirus_max_not_promoted	no	
MN770752	catalogue-max	TTV-like mini virus	Anelloviridae	Betatorquevirus	Homo sapiens		max	H1	catalogue host field	anellovirus_max_not_promoted	no	
MN770754	catalogue-max	TTV-like mini virus	Anelloviridae	Betatorquevirus	Homo sapiens		max	H1	catalogue host field	anellovirus_max_not_promoted	no	
MN770755	catalogue-max	TTV-like mini virus	Anelloviridae	Betatorquevirus	Homo sapiens		max	H1	catalogue host field	anellovirus_max_not_promoted	no	
MN770756	catalogue-max	TTV-like mini virus	Anelloviridae	Betatorquevirus	Homo sapiens		max	H1	catalogue host field	anellovirus_max_not_promoted	no	
MN770757	catalogue-max	TTV-like mini virus	Anelloviridae	Betatorquevirus	Homo sapiens		max	H1	catalogue host field	anellovirus_max_not_promoted	no	
MN770759	catalogue-max	TTV-like mini virus	Anelloviridae	Betatorquevirus	Homo sapiens		max	H1	catalogue host field	anellovirus_max_not_promoted	no	
MN770762	catalogue-max	TTV-like mini virus	Anelloviridae	Betatorquevirus	Homo sapiens		max	H1	catalogue host field	anellovirus_max_not_promoted	no	
MN770763	catalogue-max	TTV-like mini virus	Anelloviridae	Betatorquevirus	Homo sapiens		max	H1	catalogue host field	anellovirus_max_not_promoted	no	
MN770764	catalogue-max	TTV-like mini virus	Anelloviridae	Betatorquevirus	Homo sapiens		max	H1	catalogue host field	anellovirus_max_not_promoted	no	
MN770765	catalogue-max	TTV-like mini virus	Anelloviridae	Betatorquevirus	Homo sapiens		max	H1	catalogue host field	anellovirus_max_not_promoted	no	
MN770766	catalogue-max	TTV-like mini virus	Anelloviridae	Betatorquevirus	Homo sapiens		max	H1	catalogue host field	anellovirus_max_not_promoted	no	
MN770767	catalogue-max	TTV-like mini virus	Anelloviridae	Betatorquevirus	Homo sapiens		max	H1	catalogue host field	anellovirus_max_not_promoted	no	
MN770768	catalogue-max	TTV-like mini virus	Anelloviridae	Betatorquevirus	Homo sapiens		max	H1	catalogue host field	anellovirus_max_not_promoted	no	
MN770769	catalogue-max	TTV-like mini virus	Anelloviridae	Betatorquevirus	Homo sapiens		max	H1	catalogue host field	anellovirus_max_not_promoted	no	
MN770771	catalogue-max	TTV-like mini virus	Anelloviridae	Betatorquevirus	Homo sapiens		max	H1	catalogue host field	anellovirus_max_not_promoted	no	
MN770772	catalogue-max	TTV-like mini virus	Anelloviridae	Betatorquevirus	Homo sapiens		max	H1	catalogue host field	anellovirus_max_not_promoted	no	
MN770773	catalogue-max	TTV-like mini virus	Anelloviridae	Betatorquevirus	Homo sapiens		max	H1	catalogue host field	anellovirus_max_not_promoted	no	
MN770774	catalogue-max	TTV-like mini virus	Anelloviridae	Betatorquevirus	Homo sapiens		max	H1	catalogue host field	anellovirus_max_not_promoted	no	
MN770775	catalogue-max	TTV-like mini virus	Anelloviridae	Betatorquevirus	Homo sapiens		max	H1	catalogue host field	anellovirus_max_not_promoted	no	
MN770777	catalogue-max	TTV-like mini virus	Anelloviridae	Betatorquevirus	Homo sapiens		max	H1	catalogue host field	anellovirus_max_not_promoted	no	
MN770780	catalogue-max	TTV-like mini virus	Anelloviridae	Betatorquevirus	Homo sapiens		max	H1	catalogue host field	anellovirus_max_not_promoted	no	
MN770784	catalogue-max	TTV-like mini virus	Anelloviridae	Betatorquevirus	Homo sapiens		max	H1	catalogue host field	anellovirus_max_not_promoted	no	
MN770785	catalogue-max	TTV-like mini virus	Anelloviridae	Betatorquevirus	Homo sapiens		max	H1	catalogue host field	anellovirus_max_not_promoted	no	
MN770787	catalogue-max	TTV-like mini virus	Anelloviridae	Betatorquevirus	Homo sapiens		max	H1	catalogue host field	anellovirus_max_not_promoted	no	
MN770791	catalogue-max	TTV-like mini virus	Anelloviridae	Betatorquevirus	Homo sapiens		max	H1	catalogue host field	anellovirus_max_not_promoted	no	
MN770793	catalogue-max	TTV-like mini virus	Anelloviridae	Betatorquevirus	Homo sapiens		max	H1	catalogue host field	anellovirus_max_not_promoted	no	
MN770796	catalogue-max	TTV-like mini virus	Anelloviridae	Betatorquevirus	Homo sapiens		max	H1	catalogue host field	anellovirus_max_not_promoted	no	
MN770797	catalogue-max	TTV-like mini virus	Anelloviridae	Betatorquevirus	Homo sapiens		max	H1	catalogue host field	anellovirus_max_not_promoted	no	
MN770798	catalogue-max	TTV-like mini virus	Anelloviridae	Betatorquevirus	Homo sapiens		max	H1	catalogue host field	anellovirus_max_not_promoted	no	
MN770799	catalogue-max	TTV-like mini virus	Anelloviridae	Betatorquevirus	Homo sapiens		max	H1	catalogue host field	anellovirus_max_not_promoted	no	
MN770802	catalogue-max	TTV-like mini virus	Anelloviridae	Betatorquevirus	Homo sapiens		max	H1	catalogue host field	anellovirus_max_not_promoted	no	
MN770803	catalogue-max	TTV-like mini virus	Anelloviridae	Betatorquevirus	Homo sapiens		max	H1	catalogue host field	anellovirus_max_not_promoted	no	
MN770804	catalogue-max	TTV-like mini virus	Anelloviridae	Betatorquevirus	Homo sapiens		max	H1	catalogue host field	anellovirus_max_not_promoted	no	
MN770806	catalogue-max	TTV-like mini virus	Anelloviridae	Betatorquevirus	Homo sapiens		max	H1	catalogue host field	anellovirus_max_not_promoted	no	
MN770810	catalogue-max	TTV-like mini virus	Anelloviridae	Betatorquevirus	Homo sapiens		max	H1	catalogue host field	anellovirus_max_not_promoted	no	
MN770816	catalogue-max	TTV-like mini virus	Anelloviridae	Betatorquevirus	Homo sapiens		max	H1	catalogue host field	anellovirus_max_not_promoted	no	
MN770818	catalogue-max	TTV-like mini virus	Anelloviridae	Betatorquevirus	Homo sapiens		max	H1	catalogue host field	anellovirus_max_not_promoted	no	
MN770820	catalogue-max	TTV-like mini virus	Anelloviridae	Betatorquevirus	Homo sapiens		max	H1	catalogue host field	anellovirus_max_not_promoted	no	
MN770824	catalogue-max	TTV-like mini virus	Anelloviridae	Betatorquevirus	Homo sapiens		max	H1	catalogue host field	anellovirus_max_not_promoted	no	
MN770825	catalogue-max	TTV-like mini virus	Anelloviridae	Betatorquevirus	Homo sapiens		max	H1	catalogue host field	anellovirus_max_not_promoted	no	
MN770826	catalogue-max	TTV-like mini virus	Anelloviridae	Betatorquevirus	Homo sapiens		max	H1	catalogue host field	anellovirus_max_not_promoted	no	
MN770829	catalogue-max	TTV-like mini virus	Anelloviridae	Betatorquevirus	Homo sapiens		max	H1	catalogue host field	anellovirus_max_not_promoted	no	
MN770830	catalogue-max	TTV-like mini virus	Anelloviridae	Betatorquevirus	Homo sapiens		max	H1	catalogue host field	anellovirus_max_not_promoted	no	
MN770831	catalogue-max	TTV-like mini virus	Anelloviridae	Betatorquevirus	Homo sapiens		max	H1	catalogue host field	anellovirus_max_not_promoted	no	
MN770832	catalogue-max	TTV-like mini virus	Anelloviridae	Betatorquevirus	Homo sapiens		max	H1	catalogue host field	anellovirus_max_not_promoted	no	
MN770833	catalogue-max	TTV-like mini virus	Anelloviridae	Betatorquevirus	Homo sapiens		max	H1	catalogue host field	anellovirus_max_not_promoted	no	
MN770835	catalogue-max	TTV-like mini virus	Anelloviridae	Betatorquevirus	Homo sapiens		max	H1	catalogue host field	anellovirus_max_not_promoted	no	
MN770837	catalogue-max	TTV-like mini virus	Anelloviridae	Betatorquevirus	Homo sapiens		max	H1	catalogue host field	anellovirus_max_not_promoted	no	
MN770838	catalogue-max	TTV-like mini virus	Anelloviridae	Betatorquevirus	Homo sapiens		max	H1	catalogue host field	anellovirus_max_not_promoted	no	
MN770839	catalogue-max	TTV-like mini virus	Anelloviridae	Betatorquevirus	Homo sapiens		max	H1	catalogue host field	anellovirus_max_not_promoted	no	
MN770840	catalogue-max	TTV-like mini virus	Anelloviridae	Betatorquevirus	Homo sapiens		max	H1	catalogue host field	anellovirus_max_not_promoted	no	
MN770841	catalogue-max	TTV-like mini virus	Anelloviridae	Betatorquevirus	Homo sapiens		max	H1	catalogue host field	anellovirus_max_not_promoted	no	
MN770842	catalogue-max	TTV-like mini virus	Anelloviridae	Betatorquevirus	Homo sapiens		max	H1	catalogue host field	anellovirus_max_not_promoted	no	
MN770843	catalogue-max	TTV-like mini virus	Anelloviridae	Betatorquevirus	Homo sapiens		max	H1	catalogue host field	anellovirus_max_not_promoted	no	
MN770845	catalogue-max	TTV-like mini virus	Anelloviridae	Betatorquevirus	Homo sapiens		max	H1	catalogue host field	anellovirus_max_not_promoted	no	
MN770846	catalogue-max	TTV-like mini virus	Anelloviridae	Betatorquevirus	Homo sapiens		max	H1	catalogue host field	anellovirus_max_not_promoted	no	
MN770847	catalogue-max	TTV-like mini virus	Anelloviridae	Betatorquevirus	Homo sapiens		max	H1	catalogue host field	anellovirus_max_not_promoted	no	
MN770850	catalogue-max	TTV-like mini virus	Anelloviridae	Betatorquevirus	Homo sapiens		max	H1	catalogue host field	anellovirus_max_not_promoted	no	
MN770851	catalogue-max	TTV-like mini virus	Anelloviridae	Betatorquevirus	Homo sapiens		max	H1	catalogue host field	anellovirus_max_not_promoted	no	
MN770852	catalogue-max	TTV-like mini virus	Anelloviridae	Betatorquevirus	Homo sapiens		max	H1	catalogue host field	anellovirus_max_not_promoted	no	
MN770854	catalogue-max	TTV-like mini virus	Anelloviridae	Betatorquevirus	Homo sapiens		max	H1	catalogue host field	anellovirus_max_not_promoted	no	
MN770855	catalogue-max	TTV-like mini virus	Anelloviridae	Betatorquevirus	Homo sapiens		max	H1	catalogue host field	anellovirus_max_not_promoted	no	
MN770857	catalogue-max	TTV-like mini virus	Anelloviridae	Betatorquevirus	Homo sapiens		max	H1	catalogue host field	anellovirus_max_not_promoted	no	
MN770858	catalogue-max	TTV-like mini virus	Anelloviridae	Betatorquevirus	Homo sapiens		max	H1	catalogue host field	anellovirus_max_not_promoted	no	
MN770870	catalogue-max	TTV-like mini virus	Anelloviridae	Betatorquevirus	Homo sapiens		max	H1	catalogue host field	anellovirus_max_not_promoted	no	
MN770871	catalogue-max	TTV-like mini virus	Anelloviridae	Betatorquevirus	Homo sapiens		max	H1	catalogue host field	anellovirus_max_not_promoted	no	
MN770872	catalogue-max	TTV-like mini virus	Anelloviridae	Betatorquevirus	Homo sapiens		max	H1	catalogue host field	anellovirus_max_not_promoted	no	
MN770874	catalogue-max	TTV-like mini virus	Anelloviridae	Betatorquevirus	Homo sapiens		max	H1	catalogue host field	anellovirus_max_not_promoted	no	
MN770878	catalogue-max	TTV-like mini virus	Anelloviridae	Betatorquevirus	Homo sapiens		max	H1	catalogue host field	anellovirus_max_not_promoted	no	
MN770879	catalogue-max	TTV-like mini virus	Anelloviridae	Betatorquevirus	Homo sapiens		max	H1	catalogue host field	anellovirus_max_not_promoted	no	
MN770880	catalogue-max	TTV-like mini virus	Anelloviridae	Betatorquevirus	Homo sapiens		max	H1	catalogue host field	anellovirus_max_not_promoted	no	
MN770881	catalogue-max	TTV-like mini virus	Anelloviridae	Betatorquevirus	Homo sapiens		max	H1	catalogue host field	anellovirus_max_not_promoted	no	
MN770882	catalogue-max	TTV-like mini virus	Anelloviridae	Betatorquevirus	Homo sapiens		max	H1	catalogue host field	anellovirus_max_not_promoted	no	
MN770883	catalogue-max	TTV-like mini virus	Anelloviridae	Betatorquevirus	Homo sapiens		max	H1	catalogue host field	anellovirus_max_not_promoted	no	
MN770884	catalogue-max	TTV-like mini virus	Anelloviridae	Betatorquevirus	Homo sapiens		max	H1	catalogue host field	anellovirus_max_not_promoted	no	
MN770886	catalogue-max	TTV-like mini virus	Anelloviridae	Betatorquevirus	Homo sapiens		max	H1	catalogue host field	anellovirus_max_not_promoted	no	
MN770887	catalogue-max	TTV-like mini virus	Anelloviridae	Betatorquevirus	Homo sapiens		max	H1	catalogue host field	anellovirus_max_not_promoted	no	
MN770891	catalogue-max	TTV-like mini virus	Anelloviridae	Betatorquevirus	Homo sapiens		max	H1	catalogue host field	anellovirus_max_not_promoted	no	
MN770892	catalogue-max	TTV-like mini virus	Anelloviridae	Betatorquevirus	Homo sapiens		max	H1	catalogue host field	anellovirus_max_not_promoted	no	
MN770893	catalogue-max	TTV-like mini virus	Anelloviridae	Betatorquevirus	Homo sapiens		max	H1	catalogue host field	anellovirus_max_not_promoted	no	
MN770898	catalogue-max	TTV-like mini virus	Anelloviridae	Betatorquevirus	Homo sapiens		max	H1	catalogue host field	anellovirus_max_not_promoted	no	
MN770899	catalogue-max	TTV-like mini virus	Anelloviridae	Betatorquevirus	Homo sapiens		max	H1	catalogue host field	anellovirus_max_not_promoted	no	
MN770900	catalogue-max	TTV-like mini virus	Anelloviridae	Betatorquevirus	Homo sapiens		max	H1	catalogue host field	anellovirus_max_not_promoted	no	
MN770902	catalogue-max	TTV-like mini virus	Anelloviridae	Betatorquevirus	Homo sapiens		max	H1	catalogue host field	anellovirus_max_not_promoted	no	
MN770903	catalogue-max	TTV-like mini virus	Anelloviridae	Betatorquevirus	Homo sapiens		max	H1	catalogue host field	anellovirus_max_not_promoted	no	
MN770909	catalogue-max	TTV-like mini virus	Anelloviridae	Betatorquevirus	Homo sapiens		max	H1	catalogue host field	anellovirus_max_not_promoted	no	
MN770911	catalogue-max	TTV-like mini virus	Anelloviridae	Betatorquevirus	Homo sapiens		max	H1	catalogue host field	anellovirus_max_not_promoted	no	
MN770916	catalogue-max	TTV-like mini virus	Anelloviridae	Betatorquevirus	Homo sapiens		max	H1	catalogue host field	anellovirus_max_not_promoted	no	
MN770917	catalogue-max	TTV-like mini virus	Anelloviridae	Betatorquevirus	Homo sapiens		max	H1	catalogue host field	anellovirus_max_not_promoted	no	
MN770921	catalogue-max	TTV-like mini virus	Anelloviridae	Betatorquevirus	Homo sapiens		max	H1	catalogue host field	anellovirus_max_not_promoted	no	
MN770923	catalogue-max	TTV-like mini virus	Anelloviridae	Betatorquevirus	Homo sapiens		max	H1	catalogue host field	anellovirus_max_not_promoted	no	
MN770924	catalogue-max	TTV-like mini virus	Anelloviridae	Betatorquevirus	Homo sapiens		max	H1	catalogue host field	anellovirus_max_not_promoted	no	
MN770925	catalogue-max	TTV-like mini virus	Anelloviridae	Betatorquevirus	Homo sapiens		max	H1	catalogue host field	anellovirus_max_not_promoted	no	
MN770927	catalogue-max	TTV-like mini virus	Anelloviridae	Betatorquevirus	Homo sapiens		max	H1	catalogue host field	anellovirus_max_not_promoted	no	
MN770929	catalogue-max	TTV-like mini virus	Anelloviridae	Betatorquevirus	Homo sapiens		max	H1	catalogue host field	anellovirus_max_not_promoted	no	
MN770930	catalogue-max	TTV-like mini virus	Anelloviridae	Betatorquevirus	Homo sapiens		max	H1	catalogue host field	anellovirus_max_not_promoted	no	
MN770931	catalogue-max	TTV-like mini virus	Anelloviridae	Betatorquevirus	Homo sapiens		max	H1	catalogue host field	anellovirus_max_not_promoted	no	
MN770932	catalogue-max	TTV-like mini virus	Anelloviridae	Betatorquevirus	Homo sapiens		max	H1	catalogue host field	anellovirus_max_not_promoted	no	
MN770934	catalogue-max	TTV-like mini virus	Anelloviridae	Betatorquevirus	Homo sapiens		max	H1	catalogue host field	anellovirus_max_not_promoted	no	
MN770938	catalogue-max	TTV-like mini virus	Anelloviridae	Betatorquevirus	Homo sapiens		max	H1	catalogue host field	anellovirus_max_not_promoted	no	
MN770939	catalogue-max	TTV-like mini virus	Anelloviridae	Betatorquevirus	Homo sapiens		max	H1	catalogue host field	anellovirus_max_not_promoted	no	
MN770941	catalogue-max	TTV-like mini virus	Anelloviridae	Betatorquevirus	Homo sapiens		max	H1	catalogue host field	anellovirus_max_not_promoted	no	
MN770942	catalogue-max	TTV-like mini virus	Anelloviridae	Betatorquevirus	Homo sapiens		max	H1	catalogue host field	anellovirus_max_not_promoted	no	
MN770943	catalogue-max	TTV-like mini virus	Anelloviridae	Betatorquevirus	Homo sapiens		max	H1	catalogue host field	anellovirus_max_not_promoted	no	
MN770945	catalogue-max	TTV-like mini virus	Anelloviridae	Betatorquevirus	Homo sapiens		max	H1	catalogue host field	anellovirus_max_not_promoted	no	
MN770947	catalogue-max	TTV-like mini virus	Anelloviridae	Betatorquevirus	Homo sapiens		max	H1	catalogue host field	anellovirus_max_not_promoted	no	
MN770948	catalogue-max	TTV-like mini virus	Anelloviridae	Betatorquevirus	Homo sapiens		max	H1	catalogue host field	anellovirus_max_not_promoted	no	
MN770949	catalogue-max	TTV-like mini virus	Anelloviridae	Betatorquevirus	Homo sapiens		max	H1	catalogue host field	anellovirus_max_not_promoted	no	
MN770950	catalogue-max	TTV-like mini virus	Anelloviridae	Betatorquevirus	Homo sapiens		max	H1	catalogue host field	anellovirus_max_not_promoted	no	
MN770951	catalogue-max	TTV-like mini virus	Anelloviridae	Betatorquevirus	Homo sapiens		max	H1	catalogue host field	anellovirus_max_not_promoted	no	
MN770953	catalogue-max	TTV-like mini virus	Anelloviridae	Betatorquevirus	Homo sapiens		max	H1	catalogue host field	anellovirus_max_not_promoted	no	
MN770954	catalogue-max	TTV-like mini virus	Anelloviridae	Betatorquevirus	Homo sapiens		max	H1	catalogue host field	anellovirus_max_not_promoted	no	
MN770955	catalogue-max	TTV-like mini virus	Anelloviridae	Betatorquevirus	Homo sapiens		max	H1	catalogue host field	anellovirus_max_not_promoted	no	
MN770960	catalogue-max	TTV-like mini virus	Anelloviridae	Betatorquevirus	Homo sapiens		max	H1	catalogue host field	anellovirus_max_not_promoted	no	
MN770961	catalogue-max	TTV-like mini virus	Anelloviridae	Betatorquevirus	Homo sapiens		max	H1	catalogue host field	anellovirus_max_not_promoted	no	
MN770964	catalogue-max	TTV-like mini virus	Anelloviridae	Betatorquevirus	Homo sapiens		max	H1	catalogue host field	anellovirus_max_not_promoted	no	
MN770968	catalogue-max	TTV-like mini virus	Anelloviridae	Betatorquevirus	Homo sapiens		max	H1	catalogue host field	anellovirus_max_not_promoted	no	
MN770969	catalogue-max	TTV-like mini virus	Anelloviridae	Betatorquevirus	Homo sapiens		max	H1	catalogue host field	anellovirus_max_not_promoted	no	
MN770972	catalogue-max	TTV-like mini virus	Anelloviridae	Betatorquevirus	Homo sapiens		max	H1	catalogue host field	anellovirus_max_not_promoted	no	
MN770974	catalogue-max	TTV-like mini virus	Anelloviridae	Betatorquevirus	Homo sapiens		max	H1	catalogue host field	anellovirus_max_not_promoted	no	
MN770975	catalogue-max	TTV-like mini virus	Anelloviridae	Betatorquevirus	Homo sapiens		max	H1	catalogue host field	anellovirus_max_not_promoted	no	
MN770976	catalogue-max	TTV-like mini virus	Anelloviridae	Betatorquevirus	Homo sapiens		max	H1	catalogue host field	anellovirus_max_not_promoted	no	
MN770977	catalogue-max	TTV-like mini virus	Anelloviridae	Betatorquevirus	Homo sapiens		max	H1	catalogue host field	anellovirus_max_not_promoted	no	
MN770978	catalogue-max	TTV-like mini virus	Anelloviridae	Betatorquevirus	Homo sapiens		max	H1	catalogue host field	anellovirus_max_not_promoted	no	
MN770979	catalogue-max	TTV-like mini virus	Anelloviridae	Betatorquevirus	Homo sapiens		max	H1	catalogue host field	anellovirus_max_not_promoted	no	
MN770980	catalogue-max	TTV-like mini virus	Anelloviridae	Betatorquevirus	Homo sapiens		max	H1	catalogue host field	anellovirus_max_not_promoted	no	
MN770981	catalogue-max	TTV-like mini virus	Anelloviridae	Betatorquevirus	Homo sapiens		max	H1	catalogue host field	anellovirus_max_not_promoted	no	
MN770982	catalogue-max	TTV-like mini virus	Anelloviridae	Betatorquevirus	Homo sapiens		max	H1	catalogue host field	anellovirus_max_not_promoted	no	
MN770984	catalogue-max	TTV-like mini virus	Anelloviridae	Betatorquevirus	Homo sapiens		max	H1	catalogue host field	anellovirus_max_not_promoted	no	
MN770985	catalogue-max	TTV-like mini virus	Anelloviridae	Betatorquevirus	Homo sapiens		max	H1	catalogue host field	anellovirus_max_not_promoted	no	
MN770987	catalogue-max	TTV-like mini virus	Anelloviridae	Betatorquevirus	Homo sapiens		max	H1	catalogue host field	anellovirus_max_not_promoted	no	
MN770988	catalogue-max	TTV-like mini virus	Anelloviridae	Betatorquevirus	Homo sapiens		max	H1	catalogue host field	anellovirus_max_not_promoted	no	
MN770996	catalogue-max	TTV-like mini virus	Anelloviridae	Betatorquevirus	Homo sapiens		max	H1	catalogue host field	anellovirus_max_not_promoted	no	
MN770997	catalogue-max	TTV-like mini virus	Anelloviridae	Betatorquevirus	Homo sapiens		max	H1	catalogue host field	anellovirus_max_not_promoted	no	
MN770999	catalogue-max	TTV-like mini virus	Anelloviridae	Betatorquevirus	Homo sapiens		max	H1	catalogue host field	anellovirus_max_not_promoted	no	
MN771000	catalogue-max	TTV-like mini virus	Anelloviridae	Betatorquevirus	Homo sapiens		max	H1	catalogue host field	anellovirus_max_not_promoted	no	
MN771001	catalogue-max	TTV-like mini virus	Anelloviridae	Betatorquevirus	Homo sapiens		max	H1	catalogue host field	anellovirus_max_not_promoted	no	
MN771002	catalogue-max	TTV-like mini virus	Anelloviridae	Betatorquevirus	Homo sapiens		max	H1	catalogue host field	anellovirus_max_not_promoted	no	
MN771003	catalogue-max	TTV-like mini virus	Anelloviridae	Betatorquevirus	Homo sapiens		max	H1	catalogue host field	anellovirus_max_not_promoted	no	
MN771005	catalogue-max	TTV-like mini virus	Anelloviridae	Betatorquevirus	Homo sapiens		max	H1	catalogue host field	anellovirus_max_not_promoted	no	
MN771007	catalogue-max	TTV-like mini virus	Anelloviridae	Betatorquevirus	Homo sapiens		max	H1	catalogue host field	anellovirus_max_not_promoted	no	
MN771008	catalogue-max	TTV-like mini virus	Anelloviridae	Betatorquevirus	Homo sapiens		max	H1	catalogue host field	anellovirus_max_not_promoted	no	
MN771010	catalogue-max	TTV-like mini virus	Anelloviridae	Betatorquevirus	Homo sapiens		max	H1	catalogue host field	anellovirus_max_not_promoted	no	
MN771011	catalogue-max	TTV-like mini virus	Anelloviridae	Betatorquevirus	Homo sapiens		max	H1	catalogue host field	anellovirus_max_not_promoted	no	
MN771012	catalogue-max	TTV-like mini virus	Anelloviridae	Betatorquevirus	Homo sapiens		max	H1	catalogue host field	anellovirus_max_not_promoted	no	
MN771014	catalogue-max	TTV-like mini virus	Anelloviridae	Betatorquevirus	Homo sapiens		max	H1	catalogue host field	anellovirus_max_not_promoted	no	
MN771015	catalogue-max	TTV-like mini virus	Anelloviridae	Betatorquevirus	Homo sapiens		max	H1	catalogue host field	anellovirus_max_not_promoted	no	
MN771018	catalogue-max	TTV-like mini virus	Anelloviridae	Betatorquevirus	Homo sapiens		max	H1	catalogue host field	anellovirus_max_not_promoted	no	
MN771019	catalogue-max	TTV-like mini virus	Anelloviridae	Betatorquevirus	Homo sapiens		max	H1	catalogue host field	anellovirus_max_not_promoted	no	
MN771020	catalogue-max	TTV-like mini virus	Anelloviridae	Betatorquevirus	Homo sapiens		max	H1	catalogue host field	anellovirus_max_not_promoted	no	
MN771021	catalogue-max	TTV-like mini virus	Anelloviridae	Betatorquevirus	Homo sapiens		max	H1	catalogue host field	anellovirus_max_not_promoted	no	
MN771022	catalogue-max	TTV-like mini virus	Anelloviridae	Betatorquevirus	Homo sapiens		max	H1	catalogue host field	anellovirus_max_not_promoted	no	
MN771025	catalogue-max	TTV-like mini virus	Anelloviridae	Betatorquevirus	Homo sapiens		max	H1	catalogue host field	anellovirus_max_not_promoted	no	
MN771026	catalogue-max	TTV-like mini virus	Anelloviridae	Betatorquevirus	Homo sapiens		max	H1	catalogue host field	anellovirus_max_not_promoted	no	
MN771028	catalogue-max	TTV-like mini virus	Anelloviridae	Betatorquevirus	Homo sapiens		max	H1	catalogue host field	anellovirus_max_not_promoted	no	
MN771029	catalogue-max	TTV-like mini virus	Anelloviridae	Betatorquevirus	Homo sapiens		max	H1	catalogue host field	anellovirus_max_not_promoted	no	
MN771031	catalogue-max	TTV-like mini virus	Anelloviridae	Betatorquevirus	Homo sapiens		max	H1	catalogue host field	anellovirus_max_not_promoted	no	
MN771032	catalogue-max	TTV-like mini virus	Anelloviridae	Betatorquevirus	Homo sapiens		max	H1	catalogue host field	anellovirus_max_not_promoted	no	
MN771033	catalogue-max	TTV-like mini virus	Anelloviridae	Betatorquevirus	Homo sapiens		max	H1	catalogue host field	anellovirus_max_not_promoted	no	
MN771034	catalogue-max	TTV-like mini virus	Anelloviridae	Betatorquevirus	Homo sapiens		max	H1	catalogue host field	anellovirus_max_not_promoted	no	
MN771035	catalogue-max	TTV-like mini virus	Anelloviridae	Betatorquevirus	Homo sapiens		max	H1	catalogue host field	anellovirus_max_not_promoted	no	
MN771036	catalogue-max	TTV-like mini virus	Anelloviridae	Betatorquevirus	Homo sapiens		max	H1	catalogue host field	anellovirus_max_not_promoted	no	
MN771037	catalogue-max	TTV-like mini virus	Anelloviridae	Betatorquevirus	Homo sapiens		max	H1	catalogue host field	anellovirus_max_not_promoted	no	
MN771040	catalogue-max	TTV-like mini virus	Anelloviridae	Betatorquevirus	Homo sapiens		max	H1	catalogue host field	anellovirus_max_not_promoted	no	
MN771047	catalogue-max	TTV-like mini virus	Anelloviridae	Betatorquevirus	Homo sapiens		max	H1	catalogue host field	anellovirus_max_not_promoted	no	
MN771049	catalogue-max	TTV-like mini virus	Anelloviridae	Betatorquevirus	Homo sapiens		max	H1	catalogue host field	anellovirus_max_not_promoted	no	
MN771050	catalogue-max	TTV-like mini virus	Anelloviridae	Betatorquevirus	Homo sapiens		max	H1	catalogue host field	anellovirus_max_not_promoted	no	
MN771052	catalogue-max	TTV-like mini virus	Anelloviridae	Betatorquevirus	Homo sapiens		max	H1	catalogue host field	anellovirus_max_not_promoted	no	
MN771053	catalogue-max	TTV-like mini virus	Anelloviridae	Betatorquevirus	Homo sapiens		max	H1	catalogue host field	anellovirus_max_not_promoted	no	
MN771054	catalogue-max	TTV-like mini virus	Anelloviridae	Betatorquevirus	Homo sapiens		max	H1	catalogue host field	anellovirus_max_not_promoted	no	
MN771058	catalogue-max	TTV-like mini virus	Anelloviridae	Betatorquevirus	Homo sapiens		max	H1	catalogue host field	anellovirus_max_not_promoted	no	
MN771060	catalogue-max	TTV-like mini virus	Anelloviridae	Betatorquevirus	Homo sapiens		max	H1	catalogue host field	anellovirus_max_not_promoted	no	
MN771062	catalogue-max	TTV-like mini virus	Anelloviridae	Betatorquevirus	Homo sapiens		max	H1	catalogue host field	anellovirus_max_not_promoted	no	
MN771064	catalogue-max	TTV-like mini virus	Anelloviridae	Betatorquevirus	Homo sapiens		max	H1	catalogue host field	anellovirus_max_not_promoted	no	
MN771069	catalogue-max	TTV-like mini virus	Anelloviridae	Betatorquevirus	Homo sapiens		max	H1	catalogue host field	anellovirus_max_not_promoted	no	
MN771071	catalogue-max	TTV-like mini virus	Anelloviridae	Betatorquevirus	Homo sapiens		max	H1	catalogue host field	anellovirus_max_not_promoted	no	
MN771073	catalogue-max	TTV-like mini virus	Anelloviridae	Betatorquevirus	Homo sapiens		max	H1	catalogue host field	anellovirus_max_not_promoted	no	
MN771075	catalogue-max	TTV-like mini virus	Anelloviridae	Betatorquevirus	Homo sapiens		max	H1	catalogue host field	anellovirus_max_not_promoted	no	
MN771076	catalogue-max	TTV-like mini virus	Anelloviridae	Betatorquevirus	Homo sapiens		max	H1	catalogue host field	anellovirus_max_not_promoted	no	
MN771078	catalogue-max	TTV-like mini virus	Anelloviridae	Betatorquevirus	Homo sapiens		max	H1	catalogue host field	anellovirus_max_not_promoted	no	
MN771079	catalogue-max	TTV-like mini virus	Anelloviridae	Betatorquevirus	Homo sapiens		max	H1	catalogue host field	anellovirus_max_not_promoted	no	
MN771082	catalogue-max	TTV-like mini virus	Anelloviridae	Betatorquevirus	Homo sapiens		max	H1	catalogue host field	anellovirus_max_not_promoted	no	
MN771084	catalogue-max	TTV-like mini virus	Anelloviridae	Betatorquevirus	Homo sapiens		max	H1	catalogue host field	anellovirus_max_not_promoted	no	
MN771085	catalogue-max	TTV-like mini virus	Anelloviridae	Betatorquevirus	Homo sapiens		max	H1	catalogue host field	anellovirus_max_not_promoted	no	
MN771088	catalogue-max	TTV-like mini virus	Anelloviridae	Betatorquevirus	Homo sapiens		max	H1	catalogue host field	anellovirus_max_not_promoted	no	
MN771090	catalogue-max	TTV-like mini virus	Anelloviridae	Betatorquevirus	Homo sapiens		max	H1	catalogue host field	anellovirus_max_not_promoted	no	
MN771094	catalogue-max	TTV-like mini virus	Anelloviridae	Betatorquevirus	Homo sapiens		max	H1	catalogue host field	anellovirus_max_not_promoted	no	
MN771095	catalogue-max	TTV-like mini virus	Anelloviridae	Betatorquevirus	Homo sapiens		max	H1	catalogue host field	anellovirus_max_not_promoted	no	
MN771096	catalogue-max	TTV-like mini virus	Anelloviridae	Betatorquevirus	Homo sapiens		max	H1	catalogue host field	anellovirus_max_not_promoted	no	
MN771099	catalogue-max	TTV-like mini virus	Anelloviridae	Betatorquevirus	Homo sapiens		max	H1	catalogue host field	anellovirus_max_not_promoted	no	
MN771100	catalogue-max	TTV-like mini virus	Anelloviridae	Betatorquevirus	Homo sapiens		max	H1	catalogue host field	anellovirus_max_not_promoted	no	
MN771101	catalogue-max	TTV-like mini virus	Anelloviridae	Betatorquevirus	Homo sapiens		max	H1	catalogue host field	anellovirus_max_not_promoted	no	
MN771103	catalogue-max	TTV-like mini virus	Anelloviridae	Betatorquevirus	Homo sapiens		max	H1	catalogue host field	anellovirus_max_not_promoted	no	
MN771105	catalogue-max	TTV-like mini virus	Anelloviridae	Betatorquevirus	Homo sapiens		max	H1	catalogue host field	anellovirus_max_not_promoted	no	
MN771107	catalogue-max	TTV-like mini virus	Anelloviridae	Betatorquevirus	Homo sapiens		max	H1	catalogue host field	anellovirus_max_not_promoted	no	
MN771109	catalogue-max	TTV-like mini virus	Anelloviridae	Betatorquevirus	Homo sapiens		max	H1	catalogue host field	anellovirus_max_not_promoted	no	
MN771113	catalogue-max	TTV-like mini virus	Anelloviridae	Betatorquevirus	Homo sapiens		max	H1	catalogue host field	anellovirus_max_not_promoted	no	
MN771114	catalogue-max	TTV-like mini virus	Anelloviridae	Betatorquevirus	Homo sapiens		max	H1	catalogue host field	anellovirus_max_not_promoted	no	
MN771118	catalogue-max	TTV-like mini virus	Anelloviridae	Betatorquevirus	Homo sapiens		max	H1	catalogue host field	anellovirus_max_not_promoted	no	
MN771121	catalogue-max	TTV-like mini virus	Anelloviridae	Betatorquevirus	Homo sapiens		max	H1	catalogue host field	anellovirus_max_not_promoted	no	
MN771122	catalogue-max	TTV-like mini virus	Anelloviridae	Betatorquevirus	Homo sapiens		max	H1	catalogue host field	anellovirus_max_not_promoted	no	
MN771124	catalogue-max	TTV-like mini virus	Anelloviridae	Betatorquevirus	Homo sapiens		max	H1	catalogue host field	anellovirus_max_not_promoted	no	
MN771125	catalogue-max	TTV-like mini virus	Anelloviridae	Betatorquevirus	Homo sapiens		max	H1	catalogue host field	anellovirus_max_not_promoted	no	
MN771126	catalogue-max	TTV-like mini virus	Anelloviridae	Betatorquevirus	Homo sapiens		max	H1	catalogue host field	anellovirus_max_not_promoted	no	
MN771127	catalogue-max	TTV-like mini virus	Anelloviridae	Betatorquevirus	Homo sapiens		max	H1	catalogue host field	anellovirus_max_not_promoted	no	
MN771128	catalogue-max	TTV-like mini virus	Anelloviridae	Betatorquevirus	Homo sapiens		max	H1	catalogue host field	anellovirus_max_not_promoted	no	
MN771130	catalogue-max	TTV-like mini virus	Anelloviridae	Betatorquevirus	Homo sapiens		max	H1	catalogue host field	anellovirus_max_not_promoted	no	
MN771131	catalogue-max	TTV-like mini virus	Anelloviridae	Betatorquevirus	Homo sapiens		max	H1	catalogue host field	anellovirus_max_not_promoted	no	
MN771132	catalogue-max	TTV-like mini virus	Anelloviridae	Betatorquevirus	Homo sapiens		max	H1	catalogue host field	anellovirus_max_not_promoted	no	
MN771138	catalogue-max	TTV-like mini virus	Anelloviridae	Betatorquevirus	Homo sapiens		max	H1	catalogue host field	anellovirus_max_not_promoted	no	
MN771142	catalogue-max	TTV-like mini virus	Anelloviridae	Betatorquevirus	Homo sapiens		max	H1	catalogue host field	anellovirus_max_not_promoted	no	
MN771143	catalogue-max	TTV-like mini virus	Anelloviridae	Betatorquevirus	Homo sapiens		max	H1	catalogue host field	anellovirus_max_not_promoted	no	
MN771146	catalogue-max	TTV-like mini virus	Anelloviridae	Betatorquevirus	Homo sapiens		max	H1	catalogue host field	anellovirus_max_not_promoted	no	
MN771148	catalogue-max	TTV-like mini virus	Anelloviridae	Betatorquevirus	Homo sapiens		max	H1	catalogue host field	anellovirus_max_not_promoted	no	
MN771149	catalogue-max	TTV-like mini virus	Anelloviridae	Betatorquevirus	Homo sapiens		max	H1	catalogue host field	anellovirus_max_not_promoted	no	
MN771152	catalogue-max	TTV-like mini virus	Anelloviridae	Betatorquevirus	Homo sapiens		max	H1	catalogue host field	anellovirus_max_not_promoted	no	
MN771157	catalogue-max	TTV-like mini virus	Anelloviridae	Betatorquevirus	Homo sapiens		max	H1	catalogue host field	anellovirus_max_not_promoted	no	
MN771160	catalogue-max	TTV-like mini virus	Anelloviridae	Betatorquevirus	Homo sapiens		max	H1	catalogue host field	anellovirus_max_not_promoted	no	
MN771164	catalogue-max	TTV-like mini virus	Anelloviridae	Betatorquevirus	Homo sapiens		max	H1	catalogue host field	anellovirus_max_not_promoted	no	
MN771165	catalogue-max	TTV-like mini virus	Anelloviridae	Betatorquevirus	Homo sapiens		max	H1	catalogue host field	anellovirus_max_not_promoted	no	
MN771167	catalogue-max	TTV-like mini virus	Anelloviridae	Betatorquevirus	Homo sapiens		max	H1	catalogue host field	anellovirus_max_not_promoted	no	
MN771172	catalogue-max	TTV-like mini virus	Anelloviridae	Betatorquevirus	Homo sapiens		max	H1	catalogue host field	anellovirus_max_not_promoted	no	
MN771174	catalogue-max	TTV-like mini virus	Anelloviridae	Betatorquevirus	Homo sapiens		max	H1	catalogue host field	anellovirus_max_not_promoted	no	
MN771175	catalogue-max	TTV-like mini virus	Anelloviridae	Betatorquevirus	Homo sapiens		max	H1	catalogue host field	anellovirus_max_not_promoted	no	
MN771178	catalogue-max	TTV-like mini virus	Anelloviridae	Betatorquevirus	Homo sapiens		max	H1	catalogue host field	anellovirus_max_not_promoted	no	
MN771179	catalogue-max	TTV-like mini virus	Anelloviridae	Betatorquevirus	Homo sapiens		max	H1	catalogue host field	anellovirus_max_not_promoted	no	
MN771182	catalogue-max	TTV-like mini virus	Anelloviridae	Betatorquevirus	Homo sapiens		max	H1	catalogue host field	anellovirus_max_not_promoted	no	
MN771184	catalogue-max	TTV-like mini virus	Anelloviridae	Betatorquevirus	Homo sapiens		max	H1	catalogue host field	anellovirus_max_not_promoted	no	
MN771185	catalogue-max	TTV-like mini virus	Anelloviridae	Betatorquevirus	Homo sapiens		max	H1	catalogue host field	anellovirus_max_not_promoted	no	
MN771186	catalogue-max	TTV-like mini virus	Anelloviridae	Betatorquevirus	Homo sapiens		max	H1	catalogue host field	anellovirus_max_not_promoted	no	
MN771187	catalogue-max	TTV-like mini virus	Anelloviridae	Betatorquevirus	Homo sapiens		max	H1	catalogue host field	anellovirus_max_not_promoted	no	
MN771188	catalogue-max	TTV-like mini virus	Anelloviridae	Betatorquevirus	Homo sapiens		max	H1	catalogue host field	anellovirus_max_not_promoted	no	
MN771189	catalogue-max	TTV-like mini virus	Anelloviridae	Betatorquevirus	Homo sapiens		max	H1	catalogue host field	anellovirus_max_not_promoted	no	
MN771190	catalogue-max	TTV-like mini virus	Anelloviridae	Betatorquevirus	Homo sapiens		max	H1	catalogue host field	anellovirus_max_not_promoted	no	
MN771191	catalogue-max	TTV-like mini virus	Anelloviridae	Betatorquevirus	Homo sapiens		max	H1	catalogue host field	anellovirus_max_not_promoted	no	
MN771192	catalogue-max	TTV-like mini virus	Anelloviridae	Betatorquevirus	Homo sapiens		max	H1	catalogue host field	anellovirus_max_not_promoted	no	
MN771193	catalogue-max	TTV-like mini virus	Anelloviridae	Betatorquevirus	Homo sapiens		max	H1	catalogue host field	anellovirus_max_not_promoted	no	
MN771194	catalogue-max	TTV-like mini virus	Anelloviridae	Betatorquevirus	Homo sapiens		max	H1	catalogue host field	anellovirus_max_not_promoted	no	
MN771196	catalogue-max	TTV-like mini virus	Anelloviridae	Betatorquevirus	Homo sapiens		max	H1	catalogue host field	anellovirus_max_not_promoted	no	
MN771197	catalogue-max	TTV-like mini virus	Anelloviridae	Betatorquevirus	Homo sapiens		max	H1	catalogue host field	anellovirus_max_not_promoted	no	
MN771198	catalogue-max	TTV-like mini virus	Anelloviridae	Betatorquevirus	Homo sapiens		max	H1	catalogue host field	anellovirus_max_not_promoted	no	
MN771200	catalogue-max	TTV-like mini virus	Anelloviridae	Betatorquevirus	Homo sapiens		max	H1	catalogue host field	anellovirus_max_not_promoted	no	
MN771201	catalogue-max	TTV-like mini virus	Anelloviridae	Betatorquevirus	Homo sapiens		max	H1	catalogue host field	anellovirus_max_not_promoted	no	
MN771202	catalogue-max	TTV-like mini virus	Anelloviridae	Betatorquevirus	Homo sapiens		max	H1	catalogue host field	anellovirus_max_not_promoted	no	
MN771203	catalogue-max	TTV-like mini virus	Anelloviridae	Betatorquevirus	Homo sapiens		max	H1	catalogue host field	anellovirus_max_not_promoted	no	
MN771206	catalogue-max	TTV-like mini virus	Anelloviridae	Betatorquevirus	Homo sapiens		max	H1	catalogue host field	anellovirus_max_not_promoted	no	
MN771207	catalogue-max	TTV-like mini virus	Anelloviridae	Betatorquevirus	Homo sapiens		max	H1	catalogue host field	anellovirus_max_not_promoted	no	
MN771209	catalogue-max	TTV-like mini virus	Anelloviridae	Betatorquevirus	Homo sapiens		max	H1	catalogue host field	anellovirus_max_not_promoted	no	
MN771210	catalogue-max	TTV-like mini virus	Anelloviridae	Betatorquevirus	Homo sapiens		max	H1	catalogue host field	anellovirus_max_not_promoted	no	
MN771211	catalogue-max	TTV-like mini virus	Anelloviridae	Betatorquevirus	Homo sapiens		max	H1	catalogue host field	anellovirus_max_not_promoted	no	
MN771214	catalogue-max	TTV-like mini virus	Anelloviridae	Betatorquevirus	Homo sapiens		max	H1	catalogue host field	anellovirus_max_not_promoted	no	
MN771216	catalogue-max	TTV-like mini virus	Anelloviridae	Betatorquevirus	Homo sapiens		max	H1	catalogue host field	anellovirus_max_not_promoted	no	
MN771218	catalogue-max	TTV-like mini virus	Anelloviridae	Betatorquevirus	Homo sapiens		max	H1	catalogue host field	anellovirus_max_not_promoted	no	
MN771222	catalogue-max	TTV-like mini virus	Anelloviridae	Betatorquevirus	Homo sapiens		max	H1	catalogue host field	anellovirus_max_not_promoted	no	
MN771224	catalogue-max	TTV-like mini virus	Anelloviridae	Betatorquevirus	Homo sapiens		max	H1	catalogue host field	anellovirus_max_not_promoted	no	
MN771225	catalogue-max	TTV-like mini virus	Anelloviridae	Betatorquevirus	Homo sapiens		max	H1	catalogue host field	anellovirus_max_not_promoted	no	
MN771227	catalogue-max	TTV-like mini virus	Anelloviridae	Betatorquevirus	Homo sapiens		max	H1	catalogue host field	anellovirus_max_not_promoted	no	
MN771229	catalogue-max	TTV-like mini virus	Anelloviridae	Betatorquevirus	Homo sapiens		max	H1	catalogue host field	anellovirus_max_not_promoted	no	
MN771230	catalogue-max	TTV-like mini virus	Anelloviridae	Betatorquevirus	Homo sapiens		max	H1	catalogue host field	anellovirus_max_not_promoted	no	
MN771233	catalogue-max	TTV-like mini virus	Anelloviridae	Betatorquevirus	Homo sapiens		max	H1	catalogue host field	anellovirus_max_not_promoted	no	
MN771234	catalogue-max	TTV-like mini virus	Anelloviridae	Betatorquevirus	Homo sapiens		max	H1	catalogue host field	anellovirus_max_not_promoted	no	
MN771235	catalogue-max	TTV-like mini virus	Anelloviridae	Betatorquevirus	Homo sapiens		max	H1	catalogue host field	anellovirus_max_not_promoted	no	
MN771240	catalogue-max	TTV-like mini virus	Anelloviridae	Betatorquevirus	Homo sapiens		max	H1	catalogue host field	anellovirus_max_not_promoted	no	
MN771241	catalogue-max	TTV-like mini virus	Anelloviridae	Betatorquevirus	Homo sapiens		max	H1	catalogue host field	anellovirus_max_not_promoted	no	
MN771242	catalogue-max	TTV-like mini virus	Anelloviridae	Betatorquevirus	Homo sapiens		max	H1	catalogue host field	anellovirus_max_not_promoted	no	
MN771245	catalogue-max	TTV-like mini virus	Anelloviridae	Betatorquevirus	Homo sapiens		max	H1	catalogue host field	anellovirus_max_not_promoted	no	
MN771247	catalogue-max	TTV-like mini virus	Anelloviridae	Betatorquevirus	Homo sapiens		max	H1	catalogue host field	anellovirus_max_not_promoted	no	
MN771250	catalogue-max	TTV-like mini virus	Anelloviridae	Betatorquevirus	Homo sapiens		max	H1	catalogue host field	anellovirus_max_not_promoted	no	
MN771258	catalogue-max	TTV-like mini virus	Anelloviridae	Betatorquevirus	Homo sapiens		max	H1	catalogue host field	anellovirus_max_not_promoted	no	
MN771259	catalogue-max	TTV-like mini virus	Anelloviridae	Betatorquevirus	Homo sapiens		max	H1	catalogue host field	anellovirus_max_not_promoted	no	
MN771260	catalogue-max	TTV-like mini virus	Anelloviridae	Betatorquevirus	Homo sapiens		max	H1	catalogue host field	anellovirus_max_not_promoted	no	
MN771264	catalogue-max	TTV-like mini virus	Anelloviridae	Betatorquevirus	Homo sapiens		max	H1	catalogue host field	anellovirus_max_not_promoted	no	
MN771266	catalogue-max	TTV-like mini virus	Anelloviridae	Betatorquevirus	Homo sapiens		max	H1	catalogue host field	anellovirus_max_not_promoted	no	
MN771267	catalogue-max	TTV-like mini virus	Anelloviridae	Betatorquevirus	Homo sapiens		max	H1	catalogue host field	anellovirus_max_not_promoted	no	
MN771274	catalogue-max	TTV-like mini virus	Anelloviridae	Betatorquevirus	Homo sapiens		max	H1	catalogue host field	anellovirus_max_not_promoted	no	
MN771278	catalogue-max	TTV-like mini virus	Anelloviridae	Betatorquevirus	Homo sapiens		max	H1	catalogue host field	anellovirus_max_not_promoted	no	
MN771280	catalogue-max	TTV-like mini virus	Anelloviridae	Betatorquevirus	Homo sapiens		max	H1	catalogue host field	anellovirus_max_not_promoted	no	
MN771283	catalogue-max	TTV-like mini virus	Anelloviridae	Betatorquevirus	Homo sapiens		max	H1	catalogue host field	anellovirus_max_not_promoted	no	
MN771285	catalogue-max	TTV-like mini virus	Anelloviridae	Betatorquevirus	Homo sapiens		max	H1	catalogue host field	anellovirus_max_not_promoted	no	
MN771286	catalogue-max	TTV-like mini virus	Anelloviridae	Betatorquevirus	Homo sapiens		max	H1	catalogue host field	anellovirus_max_not_promoted	no	
MN771287	catalogue-max	TTV-like mini virus	Anelloviridae	Betatorquevirus	Homo sapiens		max	H1	catalogue host field	anellovirus_max_not_promoted	no	
MN771288	catalogue-max	TTV-like mini virus	Anelloviridae	Betatorquevirus	Homo sapiens		max	H1	catalogue host field	anellovirus_max_not_promoted	no	
MN771290	catalogue-max	TTV-like mini virus	Anelloviridae	Betatorquevirus	Homo sapiens		max	H1	catalogue host field	anellovirus_max_not_promoted	no	
MN771292	catalogue-max	TTV-like mini virus	Anelloviridae	Betatorquevirus	Homo sapiens		max	H1	catalogue host field	anellovirus_max_not_promoted	no	
MN771295	catalogue-max	TTV-like mini virus	Anelloviridae	Betatorquevirus	Homo sapiens		max	H1	catalogue host field	anellovirus_max_not_promoted	no	
MN771296	catalogue-max	TTV-like mini virus	Anelloviridae	Betatorquevirus	Homo sapiens		max	H1	catalogue host field	anellovirus_max_not_promoted	no	
MN771298	catalogue-max	TTV-like mini virus	Anelloviridae	Betatorquevirus	Homo sapiens		max	H1	catalogue host field	anellovirus_max_not_promoted	no	
MN771301	catalogue-max	TTV-like mini virus	Anelloviridae	Betatorquevirus	Homo sapiens		max	H1	catalogue host field	anellovirus_max_not_promoted	no	
MN771302	catalogue-max	TTV-like mini virus	Anelloviridae	Betatorquevirus	Homo sapiens		max	H1	catalogue host field	anellovirus_max_not_promoted	no	
MN771306	catalogue-max	TTV-like mini virus	Anelloviridae	Betatorquevirus	Homo sapiens		max	H1	catalogue host field	anellovirus_max_not_promoted	no	
MN771307	catalogue-max	TTV-like mini virus	Anelloviridae	Betatorquevirus	Homo sapiens		max	H1	catalogue host field	anellovirus_max_not_promoted	no	
MN771308	catalogue-max	TTV-like mini virus	Anelloviridae	Betatorquevirus	Homo sapiens		max	H1	catalogue host field	anellovirus_max_not_promoted	no	
MN771309	catalogue-max	TTV-like mini virus	Anelloviridae	Betatorquevirus	Homo sapiens		max	H1	catalogue host field	anellovirus_max_not_promoted	no	
MN771313	catalogue-max	TTV-like mini virus	Anelloviridae	Betatorquevirus	Homo sapiens		max	H1	catalogue host field	anellovirus_max_not_promoted	no	
MN771314	catalogue-max	TTV-like mini virus	Anelloviridae	Betatorquevirus	Homo sapiens		max	H1	catalogue host field	anellovirus_max_not_promoted	no	
MN771317	catalogue-max	TTV-like mini virus	Anelloviridae	Betatorquevirus	Homo sapiens		max	H1	catalogue host field	anellovirus_max_not_promoted	no	
MN771318	catalogue-max	TTV-like mini virus	Anelloviridae	Betatorquevirus	Homo sapiens		max	H1	catalogue host field	anellovirus_max_not_promoted	no	
MN771320	catalogue-max	TTV-like mini virus	Anelloviridae	Betatorquevirus	Homo sapiens		max	H1	catalogue host field	anellovirus_max_not_promoted	no	
MN771321	catalogue-max	TTV-like mini virus	Anelloviridae	Betatorquevirus	Homo sapiens		max	H1	catalogue host field	anellovirus_max_not_promoted	no	
MN771323	catalogue-max	TTV-like mini virus	Anelloviridae	Betatorquevirus	Homo sapiens		max	H1	catalogue host field	anellovirus_max_not_promoted	no	
MN771324	catalogue-max	TTV-like mini virus	Anelloviridae	Betatorquevirus	Homo sapiens		max	H1	catalogue host field	anellovirus_max_not_promoted	no	
MN771325	catalogue-max	TTV-like mini virus	Anelloviridae	Betatorquevirus	Homo sapiens		max	H1	catalogue host field	anellovirus_max_not_promoted	no	
MN771327	catalogue-max	TTV-like mini virus	Anelloviridae	Betatorquevirus	Homo sapiens		max	H1	catalogue host field	anellovirus_max_not_promoted	no	
MN771328	catalogue-max	TTV-like mini virus	Anelloviridae	Betatorquevirus	Homo sapiens		max	H1	catalogue host field	anellovirus_max_not_promoted	no	
MN771330	catalogue-max	TTV-like mini virus	Anelloviridae	Betatorquevirus	Homo sapiens		max	H1	catalogue host field	anellovirus_max_not_promoted	no	
MN771331	catalogue-max	TTV-like mini virus	Anelloviridae	Betatorquevirus	Homo sapiens		max	H1	catalogue host field	anellovirus_max_not_promoted	no	
MN771332	catalogue-max	TTV-like mini virus	Anelloviridae	Betatorquevirus	Homo sapiens		max	H1	catalogue host field	anellovirus_max_not_promoted	no	
MN771335	catalogue-max	TTV-like mini virus	Anelloviridae	Betatorquevirus	Homo sapiens		max	H1	catalogue host field	anellovirus_max_not_promoted	no	
MN771336	catalogue-max	TTV-like mini virus	Anelloviridae	Betatorquevirus	Homo sapiens		max	H1	catalogue host field	anellovirus_max_not_promoted	no	
MN771337	catalogue-max	TTV-like mini virus	Anelloviridae	Betatorquevirus	Homo sapiens		max	H1	catalogue host field	anellovirus_max_not_promoted	no	
MN771338	catalogue-max	TTV-like mini virus	Anelloviridae	Betatorquevirus	Homo sapiens		max	H1	catalogue host field	anellovirus_max_not_promoted	no	
MN771340	catalogue-max	TTV-like mini virus	Anelloviridae	Betatorquevirus	Homo sapiens		max	H1	catalogue host field	anellovirus_max_not_promoted	no	
MN771341	catalogue-max	TTV-like mini virus	Anelloviridae	Betatorquevirus	Homo sapiens		max	H1	catalogue host field	anellovirus_max_not_promoted	no	
MN771342	catalogue-max	TTV-like mini virus	Anelloviridae	Betatorquevirus	Homo sapiens		max	H1	catalogue host field	anellovirus_max_not_promoted	no	
MN771343	catalogue-max	TTV-like mini virus	Anelloviridae	Betatorquevirus	Homo sapiens		max	H1	catalogue host field	anellovirus_max_not_promoted	no	
MN771344	catalogue-max	TTV-like mini virus	Anelloviridae	Betatorquevirus	Homo sapiens		max	H1	catalogue host field	anellovirus_max_not_promoted	no	
MN771346	catalogue-max	TTV-like mini virus	Anelloviridae	Betatorquevirus	Homo sapiens		max	H1	catalogue host field	anellovirus_max_not_promoted	no	
MN771353	catalogue-max	TTV-like mini virus	Anelloviridae	Betatorquevirus	Homo sapiens		max	H1	catalogue host field	anellovirus_max_not_promoted	no	
MN771358	catalogue-max	TTV-like mini virus	Anelloviridae	Betatorquevirus	Homo sapiens		max	H1	catalogue host field	anellovirus_max_not_promoted	no	
MN771363	catalogue-max	TTV-like mini virus	Anelloviridae	Betatorquevirus	Homo sapiens		max	H1	catalogue host field	anellovirus_max_not_promoted	no	
MN771368	catalogue-max	TTV-like mini virus	Anelloviridae	Betatorquevirus	Homo sapiens		max	H1	catalogue host field	anellovirus_max_not_promoted	no	
MN771369	catalogue-max	TTV-like mini virus	Anelloviridae	Betatorquevirus	Homo sapiens		max	H1	catalogue host field	anellovirus_max_not_promoted	no	
MN771377	catalogue-max	TTV-like mini virus	Anelloviridae	Betatorquevirus	Homo sapiens		max	H1	catalogue host field	anellovirus_max_not_promoted	no	
MN771380	catalogue-max	TTV-like mini virus	Anelloviridae	Betatorquevirus	Homo sapiens		max	H1	catalogue host field	anellovirus_max_not_promoted	no	
MN771381	catalogue-max	TTV-like mini virus	Anelloviridae	Betatorquevirus	Homo sapiens		max	H1	catalogue host field	anellovirus_max_not_promoted	no	
MN771382	catalogue-max	TTV-like mini virus	Anelloviridae	Betatorquevirus	Homo sapiens		max	H1	catalogue host field	anellovirus_max_not_promoted	no	
MN771384	catalogue-max	TTV-like mini virus	Anelloviridae	Betatorquevirus	Homo sapiens		max	H1	catalogue host field	anellovirus_max_not_promoted	no	
MN771385	catalogue-max	TTV-like mini virus	Anelloviridae	Betatorquevirus	Homo sapiens		max	H1	catalogue host field	anellovirus_max_not_promoted	no	
MN771388	catalogue-max	TTV-like mini virus	Anelloviridae	Betatorquevirus	Homo sapiens		max	H1	catalogue host field	anellovirus_max_not_promoted	no	
MN771389	catalogue-max	TTV-like mini virus	Anelloviridae	Betatorquevirus	Homo sapiens		max	H1	catalogue host field	anellovirus_max_not_promoted	no	
MN771390	catalogue-max	TTV-like mini virus	Anelloviridae	Betatorquevirus	Homo sapiens		max	H1	catalogue host field	anellovirus_max_not_promoted	no	
MN771391	catalogue-max	TTV-like mini virus	Anelloviridae	Betatorquevirus	Homo sapiens		max	H1	catalogue host field	anellovirus_max_not_promoted	no	
MN771393	catalogue-max	TTV-like mini virus	Anelloviridae	Betatorquevirus	Homo sapiens		max	H1	catalogue host field	anellovirus_max_not_promoted	no	
MN771394	catalogue-max	TTV-like mini virus	Anelloviridae	Betatorquevirus	Homo sapiens		max	H1	catalogue host field	anellovirus_max_not_promoted	no	
MN771397	catalogue-max	TTV-like mini virus	Anelloviridae	Betatorquevirus	Homo sapiens		max	H1	catalogue host field	anellovirus_max_not_promoted	no	
MN771399	catalogue-max	TTV-like mini virus	Anelloviridae	Betatorquevirus	Homo sapiens		max	H1	catalogue host field	anellovirus_max_not_promoted	no	
MN771402	catalogue-max	TTV-like mini virus	Anelloviridae	Betatorquevirus	Homo sapiens		max	H1	catalogue host field	anellovirus_max_not_promoted	no	
MN771403	catalogue-max	TTV-like mini virus	Anelloviridae	Betatorquevirus	Homo sapiens		max	H1	catalogue host field	anellovirus_max_not_promoted	no	
MN771407	catalogue-max	TTV-like mini virus	Anelloviridae	Betatorquevirus	Homo sapiens		max	H1	catalogue host field	anellovirus_max_not_promoted	no	
MN771412	catalogue-max	TTV-like mini virus	Anelloviridae	Betatorquevirus	Homo sapiens		max	H1	catalogue host field	anellovirus_max_not_promoted	no	
MN771413	catalogue-max	TTV-like mini virus	Anelloviridae	Betatorquevirus	Homo sapiens		max	H1	catalogue host field	anellovirus_max_not_promoted	no	
MN771414	catalogue-max	TTV-like mini virus	Anelloviridae	Betatorquevirus	Homo sapiens		max	H1	catalogue host field	anellovirus_max_not_promoted	no	
MN771417	catalogue-max	TTV-like mini virus	Anelloviridae	Betatorquevirus	Homo sapiens		max	H1	catalogue host field	anellovirus_max_not_promoted	no	
MN771420	catalogue-max	TTV-like mini virus	Anelloviridae	Betatorquevirus	Homo sapiens		max	H1	catalogue host field	anellovirus_max_not_promoted	no	
MN771422	catalogue-max	TTV-like mini virus	Anelloviridae	Betatorquevirus	Homo sapiens		max	H1	catalogue host field	anellovirus_max_not_promoted	no	
MN771424	catalogue-max	TTV-like mini virus	Anelloviridae	Betatorquevirus	Homo sapiens		max	H1	catalogue host field	anellovirus_max_not_promoted	no	
MN771427	catalogue-max	TTV-like mini virus	Anelloviridae	Betatorquevirus	Homo sapiens		max	H1	catalogue host field	anellovirus_max_not_promoted	no	
MN771430	catalogue-max	TTV-like mini virus	Anelloviridae	Betatorquevirus	Homo sapiens		max	H1	catalogue host field	anellovirus_max_not_promoted	no	
MN771433	catalogue-max	TTV-like mini virus	Anelloviridae	Betatorquevirus	Homo sapiens		max	H1	catalogue host field	anellovirus_max_not_promoted	no	
MN771434	catalogue-max	TTV-like mini virus	Anelloviridae	Betatorquevirus	Homo sapiens		max	H1	catalogue host field	anellovirus_max_not_promoted	no	
MN771435	catalogue-max	TTV-like mini virus	Anelloviridae	Betatorquevirus	Homo sapiens		max	H1	catalogue host field	anellovirus_max_not_promoted	no	
MN771436	catalogue-max	TTV-like mini virus	Anelloviridae	Betatorquevirus	Homo sapiens		max	H1	catalogue host field	anellovirus_max_not_promoted	no	
MN771437	catalogue-max	TTV-like mini virus	Anelloviridae	Betatorquevirus	Homo sapiens		max	H1	catalogue host field	anellovirus_max_not_promoted	no	
MN771440	catalogue-max	TTV-like mini virus	Anelloviridae	Betatorquevirus	Homo sapiens		max	H1	catalogue host field	anellovirus_max_not_promoted	no	
MN771441	catalogue-max	TTV-like mini virus	Anelloviridae	Betatorquevirus	Homo sapiens		max	H1	catalogue host field	anellovirus_max_not_promoted	no	
MN771442	catalogue-max	TTV-like mini virus	Anelloviridae	Betatorquevirus	Homo sapiens		max	H1	catalogue host field	anellovirus_max_not_promoted	no	
MN771446	catalogue-max	TTV-like mini virus	Anelloviridae	Betatorquevirus	Homo sapiens		max	H1	catalogue host field	anellovirus_max_not_promoted	no	
MN771448	catalogue-max	TTV-like mini virus	Anelloviridae	Betatorquevirus	Homo sapiens		max	H1	catalogue host field	anellovirus_max_not_promoted	no	
MN771449	catalogue-max	TTV-like mini virus	Anelloviridae	Betatorquevirus	Homo sapiens		max	H1	catalogue host field	anellovirus_max_not_promoted	no	
MN771451	catalogue-max	TTV-like mini virus	Anelloviridae	Betatorquevirus	Homo sapiens		max	H1	catalogue host field	anellovirus_max_not_promoted	no	
MN771454	catalogue-max	TTV-like mini virus	Anelloviridae	Betatorquevirus	Homo sapiens		max	H1	catalogue host field	anellovirus_max_not_promoted	no	
MN771458	catalogue-max	TTV-like mini virus	Anelloviridae	Betatorquevirus	Homo sapiens		max	H1	catalogue host field	anellovirus_max_not_promoted	no	
MN771462	catalogue-max	TTV-like mini virus	Anelloviridae	Betatorquevirus	Homo sapiens		max	H1	catalogue host field	anellovirus_max_not_promoted	no	
MN771463	catalogue-max	TTV-like mini virus	Anelloviridae	Betatorquevirus	Homo sapiens		max	H1	catalogue host field	anellovirus_max_not_promoted	no	
MN771467	catalogue-max	TTV-like mini virus	Anelloviridae	Betatorquevirus	Homo sapiens		max	H1	catalogue host field	anellovirus_max_not_promoted	no	
MN771469	catalogue-max	TTV-like mini virus	Anelloviridae	Betatorquevirus	Homo sapiens		max	H1	catalogue host field	anellovirus_max_not_promoted	no	
MN771473	catalogue-max	TTV-like mini virus	Anelloviridae	Betatorquevirus	Homo sapiens		max	H1	catalogue host field	anellovirus_max_not_promoted	no	
MN771475	catalogue-max	TTV-like mini virus	Anelloviridae	Betatorquevirus	Homo sapiens		max	H1	catalogue host field	anellovirus_max_not_promoted	no	
MN771476	catalogue-max	TTV-like mini virus	Anelloviridae	Betatorquevirus	Homo sapiens		max	H1	catalogue host field	anellovirus_max_not_promoted	no	
MN771477	catalogue-max	TTV-like mini virus	Anelloviridae	Betatorquevirus	Homo sapiens		max	H1	catalogue host field	anellovirus_max_not_promoted	no	
MN771478	catalogue-max	TTV-like mini virus	Anelloviridae	Betatorquevirus	Homo sapiens		max	H1	catalogue host field	anellovirus_max_not_promoted	no	
MN771480	catalogue-max	TTV-like mini virus	Anelloviridae	Betatorquevirus	Homo sapiens		max	H1	catalogue host field	anellovirus_max_not_promoted	no	
MN771482	catalogue-max	TTV-like mini virus	Anelloviridae	Betatorquevirus	Homo sapiens		max	H1	catalogue host field	anellovirus_max_not_promoted	no	
MN771483	catalogue-max	TTV-like mini virus	Anelloviridae	Betatorquevirus	Homo sapiens		max	H1	catalogue host field	anellovirus_max_not_promoted	no	
MN771484	catalogue-max	TTV-like mini virus	Anelloviridae	Betatorquevirus	Homo sapiens		max	H1	catalogue host field	anellovirus_max_not_promoted	no	
MN771485	catalogue-max	TTV-like mini virus	Anelloviridae	Betatorquevirus	Homo sapiens		max	H1	catalogue host field	anellovirus_max_not_promoted	no	
MN771487	catalogue-max	TTV-like mini virus	Anelloviridae	Betatorquevirus	Homo sapiens		max	H1	catalogue host field	anellovirus_max_not_promoted	no	
MN771488	catalogue-max	TTV-like mini virus	Anelloviridae	Betatorquevirus	Homo sapiens		max	H1	catalogue host field	anellovirus_max_not_promoted	no	
MN771489	catalogue-max	TTV-like mini virus	Anelloviridae	Betatorquevirus	Homo sapiens		max	H1	catalogue host field	anellovirus_max_not_promoted	no	
MN771490	catalogue-max	TTV-like mini virus	Anelloviridae	Betatorquevirus	Homo sapiens		max	H1	catalogue host field	anellovirus_max_not_promoted	no	
MN771491	catalogue-max	TTV-like mini virus	Anelloviridae	Betatorquevirus	Homo sapiens		max	H1	catalogue host field	anellovirus_max_not_promoted	no	
MN771492	catalogue-max	TTV-like mini virus	Anelloviridae	Betatorquevirus	Homo sapiens		max	H1	catalogue host field	anellovirus_max_not_promoted	no	
MN771493	catalogue-max	TTV-like mini virus	Anelloviridae	Betatorquevirus	Homo sapiens		max	H1	catalogue host field	anellovirus_max_not_promoted	no	
MN771494	catalogue-max	TTV-like mini virus	Anelloviridae	Betatorquevirus	Homo sapiens		max	H1	catalogue host field	anellovirus_max_not_promoted	no	
MN771497	catalogue-max	TTV-like mini virus	Anelloviridae	Betatorquevirus	Homo sapiens		max	H1	catalogue host field	anellovirus_max_not_promoted	no	
MN771498	catalogue-max	TTV-like mini virus	Anelloviridae	Betatorquevirus	Homo sapiens		max	H1	catalogue host field	anellovirus_max_not_promoted	no	
MN771502	catalogue-max	TTV-like mini virus	Anelloviridae	Betatorquevirus	Homo sapiens		max	H1	catalogue host field	anellovirus_max_not_promoted	no	
MN771503	catalogue-max	TTV-like mini virus	Anelloviridae	Betatorquevirus	Homo sapiens		max	H1	catalogue host field	anellovirus_max_not_promoted	no	
MN771506	catalogue-max	TTV-like mini virus	Anelloviridae	Betatorquevirus	Homo sapiens		max	H1	catalogue host field	anellovirus_max_not_promoted	no	
MN771507	catalogue-max	TTV-like mini virus	Anelloviridae	Betatorquevirus	Homo sapiens		max	H1	catalogue host field	anellovirus_max_not_promoted	no	
MN771508	catalogue-max	TTV-like mini virus	Anelloviridae	Betatorquevirus	Homo sapiens		max	H1	catalogue host field	anellovirus_max_not_promoted	no	
MN771509	catalogue-max	TTV-like mini virus	Anelloviridae	Betatorquevirus	Homo sapiens		max	H1	catalogue host field	anellovirus_max_not_promoted	no	
MN771512	catalogue-max	TTV-like mini virus	Anelloviridae	Betatorquevirus	Homo sapiens		max	H1	catalogue host field	anellovirus_max_not_promoted	no	
MN771513	catalogue-max	TTV-like mini virus	Anelloviridae	Betatorquevirus	Homo sapiens		max	H1	catalogue host field	anellovirus_max_not_promoted	no	
MN774931	catalogue-max	Torque teno midi virus	Anelloviridae		Homo sapiens		max	H1	catalogue host field	anellovirus_max_not_promoted	no	
MN774946	catalogue-max	Torque teno midi virus	Anelloviridae		Homo sapiens		max	H1	catalogue host field	anellovirus_max_not_promoted	no	
MN774957	catalogue-max	Torque teno midi virus	Anelloviridae		Homo sapiens		max	H1	catalogue host field	anellovirus_max_not_promoted	no	
MN774960	catalogue-max	Torque teno midi virus	Anelloviridae		Homo sapiens		max	H1	catalogue host field	anellovirus_max_not_promoted	no	
MN774979	catalogue-max	Torque teno midi virus	Anelloviridae		Homo sapiens		max	H1	catalogue host field	anellovirus_max_not_promoted	no	
MN774982	catalogue-max	Torque teno midi virus	Anelloviridae		Homo sapiens		max	H1	catalogue host field	anellovirus_max_not_promoted	no	
MN774983	catalogue-max	Torque teno midi virus	Anelloviridae		Homo sapiens		max	H1	catalogue host field	anellovirus_max_not_promoted	no	
MT501645	catalogue-max	TT virus cya/2019	Anelloviridae		Homo sapiens		max	H1	catalogue host field	anellovirus_max_not_promoted	no	
MT501652	catalogue-max	TT virus cyc/2019	Anelloviridae		Homo sapiens		max	H1	catalogue host field	anellovirus_max_not_promoted	no	
MT501653	catalogue-max	Anellovirus cyc/2019	Anelloviridae		Homo sapiens		max	H1	catalogue host field	anellovirus_max_not_promoted	no	
MT783407	catalogue-max	Torque teno virus	Anelloviridae		Homo sapiens		max	H1	catalogue host field	anellovirus_max_not_promoted	no	
MW455345	catalogue-max	Anelloviridae sp.	Anelloviridae		Homo sapiens		max	H1	catalogue host field	anellovirus_max_not_promoted	no	
MW455350	catalogue-max	Anelloviridae sp.	Anelloviridae		Homo sapiens		max	H1	catalogue host field	anellovirus_max_not_promoted	no	
MW455353	catalogue-max	Anelloviridae sp.	Anelloviridae		Homo sapiens		max	H1	catalogue host field	anellovirus_max_not_promoted	no	
MW455355	catalogue-max	Anelloviridae sp.	Anelloviridae		Homo sapiens		max	H1	catalogue host field	anellovirus_max_not_promoted	no	
MW455356	catalogue-max	Anelloviridae sp.	Anelloviridae		Homo sapiens		max	H1	catalogue host field	anellovirus_max_not_promoted	no	
MW455357	catalogue-max	Anelloviridae sp.	Anelloviridae		Homo sapiens		max	H1	catalogue host field	anellovirus_max_not_promoted	no	
MW455360	catalogue-max	Anelloviridae sp.	Anelloviridae		Homo sapiens		max	H1	catalogue host field	anellovirus_max_not_promoted	no	
MW455366	catalogue-max	Anelloviridae sp.	Anelloviridae		Homo sapiens		max	H1	catalogue host field	anellovirus_max_not_promoted	no	
MW455367	catalogue-max	Anelloviridae sp.	Anelloviridae		Homo sapiens		max	H1	catalogue host field	anellovirus_max_not_promoted	no	
MW455370	catalogue-max	Anelloviridae sp.	Anelloviridae		Homo sapiens		max	H1	catalogue host field	anellovirus_max_not_promoted	no	
MW455371	catalogue-max	Anelloviridae sp.	Anelloviridae		Homo sapiens		max	H1	catalogue host field	anellovirus_max_not_promoted	no	
MW455372	catalogue-max	Anelloviridae sp.	Anelloviridae		Homo sapiens		max	H1	catalogue host field	anellovirus_max_not_promoted	no	
MW455374	catalogue-max	Anelloviridae sp.	Anelloviridae		Homo sapiens		max	H1	catalogue host field	anellovirus_max_not_promoted	no	
MW455376	catalogue-max	Anelloviridae sp.	Anelloviridae		Homo sapiens		max	H1	catalogue host field	anellovirus_max_not_promoted	no	
MW455377	catalogue-max	Anelloviridae sp.	Anelloviridae		Homo sapiens		max	H1	catalogue host field	anellovirus_max_not_promoted	no	
MW455379	catalogue-max	Anelloviridae sp.	Anelloviridae		Homo sapiens		max	H1	catalogue host field	anellovirus_max_not_promoted	no	
MW455396	catalogue-max	Anelloviridae sp.	Anelloviridae		Homo sapiens		max	H1	catalogue host field	anellovirus_max_not_promoted	no	
MW455404	catalogue-max	Anelloviridae sp.	Anelloviridae		Homo sapiens		max	H1	catalogue host field	anellovirus_max_not_promoted	no	
MW455412	catalogue-max	Anelloviridae sp.	Anelloviridae		Homo sapiens		max	H1	catalogue host field	anellovirus_max_not_promoted	no	
MW455415	catalogue-max	Anelloviridae sp.	Anelloviridae		Homo sapiens		max	H1	catalogue host field	anellovirus_max_not_promoted	no	
MW455418	catalogue-max	Anelloviridae sp.	Anelloviridae		Homo sapiens		max	H1	catalogue host field	anellovirus_max_not_promoted	no	
MW455424	catalogue-max	Anelloviridae sp.	Anelloviridae		Homo sapiens		max	H1	catalogue host field	anellovirus_max_not_promoted	no	
MW455433	catalogue-max	Anelloviridae sp.	Anelloviridae		Homo sapiens		max	H1	catalogue host field	anellovirus_max_not_promoted	no	
MW455437	catalogue-max	Anelloviridae sp.	Anelloviridae		Homo sapiens		max	H1	catalogue host field	anellovirus_max_not_promoted	no	
MW455441	catalogue-max	Anelloviridae sp.	Anelloviridae		Homo sapiens		max	H1	catalogue host field	anellovirus_max_not_promoted	no	
MW455443	catalogue-max	Anelloviridae sp.	Anelloviridae		Homo sapiens		max	H1	catalogue host field	anellovirus_max_not_promoted	no	
MW455447	catalogue-max	Anelloviridae sp.	Anelloviridae		Homo sapiens		max	H1	catalogue host field	anellovirus_max_not_promoted	no	
MW455449	catalogue-max	Anelloviridae sp.	Anelloviridae		Homo sapiens		max	H1	catalogue host field	anellovirus_max_not_promoted	no	
MZ285965	catalogue-max	Anelloviridae sp.	Anelloviridae		Homo sapiens		max	H1	catalogue host field	anellovirus_max_not_promoted	no	
MZ285968	catalogue-max	Anelloviridae sp.	Anelloviridae		Homo sapiens		max	H1	catalogue host field	anellovirus_max_not_promoted	no	
MZ285970	catalogue-max	Anelloviridae sp.	Anelloviridae		Homo sapiens		max	H1	catalogue host field	anellovirus_max_not_promoted	no	
MZ285972	catalogue-max	Anelloviridae sp.	Anelloviridae		Homo sapiens		max	H1	catalogue host field	anellovirus_max_not_promoted	no	
MZ285974	catalogue-max	Anelloviridae sp.	Anelloviridae		Homo sapiens		max	H1	catalogue host field	anellovirus_max_not_promoted	no	
MZ285975	catalogue-max	Anelloviridae sp.	Anelloviridae		Homo sapiens		max	H1	catalogue host field	anellovirus_max_not_promoted	no	
MZ285977	catalogue-max	Anelloviridae sp.	Anelloviridae		Homo sapiens		max	H1	catalogue host field	anellovirus_max_not_promoted	no	
MZ285980	catalogue-max	Anelloviridae sp.	Anelloviridae		Homo sapiens		max	H1	catalogue host field	anellovirus_max_not_promoted	no	
MZ285981	catalogue-max	Anelloviridae sp.	Anelloviridae		Homo sapiens		max	H1	catalogue host field	anellovirus_max_not_promoted	no	
MZ285988	catalogue-max	Anelloviridae sp.	Anelloviridae		Homo sapiens		max	H1	catalogue host field	anellovirus_max_not_promoted	no	
MZ285993	catalogue-max	Anelloviridae sp.	Anelloviridae		Homo sapiens		max	H1	catalogue host field	anellovirus_max_not_promoted	no	
MZ285995	catalogue-max	Anelloviridae sp.	Anelloviridae		Homo sapiens		max	H1	catalogue host field	anellovirus_max_not_promoted	no	
MZ286010	catalogue-max	Anelloviridae sp.	Anelloviridae		Homo sapiens		max	H1	catalogue host field	anellovirus_max_not_promoted	no	
MZ286012	catalogue-max	Anelloviridae sp.	Anelloviridae		Homo sapiens		max	H1	catalogue host field	anellovirus_max_not_promoted	no	
MZ286013	catalogue-max	Anelloviridae sp.	Anelloviridae		Homo sapiens		max	H1	catalogue host field	anellovirus_max_not_promoted	no	
MZ286016	catalogue-max	Anelloviridae sp.	Anelloviridae		Homo sapiens		max	H1	catalogue host field	anellovirus_max_not_promoted	no	
MZ286028	catalogue-max	Anelloviridae sp.	Anelloviridae		Homo sapiens		max	H1	catalogue host field	anellovirus_max_not_promoted	no	
MZ286029	catalogue-max	Anelloviridae sp.	Anelloviridae		Homo sapiens		max	H1	catalogue host field	anellovirus_max_not_promoted	no	
MZ286030	catalogue-max	Anelloviridae sp.	Anelloviridae		Homo sapiens		max	H1	catalogue host field	anellovirus_max_not_promoted	no	
MZ286035	catalogue-max	Anelloviridae sp.	Anelloviridae		Homo sapiens		max	H1	catalogue host field	anellovirus_max_not_promoted	no	
MZ286045	catalogue-max	Anelloviridae sp.	Anelloviridae		Homo sapiens		max	H1	catalogue host field	anellovirus_max_not_promoted	no	
MZ286049	catalogue-max	Anelloviridae sp.	Anelloviridae		Homo sapiens		max	H1	catalogue host field	anellovirus_max_not_promoted	no	
MZ286051	catalogue-max	Anelloviridae sp.	Anelloviridae		Homo sapiens		max	H1	catalogue host field	anellovirus_max_not_promoted	no	
MZ286066	catalogue-max	Anelloviridae sp.	Anelloviridae		Homo sapiens		max	H1	catalogue host field	anellovirus_max_not_promoted	no	
MZ286073	catalogue-max	Anelloviridae sp.	Anelloviridae		Homo sapiens		max	H1	catalogue host field	anellovirus_max_not_promoted	no	
MZ286075	catalogue-max	Anelloviridae sp.	Anelloviridae		Homo sapiens		max	H1	catalogue host field	anellovirus_max_not_promoted	no	
MZ286077	catalogue-max	Anelloviridae sp.	Anelloviridae		Homo sapiens		max	H1	catalogue host field	anellovirus_max_not_promoted	no	
MZ286078	catalogue-max	Anelloviridae sp.	Anelloviridae		Homo sapiens		max	H1	catalogue host field	anellovirus_max_not_promoted	no	
MZ286079	catalogue-max	Anelloviridae sp.	Anelloviridae		Homo sapiens		max	H1	catalogue host field	anellovirus_max_not_promoted	no	
MZ286080	catalogue-max	Anelloviridae sp.	Anelloviridae		Homo sapiens		max	H1	catalogue host field	anellovirus_max_not_promoted	no	
MZ286103	catalogue-max	Anelloviridae sp.	Anelloviridae		Homo sapiens		max	H1	catalogue host field	anellovirus_max_not_promoted	no	
MZ286119	catalogue-max	Anelloviridae sp.	Anelloviridae		Homo sapiens		max	H1	catalogue host field	anellovirus_max_not_promoted	no	
MZ286121	catalogue-max	Anelloviridae sp.	Anelloviridae		Homo sapiens		max	H1	catalogue host field	anellovirus_max_not_promoted	no	
MZ286123	catalogue-max	Anelloviridae sp.	Anelloviridae		Homo sapiens		max	H1	catalogue host field	anellovirus_max_not_promoted	no	
MZ286125	catalogue-max	Anelloviridae sp.	Anelloviridae		Homo sapiens		max	H1	catalogue host field	anellovirus_max_not_promoted	no	
MZ286126	catalogue-max	Anelloviridae sp.	Anelloviridae		Homo sapiens		max	H1	catalogue host field	anellovirus_max_not_promoted	no	
MZ286129	catalogue-max	Anelloviridae sp.	Anelloviridae		Homo sapiens		max	H1	catalogue host field	anellovirus_max_not_promoted	no	
MZ286131	catalogue-max	Anelloviridae sp.	Anelloviridae		Homo sapiens		max	H1	catalogue host field	anellovirus_max_not_promoted	no	
MZ286132	catalogue-max	Anelloviridae sp.	Anelloviridae		Homo sapiens		max	H1	catalogue host field	anellovirus_max_not_promoted	no	
MZ286135	catalogue-max	Anelloviridae sp.	Anelloviridae		Homo sapiens		max	H1	catalogue host field	anellovirus_max_not_promoted	no	
MZ286139	catalogue-max	Anelloviridae sp.	Anelloviridae		Homo sapiens		max	H1	catalogue host field	anellovirus_max_not_promoted	no	
MZ286145	catalogue-max	Anelloviridae sp.	Anelloviridae		Homo sapiens		max	H1	catalogue host field	anellovirus_max_not_promoted	no	
MZ286146	catalogue-max	Anelloviridae sp.	Anelloviridae		Homo sapiens		max	H1	catalogue host field	anellovirus_max_not_promoted	no	
MZ286162	catalogue-max	Anelloviridae sp.	Anelloviridae		Homo sapiens		max	H1	catalogue host field	anellovirus_max_not_promoted	no	
MZ286169	catalogue-max	Anelloviridae sp.	Anelloviridae		Homo sapiens		max	H1	catalogue host field	anellovirus_max_not_promoted	no	
MZ286178	catalogue-max	Anelloviridae sp.	Anelloviridae		Homo sapiens		max	H1	catalogue host field	anellovirus_max_not_promoted	no	
MZ286179	catalogue-max	Anelloviridae sp.	Anelloviridae		Homo sapiens		max	H1	catalogue host field	anellovirus_max_not_promoted	no	
MZ286189	catalogue-max	Anelloviridae sp.	Anelloviridae		Homo sapiens		max	H1	catalogue host field	anellovirus_max_not_promoted	no	
MZ286208	catalogue-max	Anelloviridae sp.	Anelloviridae		Homo sapiens		max	H1	catalogue host field	anellovirus_max_not_promoted	no	
MZ286211	catalogue-max	Anelloviridae sp.	Anelloviridae		Homo sapiens		max	H1	catalogue host field	anellovirus_max_not_promoted	no	
MZ286212	catalogue-max	Anelloviridae sp.	Anelloviridae		Homo sapiens		max	H1	catalogue host field	anellovirus_max_not_promoted	no	
MZ286216	catalogue-max	Anelloviridae sp.	Anelloviridae		Homo sapiens		max	H1	catalogue host field	anellovirus_max_not_promoted	no	
MZ286227	catalogue-max	Anelloviridae sp.	Anelloviridae		Homo sapiens		max	H1	catalogue host field	anellovirus_max_not_promoted	no	
MZ286232	catalogue-max	Anelloviridae sp.	Anelloviridae		Homo sapiens		max	H1	catalogue host field	anellovirus_max_not_promoted	no	
MZ286235	catalogue-max	Anelloviridae sp.	Anelloviridae		Homo sapiens		max	H1	catalogue host field	anellovirus_max_not_promoted	no	
MZ286251	catalogue-max	Anelloviridae sp.	Anelloviridae		Homo sapiens		max	H1	catalogue host field	anellovirus_max_not_promoted	no	
MZ286261	catalogue-max	Anelloviridae sp.	Anelloviridae		Homo sapiens		max	H1	catalogue host field	anellovirus_max_not_promoted	no	
MZ286283	catalogue-max	Anelloviridae sp.	Anelloviridae		Homo sapiens		max	H1	catalogue host field	anellovirus_max_not_promoted	no	
MZ286287	catalogue-max	Anelloviridae sp.	Anelloviridae		Homo sapiens		max	H1	catalogue host field	anellovirus_max_not_promoted	no	
MZ286293	catalogue-max	Anelloviridae sp.	Anelloviridae		Homo sapiens		max	H1	catalogue host field	anellovirus_max_not_promoted	no	
MZ314997	catalogue-max	Severe acute respiratory syndrome coronavirus 2	Coronaviridae	Sarbecovirus	Homo sapiens; male, age 68		max	H1	catalogue host field		no	
MZ314998	catalogue-max	Severe acute respiratory syndrome coronavirus 2	Coronaviridae	Sarbecovirus	Homo sapiens; male, age 37		max	H1	catalogue host field		no	
MZ427312	catalogue-max	Severe acute respiratory syndrome coronavirus 2	Coronaviridae	Sarbecovirus	Homo sapiens; female, age 27		max	H1	catalogue host field		no	
NC_001347	catalogue-max	Human herpesvirus 5	Herpesviridae	Cytomegalovirus	Homo sapiens		max	H1	catalogue host field		no	
NC_001354	catalogue-max	Human papillomavirus type 41	Papillomaviridae	Nupapillomavirus			max	H2_name	species name starts with 'Human '		no	
NC_001362	catalogue-max	Friend murine leukemia virus	Retroviridae	Gammaretrovirus			max	unreviewed			yes	
NC_001454	catalogue-max	Human mastadenovirus F	Adenoviridae	Mastadenovirus	Homo sapiens		max	H1	catalogue host field		yes	
NC_001457	catalogue-max	Human papillomavirus 4	Papillomaviridae	Gammapapillomavirus			max	H2_name	species name starts with 'Human '		no	
NC_001458	catalogue-max	Human papillomavirus type 63	Papillomaviridae	Mupapillomavirus			max	H2_name	species name starts with 'Human '		no	
NC_001460	catalogue-max	Human mastadenovirus A	Adenoviridae	Mastadenovirus	Homo sapiens		max	H1	catalogue host field		yes	
NC_001472	catalogue-max	Enterovirus B	Picornaviridae	Enterovirus			max	unreviewed			yes	
NC_001474	catalogue-max	dengue virus type 2	Flaviviridae	Euflavivirus			max	unreviewed			yes	
NC_001475	catalogue-max	dengue virus type 3	Flaviviridae	Euflavivirus			max	unreviewed			yes	
NC_001490	catalogue-max	rhinovirus B14	Picornaviridae	Enterovirus			max	unreviewed			yes	
NC_001499	catalogue-max	Abelson murine leukemia virus	Retroviridae	Gammaretrovirus			max	unreviewed			yes	
NC_001501	catalogue-max	Moloney murine leukemia virus	Retroviridae	Gammaretrovirus			max	unreviewed			yes	
NC_001672	catalogue-max	Tick-borne encephalitis virus	Flaviviridae	Orthoflavivirus			max	unreviewed			yes	
NC_001690	catalogue-max	Human papillomavirus type 48	Papillomaviridae	Gammapapillomavirus			max	H2_name	species name starts with 'Human '		no	
NC_001691	catalogue-max	Human papillomavirus type 50	Papillomaviridae	Gammapapillomavirus			max	H2_name	species name starts with 'Human '		no	
NC_001693	catalogue-max	Human papillomavirus type 60	Papillomaviridae	Gammapapillomavirus			max	H2_name	species name starts with 'Human '		no	
NC_001702	catalogue-max	Murine type C retrovirus	Retroviridae	Gammaretrovirus			max	unreviewed			yes	
NC_001729	catalogue-max	Adeno-associated virus - 3	Parvoviridae	Dependoparvovirus			max	unreviewed			yes	
NC_001796	catalogue-max	Human respirovirus 3	Paramyxoviridae	Respirovirus			max	H2_name	species name starts with 'Human '		yes	
NC_001803	catalogue-max	Human respiratory syncytial virus A	Pneumoviridae	Orthopneumovirus			max	H2_name	species name starts with 'Human '		yes	
NC_001819	catalogue-max	Rauscher murine leukemia virus	Retroviridae	Murine leukemia virus			max	unreviewed			yes	
NC_001829	catalogue-max	Adeno-associated virus - 4	Parvoviridae	Dependoparvovirus			max	unreviewed			yes	
NC_002195	catalogue-max	Torque teno mini virus 9	Anelloviridae	Betatorquevirus			max	unreviewed		anellovirus_max_not_promoted	yes	
NC_002640	catalogue-max	dengue virus type 4	Flaviviridae	Euflavivirus			max	unreviewed			yes	
NC_003266	catalogue-max	Human mastadenovirus E	Adenoviridae	Mastadenovirus			max	H2_name	species name starts with 'Human '		yes	
NC_003443	catalogue-max	Human orthorubulavirus 2	Paramyxoviridae	Orthorubulavirus			max	H2_name	species name starts with 'Human '		yes	
NC_003635	catalogue-max	Modoc virus	Flaviviridae	Euflavivirus			max	unreviewed			yes	
NC_003675	catalogue-max	Rio Bravo virus	Flaviviridae	Euflavivirus			max	unreviewed			yes	
NC_004148	catalogue-max	Human metapneumovirus	Pneumoviridae	Metapneumovirus			max	H2_name	species name starts with 'Human '		yes	
NC_004157	catalogue-max	Orthonairovirus dugbeense	Nairoviridae	Orthonairovirus		S	max	unreviewed			yes	
NC_004158	catalogue-max	Orthonairovirus dugbeense	Nairoviridae	Orthonairovirus		M	max	unreviewed			yes	
NC_004159	catalogue-max	Orthonairovirus dugbeense	Nairoviridae	Orthonairovirus		L	max	unreviewed			yes	
NC_004161	catalogue-max	Reston ebolavirus	Filoviridae	Orthoebolavirus			max	unreviewed			yes	
NC_004180	catalogue-max	Colorado tick fever virus	Spinareoviridae	Coltivirus		9	max	unreviewed			yes	
NC_004181	catalogue-max	Colorado tick fever virus	Spinareoviridae	Coltivirus		1	max	unreviewed			yes	
NC_004182	catalogue-max	Colorado tick fever virus	Spinareoviridae	Coltivirus		2	max	unreviewed			yes	
NC_004183	catalogue-max	Colorado tick fever virus	Spinareoviridae	Coltivirus		3	max	unreviewed			yes	
NC_004184	catalogue-max	Colorado tick fever virus	Spinareoviridae	Coltivirus		4	max	unreviewed			yes	
NC_004185	catalogue-max	Colorado tick fever virus	Spinareoviridae	Coltivirus		5	max	unreviewed			yes	
NC_004186	catalogue-max	Colorado tick fever virus	Spinareoviridae	Coltivirus		6	max	unreviewed			yes	
NC_004187	catalogue-max	Colorado tick fever virus	Spinareoviridae	Coltivirus		7	max	unreviewed			yes	
NC_004188	catalogue-max	Colorado tick fever virus	Spinareoviridae	Coltivirus		8	max	unreviewed			yes	
NC_004189	catalogue-max	Colorado tick fever virus	Spinareoviridae	Coltivirus		10	max	unreviewed			yes	
NC_004190	catalogue-max	Colorado tick fever virus	Spinareoviridae	Coltivirus		12	max	unreviewed			yes	
NC_004191	catalogue-max	Colorado tick fever virus	Spinareoviridae	Coltivirus		11	max	unreviewed			yes	
NC_004198	catalogue-max	Banna virus strain JKT-6423	Sedoreoviridae	Seadornavirus		12	max	unreviewed			yes	
NC_004295	catalogue-max	Human erythrovirus V9	Parvoviridae	Erythroparvovirus	Homo sapiens		max	H1	catalogue host field		yes	
NC_004355	catalogue-max	Alkhumra hemorrhagic fever virus	Flaviviridae	Flavivirus	Homo sapiens		max	H1	catalogue host field		yes	
NC_004905	catalogue-max	Influenza A virus	Orthomyxoviridae	Alphainfluenzavirus		5	max	H2_species	another record of this species has a Homo sapiens host		yes	
NC_004906	catalogue-max	Influenza A virus	Orthomyxoviridae	Alphainfluenzavirus		8	max	H2_species	another record of this species has a Homo sapiens host		yes	
NC_004907	catalogue-max	Influenza A virus	Orthomyxoviridae	Alphainfluenzavirus		7	max	H2_species	another record of this species has a Homo sapiens host		yes	
NC_004908	catalogue-max	Influenza A virus	Orthomyxoviridae	Alphainfluenzavirus		4	max	H2_species	another record of this species has a Homo sapiens host		yes	
NC_004909	catalogue-max	Influenza A virus	Orthomyxoviridae	Alphainfluenzavirus		6	max	H2_species	another record of this species has a Homo sapiens host		yes	
NC_004910	catalogue-max	Influenza A virus	Orthomyxoviridae	Alphainfluenzavirus		1	max	H2_species	another record of this species has a Homo sapiens host		yes	
NC_004911	catalogue-max	Influenza A virus	Orthomyxoviridae	Alphainfluenzavirus		2	max	H2_species	another record of this species has a Homo sapiens host		yes	
NC_004912	catalogue-max	Influenza A virus	Orthomyxoviridae	Alphainfluenzavirus		3	max	H2_species	another record of this species has a Homo sapiens host		yes	
NC_005062	catalogue-max	Omsk hemorrhagic fever virus	Flaviviridae	Euflavivirus			max	unreviewed			yes	
NC_005077	catalogue-max	Mammarenavirus guanaritoense	Arenaviridae	Mammarenavirus		S	max	unreviewed			yes	
NC_005078	catalogue-max	Mammarenavirus machupoense	Arenaviridae	Mammarenavirus		S	max	unreviewed			yes	
NC_005079	catalogue-max	Mammarenavirus machupoense	Arenaviridae	Mammarenavirus		L	max	unreviewed			yes	
NC_005080	catalogue-max	Mammarenavirus juninense	Arenaviridae	Mammarenavirus		L	max	unreviewed			yes	
NC_005081	catalogue-max	Mammarenavirus juninense	Arenaviridae	Mammarenavirus		S	max	unreviewed			yes	
NC_005082	catalogue-max	Mammarenavirus guanaritoense	Arenaviridae	Mammarenavirus		L	max	unreviewed			yes	
NC_005147	catalogue-max	Human coronavirus OC43	Coronaviridae	Betacoronavirus			max	H2_name	species name starts with 'Human '		yes	
NC_005179	catalogue-max	Yaba monkey tumor virus	Poxviridae	Yatapoxvirus			max	unreviewed			no	
NC_005214	catalogue-max	Uukuniemi virus	Phenuiviridae	Uukuvirus		L	max	unreviewed			yes	
NC_005215	catalogue-max	Orthohantavirus sinnombreense	Hantaviridae	Orthohantavirus	Homo sapiens	M	max	H1	catalogue host field		yes	
NC_005216	catalogue-max	Orthohantavirus sinnombreense	Hantaviridae	Orthohantavirus		S	max	H2_species	another record of this species has a Homo sapiens host		yes	
NC_005217	catalogue-max	Orthohantavirus sinnombreense	Hantaviridae	Orthohantavirus	Homo sapiens	L	max	H1	catalogue host field		yes	
NC_005220	catalogue-max	Uukuniemi virus	Phenuiviridae	Uukuvirus			max	unreviewed			yes	
NC_005221	catalogue-max	Uukuniemi virus	Phenuiviridae	Uukuvirus			max	unreviewed			yes	
NC_005226	catalogue-max	Orthohantavirus tulaense	Hantaviridae	Orthohantavirus		L	max	unreviewed			yes	
NC_005227	catalogue-max	Orthohantavirus tulaense	Hantaviridae	Orthohantavirus		S	max	unreviewed			yes	
NC_005228	catalogue-max	Orthohantavirus tulaense	Hantaviridae	Orthohantavirus		M	max	unreviewed			yes	
NC_006152	catalogue-max	adeno-associated virus 5	Parvoviridae	Dependoparvovirus			max	unreviewed			yes	
NC_006269	catalogue-max	Sapovirus Hu/Dresden/pJG-Sap01/DE	Caliciviridae	Sapovirus			max	unreviewed			yes	
NC_006313	catalogue-max	Sabia virus	Arenaviridae	Mammarenavirus		L	max	unreviewed			yes	
NC_006317	catalogue-max	Sabia virus	Arenaviridae	Mammarenavirus		S	max	unreviewed			yes	
NC_006429	catalogue-max	Lyssavirus mokola	Rhabdoviridae	Lyssavirus			max	unreviewed			yes	
NC_006430	catalogue-max	parainfluenza virus 5	Paramyxoviridae	Orthorubulavirus			max	unreviewed			yes	
NC_006432	catalogue-max	Sudan ebolavirus	Filoviridae	Orthoebolavirus			max	unreviewed			yes	
NC_006433	catalogue-max	Hantavirus Z10	Hantaviridae	Orthohantavirus		S	max	unreviewed			yes	
NC_006435	catalogue-max	Hantavirus Z10	Hantaviridae	Orthohantavirus		L	max	unreviewed			yes	
NC_006437	catalogue-max	Hantavirus Z10	Hantaviridae	Orthohantavirus		M	max	unreviewed			yes	
NC_006439	catalogue-max	Pichinde virus	Arenaviridae	Mammarenavirus		L RNA	max	unreviewed			yes	
NC_006447	catalogue-max	Pichinde virus	Arenaviridae	Mammarenavirus		S	max	unreviewed			yes	
NC_006551	catalogue-max	Usutu virus	Flaviviridae	Euflavivirus			max	unreviewed			yes	
NC_007013	catalogue-max	Small anellovirus 1	Anelloviridae	Small anellovirus	Homo sapiens		max	H1	catalogue host field	anellovirus_max_not_promoted	yes	
NC_007026	catalogue-max	Human picobirnavirus	Picobirnaviridae	Orthopicobirnavirus		1	max	H2_name	species name starts with 'Human '		yes	
NC_007027	catalogue-max	Human picobirnavirus	Picobirnaviridae	Orthopicobirnavirus		2	max	H2_name	species name starts with 'Human '		yes	
NC_007357	catalogue-max	Influenza A virus	Orthomyxoviridae	Alphainfluenzavirus		1	max	H2_species	another record of this species has a Homo sapiens host		yes	
NC_007358	catalogue-max	Influenza A virus	Orthomyxoviridae	Alphainfluenzavirus	goose	2	max	H2_species	another record of this species has a Homo sapiens host		yes	
NC_007359	catalogue-max	Influenza A virus	Orthomyxoviridae	Alphainfluenzavirus	goose	3	max	H2_species	another record of this species has a Homo sapiens host		yes	
NC_007360	catalogue-max	Influenza A virus	Orthomyxoviridae	Alphainfluenzavirus		5	max	H2_species	another record of this species has a Homo sapiens host		yes	
NC_007361	catalogue-max	Influenza A virus	Orthomyxoviridae	Alphainfluenzavirus		6	max	H2_species	another record of this species has a Homo sapiens host		yes	
NC_007362	catalogue-max	Influenza A virus	Orthomyxoviridae	Alphainfluenzavirus		4	max	H2_species	another record of this species has a Homo sapiens host		yes	
NC_007363	catalogue-max	Influenza A virus	Orthomyxoviridae	Alphainfluenzavirus		7	max	H2_species	another record of this species has a Homo sapiens host		yes	
NC_007364	catalogue-max	Influenza A virus	Orthomyxoviridae	Alphainfluenzavirus		8	max	H2_species	another record of this species has a Homo sapiens host		yes	
NC_007366	catalogue-max	Influenza A virus	Orthomyxoviridae	Alphainfluenzavirus	Homo sapiens	4	max	H1	catalogue host field		yes	
NC_007367	catalogue-max	Influenza A virus	Orthomyxoviridae	Alphainfluenzavirus	Homo sapiens	7	max	H1	catalogue host field		yes	
NC_007368	catalogue-max	Influenza A virus	Orthomyxoviridae	Alphainfluenzavirus	Homo sapiens	6	max	H1	catalogue host field		yes	
NC_007369	catalogue-max	Influenza A virus	Orthomyxoviridae	Alphainfluenzavirus	Homo sapiens	5	max	H1	catalogue host field		yes	
NC_007370	catalogue-max	Influenza A virus	Orthomyxoviridae	Alphainfluenzavirus	Homo sapiens	8	max	H1	catalogue host field		yes	
NC_007371	catalogue-max	Influenza A virus	Orthomyxoviridae	Alphainfluenzavirus	Homo sapiens	3	max	H1	catalogue host field		yes	
NC_007372	catalogue-max	Influenza A virus	Orthomyxoviridae	Alphainfluenzavirus	Homo sapiens	2	max	H1	catalogue host field		yes	
NC_007373	catalogue-max	Influenza A virus	Orthomyxoviridae	Alphainfluenzavirus	Homo sapiens	1	max	H1	catalogue host field		yes	
NC_007374	catalogue-max	Influenza A virus	Orthomyxoviridae	Alphainfluenzavirus		4	max	H2_species	another record of this species has a Homo sapiens host		yes	
NC_007375	catalogue-max	Influenza A virus	Orthomyxoviridae	Alphainfluenzavirus		2	max	H2_species	another record of this species has a Homo sapiens host		yes	
NC_007376	catalogue-max	Influenza A virus	Orthomyxoviridae	Alphainfluenzavirus		3	max	H2_species	another record of this species has a Homo sapiens host		yes	
NC_007377	catalogue-max	Influenza A virus	Orthomyxoviridae	Alphainfluenzavirus		7	max	H2_species	another record of this species has a Homo sapiens host		yes	
NC_007378	catalogue-max	Influenza A virus	Orthomyxoviridae	Alphainfluenzavirus		1	max	H2_species	another record of this species has a Homo sapiens host		yes	
NC_007380	catalogue-max	Influenza A virus	Orthomyxoviridae	Alphainfluenzavirus	Homo sapiens	8	max	H1	catalogue host field		yes	
NC_007381	catalogue-max	Influenza A virus	Orthomyxoviridae	Alphainfluenzavirus	Homo sapiens	5	max	H1	catalogue host field		yes	
NC_007382	catalogue-max	Influenza A virus	Orthomyxoviridae	Alphainfluenzavirus	Homo sapiens	6	max	H1	catalogue host field		yes	
NC_007803	catalogue-max	Beilong virus	Paramyxoviridae	Jeilongvirus			max	unreviewed			yes	
NC_008188	catalogue-max	human papillomavirus 103	Papillomaviridae	Gammapapillomavirus			max	H2_name	species name starts with 'Human '		no	
NC_008189	catalogue-max	human papillomavirus 101	Papillomaviridae	Gammapapillomavirus			max	H2_name	species name starts with 'Human '		no	
NC_009028	catalogue-max	Ilheus virus	Flaviviridae	Euflavivirus			max	unreviewed			yes	
NC_009029	catalogue-max	Kokobera virus	Flaviviridae	Euflavivirus			max	unreviewed			yes	
NC_009528	catalogue-max	European bat lyssavirus 2	Rhabdoviridae	Lyssavirus	Homo sapiens		max	H1	catalogue host field		yes	
NC_009824	catalogue-max	Hepatitis C virus genotype 3	Hepaciviridae	Orthohepacivirus	Homo sapiens		max	H1	catalogue host field		yes	
NC_009825	catalogue-max	Hepatitis C virus genotype 4	Hepaciviridae	Orthohepacivirus	human; 33 years old		max	unreviewed			yes	
NC_009826	catalogue-max	Hepatitis C virus genotype 5	Hepaciviridae	Orthohepacivirus	Homo sapiens		max	H1	catalogue host field		yes	
NC_009827	catalogue-max	Hepatitis C virus genotype 6	Hepaciviridae	Orthohepacivirus			max	unreviewed			yes	
NC_009942	catalogue-max	West Nile virus	Flaviviridae	Euflavivirus			max	unreviewed			yes	
NC_010329	catalogue-max	Human papillomavirus 88	Papillomaviridae	Gammapapillomavirus			max	H2_name	species name starts with 'Human '		no	
NC_010562	catalogue-max	Mammarenavirus chapareense	Arenaviridae	Mammarenavirus	Homo sapiens	S	max	H1	catalogue host field		yes	
NC_010563	catalogue-max	Mammarenavirus chapareense	Arenaviridae	Mammarenavirus	Homo sapiens	L	max	H1	catalogue host field		yes	
NC_010624	catalogue-max	Sapovirus Mc10	Caliciviridae	Sapovirus			max	unreviewed			yes	
NC_010956	catalogue-max	Human mastadenovirus D	Adenoviridae	Mastadenovirus	Homo sapiens		max	H1	catalogue host field		yes	
NC_011202	catalogue-max	Human mastadenovirus B	Adenoviridae	Mastadenovirus	Homo sapiens		max	H1	catalogue host field		yes	
NC_011203	catalogue-max	Human mastadenovirus B	Adenoviridae	Mastadenovirus	Homo sapiens		max	H1	catalogue host field		yes	
NC_011502	catalogue-max	Rotavirus A	Sedoreoviridae	Rotavirus		8	max	unreviewed			yes	
NC_011800	catalogue-max	Human T-lymphotropic virus 4	Retroviridae	Deltaretrovirus	Homo sapiens		max	H1	catalogue host field		yes	
NC_012042	catalogue-max	Human bocavirus 2c PK	Parvoviridae	Bocaparvovirus	Homo sapiens		max	H1	catalogue host field		yes	
NC_012213	catalogue-max	human papillomavirus 108	Papillomaviridae	Gammapapillomavirus			max	H2_name	species name starts with 'Human '		no	
NC_012485	catalogue-max	Human papillomavirus 109	Papillomaviridae	Gammapapillomavirus			max	H2_name	species name starts with 'Human '		no	
NC_012486	catalogue-max	human papillomavirus 112	Papillomaviridae	Gammapapillomavirus			max	H2_name	species name starts with 'Human '		no	
NC_012564	catalogue-max	Human bocavirus 3	Parvoviridae	Bocaparvovirus	Homo sapiens		max	H1	catalogue host field		yes	
NC_012729	catalogue-max	Human bocavirus 4 NI	Parvoviridae	Bocaparvovirus	Homo sapiens		max	H1	catalogue host field		yes	
NC_012735	catalogue-max	Wesselsbron virus	Flaviviridae	Euflavivirus			max	unreviewed			yes	
NC_012776	catalogue-max	Mammarenavirus lujoense	Arenaviridae	Mammarenavirus	Homo sapiens	S	max	H1	catalogue host field		yes	
NC_012777	catalogue-max	Mammarenavirus lujoense	Arenaviridae	Mammarenavirus	Homo sapiens	L	max	H1	catalogue host field		yes	
NC_012950	catalogue-max	Human enteric coronavirus strain 4408	Coronaviridae	Betacoronavirus	Homo sapiens; bovine		max	H1	catalogue host field		yes	
NC_012959	catalogue-max	Human adenovirus 54	Adenoviridae	Mastadenovirus			max	H2_name	species name starts with 'Human '		yes	
NC_013035	catalogue-max	Human papillomavirus 116	Papillomaviridae	Gammapapillomavirus	Homo sapiens		max	H1	catalogue host field		no	
NC_014074	catalogue-max	Torque teno virus 27	Anelloviridae	Alphatorquevirus			max	unreviewed		anellovirus_max_not_promoted	yes	
NC_014082	catalogue-max	Torque teno mini virus 7	Anelloviridae	Betatorquevirus			max	unreviewed		anellovirus_max_not_promoted	yes	
NC_014083	catalogue-max	Torque teno virus 25	Anelloviridae	Alphatorquevirus			max	unreviewed		anellovirus_max_not_promoted	yes	
NC_014086	catalogue-max	Torque teno mini virus 2	Anelloviridae	Betatorquevirus			max	unreviewed		anellovirus_max_not_promoted	yes	
NC_014088	catalogue-max	Torque teno mini virus 3	Anelloviridae	Betatorquevirus			max	unreviewed		anellovirus_max_not_promoted	yes	
NC_014185	catalogue-max	Human papillomavirus 121	Papillomaviridae	Gammapapillomavirus	Homo sapiens		max	H1	catalogue host field		no	
NC_014372	catalogue-max	Tai Forest ebolavirus	Filoviridae	Orthoebolavirus	Homo sapiens		max	H1	catalogue host field		yes	
NC_014373	catalogue-max	Bundibugyo virus	Filoviridae	Orthoebolavirus	Homo sapiens		max	H1	catalogue host field		yes	
NC_014395	catalogue-max	Rift Valley fever virus	Phenuiviridae	Phlebovirus	Homo sapiens	S	max	H1	catalogue host field		yes	
NC_014396	catalogue-max	Rift Valley fever virus	Phenuiviridae	Phlebovirus	Homo sapiens	M	max	H1	catalogue host field		yes	
NC_014397	catalogue-max	Rift Valley fever virus	Phenuiviridae	Phlebovirus		L	max	H2_species	another record of this species has a Homo sapiens host		yes	
NC_014469	catalogue-max	Human papillomavirus 127	Papillomaviridae	Gammapapillomavirus	Homo sapiens		max	H1	catalogue host field		no	
NC_014522	catalogue-max	Great Island virus	Sedoreoviridae	Orbivirus		1	max	unreviewed			yes	
NC_014523	catalogue-max	Great Island virus	Sedoreoviridae	Orbivirus		2	max	unreviewed			yes	
NC_014524	catalogue-max	Great Island virus	Sedoreoviridae	Orbivirus		3	max	unreviewed			yes	
NC_014525	catalogue-max	Great Island virus	Sedoreoviridae	Orbivirus		4	max	unreviewed			yes	
NC_014526	catalogue-max	Great Island virus	Sedoreoviridae	Orbivirus		5	max	unreviewed			yes	
NC_014527	catalogue-max	Great Island virus	Sedoreoviridae	Orbivirus		6	max	unreviewed			yes	
NC_014528	catalogue-max	Great Island virus	Sedoreoviridae	Orbivirus		7	max	unreviewed			yes	
NC_014529	catalogue-max	Great Island virus	Sedoreoviridae	Orbivirus		8	max	unreviewed			yes	
NC_014530	catalogue-max	Great Island virus	Sedoreoviridae	Orbivirus		9	max	unreviewed			yes	
NC_014531	catalogue-max	Great Island virus	Sedoreoviridae	Orbivirus		10	max	unreviewed			yes	
NC_014952	catalogue-max	human papillomavirus 128	Papillomaviridae	Gammapapillomavirus	Homo sapiens		max	H1	catalogue host field		no	
NC_014953	catalogue-max	human papillomavirus 129	Papillomaviridae	Gammapapillomavirus	Homo sapiens		max	H1	catalogue host field		no	
NC_014954	catalogue-max	human papillomavirus 131	Papillomaviridae	Gammapapillomavirus	Homo sapiens		max	H1	catalogue host field		no	
NC_014955	catalogue-max	Human papillomavirus 132	Papillomaviridae	Gammapapillomavirus	Homo sapiens		max	H1	catalogue host field		no	
NC_014956	catalogue-max	Human papillomavirus 134	Papillomaviridae	Gammapapillomavirus	Homo sapiens		max	H1	catalogue host field		no	
NC_015373	catalogue-max	Chandiru virus	Phenuiviridae	Phlebovirus	Homo sapiens	M	max	H1	catalogue host field		yes	
NC_015374	catalogue-max	Chandiru virus	Phenuiviridae	Phlebovirus	Homo sapiens	L	max	H1	catalogue host field		yes	
NC_015375	catalogue-max	Chandiru virus	Phenuiviridae	Phlebovirus	Homo sapiens	S	max	H1	catalogue host field		yes	
NC_015411	catalogue-max	sandfly fever Turkey virus	Phenuiviridae	Phlebovirus	Homo sapiens	M	max	H1	catalogue host field		yes	
NC_015412	catalogue-max	sandfly fever Turkey virus	Phenuiviridae	Phlebovirus	Homo sapiens	L	max	H1	catalogue host field		yes	
NC_015413	catalogue-max	sandfly fever Turkey virus	Phenuiviridae	Phlebovirus	Homo sapiens	S	max	H1	catalogue host field		yes	
NC_015783	catalogue-max	Torque teno virus	Anelloviridae				max	H2_species	another record of this species has a Homo sapiens host	anellovirus_max_not_promoted	yes	
NC_015843	catalogue-max	Tembusu virus	Flaviviridae	Euflavivirus	goose		max	unreviewed			yes	
NC_016157	catalogue-max	Human papillomavirus 126	Papillomaviridae	Gammapapillomavirus	Homo sapiens		max	H1	catalogue host field		no	
NC_017993	catalogue-max	Human papillomavirus 135	Papillomaviridae	Gammapapillomavirus	Homo sapiens		max	H1	catalogue host field		no	
NC_017994	catalogue-max	Human papillomavirus 136	Papillomaviridae	Gammapapillomavirus	Homo sapiens		max	H1	catalogue host field		no	
NC_017995	catalogue-max	human papillomavirus 137	Papillomaviridae	Gammapapillomavirus	Homo sapiens		max	H1	catalogue host field		no	
NC_017996	catalogue-max	Human papillomavirus 140	Papillomaviridae	Gammapapillomavirus	Homo sapiens		max	H1	catalogue host field		no	
NC_017997	catalogue-max	Human papillomavirus 144	Papillomaviridae	Gammapapillomavirus	Homo sapiens		max	H1	catalogue host field		no	
NC_018136	catalogue-max	SFTS virus HB29	Phenuiviridae	Bandavirus	Homo sapiens	L	max	H1	catalogue host field		yes	
NC_018137	catalogue-max	SFTS virus HB29	Phenuiviridae	Bandavirus	Homo sapiens	S	max	H1	catalogue host field		yes	
NC_018138	catalogue-max	SFTS virus HB29	Phenuiviridae	Bandavirus	Homo sapiens	M	max	H1	catalogue host field		yes	
NC_018705	catalogue-max	Ntaya virus	Flaviviridae	Euflavivirus			max	unreviewed			yes	
NC_019023	catalogue-max	human papillomavirus 166	Papillomaviridae	Gammapapillomavirus	Homo sapiens		max	H1	catalogue host field		no	
NC_020805	catalogue-max	Chandipura virus	Rhabdoviridae	Vesiculovirus	Homo sapiens		max	H1	catalogue host field		yes	
NC_020810	catalogue-max	Lyssavirus duvenhage	Rhabdoviridae	Lyssavirus	Homo sapiens		max	H1	catalogue host field		yes	
NC_021483	catalogue-max	Human papillomavirus 154	Papillomaviridae	Gammapapillomavirus	Homo sapiens		max	H1	catalogue host field		no	
NC_021541	catalogue-max	Human rotavirus B	Sedoreoviridae	Rotavirus		1	max	H2_name	species name starts with 'Human '		yes	
NC_021542	catalogue-max	Human rotavirus B	Sedoreoviridae	Rotavirus		9	max	H2_name	species name starts with 'Human '		yes	
NC_021543	catalogue-max	Human rotavirus B	Sedoreoviridae	Rotavirus		4	max	H2_name	species name starts with 'Human '		yes	
NC_021544	catalogue-max	Human rotavirus B	Sedoreoviridae	Rotavirus		6	max	H2_name	species name starts with 'Human '		yes	
NC_021545	catalogue-max	Human rotavirus B	Sedoreoviridae	Rotavirus		2	max	H2_name	species name starts with 'Human '		yes	
NC_021546	catalogue-max	Human rotavirus B	Sedoreoviridae	Rotavirus		5	max	H2_name	species name starts with 'Human '		yes	
NC_021547	catalogue-max	Human rotavirus B	Sedoreoviridae	Rotavirus		7	max	H2_name	species name starts with 'Human '		yes	
NC_021548	catalogue-max	Human rotavirus B	Sedoreoviridae	Rotavirus		8	max	H2_name	species name starts with 'Human '		yes	
NC_021549	catalogue-max	Human rotavirus B	Sedoreoviridae	Rotavirus		11	max	H2_name	species name starts with 'Human '		yes	
NC_021550	catalogue-max	Human rotavirus B	Sedoreoviridae	Rotavirus		10	max	H2_name	species name starts with 'Human '		yes	
NC_021551	catalogue-max	Human rotavirus B	Sedoreoviridae	Rotavirus		3	max	H2_name	species name starts with 'Human '		yes	
NC_021928	catalogue-max	Human parainfluenza virus 4a	Paramyxoviridae	Orthorubulavirus			max	H2_name	species name starts with 'Human '		yes	
NC_022095	catalogue-max	Human papillomavirus 179	Papillomaviridae	Gammapapillomavirus	Homo sapiens		max	H1	catalogue host field		no	
NC_022892	catalogue-max	Human papillomavirus 167	Papillomaviridae	Gammapapillomavirus	Homo sapiens		max	H1	catalogue host field		no	
NC_023891	catalogue-max	Human papillomavirus 178	Papillomaviridae	Gammapapillomavirus	Homo sapiens		max	H1	catalogue host field		no	
NC_026431	catalogue-max	Influenza A virus	Orthomyxoviridae	Alphainfluenzavirus	Homo sapiens; gender M; age 54	7	max	H1	catalogue host field		no	
NC_026432	catalogue-max	Influenza A virus	Orthomyxoviridae	Alphainfluenzavirus	Homo sapiens; gender M; age 54	8	max	H1	catalogue host field		no	
NC_026433	catalogue-max	Influenza A virus	Orthomyxoviridae	Alphainfluenzavirus	Homo sapiens; gender M; age 54	4	max	H1	catalogue host field		no	
NC_026434	catalogue-max	Influenza A virus	Orthomyxoviridae	Alphainfluenzavirus	Homo sapiens; gender M; age 54	6	max	H1	catalogue host field		no	
NC_026435	catalogue-max	Influenza A virus	Orthomyxoviridae	Alphainfluenzavirus	Homo sapiens; gender M; age 54	2	max	H1	catalogue host field		no	
NC_026436	catalogue-max	Influenza A virus	Orthomyxoviridae	Alphainfluenzavirus	Homo sapiens; gender M; age 54	5	max	H1	catalogue host field		no	
NC_026438	catalogue-max	Influenza A virus	Orthomyxoviridae	Alphainfluenzavirus	Homo sapiens; gender M; age 54	1	max	H1	catalogue host field		no	
NC_027528	catalogue-max	Human papillomavirus 201	Papillomaviridae	Gammapapillomavirus	Homo sapiens		max	H1	catalogue host field		no	
NC_028125	catalogue-max	human papillomavirus 163	Papillomaviridae	Gammapapillomavirus	Homo sapiens		max	H1	catalogue host field		no	
NC_033781	catalogue-max	Human papillomavirus 156	Papillomaviridae	Gammapapillomavirus	Homo sapiens		max	H1	catalogue host field		no	
NC_034616	catalogue-max	Human papillomavirus type 85	Papillomaviridae		Homo sapiens		max	H1	catalogue host field		no	
NC_038294	catalogue-max	Betacoronavirus England 1	Coronaviridae	Merbecovirus	Homo sapiens		max	H1	catalogue host field		no	
NC_038311	catalogue-max	rhinovirus A1	Picornaviridae	Enterovirus			max	unreviewed			no	
NC_038347	catalogue-max	Torque teno mini virus 12	Anelloviridae	Betatorquevirus	Homo sapiens		max	H1	catalogue host field	anellovirus_max_not_promoted	no	
NC_038522	catalogue-max	Human papillomavirus type 161	Papillomaviridae	Gammapapillomavirus	Homo sapiens		max	H1	catalogue host field		no	
NC_038523	catalogue-max	Human papillomavirus 172	Papillomaviridae	Gammapapillomavirus	Homo sapiens		max	H1	catalogue host field		no	
NC_038524	catalogue-max	Human papillomavirus 175	Papillomaviridae	Gammapapillomavirus	Homo sapiens		max	H1	catalogue host field		no	
NC_038525	catalogue-max	Human papillomavirus 204	Papillomaviridae	Mupapillomavirus	Homo sapiens		max	H1	catalogue host field		no	
NC_038914	catalogue-max	Human papillomavirus 184	Papillomaviridae	Gammapapillomavirus	Homo sapiens		max	H1	catalogue host field		no	
NC_075267	catalogue-max	Human papillomavirus type 35H	Papillomaviridae	Alphapapillomavirus			max	H2_name	species name starts with 'Human '		no	
NC_075269	catalogue-max	human papillomavirus 45	Papillomaviridae	Alphapapillomavirus			max	H2_name	species name starts with 'Human '		no	
NC_075270	catalogue-max	human papillomavirus 52	Papillomaviridae	Alphapapillomavirus			max	H2_name	species name starts with 'Human '		no	
NC_076155	catalogue-max	TTV-like mini virus	Anelloviridae	Betatorquevirus	Homo sapiens		max	H1	catalogue host field	anellovirus_max_not_promoted	no	
NC_076233	catalogue-max	Torque teno mini virus 10	Anelloviridae	Betatorquevirus	Homo sapiens		max	H1	catalogue host field	anellovirus_max_not_promoted	no	
NC_135454	catalogue-max	Human circovirus 1	Circoviridae	Circovirus	Homo sapiens		max	H1	catalogue host field		no	
OK091006	catalogue-max	Severe acute respiratory syndrome coronavirus 2	Coronaviridae	Sarbecovirus	Homo sapiens		max	H1	catalogue host field		no	
OK574375	catalogue-max	Betatorquevirus sp.	Anelloviridae	Betatorquevirus	Homo sapiens		max	H1	catalogue host field	anellovirus_max_not_promoted	no	
OK574409	catalogue-max	Betatorquevirus sp.	Anelloviridae	Betatorquevirus	Homo sapiens		max	H1	catalogue host field	anellovirus_max_not_promoted	no	
OL672836	catalogue-max	Severe acute respiratory syndrome coronavirus 2	Coronaviridae	Sarbecovirus	Homo sapiens		max	H1	catalogue host field		no	
OP168886	catalogue-max	Torque teno virus	Anelloviridae		Homo sapiens		max	H1	catalogue host field	anellovirus_max_not_promoted	no	
OP985295	catalogue-max	TTV-like mini virus	Anelloviridae	Betatorquevirus	Homo sapiens		max	H1	catalogue host field	anellovirus_max_not_promoted	no	
OQ034469	catalogue-max	Influenza B virus	Orthomyxoviridae	Betainfluenzavirus	Homo sapiens	1	max	H1	catalogue host field		no	
OQ034470	catalogue-max	Influenza B virus	Orthomyxoviridae	Betainfluenzavirus	Homo sapiens	2	max	H1	catalogue host field		no	
OQ034471	catalogue-max	Influenza B virus	Orthomyxoviridae	Betainfluenzavirus	Homo sapiens	3	max	H1	catalogue host field		no	
OQ034472	catalogue-max	Influenza B virus	Orthomyxoviridae	Betainfluenzavirus	Homo sapiens	4	max	H1	catalogue host field		no	
OQ034473	catalogue-max	Influenza B virus	Orthomyxoviridae	Betainfluenzavirus	Homo sapiens	5	max	H1	catalogue host field		no	
OQ034474	catalogue-max	Influenza B virus	Orthomyxoviridae	Betainfluenzavirus	Homo sapiens	6	max	H1	catalogue host field		no	
OQ034475	catalogue-max	Influenza B virus	Orthomyxoviridae	Betainfluenzavirus	Homo sapiens	7	max	H1	catalogue host field		no	
OQ034476	catalogue-max	Influenza B virus	Orthomyxoviridae	Betainfluenzavirus	Homo sapiens	8	max	H1	catalogue host field		no	
OR325407	catalogue-max	Severe acute respiratory syndrome coronavirus 2	Coronaviridae	Sarbecovirus	Homo sapiens		max	H1	catalogue host field		no	
OR357849	catalogue-max	Severe acute respiratory syndrome coronavirus 2	Coronaviridae	Sarbecovirus	Homo sapiens		max	H1	catalogue host field		no	
OR905605	catalogue-max	Human circovirus	Circoviridae	Circovirus	Homo sapiens		max	H1	catalogue host field		no	
OZ258613	catalogue-max	Betatorquevirus sp.	Anelloviridae	Betatorquevirus	Homo sapiens		max	H1	catalogue host field	anellovirus_max_not_promoted	no	
OZ258639	catalogue-max	Alphatorquevirus sp.	Anelloviridae	Alphatorquevirus	Homo sapiens		max	H1	catalogue host field	anellovirus_max_not_promoted	no	
OZ258695	catalogue-max	Alphatorquevirus sp.	Anelloviridae	Alphatorquevirus	Homo sapiens		max	H1	catalogue host field	anellovirus_max_not_promoted	no	
OZ258701	catalogue-max	Alphatorquevirus sp.	Anelloviridae	Alphatorquevirus	Homo sapiens		max	H1	catalogue host field	anellovirus_max_not_promoted	no	
OZ258707	catalogue-max	Betatorquevirus sp.	Anelloviridae	Betatorquevirus	Homo sapiens		max	H1	catalogue host field	anellovirus_max_not_promoted	no	
OZ258709	catalogue-max	Alphatorquevirus sp.	Anelloviridae	Alphatorquevirus	Homo sapiens		max	H1	catalogue host field	anellovirus_max_not_promoted	no	
OZ258711	catalogue-max	Betatorquevirus sp.	Anelloviridae	Betatorquevirus	Homo sapiens		max	H1	catalogue host field	anellovirus_max_not_promoted	no	
OZ258726	catalogue-max	Betatorquevirus sp.	Anelloviridae	Betatorquevirus	Homo sapiens		max	H1	catalogue host field	anellovirus_max_not_promoted	no	
OZ258730	catalogue-max	Alphatorquevirus sp.	Anelloviridae	Alphatorquevirus	Homo sapiens		max	H1	catalogue host field	anellovirus_max_not_promoted	no	
OZ258736	catalogue-max	Betatorquevirus sp.	Anelloviridae	Betatorquevirus	Homo sapiens		max	H1	catalogue host field	anellovirus_max_not_promoted	no	
OZ258744	catalogue-max	Alphatorquevirus sp.	Anelloviridae	Alphatorquevirus	Homo sapiens		max	H1	catalogue host field	anellovirus_max_not_promoted	no	
OZ258763	catalogue-max	Betatorquevirus sp.	Anelloviridae	Betatorquevirus	Homo sapiens		max	H1	catalogue host field	anellovirus_max_not_promoted	no	
OZ258773	catalogue-max	Betatorquevirus sp.	Anelloviridae	Betatorquevirus	Homo sapiens		max	H1	catalogue host field	anellovirus_max_not_promoted	no	
OZ258791	catalogue-max	Anellovirus sp.	Anelloviridae		Homo sapiens		max	H1	catalogue host field	anellovirus_max_not_promoted	no	
OZ258810	catalogue-max	Betatorquevirus sp.	Anelloviridae	Betatorquevirus	Homo sapiens		max	H1	catalogue host field	anellovirus_max_not_promoted	no	
OZ536352	catalogue-max	Severe acute respiratory syndrome coronavirus 2	Coronaviridae	Sarbecovirus	Homo sapiens		max	H1	catalogue host field		no	
PP357841	catalogue-max	Severe acute respiratory syndrome coronavirus 2	Coronaviridae	Sarbecovirus	Homo sapiens		max	H1	catalogue host field		no	
PP374833	catalogue-max	Torque teno virus	Anelloviridae		Homo sapiens		max	H1	catalogue host field	anellovirus_max_not_promoted	no	
PP374836	catalogue-max	Torque teno virus	Anelloviridae		Homo sapiens		max	H1	catalogue host field	anellovirus_max_not_promoted	no	
PP832909	catalogue-max	Severe acute respiratory syndrome coronavirus 2	Coronaviridae	Sarbecovirus	Homo sapiens		max	H1	catalogue host field		no	
PP846642	catalogue-max	Severe acute respiratory syndrome coronavirus 2	Coronaviridae	Sarbecovirus	Homo sapiens		max	H1	catalogue host field		no	
PP848071	catalogue-max	Severe acute respiratory syndrome coronavirus 2	Coronaviridae	Sarbecovirus	Homo sapiens		max	H1	catalogue host field		no	
PP848088	catalogue-max	Severe acute respiratory syndrome coronavirus 2	Coronaviridae	Sarbecovirus	Homo sapiens		max	H1	catalogue host field		no	
PP968832	catalogue-max	Human circovirus	Circoviridae	Circovirus	Homo sapiens		max	H1	catalogue host field		no	
PQ468757	catalogue-max	Influenza A virus	Orthomyxoviridae	Alphainfluenzavirus	Homo sapiens	4	max	H1	catalogue host field		no	
PQ468758	catalogue-max	Influenza A virus	Orthomyxoviridae	Alphainfluenzavirus	Homo sapiens	7	max	H1	catalogue host field		no	
PQ468759	catalogue-max	Influenza A virus	Orthomyxoviridae	Alphainfluenzavirus	Homo sapiens	5	max	H1	catalogue host field		no	
PQ468760	catalogue-max	Influenza A virus	Orthomyxoviridae	Alphainfluenzavirus	Homo sapiens	2	max	H1	catalogue host field		no	
PQ468761	catalogue-max	Influenza A virus	Orthomyxoviridae	Alphainfluenzavirus	Homo sapiens	8	max	H1	catalogue host field		no	
PQ468762	catalogue-max	Influenza A virus	Orthomyxoviridae	Alphainfluenzavirus	Homo sapiens	3	max	H1	catalogue host field		no	
PQ468763	catalogue-max	Influenza A virus	Orthomyxoviridae	Alphainfluenzavirus	Homo sapiens	6	max	H1	catalogue host field		no	
PQ468764	catalogue-max	Influenza A virus	Orthomyxoviridae	Alphainfluenzavirus	Homo sapiens	1	max	H1	catalogue host field		no	
PQ573551	catalogue-max	Influenza A virus	Orthomyxoviridae	Alphainfluenzavirus	Homo sapiens	8	max	H1	catalogue host field		no	
PQ573552	catalogue-max	Influenza A virus	Orthomyxoviridae	Alphainfluenzavirus	Homo sapiens	2	max	H1	catalogue host field		no	
PQ573553	catalogue-max	Influenza A virus	Orthomyxoviridae	Alphainfluenzavirus	Homo sapiens	7	max	H1	catalogue host field		no	
PQ573554	catalogue-max	Influenza A virus	Orthomyxoviridae	Alphainfluenzavirus	Homo sapiens	4	max	H1	catalogue host field		no	
PQ573555	catalogue-max	Influenza A virus	Orthomyxoviridae	Alphainfluenzavirus	Homo sapiens	6	max	H1	catalogue host field		no	
PQ573556	catalogue-max	Influenza A virus	Orthomyxoviridae	Alphainfluenzavirus	Homo sapiens	5	max	H1	catalogue host field		no	
PQ573557	catalogue-max	Influenza A virus	Orthomyxoviridae	Alphainfluenzavirus	Homo sapiens	3	max	H1	catalogue host field		no	
PX715226	catalogue-max	Influenza A virus	Orthomyxoviridae	Alphainfluenzavirus	Homo sapiens	3	max	H1	catalogue host field		no	
PZ056993	catalogue-max	Severe acute respiratory syndrome coronavirus 2	Coronaviridae	Sarbecovirus	Homo sapiens		max	H1	catalogue host field		no	
PZ201453	catalogue-max	Severe acute respiratory syndrome coronavirus 2	Coronaviridae	Sarbecovirus	Homo sapiens		max	H1	catalogue host field		no	
PZ201531	catalogue-max	Severe acute respiratory syndrome coronavirus 2	Coronaviridae	Sarbecovirus	Homo sapiens		max	H1	catalogue host field		no	
PZ323188	catalogue-max	Severe acute respiratory syndrome coronavirus 2	Coronaviridae	Sarbecovirus	Homo sapiens		max	H1	catalogue host field		no	
QB056508	catalogue-max	Influenza A virus	Orthomyxoviridae	Alphainfluenzavirus	Mallard Duck	1	max	H2_species	another record of this species has a Homo sapiens host		no	
QB056509	catalogue-max	Influenza A virus	Orthomyxoviridae	Alphainfluenzavirus	Mallard Duck	2	max	H2_species	another record of this species has a Homo sapiens host		no	
QB056510	catalogue-max	Influenza A virus	Orthomyxoviridae	Alphainfluenzavirus	Mallard Duck	3	max	H2_species	another record of this species has a Homo sapiens host		no	
QB056511	catalogue-max	Influenza A virus	Orthomyxoviridae	Alphainfluenzavirus	Mallard Duck	4	max	H2_species	another record of this species has a Homo sapiens host		no	
QB056512	catalogue-max	Influenza A virus	Orthomyxoviridae	Alphainfluenzavirus	Mallard Duck	5	max	H2_species	another record of this species has a Homo sapiens host		no	
QB056513	catalogue-max	Influenza A virus	Orthomyxoviridae	Alphainfluenzavirus	Mallard Duck	6	max	H2_species	another record of this species has a Homo sapiens host		no	
QB056514	catalogue-max	Influenza A virus	Orthomyxoviridae	Alphainfluenzavirus	Mallard Duck	7	max	H2_species	another record of this species has a Homo sapiens host		no	
QB056515	catalogue-max	Influenza A virus	Orthomyxoviridae	Alphainfluenzavirus	Mallard Duck	8	max	H2_species	another record of this species has a Homo sapiens host		no	
U13766	catalogue-max	Murine leukemia virus	Retroviridae	Gammaretrovirus			max	unreviewed			yes	
U43400	catalogue-max	Human betaherpesvirus 7	Orthoherpesviridae	Roseolovirus			max	H2_species	another record of this species has a Homo sapiens host		no	
X70829	catalogue-max	Human papillomavirus 65	Papillomaviridae	Gammapapillomavirus			max	H2_name	species name starts with 'Human '		no	
X74483	catalogue-max	human papillomavirus 56	Papillomaviridae	Alphapapillomavirus			max	H2_name	species name starts with 'Human '		no	
X77858	catalogue-max	human papillomavirus 59	Papillomaviridae	Alphapapillomavirus			max	H2_species	another record of this species has a Homo sapiens host		no	
NC_002188.1	census-new	Fowlpox virus						census_host	NCBI host qualifier is Homo sapiens (submitter-provided; verify)		no	
NC_003197.2	census-new	Salmonella enterica subsp. enterica serovar Typhimurium str. LT2						census_host	NCBI host qualifier is Homo sapiens (submitter-provided; verify)		no	
NC_004587.1	census-new	Streptococcus phage 315.4						census_host	NCBI host qualifier is Homo sapiens (submitter-provided; verify)		no	
NC_004588.1	census-new	Streptococcus phage 315.5						census_host	NCBI host qualifier is Homo sapiens (submitter-provided; verify)		no	
NC_004775.2	census-new	Salmonella phage epsilon15						census_host	NCBI host qualifier is Homo sapiens (submitter-provided; verify)		no	
NC_005309.1	census-new	Canarypox virus						census_host	NCBI host qualifier is Homo sapiens (submitter-provided; verify)		no	
NC_007018.1	census-new	Human parvovirus 4 G1						H2_name	species name starts with 'Human '		no	
NC_007346.1	census-new	Emiliania huxleyi virus 86						census_host	NCBI host qualifier is Homo sapiens (submitter-provided; verify)		no	
NC_008030.1	census-new	Nile crocodilepox virus						census_host	NCBI host qualifier is Homo sapiens (submitter-provided; verify)		no	
NC_009541.1	census-new	Propionibacterium phage PA6						census_host	NCBI host qualifier is Homo sapiens (submitter-provided; verify)		no	
NC_012986.1	census-new	Salivirus A						census_host	NCBI host qualifier is Homo sapiens (submitter-provided; verify)		no	
NC_013060.1	census-new	Astrovirus VA1						census_host	NCBI host qualifier is Homo sapiens (submitter-provided; verify)		no	
NC_015150.1	census-new	Human polyomavirus 9						H2_name	species name starts with 'Human '		no	
NC_017091.1	census-new	Gyrovirus GyV3						H2_species	another record of this species has a Homo sapiens host		no	
NC_018102.1	census-new	MW polyomavirus						census_host	NCBI host qualifier is Homo sapiens (submitter-provided; verify)		no	
NC_018401.1	census-new	Gyrovirus 4						H2_species	another record of this species has a Homo sapiens host		no	
NC_021901.1	census-new	Invertebrate iridescent virus 22						census_host	NCBI host qualifier is Homo sapiens (submitter-provided; verify)		no	
NC_022089.1	census-new	Parvovirus NIH-CQV						census_host	NCBI host qualifier is Homo sapiens (submitter-provided; verify)		no	
NC_022788.1	census-new	Gyrovirus Tu243						H2_species	another record of this species has a Homo sapiens host		no	
NC_022789.1	census-new	Gyrovirus Tu789						H2_species	another record of this species has a Homo sapiens host		no	
NC_023568.1	census-new	Vibrio phage VH7D						census_host	NCBI host qualifier is Homo sapiens (submitter-provided; verify)		no	
NC_023611.1	census-new	Invertebrate iridescent virus 30						census_host	NCBI host qualifier is Homo sapiens (submitter-provided; verify)		no	
NC_023615.1	census-new	Invertebrate iridescent virus 22						census_host	NCBI host qualifier is Homo sapiens (submitter-provided; verify)		no	
NC_023888.1	census-new	Circo-like virus-Brazil hs1						census_host	NCBI host qualifier is Homo sapiens (submitter-provided; verify)		no	
NC_024355.1	census-new	Staphylococcus phage 6ec						census_host	NCBI host qualifier is Homo sapiens (submitter-provided; verify)		no	
NC_024781.1	census-new	Orthomarburgvirus marburgense						census_host	NCBI host qualifier is Homo sapiens (submitter-provided; verify)		no	
NC_025726.1	census-new	Torque teno mini virus ALA22						H2_species	another record of this species has a Homo sapiens host		no	
NC_025727.1	census-new	Torque teno mini virus ALH8						H2_species	another record of this species has a Homo sapiens host		no	
NC_026422.1	census-new	Influenza A virus (A/Shanghai/02/2013(H7N9))						census_host	NCBI host qualifier is Homo sapiens (submitter-provided; verify)		no	
NC_026423.1	census-new	Influenza A virus (A/Shanghai/02/2013(H7N9))						census_host	NCBI host qualifier is Homo sapiens (submitter-provided; verify)		no	
NC_026424.1	census-new	Influenza A virus (A/Shanghai/02/2013(H7N9))						census_host	NCBI host qualifier is Homo sapiens (submitter-provided; verify)		no	
NC_026425.1	census-new	Influenza A virus (A/Shanghai/02/2013(H7N9))						census_host	NCBI host qualifier is Homo sapiens (submitter-provided; verify)		no	
NC_026426.1	census-new	Influenza A virus (A/Shanghai/02/2013(H7N9))						census_host	NCBI host qualifier is Homo sapiens (submitter-provided; verify)		no	
NC_026427.1	census-new	Influenza A virus (A/Shanghai/02/2013(H7N9))						census_host	NCBI host qualifier is Homo sapiens (submitter-provided; verify)		no	
NC_026428.1	census-new	Influenza A virus (A/Shanghai/02/2013(H7N9))						census_host	NCBI host qualifier is Homo sapiens (submitter-provided; verify)		no	
NC_026429.1	census-new	Influenza A virus (A/Shanghai/02/2013(H7N9))						census_host	NCBI host qualifier is Homo sapiens (submitter-provided; verify)		no	
NC_026437.1	census-new	Influenza A virus (A/California/07/2009(H1N1))						census_host	NCBI host qualifier is Homo sapiens (submitter-provided; verify)		no	
NC_026612.1	census-new	Uncultured phage WW-nAnB strain 2						census_host	NCBI host qualifier is Homo sapiens (submitter-provided; verify)		no	
NC_026613.1	census-new	Uncultured phage WW-nAnB strain 3						census_host	NCBI host qualifier is Homo sapiens (submitter-provided; verify)		no	
NC_028813.1	census-new	Mycobacterium phage Seagreen						census_host	NCBI host qualifier is Homo sapiens (submitter-provided; verify)		no	
NC_029647.1	census-new	Norovirus GIV						census_host	NCBI host qualifier is Homo sapiens (submitter-provided; verify)		no	
NC_030297.1	census-new	Torque teno mini virus 18						H2_species	another record of this species has a Homo sapiens host		no	
NC_030454.1	census-new	enterovirus A114						census_host	NCBI host qualifier is Homo sapiens (submitter-provided; verify)		no	
NC_030791.1	census-new	Hepatitis C virus genotype 7						census_host	NCBI host qualifier is Homo sapiens (submitter-provided; verify)		no	
NC_035758.1	census-new	Bastrovirus 7						census_host	NCBI host qualifier is Homo sapiens (submitter-provided; verify)		no	
NC_035889.1	census-new	Zika virus						census_host	NCBI host qualifier is Homo sapiens (submitter-provided; verify)		no	
NC_036877.1	census-new	Cyclovirus PK5006						census_host	NCBI host qualifier is Homo sapiens (submitter-provided; verify)		no	
NC_038307.1	census-new	Coxsackievirus B3						census_host	NCBI host qualifier is Homo sapiens (submitter-provided; verify)		no	
NC_038352.1	census-new	Torque teno midi virus 5						H2_species	another record of this species has a Homo sapiens host		no	
NC_038353.1	census-new	Torque teno midi virus 6						H2_species	another record of this species has a Homo sapiens host		no	
NC_038354.1	census-new	Torque teno midi virus 7						H2_species	another record of this species has a Homo sapiens host		no	
NC_038355.1	census-new	Torque teno midi virus 8						H2_species	another record of this species has a Homo sapiens host		no	
NC_038356.1	census-new	Torque teno midi virus 9						H2_species	another record of this species has a Homo sapiens host		no	
NC_038357.1	census-new	Torque teno midi virus 10						H2_species	another record of this species has a Homo sapiens host		no	
NC_038358.1	census-new	Torque teno midi virus 11						H2_species	another record of this species has a Homo sapiens host		no	
NC_038360.1	census-new	Torque teno midi virus 13						H2_species	another record of this species has a Homo sapiens host		no	
NC_038361.1	census-new	Torque teno midi virus 14						H2_species	another record of this species has a Homo sapiens host		no	
NC_038412.1	census-new	Cyclovirus PK5510						census_host	NCBI host qualifier is Homo sapiens (submitter-provided; verify)		no	
NC_038413.1	census-new	Cyclovirus PK5222						census_host	NCBI host qualifier is Homo sapiens (submitter-provided; verify)		no	
NC_038414.1	census-new	Cyclovirus TN25						census_host	NCBI host qualifier is Homo sapiens (submitter-provided; verify)		no	
NC_038415.1	census-new	Cyclovirus PK5034						census_host	NCBI host qualifier is Homo sapiens (submitter-provided; verify)		no	
NC_038416.1	census-new	Cyclovirus NG12						census_host	NCBI host qualifier is Homo sapiens (submitter-provided; verify)		no	
NC_038417.1	census-new	Cyclovirus NG14						census_host	NCBI host qualifier is Homo sapiens (submitter-provided; verify)		no	
NC_038436.1	census-new	Human hepegivirus						H2_name	species name starts with 'Human '		no	
NC_039475.1	census-new	Norovirus GII.17						census_host	NCBI host qualifier is Homo sapiens (submitter-provided; verify)		no	
NC_039477.1	census-new	Norovirus GII						census_host	NCBI host qualifier is Homo sapiens (submitter-provided; verify)		no	
NC_039897.1	census-new	Norovirus GI/Hu/JP/2007/GI.P3_GI.3/Shimizu/KK2866						census_host	NCBI host qualifier is Homo sapiens (submitter-provided; verify)		no	
NC_040876.1	census-new	Norovirus GII						census_host	NCBI host qualifier is Homo sapiens (submitter-provided; verify)		no	
NC_043450.1	census-new	Severe fever with thrombocytopenia syndrome virus						census_host	NCBI host qualifier is Homo sapiens (submitter-provided; verify)		no	
NC_043451.1	census-new	Severe fever with thrombocytopenia syndrome virus						census_host	NCBI host qualifier is Homo sapiens (submitter-provided; verify)		no	
NC_043452.1	census-new	Severe fever with thrombocytopenia syndrome virus						census_host	NCBI host qualifier is Homo sapiens (submitter-provided; verify)		no	
NC_044045.1	census-new	Norovirus GII/Hu/JP/2007/GII.P15_GII.15/Sapporo/HK299						census_host	NCBI host qualifier is Homo sapiens (submitter-provided; verify)		no	
NC_044046.1	census-new	Norovirus GII/Hu/JP/2011/GII/Yuzawa/Gira2HS						census_host	NCBI host qualifier is Homo sapiens (submitter-provided; verify)		no	
NC_044853.1	census-new	Norovirus GI						census_host	NCBI host qualifier is Homo sapiens (submitter-provided; verify)		no	
NC_044854.1	census-new	Norovirus GI						census_host	NCBI host qualifier is Homo sapiens (submitter-provided; verify)		no	
NC_044855.1	census-new	Norovirus GIV						census_host	NCBI host qualifier is Homo sapiens (submitter-provided; verify)		no	
NC_044856.1	census-new	Norovirus GI						census_host	NCBI host qualifier is Homo sapiens (submitter-provided; verify)		no	
NC_044932.1	census-new	Norovirus GII						census_host	NCBI host qualifier is Homo sapiens (submitter-provided; verify)		no	
NC_048632.1	census-new	Salmonella phage 35						census_host	NCBI host qualifier is Homo sapiens (submitter-provided; verify)		no	
NC_048644.1	census-new	Staphylococcus phage 3 AJ-2017						census_host	NCBI host qualifier is Homo sapiens (submitter-provided; verify)		no	
NC_049943.1	census-new	Enterobacteria phage 2851						census_host	NCBI host qualifier is Homo sapiens (submitter-provided; verify)		no	
NC_049978.1	census-new	IAS virus						census_host	NCBI host qualifier is Homo sapiens (submitter-provided; verify)		no	
NC_063383.1	census-new	Monkeypox virus						H2_species	another record of this species has a Homo sapiens host		no	
NC_070821.1	census-new	Pseudoalteromonas phage Maelstrom						census_host	NCBI host qualifier is Homo sapiens (submitter-provided; verify)		no	
NC_073315.1	census-new	Escherichia phage vB_EcoS_fFiEco03						census_host	NCBI host qualifier is Homo sapiens (submitter-provided; verify)		no	
NC_075016.1	census-new	Ross River virus						census_host	NCBI host qualifier is Homo sapiens (submitter-provided; verify)		no	
NC_075120.1	census-new	Bocaparvovirus primate1						census_host	NCBI host qualifier is Homo sapiens (submitter-provided; verify)		no	
NC_075447.1	census-new	Anelloviridae sp.						H2_species	another record of this species has a Homo sapiens host		no	
NC_075724.1	census-new	Sapovirus Hu/GI/Sapporo/MT-2010/1982						census_host	NCBI host qualifier is Homo sapiens (submitter-provided; verify)		no	
NC_076131.1	census-new	TTV-like mini virus						H2_species	another record of this species has a Homo sapiens host		no	
NC_076135.1	census-new	TTV-like mini virus						H2_species	another record of this species has a Homo sapiens host		no	
NC_076156.1	census-new	TTV-like mini virus						H2_species	another record of this species has a Homo sapiens host		no	
NC_076162.1	census-new	Torque teno mini virus SHA						H2_species	another record of this species has a Homo sapiens host		no	
NC_076166.1	census-new	TTV-like mini virus						H2_species	another record of this species has a Homo sapiens host		no	
NC_076168.1	census-new	Torque teno virus						H2_species	another record of this species has a Homo sapiens host		no	
NC_076234.1	census-new	Torque teno mini virus 10						H2_species	another record of this species has a Homo sapiens host		no	
NC_076339.1	census-new	TTV-like mini virus						H2_species	another record of this species has a Homo sapiens host		no	
NC_076948.1	census-new	Rubella virus						census_host	NCBI host qualifier is Homo sapiens (submitter-provided; verify)		no	
NC_077050.1	census-new	Ambidensovirus sp.						census_host	NCBI host qualifier is Homo sapiens (submitter-provided; verify)		no	
NC_077051.1	census-new	Ambidensovirus sp.						census_host	NCBI host qualifier is Homo sapiens (submitter-provided; verify)		no	
NC_078062.1	census-new	Heartland virus						H2_species	another record of this species has a Homo sapiens host		no	
NC_078063.1	census-new	Heartland virus						H2_species	another record of this species has a Homo sapiens host		no	
NC_078064.1	census-new	Heartland virus						H2_species	another record of this species has a Homo sapiens host		no	
NC_117268.1	census-new	Langya virus						census_host	NCBI host qualifier is Homo sapiens (submitter-provided; verify)		no	
NC_134744.1	census-new	Bacteriophage sp.						census_host	NCBI host qualifier is Homo sapiens (submitter-provided; verify)		no	
NC_134821.1	census-new	Bacteriophage sp.						census_host	NCBI host qualifier is Homo sapiens (submitter-provided; verify)		no	
NC_134822.1	census-new	Bacteriophage sp.						census_host	NCBI host qualifier is Homo sapiens (submitter-provided; verify)		no	
NC_134823.1	census-new	Bacteriophage sp.						census_host	NCBI host qualifier is Homo sapiens (submitter-provided; verify)		no	
NC_134824.1	census-new	Bacteriophage sp.						census_host	NCBI host qualifier is Homo sapiens (submitter-provided; verify)		no	
NC_135452.1	census-new	Satomivirus wayo						census_host	NCBI host qualifier is Homo sapiens (submitter-provided; verify)		no	
NC_141872.1	census-new	Totsukavirus waseda						census_host	NCBI host qualifier is Homo sapiens (submitter-provided; verify)		no	
NZ_CP010905.2	census-new	Clostridioides difficile 630						census_host	NCBI host qualifier is Homo sapiens (submitter-provided; verify)		no	
NZ_CP016318.1	census-new	Clostridioides difficile						census_host	NCBI host qualifier is Homo sapiens (submitter-provided; verify)		no	
NZ_CP029707.1	census-new	Pseudomonas aeruginosa						census_host	NCBI host qualifier is Homo sapiens (submitter-provided; verify)		no	
NZ_CP045110.1	census-new	Acinetobacter baumannii						census_host	NCBI host qualifier is Homo sapiens (submitter-provided; verify)		no	
NC_000940	evonk-new	Porcine enteric sapovirus, complete genome						unreviewed			yes	
NC_001503	evonk-new	Mouse mammary tumor virus, complete genome						unreviewed			yes	
NC_001522	evonk-new	HPV RefSeq alias						unreviewed		refseq_alias_of_genbank_hpv:X02346	no	
NC_001552	evonk-new	Sendai virus genomic RNA, antisense, complete sequence						unreviewed			yes	
NC_001564	evonk-new	Cell fusing agent virus						unreviewed			yes	
NC_001607	evonk-new	Borna disease virus 1, complete sequence						unreviewed			yes	
NC_001669	evonk-new	Simian virus 40, complete genome						proposed	Simian virus 40: lab/vector contaminant, polyomavirus; ship as contaminant		yes	
NC_001921	evonk-new	Canine distemper virus, complete genome						unreviewed			yes	
NC_001989	evonk-new	Bovine respiratory syncytial virus, complete genome						unreviewed			yes	
NC_002077	evonk-new	Adeno-associated virus - 1, complete genome						proposed	AAV 1/7/8: gene-therapy vector serotypes (AAV2 NC_001401 is already bundled); ship as contaminant		yes	
NC_002161	evonk-new	Bovine parainfluenza virus 3, complete genome						unreviewed			yes	
NC_002199	evonk-new	Tupaia paramyxovirus, complete genome						unreviewed			yes	
NC_003043	evonk-new	Avian paramyxovirus 6, complete genome						unreviewed			yes	
NC_003045	evonk-new	Bovine coronavirus						unreviewed			no	
NC_003466	evonk-new	Andes virus segment S, complete sequence						proposed	Andes virus S/M/L: human pathogen (hantavirus pulmonary syndrome)		yes	
NC_003467	evonk-new	Andes virus segment M, complete genome						proposed	Andes virus S/M/L: human pathogen (hantavirus pulmonary syndrome)		yes	
NC_003468	evonk-new	Andes virus segment L, complete genome						proposed	Andes virus S/M/L: human pathogen (hantavirus pulmonary syndrome)		yes	
NC_003676	evonk-new	Apoi virus, genome						unreviewed			yes	
NC_003696	evonk-new	Eyach virus segment 1, complete genome						proposed	UNCERTAIN: Eyach virus segments 1-12 (coltivirus); human association suggested, confirm		yes	
NC_003697	evonk-new	Eyach virus segment 2, complete genome						proposed	UNCERTAIN: Eyach virus segments 1-12 (coltivirus); human association suggested, confirm		yes	
NC_003698	evonk-new	Eyach virus segment 3, complete genome						proposed	UNCERTAIN: Eyach virus segments 1-12 (coltivirus); human association suggested, confirm		yes	
NC_003699	evonk-new	Eyach virus segment 4, complete genome						proposed	UNCERTAIN: Eyach virus segments 1-12 (coltivirus); human association suggested, confirm		yes	
NC_003700	evonk-new	Eyach virus segment 5, complete genome						proposed	UNCERTAIN: Eyach virus segments 1-12 (coltivirus); human association suggested, confirm		yes	
NC_003701	evonk-new	Eyach virus segment 6, complete genome						proposed	UNCERTAIN: Eyach virus segments 1-12 (coltivirus); human association suggested, confirm		yes	
NC_003702	evonk-new	Eyach virus segment 7, complete genome						proposed	UNCERTAIN: Eyach virus segments 1-12 (coltivirus); human association suggested, confirm		yes	
NC_003703	evonk-new	Eyach virus segment 8, complete genome						proposed	UNCERTAIN: Eyach virus segments 1-12 (coltivirus); human association suggested, confirm		yes	
NC_003704	evonk-new	Eyach virus segment 9, complete genome						proposed	UNCERTAIN: Eyach virus segments 1-12 (coltivirus); human association suggested, confirm		yes	
NC_003705	evonk-new	Eyach virus segment 10, complete genome						proposed	UNCERTAIN: Eyach virus segments 1-12 (coltivirus); human association suggested, confirm		yes	
NC_003706	evonk-new	Eyach virus segment 11, complete genome						proposed	UNCERTAIN: Eyach virus segments 1-12 (coltivirus); human association suggested, confirm		yes	
NC_003707	evonk-new	Eyach virus segment 12, complete genome						proposed	UNCERTAIN: Eyach virus segments 1-12 (coltivirus); human association suggested, confirm		yes	
NC_003996	evonk-new	Tamana bat virus, genome						unreviewed			yes	
NC_004074	evonk-new	Tioman virus, complete genome						unreviewed			yes	
NC_004119	evonk-new	Montana myotis leukoencephalitis virus, complete genome						unreviewed			yes	
NC_004199	evonk-new	Kadipiro virus chromosome segment 12, complete genome						unreviewed			yes	
NC_004205	evonk-new	Kadipiro virus segment 11, complete sequence						unreviewed			yes	
NC_004206	evonk-new	Kadipiro virus chromosome segment 10, complete genome						unreviewed			yes	
NC_004207	evonk-new	Kadipiro virus chromosome segment 9, complete genome						unreviewed			yes	
NC_004208	evonk-new	Kadipiro virus chromosome segment 8, complete genome						unreviewed			yes	
NC_004209	evonk-new	Kadipiro virus segment 7, complete genome						unreviewed			yes	
NC_004210	evonk-new	Kadipiro virus chromosome segment 1, complete genome						unreviewed			yes	
NC_004212	evonk-new	Kadipiro virus chromosome segment 2, complete genome						unreviewed			yes	
NC_004213	evonk-new	Kadipiro virus chromosome segment 3, complete genome						unreviewed			yes	
NC_004214	evonk-new	Kadipiro virus chromosome segment 4, complete genome						unreviewed			yes	
NC_004215	evonk-new	Kadipiro virus chromosome segment 5, complete genome						unreviewed			yes	
NC_004216	evonk-new	Kadipiro virus chromosome segment 6, complete genome						unreviewed			yes	
NC_004292	evonk-new	Tacaribe virus segment L, complete sequence						unreviewed			yes	
NC_004293	evonk-new	Tacaribe virus segment S, complete sequence						unreviewed			yes	
NC_005036	evonk-new	Goose paramyxovirus SF02, complete genome						unreviewed			yes	
NC_005039	evonk-new	Yokose virus, complete genome						unreviewed			yes	
NC_005064	evonk-new	Kamiti River virus, complete genome						unreviewed			yes	
NC_005084	evonk-new	Fer-de-lance virus, complete genome						unreviewed			yes	
NC_005223	evonk-new	Puumala virus segment M, complete sequence						proposed	Puumala virus M/S: human pathogen (haemorrhagic fever with renal syndrome)		yes	
NC_005224	evonk-new	Puumala virus segment S, complete sequence						proposed	Puumala virus M/S: human pathogen (haemorrhagic fever with renal syndrome)		yes	
NC_005233	evonk-new	Dobrava virus complete S segment gene for nucleocapsid pro						proposed	Dobrava virus S/M/L: human pathogen (HFRS)		yes	
NC_005234	evonk-new	Dobrava virus complete M segment gene for glycoprotein pre						proposed	Dobrava virus S/M/L: human pathogen (HFRS)		yes	
NC_005235	evonk-new	Dobrava virus complete L segment gene for polymerase prote						proposed	Dobrava virus S/M/L: human pathogen (HFRS)		yes	
NC_005283	evonk-new	Dolphin morbillivirus, complete genome						unreviewed			yes	
NC_005339	evonk-new	Mossman virus, complete genome						unreviewed			yes	
NC_005894	evonk-new	Pirital virus segment S, complete sequence						unreviewed			yes	
NC_005897	evonk-new	Pirital virus segment L, complete genome						unreviewed			yes	
NC_006260	evonk-new	Adeno-associated virus - 7, complete genome						proposed	AAV 1/7/8: gene-therapy vector serotypes (AAV2 NC_001401 is already bundled); ship as contaminant		yes	
NC_006261	evonk-new	Adeno-associated virus - 8, complete genome						proposed	AAV 1/7/8: gene-therapy vector serotypes (AAV2 NC_001401 is already bundled); ship as contaminant		yes	
NC_006296	evonk-new	Rinderpest virus (strain Kabete O), complete genome						unreviewed			yes	
NC_006383	evonk-new	Peste des petits ruminants virus complete genome						unreviewed			yes	
NC_006428	evonk-new	Simian virus 41, complete genome						unreviewed			yes	
NC_006495	evonk-new	Thogoto virus segment 2, complete sequence						unreviewed			yes	
NC_006496	evonk-new	Thogoto virus segment 3, complete sequence						unreviewed			yes	
NC_006504	evonk-new	Thogoto virus segment 6, complete sequence						unreviewed			yes	
NC_006506	evonk-new	Thogoto virus segment 4, complete sequence						unreviewed			yes	
NC_006507	evonk-new	Thogoto virus segment 5, complete sequence						unreviewed			yes	
NC_006508	evonk-new	Thogoto virus segment 1, complete sequence						unreviewed			yes	
NC_006572	evonk-new	Mopeia Lassa reassortant 29 segment L, complete genome						unreviewed			yes	
NC_006573	evonk-new	Mopeia Lassa reassortant 29 segment S, complete genome						unreviewed			yes	
NC_006574	evonk-new	Mopeia virus AN20410 segment L, complete genome						unreviewed			yes	
NC_006575	evonk-new	Mopeia virus AN20410 segment S, complete genome						unreviewed			yes	
NC_006579	evonk-new	Pneumonia virus of mice J3666, complete genome						unreviewed			yes	
NC_007014	evonk-new	Small anellovirus 2, complete genome						unreviewed		sequence_twin_of:AY622909	yes	AY622909
NC_007454	evonk-new	J-virus, complete genome						unreviewed			yes	
NC_007736	evonk-new	Liao ning virus segment 1, complete genome						unreviewed			yes	
NC_007737	evonk-new	Liao ning virus segment 2, complete genome						unreviewed			yes	
NC_007738	evonk-new	Liao ning virus segment 3, complete genome						unreviewed			yes	
NC_007739	evonk-new	Liao ning virus segment 4, complete genome						unreviewed			yes	
NC_007740	evonk-new	Liao ning virus segment 5, complete genome						unreviewed			yes	
NC_007741	evonk-new	Liao ning virus segment 6, complete genome						unreviewed			yes	
NC_007742	evonk-new	Liao ning virus segment 7, complete genome						unreviewed			yes	
NC_007743	evonk-new	Liao ning virus segment 8, complete genome						unreviewed			yes	
NC_007744	evonk-new	Liao ning virus segment 9, complete genome						unreviewed			yes	
NC_007745	evonk-new	Liao ning virus segment 10, complete genome						unreviewed			yes	
NC_007746	evonk-new	Liao ning virus segment 11, complete genome						unreviewed			yes	
NC_007747	evonk-new	Liao ning virus segment 12, complete genome						unreviewed			yes	
NC_007903	evonk-new	Mobala virus segment S, complete sequence						unreviewed			yes	
NC_007904	evonk-new	Mobala virus segment L, complete sequence						unreviewed			yes	
NC_007905	evonk-new	Ippy virus segment S, complete sequence						unreviewed			yes	
NC_007906	evonk-new	Ippy virus segment L, complete sequence						unreviewed			yes	
NC_008604	evonk-new	Culex flavivirus, complete genome						unreviewed			yes	
NC_008718	evonk-new	Entebbe bat virus, complete genome						unreviewed			yes	
NC_008719	evonk-new	Sepik virus, complete genome						unreviewed			yes	
NC_009026	evonk-new	Bussuquara virus, complete genome						unreviewed			yes	
NC_009225	evonk-new	Torque teno midi virus 1, complete genome						unreviewed		sequence_twin_of:AB290917	yes	AB290917
NC_009489	evonk-new	Mapuera virus, complete genome						unreviewed			yes	
NC_009640	evonk-new	Porcine rubulavirus, complete genome						unreviewed			yes	
NC_009823	evonk-new	Hepatitis C virus genotype 2, complete genome						proposed	Hepatitis C virus genotype 2: human pathogen; genotype 2 is absent from the catalogue		yes	
NC_009894	evonk-new	Akabane virus segment L, complete sequence						unreviewed			yes	
NC_009895	evonk-new	Akabane virus segment M, complete sequence						unreviewed			yes	
NC_009896	evonk-new	Akabane virus segment S, complete sequence						unreviewed			yes	
NC_010247	evonk-new	Amapari virus segment S, complete sequence						unreviewed			yes	
NC_010248	evonk-new	Oliveros virus segment S, complete sequence						unreviewed			yes	
NC_010249	evonk-new	Allpahuayo virus segment L, complete sequence						unreviewed			yes	
NC_010250	evonk-new	Oliveros virus segment L, complete sequence						unreviewed			yes	
NC_010251	evonk-new	Amapari virus segment L, complete sequence						unreviewed			yes	
NC_010252	evonk-new	Cupixi virus segment L, complete sequence						unreviewed			yes	
NC_010253	evonk-new	Allpahuayo virus segment S, complete sequence						unreviewed			yes	
NC_010254	evonk-new	Cupixi virus segment S, complete sequence						unreviewed			yes	
NC_010255	evonk-new	Bear Canyon virus segment L, complete sequence						unreviewed			yes	
NC_010256	evonk-new	Bear Canyon virus segment S, complete sequence						unreviewed			yes	
NC_010700	evonk-new	Whitewater Arroyo virus segment S, complete sequence						unreviewed			yes	
NC_010701	evonk-new	Tamiami virus segment S (small), complete genome						unreviewed			yes	
NC_010702	evonk-new	Tamiami virus segment L, complete sequence						unreviewed			yes	
NC_010703	evonk-new	Whitewater Arroyo virus segment L, complete sequence						unreviewed			yes	
NC_010704	evonk-new	Thottapalayam virus segment S, complete sequence						proposed	UNCERTAIN: Thottapalayam virus S/M/L, shrew-borne; human disease association unconfirmed		yes	
NC_010707	evonk-new	Thottapalayam virus segment L, complete sequence						proposed	UNCERTAIN: Thottapalayam virus S/M/L, shrew-borne; human disease association unconfirmed		yes	
NC_010708	evonk-new	Thottapalayam virus segment M, complete sequence						proposed	UNCERTAIN: Thottapalayam virus S/M/L, shrew-borne; human disease association unconfirmed		yes	
NC_010756	evonk-new	Parana virus segment S (small), complete genome						unreviewed			yes	
NC_010757	evonk-new	Flexal virus segment S, complete sequence						unreviewed			yes	
NC_010758	evonk-new	Latino virus segment S, complete sequence						unreviewed			yes	
NC_010759	evonk-new	Flexal virus segment L, complete sequence						unreviewed			yes	
NC_010760	evonk-new	Latino virus segment L, complete sequence						unreviewed			yes	
NC_010761	evonk-new	Parana virus segment L, complete sequence						unreviewed			yes	
NC_012126	evonk-new	California sea lion anellovirus, complete genome						unreviewed			yes	
NC_012533	evonk-new	Kedougou virus, complete genome						unreviewed			yes	
NC_012534	evonk-new	Bagaza virus, complete genome						unreviewed			yes	
NC_012671	evonk-new	Quang Binh virus, complete genome						unreviewed			yes	
NC_012932	evonk-new	Aedes flavivirus genomic RNA, complete genome, strain: Nar						unreviewed			yes	
NC_013057	evonk-new	Morogoro virus segment S, complete genome						unreviewed			yes	
NC_013058	evonk-new	Morogoro virus segment L, complete genome						unreviewed			yes	
NC_014068	evonk-new	Torque teno mini virus 8, complete genome						unreviewed		sequence_twin_of:AF291073	yes	AF291073
NC_014069	evonk-new	Torque teno virus 4, complete genome						proposed	Human Torque teno (mini) virus RefSeq genomes absent from the 2,041-accession anellovirus panel; keep the anellovirus total decision in view		yes	
NC_014070	evonk-new	Torque teno sus virus 1a, complete genome						unreviewed			yes	
NC_014071	evonk-new	Torque teno canis virus, complete genome						unreviewed			yes	
NC_014072	evonk-new	Torque teno felis virus, complete genome						unreviewed			yes	
NC_014077	evonk-new	Torque teno virus 14, complete genome						proposed	Human Torque teno (mini) virus RefSeq genomes absent from the 2,041-accession anellovirus panel; keep the anellovirus total decision in view		yes	
NC_014079	evonk-new	Torque teno virus 26, complete genome						proposed	Human Torque teno (mini) virus RefSeq genomes absent from the 2,041-accession anellovirus panel; keep the anellovirus total decision in view		yes	
NC_014085	evonk-new	Torque teno tamarin virus, complete genome						unreviewed			yes	
NC_014087	evonk-new	Torque teno douroucouli virus, complete genome						unreviewed			yes	
NC_014089	evonk-new	Torque teno mini virus 5, complete genome						unreviewed		sequence_twin_of:AB041962	yes	AB041962
NC_014090	evonk-new	Torque teno mini virus 4, complete genome						proposed	Human Torque teno (mini) virus RefSeq genomes absent from the 2,041-accession anellovirus panel; keep the anellovirus total decision in view		yes	
NC_014092	evonk-new	Torque teno sus virus k2 isolate 2p, complete genome						unreviewed			yes	
NC_014093	evonk-new	Torque teno midi virus 2, complete genome						unreviewed		sequence_twin_of:AB290919	yes	AB290919
NC_014095	evonk-new	Torque teno mini virus 6, complete genome						unreviewed		sequence_twin_of:AB026929	yes	AB026929
NC_014097	evonk-new	Torque teno mini virus 1, complete genome						unreviewed		sequence_twin_of:AB026931	yes	AB026931
NC_014173	evonk-new	HPV RefSeq alias						unreviewed		refseq_alias_of_genbank_hpv:GQ246951	no	
NC_014184	evonk-new	HPV RefSeq alias						unreviewed		refseq_alias_of_genbank_hpv:GQ845442	no	
NC_014186	evonk-new	HPV RefSeq alias						unreviewed		refseq_alias_of_genbank_hpv:GQ845444	no	
NC_014188	evonk-new	HPV RefSeq alias						unreviewed		refseq_alias_of_genbank_hpv:GQ845446	no	
NC_015212	evonk-new	Seal anellovirus TFFN/USA/2006, complete genome						unreviewed			yes	
NC_015450	evonk-new	Aguacate virus segment M, complete genome						unreviewed			yes	
NC_015451	evonk-new	Aguacate virus segment L, complete genome						unreviewed			yes	
NC_015452	evonk-new	Aguacate virus segment S, complete genome						unreviewed			yes	
NC_015521	evonk-new	Cutthroat trout virus, complete genome						unreviewed			yes	
NC_015691	evonk-new	Macaca fascicularis papillomavirus type 2, complete genome						unreviewed			yes	
NC_015692	evonk-new	Colobus guereza papillomavirus type 2, complete genome						unreviewed			yes	
NC_016144	evonk-new	Lloviu cuevavirus isolate Lloviu virus/M.schreibersii-wt/E						proposed	UNCERTAIN: Lloviu virus (filovirus); human infection not confirmed		yes	
NC_016152	evonk-new	Luna virus segment S, complete genome						unreviewed			yes	
NC_016153	evonk-new	Luna virus segment L, complete genome						unreviewed			yes	
NC_016997	evonk-new	Donggang virus, complete genome						unreviewed			yes	
NC_017086	evonk-new	Chaoyang virus, complete genome						unreviewed			yes	
NC_017936	evonk-new	Bat sapovirus TLC58/HK, complete genome						unreviewed			yes	
NC_017937	evonk-new	Nariva virus, complete genome						unreviewed			yes	
NC_018382	evonk-new	Bat hepevirus, complete genome						unreviewed			yes	
NC_018459	evonk-new	Aino virus Gn-Gc-NSm gene for M polyprotein, segment M, ge						unreviewed			yes	
NC_018460	evonk-new	Aino virus N and NSs genes, segment S, genomic RNA, isolat						unreviewed			yes	
NC_018461	evonk-new	Sathuperi virus RdRp gene for RNA-dependent RNA polymerase						unreviewed			yes	
NC_018462	evonk-new	Sathuperi virus N and NSs genes, segment S, genomic RNA						unreviewed			yes	
NC_018463	evonk-new	Shamonda virus RdRp gene for RNA-dependent RNA polymerase,						unreviewed			yes	
NC_018464	evonk-new	Shamonda virus N and NSs genes, segment S, genomic RNA, is						unreviewed			yes	
NC_018465	evonk-new	Aino virus RdRp gene for RNA-dependent RNA polymerase, seg						unreviewed			yes	
NC_018466	evonk-new	Sathuperi virus Gn-Gc-NSm gene for M polyprotein, segment						unreviewed			yes	
NC_018467	evonk-new	Shamonda virus Gn-Gc-NSm gene for M polyprotein, segment M						unreviewed			yes	
NC_018476	evonk-new	Simbu virus RdRp gene for RNA-dependent RNA polymerase, se						unreviewed			yes	
NC_018477	evonk-new	Simbu virus N and NSs genes, segment S, genomic RNA, isola						unreviewed			yes	
NC_018478	evonk-new	Simbu virus Gn-Gc-NSm gene for M polyprotein, segment M, g						unreviewed			yes	
NC_018481	evonk-new	CAS virus segment S, complete genome						unreviewed			yes	
NC_018482	evonk-new	Golden Gate virus segment L, complete genome						unreviewed			yes	
NC_018483	evonk-new	Golden Gate virus segment S, complete genome						unreviewed			yes	
NC_018484	evonk-new	CAS virus segment L, complete genome						unreviewed			yes	
NC_018629	evonk-new	Ikoma lyssavirus, complete genome						proposed	UNCERTAIN: Ikoma lyssavirus; no confirmed human case recalled, confirm before accepting		yes	
NC_018710	evonk-new	Lunk virus NKS-1 segment S, complete genome						unreviewed			yes	
NC_018711	evonk-new	Lunk virus NKS-1 segment L, complete genome						unreviewed			yes	
NC_019531	evonk-new	Avian paramyxovirus 4 strain APMV-4/duck/Delaware/549227/2						unreviewed			yes	
NC_020498	evonk-new	TTV-like mini virus isolate TTMV LY1, complete genome						unreviewed		sequence_twin_of:JX134044	yes	JX134044
NC_020807	evonk-new	Lagos bat virus isolate 0406SEN, complete genome						proposed	UNCERTAIN: Lagos bat / Aravan / Irkut lyssaviruses; rabies-related, human cases differ per species, confirm		yes	
NC_020808	evonk-new	Aravan virus, complete genome						proposed	UNCERTAIN: Lagos bat / Aravan / Irkut lyssaviruses; rabies-related, human cases differ per species, confirm		yes	
NC_020809	evonk-new	Irkut virus, complete genome						proposed	UNCERTAIN: Lagos bat / Aravan / Irkut lyssaviruses; rabies-related, human cases differ per species, confirm		yes	
NC_021069	evonk-new	Mosquito flavivirus isolate LSFlaviV-A20-09, complete geno						unreviewed			yes	
NC_021153	evonk-new	Rodent hepacivirus isolate RHV-339, complete genome						unreviewed			yes	
NC_021580	evonk-new	Rotavirus G chicken/03V0567/DEU/2003 segment 2, complete s						unreviewed			yes	
NC_021581	evonk-new	Rotavirus G chicken/03V0567/DEU/2003 segment 3, complete s						unreviewed			yes	
NC_021582	evonk-new	Rotavirus G chicken/03V0567/DEU/2003 segment 9, complete s						unreviewed			yes	
NC_021583	evonk-new	Rotavirus G chicken/03V0567/DEU/2003 segment 5, complete s						unreviewed			yes	
NC_021584	evonk-new	Rotavirus G chicken/03V0567/DEU/2003 segment 8, complete s						unreviewed			yes	
NC_021585	evonk-new	Rotavirus G chicken/03V0567/DEU/2003 segment 7, complete s						unreviewed			yes	
NC_021586	evonk-new	Rotavirus G chicken/03V0567/DEU/2003 segment 10, complete						unreviewed			yes	
NC_021587	evonk-new	Rotavirus G chicken/03V0567/DEU/2003 segment 11, complete						unreviewed			yes	
NC_021588	evonk-new	Rotavirus G chicken/03V0567/DEU/2003 segment 6, complete s						unreviewed			yes	
NC_021589	evonk-new	Rotavirus G chicken/03V0567/DEU/2003 segment 4, complete s						unreviewed			yes	
NC_021590	evonk-new	Rotavirus G chicken/03V0567/DEU/2003 segment 1, complete s						unreviewed			yes	
NC_021625	evonk-new	Rotavirus F chicken/03V0568/DEU/2003 segment 1, complete s						unreviewed			yes	
NC_021626	evonk-new	Rotavirus F chicken/03V0568/DEU/2003 segment 2, complete s						unreviewed			yes	
NC_021627	evonk-new	Rotavirus F chicken/03V0568/DEU/2003 segment 9, complete s						unreviewed			yes	
NC_021628	evonk-new	Rotavirus F chicken/03V0568/DEU/2003 segment 8, complete s						unreviewed			yes	
NC_021629	evonk-new	Rotavirus F chicken/03V0568/DEU/2003 segment 10, complete						unreviewed			yes	
NC_021630	evonk-new	Rotavirus F chicken/03V0568/DEU/2003 segment 4, complete s						unreviewed			yes	
NC_021631	evonk-new	Rotavirus F chicken/03V0568/DEU/2003 segment 3, complete s						unreviewed			yes	
NC_021632	evonk-new	Rotavirus F chicken/03V0568/DEU/2003 segment 5, complete s						unreviewed			yes	
NC_021633	evonk-new	Rotavirus F chicken/03V0568/DEU/2003 segment 7, complete s						unreviewed			yes	
NC_021634	evonk-new	Rotavirus F chicken/03V0568/DEU/2003 segment 11, complete						unreviewed			yes	
NC_021635	evonk-new	Rotavirus F chicken/03V0568/DEU/2003 segment 6, complete s						unreviewed			yes	
NC_022037	evonk-new	Brazoran virus segment S, complete sequence						unreviewed			yes	
NC_022038	evonk-new	Brazoran virus segment M, complete sequence						unreviewed			yes	
NC_022039	evonk-new	Brazoran virus segment L, complete sequence						unreviewed			yes	
NC_022630	evonk-new	Razdan virus strain LEIV-Arm2741 segment L, complete seque						unreviewed			yes	
NC_022631	evonk-new	Razdan virus strain LEIV-Arm2741 segment M, complete seque						unreviewed			yes	
NC_022632	evonk-new	Razdan virus strain LEIV-Arm2741 segment S, complete seque						unreviewed			yes	
NC_023633	evonk-new	Arumowot virus segment M, complete sequence						unreviewed			yes	
NC_023634	evonk-new	Arumowot virus segment S, complete sequence						unreviewed			yes	
NC_023635	evonk-new	Arumowot virus segment L, complete sequence						unreviewed			yes	
NC_075139	evonk-new	HPV RefSeq alias						unreviewed		refseq_alias_of_genbank_hpv:AB027020	no	
NC_075140	evonk-new	HPV RefSeq alias						unreviewed		refseq_alias_of_genbank_hpv:AB027021	no	
NC_075141	evonk-new	HPV RefSeq alias						unreviewed		refseq_alias_of_genbank_hpv:AB745694	no	
NC_075143	evonk-new	HPV RefSeq alias						unreviewed		refseq_alias_of_genbank_hpv:AF151983	no	
NC_075151	evonk-new	HPV RefSeq alias						unreviewed		refseq_alias_of_genbank_hpv:AJ620210	no	
NC_075157	evonk-new	HPV RefSeq alias						unreviewed		refseq_alias_of_genbank_hpv:DQ080079	no	
NC_075158	evonk-new	HPV RefSeq alias						unreviewed		refseq_alias_of_genbank_hpv:DQ080080	no	
NC_075159	evonk-new	HPV RefSeq alias						unreviewed		refseq_alias_of_genbank_hpv:DQ080082	no	
NC_075160	evonk-new	HPV RefSeq alias						unreviewed		refseq_alias_of_genbank_hpv:DQ080083	no	
NC_075168	evonk-new	HPV RefSeq alias						unreviewed		refseq_alias_of_genbank_hpv:EU410348	no	
NC_075169	evonk-new	HPV RefSeq alias						unreviewed		refseq_alias_of_genbank_hpv:EU410349	no	
NC_075171	evonk-new	HPV RefSeq alias						unreviewed		refseq_alias_of_genbank_hpv:FN677755	no	
NC_075172	evonk-new	HPV RefSeq alias						unreviewed		refseq_alias_of_genbank_hpv:FN677756	no	
NC_075174	evonk-new	HPV RefSeq alias						unreviewed		refseq_alias_of_genbank_hpv:GQ246950	no	
NC_075177	evonk-new	HPV RefSeq alias						unreviewed		refseq_alias_of_genbank_hpv:GU117629	no	
NC_075178	evonk-new	HPV RefSeq alias						unreviewed		refseq_alias_of_genbank_hpv:GU117630	no	
NC_075179	evonk-new	HPV RefSeq alias						unreviewed		refseq_alias_of_genbank_hpv:GU117633	no	
NC_075180	evonk-new	HPV RefSeq alias						unreviewed		refseq_alias_of_genbank_hpv:HE963025	no	
NC_075181	evonk-new	HPV RefSeq alias						unreviewed		refseq_alias_of_genbank_hpv:HF930491	no	
NC_075182	evonk-new	HPV RefSeq alias						unreviewed		refseq_alias_of_genbank_hpv:HM999990	no	
NC_075183	evonk-new	HPV RefSeq alias						unreviewed		refseq_alias_of_genbank_hpv:HM999991	no	
NC_075184	evonk-new	HPV RefSeq alias						unreviewed		refseq_alias_of_genbank_hpv:HM999993	no	
NC_075185	evonk-new	HPV RefSeq alias						unreviewed		refseq_alias_of_genbank_hpv:HM999994	no	
NC_075186	evonk-new	HPV RefSeq alias						unreviewed		refseq_alias_of_genbank_hpv:HM999995	no	
NC_075187	evonk-new	HPV RefSeq alias						unreviewed		refseq_alias_of_genbank_hpv:HM999997	no	
NC_075188	evonk-new	HPV RefSeq alias						unreviewed		refseq_alias_of_genbank_hpv:HM999998	no	
NC_075189	evonk-new	HPV RefSeq alias						unreviewed		refseq_alias_of_genbank_hpv:HM999999	no	
NC_075194	evonk-new	HPV RefSeq alias						unreviewed		refseq_alias_of_genbank_hpv:JF304768	no	
NC_075195	evonk-new	HPV RefSeq alias						unreviewed		refseq_alias_of_genbank_hpv:JF906559	no	
NC_075196	evonk-new	HPV RefSeq alias						unreviewed		refseq_alias_of_genbank_hpv:JN171845	no	
NC_075204	evonk-new	HPV RefSeq alias						unreviewed		refseq_alias_of_genbank_hpv:JX413105	no	
NC_075205	evonk-new	HPV RefSeq alias						unreviewed		refseq_alias_of_genbank_hpv:JX413106	no	
NC_075206	evonk-new	HPV RefSeq alias						unreviewed		refseq_alias_of_genbank_hpv:JX413108	no	
NC_075207	evonk-new	HPV RefSeq alias						unreviewed		refseq_alias_of_genbank_hpv:JX413110	no	
NC_075208	evonk-new	HPV RefSeq alias						unreviewed		refseq_alias_of_genbank_hpv:JX444072	no	
NC_075210	evonk-new	HPV RefSeq alias						unreviewed		refseq_alias_of_genbank_hpv:KC108722	no	
NC_075211	evonk-new	HPV RefSeq alias						unreviewed		refseq_alias_of_genbank_hpv:KC138720	no	
NC_075213	evonk-new	HPV RefSeq alias						unreviewed		refseq_alias_of_genbank_hpv:KC862317	no	
NC_075214	evonk-new	HPV RefSeq alias						unreviewed		refseq_alias_of_genbank_hpv:KF006398	no	
NC_075215	evonk-new	HPV RefSeq alias						unreviewed		refseq_alias_of_genbank_hpv:KF006400	no	
NC_075216	evonk-new	HPV RefSeq alias						unreviewed		refseq_alias_of_genbank_hpv:KJ913662	no	
NC_075217	evonk-new	HPV RefSeq alias						unreviewed		refseq_alias_of_genbank_hpv:KM085343	no	
NC_075220	evonk-new	HPV RefSeq alias						unreviewed		refseq_alias_of_genbank_hpv:KP692114	no	
NC_075221	evonk-new	HPV RefSeq alias						unreviewed		refseq_alias_of_genbank_hpv:KP692116	no	
NC_075226	evonk-new	HPV RefSeq alias						unreviewed		refseq_alias_of_genbank_hpv:KT698166	no	
NC_075227	evonk-new	HPV RefSeq alias						unreviewed		refseq_alias_of_genbank_hpv:KT698167	no	
NC_075228	evonk-new	HPV RefSeq alias						unreviewed		refseq_alias_of_genbank_hpv:KT698168	no	
NC_075238	evonk-new	HPV RefSeq alias						unreviewed		refseq_alias_of_genbank_hpv:M62849	no	
NC_075242	evonk-new	HPV RefSeq alias						unreviewed		refseq_alias_of_genbank_hpv:U21941	no	
NC_075243	evonk-new	HPV RefSeq alias						unreviewed		refseq_alias_of_genbank_hpv:U31778	no	
NC_075244	evonk-new	HPV RefSeq alias						unreviewed		refseq_alias_of_genbank_hpv:U31779	no	
NC_075245	evonk-new	HPV RefSeq alias						unreviewed		refseq_alias_of_genbank_hpv:U31780	no	
NC_075246	evonk-new	HPV RefSeq alias						unreviewed		refseq_alias_of_genbank_hpv:U31781	no	
NC_075247	evonk-new	HPV RefSeq alias						unreviewed		refseq_alias_of_genbank_hpv:U31783	no	
NC_075248	evonk-new	HPV RefSeq alias						unreviewed		refseq_alias_of_genbank_hpv:U31784	no	
NC_075249	evonk-new	HPV RefSeq alias						unreviewed		refseq_alias_of_genbank_hpv:U31785	no	
NC_075250	evonk-new	HPV RefSeq alias						unreviewed		refseq_alias_of_genbank_hpv:U31786	no	
NC_075252	evonk-new	HPV RefSeq alias						unreviewed		refseq_alias_of_genbank_hpv:U31788	no	
NC_075253	evonk-new	HPV RefSeq alias						unreviewed		refseq_alias_of_genbank_hpv:U31794	no	
NC_075257	evonk-new	HPV RefSeq alias						unreviewed		refseq_alias_of_genbank_hpv:X62843	no	
NC_075259	evonk-new	HPV RefSeq alias						unreviewed		refseq_alias_of_genbank_hpv:X74462	no	
NC_075260	evonk-new	HPV RefSeq alias						unreviewed		refseq_alias_of_genbank_hpv:X74466	no	
NC_075261	evonk-new	HPV RefSeq alias						unreviewed		refseq_alias_of_genbank_hpv:X74467	no	
NC_075262	evonk-new	HPV RefSeq alias						unreviewed		refseq_alias_of_genbank_hpv:X74468	no	
NC_075263	evonk-new	HPV RefSeq alias						unreviewed		refseq_alias_of_genbank_hpv:X74469	no	
NC_075264	evonk-new	HPV RefSeq alias						unreviewed		refseq_alias_of_genbank_hpv:X74470	no	
NC_075265	evonk-new	HPV RefSeq alias						unreviewed		refseq_alias_of_genbank_hpv:X74471	no	
NC_075266	evonk-new	HPV RefSeq alias						unreviewed		refseq_alias_of_genbank_hpv:X74473	no	
NC_075268	evonk-new	HPV RefSeq alias						unreviewed		refseq_alias_of_genbank_hpv:X74478	no	
NC_075271	evonk-new	HPV RefSeq alias						unreviewed		refseq_alias_of_genbank_hpv:X74483	no	
NC_075272	evonk-new	HPV RefSeq alias						unreviewed		refseq_alias_of_genbank_hpv:X77858	no	
