accession	species	group	group_basis	n_kmers	frac_unique	frac_sibling	frac_other_group
AB026929	Torque teno mini virus 6	Betatorquevirus	ictv_genus	2867	0.8978	0.0586	0.0767
AB026930	TTV-like mini virus	Betatorquevirus	genus	2806	0.8343	0.1643	0.0748
AB026931	Torque teno mini virus 1	Betatorquevirus	ictv_genus	2802	0.8091	0.1909	0.0774
AB027020	human papillomavirus 69	Alphapapillomavirus	ictv_genus	7670	0.9759	0.0241	0.0000
AB027021	human papillomavirus 82	Alphapapillomavirus	ictv_genus	7841	0.9797	0.0202	0.0001
AB041962	Torque teno mini virus 5	Betatorquevirus	ictv_genus	2853	0.8027	0.1973	0.0939
AB290917	Torque teno midi virus 1	Gammatorquevirus	ictv_genus	3215	0.7403	0.2221	0.1997
AB290918	Torque teno midi virus 1	Gammatorquevirus	ictv_genus	3212	0.7229	0.2593	0.2176
AB290919	Torque teno midi virus 2	Gammatorquevirus	ictv_genus	3223	0.7422	0.1641	0.2529
AB303552	Torque teno midi virus 5	Gammatorquevirus	ictv_genus	3178	0.6926	0.1630	0.3068
AB303553	Torque teno midi virus 6	Gammatorquevirus	ictv_genus	3168	0.8015	0.1689	0.1796
AB303554	Torque teno midi virus 7	Gammatorquevirus	ictv_genus	3167	0.7875	0.1749	0.2040
AB303555	Torque teno midi virus	Torque teno midi virus	species	3175	0.7843	0.2079	0.2129
AB303556	Torque teno midi virus	Torque teno midi virus	species	3170	0.8177	0.1341	0.1767
AB303557	Torque teno midi virus	Torque teno midi virus	species	3174	0.7187	0.1367	0.2779
AB303558	Torque teno midi virus 8	Gammatorquevirus	ictv_genus	3193	0.7610	0.1679	0.2349
AB303559	Torque teno midi virus 9	Gammatorquevirus	ictv_genus	3157	0.8328	0.1429	0.1641
AB303560	Torque teno midi virus 10	Gammatorquevirus	ictv_genus	3145	0.7749	0.1777	0.2162
AB303561	Torque teno midi virus 11	Gammatorquevirus	ictv_genus	3168	0.8229	0.1559	0.1771
AB303563	Torque teno midi virus	Torque teno midi virus	species	3170	0.8104	0.1552	0.1861
AB303564	Torque teno midi virus 13	Gammatorquevirus	ictv_genus	3200	0.8091	0.1753	0.1853
AB303565	Torque teno midi virus	Torque teno midi virus	species	3153	0.8002	0.1516	0.1966
AB303566	Torque teno midi virus 14	Gammatorquevirus	ictv_genus	3193	0.6984	0.2468	0.2953
AB745694	Human papillomavirus 160	Alphapapillomavirus	ictv_genus	7749	0.9613	0.0387	0.0000
AB819272	human papillomavirus 52	Alphapapillomavirus	ictv_genus	7930	0.9864	0.0136	0.0000
AF151983	human papillomavirus 83	Alphapapillomavirus	ictv_genus	8074	0.9754	0.0246	0.0000
AF157706	Human betaherpesvirus 6B	HHV-6	sibling_group	151302	0.7963	0.2035	0.0002
AF291073	Torque teno mini virus 8	Betatorquevirus	ictv_genus	2880	0.9323	0.0639	0.0323
AF293960	human papillomavirus 84	Alphapapillomavirus	ictv_genus	7918	0.9624	0.0374	0.0003
AF349909	human papillomavirus 86	Alphapapillomavirus	ictv_genus	7953	0.9580	0.0420	0.0000
AF419318	human papillomavirus 91	Alphapapillomavirus	ictv_genus	7936	0.9846	0.0154	0.0000
AF436128	human papillomavirus 89	Alphapapillomavirus	ictv_genus	8048	0.9868	0.0132	0.0000
AF436130	human papillomavirus 74	Alphapapillomavirus	ictv_genus	7857	0.9700	0.0300	0.0000
AJ400628	human papillomavirus 87	Alphapapillomavirus	ictv_genus	7968	0.9546	0.0454	0.0000
AJ620205	human papillomavirus 43	Alphapapillomavirus	ictv_genus	7945	0.9850	0.0150	0.0000
AJ620209	human papillomavirus 81	Alphapapillomavirus	ictv_genus	8040	0.9859	0.0141	0.0000
AJ620211	Human papillomavirus 94	Alphapapillomavirus	ictv_genus	7851	0.8670	0.1330	0.0000
AY382778	Human papillomavirus 93	Betapapillomavirus	ictv_genus	7420	0.9803	0.0195	0.0001
AY395706	human papillomavirus 62	Alphapapillomavirus	ictv_genus	8062	0.9878	0.0122	0.0000
AY622909	Small anellovirus 2	Small anellovirus	genus	2605	0.6710	0.0000	0.3290
AY823988	Torque teno virus	Torque teno virus	species	3721	0.7237	0.0790	0.2747
AY823989	Torque teno virus	Torque teno virus	species	3890	0.8429	0.0979	0.1517
D21208	human papillomavirus 67	Alphapapillomavirus	ictv_genus	7771	0.9874	0.0126	0.0000
DQ080079	Human papillomavirus type 68a	Alphapapillomavirus	ictv_genus	7792	0.9671	0.0329	0.0000
DQ080080	human papillomavirus 97	Alphapapillomavirus	ictv_genus	7813	0.9722	0.0278	0.0000
DQ080082	human papillomavirus 106	Alphapapillomavirus	ictv_genus	8005	0.9806	0.0194	0.0000
DQ080083	human papillomavirus 102	Alphapapillomavirus	ictv_genus	8042	0.9774	0.0226	0.0000
EF177176	human papillomavirus 56	Alphapapillomavirus	ictv_genus	7823	0.9710	0.0290	0.0000
EF202156	human papillomavirus 45	Alphapapillomavirus	ictv_genus	7825	0.9741	0.0259	0.0000
EF422221	Human papillomavirus 107	Betapapillomavirus	ictv_genus	7452	0.9893	0.0107	0.0000
EU410348	Human papillomavirus 110	Betapapillomavirus	ictv_genus	7393	0.9759	0.0241	0.0000
EU410349	Human papillomavirus 111	Betapapillomavirus	ictv_genus	7354	0.9347	0.0653	0.0000
EU918765	human papillomavirus 58	Alphapapillomavirus	ictv_genus	7794	0.9810	0.0190	0.0000
EU918767	human papillomavirus 59	Alphapapillomavirus	ictv_genus	7867	0.9910	0.0090	0.0000
FJ947080	human papillomavirus 115	Betapapillomavirus	ictv_genus	7446	0.9965	0.0035	0.0000
FM955837	Human papillomavirus 98	Betapapillomavirus	ictv_genus	7436	0.9704	0.0296	0.0000
FM955838	Human papillomavirus 99	Betapapillomavirus	ictv_genus	7668	0.9437	0.0563	0.0000
FM955839	Human papillomavirus 100	Betapapillomavirus	ictv_genus	7350	0.9784	0.0216	0.0000
FM955840	Human papillomavirus 104	Betapapillomavirus	ictv_genus	7356	0.9850	0.0150	0.0000
FM955841	Human papillomavirus 105	Betapapillomavirus	ictv_genus	7637	0.9450	0.0550	0.0000
FM955842	Human papillomavirus 113	Betapapillomavirus	ictv_genus	7382	0.9292	0.0708	0.0000
FN547152	Human papillomavirus 125	Alphapapillomavirus	ictv_genus	7779	0.9194	0.0806	0.0000
FN677755	human papillomavirus 150	Betapapillomavirus	ictv_genus	7406	0.9854	0.0146	0.0000
FN677756	Human papillomavirus 151	Betapapillomavirus	ictv_genus	7356	0.8968	0.1032	0.0000
GQ244463	human papillomavirus 114	Alphapapillomavirus	ictv_genus	8039	0.9570	0.0430	0.0000
GQ246950	Human papillomavirus 117	Alphapapillomavirus	ictv_genus	7865	0.9026	0.0974	0.0000
GQ246951	human papillomavirus 118	Betapapillomavirus	ictv_genus	7563	0.9868	0.0132	0.0000
GQ845442	Human papillomavirus 120	Betapapillomavirus	ictv_genus	7274	0.9291	0.0709	0.0000
GQ845444	Human papillomavirus 122	Betapapillomavirus	ictv_genus	7367	0.9359	0.0641	0.0000
GQ845446	human papillomavirus 124	Betapapillomavirus	ictv_genus	7459	0.9182	0.0818	0.0000
GU797360	Torque teno virus 10	Alphatorquevirus	ictv_genus	3670	0.6161	0.2019	0.3493
HE963025	Human papillomavirus 159	Betapapillomavirus	ictv_genus	7413	0.9777	0.0223	0.0000
HF930491	Human papillomavirus 174	Betapapillomavirus	ictv_genus	7329	0.9809	0.0191	0.0000
HM224451	Torque teno virus	Torque teno virus	species	3204	0.5687	0.2363	0.4167
HM999995	Human papillomavirus 143	Betapapillomavirus	ictv_genus	7685	0.9243	0.0757	0.0000
HM999997	Human papillomavirus 145	Betapapillomavirus	ictv_genus	7345	0.9858	0.0142	0.0000
JF304768	Human papillomavirus 152	Betapapillomavirus	ictv_genus	7450	0.9103	0.0897	0.0000
JN980171	Torque teno virus	Torque teno virus	species	3573	0.9149	0.0627	0.0742
JQ308210	Gyrovirus GyV3	Gyrovirus	ictv_genus	2329	0.9708	0.0292	0.0000
JQ690762	Chicken anemia virus	Gyrovirus	ictv_genus	2277	0.9960	0.0040	0.0000
JQ690763	Avian gyrovirus 2	Gyrovirus	ictv_genus	2287	0.9532	0.0468	0.0000
JX134044	Betatorquevirus homini15	Betatorquevirus	ictv_genus	2882	0.7172	0.2797	0.0687
JX134045	TTV-like mini virus	Betatorquevirus	genus	2949	0.7850	0.2150	0.0410
JX134046	Betatorquevirus homini19	Betatorquevirus	ictv_genus	2852	0.6630	0.3264	0.1192
JX310702	Gyrovirus 4	Gyrovirus	ictv_genus	2004	0.9805	0.0195	0.0000
KC138720	Human papillomavirus type XS2	Alphapapillomavirus	ictv_genus	7800	0.9538	0.0462	0.0000
KC470231	human papillomavirus 39	Alphapapillomavirus	ictv_genus	7803	0.9680	0.0320	0.0000
KF294861	Gyrovirus Tu243	Gyrovirus	ictv_genus	1990	0.9985	0.0015	0.0000
KF294862	Gyrovirus Tu789	Gyrovirus	ictv_genus	2252	0.9862	0.0138	0.0000
KF436866	human papillomavirus 51	Alphapapillomavirus	ictv_genus	7781	0.9802	0.0198	0.0000
KF764701	Betatorquevirus homini18	Betatorquevirus	ictv_genus	2537	0.8486	0.1514	0.0784
KJ194502	Torque teno virus	Torque teno virus	species	3763	0.7271	0.0890	0.2697
KJ194503	Torque teno virus	Torque teno virus	species	3421	0.9600	0.0333	0.0368
KM259873	Torque teno mini virus ALA22	Betatorquevirus	ictv_genus	2884	0.7542	0.2191	0.1207
KM259874	Torque teno mini virus ALH8	Betatorquevirus	ictv_genus	2825	0.7218	0.2782	0.0687
KM593802	SEN virus	SEN virus	species	3810	0.3950	0.0000	0.6050
KP036971	Torque teno virus	Torque teno virus	species	3569	0.7436	0.0689	0.2544
KP343818	Torque teno virus	Torque teno virus	species	2889	0.8570	0.0547	0.1430
KP343819	Torque teno virus	Torque teno virus	species	2906	0.9377	0.0220	0.0623
KP343820	Torque teno virus	Torque teno virus	species	3130	0.9067	0.0208	0.0933
KP343821	Torque teno virus	Torque teno virus	species	2654	0.9148	0.0633	0.0852
KP343822	Torque teno virus	Torque teno virus	species	2507	0.9114	0.0427	0.0862
KP343823	Torque teno virus	Torque teno virus	species	2421	0.9277	0.0000	0.0723
KP343824	Torque teno virus	Torque teno virus	species	2764	0.9150	0.0311	0.0847
KP343825	Torque teno virus	Torque teno virus	species	2544	0.9222	0.0590	0.0778
KP343826	Torque teno virus	Torque teno virus	species	2470	0.7603	0.0279	0.2397
KP343827	Torque teno virus	Torque teno virus	species	2632	0.9115	0.0604	0.0885
KP343828	Torque teno virus	Torque teno virus	species	1111	0.9640	0.0000	0.0360
KP343829	Torque teno virus	Torque teno virus	species	2831	0.9191	0.0251	0.0809
KP343830	Torque teno virus	Torque teno virus	species	2806	0.8874	0.0763	0.0916
KP343831	Torque teno virus	Torque teno virus	species	1211	0.6119	0.1049	0.3881
KP343832	Torque teno virus	Torque teno virus	species	2735	0.9027	0.0472	0.0973
KP343833	Torque teno virus	Torque teno virus	species	3528	0.8710	0.0303	0.1290
KP343834	Torque teno virus	Torque teno virus	species	2877	0.6959	0.0288	0.3041
KP343835	Torque teno virus	Torque teno virus	species	2717	0.8649	0.0394	0.1351
KP343836	Torque teno virus	Torque teno virus	species	1467	0.7314	0.0000	0.2686
KP343837	Torque teno virus	Torque teno virus	species	3757	0.7471	0.0964	0.2473
KP343838	Torque teno virus	Torque teno virus	species	3454	0.5428	0.0874	0.4554
KP343839	Torque teno virus	Torque teno virus	species	3521	0.4854	0.1224	0.5143
KP343840	Torque teno virus	Torque teno virus	species	3042	0.6101	0.2922	0.2544
KP343841	Torque teno virus	Torque teno virus	species	3248	0.6860	0.0797	0.2983
KP343842	Torque teno virus	Torque teno virus	species	3327	0.5966	0.2281	0.3571
KP343843	Torque teno virus	Torque teno virus	species	3003	0.7592	0.0852	0.2371
KP343844	Torque teno virus	Torque teno virus	species	2954	0.7116	0.0653	0.2847
KP343845	Torque teno virus	Torque teno virus	species	3653	0.7662	0.0865	0.2294
KP343846	Torque teno virus	Torque teno virus	species	3015	0.8836	0.0663	0.1161
KP343847	Torque teno virus	Torque teno virus	species	2951	0.5337	0.0098	0.4663
KP343848	Torque teno virus	Torque teno virus	species	2803	0.7806	0.0303	0.2194
KP343849	Torque teno virus	Torque teno virus	species	2614	0.8837	0.0260	0.1163
KP343850	Torque teno virus	Torque teno virus	species	2825	0.6032	0.0227	0.3968
KP343851	Torque teno virus	Torque teno virus	species	2813	0.8937	0.0786	0.0821
KP343852	Torque teno virus	Torque teno virus	species	2282	0.9689	0.0210	0.0311
KP343853	Torque teno virus	Torque teno virus	species	2809	0.7255	0.0523	0.2713
KP343854	Torque teno virus	Torque teno virus	species	2878	0.7252	0.0705	0.2748
KP343856	Torque teno virus	Torque teno virus	species	2616	0.8876	0.0359	0.1124
KP343857	Torque teno virus	Torque teno virus	species	2088	0.6887	0.0374	0.3113
KP343858	Torque teno virus	Torque teno virus	species	2842	0.8325	0.0123	0.1675
KP343859	Torque teno virus	Torque teno virus	species	1962	0.8242	0.0168	0.1758
KP343860	Torque teno virus	Torque teno virus	species	2968	0.7321	0.0445	0.2679
KP343862	Torque teno virus	Torque teno virus	species	2928	0.6540	0.0642	0.3460
KP343864	Torque teno virus	Torque teno virus	species	2914	0.7131	0.0638	0.2869
KU041847	Torque teno mini virus 18	Betatorquevirus	ictv_genus	2756	0.7344	0.1883	0.2061
KU243129	TTV-like mini virus	Betatorquevirus	genus	2794	0.7459	0.2405	0.1424
KX810064	Betatorquevirus homini29	Betatorquevirus	ictv_genus	2908	0.6627	0.3353	0.0499
KY462757	Torque teno mini virus SHC	Betatorquevirus	genus	2780	0.5863	0.4050	0.1047
KY462758	Torque teno mini virus SHC	Betatorquevirus	genus	2764	0.5923	0.4059	0.0912
KY462770	Torque teno mini virus SHA	Betatorquevirus	ictv_genus	2850	0.6926	0.3074	0.0747
KY856742	Betatorquevirus homini13	Betatorquevirus	ictv_genus	2913	0.7916	0.2080	0.0323
LC381845	TTV-like mini virus	Betatorquevirus	ictv_genus	2780	0.5338	0.4658	0.0795
LC385662	Torque teno virus 7	Alphatorquevirus	ictv_genus	3669	0.1145	0.8733	0.1199
M12737	human papillomavirus 8	Betapapillomavirus	ictv_genus	7624	0.9443	0.0557	0.0000
M32305	human papillomavirus 47	Betapapillomavirus	ictv_genus	7696	0.9532	0.0468	0.0000
M73236	human papillomavirus 42	Alphapapillomavirus	ictv_genus	7887	0.9786	0.0214	0.0000
M74117	human papillomavirus 35	Alphapapillomavirus	ictv_genus	7821	0.9921	0.0079	0.0000
MH017548	Torque teno mini virus 10	Betatorquevirus	ictv_genus	2865	0.8380	0.1620	0.0136
MH017554	Torque teno mini virus 10	Betatorquevirus	ictv_genus	2862	0.9563	0.0437	0.0038
MH017556	Torque teno mini virus 10	Betatorquevirus	ictv_genus	2867	0.6146	0.3854	0.0617
MH017563	Betatorquevirus homini28	Betatorquevirus	ictv_genus	2809	0.7124	0.2371	0.1068
MH017566	Torque teno midi virus 10	Gammatorquevirus	ictv_genus	2775	0.9301	0.0000	0.0699
MH017570	Torque teno virus 1	Alphatorquevirus	ictv_genus	3657	0.5581	0.4107	0.1890
MH017577	Torque teno virus 1	Alphatorquevirus	ictv_genus	3729	0.6482	0.3355	0.1172
MH017583	Torque teno virus 1	Alphatorquevirus	ictv_genus	3744	0.6939	0.2879	0.1239
MH648892	Anelloviridae sp.	Anelloviridae sp.	species	2517	0.8323	0.0421	0.1617
MH648893	Anelloviridae sp.	Anelloviridae sp.	species	3231	0.4101	0.4008	0.5258
MH648897	Anelloviridae sp.	Anelloviridae sp.	species	2765	0.6307	0.3599	0.1089
MH648900	Anelloviridae sp.	Anelloviridae sp.	species	2226	0.9802	0.0157	0.0157
MH648901	Anelloviridae sp.	Anelloviridae sp.	species	3046	0.5657	0.3976	0.2163
MH648907	Betatorquevirus homini17	Betatorquevirus	ictv_genus	2520	0.6202	0.3798	0.0460
MH648910	Betatorquevirus homini21	Betatorquevirus	ictv_genus	1841	0.8653	0.1347	0.0071
MH648911	Anelloviridae sp.	Anelloviridae sp.	species	2491	0.8547	0.1144	0.1301
MH648912	Betatorquevirus homini30	Betatorquevirus	ictv_genus	2649	0.9298	0.0698	0.0574
MH648913	Anelloviridae sp.	Anelloviridae sp.	species	3622	0.4500	0.5453	0.3335
MH648916	Anelloviridae sp.	Anelloviridae sp.	species	3117	0.4540	0.5403	0.2839
MH648922	Anelloviridae sp.	Anelloviridae sp.	species	1692	0.8989	0.0946	0.0118
MH648925	Anelloviridae sp.	Anelloviridae sp.	species	2810	0.9605	0.0395	0.0011
MH648942	Anelloviridae sp.	Anelloviridae sp.	species	1959	0.3047	0.6672	0.4451
MH648946	Anelloviridae sp.	Anelloviridae sp.	species	3257	0.4636	0.2134	0.5361
MH648950	Anelloviridae sp.	Anelloviridae sp.	species	1755	0.4684	0.5162	0.1219
MH648957	Anelloviridae sp.	Anelloviridae sp.	species	2592	0.8927	0.0660	0.1049
MH648958	Anelloviridae sp.	Anelloviridae sp.	species	3134	0.3593	0.6244	0.2243
MH648959	Anelloviridae sp.	Anelloviridae sp.	species	2652	0.5732	0.1192	0.4103
MH648962	Anelloviridae sp.	Anelloviridae sp.	species	2838	0.8044	0.1695	0.1149
MH648966	Betatorquevirus homini35	Betatorquevirus	ictv_genus	2377	0.9870	0.0130	0.0029
MH648969	Anelloviridae sp.	Anelloviridae sp.	species	3652	0.3324	0.5854	0.5753
MH648976	Anelloviridae sp.	Anelloviridae sp.	species	2058	0.5311	0.4470	0.3601
MH648977	Anelloviridae sp.	Anelloviridae sp.	species	2490	0.5920	0.3984	0.1610
MH648978	Anelloviridae sp.	Anelloviridae sp.	species	1696	0.8662	0.0890	0.1162
MH648982	Betatorquevirus homini38	Betatorquevirus	ictv_genus	2661	0.8861	0.0966	0.0876
MH648983	Anelloviridae sp.	Anelloviridae sp.	species	2161	0.7571	0.2059	0.0740
MH648985	Anelloviridae sp.	Anelloviridae sp.	species	2618	0.7571	0.2051	0.1096
MH648986	Betatorquevirus homini25	Betatorquevirus	ictv_genus	2338	0.9808	0.0192	0.0038
MH648989	Betatorquevirus homini20	Betatorquevirus	ictv_genus	2824	0.7188	0.0970	0.2652
MH648990	Anelloviridae sp.	Anelloviridae sp.	species	2978	0.8966	0.0618	0.1004
MH648995	Anelloviridae sp.	Anelloviridae sp.	species	2015	0.6174	0.3782	0.1072
MH648997	Anelloviridae sp.	Anelloviridae sp.	species	3017	0.8180	0.1518	0.1369
MH648999	Anelloviridae sp.	Anelloviridae sp.	species	2269	0.7378	0.2565	0.0762
MH649002	Anelloviridae sp.	Anelloviridae sp.	species	2554	0.6402	0.3587	0.0595
MH649006	Anelloviridae sp.	Anelloviridae sp.	species	2784	0.9346	0.0359	0.0654
MH649009	Anelloviridae sp.	Anelloviridae sp.	species	1953	0.7957	0.1111	0.1930
MH649011	Anelloviridae sp.	Anelloviridae sp.	species	2446	0.9289	0.0372	0.0691
MH649014	Anelloviridae sp.	Anelloviridae sp.	species	3856	0.7295	0.2508	0.1701
MH649017	Betatorquevirus homini31	Betatorquevirus	ictv_genus	2772	0.6216	0.2756	0.3561
MH649022	Anelloviridae sp.	Anelloviridae sp.	species	3043	0.7686	0.2300	0.0453
MH649023	Anelloviridae sp.	Anelloviridae sp.	species	2220	0.5432	0.4212	0.1090
MH649028	Anelloviridae sp.	Anelloviridae sp.	species	2759	0.7253	0.0529	0.2736
MH649029	Betatorquevirus homini33	Betatorquevirus	ictv_genus	1617	0.9920	0.0080	0.0000
MH649037	Anelloviridae sp.	Anelloviridae sp.	species	1932	0.5792	0.1579	0.4099
MH649039	Anelloviridae sp.	Anelloviridae sp.	species	2336	0.6293	0.3622	0.0295
MH649040	Anelloviridae sp.	Anelloviridae sp.	species	2838	0.7075	0.2763	0.0550
MH649042	Anelloviridae sp.	Anelloviridae sp.	species	3664	0.6135	0.3545	0.1430
MH649045	Anelloviridae sp.	Anelloviridae sp.	species	2831	0.8757	0.0961	0.0682
MH649051	Anelloviridae sp.	Anelloviridae sp.	species	2533	0.5717	0.3798	0.1713
MH649056	Anelloviridae sp.	Anelloviridae sp.	species	1970	0.9462	0.0183	0.0497
MH649061	Anelloviridae sp.	Anelloviridae sp.	species	2874	0.8702	0.0661	0.1253
MH649062	Anelloviridae sp.	Anelloviridae sp.	species	2854	0.7246	0.1903	0.2358
MH649063	Anelloviridae sp.	Anelloviridae sp.	species	3086	0.6167	0.1215	0.3555
MH649068	Anelloviridae sp.	Anelloviridae sp.	species	2036	0.9617	0.0201	0.0334
MH649070	Anelloviridae sp.	Anelloviridae sp.	species	3688	0.3669	0.6139	0.4062
MH649077	Anelloviridae sp.	Anelloviridae sp.	species	2713	0.6716	0.2411	0.1825
MH649083	Anelloviridae sp.	Anelloviridae sp.	species	2764	0.8470	0.0695	0.1476
MH649084	Anelloviridae sp.	Anelloviridae sp.	species	2097	0.9709	0.0272	0.0200
MH649085	Anelloviridae sp.	Anelloviridae sp.	species	2250	0.7280	0.2418	0.1733
MH649087	Anelloviridae sp.	Anelloviridae sp.	species	1672	0.9396	0.0520	0.0604
MH649092	Anelloviridae sp.	Anelloviridae sp.	species	3656	0.4929	0.3608	0.3917
MH649101	Anelloviridae sp.	Anelloviridae sp.	species	2152	0.9447	0.0167	0.0516
MH649104	Anelloviridae sp.	Anelloviridae sp.	species	2828	0.8009	0.0647	0.1987
MH649106	Anelloviridae sp.	Anelloviridae sp.	species	2741	0.6895	0.1288	0.2842
MH649109	Anelloviridae sp.	Anelloviridae sp.	species	1966	0.8571	0.1277	0.1068
MH649113	Anelloviridae sp.	Anelloviridae sp.	species	1824	0.6321	0.3679	0.0000
MH649114	Betatorquevirus homini34	Betatorquevirus	ictv_genus	2506	0.7051	0.0634	0.2905
MH649122	Anelloviridae sp.	Anelloviridae sp.	species	3925	0.4033	0.5687	0.2487
MH649125	Anelloviridae sp.	Anelloviridae sp.	species	2867	0.7248	0.0488	0.2752
MH649127	Anelloviridae sp.	Anelloviridae sp.	species	3485	0.8476	0.0488	0.1506
MH649129	Anelloviridae sp.	Anelloviridae sp.	species	1881	0.4434	0.4514	0.3509
MH649137	Anelloviridae sp.	Anelloviridae sp.	species	3666	0.5123	0.4815	0.1339
MH649141	Betatorquevirus homini24	Betatorquevirus	ictv_genus	2638	0.8093	0.1061	0.1607
MH649142	Anelloviridae sp.	Anelloviridae sp.	species	2437	0.4448	0.4928	0.4485
MH649144	Anelloviridae sp.	Anelloviridae sp.	species	3594	0.4129	0.5520	0.3840
MH649152	Anelloviridae sp.	Anelloviridae sp.	species	2818	0.9077	0.0529	0.0923
MH649156	Anelloviridae sp.	Anelloviridae sp.	species	3286	0.7727	0.2115	0.1531
MH649157	Anelloviridae sp.	Anelloviridae sp.	species	2931	0.9150	0.0618	0.0795
MH649158	Anelloviridae sp.	Anelloviridae sp.	species	3768	0.4883	0.4963	0.1616
MH649161	Anelloviridae sp.	Anelloviridae sp.	species	2471	0.6839	0.0469	0.3153
MH649165	Anelloviridae sp.	Anelloviridae sp.	species	2282	0.9483	0.0456	0.0180
MH649172	Anelloviridae sp.	Anelloviridae sp.	species	2225	0.9775	0.0054	0.0189
MH649174	Anelloviridae sp.	Anelloviridae sp.	species	2261	0.7780	0.0217	0.2180
MH649178	Anelloviridae sp.	Anelloviridae sp.	species	3807	0.6354	0.2861	0.2196
MH649183	Anelloviridae sp.	Anelloviridae sp.	species	2902	0.8346	0.1595	0.0817
MH649185	Anelloviridae sp.	Anelloviridae sp.	species	1619	0.8141	0.0117	0.1834
MH649186	Anelloviridae sp.	Anelloviridae sp.	species	2635	0.9101	0.0072	0.0892
MH649189	Anelloviridae sp.	Anelloviridae sp.	species	2864	0.7605	0.2385	0.0691
MH649199	Anelloviridae sp.	Anelloviridae sp.	species	2903	0.8839	0.0272	0.1161
MH649204	Anelloviridae sp.	Anelloviridae sp.	species	2635	0.9127	0.0493	0.0865
MH649209	Betatorquevirus homini37	Betatorquevirus	ictv_genus	2351	0.6083	0.3917	0.0064
MH649210	Anelloviridae sp.	Anelloviridae sp.	species	3935	0.7550	0.2305	0.1233
MH649212	Anelloviridae sp.	Anelloviridae sp.	species	2373	0.8066	0.1349	0.1791
MH649217	Anelloviridae sp.	Anelloviridae sp.	species	2198	0.8258	0.0619	0.1652
MH649223	Anelloviridae sp.	Anelloviridae sp.	species	3111	0.8030	0.1302	0.1803
MH649224	Anelloviridae sp.	Anelloviridae sp.	species	2861	0.6568	0.3293	0.0912
MH649228	Anelloviridae sp.	Anelloviridae sp.	species	2935	0.7189	0.2600	0.1216
MH649229	Anelloviridae sp.	Anelloviridae sp.	species	2520	0.5131	0.4444	0.3091
MH649241	Anelloviridae sp.	Anelloviridae sp.	species	2679	0.8716	0.0493	0.1243
MH649242	Anelloviridae sp.	Anelloviridae sp.	species	3822	0.5400	0.3993	0.2946
MH649254	Anelloviridae sp.	Anelloviridae sp.	species	2541	0.9429	0.0244	0.0551
MH649255	Anelloviridae sp.	Anelloviridae sp.	species	2435	0.4378	0.5396	0.2813
MH649256	Anelloviridae sp.	Anelloviridae sp.	species	3752	0.5013	0.4888	0.1154
MH649258	Anelloviridae sp.	Anelloviridae sp.	species	3138	0.6262	0.3480	0.1842
MH649263	Anelloviridae sp.	Anelloviridae sp.	species	2815	0.6899	0.1499	0.2867
MK139485	TTV-like mini virus	Betatorquevirus	genus	2885	0.8846	0.1147	0.0731
MK212029	TTV-like mini virus	Betatorquevirus	genus	2772	0.8820	0.1180	0.0826
MK212030	TTV-like mini virus	Betatorquevirus	genus	2839	0.7718	0.2282	0.0539
MK212031	Betatorquevirus homini22	Betatorquevirus	ictv_genus	2874	0.6806	0.3191	0.0752
MK212032	Hetorquevirus hominid2	Hetorquevirus	ictv_genus	2889	0.6653	0.3195	0.0260
MK820644	Torque teno virus	Torque teno virus	species	3593	0.8183	0.1673	0.1447
MK820645	Torque teno virus	Torque teno virus	species	3147	0.6530	0.0388	0.3445
MK820646	Torque teno virus	Torque teno virus	species	2878	0.6824	0.1699	0.2623
MN765195	Torque teno virus	Torque teno virus	species	3488	0.9017	0.0677	0.0972
MN765196	Torque teno virus	Torque teno virus	species	3571	0.5368	0.2445	0.4567
MN765197	Torque teno virus	Torque teno virus	species	3528	0.6910	0.1057	0.3067
MN765198	Torque teno virus	Torque teno virus	species	3473	0.8981	0.0757	0.0965
MN765199	Torque teno virus	Torque teno virus	species	3607	0.8938	0.0665	0.0970
MN765200	Torque teno virus	Torque teno virus	species	3619	0.5421	0.0998	0.4579
MN765201	Torque teno virus	Torque teno virus	species	3520	0.3608	0.5901	0.4736
MN765202	Torque teno virus	Torque teno virus	species	3604	0.3563	0.5555	0.4886
MN765203	Torque teno virus	Torque teno virus	species	3446	0.5400	0.1225	0.4573
MN768559	Torque teno virus	Torque teno virus	species	3512	0.5157	0.2187	0.4769
MN768560	Torque teno virus	Torque teno virus	species	3542	0.5570	0.2149	0.4359
MN768561	Torque teno virus	Torque teno virus	species	3421	0.4984	0.1380	0.4978
MN768562	Torque teno virus	Torque teno virus	species	3625	0.4298	0.4127	0.4811
MN768563	Torque teno virus	Torque teno virus	species	3683	0.4928	0.3712	0.4320
MN768564	Torque teno virus	Torque teno virus	species	3591	0.4545	0.3514	0.4832
MN768565	Torque teno virus	Torque teno virus	species	3621	0.4769	0.3742	0.4651
MN768566	Torque teno virus	Torque teno virus	species	3341	0.7243	0.0976	0.2757
MN768568	Torque teno virus	Torque teno virus	species	3458	0.4465	0.1550	0.5512
MN769027	TTV-like mini virus	Betatorquevirus	genus	2945	0.8784	0.1195	0.0713
MN769028	TTV-like mini virus	Betatorquevirus	genus	2848	0.7244	0.2746	0.0776
MN769029	TTV-like mini virus	Betatorquevirus	genus	2795	0.5263	0.4648	0.1338
MN769032	TTV-like mini virus	Betatorquevirus	genus	2859	0.6912	0.3088	0.0818
MN769033	TTV-like mini virus	Betatorquevirus	genus	2822	0.7190	0.2803	0.0532
MN769034	TTV-like mini virus	Betatorquevirus	genus	2807	0.8778	0.1204	0.0851
MN769035	TTV-like mini virus	Betatorquevirus	genus	2950	0.7027	0.2973	0.0817
MN769037	TTV-like mini virus	Betatorquevirus	genus	2852	0.6311	0.3685	0.0501
MN769038	TTV-like mini virus	Betatorquevirus	genus	2785	0.5939	0.4054	0.0718
MN769040	TTV-like mini virus	Betatorquevirus	genus	2958	0.5057	0.4652	0.3398
MN769041	TTV-like mini virus	Betatorquevirus	genus	2912	0.7840	0.2133	0.0934
MN769042	TTV-like mini virus	Betatorquevirus	genus	2929	0.8774	0.1226	0.0802
MN769044	TTV-like mini virus	Betatorquevirus	genus	2922	0.4969	0.5031	0.0630
MN769045	TTV-like mini virus	Betatorquevirus	genus	2931	0.8912	0.1064	0.0392
MN769046	TTV-like mini virus	Betatorquevirus	genus	2918	0.8790	0.1193	0.0679
MN769051	TTV-like mini virus	Betatorquevirus	genus	2886	0.8680	0.1320	0.0891
MN769052	TTV-like mini virus	Betatorquevirus	genus	2872	0.8659	0.1288	0.1069
MN769055	TTV-like mini virus	Betatorquevirus	genus	2844	0.8653	0.1340	0.0643
MN769056	TTV-like mini virus	Betatorquevirus	genus	2834	0.5201	0.4799	0.0857
MN769057	TTV-like mini virus	Betatorquevirus	genus	2901	0.8673	0.1324	0.0734
MN769058	TTV-like mini virus	Betatorquevirus	genus	2829	0.7653	0.2209	0.1007
MN769059	TTV-like mini virus	Betatorquevirus	genus	2897	0.8861	0.1136	0.0573
MN769060	TTV-like mini virus	Betatorquevirus	genus	2831	0.5994	0.3981	0.0445
MN769062	TTV-like mini virus	Betatorquevirus	genus	2795	0.4937	0.5063	0.0580
MN769067	TTV-like mini virus	Betatorquevirus	genus	2847	0.7727	0.2251	0.0558
MN769068	TTV-like mini virus	Betatorquevirus	genus	2846	0.8675	0.1307	0.0446
MN769070	TTV-like mini virus	Betatorquevirus	genus	2791	0.8914	0.1050	0.0699
MN769071	TTV-like mini virus	Betatorquevirus	genus	2781	0.6803	0.3092	0.1143
MN769073	TTV-like mini virus	Betatorquevirus	genus	2784	0.6444	0.3549	0.0700
MN769074	TTV-like mini virus	Betatorquevirus	genus	2843	0.8653	0.1347	0.0760
MN769076	TTV-like mini virus	Betatorquevirus	genus	2889	0.8570	0.1426	0.0786
MN769077	TTV-like mini virus	Betatorquevirus	genus	2922	0.9004	0.0996	0.0602
MN769082	TTV-like mini virus	Betatorquevirus	genus	2834	0.8800	0.1196	0.0836
MN769083	TTV-like mini virus	Betatorquevirus	genus	2878	0.9368	0.0577	0.0274
MN769084	TTV-like mini virus	Betatorquevirus	genus	2841	0.8332	0.1609	0.0894
MN769087	TTV-like mini virus	Betatorquevirus	genus	2864	0.8785	0.1208	0.0663
MN769089	TTV-like mini virus	Betatorquevirus	genus	2869	0.8717	0.1265	0.0561
MN769096	TTV-like mini virus	Betatorquevirus	genus	2826	0.9137	0.0863	0.0435
MN769100	TTV-like mini virus	Betatorquevirus	genus	2865	0.4356	0.5644	0.0709
MN769101	TTV-like mini virus	Betatorquevirus	genus	2795	0.7270	0.2243	0.1660
MN769103	TTV-like mini virus	Betatorquevirus	genus	2882	0.6829	0.3161	0.0625
MN769104	TTV-like mini virus	Betatorquevirus	genus	2790	0.5692	0.4290	0.0387
MN769105	TTV-like mini virus	Betatorquevirus	genus	2824	0.9164	0.0836	0.0336
MN769106	TTV-like mini virus	Betatorquevirus	genus	2858	0.4906	0.4860	0.2855
MN769107	TTV-like mini virus	Betatorquevirus	genus	2842	0.9011	0.0975	0.0535
MN769108	TTV-like mini virus	Betatorquevirus	genus	2854	0.6808	0.3192	0.0890
MN769109	TTV-like mini virus	Betatorquevirus	genus	2773	0.9254	0.0736	0.0498
MN769110	TTV-like mini virus	Betatorquevirus	genus	2846	0.7027	0.2973	0.0998
MN769112	TTV-like mini virus	Betatorquevirus	genus	2938	0.4901	0.5099	0.0803
MN769116	TTV-like mini virus	Betatorquevirus	genus	2756	0.8596	0.1390	0.1034
MN769118	TTV-like mini virus	Betatorquevirus	genus	2897	0.8902	0.1067	0.0549
MN769123	TTV-like mini virus	Betatorquevirus	genus	2889	0.7920	0.2080	0.0537
MN769124	TTV-like mini virus	Betatorquevirus	genus	2911	0.7939	0.2037	0.0938
MN769125	TTV-like mini virus	Betatorquevirus	genus	2874	0.8333	0.1656	0.0640
MN769126	TTV-like mini virus	Betatorquevirus	genus	2751	0.5627	0.3660	0.2246
MN769128	TTV-like mini virus	Betatorquevirus	genus	2921	0.8699	0.1301	0.0825
MN769131	TTV-like mini virus	Betatorquevirus	genus	2818	0.5323	0.4532	0.1906
MN769135	TTV-like mini virus	Betatorquevirus	genus	2870	0.8728	0.1216	0.0707
MN769136	TTV-like mini virus	Betatorquevirus	genus	2870	0.7944	0.2056	0.0847
MN769137	TTV-like mini virus	Betatorquevirus	genus	2949	0.6738	0.3252	0.0627
MN769140	TTV-like mini virus	Betatorquevirus	genus	2812	0.7984	0.1977	0.0629
MN769141	TTV-like mini virus	Betatorquevirus	genus	2867	0.3729	0.5891	0.3038
MN769142	TTV-like mini virus	Betatorquevirus	genus	2928	0.8490	0.1462	0.1059
MN769143	TTV-like mini virus	Betatorquevirus	genus	2889	0.9360	0.0633	0.0495
MN769144	TTV-like mini virus	Betatorquevirus	genus	2755	0.5434	0.4559	0.0454
MN769147	TTV-like mini virus	Betatorquevirus	genus	2866	0.7446	0.2554	0.0614
MN769149	TTV-like mini virus	Betatorquevirus	genus	2844	0.8759	0.1241	0.0636
MN769150	TTV-like mini virus	Betatorquevirus	genus	2882	0.6388	0.3595	0.0940
MN769151	TTV-like mini virus	Betatorquevirus	genus	2778	0.8542	0.1328	0.0828
MN769153	TTV-like mini virus	Betatorquevirus	genus	2886	0.6563	0.3389	0.0870
MN769154	TTV-like mini virus	Betatorquevirus	genus	2847	0.8862	0.1061	0.0653
MN769155	TTV-like mini virus	Betatorquevirus	genus	2585	0.2812	0.7157	0.3153
MN769158	TTV-like mini virus	Betatorquevirus	genus	2857	0.6101	0.3899	0.0676
MN769159	TTV-like mini virus	Betatorquevirus	genus	2898	0.8775	0.1225	0.0818
MN769162	TTV-like mini virus	Betatorquevirus	genus	2942	0.5680	0.4286	0.0449
MN769166	TTV-like mini virus	Betatorquevirus	genus	2868	0.8944	0.1029	0.0788
MN769169	TTV-like mini virus	Betatorquevirus	genus	2958	0.6410	0.3482	0.2022
MN769171	TTV-like mini virus	Betatorquevirus	genus	2901	0.9207	0.0789	0.0455
MN769172	TTV-like mini virus	Betatorquevirus	genus	2863	0.9019	0.0971	0.0492
MN769173	TTV-like mini virus	Betatorquevirus	genus	2878	0.9215	0.0778	0.0587
MN769175	TTV-like mini virus	Betatorquevirus	genus	2816	0.6009	0.3984	0.1108
MN769177	TTV-like mini virus	Betatorquevirus	genus	2822	0.8062	0.1212	0.1510
MN769178	TTV-like mini virus	Betatorquevirus	genus	2707	0.9372	0.0591	0.0318
MN769179	TTV-like mini virus	Betatorquevirus	genus	2777	0.7090	0.2856	0.0583
MN769180	TTV-like mini virus	Betatorquevirus	genus	2847	0.8711	0.1033	0.0959
MN769181	TTV-like mini virus	Betatorquevirus	genus	2869	0.8846	0.1126	0.0889
MN769182	TTV-like mini virus	Betatorquevirus	genus	2872	0.7263	0.2657	0.0773
MN769183	TTV-like mini virus	Betatorquevirus	genus	2844	0.6290	0.2947	0.2335
MN769185	TTV-like mini virus	Betatorquevirus	genus	2830	0.8541	0.1392	0.0823
MN769186	TTV-like mini virus	Betatorquevirus	genus	2821	0.5923	0.4062	0.0918
MN769187	TTV-like mini virus	Betatorquevirus	genus	2786	0.6849	0.3151	0.0876
MN769188	TTV-like mini virus	Betatorquevirus	genus	2904	0.8275	0.1722	0.0603
MN769189	TTV-like mini virus	Betatorquevirus	genus	2893	0.8783	0.1217	0.0584
MN769190	TTV-like mini virus	Betatorquevirus	genus	2835	0.5383	0.4582	0.0716
MN769191	TTV-like mini virus	Betatorquevirus	genus	2912	0.6463	0.3516	0.0738
MN769192	TTV-like mini virus	Betatorquevirus	genus	2903	0.9473	0.0517	0.0255
MN769193	TTV-like mini virus	Betatorquevirus	genus	2868	0.3877	0.5896	0.2688
MN769200	TTV-like mini virus	Betatorquevirus	genus	2860	0.6822	0.2864	0.1105
MN769201	TTV-like mini virus	Betatorquevirus	genus	2959	0.6725	0.3187	0.0585
MN769202	TTV-like mini virus	Betatorquevirus	genus	2923	0.8283	0.1646	0.0684
MN769204	TTV-like mini virus	Betatorquevirus	genus	2803	0.8716	0.1092	0.0999
MN769205	TTV-like mini virus	Betatorquevirus	genus	2813	0.7334	0.2563	0.0860
MN769206	TTV-like mini virus	Betatorquevirus	genus	2895	0.5302	0.4622	0.2515
MN769207	TTV-like mini virus	Betatorquevirus	genus	2854	0.8655	0.1338	0.0816
MN769209	TTV-like mini virus	Betatorquevirus	genus	2949	0.6802	0.3198	0.0281
MN769210	TTV-like mini virus	Betatorquevirus	genus	2801	0.4934	0.5066	0.0625
MN769211	TTV-like mini virus	Betatorquevirus	genus	2847	0.7766	0.2234	0.0871
MN769212	TTV-like mini virus	Betatorquevirus	genus	2882	0.9063	0.0926	0.0489
MN769214	TTV-like mini virus	Betatorquevirus	genus	2862	0.6852	0.3148	0.0825
MN769219	TTV-like mini virus	Betatorquevirus	genus	2911	0.8653	0.1326	0.0914
MN769221	TTV-like mini virus	Betatorquevirus	genus	2840	0.5923	0.4077	0.0637
MN769223	TTV-like mini virus	Betatorquevirus	genus	2761	0.9022	0.0974	0.0583
MN769224	TTV-like mini virus	Betatorquevirus	genus	2883	0.9105	0.0895	0.0465
MN769226	TTV-like mini virus	Betatorquevirus	genus	2801	0.8815	0.1128	0.0703
MN769228	TTV-like mini virus	Betatorquevirus	genus	2780	0.6169	0.3788	0.0489
MN769231	TTV-like mini virus	Betatorquevirus	genus	2909	0.9017	0.0949	0.0227
MN769233	TTV-like mini virus	Betatorquevirus	genus	2850	0.3768	0.6232	0.0772
MN769234	Hetorquevirus hominid2	Hetorquevirus	ictv_genus	2889	0.6580	0.3195	0.0332
MN769235	TTV-like mini virus	Betatorquevirus	genus	2809	0.5522	0.4478	0.0879
MN769236	Sadetorquevirus hominid8	Sadetorquevirus	ictv_genus	2957	0.9395	0.0000	0.0605
MN769237	TTV-like mini virus	Betatorquevirus	genus	2906	0.6614	0.3334	0.0595
MN769238	TTV-like mini virus	Betatorquevirus	genus	2889	0.8470	0.1530	0.0689
MN769241	TTV-like mini virus	Betatorquevirus	genus	2930	0.8894	0.1072	0.0792
MN769244	TTV-like mini virus	Betatorquevirus	genus	2870	0.8714	0.1286	0.0491
MN769245	TTV-like mini virus	Betatorquevirus	genus	2799	0.6324	0.3655	0.0757
MN769246	TTV-like mini virus	Betatorquevirus	genus	2872	0.7838	0.2117	0.0686
MN769247	TTV-like mini virus	Betatorquevirus	genus	2863	0.6839	0.3158	0.0409
MN769251	TTV-like mini virus	Betatorquevirus	genus	2833	0.7081	0.2902	0.0441
MN769252	TTV-like mini virus	Betatorquevirus	genus	2731	0.8689	0.1260	0.0461
MN769253	TTV-like mini virus	Betatorquevirus	genus	2917	0.6003	0.3987	0.0634
MN769256	TTV-like mini virus	Betatorquevirus	genus	2790	0.6308	0.3685	0.0384
MN769257	TTV-like mini virus	Betatorquevirus	genus	2852	0.5445	0.4523	0.0673
MN769258	TTV-like mini virus	Betatorquevirus	genus	2846	0.8060	0.1908	0.1195
MN769259	TTV-like mini virus	Betatorquevirus	genus	2787	0.5917	0.4083	0.0710
MN769260	TTV-like mini virus	Betatorquevirus	genus	2802	0.8833	0.1135	0.0796
MN769263	TTV-like mini virus	Betatorquevirus	genus	2804	0.7586	0.2414	0.0613
MN769264	TTV-like mini virus	Betatorquevirus	genus	2816	0.8619	0.1342	0.0724
MN769265	TTV-like mini virus	Betatorquevirus	genus	2786	0.7312	0.2685	0.0438
MN769266	TTV-like mini virus	Betatorquevirus	genus	2955	0.7970	0.2003	0.0572
MN769269	TTV-like mini virus	Betatorquevirus	genus	2845	0.7670	0.2169	0.1104
MN769270	TTV-like mini virus	Betatorquevirus	genus	2809	0.5326	0.4172	0.2325
MN769273	TTV-like mini virus	Betatorquevirus	genus	2834	0.8751	0.1249	0.0600
MN769274	TTV-like mini virus	Betatorquevirus	genus	2783	0.8433	0.1405	0.1006
MN769281	TTV-like mini virus	Betatorquevirus	genus	2875	0.6943	0.2967	0.0696
MN769282	TTV-like mini virus	Betatorquevirus	genus	2893	0.6613	0.3387	0.0798
MN769283	TTV-like mini virus	Betatorquevirus	genus	2877	0.8700	0.1293	0.0699
MN769286	TTV-like mini virus	Betatorquevirus	genus	2804	0.7368	0.2632	0.0613
MN769289	TTV-like mini virus	Betatorquevirus	genus	2866	0.9023	0.0977	0.0523
MN769292	TTV-like mini virus	Betatorquevirus	genus	2859	0.6974	0.2774	0.1375
MN769293	TTV-like mini virus	Betatorquevirus	genus	2854	0.9646	0.0301	0.0210
MN769294	TTV-like mini virus	Betatorquevirus	genus	2809	0.5500	0.4169	0.2353
MN769297	TTV-like mini virus	Betatorquevirus	genus	2843	0.7176	0.2824	0.0499
MN769298	TTV-like mini virus	Betatorquevirus	genus	2891	0.7644	0.2286	0.1045
MN769300	TTV-like mini virus	Betatorquevirus	genus	2858	0.7526	0.2467	0.0588
MN769301	TTV-like mini virus	Betatorquevirus	genus	2869	0.8543	0.1457	0.0697
MN769302	TTV-like mini virus	Betatorquevirus	genus	2803	0.5969	0.4024	0.0624
MN769303	TTV-like mini virus	Betatorquevirus	genus	2868	0.8877	0.1098	0.0551
MN769304	TTV-like mini virus	Betatorquevirus	genus	2838	0.9278	0.0722	0.0381
MN769305	TTV-like mini virus	Betatorquevirus	genus	2815	0.7545	0.2451	0.0522
MN769308	TTV-like mini virus	Betatorquevirus	genus	2729	0.9088	0.0879	0.0491
MN769309	TTV-like mini virus	Betatorquevirus	genus	2797	0.7004	0.2964	0.1080
MN769310	TTV-like mini virus	Betatorquevirus	genus	2940	0.6367	0.0976	0.3418
MN769311	TTV-like mini virus	Betatorquevirus	genus	2933	0.8793	0.1163	0.0753
MN769314	TTV-like mini virus	Betatorquevirus	genus	2855	0.8988	0.1012	0.0774
MN769316	TTV-like mini virus	Betatorquevirus	genus	2870	0.8397	0.1599	0.0735
MN769318	TTV-like mini virus	Betatorquevirus	genus	2846	0.7284	0.2653	0.0889
MN769319	TTV-like mini virus	Betatorquevirus	genus	2787	0.5870	0.4080	0.0901
MN769320	TTV-like mini virus	Betatorquevirus	genus	2812	0.8908	0.1003	0.0743
MN769321	TTV-like mini virus	Betatorquevirus	genus	2934	0.8729	0.1271	0.0702
MN769323	TTV-like mini virus	Betatorquevirus	genus	2835	0.9266	0.0730	0.0533
MN769324	TTV-like mini virus	Betatorquevirus	genus	2849	0.8986	0.1007	0.0333
MN769325	TTV-like mini virus	Betatorquevirus	genus	2875	0.8943	0.1002	0.0758
MN769329	TTV-like mini virus	Betatorquevirus	genus	2818	0.5348	0.4450	0.2136
MN769330	TTV-like mini virus	Betatorquevirus	genus	2867	0.8751	0.1249	0.0823
MN769332	TTV-like mini virus	Betatorquevirus	genus	2768	0.7843	0.2150	0.0668
MN769333	TTV-like mini virus	Betatorquevirus	genus	2833	0.8345	0.1532	0.0837
MN769335	TTV-like mini virus	Betatorquevirus	genus	2840	0.8715	0.1278	0.0437
MN769336	TTV-like mini virus	Betatorquevirus	genus	2950	0.8983	0.1017	0.0617
MN769337	TTV-like mini virus	Betatorquevirus	genus	2870	0.8631	0.1366	0.0833
MN769340	TTV-like mini virus	Betatorquevirus	genus	2888	0.9069	0.0873	0.0578
MN769342	TTV-like mini virus	Betatorquevirus	genus	2842	0.6042	0.3958	0.0742
MN769344	TTV-like mini virus	Betatorquevirus	genus	2879	0.8961	0.0927	0.0795
MN769346	TTV-like mini virus	Betatorquevirus	genus	2853	0.6979	0.2857	0.2124
MN769347	TTV-like mini virus	Betatorquevirus	genus	2819	0.9411	0.0578	0.0404
MN769348	TTV-like mini virus	Betatorquevirus	genus	2897	0.8557	0.1422	0.0870
MN769349	TTV-like mini virus	Betatorquevirus	genus	2874	0.5891	0.4109	0.0515
MN769350	TTV-like mini virus	Betatorquevirus	genus	2854	0.7057	0.2936	0.0697
MN769351	TTV-like mini virus	Betatorquevirus	genus	2918	0.6299	0.3694	0.0785
MN769353	TTV-like mini virus	Betatorquevirus	genus	2814	0.8063	0.1894	0.0856
MN769355	TTV-like mini virus	Betatorquevirus	genus	2808	0.7026	0.2756	0.1538
MN769356	TTV-like mini virus	Betatorquevirus	genus	2800	0.4593	0.5186	0.3150
MN769357	TTV-like mini virus	Betatorquevirus	genus	2764	0.6975	0.2562	0.2250
MN769358	TTV-like mini virus	Betatorquevirus	genus	2861	0.5575	0.4425	0.0503
MN769359	TTV-like mini virus	Betatorquevirus	genus	2847	0.9024	0.0955	0.0636
MN769363	TTV-like mini virus	Betatorquevirus	genus	2844	0.6533	0.3467	0.0700
MN769365	TTV-like mini virus	Betatorquevirus	genus	2816	0.6953	0.3022	0.0998
MN769367	TTV-like mini virus	Betatorquevirus	genus	2857	0.5611	0.4386	0.0490
MN769369	TTV-like mini virus	Betatorquevirus	genus	2899	0.8817	0.1180	0.0842
MN769372	TTV-like mini virus	Betatorquevirus	genus	2880	0.8819	0.1021	0.1038
MN769373	TTV-like mini virus	Betatorquevirus	genus	2869	0.8874	0.1087	0.0683
MN769375	TTV-like mini virus	Betatorquevirus	genus	2797	0.8330	0.1645	0.0565
MN769376	TTV-like mini virus	Betatorquevirus	genus	2821	0.6664	0.3336	0.0971
MN769380	TTV-like mini virus	Betatorquevirus	genus	2911	0.8650	0.1343	0.0673
MN769382	TTV-like mini virus	Betatorquevirus	genus	2886	0.8794	0.1206	0.0891
MN769383	TTV-like mini virus	Betatorquevirus	genus	2779	0.6880	0.3113	0.0752
MN769384	TTV-like mini virus	Betatorquevirus	genus	2870	0.9261	0.0732	0.0436
MN769386	TTV-like mini virus	Betatorquevirus	genus	2805	0.4574	0.5390	0.1365
MN769389	TTV-like mini virus	Betatorquevirus	genus	2818	0.5969	0.3903	0.1799
MN769390	TTV-like mini virus	Betatorquevirus	genus	2857	0.7214	0.2762	0.0644
MN769392	TTV-like mini virus	Betatorquevirus	genus	2789	0.5138	0.4826	0.0807
MN769395	TTV-like mini virus	Betatorquevirus	genus	2903	0.8767	0.1233	0.0782
MN769398	TTV-like mini virus	Betatorquevirus	genus	2828	0.7348	0.2617	0.0467
MN769401	TTV-like mini virus	Betatorquevirus	genus	2756	0.6110	0.3621	0.1597
MN769402	TTV-like mini virus	Betatorquevirus	genus	2880	0.8351	0.0955	0.1479
MN769403	TTV-like mini virus	Betatorquevirus	genus	2919	0.8702	0.1295	0.0877
MN769404	TTV-like mini virus	Betatorquevirus	genus	2911	0.6098	0.3902	0.0708
MN769405	TTV-like mini virus	Betatorquevirus	genus	2849	0.6957	0.3043	0.0604
MN769407	TTV-like mini virus	Betatorquevirus	genus	2905	0.6296	0.3676	0.0558
MN769409	TTV-like mini virus	Betatorquevirus	genus	2866	0.7271	0.2729	0.0764
MN769410	TTV-like mini virus	Betatorquevirus	genus	2867	0.7346	0.2654	0.0670
MN769412	TTV-like mini virus	Betatorquevirus	genus	2801	0.4680	0.5266	0.0882
MN769414	TTV-like mini virus	Betatorquevirus	genus	2886	0.4806	0.5194	0.0870
MN769415	TTV-like mini virus	Betatorquevirus	genus	2825	0.8488	0.1512	0.0510
MN769416	TTV-like mini virus	Betatorquevirus	genus	2834	0.8790	0.1210	0.0829
MN769417	TTV-like mini virus	Betatorquevirus	genus	2790	0.9183	0.0817	0.0441
MN769418	TTV-like mini virus	Betatorquevirus	genus	2879	0.8836	0.1129	0.0573
MN769425	TTV-like mini virus	Betatorquevirus	genus	2926	0.4713	0.5267	0.0643
MN769426	TTV-like mini virus	Betatorquevirus	genus	2849	0.4549	0.5451	0.0976
MN769427	TTV-like mini virus	Betatorquevirus	genus	2826	0.8800	0.1189	0.0570
MN769428	TTV-like mini virus	Betatorquevirus	genus	2875	0.7871	0.2129	0.0890
MN769432	TTV-like mini virus	Betatorquevirus	genus	2855	0.7842	0.2067	0.0665
MN769433	TTV-like mini virus	Betatorquevirus	genus	2868	0.8905	0.1095	0.0565
MN769434	TTV-like mini virus	Betatorquevirus	genus	2920	0.6455	0.3524	0.2216
MN769436	TTV-like mini virus	Betatorquevirus	genus	2850	0.7382	0.2604	0.0796
MN769437	TTV-like mini virus	Betatorquevirus	genus	2811	0.8762	0.1217	0.0651
MN769438	TTV-like mini virus	Betatorquevirus	genus	2780	0.5604	0.4029	0.2806
MN769440	TTV-like mini virus	Betatorquevirus	genus	2839	0.5840	0.4142	0.0683
MN769441	TTV-like mini virus	Betatorquevirus	genus	2874	0.7150	0.2808	0.0894
MN769442	TTV-like mini virus	Betatorquevirus	genus	2868	0.7887	0.2096	0.0851
MN769446	TTV-like mini virus	Betatorquevirus	genus	2832	0.4725	0.5226	0.1275
MN769447	TTV-like mini virus	Betatorquevirus	genus	2863	0.9032	0.0961	0.0604
MN769448	TTV-like mini virus	Betatorquevirus	genus	2880	0.8000	0.2000	0.0941
MN769449	TTV-like mini virus	Betatorquevirus	genus	2871	0.5186	0.4657	0.1742
MN769450	TTV-like mini virus	Betatorquevirus	genus	2835	0.6949	0.2952	0.1422
MN769451	TTV-like mini virus	Betatorquevirus	genus	2777	0.6824	0.3165	0.0407
MN769453	TTV-like mini virus	Betatorquevirus	genus	2822	0.7509	0.2385	0.0858
MN769454	TTV-like mini virus	Betatorquevirus	genus	2881	0.8705	0.1291	0.0635
MN769455	TTV-like mini virus	Betatorquevirus	genus	2820	0.5546	0.4440	0.0628
MN769457	TTV-like mini virus	Betatorquevirus	genus	2911	0.8805	0.1195	0.0897
MN769459	TTV-like mini virus	Betatorquevirus	genus	2860	0.9108	0.0881	0.0500
MN769460	TTV-like mini virus	Betatorquevirus	genus	2829	0.7211	0.2789	0.0495
MN769461	TTV-like mini virus	Betatorquevirus	genus	2840	0.6658	0.3342	0.0880
MN769463	TTV-like mini virus	Betatorquevirus	genus	2718	0.8054	0.1902	0.1177
MN769464	TTV-like mini virus	Betatorquevirus	genus	2819	0.8028	0.1937	0.0447
MN769465	TTV-like mini virus	Betatorquevirus	genus	2845	0.8292	0.1708	0.0749
MN769466	TTV-like mini virus	Betatorquevirus	genus	2855	0.8599	0.1320	0.1110
MN769470	TTV-like mini virus	Betatorquevirus	genus	2883	0.6549	0.3451	0.0992
MN769472	TTV-like mini virus	Betatorquevirus	genus	2853	0.4213	0.5787	0.0883
MN769473	TTV-like mini virus	Betatorquevirus	genus	2873	0.8876	0.0926	0.0912
MN769475	TTV-like mini virus	Betatorquevirus	genus	2882	0.8956	0.1010	0.0514
MN769476	TTV-like mini virus	Betatorquevirus	genus	2787	0.9121	0.0843	0.0388
MN769480	TTV-like mini virus	Betatorquevirus	genus	2880	0.8569	0.1351	0.0889
MN769482	TTV-like mini virus	Betatorquevirus	genus	2863	0.8746	0.1233	0.0905
MN769484	TTV-like mini virus	Betatorquevirus	genus	2872	0.4352	0.5616	0.0801
MN769492	TTV-like mini virus	Betatorquevirus	genus	2861	0.8815	0.1167	0.0444
MN769494	TTV-like mini virus	Betatorquevirus	genus	2804	0.8335	0.1665	0.0553
MN769497	TTV-like mini virus	Betatorquevirus	genus	2849	0.4128	0.5844	0.0990
MN769500	TTV-like mini virus	Betatorquevirus	genus	2777	0.6709	0.3270	0.0612
MN769501	TTV-like mini virus	Betatorquevirus	genus	2830	0.6565	0.3424	0.1099
MN769506	TTV-like mini virus	Betatorquevirus	genus	2829	0.8614	0.1386	0.0838
MN769507	TTV-like mini virus	Betatorquevirus	genus	2939	0.9160	0.0820	0.0681
MN769508	TTV-like mini virus	Betatorquevirus	genus	2928	0.7551	0.2449	0.0734
MN769510	TTV-like mini virus	Betatorquevirus	genus	2924	0.7972	0.2011	0.0831
MN769513	TTV-like mini virus	Betatorquevirus	genus	2863	0.7751	0.2232	0.0957
MN769515	TTV-like mini virus	Betatorquevirus	genus	2831	0.6860	0.3140	0.0477
MN769519	TTV-like mini virus	Betatorquevirus	genus	2904	0.8881	0.1109	0.0554
MN769522	TTV-like mini virus	Betatorquevirus	genus	2920	0.8603	0.1397	0.0500
MN769523	TTV-like mini virus	Betatorquevirus	genus	2847	0.7457	0.2543	0.0664
MN769524	TTV-like mini virus	Betatorquevirus	genus	2889	0.7435	0.2548	0.0678
MN769525	TTV-like mini virus	Betatorquevirus	genus	2810	0.8719	0.1238	0.1011
MN769527	TTV-like mini virus	Betatorquevirus	genus	2844	0.6262	0.3738	0.0724
MN769532	TTV-like mini virus	Betatorquevirus	genus	2792	0.8521	0.1275	0.0824
MN769533	TTV-like mini virus	Betatorquevirus	genus	2890	0.8817	0.1180	0.0585
MN769535	TTV-like mini virus	Betatorquevirus	genus	2896	0.9423	0.0573	0.0290
MN769537	TTV-like mini virus	Betatorquevirus	genus	2897	0.5906	0.4049	0.0725
MN769540	TTV-like mini virus	Betatorquevirus	genus	2864	0.7430	0.2535	0.0901
MN769541	TTV-like mini virus	Betatorquevirus	genus	2931	0.4527	0.5462	0.0635
MN769542	TTV-like mini virus	Betatorquevirus	genus	2918	0.8722	0.1254	0.0675
MN769543	TTV-like mini virus	Betatorquevirus	genus	2843	0.6658	0.3342	0.0922
MN769544	TTV-like mini virus	Betatorquevirus	genus	2849	0.4689	0.5311	0.0832
MN769545	TTV-like mini virus	Betatorquevirus	genus	2803	0.8195	0.1441	0.1167
MN769546	TTV-like mini virus	Betatorquevirus	genus	2782	0.5870	0.4105	0.0888
MN769549	TTV-like mini virus	Betatorquevirus	genus	2958	0.4834	0.5054	0.3232
MN769550	TTV-like mini virus	Betatorquevirus	genus	2942	0.9511	0.0459	0.0092
MN769552	TTV-like mini virus	Betatorquevirus	genus	2859	0.9279	0.0696	0.0458
MN769554	TTV-like mini virus	Betatorquevirus	genus	2871	0.7172	0.2790	0.0972
MN769556	TTV-like mini virus	Betatorquevirus	genus	2727	0.5244	0.4745	0.0235
MN769558	TTV-like mini virus	Betatorquevirus	genus	2891	0.8606	0.1394	0.0564
MN769559	TTV-like mini virus	Betatorquevirus	genus	2891	0.8609	0.1384	0.0986
MN769560	TTV-like mini virus	Betatorquevirus	genus	2876	0.5337	0.4663	0.0626
MN769561	TTV-like mini virus	Betatorquevirus	genus	2855	0.6823	0.3117	0.0697
MN769562	TTV-like mini virus	Betatorquevirus	genus	2859	0.8716	0.1259	0.0776
MN769563	TTV-like mini virus	Betatorquevirus	genus	2852	0.7707	0.2258	0.0856
MN769564	TTV-like mini virus	Betatorquevirus	genus	2908	0.7442	0.2431	0.1575
MN769565	TTV-like mini virus	Betatorquevirus	genus	2842	0.8329	0.1643	0.1038
MN769566	TTV-like mini virus	Betatorquevirus	genus	2808	0.5345	0.4441	0.1781
MN769567	TTV-like mini virus	Betatorquevirus	genus	2812	0.7454	0.2408	0.0829
MN769568	TTV-like mini virus	Betatorquevirus	genus	2779	0.7053	0.2602	0.1468
MN769569	TTV-like mini virus	Betatorquevirus	genus	2757	0.8477	0.1523	0.0696
MN769573	TTV-like mini virus	Betatorquevirus	genus	2800	0.7257	0.2743	0.0496
MN769574	TTV-like mini virus	Betatorquevirus	genus	2965	0.5899	0.4088	0.0573
MN769576	TTV-like mini virus	Betatorquevirus	genus	2783	0.9120	0.0873	0.0478
MN769577	TTV-like mini virus	Betatorquevirus	genus	2802	0.7894	0.2095	0.0996
MN769578	TTV-like mini virus	Betatorquevirus	genus	2779	0.8409	0.1533	0.0414
MN769579	TTV-like mini virus	Betatorquevirus	genus	2773	0.7761	0.2232	0.0887
MN769580	TTV-like mini virus	Betatorquevirus	genus	2870	0.8700	0.0833	0.0899
MN769581	TTV-like mini virus	Betatorquevirus	genus	2777	0.6885	0.3061	0.0501
MN769583	TTV-like mini virus	Betatorquevirus	genus	2862	0.9074	0.0863	0.0479
MN769584	TTV-like mini virus	Betatorquevirus	genus	2835	0.7118	0.2882	0.0628
MN769585	TTV-like mini virus	Betatorquevirus	genus	2906	0.7426	0.2574	0.0767
MN769586	TTV-like mini virus	Betatorquevirus	genus	2882	0.8893	0.1096	0.0583
MN769587	TTV-like mini virus	Betatorquevirus	genus	2871	0.6980	0.2954	0.0815
MN769589	TTV-like mini virus	Betatorquevirus	genus	2882	0.7179	0.2797	0.0749
MN769596	TTV-like mini virus	Betatorquevirus	genus	2919	0.9168	0.0832	0.0459
MN769597	TTV-like mini virus	Betatorquevirus	genus	2867	0.8908	0.1092	0.0841
MN769598	TTV-like mini virus	Betatorquevirus	genus	2873	0.8542	0.1458	0.0811
MN769599	TTV-like mini virus	Betatorquevirus	genus	2856	0.8449	0.1551	0.0802
MN769600	TTV-like mini virus	Betatorquevirus	genus	2926	0.8633	0.1347	0.0807
MN769602	TTV-like mini virus	Betatorquevirus	genus	2776	0.5731	0.4017	0.2774
MN769605	TTV-like mini virus	Betatorquevirus	genus	2964	0.9170	0.0810	0.0219
MN769606	TTV-like mini virus	Betatorquevirus	genus	2869	0.8428	0.1568	0.0945
MN769608	TTV-like mini virus	Betatorquevirus	genus	2794	0.9055	0.0941	0.0741
MN769611	TTV-like mini virus	Betatorquevirus	genus	2826	0.6783	0.3192	0.0531
MN769612	TTV-like mini virus	Betatorquevirus	genus	2899	0.8875	0.1125	0.0638
MN769614	TTV-like mini virus	Betatorquevirus	genus	2854	0.9093	0.0883	0.0417
MN769615	TTV-like mini virus	Betatorquevirus	genus	2925	0.7839	0.2147	0.1193
MN769616	TTV-like mini virus	Betatorquevirus	genus	2687	0.5780	0.4202	0.0778
MN769617	TTV-like mini virus	Betatorquevirus	genus	2857	0.8771	0.1229	0.0791
MN769618	TTV-like mini virus	Betatorquevirus	genus	2810	0.7573	0.2235	0.1018
MN769619	TTV-like mini virus	Betatorquevirus	genus	2799	0.7735	0.2229	0.0722
MN769620	TTV-like mini virus	Betatorquevirus	genus	2795	0.5331	0.4619	0.1113
MN769621	TTV-like mini virus	Betatorquevirus	genus	2805	0.6553	0.3447	0.0431
MN769625	TTV-like mini virus	Betatorquevirus	genus	2858	0.8786	0.1211	0.0672
MN769627	TTV-like mini virus	Betatorquevirus	genus	2881	0.6373	0.3627	0.1059
MN769629	TTV-like mini virus	Betatorquevirus	genus	2814	0.8589	0.1397	0.0782
MN769630	TTV-like mini virus	Betatorquevirus	genus	2881	0.5477	0.4523	0.0642
MN769632	TTV-like mini virus	Betatorquevirus	genus	2802	0.5471	0.1121	0.4397
MN769633	TTV-like mini virus	Betatorquevirus	genus	2812	0.8819	0.1177	0.0679
MN769639	TTV-like mini virus	Betatorquevirus	genus	2870	0.8965	0.1028	0.0638
MN769641	TTV-like mini virus	Betatorquevirus	genus	2957	0.4599	0.5276	0.3081
MN769642	TTV-like mini virus	Betatorquevirus	genus	2878	0.6630	0.3363	0.0618
MN769647	TTV-like mini virus	Betatorquevirus	genus	2831	0.8965	0.0982	0.0526
MN769648	TTV-like mini virus	Betatorquevirus	genus	2813	0.7842	0.2151	0.0832
MN769649	TTV-like mini virus	Betatorquevirus	genus	2865	0.3962	0.6031	0.2611
MN769650	TTV-like mini virus	Betatorquevirus	genus	2826	0.8464	0.1504	0.0570
MN769651	TTV-like mini virus	Betatorquevirus	genus	2795	0.6755	0.3245	0.0476
MN769658	TTV-like mini virus	Betatorquevirus	genus	2890	0.5920	0.4080	0.0640
MN769659	TTV-like mini virus	Betatorquevirus	genus	2900	0.6393	0.3545	0.0524
MN769661	TTV-like mini virus	Betatorquevirus	genus	2835	0.8540	0.1429	0.0864
MN769662	TTV-like mini virus	Betatorquevirus	genus	2818	0.6114	0.3882	0.1004
MN769663	TTV-like mini virus	Betatorquevirus	genus	2878	0.6525	0.3475	0.0782
MN769665	TTV-like mini virus	Betatorquevirus	genus	2768	0.6918	0.3074	0.0603
MN769666	TTV-like mini virus	Betatorquevirus	genus	2930	0.8543	0.1164	0.1150
MN769667	TTV-like mini virus	Betatorquevirus	genus	2859	0.6912	0.3088	0.0752
MN769670	TTV-like mini virus	Betatorquevirus	genus	2876	0.9016	0.0984	0.0584
MN769671	TTV-like mini virus	Betatorquevirus	genus	2845	0.6717	0.3163	0.1332
MN769676	TTV-like mini virus	Betatorquevirus	genus	2881	0.8837	0.1156	0.0673
MN769678	TTV-like mini virus	Betatorquevirus	genus	2795	0.8004	0.1996	0.0504
MN769680	TTV-like mini virus	Betatorquevirus	genus	2884	0.7805	0.2195	0.0745
MN769682	TTV-like mini virus	Betatorquevirus	genus	2857	0.6986	0.2989	0.0886
MN769684	TTV-like mini virus	Betatorquevirus	genus	2854	0.7067	0.2933	0.0680
MN769686	TTV-like mini virus	Betatorquevirus	genus	2814	0.8479	0.1514	0.0871
MN769690	TTV-like mini virus	Betatorquevirus	genus	2902	0.8942	0.1058	0.0389
MN769692	TTV-like mini virus	Betatorquevirus	genus	2873	0.7845	0.2148	0.0696
MN769694	TTV-like mini virus	Betatorquevirus	genus	2862	0.8697	0.1300	0.0884
MN769695	TTV-like mini virus	Betatorquevirus	genus	2928	0.8665	0.1298	0.0598
MN769701	TTV-like mini virus	Betatorquevirus	genus	2847	0.7612	0.2388	0.0488
MN769702	TTV-like mini virus	Betatorquevirus	genus	2957	0.5590	0.4224	0.2949
MN769705	TTV-like mini virus	Betatorquevirus	genus	2922	0.8713	0.1287	0.0756
MN769706	TTV-like mini virus	Betatorquevirus	genus	2809	0.7643	0.2335	0.0591
MN769711	TTV-like mini virus	Betatorquevirus	genus	2925	0.6926	0.3074	0.0639
MN769713	TTV-like mini virus	Betatorquevirus	genus	2793	0.9098	0.0888	0.0648
MN769716	TTV-like mini virus	Betatorquevirus	genus	2782	0.8965	0.1032	0.0442
MN769719	TTV-like mini virus	Betatorquevirus	genus	2778	0.9050	0.0936	0.0274
MN769721	TTV-like mini virus	Betatorquevirus	genus	2922	0.6622	0.3378	0.0688
MN769722	TTV-like mini virus	Betatorquevirus	genus	2880	0.8649	0.1351	0.0913
MN769730	TTV-like mini virus	Betatorquevirus	genus	2839	0.5808	0.4100	0.1300
MN769732	TTV-like mini virus	Betatorquevirus	genus	2870	0.4878	0.4972	0.1822
MN769733	TTV-like mini virus	Betatorquevirus	genus	2811	0.8822	0.1163	0.0704
MN769734	TTV-like mini virus	Betatorquevirus	genus	2865	0.8761	0.1236	0.0670
MN769737	TTV-like mini virus	Betatorquevirus	genus	2796	0.5376	0.4481	0.1316
MN769738	TTV-like mini virus	Betatorquevirus	genus	2839	0.6816	0.3184	0.0895
MN769739	TTV-like mini virus	Betatorquevirus	genus	2870	0.5300	0.4429	0.2289
MN769742	TTV-like mini virus	Betatorquevirus	genus	2853	0.9169	0.0831	0.0564
MN769746	TTV-like mini virus	Betatorquevirus	genus	2930	0.8041	0.1949	0.0645
MN769747	TTV-like mini virus	Betatorquevirus	genus	2839	0.8320	0.1666	0.0937
MN769748	TTV-like mini virus	Betatorquevirus	genus	2919	0.5502	0.4498	0.0767
MN769749	TTV-like mini virus	Betatorquevirus	genus	2825	0.6131	0.3865	0.0740
MN769756	TTV-like mini virus	Betatorquevirus	genus	2806	0.8877	0.1105	0.0841
MN769763	TTV-like mini virus	Betatorquevirus	genus	2892	0.8907	0.1072	0.0757
MN769768	TTV-like mini virus	Betatorquevirus	genus	2944	0.7395	0.2599	0.0700
MN769772	TTV-like mini virus	Betatorquevirus	genus	2842	0.7234	0.2762	0.0862
MN769773	TTV-like mini virus	Betatorquevirus	genus	2761	0.5205	0.4708	0.0829
MN769774	TTV-like mini virus	Betatorquevirus	genus	2880	0.9274	0.0712	0.0222
MN769776	TTV-like mini virus	Betatorquevirus	genus	2778	0.9237	0.0756	0.0342
MN769780	TTV-like mini virus	Betatorquevirus	genus	2957	0.5570	0.3940	0.3460
MN769782	TTV-like mini virus	Betatorquevirus	genus	2844	0.7831	0.1966	0.0992
MN769785	TTV-like mini virus	Betatorquevirus	genus	2826	0.7926	0.2024	0.0814
MN769788	TTV-like mini virus	Betatorquevirus	genus	2876	0.8122	0.1878	0.0577
MN769789	TTV-like mini virus	Betatorquevirus	genus	2901	0.4698	0.5302	0.0769
MN769790	TTV-like mini virus	Betatorquevirus	genus	2790	0.8778	0.1222	0.0778
MN769793	TTV-like mini virus	Betatorquevirus	genus	2819	0.5860	0.3778	0.1674
MN769794	TTV-like mini virus	Betatorquevirus	genus	2807	0.5600	0.4008	0.2081
MN769795	TTV-like mini virus	Betatorquevirus	genus	2791	0.9269	0.0717	0.0441
MN769796	TTV-like mini virus	Betatorquevirus	genus	2794	0.7147	0.2491	0.1679
MN769797	TTV-like mini virus	Betatorquevirus	genus	2781	0.7019	0.2949	0.1366
MN769801	TTV-like mini virus	Betatorquevirus	genus	2800	0.8764	0.1236	0.0868
MN769802	TTV-like mini virus	Betatorquevirus	genus	2928	0.8658	0.1339	0.0905
MN769804	TTV-like mini virus	Betatorquevirus	genus	2852	0.6104	0.3896	0.0908
MN769805	TTV-like mini virus	Betatorquevirus	genus	2841	0.8765	0.1225	0.0514
MN769806	TTV-like mini virus	Betatorquevirus	genus	2855	0.6231	0.3762	0.0515
MN769809	TTV-like mini virus	Betatorquevirus	genus	2753	0.5757	0.4152	0.1446
MN769810	TTV-like mini virus	Betatorquevirus	genus	2821	0.9312	0.0666	0.0411
MN769816	TTV-like mini virus	Betatorquevirus	genus	2784	0.9156	0.0844	0.0427
MN769818	TTV-like mini virus	Betatorquevirus	genus	2886	0.8552	0.1448	0.0915
MN769824	TTV-like mini virus	Betatorquevirus	genus	2834	0.8592	0.1376	0.0953
MN769828	TTV-like mini virus	Betatorquevirus	genus	2919	0.8726	0.1264	0.0713
MN769832	TTV-like mini virus	Betatorquevirus	genus	2890	0.8028	0.1955	0.0706
MN769836	TTV-like mini virus	Betatorquevirus	genus	2873	0.8406	0.1594	0.0651
MN769837	TTV-like mini virus	Betatorquevirus	genus	2853	0.9089	0.0890	0.0585
MN769838	TTV-like mini virus	Betatorquevirus	genus	2867	0.8563	0.1392	0.0666
MN769840	TTV-like mini virus	Betatorquevirus	genus	2830	0.6424	0.3470	0.1371
MN769842	TTV-like mini virus	Betatorquevirus	genus	2865	0.5092	0.4908	0.0607
MN769843	TTV-like mini virus	Betatorquevirus	genus	2796	0.8991	0.1009	0.0733
MN769849	TTV-like mini virus	Betatorquevirus	genus	2877	0.8742	0.1258	0.0660
MN769850	TTV-like mini virus	Betatorquevirus	genus	2881	0.7584	0.1423	0.2121
MN769852	TTV-like mini virus	Betatorquevirus	genus	2845	0.8745	0.1255	0.0759
MN769853	TTV-like mini virus	Betatorquevirus	genus	2823	0.9214	0.0779	0.0432
MN769854	TTV-like mini virus	Betatorquevirus	genus	2833	0.8327	0.1652	0.0734
MN769855	TTV-like mini virus	Betatorquevirus	genus	2828	0.9165	0.0817	0.0407
MN769857	TTV-like mini virus	Betatorquevirus	genus	2892	0.6912	0.3071	0.0716
MN769858	TTV-like mini virus	Betatorquevirus	genus	2829	0.6310	0.3602	0.1509
MN769859	TTV-like mini virus	Betatorquevirus	genus	2929	0.9027	0.0953	0.0557
MN769860	TTV-like mini virus	Betatorquevirus	genus	2832	0.8983	0.0939	0.0798
MN769862	TTV-like mini virus	Betatorquevirus	genus	2881	0.9167	0.0833	0.0392
MN769863	TTV-like mini virus	Betatorquevirus	genus	2866	0.7805	0.2156	0.0844
MN769864	TTV-like mini virus	Betatorquevirus	genus	2900	0.8697	0.1303	0.0514
MN769867	TTV-like mini virus	Betatorquevirus	genus	2919	0.8575	0.1425	0.0685
MN769870	TTV-like mini virus	Betatorquevirus	genus	2840	0.9387	0.0609	0.0384
MN769872	TTV-like mini virus	Betatorquevirus	genus	2921	0.9151	0.0839	0.0411
MN769874	TTV-like mini virus	Betatorquevirus	genus	2874	0.6420	0.3580	0.0609
MN769876	TTV-like mini virus	Betatorquevirus	genus	2877	0.6924	0.3062	0.0799
MN769881	TTV-like mini virus	Betatorquevirus	genus	2892	0.5674	0.4326	0.0681
MN769882	TTV-like mini virus	Betatorquevirus	genus	2943	0.8440	0.1549	0.0567
MN769886	TTV-like mini virus	Betatorquevirus	genus	2810	0.8149	0.1833	0.0246
MN769887	TTV-like mini virus	Betatorquevirus	genus	2839	0.7545	0.2388	0.0722
MN769888	TTV-like mini virus	Betatorquevirus	genus	2953	0.9231	0.0755	0.0400
MN769890	TTV-like mini virus	Betatorquevirus	genus	2879	0.9128	0.0618	0.0570
MN769891	TTV-like mini virus	Betatorquevirus	genus	2870	0.7857	0.2108	0.0732
MN769897	TTV-like mini virus	Betatorquevirus	genus	2828	0.9254	0.0739	0.0364
MN769900	TTV-like mini virus	Betatorquevirus	genus	2890	0.5429	0.4571	0.0792
MN769901	TTV-like mini virus	Betatorquevirus	genus	2845	0.6960	0.3002	0.0555
MN769903	TTV-like mini virus	Betatorquevirus	genus	2944	0.7334	0.2666	0.0581
MN769904	TTV-like mini virus	Betatorquevirus	genus	2902	0.9252	0.0737	0.0355
MN769905	TTV-like mini virus	Betatorquevirus	genus	2862	0.5084	0.4888	0.0618
MN769910	TTV-like mini virus	Betatorquevirus	genus	2867	0.8912	0.1088	0.0551
MN769911	TTV-like mini virus	Betatorquevirus	genus	2892	0.8081	0.1687	0.1317
MN769914	TTV-like mini virus	Betatorquevirus	genus	2909	0.7119	0.2870	0.0794
MN769917	TTV-like mini virus	Betatorquevirus	genus	2903	0.6163	0.3834	0.0717
MN769918	TTV-like mini virus	Betatorquevirus	genus	2877	0.8954	0.1043	0.0560
MN769921	TTV-like mini virus	Betatorquevirus	genus	2848	0.8947	0.1046	0.0713
MN769923	TTV-like mini virus	Betatorquevirus	genus	2835	0.6540	0.3358	0.1312
MN769924	TTV-like mini virus	Betatorquevirus	genus	2694	0.8144	0.1633	0.1206
MN769925	TTV-like mini virus	Betatorquevirus	genus	2901	0.8804	0.1186	0.0765
MN769926	TTV-like mini virus	Betatorquevirus	genus	2898	0.8585	0.1346	0.0859
MN769927	TTV-like mini virus	Betatorquevirus	genus	2921	0.7696	0.0938	0.2058
MN769928	TTV-like mini virus	Betatorquevirus	genus	2878	0.8833	0.1122	0.0702
MN769930	TTV-like mini virus	Betatorquevirus	genus	2861	0.7833	0.2129	0.0682
MN769931	TTV-like mini virus	Betatorquevirus	genus	2845	0.6320	0.3670	0.0689
MN769939	TTV-like mini virus	Betatorquevirus	genus	2916	0.6571	0.3429	0.0641
MN769940	TTV-like mini virus	Betatorquevirus	genus	2865	0.8185	0.1808	0.0464
MN769945	TTV-like mini virus	Betatorquevirus	genus	2806	0.8628	0.1372	0.0855
MN769949	TTV-like mini virus	Betatorquevirus	genus	2903	0.5949	0.4048	0.0830
MN769950	TTV-like mini virus	Betatorquevirus	genus	2890	0.7263	0.2730	0.0810
MN769951	TTV-like mini virus	Betatorquevirus	genus	2903	0.6304	0.3696	0.0413
MN769954	TTV-like mini virus	Betatorquevirus	genus	2807	0.6591	0.3399	0.1489
MN769958	TTV-like mini virus	Betatorquevirus	genus	2874	0.6138	0.3831	0.0762
MN769962	TTV-like mini virus	Betatorquevirus	genus	2874	0.6625	0.3372	0.0546
MN769966	TTV-like mini virus	Betatorquevirus	genus	2946	0.7427	0.2559	0.0550
MN769967	TTV-like mini virus	Betatorquevirus	genus	2911	0.7994	0.1913	0.0629
MN769968	TTV-like mini virus	Betatorquevirus	genus	2932	0.8857	0.1136	0.0689
MN769969	TTV-like mini virus	Betatorquevirus	genus	2850	0.5558	0.4442	0.0677
MN769971	TTV-like mini virus	Betatorquevirus	genus	2782	0.9281	0.0719	0.0313
MN769972	TTV-like mini virus	Betatorquevirus	genus	2883	0.7725	0.2262	0.0364
MN769973	TTV-like mini virus	Betatorquevirus	genus	2873	0.7821	0.2165	0.0543
MN769974	TTV-like mini virus	Betatorquevirus	genus	2861	0.9609	0.0381	0.0283
MN769976	TTV-like mini virus	Betatorquevirus	genus	2752	0.7733	0.2068	0.1254
MN769977	TTV-like mini virus	Betatorquevirus	genus	2947	0.9080	0.0838	0.0316
MN769978	TTV-like mini virus	Betatorquevirus	genus	2885	0.9033	0.0905	0.0766
MN769981	TTV-like mini virus	Betatorquevirus	genus	2875	0.9437	0.0563	0.0341
MN769983	TTV-like mini virus	Betatorquevirus	genus	2898	0.7702	0.2208	0.0925
MN769985	TTV-like mini virus	Betatorquevirus	genus	3010	0.7113	0.2884	0.0532
MN769991	TTV-like mini virus	Betatorquevirus	genus	2872	0.8444	0.1556	0.0780
MN769993	TTV-like mini virus	Betatorquevirus	genus	2867	0.8577	0.1420	0.0938
MN769994	TTV-like mini virus	Betatorquevirus	genus	2927	0.5576	0.4414	0.0420
MN769997	TTV-like mini virus	Betatorquevirus	genus	2776	0.7053	0.2947	0.0915
MN769998	TTV-like mini virus	Betatorquevirus	genus	2922	0.8518	0.1472	0.0554
MN770002	TTV-like mini virus	Betatorquevirus	genus	2898	0.8761	0.1235	0.0531
MN770005	TTV-like mini virus	Betatorquevirus	genus	2795	0.9002	0.0927	0.0633
MN770009	TTV-like mini virus	Betatorquevirus	genus	2859	0.8951	0.1049	0.0794
MN770011	TTV-like mini virus	Betatorquevirus	genus	2892	0.7503	0.2490	0.0498
MN770015	TTV-like mini virus	Betatorquevirus	genus	2815	0.9027	0.0948	0.0533
MN770017	TTV-like mini virus	Betatorquevirus	genus	2846	0.8194	0.1806	0.0741
MN770019	TTV-like mini virus	Betatorquevirus	genus	2874	0.6420	0.3580	0.0647
MN770024	TTV-like mini virus	Betatorquevirus	genus	2859	0.6866	0.3134	0.0647
MN770026	TTV-like mini virus	Betatorquevirus	genus	2841	0.7459	0.2534	0.0549
MN770028	TTV-like mini virus	Betatorquevirus	genus	2819	0.8734	0.1242	0.0667
MN770030	TTV-like mini virus	Betatorquevirus	genus	2957	0.6764	0.2922	0.2296
MN770031	TTV-like mini virus	Betatorquevirus	genus	2808	0.5947	0.4053	0.0865
MN770034	TTV-like mini virus	Betatorquevirus	genus	2772	0.9405	0.0595	0.0242
MN770036	TTV-like mini virus	Betatorquevirus	genus	2930	0.8959	0.1041	0.0577
MN770037	TTV-like mini virus	Betatorquevirus	genus	2896	0.6333	0.3667	0.0877
MN770040	TTV-like mini virus	Betatorquevirus	genus	2884	0.8759	0.1241	0.0548
MN770044	TTV-like mini virus	Betatorquevirus	genus	2929	0.4442	0.5551	0.0485
MN770045	TTV-like mini virus	Betatorquevirus	genus	2948	0.9444	0.0539	0.0295
MN770046	TTV-like mini virus	Betatorquevirus	genus	2856	0.9296	0.0690	0.0501
MN770049	TTV-like mini virus	Betatorquevirus	genus	2937	0.7586	0.0538	0.2370
MN770050	TTV-like mini virus	Betatorquevirus	genus	2806	0.5895	0.4031	0.1108
MN770051	TTV-like mini virus	Betatorquevirus	genus	2928	0.5181	0.4819	0.0649
MN770053	TTV-like mini virus	Betatorquevirus	genus	2835	0.8864	0.1125	0.0550
MN770056	TTV-like mini virus	Betatorquevirus	genus	2870	0.7261	0.2732	0.0923
MN770059	TTV-like mini virus	Betatorquevirus	genus	2870	0.7021	0.2951	0.0662
MN770060	TTV-like mini virus	Betatorquevirus	genus	2935	0.8944	0.1032	0.0586
MN770061	TTV-like mini virus	Betatorquevirus	genus	2904	0.7317	0.2683	0.0365
MN770062	TTV-like mini virus	Betatorquevirus	genus	2865	0.8792	0.1138	0.0932
MN770063	TTV-like mini virus	Betatorquevirus	genus	2864	0.9159	0.0834	0.0461
MN770064	TTV-like mini virus	Betatorquevirus	genus	2821	0.9018	0.0961	0.0744
MN770067	TTV-like mini virus	Betatorquevirus	genus	2836	0.8773	0.0677	0.1005
MN770069	TTV-like mini virus	Betatorquevirus	genus	2819	0.8524	0.1451	0.0631
MN770071	TTV-like mini virus	Betatorquevirus	genus	2778	0.9186	0.0619	0.0554
MN770072	TTV-like mini virus	Betatorquevirus	genus	2793	0.9216	0.0745	0.0465
MN770075	TTV-like mini virus	Betatorquevirus	genus	2903	0.9228	0.0699	0.0486
MN770077	TTV-like mini virus	Betatorquevirus	genus	2827	0.8730	0.1235	0.0990
MN770078	TTV-like mini virus	Betatorquevirus	genus	2813	0.9371	0.0629	0.0316
MN770080	TTV-like mini virus	Betatorquevirus	genus	2884	0.8582	0.1404	0.0825
MN770081	TTV-like mini virus	Betatorquevirus	genus	2930	0.5365	0.4635	0.0648
MN770082	TTV-like mini virus	Betatorquevirus	genus	2929	0.4944	0.5050	0.0379
MN770086	TTV-like mini virus	Betatorquevirus	genus	2806	0.8874	0.1048	0.0852
MN770087	TTV-like mini virus	Betatorquevirus	genus	2893	0.8216	0.1777	0.0677
MN770088	TTV-like mini virus	Betatorquevirus	genus	2815	0.5950	0.4050	0.0664
MN770091	Yodtorquevirus hominid10	Yodtorquevirus	ictv_genus	2917	0.9551	0.0000	0.0449
MN770092	TTV-like mini virus	Betatorquevirus	genus	2888	0.9373	0.0627	0.0339
MN770093	TTV-like mini virus	Betatorquevirus	genus	2815	0.6018	0.3968	0.0686
MN770094	TTV-like mini virus	Betatorquevirus	genus	2818	0.5614	0.4120	0.2168
MN770097	TTV-like mini virus	Betatorquevirus	genus	2883	0.8522	0.1478	0.0728
MN770099	TTV-like mini virus	Betatorquevirus	genus	2772	0.8424	0.0480	0.1302
MN770101	TTV-like mini virus	Betatorquevirus	genus	2822	0.8058	0.1882	0.0670
MN770103	TTV-like mini virus	Betatorquevirus	genus	2867	0.8099	0.1071	0.1650
MN770104	TTV-like mini virus	Betatorquevirus	genus	2791	0.9129	0.0871	0.0459
MN770105	TTV-like mini virus	Betatorquevirus	genus	2885	0.9282	0.0718	0.0402
MN770106	TTV-like mini virus	Betatorquevirus	genus	2836	0.5427	0.4538	0.1372
MN770108	TTV-like mini virus	Betatorquevirus	genus	2810	0.5904	0.4093	0.0897
MN770109	TTV-like mini virus	Betatorquevirus	genus	2855	0.8886	0.1061	0.0694
MN770111	TTV-like mini virus	Betatorquevirus	genus	2808	0.8864	0.0915	0.0858
MN770112	TTV-like mini virus	Betatorquevirus	genus	3016	0.8889	0.1097	0.0620
MN770114	TTV-like mini virus	Betatorquevirus	genus	2848	0.9526	0.0474	0.0323
MN770118	TTV-like mini virus	Betatorquevirus	genus	2781	0.7041	0.2783	0.1284
MN770119	TTV-like mini virus	Betatorquevirus	genus	2859	0.8545	0.1420	0.0707
MN770121	TTV-like mini virus	Betatorquevirus	genus	2752	0.6148	0.3830	0.0298
MN770122	TTV-like mini virus	Betatorquevirus	genus	2818	0.6153	0.3726	0.1675
MN770123	TTV-like mini virus	Betatorquevirus	genus	2840	0.8278	0.1722	0.0768
MN770124	TTV-like mini virus	Betatorquevirus	genus	2898	0.7971	0.2022	0.0383
MN770125	TTV-like mini virus	Betatorquevirus	genus	2809	0.7903	0.2097	0.0783
MN770127	TTV-like mini virus	Betatorquevirus	genus	2912	0.5742	0.4238	0.0546
MN770128	TTV-like mini virus	Betatorquevirus	genus	2927	0.8965	0.1025	0.0506
MN770129	TTV-like mini virus	Betatorquevirus	genus	2796	0.9092	0.0840	0.0533
MN770131	TTV-like mini virus	Betatorquevirus	genus	2938	0.8666	0.1321	0.0725
MN770132	TTV-like mini virus	Betatorquevirus	genus	2776	0.6653	0.2929	0.2824
MN770133	TTV-like mini virus	Betatorquevirus	genus	2784	0.9023	0.0970	0.0424
MN770134	TTV-like mini virus	Betatorquevirus	genus	2837	0.7444	0.2556	0.0342
MN770136	TTV-like mini virus	Betatorquevirus	genus	2869	0.5939	0.4061	0.0715
MN770137	TTV-like mini virus	Betatorquevirus	genus	2881	0.4238	0.5637	0.1375
MN770138	TTV-like mini virus	Betatorquevirus	genus	2800	0.4786	0.4929	0.2457
MN770140	TTV-like mini virus	Betatorquevirus	genus	2854	0.5224	0.4601	0.1184
MN770143	TTV-like mini virus	Betatorquevirus	genus	2849	0.8505	0.1495	0.0867
MN770145	TTV-like mini virus	Betatorquevirus	genus	2877	0.8634	0.1366	0.0751
MN770146	TTV-like mini virus	Betatorquevirus	genus	2786	0.8704	0.1289	0.0901
MN770147	TTV-like mini virus	Betatorquevirus	genus	2893	0.4732	0.5237	0.1376
MN770148	TTV-like mini virus	Betatorquevirus	genus	2777	0.6075	0.2737	0.3507
MN770149	TTV-like mini virus	Betatorquevirus	genus	2867	0.6160	0.3558	0.1908
MN770153	TTV-like mini virus	Betatorquevirus	genus	2861	0.5107	0.4893	0.0654
MN770154	TTV-like mini virus	Betatorquevirus	genus	2830	0.8760	0.1233	0.0735
MN770160	TTV-like mini virus	Betatorquevirus	genus	2947	0.9389	0.0594	0.0238
MN770161	TTV-like mini virus	Betatorquevirus	genus	2990	0.6344	0.3656	0.0609
MN770164	TTV-like mini virus	Betatorquevirus	genus	2834	0.8324	0.1673	0.0618
MN770168	TTV-like mini virus	Betatorquevirus	genus	2802	0.8994	0.0935	0.0546
MN770170	TTV-like mini virus	Betatorquevirus	genus	2962	0.7417	0.2562	0.0665
MN770172	TTV-like mini virus	Betatorquevirus	genus	2920	0.4024	0.5976	0.1199
MN770174	TTV-like mini virus	Betatorquevirus	genus	2882	0.7474	0.2505	0.0902
MN770177	TTV-like mini virus	Betatorquevirus	genus	2876	0.9072	0.0887	0.0807
MN770179	TTV-like mini virus	Betatorquevirus	genus	2914	0.8408	0.1561	0.0738
MN770181	TTV-like mini virus	Betatorquevirus	genus	2872	0.5512	0.4488	0.0731
MN770184	TTV-like mini virus	Betatorquevirus	genus	2967	0.8328	0.1672	0.0182
MN770185	TTV-like mini virus	Betatorquevirus	genus	2909	0.9113	0.0883	0.0426
MN770187	TTV-like mini virus	Betatorquevirus	genus	2780	0.5119	0.4608	0.2079
MN770189	TTV-like mini virus	Betatorquevirus	genus	2787	0.6685	0.3315	0.0642
MN770190	TTV-like mini virus	Betatorquevirus	genus	2878	0.6730	0.3252	0.0625
MN770191	TTV-like mini virus	Betatorquevirus	genus	2847	0.7945	0.1963	0.1047
MN770193	TTV-like mini virus	Betatorquevirus	genus	2893	0.9056	0.0944	0.0283
MN770194	TTV-like mini virus	Betatorquevirus	genus	2803	0.8812	0.0974	0.0892
MN770196	TTV-like mini virus	Betatorquevirus	genus	2910	0.7103	0.2897	0.0674
MN770199	TTV-like mini virus	Betatorquevirus	genus	2946	0.7559	0.2413	0.0601
MN770201	TTV-like mini virus	Betatorquevirus	genus	2881	0.4158	0.5797	0.1361
MN770202	TTV-like mini virus	Betatorquevirus	genus	2922	0.8833	0.1105	0.0722
MN770204	TTV-like mini virus	Betatorquevirus	genus	2897	0.8809	0.1191	0.0935
MN770209	TTV-like mini virus	Betatorquevirus	genus	2820	0.8933	0.1035	0.0610
MN770213	TTV-like mini virus	Betatorquevirus	genus	2868	0.8905	0.1095	0.0464
MN770214	TTV-like mini virus	Betatorquevirus	genus	2864	0.9166	0.0821	0.0384
MN770216	TTV-like mini virus	Betatorquevirus	genus	2889	0.4957	0.4853	0.2177
MN770217	TTV-like mini virus	Betatorquevirus	genus	2927	0.7728	0.2187	0.0782
MN770218	TTV-like mini virus	Betatorquevirus	genus	2889	0.5306	0.4562	0.1845
MN770219	TTV-like mini virus	Betatorquevirus	genus	2811	0.8420	0.1242	0.1156
MN770220	TTV-like mini virus	Betatorquevirus	genus	2867	0.9086	0.0914	0.0572
MN770224	TTV-like mini virus	Betatorquevirus	genus	2856	0.9272	0.0718	0.0550
MN770227	TTV-like mini virus	Betatorquevirus	genus	2903	0.8560	0.1440	0.0513
MN770228	TTV-like mini virus	Betatorquevirus	genus	2812	0.7959	0.2006	0.0327
MN770229	TTV-like mini virus	Betatorquevirus	genus	2814	0.8067	0.1873	0.0355
MN770230	TTV-like mini virus	Betatorquevirus	genus	2802	0.8644	0.1335	0.0839
MN770231	TTV-like mini virus	Betatorquevirus	genus	2889	0.7162	0.2748	0.1481
MN770232	TTV-like mini virus	Betatorquevirus	genus	2889	0.4874	0.4988	0.2219
MN770233	TTV-like mini virus	Betatorquevirus	genus	2801	0.7469	0.2524	0.0511
MN770234	TTV-like mini virus	Betatorquevirus	genus	2857	0.9037	0.0949	0.0606
MN770235	TTV-like mini virus	Betatorquevirus	genus	2919	0.9017	0.0932	0.0822
MN770236	TTV-like mini virus	Betatorquevirus	genus	2952	0.8970	0.0959	0.0664
MN770238	TTV-like mini virus	Betatorquevirus	genus	2893	0.4798	0.5185	0.1220
MN770239	TTV-like mini virus	Betatorquevirus	genus	2842	0.9106	0.0859	0.0489
MN770243	TTV-like mini virus	Betatorquevirus	genus	2734	0.6679	0.2915	0.1931
MN770244	TTV-like mini virus	Betatorquevirus	genus	2857	0.5761	0.4235	0.0494
MN770246	TTV-like mini virus	Betatorquevirus	genus	2816	0.5412	0.4588	0.0835
MN770248	TTV-like mini virus	Betatorquevirus	genus	2812	0.9232	0.0676	0.0548
MN770249	TTV-like mini virus	Betatorquevirus	genus	2748	0.7438	0.2263	0.1517
MN770250	TTV-like mini virus	Betatorquevirus	genus	2877	0.8200	0.1119	0.1484
MN770252	TTV-like mini virus	Betatorquevirus	genus	2909	0.8532	0.1461	0.0560
MN770259	TTV-like mini virus	Betatorquevirus	genus	2734	0.6353	0.3135	0.2312
MN770260	TTV-like mini virus	Betatorquevirus	genus	2789	0.5221	0.4779	0.1040
MN770262	TTV-like mini virus	Betatorquevirus	genus	2851	0.8443	0.1536	0.0863
MN770264	TTV-like mini virus	Betatorquevirus	genus	2789	0.5640	0.4338	0.0828
MN770265	TTV-like mini virus	Betatorquevirus	genus	2744	0.9198	0.0776	0.0663
MN770266	TTV-like mini virus	Betatorquevirus	genus	2681	0.7400	0.2290	0.1544
MN770267	TTV-like mini virus	Betatorquevirus	genus	2829	0.6122	0.3842	0.2121
MN770273	TTV-like mini virus	Betatorquevirus	genus	2747	0.8973	0.0990	0.0845
MN770277	TTV-like mini virus	Betatorquevirus	genus	2741	0.4849	0.5108	0.0226
MN770279	TTV-like mini virus	Betatorquevirus	genus	2882	0.6672	0.3289	0.0638
MN770282	TTV-like mini virus	Betatorquevirus	genus	2914	0.8751	0.1249	0.0779
MN770283	TTV-like mini virus	Betatorquevirus	genus	2868	0.8937	0.0969	0.0582
MN770285	TTV-like mini virus	Betatorquevirus	genus	2883	0.5525	0.4475	0.0687
MN770293	TTV-like mini virus	Betatorquevirus	genus	2886	0.6046	0.3954	0.0589
MN770297	TTV-like mini virus	Betatorquevirus	genus	2907	0.8672	0.1314	0.0874
MN770301	TTV-like mini virus	Betatorquevirus	genus	2884	0.5818	0.4182	0.0645
MN770302	TTV-like mini virus	Betatorquevirus	genus	2909	0.8285	0.1715	0.0784
MN770303	TTV-like mini virus	Betatorquevirus	genus	2794	0.6704	0.3296	0.0365
MN770305	TTV-like mini virus	Betatorquevirus	genus	2916	0.7226	0.2774	0.0518
MN770307	TTV-like mini virus	Betatorquevirus	genus	2929	0.5285	0.4698	0.0584
MN770308	TTV-like mini virus	Betatorquevirus	genus	2832	0.8775	0.1225	0.0819
MN770312	TTV-like mini virus	Betatorquevirus	genus	2808	0.7507	0.2454	0.0613
MN770317	TTV-like mini virus	Betatorquevirus	genus	2840	0.7634	0.2352	0.0944
MN770318	TTV-like mini virus	Betatorquevirus	genus	2791	0.8040	0.1645	0.1483
MN770320	TTV-like mini virus	Betatorquevirus	genus	2862	0.6303	0.3697	0.0793
MN770322	TTV-like mini virus	Betatorquevirus	genus	2854	0.7824	0.2176	0.0683
MN770323	TTV-like mini virus	Betatorquevirus	genus	2890	0.8855	0.1138	0.0647
MN770324	TTV-like mini virus	Betatorquevirus	genus	2869	0.8567	0.1422	0.0547
MN770328	TTV-like mini virus	Betatorquevirus	genus	2877	0.6507	0.3493	0.0792
MN770330	TTV-like mini virus	Betatorquevirus	genus	2843	0.9040	0.0823	0.0668
MN770331	TTV-like mini virus	Betatorquevirus	genus	2865	0.6859	0.3131	0.0778
MN770332	TTV-like mini virus	Betatorquevirus	genus	2853	0.9057	0.0936	0.0662
MN770333	TTV-like mini virus	Betatorquevirus	genus	2909	0.8897	0.1100	0.0643
MN770334	TTV-like mini virus	Betatorquevirus	genus	2829	0.6511	0.3266	0.1541
MN770335	TTV-like mini virus	Betatorquevirus	genus	2828	0.5704	0.4127	0.1482
MN770336	TTV-like mini virus	Betatorquevirus	genus	2884	0.8003	0.1973	0.0822
MN770337	TTV-like mini virus	Betatorquevirus	genus	2865	0.8370	0.1613	0.1113
MN770338	TTV-like mini virus	Betatorquevirus	genus	2892	0.9032	0.0965	0.0560
MN770341	TTV-like mini virus	Betatorquevirus	genus	2899	0.8862	0.1138	0.0707
MN770342	TTV-like mini virus	Betatorquevirus	genus	2891	0.8654	0.1238	0.0695
MN770344	TTV-like mini virus	Betatorquevirus	genus	2826	0.9101	0.0860	0.0580
MN770345	TTV-like mini virus	Betatorquevirus	genus	2898	0.8965	0.1028	0.0673
MN770346	TTV-like mini virus	Betatorquevirus	genus	2890	0.8017	0.1972	0.0301
MN770347	TTV-like mini virus	Betatorquevirus	genus	2861	0.6770	0.3219	0.0640
MN770349	TTV-like mini virus	Betatorquevirus	genus	2942	0.9035	0.0962	0.0571
MN770350	TTV-like mini virus	Betatorquevirus	genus	2794	0.7810	0.2190	0.0540
MN770351	TTV-like mini virus	Betatorquevirus	genus	2852	0.8839	0.1136	0.0638
MN770352	TTV-like mini virus	Betatorquevirus	genus	2837	0.6577	0.3401	0.0716
MN770353	TTV-like mini virus	Betatorquevirus	genus	2872	0.6811	0.2928	0.1668
MN770355	TTV-like mini virus	Betatorquevirus	genus	2817	0.8222	0.1768	0.0699
MN770357	TTV-like mini virus	Betatorquevirus	genus	2924	0.6214	0.3786	0.0814
MN770359	TTV-like mini virus	Betatorquevirus	genus	2928	0.9112	0.0888	0.0786
MN770360	TTV-like mini virus	Betatorquevirus	genus	2861	0.8965	0.0972	0.0577
MN770361	TTV-like mini virus	Betatorquevirus	genus	2815	0.8583	0.1417	0.0369
MN770362	TTV-like mini virus	Betatorquevirus	genus	2863	0.8523	0.1209	0.0995
MN770364	TTV-like mini virus	Betatorquevirus	genus	2853	0.6523	0.3470	0.0617
MN770366	TTV-like mini virus	Betatorquevirus	genus	2853	0.5401	0.4599	0.0596
MN770367	TTV-like mini virus	Betatorquevirus	genus	2870	0.8310	0.1080	0.1449
MN770371	TTV-like mini virus	Betatorquevirus	genus	2847	0.8261	0.1697	0.0941
MN770374	TTV-like mini virus	Betatorquevirus	genus	2851	0.5644	0.4353	0.0702
MN770375	TTV-like mini virus	Betatorquevirus	genus	2847	0.6382	0.3618	0.0660
MN770378	TTV-like mini virus	Betatorquevirus	genus	2814	0.9502	0.0490	0.0117
MN770379	TTV-like mini virus	Betatorquevirus	genus	2893	0.8946	0.1002	0.0605
MN770382	TTV-like mini virus	Betatorquevirus	genus	2908	0.8910	0.1090	0.0712
MN770383	TTV-like mini virus	Betatorquevirus	genus	2924	0.7808	0.2189	0.0496
MN770384	TTV-like mini virus	Betatorquevirus	genus	2857	0.9128	0.0858	0.0480
MN770386	TTV-like mini virus	Betatorquevirus	genus	2800	0.6582	0.3418	0.0443
MN770389	TTV-like mini virus	Betatorquevirus	genus	2807	0.6234	0.3413	0.2084
MN770390	TTV-like mini virus	Betatorquevirus	genus	2832	0.7366	0.2595	0.2037
MN770392	TTV-like mini virus	Betatorquevirus	genus	2795	0.7560	0.2422	0.0565
MN770393	TTV-like mini virus	Betatorquevirus	genus	2947	0.8307	0.1693	0.0526
MN770395	TTV-like mini virus	Betatorquevirus	genus	2734	0.3464	0.6536	0.0724
MN770396	TTV-like mini virus	Betatorquevirus	genus	2918	0.7981	0.2001	0.0709
MN770398	TTV-like mini virus	Betatorquevirus	genus	2819	0.9177	0.0795	0.0529
MN770401	TTV-like mini virus	Betatorquevirus	genus	2808	0.4590	0.5313	0.1592
MN770403	TTV-like mini virus	Betatorquevirus	genus	2883	0.8255	0.1745	0.0760
MN770405	TTV-like mini virus	Betatorquevirus	genus	2779	0.6747	0.3253	0.0885
MN770406	TTV-like mini virus	Betatorquevirus	genus	2869	0.7271	0.2729	0.0418
MN770407	TTV-like mini virus	Betatorquevirus	genus	2912	0.7078	0.2916	0.0927
MN770408	TTV-like mini virus	Betatorquevirus	genus	2821	0.5650	0.4339	0.0776
MN770410	TTV-like mini virus	Betatorquevirus	genus	2882	0.8314	0.1686	0.1093
MN770411	TTV-like mini virus	Betatorquevirus	genus	2958	0.4784	0.5051	0.3313
MN770413	TTV-like mini virus	Betatorquevirus	genus	2895	0.8884	0.1116	0.0636
MN770415	TTV-like mini virus	Betatorquevirus	genus	2871	0.8826	0.1125	0.0714
MN770416	TTV-like mini virus	Betatorquevirus	genus	2827	0.5285	0.4372	0.1811
MN770418	TTV-like mini virus	Betatorquevirus	genus	2798	0.7266	0.2380	0.1909
MN770419	TTV-like mini virus	Betatorquevirus	genus	2831	0.8916	0.1031	0.0763
MN770420	TTV-like mini virus	Betatorquevirus	genus	2846	0.5408	0.4592	0.0654
MN770421	TTV-like mini virus	Betatorquevirus	genus	2854	0.8735	0.1230	0.0939
MN770422	TTV-like mini virus	Betatorquevirus	genus	2846	0.5379	0.4613	0.0706
MN770425	TTV-like mini virus	Betatorquevirus	genus	2892	0.8769	0.1231	0.0446
MN770426	TTV-like mini virus	Betatorquevirus	genus	2937	0.7770	0.1736	0.1604
MN770428	TTV-like mini virus	Betatorquevirus	genus	2811	0.7510	0.2472	0.0776
MN770429	TTV-like mini virus	Betatorquevirus	genus	2795	0.8998	0.0927	0.0716
MN770430	TTV-like mini virus	Betatorquevirus	genus	2796	0.7182	0.2797	0.0869
MN770431	TTV-like mini virus	Betatorquevirus	genus	2774	0.6579	0.3381	0.1298
MN770432	TTV-like mini virus	Betatorquevirus	genus	2794	0.9413	0.0573	0.0394
MN770433	TTV-like mini virus	Betatorquevirus	genus	2846	0.9174	0.0710	0.0471
MN770435	TTV-like mini virus	Betatorquevirus	genus	2920	0.9168	0.0798	0.0308
MN770436	TTV-like mini virus	Betatorquevirus	genus	2770	0.9599	0.0397	0.0177
MN770437	TTV-like mini virus	Betatorquevirus	genus	2867	0.7499	0.2494	0.0677
MN770440	TTV-like mini virus	Betatorquevirus	genus	2784	0.6850	0.3147	0.0639
MN770446	TTV-like mini virus	Betatorquevirus	genus	2772	0.8589	0.1310	0.0823
MN770447	TTV-like mini virus	Betatorquevirus	genus	2822	0.8742	0.1201	0.0868
MN770451	TTV-like mini virus	Betatorquevirus	genus	2871	0.6346	0.3636	0.0867
MN770452	TTV-like mini virus	Betatorquevirus	genus	2766	0.5322	0.4678	0.0701
MN770455	TTV-like mini virus	Betatorquevirus	genus	2775	0.8371	0.1474	0.1049
MN770456	TTV-like mini virus	Betatorquevirus	genus	2877	0.4967	0.5033	0.0813
MN770457	TTV-like mini virus	Betatorquevirus	genus	2901	0.7022	0.2902	0.0841
MN770458	TTV-like mini virus	Betatorquevirus	genus	2964	0.9052	0.0941	0.0587
MN770459	TTV-like mini virus	Betatorquevirus	genus	2883	0.8737	0.1249	0.0808
MN770463	TTV-like mini virus	Betatorquevirus	genus	2820	0.5819	0.4181	0.0603
MN770464	TTV-like mini virus	Betatorquevirus	genus	2859	0.8395	0.1595	0.0591
MN770465	TTV-like mini virus	Betatorquevirus	genus	2841	0.6375	0.3442	0.1954
MN770466	TTV-like mini virus	Betatorquevirus	genus	2739	0.9255	0.0745	0.0263
MN770468	TTV-like mini virus	Betatorquevirus	genus	2879	0.5912	0.3890	0.2532
MN770469	TTV-like mini virus	Betatorquevirus	genus	2817	0.8342	0.1594	0.0863
MN770470	TTV-like mini virus	Betatorquevirus	genus	2825	0.9331	0.0655	0.0389
MN770472	TTV-like mini virus	Betatorquevirus	genus	2799	0.8310	0.0872	0.1508
MN770475	TTV-like mini virus	Betatorquevirus	genus	2962	0.5955	0.4045	0.0520
MN770476	TTV-like mini virus	Betatorquevirus	genus	2921	0.8833	0.1167	0.0746
MN770478	TTV-like mini virus	Betatorquevirus	genus	2726	0.3800	0.6200	0.0631
MN770479	TTV-like mini virus	Betatorquevirus	genus	2815	0.8458	0.1542	0.0632
MN770480	TTV-like mini virus	Betatorquevirus	genus	2822	0.6488	0.3512	0.0337
MN770482	TTV-like mini virus	Betatorquevirus	genus	2829	0.5924	0.4072	0.0343
MN770483	TTV-like mini virus	Betatorquevirus	genus	2965	0.6742	0.3258	0.0691
MN770484	TTV-like mini virus	Betatorquevirus	genus	2828	0.6545	0.3455	0.0661
MN770485	TTV-like mini virus	Betatorquevirus	genus	2872	0.8496	0.1494	0.0797
MN770486	TTV-like mini virus	Betatorquevirus	genus	2733	0.4651	0.5349	0.0673
MN770489	TTV-like mini virus	Betatorquevirus	genus	2935	0.8807	0.1169	0.0763
MN770490	TTV-like mini virus	Betatorquevirus	genus	2911	0.7321	0.2679	0.0828
MN770495	TTV-like mini virus	Betatorquevirus	genus	2833	0.6138	0.3773	0.2619
MN770497	TTV-like mini virus	Betatorquevirus	genus	2801	0.9182	0.0757	0.0539
MN770500	TTV-like mini virus	Betatorquevirus	genus	2738	0.9039	0.0961	0.0566
MN770501	TTV-like mini virus	Betatorquevirus	genus	2815	0.5552	0.4448	0.0554
MN770502	TTV-like mini virus	Betatorquevirus	genus	2869	0.6086	0.3914	0.0606
MN770503	TTV-like mini virus	Betatorquevirus	genus	2837	0.8562	0.1382	0.0888
MN770506	TTV-like mini virus	Betatorquevirus	genus	2787	0.8949	0.1048	0.0563
MN770507	TTV-like mini virus	Betatorquevirus	genus	2881	0.9125	0.0871	0.0621
MN770508	TTV-like mini virus	Betatorquevirus	genus	2898	0.7281	0.2719	0.0752
MN770511	TTV-like mini virus	Betatorquevirus	genus	2731	0.8806	0.1179	0.0582
MN770513	TTV-like mini virus	Betatorquevirus	genus	2723	0.4098	0.5902	0.0668
MN770514	TTV-like mini virus	Betatorquevirus	genus	2888	0.6669	0.3331	0.0668
MN770515	TTV-like mini virus	Betatorquevirus	genus	2873	0.8319	0.1639	0.0895
MN770516	TTV-like mini virus	Betatorquevirus	genus	2738	0.7633	0.0902	0.2129
MN770519	TTV-like mini virus	Betatorquevirus	genus	2550	0.7722	0.2278	0.0086
MN770520	TTV-like mini virus	Betatorquevirus	genus	2778	0.8909	0.0857	0.0734
MN770525	TTV-like mini virus	Betatorquevirus	genus	2844	0.7525	0.2475	0.0770
MN770526	TTV-like mini virus	Betatorquevirus	genus	2754	0.5643	0.4357	0.0232
MN770527	TTV-like mini virus	Betatorquevirus	genus	2879	0.8930	0.1070	0.0663
MN770529	TTV-like mini virus	Betatorquevirus	genus	2917	0.6339	0.3658	0.0867
MN770531	TTV-like mini virus	Betatorquevirus	genus	2865	0.6520	0.3469	0.0729
MN770532	TTV-like mini virus	Betatorquevirus	genus	2894	0.8742	0.1254	0.0663
MN770533	TTV-like mini virus	Betatorquevirus	genus	2797	0.6575	0.3418	0.0329
MN770535	TTV-like mini virus	Betatorquevirus	genus	2839	0.9264	0.0729	0.0535
MN770537	TTV-like mini virus	Betatorquevirus	genus	2870	0.8554	0.1355	0.0941
MN770538	TTV-like mini virus	Betatorquevirus	genus	2869	0.8759	0.1241	0.0753
MN770541	TTV-like mini virus	Betatorquevirus	genus	2966	0.8941	0.1049	0.0627
MN770543	TTV-like mini virus	Betatorquevirus	genus	2864	0.7476	0.2524	0.0670
MN770544	TTV-like mini virus	Betatorquevirus	genus	2878	0.6418	0.3308	0.2140
MN770546	TTV-like mini virus	Betatorquevirus	genus	2865	0.9065	0.0911	0.0531
MN770552	TTV-like mini virus	Betatorquevirus	genus	2811	0.6243	0.3757	0.0694
MN770554	TTV-like mini virus	Betatorquevirus	genus	2866	0.8158	0.1842	0.0600
MN770555	TTV-like mini virus	Betatorquevirus	genus	2875	0.7805	0.2184	0.0605
MN770556	TTV-like mini virus	Betatorquevirus	genus	2903	0.7578	0.2422	0.0592
MN770558	TTV-like mini virus	Betatorquevirus	genus	2912	0.6690	0.3283	0.0529
MN770559	TTV-like mini virus	Betatorquevirus	genus	2861	0.8675	0.1311	0.0696
MN770560	TTV-like mini virus	Betatorquevirus	genus	2705	0.9120	0.0880	0.0403
MN770563	TTV-like mini virus	Betatorquevirus	genus	2872	0.9046	0.0954	0.0613
MN770564	TTV-like mini virus	Betatorquevirus	genus	2915	0.5907	0.4089	0.0545
MN770565	TTV-like mini virus	Betatorquevirus	genus	2810	0.7502	0.2224	0.1018
MN770567	TTV-like mini virus	Betatorquevirus	genus	2556	0.4484	0.5516	0.0603
MN770569	TTV-like mini virus	Betatorquevirus	genus	2858	0.7243	0.2750	0.0703
MN770576	TTV-like mini virus	Betatorquevirus	genus	2795	0.6182	0.3807	0.0776
MN770577	TTV-like mini virus	Betatorquevirus	genus	2760	0.3438	0.6562	0.0725
MN770579	TTV-like mini virus	Betatorquevirus	genus	2923	0.6161	0.3828	0.0530
MN770581	TTV-like mini virus	Betatorquevirus	genus	2910	0.9323	0.0677	0.0216
MN770584	TTV-like mini virus	Betatorquevirus	genus	2844	0.8776	0.1224	0.0728
MN770585	TTV-like mini virus	Betatorquevirus	genus	2866	0.9058	0.0893	0.0733
MN770588	TTV-like mini virus	Betatorquevirus	genus	2785	0.9332	0.0664	0.0434
MN770589	TTV-like mini virus	Betatorquevirus	genus	2823	0.8045	0.1920	0.0999
MN770590	TTV-like mini virus	Betatorquevirus	genus	2885	0.8503	0.1494	0.1012
MN770593	TTV-like mini virus	Betatorquevirus	genus	2862	0.8218	0.1733	0.0936
MN770597	TTV-like mini virus	Betatorquevirus	genus	2791	0.6851	0.3146	0.0835
MN770598	TTV-like mini virus	Betatorquevirus	genus	2841	0.8972	0.1007	0.0574
MN770600	TTV-like mini virus	Betatorquevirus	genus	2783	0.9130	0.0808	0.0435
MN770601	TTV-like mini virus	Betatorquevirus	genus	2903	0.9204	0.0796	0.0499
MN770602	TTV-like mini virus	Betatorquevirus	genus	2880	0.8378	0.1608	0.0653
MN770603	TTV-like mini virus	Betatorquevirus	genus	2877	0.9461	0.0539	0.0285
MN770607	TTV-like mini virus	Betatorquevirus	genus	2854	0.8879	0.1062	0.0701
MN770608	TTV-like mini virus	Betatorquevirus	genus	2843	0.6328	0.3672	0.0552
MN770610	TTV-like mini virus	Betatorquevirus	genus	2868	0.8550	0.1433	0.0600
MN770614	TTV-like mini virus	Betatorquevirus	genus	2874	0.5463	0.4537	0.0748
MN770617	TTV-like mini virus	Betatorquevirus	genus	2917	0.5855	0.4134	0.0278
MN770622	TTV-like mini virus	Betatorquevirus	genus	2739	0.7631	0.2369	0.0551
MN770623	TTV-like mini virus	Betatorquevirus	genus	2932	0.8847	0.1153	0.0641
MN770624	TTV-like mini virus	Betatorquevirus	genus	2863	0.6581	0.3416	0.0706
MN770626	TTV-like mini virus	Betatorquevirus	genus	2862	0.6782	0.3211	0.0853
MN770627	TTV-like mini virus	Betatorquevirus	genus	2811	0.7118	0.2490	0.1836
MN770630	TTV-like mini virus	Betatorquevirus	genus	2905	0.5164	0.4836	0.0713
MN770631	TTV-like mini virus	Betatorquevirus	genus	2875	0.8428	0.1572	0.0845
MN770632	TTV-like mini virus	Betatorquevirus	genus	2868	0.8543	0.1447	0.0722
MN770644	TTV-like mini virus	Betatorquevirus	genus	2898	0.7609	0.2177	0.0911
MN770646	TTV-like mini virus	Betatorquevirus	genus	2806	0.7569	0.2370	0.0702
MN770647	TTV-like mini virus	Betatorquevirus	genus	2896	0.8715	0.1264	0.0580
MN770649	TTV-like mini virus	Betatorquevirus	genus	2876	0.8974	0.1019	0.0306
MN770650	TTV-like mini virus	Betatorquevirus	genus	2988	0.6469	0.3531	0.0572
MN770651	TTV-like mini virus	Betatorquevirus	genus	2890	0.5952	0.4048	0.0768
MN770652	TTV-like mini virus	Betatorquevirus	genus	2763	0.3985	0.6015	0.0731
MN770653	TTV-like mini virus	Betatorquevirus	genus	2789	0.9053	0.0947	0.0534
MN770655	TTV-like mini virus	Betatorquevirus	genus	2781	0.8303	0.1697	0.0572
MN770656	TTV-like mini virus	Betatorquevirus	genus	2907	0.9088	0.0905	0.0513
MN770658	TTV-like mini virus	Betatorquevirus	genus	2915	0.5355	0.4285	0.3098
MN770659	TTV-like mini virus	Betatorquevirus	genus	2912	0.8420	0.1562	0.0735
MN770660	TTV-like mini virus	Betatorquevirus	genus	2842	0.8776	0.1224	0.0837
MN770662	TTV-like mini virus	Betatorquevirus	genus	2854	0.6321	0.3679	0.0424
MN770663	TTV-like mini virus	Betatorquevirus	genus	2874	0.5672	0.4328	0.0654
MN770670	TTV-like mini virus	Betatorquevirus	genus	2924	0.5858	0.4142	0.0951
MN770671	TTV-like mini virus	Betatorquevirus	genus	2795	0.9395	0.0605	0.0293
MN770672	TTV-like mini virus	Betatorquevirus	genus	2942	0.6448	0.3518	0.0935
MN770673	TTV-like mini virus	Betatorquevirus	genus	2870	0.6756	0.3240	0.0711
MN770678	TTV-like mini virus	Betatorquevirus	genus	2823	0.8750	0.1219	0.0818
MN770682	TTV-like mini virus	Betatorquevirus	genus	2826	0.6430	0.3570	0.0630
MN770683	TTV-like mini virus	Betatorquevirus	genus	2863	0.6098	0.3877	0.0985
MN770684	TTV-like mini virus	Betatorquevirus	genus	2791	0.8857	0.1143	0.0996
MN770685	TTV-like mini virus	Betatorquevirus	genus	2801	0.8886	0.1107	0.0618
MN770687	TTV-like mini virus	Betatorquevirus	genus	2874	0.5967	0.3410	0.2359
MN770692	TTV-like mini virus	Betatorquevirus	genus	2768	0.5556	0.4444	0.0900
MN770695	TTV-like mini virus	Betatorquevirus	genus	2829	0.6539	0.3461	0.0728
MN770696	TTV-like mini virus	Betatorquevirus	genus	2783	0.5681	0.4319	0.0607
MN770697	TTV-like mini virus	Betatorquevirus	genus	2938	0.8720	0.1276	0.0572
MN770698	TTV-like mini virus	Betatorquevirus	genus	2774	0.9070	0.0916	0.0562
MN770700	TTV-like mini virus	Betatorquevirus	genus	2913	0.5894	0.4071	0.0941
MN770701	TTV-like mini virus	Betatorquevirus	genus	2878	0.8377	0.1609	0.0643
MN770702	TTV-like mini virus	Betatorquevirus	genus	2959	0.6969	0.3031	0.0791
MN770703	TTV-like mini virus	Betatorquevirus	genus	2778	0.9165	0.0835	0.0644
MN770706	TTV-like mini virus	Betatorquevirus	genus	2867	0.6366	0.3415	0.1810
MN770707	TTV-like mini virus	Betatorquevirus	genus	2849	0.9410	0.0544	0.0316
MN770708	TTV-like mini virus	Betatorquevirus	genus	2825	0.6386	0.3596	0.0609
MN770710	TTV-like mini virus	Betatorquevirus	genus	2804	0.8591	0.1330	0.0892
MN770711	TTV-like mini virus	Betatorquevirus	genus	2856	0.7160	0.2840	0.0357
MN770713	TTV-like mini virus	Betatorquevirus	genus	2823	0.6529	0.3355	0.0797
MN770714	TTV-like mini virus	Betatorquevirus	genus	2695	0.9080	0.0898	0.0649
MN770717	TTV-like mini virus	Betatorquevirus	genus	2848	0.7079	0.1225	0.2640
MN770719	TTV-like mini virus	Betatorquevirus	genus	2921	0.8966	0.1003	0.0534
MN770724	TTV-like mini virus	Betatorquevirus	genus	2844	0.6294	0.3706	0.0531
MN770725	TTV-like mini virus	Betatorquevirus	genus	2934	0.6639	0.3313	0.0716
MN770726	TTV-like mini virus	Betatorquevirus	genus	2807	0.7859	0.2073	0.0702
MN770728	TTV-like mini virus	Betatorquevirus	genus	2757	0.5887	0.3569	0.2067
MN770732	TTV-like mini virus	Betatorquevirus	genus	2965	0.6884	0.3116	0.0752
MN770733	TTV-like mini virus	Betatorquevirus	genus	2893	0.8918	0.1075	0.0837
MN770736	TTV-like mini virus	Betatorquevirus	genus	2776	0.8606	0.1196	0.1142
MN770737	TTV-like mini virus	Betatorquevirus	genus	2871	0.8231	0.1742	0.0690
MN770740	TTV-like mini virus	Betatorquevirus	genus	2884	0.8672	0.1328	0.0718
MN770748	TTV-like mini virus	Betatorquevirus	genus	2929	0.4322	0.5674	0.0393
MN770750	TTV-like mini virus	Betatorquevirus	genus	2910	0.8653	0.1271	0.0687
MN770753	TTV-like mini virus	Betatorquevirus	genus	2872	0.8875	0.1125	0.0533
MN770758	TTV-like mini virus	Betatorquevirus	genus	2990	0.7395	0.2605	0.0575
MN770760	TTV-like mini virus	Betatorquevirus	genus	2857	0.9006	0.0991	0.0448
MN770761	TTV-like mini virus	Betatorquevirus	genus	2851	0.8713	0.1284	0.0744
MN770770	TTV-like mini virus	Betatorquevirus	genus	2942	0.8766	0.1196	0.0765
MN770776	TTV-like mini virus	Betatorquevirus	genus	2878	0.7120	0.2874	0.0921
MN770778	TTV-like mini virus	Betatorquevirus	genus	2821	0.9117	0.0883	0.0503
MN770779	TTV-like mini virus	Betatorquevirus	genus	2890	0.4765	0.5235	0.0664
MN770781	TTV-like mini virus	Betatorquevirus	genus	2895	0.7019	0.2974	0.0535
MN770782	TTV-like mini virus	Betatorquevirus	genus	2812	0.6380	0.3620	0.1070
MN770783	TTV-like mini virus	Betatorquevirus	genus	2868	0.5624	0.4358	0.0907
MN770786	TTV-like mini virus	Betatorquevirus	genus	2919	0.7235	0.2765	0.0788
MN770788	TTV-like mini virus	Betatorquevirus	genus	2866	0.8754	0.1242	0.0618
MN770789	TTV-like mini virus	Betatorquevirus	genus	2797	0.8781	0.1219	0.0758
MN770790	TTV-like mini virus	Betatorquevirus	genus	2859	0.6905	0.3095	0.0689
MN770792	TTV-like mini virus	Betatorquevirus	genus	2871	0.8952	0.1048	0.0442
MN770794	TTV-like mini virus	Betatorquevirus	genus	2787	0.5382	0.4521	0.2228
MN770795	TTV-like mini virus	Betatorquevirus	genus	2842	0.8846	0.1154	0.0739
MN770800	TTV-like mini virus	Betatorquevirus	genus	2877	0.8533	0.1463	0.0716
MN770801	TTV-like mini virus	Betatorquevirus	genus	2903	0.6352	0.3634	0.0741
MN770805	TTV-like mini virus	Betatorquevirus	genus	2810	0.9192	0.0790	0.0484
MN770807	TTV-like mini virus	Betatorquevirus	genus	2842	0.9089	0.0897	0.0559
MN770808	TTV-like mini virus	Betatorquevirus	genus	2860	0.7336	0.2608	0.0853
MN770809	TTV-like mini virus	Betatorquevirus	genus	2850	0.8853	0.1147	0.0632
MN770811	TTV-like mini virus	Betatorquevirus	genus	2774	0.8973	0.0999	0.0703
MN770812	TTV-like mini virus	Betatorquevirus	genus	2773	0.8925	0.1049	0.0469
MN770813	TTV-like mini virus	Betatorquevirus	genus	2894	0.6088	0.3912	0.0660
MN770814	TTV-like mini virus	Betatorquevirus	genus	2815	0.8615	0.1385	0.0849
MN770815	TTV-like mini virus	Betatorquevirus	genus	2896	0.9168	0.0794	0.0594
MN770817	TTV-like mini virus	Betatorquevirus	genus	2820	0.9032	0.0968	0.0518
MN770819	TTV-like mini virus	Betatorquevirus	genus	2800	0.8400	0.1336	0.1343
MN770821	TTV-like mini virus	Betatorquevirus	genus	2912	0.5773	0.4227	0.0501
MN770822	TTV-like mini virus	Betatorquevirus	genus	2822	0.8965	0.1010	0.0652
MN770823	TTV-like mini virus	Betatorquevirus	genus	2823	0.7283	0.2533	0.0854
MN770827	TTV-like mini virus	Betatorquevirus	genus	2755	0.8697	0.1303	0.0897
MN770828	TTV-like mini virus	Betatorquevirus	genus	2794	0.8375	0.1618	0.0848
MN770834	TTV-like mini virus	Betatorquevirus	genus	2901	0.6518	0.3482	0.0510
MN770836	TTV-like mini virus	Betatorquevirus	genus	2830	0.9042	0.0943	0.0491
MN770844	TTV-like mini virus	Betatorquevirus	genus	2875	0.4654	0.5346	0.0706
MN770848	TTV-like mini virus	Betatorquevirus	genus	2882	0.8522	0.1471	0.0680
MN770849	TTV-like mini virus	Betatorquevirus	genus	2905	0.6430	0.3552	0.0661
MN770853	TTV-like mini virus	Betatorquevirus	genus	2816	0.8920	0.1058	0.0639
MN770856	TTV-like mini virus	Betatorquevirus	genus	2849	0.7304	0.2678	0.0874
MN770859	TTV-like mini virus	Betatorquevirus	genus	2858	0.8880	0.1120	0.0367
MN770860	TTV-like mini virus	Betatorquevirus	genus	2881	0.4512	0.5234	0.1635
MN770861	TTV-like mini virus	Betatorquevirus	genus	2856	0.8606	0.1394	0.0749
MN770862	TTV-like mini virus	Betatorquevirus	genus	2922	0.8460	0.1485	0.0640
MN770863	TTV-like mini virus	Betatorquevirus	genus	2892	0.8641	0.1304	0.0920
MN770864	TTV-like mini virus	Betatorquevirus	genus	2851	0.6461	0.3497	0.0659
MN770865	TTV-like mini virus	Betatorquevirus	genus	2833	0.6918	0.2976	0.1331
MN770866	TTV-like mini virus	Betatorquevirus	genus	2857	0.6146	0.3822	0.1047
MN770867	TTV-like mini virus	Betatorquevirus	genus	2816	0.6950	0.3029	0.0487
MN770868	TTV-like mini virus	Betatorquevirus	genus	2870	0.8976	0.0983	0.0491
MN770869	TTV-like mini virus	Betatorquevirus	genus	2845	0.5912	0.4084	0.0685
MN770875	TTV-like mini virus	Betatorquevirus	genus	2839	0.9112	0.0888	0.0321
MN770876	TTV-like mini virus	Betatorquevirus	genus	2875	0.7256	0.2744	0.0779
MN770877	TTV-like mini virus	Betatorquevirus	genus	2862	0.9329	0.0671	0.0395
MN770885	TTV-like mini virus	Betatorquevirus	genus	2791	0.8563	0.1347	0.0742
MN770888	TTV-like mini virus	Betatorquevirus	genus	2968	0.8315	0.1685	0.0209
MN770889	TTV-like mini virus	Betatorquevirus	genus	2810	0.8036	0.1900	0.0395
MN770890	TTV-like mini virus	Betatorquevirus	genus	2918	0.8009	0.1652	0.1127
MN770894	TTV-like mini virus	Betatorquevirus	genus	2846	0.6774	0.3222	0.0622
MN770895	TTV-like mini virus	Betatorquevirus	genus	2843	0.6025	0.3947	0.0742
MN770896	TTV-like mini virus	Betatorquevirus	genus	2914	0.9070	0.0920	0.0364
MN770897	TTV-like mini virus	Betatorquevirus	genus	2879	0.6138	0.3856	0.0785
MN770901	TTV-like mini virus	Betatorquevirus	genus	2829	0.6645	0.3355	0.0612
MN770904	TTV-like mini virus	Betatorquevirus	genus	2861	0.8473	0.1513	0.0783
MN770905	TTV-like mini virus	Betatorquevirus	genus	2887	0.8563	0.1406	0.0724
MN770906	TTV-like mini virus	Betatorquevirus	genus	2897	0.8806	0.1163	0.0573
MN770907	TTV-like mini virus	Betatorquevirus	genus	2765	0.8890	0.1013	0.0864
MN770908	TTV-like mini virus	Betatorquevirus	genus	2959	0.4944	0.5046	0.0855
MN770910	TTV-like mini virus	Betatorquevirus	genus	2797	0.7154	0.2742	0.1033
MN770912	TTV-like mini virus	Betatorquevirus	genus	2797	0.6578	0.3422	0.0590
MN770913	TTV-like mini virus	Betatorquevirus	genus	2900	0.9293	0.0652	0.0266
MN770914	TTV-like mini virus	Betatorquevirus	genus	2858	0.8653	0.1347	0.0745
MN770915	TTV-like mini virus	Betatorquevirus	genus	2872	0.8001	0.1999	0.0620
MN770918	TTV-like mini virus	Betatorquevirus	genus	2816	0.6477	0.3338	0.1087
MN770919	TTV-like mini virus	Betatorquevirus	genus	2822	0.8600	0.1393	0.0773
MN770920	TTV-like mini virus	Betatorquevirus	genus	2940	0.5599	0.4354	0.1425
MN770922	TTV-like mini virus	Betatorquevirus	genus	2766	0.9154	0.0774	0.0607
MN770926	TTV-like mini virus	Betatorquevirus	genus	2795	0.5295	0.4615	0.1592
MN770928	TTV-like mini virus	Betatorquevirus	genus	2870	0.8449	0.1495	0.1230
MN770933	TTV-like mini virus	Betatorquevirus	genus	2842	0.8955	0.1017	0.0697
MN770935	TTV-like mini virus	Betatorquevirus	genus	2783	0.8624	0.1376	0.0974
MN770936	TTV-like mini virus	Betatorquevirus	genus	2785	0.6560	0.3440	0.0966
MN770937	TTV-like mini virus	Betatorquevirus	genus	2755	0.7583	0.2417	0.0312
MN770940	TTV-like mini virus	Betatorquevirus	genus	2819	0.9127	0.0858	0.0500
MN770944	TTV-like mini virus	Betatorquevirus	genus	2916	0.8676	0.1320	0.0905
MN770946	TTV-like mini virus	Betatorquevirus	genus	2800	0.8293	0.1439	0.1057
MN770952	TTV-like mini virus	Betatorquevirus	genus	2791	0.8631	0.1336	0.0795
MN770956	TTV-like mini virus	Betatorquevirus	genus	2768	0.9263	0.0726	0.0181
MN770957	TTV-like mini virus	Betatorquevirus	genus	2877	0.9659	0.0323	0.0282
MN770958	TTV-like mini virus	Betatorquevirus	genus	2826	0.7427	0.2569	0.0814
MN770959	TTV-like mini virus	Betatorquevirus	genus	2720	0.2772	0.7206	0.3048
MN770962	TTV-like mini virus	Betatorquevirus	genus	2769	0.5381	0.4615	0.1080
MN770963	TTV-like mini virus	Betatorquevirus	genus	2825	0.9119	0.0846	0.0531
MN770965	TTV-like mini virus	Betatorquevirus	genus	2829	0.6886	0.3114	0.0693
MN770966	TTV-like mini virus	Betatorquevirus	genus	2863	0.8537	0.1463	0.0887
MN770967	TTV-like mini virus	Betatorquevirus	genus	2809	0.8494	0.1495	0.0733
MN770970	TTV-like mini virus	Betatorquevirus	genus	2932	0.6565	0.2780	0.2589
MN770971	TTV-like mini virus	Betatorquevirus	genus	2785	0.8065	0.1896	0.0305
MN770973	TTV-like mini virus	Betatorquevirus	genus	2843	0.8224	0.1671	0.0925
MN770983	TTV-like mini virus	Betatorquevirus	genus	2940	0.7139	0.2861	0.0612
MN770986	TTV-like mini virus	Betatorquevirus	genus	2810	0.7594	0.2399	0.0719
MN770989	TTV-like mini virus	Betatorquevirus	genus	2845	0.3441	0.5452	0.4608
MN770990	TTV-like mini virus	Betatorquevirus	genus	2846	0.5481	0.4501	0.1082
MN770991	TTV-like mini virus	Betatorquevirus	genus	2811	0.7428	0.2572	0.0840
MN770992	TTV-like mini virus	Betatorquevirus	genus	2817	0.7888	0.2102	0.1022
MN770993	TTV-like mini virus	Betatorquevirus	genus	2801	0.8650	0.1325	0.0910
MN770994	TTV-like mini virus	Betatorquevirus	genus	2856	0.8519	0.1478	0.0732
MN770995	TTV-like mini virus	Betatorquevirus	genus	2873	0.6394	0.3599	0.0567
MN770998	TTV-like mini virus	Betatorquevirus	genus	2882	0.6051	0.3942	0.0656
MN771004	TTV-like mini virus	Betatorquevirus	genus	2810	0.8342	0.1416	0.1260
MN771006	TTV-like mini virus	Betatorquevirus	genus	2847	0.7271	0.1342	0.2522
MN771009	TTV-like mini virus	Betatorquevirus	genus	2833	0.8521	0.1451	0.0981
MN771013	TTV-like mini virus	Betatorquevirus	genus	2858	0.8947	0.1046	0.0497
MN771016	TTV-like mini virus	Betatorquevirus	genus	2825	0.9161	0.0835	0.0428
MN771017	TTV-like mini virus	Betatorquevirus	genus	2942	0.9075	0.0904	0.0595
MN771023	TTV-like mini virus	Betatorquevirus	genus	2973	0.6939	0.1258	0.2785
MN771024	TTV-like mini virus	Betatorquevirus	genus	2932	0.6136	0.3653	0.1879
MN771027	TTV-like mini virus	Betatorquevirus	genus	2934	0.6442	0.3432	0.1868
MN771030	TTV-like mini virus	Betatorquevirus	genus	2908	0.8274	0.1726	0.0609
MN771038	TTV-like mini virus	Betatorquevirus	genus	2789	0.8408	0.1585	0.0864
MN771039	TTV-like mini virus	Betatorquevirus	genus	2793	0.8195	0.1797	0.0816
MN771041	TTV-like mini virus	Betatorquevirus	genus	2719	0.7907	0.2034	0.0232
MN771042	TTV-like mini virus	Betatorquevirus	genus	2857	0.9436	0.0560	0.0095
MN771043	TTV-like mini virus	Betatorquevirus	genus	2904	0.9366	0.0634	0.0165
MN771044	TTV-like mini virus	Betatorquevirus	genus	2924	0.6474	0.3526	0.0534
MN771045	TTV-like mini virus	Betatorquevirus	genus	2909	0.5930	0.3936	0.0897
MN771046	TTV-like mini virus	Betatorquevirus	genus	2875	0.6289	0.3708	0.0602
MN771048	TTV-like mini virus	Betatorquevirus	genus	2938	0.8022	0.1974	0.0541
MN771051	TTV-like mini virus	Betatorquevirus	genus	2751	0.7910	0.1799	0.1174
MN771055	TTV-like mini virus	Betatorquevirus	genus	2774	0.5032	0.4968	0.0267
MN771056	TTV-like mini virus	Betatorquevirus	genus	2837	0.6849	0.3151	0.0613
MN771057	TTV-like mini virus	Betatorquevirus	genus	2734	0.6748	0.2977	0.2140
MN771059	TTV-like mini virus	Betatorquevirus	genus	2908	0.8222	0.1754	0.0739
MN771061	TTV-like mini virus	Betatorquevirus	genus	2812	0.7038	0.2955	0.0366
MN771063	TTV-like mini virus	Betatorquevirus	genus	2847	0.7246	0.0801	0.2585
MN771065	TTV-like mini virus	Betatorquevirus	genus	2867	0.4057	0.5323	0.3035
MN771066	TTV-like mini virus	Betatorquevirus	genus	2805	0.9134	0.0848	0.0257
MN771067	TTV-like mini virus	Betatorquevirus	genus	3009	0.7165	0.2835	0.0482
MN771068	TTV-like mini virus	Betatorquevirus	genus	2772	0.8579	0.1414	0.0693
MN771070	TTV-like mini virus	Betatorquevirus	genus	2866	0.9613	0.0373	0.0352
MN771072	TTV-like mini virus	Betatorquevirus	genus	2803	0.8487	0.1420	0.0560
MN771074	TTV-like mini virus	Betatorquevirus	genus	2799	0.7399	0.2247	0.1468
MN771077	TTV-like mini virus	Betatorquevirus	genus	2787	0.6240	0.3750	0.0492
MN771080	TTV-like mini virus	Betatorquevirus	genus	2810	0.8463	0.1512	0.0374
MN771081	TTV-like mini virus	Betatorquevirus	genus	2878	0.8412	0.1588	0.0907
MN771083	TTV-like mini virus	Betatorquevirus	genus	2847	0.7425	0.2575	0.0717
MN771086	TTV-like mini virus	Betatorquevirus	genus	2831	0.5465	0.4468	0.1303
MN771087	TTV-like mini virus	Betatorquevirus	genus	2864	0.5241	0.4480	0.2284
MN771089	TTV-like mini virus	Betatorquevirus	genus	2890	0.8446	0.1509	0.1003
MN771091	TTV-like mini virus	Betatorquevirus	genus	2780	0.7155	0.2845	0.0414
MN771092	TTV-like mini virus	Betatorquevirus	genus	2859	0.4939	0.4970	0.0707
MN771093	TTV-like mini virus	Betatorquevirus	genus	2862	0.9088	0.0905	0.0542
MN771097	TTV-like mini virus	Betatorquevirus	genus	2839	0.8714	0.1187	0.0785
MN771098	TTV-like mini virus	Betatorquevirus	genus	2838	0.8890	0.1110	0.0722
MN771102	TTV-like mini virus	Betatorquevirus	genus	2794	0.7348	0.2652	0.0183
MN771104	TTV-like mini virus	Betatorquevirus	genus	2838	0.8724	0.1276	0.0430
MN771106	TTV-like mini virus	Betatorquevirus	genus	2851	0.3960	0.6026	0.0845
MN771108	TTV-like mini virus	Betatorquevirus	genus	2871	0.8757	0.1216	0.1010
MN771110	TTV-like mini virus	Betatorquevirus	genus	2901	0.6925	0.2920	0.1424
MN771111	TTV-like mini virus	Betatorquevirus	genus	2873	0.8935	0.1055	0.0703
MN771112	TTV-like mini virus	Betatorquevirus	genus	2849	0.9087	0.0888	0.0505
MN771115	TTV-like mini virus	Betatorquevirus	genus	2885	0.8666	0.1314	0.1078
MN771117	TTV-like mini virus	Betatorquevirus	genus	2806	0.9248	0.0748	0.0421
MN771119	TTV-like mini virus	Betatorquevirus	genus	2862	0.8211	0.1789	0.0748
MN771120	TTV-like mini virus	Betatorquevirus	genus	2821	0.3818	0.6172	0.0780
MN771123	TTV-like mini virus	Betatorquevirus	genus	2776	0.8624	0.1376	0.0724
MN771129	TTV-like mini virus	Betatorquevirus	genus	2902	0.7422	0.2564	0.0338
MN771133	TTV-like mini virus	Betatorquevirus	genus	2822	0.5478	0.4522	0.0510
MN771134	TTV-like mini virus	Betatorquevirus	genus	2869	0.9076	0.0847	0.0530
MN771135	TTV-like mini virus	Betatorquevirus	genus	2839	0.7510	0.2476	0.0490
MN771136	TTV-like mini virus	Betatorquevirus	genus	2825	0.6350	0.3632	0.0630
MN771137	TTV-like mini virus	Betatorquevirus	genus	2884	0.7361	0.2632	0.0385
MN771139	TTV-like mini virus	Betatorquevirus	genus	2937	0.8669	0.1273	0.0722
MN771140	TTV-like mini virus	Betatorquevirus	genus	2792	0.9058	0.0942	0.0569
MN771141	TTV-like mini virus	Betatorquevirus	genus	2755	0.8479	0.1521	0.1118
MN771144	TTV-like mini virus	Betatorquevirus	genus	2816	0.8693	0.1307	0.0558
MN771145	TTV-like mini virus	Betatorquevirus	genus	2908	0.9426	0.0550	0.0165
MN771147	TTV-like mini virus	Betatorquevirus	genus	2806	0.7035	0.2962	0.0552
MN771150	TTV-like mini virus	Betatorquevirus	genus	2826	0.8531	0.1458	0.0648
MN771151	TTV-like mini virus	Betatorquevirus	genus	2893	0.6737	0.3263	0.0588
MN771153	TTV-like mini virus	Betatorquevirus	genus	2851	0.8993	0.0979	0.0694
MN771154	TTV-like mini virus	Betatorquevirus	genus	2849	0.8915	0.1067	0.0618
MN771155	TTV-like mini virus	Betatorquevirus	genus	2778	0.9248	0.0731	0.0511
MN771156	TTV-like mini virus	Betatorquevirus	genus	2834	0.5536	0.4464	0.0670
MN771158	TTV-like mini virus	Betatorquevirus	genus	2808	0.8145	0.1855	0.0812
MN771159	TTV-like mini virus	Betatorquevirus	genus	2830	0.8622	0.1357	0.0873
MN771161	TTV-like mini virus	Betatorquevirus	genus	2897	0.8567	0.1384	0.0742
MN771162	TTV-like mini virus	Betatorquevirus	genus	2865	0.8782	0.1197	0.0590
MN771163	TTV-like mini virus	Betatorquevirus	genus	2850	0.8796	0.1102	0.0782
MN771166	TTV-like mini virus	Betatorquevirus	genus	2830	0.8710	0.1014	0.0806
MN771168	TTV-like mini virus	Betatorquevirus	genus	2920	0.9072	0.0921	0.0705
MN771169	TTV-like mini virus	Betatorquevirus	genus	2819	0.6314	0.3686	0.1238
MN771170	TTV-like mini virus	Betatorquevirus	genus	2893	0.9004	0.0982	0.0622
MN771171	TTV-like mini virus	Betatorquevirus	genus	2734	0.9126	0.0761	0.0647
MN771173	TTV-like mini virus	Betatorquevirus	genus	2871	0.6663	0.3337	0.0773
MN771176	TTV-like mini virus	Betatorquevirus	genus	2889	0.9131	0.0852	0.0388
MN771177	TTV-like mini virus	Betatorquevirus	genus	2925	0.5781	0.4202	0.1094
MN771180	TTV-like mini virus	Betatorquevirus	genus	2914	0.8133	0.1005	0.1606
MN771181	TTV-like mini virus	Betatorquevirus	genus	2936	0.8787	0.1213	0.0637
MN771183	TTV-like mini virus	Betatorquevirus	genus	2838	0.9133	0.0765	0.0581
MN771195	TTV-like mini virus	Betatorquevirus	genus	2783	0.8854	0.1135	0.0708
MN771199	TTV-like mini virus	Betatorquevirus	genus	2839	0.8936	0.1064	0.0631
MN771204	TTV-like mini virus	Betatorquevirus	genus	2887	0.9449	0.0516	0.0281
MN771205	TTV-like mini virus	Betatorquevirus	genus	2875	0.8717	0.1259	0.0887
MN771208	TTV-like mini virus	Betatorquevirus	genus	2871	0.8502	0.1498	0.0752
MN771212	TTV-like mini virus	Betatorquevirus	genus	2796	0.5665	0.4106	0.2457
MN771213	TTV-like mini virus	Betatorquevirus	genus	2810	0.6384	0.3452	0.2064
MN771215	TTV-like mini virus	Betatorquevirus	genus	2775	0.6339	0.3611	0.1809
MN771217	TTV-like mini virus	Betatorquevirus	genus	2794	0.9055	0.0920	0.0523
MN771219	TTV-like mini virus	Betatorquevirus	genus	2903	0.8343	0.1647	0.0847
MN771220	TTV-like mini virus	Betatorquevirus	genus	2816	0.9119	0.0817	0.0625
MN771221	TTV-like mini virus	Betatorquevirus	genus	2974	0.7223	0.2774	0.0669
MN771223	TTV-like mini virus	Betatorquevirus	genus	2897	0.8654	0.1260	0.0887
MN771226	TTV-like mini virus	Betatorquevirus	genus	2784	0.9177	0.0779	0.0578
MN771228	TTV-like mini virus	Betatorquevirus	genus	2930	0.7570	0.2427	0.0724
MN771231	TTV-like mini virus	Betatorquevirus	genus	2882	0.6960	0.3040	0.0784
MN771232	TTV-like mini virus	Betatorquevirus	genus	2879	0.8979	0.0893	0.0806
MN771236	TTV-like mini virus	Betatorquevirus	genus	2805	0.9055	0.0898	0.0624
MN771237	TTV-like mini virus	Betatorquevirus	genus	2839	0.7393	0.2533	0.0461
MN771238	TTV-like mini virus	Betatorquevirus	genus	2974	0.7239	0.2751	0.0562
MN771239	TTV-like mini virus	Betatorquevirus	genus	2837	0.9076	0.0924	0.0402
MN771243	TTV-like mini virus	Betatorquevirus	genus	2867	0.7286	0.0900	0.2637
MN771244	TTV-like mini virus	Betatorquevirus	genus	2883	0.8554	0.1436	0.0635
MN771246	TTV-like mini virus	Betatorquevirus	genus	2798	0.7055	0.2881	0.0736
MN771248	Sadetorquevirus hominid7	Sadetorquevirus	ictv_genus	2893	0.9281	0.0000	0.0719
MN771249	TTV-like mini virus	Betatorquevirus	genus	2864	0.6892	0.3097	0.0534
MN771251	TTV-like mini virus	Betatorquevirus	genus	2873	0.8959	0.0957	0.0536
MN771253	TTV-like mini virus	Betatorquevirus	genus	2883	0.4492	0.5508	0.0857
MN771254	TTV-like mini virus	Betatorquevirus	genus	2815	0.5133	0.4860	0.0497
MN771255	TTV-like mini virus	Betatorquevirus	genus	2813	0.9076	0.0924	0.0444
MN771256	TTV-like mini virus	Betatorquevirus	genus	2873	0.8552	0.1180	0.1055
MN771257	TTV-like mini virus	Betatorquevirus	genus	2907	0.8583	0.1407	0.0853
MN771261	TTV-like mini virus	Betatorquevirus	genus	2812	0.6117	0.3869	0.0786
MN771262	TTV-like mini virus	Betatorquevirus	genus	2820	0.6475	0.3525	0.0564
MN771263	TTV-like mini virus	Betatorquevirus	genus	2871	0.7297	0.2692	0.0547
MN771265	TTV-like mini virus	Betatorquevirus	genus	2936	0.9571	0.0324	0.0283
MN771268	TTV-like mini virus	Betatorquevirus	genus	2920	0.7092	0.2908	0.0493
MN771269	TTV-like mini virus	Betatorquevirus	genus	2896	0.9541	0.0418	0.0186
MN771270	TTV-like mini virus	Betatorquevirus	genus	2827	0.7789	0.2140	0.0842
MN771271	TTV-like mini virus	Betatorquevirus	genus	2796	0.9342	0.0572	0.0497
MN771272	TTV-like mini virus	Betatorquevirus	genus	2763	0.9131	0.0818	0.0434
MN771273	TTV-like mini virus	Betatorquevirus	genus	2881	0.8323	0.1673	0.0531
MN771275	TTV-like mini virus	Betatorquevirus	genus	2785	0.8233	0.1275	0.1415
MN771276	TTV-like mini virus	Betatorquevirus	genus	2871	0.5402	0.4594	0.0564
MN771277	Hetorquevirus hominid4	Hetorquevirus	ictv_genus	2909	0.8697	0.0100	0.1303
MN771279	TTV-like mini virus	Betatorquevirus	genus	2838	0.9334	0.0592	0.0356
MN771281	TTV-like mini virus	Betatorquevirus	genus	2854	0.9254	0.0739	0.0361
MN771282	TTV-like mini virus	Betatorquevirus	genus	2868	0.5275	0.4725	0.0767
MN771284	TTV-like mini virus	Betatorquevirus	genus	2700	0.6907	0.3007	0.1037
MN771289	TTV-like mini virus	Betatorquevirus	genus	2826	0.6285	0.3715	0.0970
MN771291	TTV-like mini virus	Betatorquevirus	genus	2769	0.9234	0.0737	0.0209
MN771293	TTV-like mini virus	Betatorquevirus	genus	2837	0.9358	0.0631	0.0560
MN771294	TTV-like mini virus	Betatorquevirus	genus	2829	0.5875	0.2821	0.3503
MN771297	TTV-like mini virus	Betatorquevirus	genus	2872	0.9102	0.0836	0.0376
MN771299	TTV-like mini virus	Betatorquevirus	genus	2801	0.7047	0.2913	0.0693
MN771300	TTV-like mini virus	Betatorquevirus	genus	2954	0.9171	0.0785	0.0440
MN771303	TTV-like mini virus	Betatorquevirus	genus	2805	0.8036	0.1875	0.0520
MN771304	TTV-like mini virus	Betatorquevirus	genus	2853	0.8693	0.1269	0.0869
MN771305	TTV-like mini virus	Betatorquevirus	genus	2831	0.9311	0.0689	0.0389
MN771310	TTV-like mini virus	Betatorquevirus	genus	2869	0.7860	0.2140	0.0544
MN771311	TTV-like mini virus	Betatorquevirus	genus	2886	0.5274	0.4723	0.0877
MN771312	TTV-like mini virus	Betatorquevirus	genus	2848	0.7528	0.2416	0.0471
MN771315	TTV-like mini virus	Betatorquevirus	genus	2783	0.8940	0.1006	0.0460
MN771316	TTV-like mini virus	Betatorquevirus	genus	2929	0.8518	0.1461	0.0806
MN771319	TTV-like mini virus	Betatorquevirus	genus	2963	0.7972	0.2018	0.0695
MN771322	TTV-like mini virus	Betatorquevirus	genus	2940	0.7605	0.2354	0.0772
MN771326	TTV-like mini virus	Betatorquevirus	genus	2966	0.6089	0.3904	0.0856
MN771329	TTV-like mini virus	Betatorquevirus	genus	2909	0.8845	0.1148	0.0818
MN771333	TTV-like mini virus	Betatorquevirus	genus	2952	0.6091	0.3865	0.0671
MN771334	TTV-like mini virus	Betatorquevirus	genus	2943	0.9273	0.0724	0.0527
MN771339	TTV-like mini virus	Betatorquevirus	genus	2861	0.8581	0.0804	0.1139
MN771345	TTV-like mini virus	Betatorquevirus	genus	2881	0.8389	0.1604	0.0548
MN771347	TTV-like mini virus	Betatorquevirus	genus	2772	0.8874	0.1071	0.0703
MN771348	TTV-like mini virus	Betatorquevirus	genus	2870	0.9338	0.0474	0.0484
MN771349	TTV-like mini virus	Betatorquevirus	genus	2931	0.6735	0.3033	0.1590
MN771350	TTV-like mini virus	Betatorquevirus	genus	2893	0.8828	0.1141	0.0757
MN771351	TTV-like mini virus	Betatorquevirus	genus	2744	0.5649	0.4351	0.0306
MN771352	TTV-like mini virus	Betatorquevirus	genus	2837	0.8597	0.1350	0.0448
MN771354	TTV-like mini virus	Betatorquevirus	genus	2761	0.8848	0.1043	0.0895
MN771355	TTV-like mini virus	Betatorquevirus	genus	2960	0.9142	0.0855	0.0375
MN771356	TTV-like mini virus	Betatorquevirus	genus	2744	0.8673	0.1327	0.0281
MN771357	TTV-like mini virus	Betatorquevirus	genus	2767	0.6784	0.2757	0.1699
MN771359	TTV-like mini virus	Betatorquevirus	genus	2889	0.7781	0.2219	0.0582
MN771360	TTV-like mini virus	Betatorquevirus	genus	2884	0.8974	0.1006	0.0725
MN771361	TTV-like mini virus	Betatorquevirus	genus	2786	0.8582	0.1213	0.0887
MN771362	TTV-like mini virus	Betatorquevirus	genus	2785	0.9307	0.0686	0.0294
MN771364	TTV-like mini virus	Betatorquevirus	genus	2762	0.9269	0.0710	0.0492
MN771365	TTV-like mini virus	Betatorquevirus	genus	2771	0.7239	0.2494	0.1425
MN771366	TTV-like mini virus	Betatorquevirus	genus	2846	0.9512	0.0485	0.0242
MN771367	TTV-like mini virus	Betatorquevirus	genus	2823	0.6706	0.2940	0.1562
MN771370	TTV-like mini virus	Betatorquevirus	genus	2805	0.8118	0.0877	0.1351
MN771371	TTV-like mini virus	Betatorquevirus	genus	2807	0.8678	0.1322	0.0374
MN771372	TTV-like mini virus	Betatorquevirus	genus	2814	0.9268	0.0732	0.0320
MN771373	TTV-like mini virus	Betatorquevirus	genus	2900	0.9707	0.0172	0.0155
MN771374	TTV-like mini virus	Betatorquevirus	genus	2842	0.9370	0.0595	0.0366
MN771375	TTV-like mini virus	Betatorquevirus	genus	2760	0.9196	0.0663	0.0475
MN771376	TTV-like mini virus	Betatorquevirus	genus	2839	0.5667	0.4072	0.2878
MN771378	TTV-like mini virus	Betatorquevirus	genus	2803	0.7806	0.2191	0.0689
MN771379	TTV-like mini virus	Betatorquevirus	genus	2748	0.9465	0.0495	0.0313
MN771383	TTV-like mini virus	Betatorquevirus	genus	2831	0.9191	0.0784	0.0706
MN771386	TTV-like mini virus	Betatorquevirus	genus	2733	0.8749	0.1251	0.0366
MN771387	TTV-like mini virus	Betatorquevirus	genus	2844	0.9184	0.0816	0.0320
MN771392	TTV-like mini virus	Betatorquevirus	genus	2759	0.8543	0.1453	0.0678
MN771395	TTV-like mini virus	Betatorquevirus	genus	2873	0.5064	0.4925	0.0689
MN771396	TTV-like mini virus	Betatorquevirus	genus	2762	0.6785	0.3215	0.0615
MN771398	TTV-like mini virus	Betatorquevirus	genus	2811	0.9587	0.0413	0.0235
MN771400	TTV-like mini virus	Betatorquevirus	genus	2738	0.9240	0.0760	0.0621
MN771401	TTV-like mini virus	Betatorquevirus	genus	2798	0.9067	0.0911	0.0558
MN771404	TTV-like mini virus	Betatorquevirus	genus	2807	0.5444	0.4535	0.0791
MN771405	TTV-like mini virus	Betatorquevirus	genus	2923	0.7787	0.2213	0.0790
MN771406	TTV-like mini virus	Betatorquevirus	genus	2726	0.6185	0.3690	0.2285
MN771408	TTV-like mini virus	Betatorquevirus	genus	2821	0.5806	0.4190	0.0670
MN771409	TTV-like mini virus	Betatorquevirus	genus	2739	0.6630	0.3078	0.1723
MN771410	TTV-like mini virus	Betatorquevirus	genus	2855	0.8876	0.1124	0.0476
MN771411	TTV-like mini virus	Betatorquevirus	genus	2768	0.7598	0.1384	0.2034
MN771415	TTV-like mini virus	Betatorquevirus	genus	2780	0.6687	0.3144	0.1335
MN771416	TTV-like mini virus	Betatorquevirus	genus	2905	0.8795	0.1205	0.0675
MN771418	TTV-like mini virus	Betatorquevirus	genus	2769	0.6266	0.3734	0.0462
MN771419	TTV-like mini virus	Betatorquevirus	genus	2788	0.7109	0.2873	0.0638
MN771421	TTV-like mini virus	Betatorquevirus	genus	2863	0.7897	0.2103	0.0398
MN771423	TTV-like mini virus	Betatorquevirus	genus	2842	0.8797	0.1200	0.0510
MN771425	TTV-like mini virus	Betatorquevirus	genus	2783	0.7812	0.2188	0.0334
MN771426	TTV-like mini virus	Betatorquevirus	genus	2767	0.6408	0.3592	0.0459
MN771428	TTV-like mini virus	Betatorquevirus	genus	2867	0.9079	0.0896	0.0520
MN771429	TTV-like mini virus	Betatorquevirus	genus	2787	0.9587	0.0366	0.0266
MN771431	TTV-like mini virus	Betatorquevirus	genus	2853	0.9404	0.0589	0.0358
MN771432	TTV-like mini virus	Betatorquevirus	genus	2708	0.9623	0.0299	0.0270
MN771438	TTV-like mini virus	Betatorquevirus	genus	2780	0.9090	0.0863	0.0522
MN771443	TTV-like mini virus	Betatorquevirus	genus	2789	0.6242	0.3758	0.0595
MN771444	TTV-like mini virus	Betatorquevirus	genus	2816	0.5952	0.4045	0.0540
MN771445	TTV-like mini virus	Betatorquevirus	genus	2857	0.9440	0.0546	0.0441
MN771447	TTV-like mini virus	Betatorquevirus	genus	2804	0.5103	0.4879	0.0742
MN771450	TTV-like mini virus	Betatorquevirus	genus	2743	0.4754	0.4714	0.3030
MN771452	TTV-like mini virus	Betatorquevirus	genus	2752	0.7565	0.2398	0.0719
MN771453	TTV-like mini virus	Betatorquevirus	genus	2881	0.5092	0.4870	0.0580
MN771455	TTV-like mini virus	Betatorquevirus	genus	2788	0.9236	0.0735	0.0473
MN771456	TTV-like mini virus	Betatorquevirus	genus	2747	0.9359	0.0575	0.0422
MN771457	TTV-like mini virus	Betatorquevirus	genus	2868	0.7148	0.2849	0.0788
MN771459	TTV-like mini virus	Betatorquevirus	genus	2839	0.7837	0.2163	0.0447
MN771460	TTV-like mini virus	Betatorquevirus	genus	2864	0.8953	0.1047	0.0520
MN771461	TTV-like mini virus	Betatorquevirus	genus	2740	0.9095	0.0832	0.0624
MN771464	TTV-like mini virus	Betatorquevirus	genus	2787	0.6541	0.3452	0.0434
MN771465	TTV-like mini virus	Betatorquevirus	genus	2778	0.7865	0.1839	0.1199
MN771466	TTV-like mini virus	Betatorquevirus	genus	2767	0.9176	0.0781	0.0549
MN771468	TTV-like mini virus	Betatorquevirus	genus	2745	0.9213	0.0769	0.0576
MN771470	TTV-like mini virus	Betatorquevirus	genus	2787	0.7366	0.2616	0.0438
MN771471	TTV-like mini virus	Betatorquevirus	genus	2707	0.8936	0.1064	0.0266
MN771472	TTV-like mini virus	Betatorquevirus	genus	2880	0.6288	0.3712	0.0726
MN771474	TTV-like mini virus	Betatorquevirus	genus	2748	0.7293	0.2693	0.0393
MN771479	TTV-like mini virus	Betatorquevirus	genus	2833	0.9615	0.0385	0.0173
MN771481	TTV-like mini virus	Betatorquevirus	genus	2692	0.2262	0.7738	0.2656
MN771486	TTV-like mini virus	Betatorquevirus	genus	2788	0.6198	0.3336	0.2023
MN771495	TTV-like mini virus	Betatorquevirus	genus	2888	0.5886	0.4086	0.0675
MN771496	TTV-like mini virus	Betatorquevirus	genus	2778	0.6058	0.3938	0.0594
MN771499	TTV-like mini virus	Betatorquevirus	genus	2924	0.9015	0.0958	0.0414
MN771500	TTV-like mini virus	Betatorquevirus	genus	2850	0.5067	0.4846	0.2547
MN771501	TTV-like mini virus	Betatorquevirus	genus	2852	0.8885	0.0985	0.0775
MN771504	TTV-like mini virus	Betatorquevirus	genus	2671	0.9281	0.0719	0.0565
MN771505	TTV-like mini virus	Betatorquevirus	genus	2839	0.8725	0.1268	0.0733
MN771510	TTV-like mini virus	Betatorquevirus	genus	2794	0.7849	0.1725	0.1689
MN771511	TTV-like mini virus	Betatorquevirus	genus	2835	0.9146	0.0854	0.0388
MN771514	TTV-like mini virus	Betatorquevirus	genus	2885	0.8464	0.1536	0.0714
MN774927	Memtorquevirus hominid13	Memtorquevirus	ictv_genus	3027	0.6875	0.0370	0.3125
MN774928	Torque teno midi virus	Torque teno midi virus	species	3013	0.6674	0.0631	0.3236
MN774929	Torque teno midi virus	Torque teno midi virus	species	3021	0.8964	0.0609	0.0910
MN774930	Torque teno midi virus	Torque teno midi virus	species	3007	0.9165	0.0658	0.0728
MN774932	Samektorquevirus hominid15	Samektorquevirus	ictv_genus	3034	0.9008	0.0511	0.0962
MN774933	Torque teno midi virus	Torque teno midi virus	species	3006	0.9085	0.0619	0.0765
MN774934	Torque teno midi virus	Torque teno midi virus	species	3001	0.7994	0.0850	0.1906
MN774935	Torque teno midi virus	Torque teno midi virus	species	2612	0.9319	0.0582	0.0605
MN774936	Torque teno midi virus	Torque teno midi virus	species	3033	0.8302	0.1579	0.1658
MN774937	Torque teno midi virus	Torque teno midi virus	species	3040	0.7974	0.1951	0.1842
MN774938	Torque teno midi virus	Torque teno midi virus	species	3198	0.8824	0.0685	0.0991
MN774939	Memtorquevirus hominid14	Memtorquevirus	ictv_genus	3218	0.8884	0.0500	0.1088
MN774940	Torque teno midi virus	Torque teno midi virus	species	3197	0.5877	0.2258	0.3869
MN774941	Torque teno midi virus	Torque teno midi virus	species	3188	0.7560	0.2409	0.2064
MN774942	Torque teno midi virus	Torque teno midi virus	species	3147	0.7728	0.1970	0.2104
MN774943	Torque teno midi virus	Torque teno midi virus	species	3149	0.7895	0.1953	0.2058
MN774944	Torque teno midi virus	Torque teno midi virus	species	3163	0.7670	0.2232	0.2261
MN774945	Torque teno midi virus	Torque teno midi virus	species	2987	0.8520	0.1199	0.1379
MN774948	Torque teno midi virus	Torque teno midi virus	species	3161	0.9348	0.0494	0.0645
MN774949	Torque teno midi virus	Torque teno midi virus	species	3153	0.7685	0.2147	0.2169
MN774950	Torque teno midi virus	Torque teno midi virus	species	3166	0.7846	0.2009	0.2066
MN774951	Torque teno midi virus	Torque teno midi virus	species	3175	0.6784	0.2920	0.2066
MN774952	Torque teno midi virus	Torque teno midi virus	species	3197	0.7754	0.2086	0.1942
MN774953	Torque teno midi virus	Torque teno midi virus	species	3054	0.7800	0.2079	0.2171
MN774954	Torque teno midi virus	Torque teno midi virus	species	2954	0.5670	0.2123	0.4228
MN774955	Torque teno midi virus	Torque teno midi virus	species	3028	0.7801	0.2034	0.2150
MN774956	Samektorquevirus hominid17	Samektorquevirus	ictv_genus	3024	0.8839	0.0820	0.0853
MN774958	Torque teno midi virus	Torque teno midi virus	species	2862	0.8204	0.1268	0.1691
MN774959	Samektorquevirus hominid18	Samektorquevirus	ictv_genus	2891	0.8222	0.0882	0.1702
MN774961	Torque teno midi virus	Torque teno midi virus	species	2926	0.8298	0.1637	0.1555
MN774962	Torque teno midi virus	Torque teno midi virus	species	2872	0.7981	0.1511	0.1866
MN774963	Torque teno midi virus	Torque teno midi virus	species	2825	0.7476	0.2492	0.1342
MN774964	Torque teno midi virus	Torque teno midi virus	species	2961	0.8176	0.1635	0.1675
MN774965	Torque teno midi virus	Torque teno midi virus	species	2691	0.8235	0.1245	0.1624
MN774967	Torque teno midi virus	Torque teno midi virus	species	2834	0.8225	0.1711	0.1507
MN774968	Torque teno midi virus	Torque teno midi virus	species	2826	0.8057	0.1557	0.1762
MN774969	Torque teno midi virus	Torque teno midi virus	species	2957	0.8052	0.1890	0.1843
MN774970	Torque teno midi virus	Torque teno midi virus	species	2965	0.7933	0.2030	0.1946
MN774971	Torque teno midi virus	Torque teno midi virus	species	2864	0.8397	0.1596	0.1459
MN774972	Torque teno midi virus	Torque teno midi virus	species	2929	0.7917	0.1891	0.1984
MN774973	Torque teno midi virus	Torque teno midi virus	species	2929	0.8010	0.1881	0.1823
MN774974	Torque teno midi virus	Torque teno midi virus	species	2945	0.8068	0.1874	0.1711
MN774975	Torque teno midi virus	Torque teno midi virus	species	2980	0.8121	0.1728	0.1742
MN774976	Torque teno midi virus	Torque teno midi virus	species	2956	0.8194	0.1769	0.1627
MN774977	Torque teno midi virus	Torque teno midi virus	species	2980	0.8265	0.1577	0.1503
MN774978	Torque teno midi virus	Torque teno midi virus	species	2909	0.8388	0.1550	0.1523
MN774980	Torque teno midi virus	Torque teno midi virus	species	2959	0.6391	0.1852	0.3565
MN774981	Torque teno midi virus	Torque teno midi virus	species	2931	0.8335	0.1597	0.1559
MN774984	Torque teno midi virus	Torque teno midi virus	species	3001	0.7697	0.2066	0.2216
MN774985	Torque teno midi virus	Torque teno midi virus	species	2966	0.8028	0.1807	0.1932
MN774986	Torque teno midi virus	Torque teno midi virus	species	3051	0.7525	0.2360	0.2124
MN774987	Torque teno midi virus	Torque teno midi virus	species	3152	0.7890	0.1875	0.2059
MN774988	Torque teno midi virus	Torque teno midi virus	species	3183	0.8417	0.1316	0.1536
MN774989	Lamedtorquevirus hominid11	Lamedtorquevirus	ictv_genus	3081	0.9143	0.0000	0.0857
MT157223	Anelloviridae sp.	Anelloviridae sp.	species	2845	0.9037	0.0306	0.0963
MT210805	Human anellovirus zj-ad 1	Human anellovirus zj-ad 1	species	2811	0.8463	0.0000	0.1537
MT501646	Anellovirus cya/2019	Anellovirus cya/2019	species	3621	0.7462	0.0000	0.2538
MT501648	TT virus cyb/2019	TT virus cyb/2019	species	3729	0.4784	0.0000	0.5216
MT506588	Torque teno virus	Torque teno virus	species	2870	0.8923	0.0415	0.1077
MT506589	Torque teno virus	Torque teno virus	species	3213	0.7961	0.0921	0.2017
MT783403	TTV-like mini virus	Betatorquevirus	genus	2867	0.9121	0.0848	0.0460
MT783404	Torque teno virus	Torque teno virus	species	2839	0.5456	0.4040	0.3093
MT783405	Torque teno virus	Torque teno virus	species	3702	0.6099	0.1334	0.3874
MT783406	Torque teno virus	Torque teno virus	species	3603	0.6114	0.1518	0.3833
MW455346	Anelloviridae sp.	Anelloviridae sp.	species	3492	0.8958	0.1019	0.0951
MW455347	Anelloviridae sp.	Anelloviridae sp.	species	3457	0.5696	0.4258	0.0966
MW455348	Anelloviridae sp.	Anelloviridae sp.	species	3213	0.6645	0.3221	0.1214
MW455349	Anelloviridae sp.	Anelloviridae sp.	species	3124	0.6037	0.3467	0.3364
MW455351	Anelloviridae sp.	Anelloviridae sp.	species	3078	0.9269	0.0731	0.0370
MW455352	Anelloviridae sp.	Anelloviridae sp.	species	3061	0.6504	0.3440	0.1075
MW455354	Anelloviridae sp.	Anelloviridae sp.	species	2864	0.7779	0.2057	0.0723
MW455358	Anelloviridae sp.	Anelloviridae sp.	species	2797	0.9017	0.0261	0.0983
MW455359	Anelloviridae sp.	Anelloviridae sp.	species	2896	0.3581	0.6250	0.1471
MW455361	Anelloviridae sp.	Anelloviridae sp.	species	2517	0.9480	0.0230	0.0501
MW455362	Anelloviridae sp.	Anelloviridae sp.	species	3015	0.8458	0.1400	0.1499
MW455363	Anelloviridae sp.	Anelloviridae sp.	species	2882	0.7731	0.1502	0.1943
MW455364	Anelloviridae sp.	Anelloviridae sp.	species	2867	0.9069	0.0272	0.0875
MW455365	Anelloviridae sp.	Anelloviridae sp.	species	2498	0.9436	0.0440	0.0564
MW455368	Anelloviridae sp.	Anelloviridae sp.	species	3139	0.7286	0.1797	0.1768
MW455369	Anelloviridae sp.	Anelloviridae sp.	species	3044	0.7152	0.2635	0.1508
MW455373	Anelloviridae sp.	Anelloviridae sp.	species	2495	0.9555	0.0417	0.0337
MW455375	Anelloviridae sp.	Anelloviridae sp.	species	3095	0.5338	0.1952	0.4220
MW455378	Anelloviridae sp.	Anelloviridae sp.	species	2723	0.9126	0.0591	0.0804
MW455380	Anelloviridae sp.	Anelloviridae sp.	species	3185	0.3633	0.6229	0.3033
MW455381	Anelloviridae sp.	Anelloviridae sp.	species	2954	0.7420	0.0301	0.2580
MW455382	Anelloviridae sp.	Anelloviridae sp.	species	2780	0.6489	0.2583	0.2104
MW455383	Anelloviridae sp.	Anelloviridae sp.	species	3679	0.3637	0.6238	0.1897
MW455384	Anelloviridae sp.	Anelloviridae sp.	species	2938	0.9282	0.0640	0.0425
MW455385	Anelloviridae sp.	Anelloviridae sp.	species	2835	0.5732	0.4265	0.0871
MW455386	Anelloviridae sp.	Anelloviridae sp.	species	2747	0.6163	0.3433	0.1471
MW455387	Anelloviridae sp.	Anelloviridae sp.	species	3205	0.4780	0.5070	0.2917
MW455388	Anelloviridae sp.	Anelloviridae sp.	species	2211	0.9231	0.0050	0.0719
MW455389	Anelloviridae sp.	Anelloviridae sp.	species	3796	0.5464	0.4165	0.3159
MW455390	Anelloviridae sp.	Anelloviridae sp.	species	3105	0.4300	0.5649	0.2074
MW455391	Anelloviridae sp.	Anelloviridae sp.	species	2809	0.4756	0.4724	0.2681
MW455392	Anelloviridae sp.	Anelloviridae sp.	species	3298	0.8714	0.1180	0.1122
MW455393	Anelloviridae sp.	Anelloviridae sp.	species	3250	0.8717	0.1015	0.0991
MW455394	Anelloviridae sp.	Anelloviridae sp.	species	3187	0.8403	0.1478	0.1462
MW455395	Anelloviridae sp.	Anelloviridae sp.	species	3213	0.6141	0.3844	0.0448
MW455397	Anelloviridae sp.	Anelloviridae sp.	species	3035	0.8801	0.0840	0.1077
MW455398	Anelloviridae sp.	Anelloviridae sp.	species	2918	0.6758	0.2848	0.1847
MW455399	Anelloviridae sp.	Anelloviridae sp.	species	2957	0.6517	0.1816	0.3172
MW455400	Anelloviridae sp.	Anelloviridae sp.	species	2928	0.6021	0.3846	0.1100
MW455401	Anelloviridae sp.	Anelloviridae sp.	species	2920	0.5445	0.4541	0.0421
MW455402	Anelloviridae sp.	Anelloviridae sp.	species	2824	0.9281	0.0273	0.0719
MW455403	Anelloviridae sp.	Anelloviridae sp.	species	2755	0.7358	0.0436	0.2639
MW455405	Anelloviridae sp.	Anelloviridae sp.	species	2533	0.5823	0.4157	0.0403
MW455406	Anelloviridae sp.	Anelloviridae sp.	species	2480	0.9641	0.0315	0.0242
MW455407	Anelloviridae sp.	Anelloviridae sp.	species	2500	0.9484	0.0408	0.0404
MW455408	Anelloviridae sp.	Anelloviridae sp.	species	2068	0.6180	0.3820	0.0034
MW455409	Anelloviridae sp.	Anelloviridae sp.	species	2833	0.8366	0.1073	0.1518
MW455410	Anelloviridae sp.	Anelloviridae sp.	species	2838	0.5511	0.4366	0.1061
MW455411	Anelloviridae sp.	Anelloviridae sp.	species	2789	0.7766	0.1337	0.2022
MW455413	Anelloviridae sp.	Anelloviridae sp.	species	2535	0.8355	0.1389	0.1112
MW455414	Anelloviridae sp.	Anelloviridae sp.	species	3185	0.3934	0.5947	0.2835
MW455416	Anelloviridae sp.	Anelloviridae sp.	species	3151	0.5592	0.4402	0.0559
MW455417	Anelloviridae sp.	Anelloviridae sp.	species	3104	0.9108	0.0844	0.0693
MW455419	Anelloviridae sp.	Anelloviridae sp.	species	2958	0.6153	0.2539	0.3195
MW455420	Anelloviridae sp.	Anelloviridae sp.	species	2983	0.4599	0.5401	0.0530
MW455421	Anelloviridae sp.	Anelloviridae sp.	species	2970	0.6064	0.2535	0.3263
MW455422	Anelloviridae sp.	Anelloviridae sp.	species	2958	0.6690	0.0544	0.3272
MW455423	Anelloviridae sp.	Anelloviridae sp.	species	2897	0.3721	0.6241	0.1602
MW455425	Anelloviridae sp.	Anelloviridae sp.	species	2780	0.6068	0.2255	0.3730
MW455426	Anelloviridae sp.	Anelloviridae sp.	species	2494	0.2831	0.7117	0.1889
MW455427	Anelloviridae sp.	Anelloviridae sp.	species	2912	0.6078	0.0831	0.3911
MW455428	Anelloviridae sp.	Anelloviridae sp.	species	2827	0.7361	0.1252	0.2356
MW455429	Anelloviridae sp.	Anelloviridae sp.	species	2805	0.5775	0.3693	0.3219
MW455430	Anelloviridae sp.	Anelloviridae sp.	species	2818	0.8183	0.0582	0.1803
MW455431	Anelloviridae sp.	Anelloviridae sp.	species	2794	0.7477	0.0673	0.2502
MW455432	Anelloviridae sp.	Anelloviridae sp.	species	3733	0.5821	0.4024	0.0905
MW455434	Anelloviridae sp.	Anelloviridae sp.	species	2933	0.8094	0.1394	0.1596
MW455435	Anelloviridae sp.	Anelloviridae sp.	species	2966	0.9076	0.0823	0.0742
MW455436	Anelloviridae sp.	Anelloviridae sp.	species	2446	0.9448	0.0450	0.0372
MW455438	Anelloviridae sp.	Anelloviridae sp.	species	3687	0.3708	0.6235	0.1977
MW455439	Anelloviridae sp.	Anelloviridae sp.	species	3591	0.4993	0.4606	0.3642
MW455440	Anelloviridae sp.	Anelloviridae sp.	species	3165	0.7100	0.2445	0.2101
MW455442	Anelloviridae sp.	Anelloviridae sp.	species	2931	0.6169	0.3756	0.1163
MW455444	Anelloviridae sp.	Anelloviridae sp.	species	2870	0.4976	0.4470	0.2533
MW455445	Anelloviridae sp.	Anelloviridae sp.	species	2797	0.8970	0.0307	0.1023
MW455446	Anelloviridae sp.	Anelloviridae sp.	species	3130	0.3824	0.5048	0.4454
MW455448	Anelloviridae sp.	Anelloviridae sp.	species	3665	0.6368	0.3086	0.2085
MW455450	Anelloviridae sp.	Anelloviridae sp.	species	2538	0.9480	0.0398	0.0477
MW679003	Torque teno virus AZ1_2	Torque teno virus AZ1_2	species	3740	0.5826	0.0000	0.4174
MW679005	Torque teno virus AZ6_5	Torque teno virus AZ6_5	species	3654	0.7947	0.0000	0.2053
MW679006	Torque teno virus AZ7_4	Torque teno virus AZ7_4	species	3751	0.5415	0.0000	0.4585
MW857571	Torque teno virus	Torque teno virus	species	3543	0.6342	0.1606	0.3223
MZ285962	Anelloviridae sp.	Anelloviridae sp.	species	3152	0.8192	0.1605	0.1799
MZ285963	Anelloviridae sp.	Anelloviridae sp.	species	2794	0.9084	0.0648	0.0902
MZ285964	Anelloviridae sp.	Anelloviridae sp.	species	2900	0.3528	0.6424	0.1345
MZ285969	Anelloviridae sp.	Anelloviridae sp.	species	3614	0.4566	0.4945	0.3727
MZ285971	Anelloviridae sp.	Anelloviridae sp.	species	2958	0.7079	0.2840	0.0865
MZ285973	Anelloviridae sp.	Anelloviridae sp.	species	3141	0.6603	0.0548	0.3381
MZ285976	Anelloviridae sp.	Anelloviridae sp.	species	2982	0.3340	0.6083	0.4799
MZ285978	Anelloviridae sp.	Anelloviridae sp.	species	2946	0.8265	0.1684	0.0261
MZ285979	Anelloviridae sp.	Anelloviridae sp.	species	2942	0.9487	0.0428	0.0411
MZ285982	Anelloviridae sp.	Anelloviridae sp.	species	2913	0.6214	0.1874	0.3100
MZ285983	Anelloviridae sp.	Anelloviridae sp.	species	2874	0.8674	0.1037	0.0929
MZ285984	Anelloviridae sp.	Anelloviridae sp.	species	2842	0.4518	0.5454	0.1728
MZ285985	Anelloviridae sp.	Anelloviridae sp.	species	2837	0.5908	0.2245	0.3063
MZ285986	Anelloviridae sp.	Anelloviridae sp.	species	2762	0.9142	0.0637	0.0847
MZ285987	Anelloviridae sp.	Anelloviridae sp.	species	2729	0.6893	0.3078	0.0227
MZ285989	Anelloviridae sp.	Anelloviridae sp.	species	3003	0.3690	0.5951	0.4023
MZ285991	Anelloviridae sp.	Anelloviridae sp.	species	2787	0.7406	0.1787	0.1281
MZ285992	Anelloviridae sp.	Anelloviridae sp.	species	3536	0.6312	0.2350	0.2964
MZ285994	Anelloviridae sp.	Anelloviridae sp.	species	3137	0.3666	0.6092	0.3672
MZ285996	Anelloviridae sp.	Anelloviridae sp.	species	2722	0.9258	0.0647	0.0661
MZ285999	Anelloviridae sp.	Anelloviridae sp.	species	2445	0.9640	0.0323	0.0274
MZ286000	Anelloviridae sp.	Anelloviridae sp.	species	3130	0.8310	0.1546	0.1649
MZ286001	Anelloviridae sp.	Anelloviridae sp.	species	2745	0.5370	0.0539	0.4627
MZ286002	Anelloviridae sp.	Anelloviridae sp.	species	3588	0.4381	0.5415	0.3498
MZ286003	Anelloviridae sp.	Anelloviridae sp.	species	3145	0.4019	0.5647	0.3797
MZ286004	Anelloviridae sp.	Anelloviridae sp.	species	2918	0.6669	0.0559	0.3331
MZ286005	Anelloviridae sp.	Anelloviridae sp.	species	2731	0.7737	0.2226	0.0659
MZ286006	Anelloviridae sp.	Anelloviridae sp.	species	3619	0.3877	0.6049	0.1716
MZ286007	Anelloviridae sp.	Anelloviridae sp.	species	2771	0.9332	0.0235	0.0653
MZ286008	Anelloviridae sp.	Anelloviridae sp.	species	3536	0.2885	0.6519	0.4044
MZ286009	Anelloviridae sp.	Anelloviridae sp.	species	3461	0.5435	0.2202	0.4539
MZ286011	Anelloviridae sp.	Anelloviridae sp.	species	3135	0.5557	0.4434	0.0893
MZ286014	Anelloviridae sp.	Anelloviridae sp.	species	2999	0.5012	0.4618	0.3638
MZ286017	Anelloviridae sp.	Anelloviridae sp.	species	3728	0.8302	0.1408	0.1454
MZ286018	Anelloviridae sp.	Anelloviridae sp.	species	3091	0.7409	0.2494	0.1501
MZ286019	Anelloviridae sp.	Anelloviridae sp.	species	2917	0.5996	0.3826	0.1354
MZ286020	Anelloviridae sp.	Anelloviridae sp.	species	2746	0.9181	0.0477	0.0543
MZ286021	Anelloviridae sp.	Anelloviridae sp.	species	2484	0.7323	0.0238	0.2669
MZ286022	Anelloviridae sp.	Anelloviridae sp.	species	3823	0.8546	0.1216	0.1208
MZ286023	Anelloviridae sp.	Anelloviridae sp.	species	3373	0.4243	0.5654	0.1678
MZ286024	Anelloviridae sp.	Anelloviridae sp.	species	3200	0.9578	0.0128	0.0413
MZ286025	Anelloviridae sp.	Anelloviridae sp.	species	3144	0.8368	0.1616	0.0948
MZ286026	Anelloviridae sp.	Anelloviridae sp.	species	3125	0.7750	0.1907	0.2134
MZ286027	Anelloviridae sp.	Anelloviridae sp.	species	3104	0.6910	0.1211	0.2896
MZ286031	Anelloviridae sp.	Anelloviridae sp.	species	2887	0.3332	0.6474	0.4538
MZ286032	Anelloviridae sp.	Anelloviridae sp.	species	2817	0.8995	0.0795	0.0845
MZ286033	Anelloviridae sp.	Anelloviridae sp.	species	2800	0.8889	0.0732	0.1100
MZ286034	Anelloviridae sp.	Anelloviridae sp.	species	2593	0.8955	0.0497	0.1037
MZ286037	Anelloviridae sp.	Anelloviridae sp.	species	3786	0.4559	0.5415	0.1305
MZ286038	Anelloviridae sp.	Anelloviridae sp.	species	3678	0.7017	0.2077	0.2673
MZ286041	Anelloviridae sp.	Anelloviridae sp.	species	2759	0.9069	0.0855	0.0859
MZ286042	Anelloviridae sp.	Anelloviridae sp.	species	3340	0.3284	0.6323	0.5269
MZ286043	Anelloviridae sp.	Anelloviridae sp.	species	3154	0.9027	0.0748	0.0869
MZ286044	Anelloviridae sp.	Anelloviridae sp.	species	2839	0.7478	0.1631	0.2240
MZ286046	Anelloviridae sp.	Anelloviridae sp.	species	3477	0.3121	0.6862	0.1041
MZ286047	Anelloviridae sp.	Anelloviridae sp.	species	2958	0.6227	0.3114	0.2968
MZ286048	Anelloviridae sp.	Anelloviridae sp.	species	2828	0.8129	0.1089	0.1871
MZ286050	Anelloviridae sp.	Anelloviridae sp.	species	3185	0.7965	0.1896	0.1834
MZ286052	Anelloviridae sp.	Anelloviridae sp.	species	2810	0.5879	0.2626	0.3577
MZ286053	Anelloviridae sp.	Anelloviridae sp.	species	2789	0.6981	0.2474	0.1682
MZ286055	Anelloviridae sp.	Anelloviridae sp.	species	2441	0.9402	0.0496	0.0332
MZ286056	Anelloviridae sp.	Anelloviridae sp.	species	3756	0.4153	0.5144	0.4164
MZ286057	Anelloviridae sp.	Anelloviridae sp.	species	3485	0.4298	0.5458	0.3257
MZ286058	Anelloviridae sp.	Anelloviridae sp.	species	2801	0.9657	0.0207	0.0343
MZ286060	Anelloviridae sp.	Anelloviridae sp.	species	3507	0.6940	0.1928	0.2763
MZ286061	Anelloviridae sp.	Anelloviridae sp.	species	3416	0.3735	0.6189	0.1540
MZ286062	Anelloviridae sp.	Anelloviridae sp.	species	3004	0.8872	0.1005	0.0409
MZ286063	Anelloviridae sp.	Anelloviridae sp.	species	2977	0.6221	0.2664	0.3104
MZ286064	Anelloviridae sp.	Anelloviridae sp.	species	2924	0.9162	0.0793	0.0602
MZ286065	Anelloviridae sp.	Anelloviridae sp.	species	2625	0.5577	0.3714	0.3192
MZ286067	Anelloviridae sp.	Anelloviridae sp.	species	2590	0.8927	0.0780	0.0931
MZ286068	Anelloviridae sp.	Anelloviridae sp.	species	2587	0.9366	0.0599	0.0495
MZ286069	Anelloviridae sp.	Anelloviridae sp.	species	2471	0.9555	0.0320	0.0356
MZ286070	Anelloviridae sp.	Anelloviridae sp.	species	3794	0.4876	0.4908	0.3097
MZ286071	Anelloviridae sp.	Anelloviridae sp.	species	2718	0.9180	0.0673	0.0795
MZ286072	Anelloviridae sp.	Anelloviridae sp.	species	2604	0.6102	0.2581	0.3464
MZ286074	Anelloviridae sp.	Anelloviridae sp.	species	2997	0.8602	0.1281	0.0724
MZ286076	Anelloviridae sp.	Anelloviridae sp.	species	2928	0.6216	0.3784	0.0362
MZ286081	Anelloviridae sp.	Anelloviridae sp.	species	2515	0.7296	0.0433	0.2581
MZ286082	Anelloviridae sp.	Anelloviridae sp.	species	2514	0.6344	0.2458	0.3262
MZ286083	Anelloviridae sp.	Anelloviridae sp.	species	2490	0.7265	0.2715	0.0313
MZ286084	Anelloviridae sp.	Anelloviridae sp.	species	2773	0.9070	0.0656	0.0927
MZ286085	Anelloviridae sp.	Anelloviridae sp.	species	1772	0.4690	0.5310	0.0079
MZ286086	Anelloviridae sp.	Anelloviridae sp.	species	3692	0.6089	0.3787	0.1465
MZ286087	Anelloviridae sp.	Anelloviridae sp.	species	2922	0.8388	0.1318	0.1540
MZ286088	Anelloviridae sp.	Anelloviridae sp.	species	2839	0.5072	0.4438	0.2392
MZ286089	Anelloviridae sp.	Anelloviridae sp.	species	2553	0.8786	0.0591	0.1077
MZ286090	Anelloviridae sp.	Anelloviridae sp.	species	2495	0.3631	0.6365	0.1587
MZ286091	Anelloviridae sp.	Anelloviridae sp.	species	2430	0.5955	0.4025	0.0185
MZ286092	Anelloviridae sp.	Anelloviridae sp.	species	3703	0.3616	0.6292	0.2015
MZ286093	Anelloviridae sp.	Anelloviridae sp.	species	3648	0.8174	0.1382	0.1297
MZ286094	Anelloviridae sp.	Anelloviridae sp.	species	3071	0.6838	0.2690	0.1882
MZ286095	Anelloviridae sp.	Anelloviridae sp.	species	2788	0.8849	0.0961	0.0832
MZ286096	Anelloviridae sp.	Anelloviridae sp.	species	2764	0.9309	0.0481	0.0648
MZ286097	Anelloviridae sp.	Anelloviridae sp.	species	3787	0.3388	0.6546	0.1695
MZ286098	Anelloviridae sp.	Anelloviridae sp.	species	3612	0.3837	0.5797	0.3704
MZ286099	Anelloviridae sp.	Anelloviridae sp.	species	3526	0.4070	0.5272	0.5167
MZ286100	Anelloviridae sp.	Anelloviridae sp.	species	3517	0.6781	0.2292	0.3028
MZ286101	Anelloviridae sp.	Anelloviridae sp.	species	3142	0.4870	0.5124	0.1200
MZ286102	Anelloviridae sp.	Anelloviridae sp.	species	3107	0.9363	0.0483	0.0476
MZ286105	Anelloviridae sp.	Anelloviridae sp.	species	2953	0.5117	0.4477	0.4175
MZ286106	Anelloviridae sp.	Anelloviridae sp.	species	2946	0.4274	0.5726	0.0774
MZ286107	Anelloviridae sp.	Anelloviridae sp.	species	2903	0.7351	0.2573	0.1271
MZ286109	Anelloviridae sp.	Anelloviridae sp.	species	3637	0.4394	0.5491	0.3572
MZ286110	Anelloviridae sp.	Anelloviridae sp.	species	3686	0.8576	0.1015	0.1403
MZ286111	Anelloviridae sp.	Anelloviridae sp.	species	2859	0.7002	0.0595	0.2959
MZ286112	Anelloviridae sp.	Anelloviridae sp.	species	2783	0.9102	0.0801	0.0805
MZ286113	Anelloviridae sp.	Anelloviridae sp.	species	3740	0.7316	0.0992	0.2631
MZ286114	Anelloviridae sp.	Anelloviridae sp.	species	3157	0.6136	0.3624	0.2578
MZ286115	Anelloviridae sp.	Anelloviridae sp.	species	3084	0.3758	0.6206	0.2824
MZ286116	Anelloviridae sp.	Anelloviridae sp.	species	2923	0.6695	0.1454	0.3257
MZ286117	Anelloviridae sp.	Anelloviridae sp.	species	2538	0.9393	0.0426	0.0599
MZ286118	Anelloviridae sp.	Anelloviridae sp.	species	3207	0.4253	0.5722	0.1063
MZ286122	Anelloviridae sp.	Anelloviridae sp.	species	3473	0.3576	0.6254	0.3755
MZ286124	Anelloviridae sp.	Anelloviridae sp.	species	3483	0.5645	0.2337	0.3971
MZ286127	Anelloviridae sp.	Anelloviridae sp.	species	2917	0.9280	0.0267	0.0703
MZ286128	Anelloviridae sp.	Anelloviridae sp.	species	3593	0.5065	0.4859	0.1973
MZ286130	Anelloviridae sp.	Anelloviridae sp.	species	3163	0.5264	0.2279	0.4496
MZ286133	Anelloviridae sp.	Anelloviridae sp.	species	2925	0.8318	0.0656	0.1672
MZ286134	Anelloviridae sp.	Anelloviridae sp.	species	2868	0.9467	0.0262	0.0530
MZ286136	Anelloviridae sp.	Anelloviridae sp.	species	2597	0.8641	0.0339	0.1359
MZ286137	Anelloviridae sp.	Anelloviridae sp.	species	2521	0.3518	0.6355	0.1864
MZ286138	Anelloviridae sp.	Anelloviridae sp.	species	2503	0.8470	0.1446	0.0224
MZ286140	Anelloviridae sp.	Anelloviridae sp.	species	3733	0.8296	0.1597	0.1355
MZ286141	Anelloviridae sp.	Anelloviridae sp.	species	3425	0.7784	0.1048	0.2161
MZ286142	Anelloviridae sp.	Anelloviridae sp.	species	2906	0.6820	0.0795	0.3149
MZ286143	Anelloviridae sp.	Anelloviridae sp.	species	3521	0.6288	0.3712	0.1091
MZ286144	Anelloviridae sp.	Anelloviridae sp.	species	3116	0.4888	0.5083	0.2060
MZ286147	Anelloviridae sp.	Anelloviridae sp.	species	2790	0.4484	0.5401	0.1215
MZ286148	Anelloviridae sp.	Anelloviridae sp.	species	2786	0.5276	0.4081	0.2606
MZ286149	Anelloviridae sp.	Anelloviridae sp.	species	2585	0.8998	0.0793	0.0739
MZ286150	Anelloviridae sp.	Anelloviridae sp.	species	2463	0.9285	0.0674	0.0256
MZ286151	Anelloviridae sp.	Anelloviridae sp.	species	2865	0.4405	0.5525	0.1086
MZ286152	Anelloviridae sp.	Anelloviridae sp.	species	3651	0.3911	0.5727	0.3380
MZ286153	Anelloviridae sp.	Anelloviridae sp.	species	2931	0.8011	0.1832	0.1859
MZ286154	Anelloviridae sp.	Anelloviridae sp.	species	2546	0.6351	0.3543	0.0617
MZ286156	Anelloviridae sp.	Anelloviridae sp.	species	3699	0.3852	0.5961	0.2098
MZ286157	Anelloviridae sp.	Anelloviridae sp.	species	3374	0.6808	0.1298	0.3168
MZ286158	Anelloviridae sp.	Anelloviridae sp.	species	3299	0.5208	0.4671	0.1731
MZ286159	Anelloviridae sp.	Anelloviridae sp.	species	3170	0.3883	0.6041	0.2603
MZ286160	Anelloviridae sp.	Anelloviridae sp.	species	3022	0.8058	0.1936	0.0304
MZ286161	Anelloviridae sp.	Anelloviridae sp.	species	3042	0.6305	0.3659	0.1049
MZ286163	Anelloviridae sp.	Anelloviridae sp.	species	2835	0.4490	0.4783	0.4166
MZ286164	Anelloviridae sp.	Anelloviridae sp.	species	2462	0.9488	0.0357	0.0390
MZ286165	Anelloviridae sp.	Anelloviridae sp.	species	2480	0.9532	0.0379	0.0339
MZ286168	Anelloviridae sp.	Anelloviridae sp.	species	2893	0.3833	0.6104	0.2624
MZ286170	Anelloviridae sp.	Anelloviridae sp.	species	3297	0.3767	0.6233	0.0892
MZ286171	Anelloviridae sp.	Anelloviridae sp.	species	2898	0.9465	0.0162	0.0535
MZ286172	Anelloviridae sp.	Anelloviridae sp.	species	2889	0.8439	0.1378	0.1537
MZ286173	Anelloviridae sp.	Anelloviridae sp.	species	2753	0.8362	0.1311	0.1017
MZ286175	Anelloviridae sp.	Anelloviridae sp.	species	2498	0.6882	0.3066	0.0348
MZ286176	Anelloviridae sp.	Anelloviridae sp.	species	3221	0.9749	0.0115	0.0242
MZ286177	Anelloviridae sp.	Anelloviridae sp.	species	3149	0.8044	0.1756	0.1870
MZ286180	Anelloviridae sp.	Anelloviridae sp.	species	2799	0.9189	0.0414	0.0743
MZ286181	Anelloviridae sp.	Anelloviridae sp.	species	3684	0.7872	0.1607	0.1846
MZ286182	Anelloviridae sp.	Anelloviridae sp.	species	3597	0.5113	0.4862	0.1373
MZ286183	Anelloviridae sp.	Anelloviridae sp.	species	3586	0.5282	0.1160	0.4618
MZ286184	Anelloviridae sp.	Anelloviridae sp.	species	3507	0.8723	0.1123	0.1106
MZ286185	Anelloviridae sp.	Anelloviridae sp.	species	3083	0.2751	0.7058	0.3720
MZ286186	Anelloviridae sp.	Anelloviridae sp.	species	2891	0.7797	0.1795	0.1761
MZ286187	Anelloviridae sp.	Anelloviridae sp.	species	2895	0.8073	0.0981	0.1924
MZ286188	Anelloviridae sp.	Anelloviridae sp.	species	2902	0.4928	0.5072	0.0934
MZ286190	Anelloviridae sp.	Anelloviridae sp.	species	2827	0.7658	0.1949	0.2062
MZ286191	Anelloviridae sp.	Anelloviridae sp.	species	2820	0.9106	0.0833	0.0741
MZ286192	Anelloviridae sp.	Anelloviridae sp.	species	2790	0.8133	0.0842	0.1778
MZ286193	Anelloviridae sp.	Anelloviridae sp.	species	2745	0.5953	0.3829	0.1501
MZ286194	Anelloviridae sp.	Anelloviridae sp.	species	2645	0.8004	0.0234	0.1996
MZ286195	Anelloviridae sp.	Anelloviridae sp.	species	2566	0.8648	0.0366	0.1294
MZ286196	Anelloviridae sp.	Anelloviridae sp.	species	2551	0.7138	0.2419	0.1262
MZ286197	Anelloviridae sp.	Anelloviridae sp.	species	2500	0.8460	0.1464	0.0200
MZ286198	Anelloviridae sp.	Anelloviridae sp.	species	2516	0.4829	0.5115	0.0401
MZ286199	Anelloviridae sp.	Anelloviridae sp.	species	2452	0.9515	0.0343	0.0465
MZ286200	Anelloviridae sp.	Anelloviridae sp.	species	2462	0.5849	0.4005	0.1178
MZ286201	Anelloviridae sp.	Anelloviridae sp.	species	2433	0.9667	0.0288	0.0279
MZ286202	Anelloviridae sp.	Anelloviridae sp.	species	2433	0.9531	0.0362	0.0333
MZ286203	Anelloviridae sp.	Anelloviridae sp.	species	2413	0.6026	0.3962	0.0128
MZ286205	Anelloviridae sp.	Anelloviridae sp.	species	3699	0.4390	0.5561	0.1846
MZ286206	Anelloviridae sp.	Anelloviridae sp.	species	3522	0.4716	0.4815	0.3552
MZ286207	Anelloviridae sp.	Anelloviridae sp.	species	2914	0.8123	0.0854	0.1788
MZ286209	Anelloviridae sp.	Anelloviridae sp.	species	3783	0.5213	0.4708	0.1227
MZ286214	Anelloviridae sp.	Anelloviridae sp.	species	2722	0.5966	0.3931	0.0467
MZ286215	Anelloviridae sp.	Anelloviridae sp.	species	3779	0.4194	0.5700	0.1765
MZ286217	Anelloviridae sp.	Anelloviridae sp.	species	2725	0.9582	0.0411	0.0356
MZ286218	Anelloviridae sp.	Anelloviridae sp.	species	3131	0.4436	0.5404	0.3258
MZ286219	Anelloviridae sp.	Anelloviridae sp.	species	2831	0.8304	0.0957	0.1445
MZ286220	Anelloviridae sp.	Anelloviridae sp.	species	3502	0.3555	0.5985	0.4983
MZ286221	Anelloviridae sp.	Anelloviridae sp.	species	3130	0.7278	0.1882	0.2511
MZ286222	Anelloviridae sp.	Anelloviridae sp.	species	2929	0.6463	0.3308	0.1779
MZ286223	Anelloviridae sp.	Anelloviridae sp.	species	2806	0.8229	0.1557	0.1115
MZ286224	Anelloviridae sp.	Anelloviridae sp.	species	2794	0.9528	0.0197	0.0469
MZ286225	Anelloviridae sp.	Anelloviridae sp.	species	2742	0.7870	0.0423	0.2126
MZ286226	Anelloviridae sp.	Anelloviridae sp.	species	2958	0.6204	0.2813	0.3080
MZ286228	Anelloviridae sp.	Anelloviridae sp.	species	2778	0.7304	0.2178	0.1364
MZ286229	Anelloviridae sp.	Anelloviridae sp.	species	2849	0.6866	0.0786	0.3131
MZ286230	Anelloviridae sp.	Anelloviridae sp.	species	2818	0.8449	0.0759	0.1512
MZ286231	Anelloviridae sp.	Anelloviridae sp.	species	2895	0.7340	0.2459	0.1195
MZ286233	Anelloviridae sp.	Anelloviridae sp.	species	2904	0.6491	0.0895	0.3509
MZ286234	Anelloviridae sp.	Anelloviridae sp.	species	2846	0.7052	0.2706	0.1237
MZ286236	Anelloviridae sp.	Anelloviridae sp.	species	2809	0.4899	0.0712	0.5101
MZ286237	Anelloviridae sp.	Anelloviridae sp.	species	2846	0.5513	0.4178	0.1184
MZ286238	Anelloviridae sp.	Anelloviridae sp.	species	3175	0.8072	0.1767	0.1515
MZ286239	Anelloviridae sp.	Anelloviridae sp.	species	2876	0.6711	0.0351	0.3289
MZ286240	Anelloviridae sp.	Anelloviridae sp.	species	2812	0.8450	0.0921	0.1437
MZ286241	Anelloviridae sp.	Anelloviridae sp.	species	2899	0.8713	0.0745	0.1269
MZ286242	Anelloviridae sp.	Anelloviridae sp.	species	2822	0.6517	0.0879	0.3483
MZ286243	Anelloviridae sp.	Anelloviridae sp.	species	2782	0.8188	0.0945	0.1718
MZ286244	Anelloviridae sp.	Anelloviridae sp.	species	2849	0.7564	0.2222	0.1214
MZ286245	Anelloviridae sp.	Anelloviridae sp.	species	2734	0.7140	0.2147	0.2359
MZ286246	Anelloviridae sp.	Anelloviridae sp.	species	2931	0.8830	0.0710	0.1170
MZ286247	Anelloviridae sp.	Anelloviridae sp.	species	2666	0.6872	0.2896	0.1545
MZ286248	Anelloviridae sp.	Anelloviridae sp.	species	2795	0.8855	0.0200	0.1141
MZ286249	Anelloviridae sp.	Anelloviridae sp.	species	2830	0.8269	0.0731	0.1671
MZ286250	Anelloviridae sp.	Anelloviridae sp.	species	2822	0.5184	0.4196	0.3643
MZ286252	Anelloviridae sp.	Anelloviridae sp.	species	2802	0.8926	0.0660	0.0935
MZ286253	Anelloviridae sp.	Anelloviridae sp.	species	2890	0.7675	0.1125	0.2232
MZ286254	Anelloviridae sp.	Anelloviridae sp.	species	2948	0.9060	0.0550	0.0936
MZ286255	Anelloviridae sp.	Anelloviridae sp.	species	2802	0.7266	0.0432	0.2695
MZ286256	Anelloviridae sp.	Anelloviridae sp.	species	2781	0.4912	0.4595	0.2467
MZ286257	Anelloviridae sp.	Anelloviridae sp.	species	2732	0.6614	0.2379	0.2767
MZ286258	Anelloviridae sp.	Anelloviridae sp.	species	2922	0.8060	0.0818	0.1940
MZ286259	Anelloviridae sp.	Anelloviridae sp.	species	2791	0.6636	0.2924	0.1691
MZ286260	Anelloviridae sp.	Anelloviridae sp.	species	2898	0.6656	0.0621	0.3326
MZ286262	Anelloviridae sp.	Anelloviridae sp.	species	2819	0.8620	0.0660	0.1380
MZ286263	Anelloviridae sp.	Anelloviridae sp.	species	2848	0.9126	0.0530	0.0874
MZ286264	Anelloviridae sp.	Anelloviridae sp.	species	2814	0.5821	0.3969	0.2719
MZ286265	Anelloviridae sp.	Anelloviridae sp.	species	2818	0.7275	0.1302	0.2576
MZ286266	Anelloviridae sp.	Anelloviridae sp.	species	2772	0.4776	0.5065	0.1512
MZ286267	Anelloviridae sp.	Anelloviridae sp.	species	2793	0.6760	0.2581	0.2843
MZ286268	Anelloviridae sp.	Anelloviridae sp.	species	2935	0.6760	0.0981	0.3193
MZ286269	Anelloviridae sp.	Anelloviridae sp.	species	2854	0.4853	0.4012	0.4001
MZ286270	Anelloviridae sp.	Anelloviridae sp.	species	2751	0.7099	0.2065	0.2395
MZ286271	Anelloviridae sp.	Anelloviridae sp.	species	2825	0.9469	0.0202	0.0531
MZ286272	Anelloviridae sp.	Anelloviridae sp.	species	2819	0.8829	0.0408	0.1171
MZ286273	Anelloviridae sp.	Anelloviridae sp.	species	2804	0.6205	0.2639	0.3188
MZ286274	Anelloviridae sp.	Anelloviridae sp.	species	2810	0.5352	0.3890	0.2441
MZ286275	Anelloviridae sp.	Anelloviridae sp.	species	2732	0.7031	0.2119	0.2401
MZ286276	Anelloviridae sp.	Anelloviridae sp.	species	2846	0.5706	0.4171	0.0952
MZ286277	Anelloviridae sp.	Anelloviridae sp.	species	2762	0.6832	0.2274	0.2857
MZ286278	Anelloviridae sp.	Anelloviridae sp.	species	2878	0.6289	0.3377	0.1407
MZ286279	Anelloviridae sp.	Anelloviridae sp.	species	2916	0.8152	0.0754	0.1804
MZ286280	Anelloviridae sp.	Anelloviridae sp.	species	2829	0.7462	0.0739	0.2538
MZ286281	Anelloviridae sp.	Anelloviridae sp.	species	2933	0.8524	0.0358	0.1476
MZ286282	Anelloviridae sp.	Anelloviridae sp.	species	2928	0.8333	0.0482	0.1609
MZ286284	Anelloviridae sp.	Anelloviridae sp.	species	2862	0.6219	0.3375	0.1464
MZ286285	Anelloviridae sp.	Anelloviridae sp.	species	2931	0.7936	0.0539	0.2044
MZ286286	Anelloviridae sp.	Anelloviridae sp.	species	2807	0.8197	0.0599	0.1781
MZ286288	Anelloviridae sp.	Anelloviridae sp.	species	2868	0.8560	0.0830	0.1440
MZ286289	Anelloviridae sp.	Anelloviridae sp.	species	2817	0.4736	0.4831	0.3472
MZ286290	Anelloviridae sp.	Anelloviridae sp.	species	2804	0.9030	0.0521	0.0877
MZ286291	Anelloviridae sp.	Anelloviridae sp.	species	2794	0.8096	0.0580	0.1886
MZ286292	Anelloviridae sp.	Anelloviridae sp.	species	2859	0.7733	0.0801	0.2263
MZ825126	Anelloviridae sp.	Anelloviridae sp.	species	2940	0.7449	0.0507	0.2544
NC_000883	Human parvovirus B19	Erythroparvovirus	ictv_genus	5127	1.0000	0.0000	0.0000
NC_000943	Murray Valley encephalitis virus	Orthoflavivirus	ictv_genus	10984	0.9978	0.0022	0.0000
NC_001348	Human alphaherpesvirus 3	Varicellovirus	ictv_genus	117005	1.0000	0.0000	0.0000
NC_001352	Alphapapillomavirus 4	Alphapapillomavirus	ictv_genus	7830	0.8986	0.1014	0.0000
NC_001355	Human papillomavirus type 6b	Alphapapillomavirus	genus	7872	0.9705	0.0295	0.0000
NC_001356	Mupapillomavirus 1	Mupapillomavirus	ictv_genus	7785	1.0000	0.0000	0.0000
NC_001357	human papillomavirus 18	Alphapapillomavirus	ictv_genus	7827	0.9713	0.0287	0.0000
NC_001364	Western chimpanzee simian foamy virus	Simiispumavirus	genus	11486	1.0000	0.0000	0.0000
NC_001401	adeno-associated virus 2	Dependoparvovirus	ictv_genus	4521	1.0000	0.0000	0.0000
NC_001405	Human mastadenovirus C	Mastadenovirus	genus	35835	1.0000	0.0000	0.0000
NC_001430	Enterovirus D	Enterovirus	genus	7267	0.9959	0.0041	0.0000
NC_001434	Hepatitis E virus	Hepatitis E virus	species	7146	1.0000	0.0000	0.0000
NC_001436	Human T-cell leukemia virus type I	Deltaretrovirus	genus	8279	1.0000	0.0000	0.0000
NC_001437	Japanese encephalitis virus	Orthoflavivirus	ictv_genus	10946	0.9973	0.0027	0.0000
NC_001449	Venezuelan equine encephalitis virus	Alphavirus	ictv_genus	11414	1.0000	0.0000	0.0000
NC_001477	dengue virus type 1	Orthoflavivirus	ictv_genus	10705	1.0000	0.0000	0.0000
NC_001479	Encephalomyocarditis virus	Cardiovirus	genus	7660	1.0000	0.0000	0.0000
NC_001488	Human T-lymphotropic virus 2	Deltaretrovirus	genus	8212	1.0000	0.0000	0.0000
NC_001489	Hepatovirus A	Hepatovirus	genus	7448	1.0000	0.0000	0.0000
NC_001498	Measles morbillivirus	Morbillivirus	genus	15864	1.0000	0.0000	0.0000
NC_001512	Onyong-nyong virus	Alphavirus	genus	11805	0.9998	0.0002	0.0000
NC_001526	Human papillomavirus 16	Alphapapillomavirus	ictv_genus	7876	0.9961	0.0039	0.0000
NC_001531	Human papillomavirus 5	Betapapillomavirus	ictv_genus	7716	0.9329	0.0671	0.0000
NC_001538	Betapolyomavirus hominis	Betapolyomavirus	ictv_genus	5065	0.9937	0.0063	0.0000
NC_001542	Lyssavirus rabies	Lyssavirus	ictv_genus	11902	1.0000	0.0000	0.0000
NC_001544	Ross River virus	Alphavirus	ictv_genus	11016	0.9989	0.0011	0.0000
NC_001545	Rubella virus	Rubivirus	ictv_genus	9732	1.0000	0.0000	0.0000
NC_001547	Sindbis virus	Alphavirus	ictv_genus	11673	1.0000	0.0000	0.0000
NC_001560	Vesicular stomatitis Indiana virus	Vesiculovirus	ictv_genus	11131	1.0000	0.0000	0.0000
NC_001563	West Nile virus	Orthoflavivirus	ictv_genus	10932	0.9988	0.0012	0.0000
NC_001576	human papillomavirus 10	Alphapapillomavirus	ictv_genus	7889	0.8674	0.1326	0.0000
NC_001583	Human papillomavirus type 26	Alphapapillomavirus	genus	7825	0.9752	0.0248	0.0000
NC_001586	human papillomavirus 32	Alphapapillomavirus	ictv_genus	7931	0.9807	0.0193	0.0000
NC_001587	Human papillomavirus type 34	Alphapapillomavirus	genus	7688	0.9763	0.0237	0.0000
NC_001591	human papillomavirus 49	Betapapillomavirus	ictv_genus	7530	0.9789	0.0211	0.0000
NC_001593	Human papillomavirus type 53	Alphapapillomavirus	genus	7826	0.9783	0.0217	0.0000
NC_001595	Human papillomavirus type 7	Alphapapillomavirus	genus	7997	0.9802	0.0198	0.0000
NC_001596	Human papillomavirus 9	Betapapillomavirus	ictv_genus	7404	0.9711	0.0289	0.0000
NC_001608	Orthomarburgvirus marburgense	Orthomarburgvirus	ictv_genus	19081	1.0000	0.0000	0.0000
NC_001611	Variola virus	Orthopoxvirus	ictv_genus	184761	0.4946	0.5054	0.0001
NC_001612	Enterovirus A	Enterovirus	genus	7383	0.9986	0.0014	0.0000
NC_001617	Rhinovirus A	Enterovirus	genus	7122	1.0000	0.0000	0.0000
NC_001653	Hepatitis delta virus	Deltavirus	genus	1652	1.0000	0.0000	0.0000
NC_001664	Human betaherpesvirus 6A	HHV-6	sibling_group	147811	0.7916	0.2084	0.0001
NC_001676	Human papillomavirus type 54	Alphapapillomavirus	genus	7729	0.9996	0.0004	0.0000
NC_001694	Alphapapillomavirus 3	Alphapapillomavirus	ictv_genus	7959	0.9854	0.0146	0.0000
NC_001699	JC polyomavirus	Betapolyomavirus	ictv_genus	5032	0.9936	0.0064	0.0000
NC_001710	GB virus C	Pegivirus	genus	9354	1.0000	0.0000	0.0000
NC_001716	Human betaherpesvirus 7	Roseolovirus	ictv_genus	138190	0.9997	0.0000	0.0003
NC_001722	Human immunodeficiency virus 2	Lentivirus	ictv_genus	9504	1.0000	0.0000	0.0000
NC_001731	Molluscum contagiosum virus subtype 1	Molluscipoxvirus	genus	183689	0.9993	0.0000	0.0007
NC_001781	human respiratory syncytial virus	Orthopneumovirus	ictv_genus	15195	0.9999	0.0000	0.0001
NC_001786	Barmah Forest virus	Alphavirus	ictv_genus	11396	1.0000	0.0000	0.0000
NC_001798	Human alphaherpesvirus 2	HSV	sibling_group	137704	0.9734	0.0246	0.0025
NC_001802	Human immunodeficiency virus 1	Lentivirus	ictv_genus	9085	1.0000	0.0000	0.0000
NC_001806	Human alphaherpesvirus 1	HSV	sibling_group	135274	0.9741	0.0250	0.0013
NC_001809	Louping ill virus	Orthoflavivirus	ictv_genus	10841	0.9970	0.0030	0.0000
NC_001897	Parechovirus A	Parechovirus	genus	7318	1.0000	0.0000	0.0000
NC_001906	Henipavirus hendraense	Henipavirus	ictv_genus	18204	0.9984	0.0016	0.0000
NC_001918	aichivirus A1	Kobuvirus	ictv_genus	8221	1.0000	0.0000	0.0000
NC_001925	Bunyamwera virus	Orthobunyavirus	ictv_genus	6845	1.0000	0.0000	0.0000
NC_001926	Bunyamwera virus	Orthobunyavirus	ictv_genus	4428	1.0000	0.0000	0.0000
NC_001927	Bunyamwera virus	Orthobunyavirus	ictv_genus	931	1.0000	0.0000	0.0000
NC_001943	Human astrovirus	Human astrovirus	species	6783	1.0000	0.0000	0.0000
NC_001959	Norovirus GI	Norovirus	genus	7624	1.0000	0.0000	0.0000
NC_002016	Influenza A virus	Alphainfluenzavirus	ictv_genus	997	1.0000	0.0000	0.0000
NC_002017	Influenza A virus	Alphainfluenzavirus	ictv_genus	1748	1.0000	0.0000	0.0000
NC_002018	Influenza A virus	Alphainfluenzavirus	ictv_genus	1383	1.0000	0.0000	0.0000
NC_002019	Influenza A virus	Alphainfluenzavirus	ictv_genus	1535	1.0000	0.0000	0.0000
NC_002020	Influenza A virus	Alphainfluenzavirus	ictv_genus	860	1.0000	0.0000	0.0000
NC_002021	Influenza A virus	Alphainfluenzavirus	ictv_genus	2311	1.0000	0.0000	0.0000
NC_002022	Influenza A virus	Alphainfluenzavirus	ictv_genus	2203	1.0000	0.0000	0.0000
NC_002023	Influenza A virus	Alphainfluenzavirus	ictv_genus	2311	1.0000	0.0000	0.0000
NC_002031	Yellow fever virus	Orthoflavivirus	ictv_genus	10832	0.9997	0.0003	0.0000
NC_002058	Enterovirus C	Enterovirus	genus	7410	0.9960	0.0040	0.0000
NC_002076	Torque teno virus 1	Alphatorquevirus	ictv_genus	3822	0.8362	0.1431	0.0952
NC_002200	Mumps orthorubulavirus	Orthorubulavirus	genus	15354	1.0000	0.0000	0.0000
NC_002204	Influenza B virus	Betainfluenzavirus	ictv_genus	2338	1.0000	0.0000	0.0000
NC_002205	Influenza B virus	Betainfluenzavirus	ictv_genus	2283	1.0000	0.0000	0.0000
NC_002206	Influenza B virus	Betainfluenzavirus	ictv_genus	2174	1.0000	0.0000	0.0000
NC_002207	Influenza B virus	Betainfluenzavirus	ictv_genus	1852	1.0000	0.0000	0.0000
NC_002208	Influenza B virus	Betainfluenzavirus	ictv_genus	1811	1.0000	0.0000	0.0000
NC_002209	Influenza B virus	Betainfluenzavirus	ictv_genus	1527	1.0000	0.0000	0.0000
NC_002210	Influenza B virus	Betainfluenzavirus	ictv_genus	1161	1.0000	0.0000	0.0000
NC_002211	Influenza B virus	Betainfluenzavirus	ictv_genus	1066	1.0000	0.0000	0.0000
NC_002549	Zaire ebolavirus	Orthoebolavirus	genus	18929	1.0000	0.0000	0.0000
NC_002642	Yaba-like disease virus	Yatapoxvirus	ictv_genus	142591	0.9998	0.0000	0.0002
NC_002645	Human coronavirus 229E	Alphacoronavirus	ictv_genus	27247	0.9997	0.0003	0.0000
NC_002728	Henipavirus nipahense	Henipavirus	ictv_genus	18216	0.9984	0.0016	0.0000
NC_003215	Semliki Forest virus	Alphavirus	ictv_genus	11412	0.9989	0.0011	0.0000
NC_003243	Lyssavirus australis	Lyssavirus	ictv_genus	11792	1.0000	0.0000	0.0000
NC_003310	Monkeypox virus	Orthopoxvirus	ictv_genus	190195	0.4274	0.5726	0.0001
NC_003417	Mayaro virus	Alphavirus	ictv_genus	11381	0.9999	0.0001	0.0000
NC_003461	Human respirovirus 1	Respirovirus	genus	15570	1.0000	0.0000	0.0000
NC_003663	Cowpox virus	Orthopoxvirus	ictv_genus	212950	0.4918	0.5082	0.0001
NC_003687	Powassan virus	Orthoflavivirus	ictv_genus	10809	0.9987	0.0013	0.0000
NC_003690	Langat virus	Orthoflavivirus	ictv_genus	10913	0.9966	0.0034	0.0000
NC_003899	Eastern equine encephalitis virus	Alphavirus	genus	11645	1.0000	0.0000	0.0000
NC_003908	Western equine encephalitis virus	Alphavirus	ictv_genus	11454	1.0000	0.0000	0.0000
NC_003977	Hepatitis B virus	Orthohepadnavirus	genus	3152	1.0000	0.0000	0.0000
NC_004102	Hepatitis C virus genotype 1	Orthohepacivirus	genus	9535	1.0000	0.0000	0.0000
NC_004104	Human papillomavirus type 90	Alphapapillomavirus	genus	8003	0.9751	0.0249	0.0000
NC_004108	La Crosse virus	Orthobunyavirus	ictv_genus	6950	1.0000	0.0000	0.0000
NC_004109	La Crosse virus	Orthobunyavirus	ictv_genus	4497	1.0000	0.0000	0.0000
NC_004110	La Crosse virus	Orthobunyavirus	ictv_genus	954	1.0000	0.0000	0.0000
NC_004162	Chikungunya virus	Alphavirus	ictv_genus	11796	0.9997	0.0003	0.0000
NC_004200	Banna virus strain JKT-6423	Seadornavirus	ictv_genus	837	1.0000	0.0000	0.0000
NC_004201	Banna virus strain JKT-6423	Seadornavirus	ictv_genus	947	1.0000	0.0000	0.0000
NC_004202	Banna virus strain JKT-6423	Seadornavirus	ictv_genus	1071	1.0000	0.0000	0.0000
NC_004203	Banna virus strain JKT-6423	Seadornavirus	ictv_genus	1089	1.0000	0.0000	0.0000
NC_004204	Banna virus strain JKT-6423	Seadornavirus	ictv_genus	1106	1.0000	0.0000	0.0000
NC_004211	Banna virus strain JKT-6423	Seadornavirus	ictv_genus	3717	1.0000	0.0000	0.0000
NC_004217	Banna virus strain JKT-6423	Seadornavirus	ictv_genus	3018	1.0000	0.0000	0.0000
NC_004218	Banna virus strain JKT-6423	Seadornavirus	ictv_genus	2370	1.0000	0.0000	0.0000
NC_004219	Banna virus strain JKT-6423	Seadornavirus	ictv_genus	2008	1.0000	0.0000	0.0000
NC_004220	Banna virus strain JKT-6423	Seadornavirus	ictv_genus	1686	1.0000	0.0000	0.0000
NC_004221	Banna virus strain JKT-6423	Seadornavirus	ictv_genus	1641	1.0000	0.0000	0.0000
NC_004291	Mammarenavirus choriomeningitidis	Mammarenavirus	ictv_genus	6650	1.0000	0.0000	0.0000
NC_004294	Mammarenavirus choriomeningitidis	Mammarenavirus	ictv_genus	3346	1.0000	0.0000	0.0000
NC_004296	Mammarenavirus lassaense	Mammarenavirus	ictv_genus	3372	1.0000	0.0000	0.0000
NC_004297	Mammarenavirus lassaense	Mammarenavirus	ictv_genus	7249	1.0000	0.0000	0.0000
NC_004500	Human papillomavirus 92	Betapapillomavirus	ictv_genus	7431	0.9948	0.0052	0.0000
NC_004718	SARS coronavirus Tor2	Sarbecovirus	genus	29721	0.9788	0.0000	0.0212
NC_005134	human papillomavirus 96	Betapapillomavirus	ictv_genus	7408	0.9856	0.0144	0.0000
NC_005218	Orthohantavirus hantanense	Orthohantavirus	ictv_genus	1666	0.9994	0.0006	0.0000
NC_005219	Orthohantavirus hantanense	Orthohantavirus	ictv_genus	3586	1.0000	0.0000	0.0000
NC_005222	Orthohantavirus hantanense	Orthohantavirus	ictv_genus	6503	1.0000	0.0000	0.0000
NC_005236	Orthohantavirus seoulense	Orthohantavirus	ictv_genus	1739	0.9994	0.0006	0.0000
NC_005237	Orthohantavirus seoulense	Orthohantavirus	ictv_genus	3621	1.0000	0.0000	0.0000
NC_005238	Orthohantavirus seoulense	Orthohantavirus	ictv_genus	6500	1.0000	0.0000	0.0000
NC_005300	Orthonairovirus haemorrhagiae	Orthonairovirus	ictv_genus	5336	1.0000	0.0000	0.0000
NC_005301	Orthonairovirus haemorrhagiae	Orthonairovirus	ictv_genus	12078	1.0000	0.0000	0.0000
NC_005302	Orthonairovirus haemorrhagiae	Orthonairovirus	ictv_genus	1642	1.0000	0.0000	0.0000
NC_005336	Orf virus	Parapoxvirus	ictv_genus	135896	0.9991	0.0000	0.0009
NC_005775	Oropouche virus	Orthobunyavirus	ictv_genus	4355	1.0000	0.0000	0.0000
NC_005776	Oropouche virus	Orthobunyavirus	ictv_genus	6816	1.0000	0.0000	0.0000
NC_005777	Oropouche virus	Orthobunyavirus	ictv_genus	724	1.0000	0.0000	0.0000
NC_005831	Human coronavirus NL63	Alphacoronavirus	ictv_genus	27523	0.9997	0.0003	0.0000
NC_006213	Human coronavirus OC43	Betacoronavirus	ictv_genus	30711	0.9986	0.0014	0.0000
NC_006273	Human betaherpesvirus 5	Cytomegalovirus	ictv_genus	231732	1.0000	0.0000	0.0000
NC_006306	Influenza C virus	Gammainfluenzavirus	ictv_genus	905	1.0000	0.0000	0.0000
NC_006307	Influenza C virus	Gammainfluenzavirus	ictv_genus	2335	1.0000	0.0000	0.0000
NC_006308	Influenza C virus	Gammainfluenzavirus	ictv_genus	2333	1.0000	0.0000	0.0000
NC_006309	Influenza C virus	Gammainfluenzavirus	ictv_genus	2153	1.0000	0.0000	0.0000
NC_006310	Influenza C virus	Gammainfluenzavirus	ictv_genus	2043	1.0000	0.0000	0.0000
NC_006311	Influenza C virus	Gammainfluenzavirus	ictv_genus	1777	1.0000	0.0000	0.0000
NC_006312	Influenza C virus	Gammainfluenzavirus	ictv_genus	1150	1.0000	0.0000	0.0000
NC_006318	Sandfly fever Naples virus	Phlebovirus	ictv_genus	1839	1.0000	0.0000	0.0000
NC_006319	Sandfly fever Naples virus	Phlebovirus	ictv_genus	6374	1.0000	0.0000	0.0000
NC_006320	Sandfly fever Naples virus	Phlebovirus	ictv_genus	4185	1.0000	0.0000	0.0000
NC_006554	Sapovirus C12	Sapovirus	genus	7415	1.0000	0.0000	0.0000
NC_006560	Cercopithecine alphaherpesvirus 2	Simplexvirus	ictv_genus	133915	0.9966	0.0000	0.0034
NC_006577	Human coronavirus HKU1	Betacoronavirus	ictv_genus	29530	0.9986	0.0014	0.0000
NC_006998	Orthopoxvirus vaccinia	Orthopoxvirus	ictv_genus	182029	0.3107	0.6893	0.0001
NC_007455	Bocaparvovirus primate1	Bocaparvovirus	ictv_genus	5269	1.0000	0.0000	0.0000
NC_007543	Rotavirus C	Rotavirus	ictv_genus	1320	1.0000	0.0000	0.0000
NC_007544	Rotavirus C	Rotavirus	ictv_genus	1240	1.0000	0.0000	0.0000
NC_007545	Rotavirus C	Rotavirus	ictv_genus	1007	1.0000	0.0000	0.0000
NC_007546	Rotavirus C	Rotavirus	ictv_genus	2706	1.0000	0.0000	0.0000
NC_007547	Rotavirus C	Rotavirus	ictv_genus	3279	1.0000	0.0000	0.0000
NC_007548	Adult diarrheal rotavirus strain J19	Rotavirus	genus	3508	1.0000	0.0000	0.0000
NC_007549	Adult diarrheal rotavirus strain J19	Rotavirus	genus	2939	1.0000	0.0000	0.0000
NC_007550	Adult diarrheal rotavirus strain J19	Rotavirus	genus	2482	1.0000	0.0000	0.0000
NC_007551	Adult diarrheal rotavirus strain J19	Rotavirus	genus	2174	1.0000	0.0000	0.0000
NC_007552	Adult diarrheal rotavirus strain J19	Rotavirus	genus	1277	1.0000	0.0000	0.0000
NC_007553	Adult diarrheal rotavirus strain J19	Rotavirus	genus	1257	1.0000	0.0000	0.0000
NC_007554	Adult diarrheal rotavirus strain J19	Rotavirus	genus	974	1.0000	0.0000	0.0000
NC_007555	Adult diarrheal rotavirus strain J19	Rotavirus	genus	902	1.0000	0.0000	0.0000
NC_007556	Adult diarrheal rotavirus strain J19	Rotavirus	genus	790	1.0000	0.0000	0.0000
NC_007557	Adult diarrheal rotavirus strain J19	Rotavirus	genus	709	1.0000	0.0000	0.0000
NC_007558	Adult diarrheal rotavirus strain J19	Rotavirus	genus	619	1.0000	0.0000	0.0000
NC_007569	Rotavirus C	Rotavirus	ictv_genus	700	1.0000	0.0000	0.0000
NC_007570	Rotavirus C	Rotavirus	ictv_genus	1323	1.0000	0.0000	0.0000
NC_007571	Rotavirus C	Rotavirus	ictv_genus	1033	1.0000	0.0000	0.0000
NC_007572	Rotavirus C	Rotavirus	ictv_genus	2253	1.0000	0.0000	0.0000
NC_007573	Rotavirus C	Rotavirus	ictv_genus	583	1.0000	0.0000	0.0000
NC_007574	Rotavirus C	Rotavirus	ictv_genus	2136	1.0000	0.0000	0.0000
NC_007580	St. Louis encephalitis virus	Orthoflavivirus	ictv_genus	10879	1.0000	0.0000	0.0000
NC_007605	Human gammaherpesvirus 4	HHV-4	sibling_group	144283	0.2015	0.7985	0.0000
NC_009238	Betapolyomavirus tertihominis	Betapolyomavirus	ictv_genus	5010	1.0000	0.0000	0.0000
NC_009333	Human gammaherpesvirus 8	Rhadinovirus	ictv_genus	135158	1.0000	0.0000	0.0000
NC_009334	Human herpesvirus 4 type 2	HHV-4	sibling_group	144718	0.2039	0.7961	0.0000
NC_009527	European bat lyssavirus 1	Lyssavirus	ictv_genus	11936	1.0000	0.0000	0.0000
NC_009539	WU Polyomavirus	Betapolyomavirus	ictv_genus	5199	1.0000	0.0000	0.0000
NC_010277	Merkel cell polyomavirus	Alphapolyomavirus	ictv_genus	5357	1.0000	0.0000	0.0000
NC_011500	Rotavirus A	Rotavirus	ictv_genus	1584	1.0000	0.0000	0.0000
NC_011501	Rotavirus A	Rotavirus	ictv_genus	1075	1.0000	0.0000	0.0000
NC_011503	Rotavirus A	Rotavirus	ictv_genus	1032	1.0000	0.0000	0.0000
NC_011504	Rotavirus A	Rotavirus	ictv_genus	721	1.0000	0.0000	0.0000
NC_011505	Rotavirus A	Rotavirus	ictv_genus	637	1.0000	0.0000	0.0000
NC_011506	Rotavirus A	Rotavirus	ictv_genus	2663	1.0000	0.0000	0.0000
NC_011507	Rotavirus A	Rotavirus	ictv_genus	3272	1.0000	0.0000	0.0000
NC_011508	Rotavirus A	Rotavirus	ictv_genus	2561	1.0000	0.0000	0.0000
NC_011509	Rotavirus A	Rotavirus	ictv_genus	1326	1.0000	0.0000	0.0000
NC_011510	Rotavirus A	Rotavirus	ictv_genus	2332	1.0000	0.0000	0.0000
NC_012532	Zika virus	Orthoflavivirus	ictv_genus	10764	1.0000	0.0000	0.0000
NC_012800	Cosavirus A	Cosavirus	genus	7602	1.0000	0.0000	0.0000
NC_012957	Salivirus NG-J1	Salivirus	genus	7950	1.0000	0.0000	0.0000
NC_014073	Torque teno virus 28	Alphatorquevirus	genus	3599	0.4365	0.1267	0.5585
NC_014075	Torque teno virus 12	Alphatorquevirus	genus	3729	0.7637	0.1046	0.2352
NC_014076	Torque teno virus 10	Alphatorquevirus	ictv_genus	3740	0.7404	0.1920	0.2246
NC_014078	Torque teno virus 19	Alphatorquevirus	ictv_genus	3593	0.7512	0.0938	0.2480
NC_014080	Torque teno virus 7	Alphatorquevirus	ictv_genus	3706	0.1479	0.8457	0.0942
NC_014081	Torque teno virus 3	Alphatorquevirus	ictv_genus	3718	0.8507	0.1138	0.1474
NC_014084	Torque teno virus 8	Torque teno virus 8	species	3760	0.8460	0.0000	0.1540
NC_014091	Torque teno virus 16	Alphatorquevirus	genus	3788	0.4562	0.1536	0.5140
NC_014094	Torque teno virus 6	Alphatorquevirus	ictv_genus	3675	0.6547	0.0898	0.3371
NC_014096	Torque teno virus 15	Alphatorquevirus	ictv_genus	3757	0.6566	0.1027	0.3394
NC_014361	Trichodysplasia spinulosa-associated polyomavirus	Alphapolyomavirus	ictv_genus	5202	1.0000	0.0000	0.0000
NC_014406	Human polyomavirus 6	Deltapolyomavirus	ictv_genus	4896	1.0000	0.0000	0.0000
NC_014407	Human polyomavirus 7	Deltapolyomavirus	ictv_genus	4922	1.0000	0.0000	0.0000
NC_014480	Torque teno virus 2	Alphatorquevirus	ictv_genus	3292	0.9745	0.0149	0.0255
NC_019843	Middle East respiratory syndrome-related coronavirus	Betacoronavirus	ictv_genus	30089	1.0000	0.0000	0.0000
NC_024070	rosavirus A2	Rosavirus	ictv_genus	8870	1.0000	0.0000	0.0000
NC_036615	Influenza D virus	Deltainfluenzavirus	ictv_genus	2300	1.0000	0.0000	0.0000
NC_036616	Influenza D virus	Deltainfluenzavirus	ictv_genus	2334	1.0000	0.0000	0.0000
NC_036617	Influenza D virus	Deltainfluenzavirus	ictv_genus	1745	1.0000	0.0000	0.0000
NC_036618	Influenza D virus	Deltainfluenzavirus	ictv_genus	2019	1.0000	0.0000	0.0000
NC_036619	Influenza D virus	Deltainfluenzavirus	ictv_genus	2165	1.0000	0.0000	0.0000
NC_036620	Influenza D virus	Deltainfluenzavirus	ictv_genus	1189	1.0000	0.0000	0.0000
NC_036621	Influenza D virus	Deltainfluenzavirus	ictv_genus	838	1.0000	0.0000	0.0000
NC_038336	Torque teno virus 5	Alphatorquevirus	ictv_genus	3199	0.3329	0.0957	0.6668
NC_038337	Torque teno virus 9	Alphatorquevirus	ictv_genus	3034	0.6684	0.0204	0.3316
NC_038338	Torque teno virus 11	Alphatorquevirus	genus	3163	0.8106	0.1290	0.1755
NC_038339	Torque teno virus 13	Alphatorquevirus	ictv_genus	3282	0.4503	0.4924	0.3108
NC_038340	Torque teno virus 20	Alphatorquevirus	ictv_genus	3204	0.5031	0.1223	0.4969
NC_038341	Torque teno virus 21	Alphatorquevirus	ictv_genus	3123	0.9062	0.0573	0.0938
NC_038343	Torque teno virus 24	Alphatorquevirus	ictv_genus	3216	0.4904	0.2385	0.4984
NC_038344	Torque teno virus 29	Alphatorquevirus	ictv_genus	3504	0.6070	0.2146	0.3701
NC_038345	Torque teno mini virus 10	Betatorquevirus	ictv_genus	2840	0.8803	0.1180	0.0711
NC_038346	Torque teno mini virus 11	Betatorquevirus	ictv_genus	2841	0.8479	0.1461	0.1017
NC_038350	Torque teno midi virus 3	Gammatorquevirus	ictv_genus	1972	0.9173	0.0776	0.0827
NC_038351	Torque teno midi virus 4	Gammatorquevirus	ictv_genus	2424	0.9134	0.0776	0.0866
NC_038889	human papillomavirus 30	Alphapapillomavirus	ictv_genus	7822	0.9755	0.0245	0.0000
NC_039089	human papillomavirus 71	Alphapapillomavirus	ictv_genus	7985	0.9889	0.0104	0.0008
NC_039199	human metapneumovirus	Metapneumovirus	ictv_genus	13320	0.9998	0.0000	0.0002
NC_045512	Severe acute respiratory syndrome coronavirus 2	Betacoronavirus	ictv_genus	29840	0.9789	0.0000	0.0211
NC_075191	human papillomavirus 31	Alphapapillomavirus	ictv_genus	7878	0.9915	0.0085	0.0000
NC_075233	human papillomavirus 33	Alphapapillomavirus	ictv_genus	7827	0.9808	0.0190	0.0001
NC_075235	human papillomavirus 11	Alphapapillomavirus	ictv_genus	7901	0.9699	0.0301	0.0000
NC_075251	Human papillomavirus 38	Betapapillomavirus	ictv_genus	7370	0.9802	0.0198	0.0000
OK574345	Gammatorquevirus sp.	Gammatorquevirus	genus	3173	0.8229	0.1384	0.1737
OK574350	Betatorquevirus sp.	Betatorquevirus	genus	2845	0.9297	0.0696	0.0510
OK574352	Betatorquevirus sp.	Betatorquevirus	genus	2902	0.9114	0.0882	0.0317
OK574362	Betatorquevirus sp.	Betatorquevirus	genus	2775	0.9301	0.0681	0.0537
OK574363	Betatorquevirus sp.	Betatorquevirus	genus	2923	0.9035	0.0965	0.0595
OK574365	Betatorquevirus sp.	Betatorquevirus	genus	2812	0.7553	0.2440	0.0864
OK574370	Betatorquevirus sp.	Betatorquevirus	genus	2925	0.8366	0.1586	0.1138
OK574371	Betatorquevirus sp.	Betatorquevirus	genus	2812	0.9026	0.0935	0.0651
OK574374	Gammatorquevirus sp.	Gammatorquevirus	genus	3209	0.8034	0.1733	0.1935
OK574382	Gammatorquevirus sp.	Gammatorquevirus	genus	3143	0.8053	0.1667	0.1944
OK574383	Betatorquevirus sp.	Betatorquevirus	genus	2854	0.9537	0.0463	0.0277
OK574387	Betatorquevirus sp.	Betatorquevirus	genus	2917	0.7700	0.2300	0.0799
OK574388	Betatorquevirus sp.	Betatorquevirus	genus	2836	0.9154	0.0822	0.0451
OK574394	Betatorquevirus sp.	Betatorquevirus	genus	2876	0.7980	0.2020	0.0695
OK574395	Betatorquevirus sp.	Betatorquevirus	genus	2780	0.8302	0.1629	0.0680
OK574402	Betatorquevirus sp.	Betatorquevirus	genus	2873	0.9151	0.0835	0.0637
OK574405	Betatorquevirus sp.	Betatorquevirus	genus	2923	0.5094	0.4868	0.1392
OK574410	Betatorquevirus sp.	Betatorquevirus	genus	2830	0.9389	0.0611	0.0279
OK574411	Betatorquevirus sp.	Betatorquevirus	genus	2810	0.8470	0.1516	0.0829
OK574412	Betatorquevirus sp.	Betatorquevirus	genus	2871	0.8816	0.1177	0.0738
OK574414	Betatorquevirus sp.	Betatorquevirus	genus	2833	0.7003	0.2997	0.0837
OK574415	Betatorquevirus sp.	Betatorquevirus	genus	2779	0.8982	0.0954	0.0594
OK574418	Betatorquevirus sp.	Betatorquevirus	genus	2722	0.7946	0.2050	0.0213
OK574421	Betatorquevirus sp.	Betatorquevirus	genus	2823	0.8693	0.1293	0.0847
OK574422	Betatorquevirus sp.	Betatorquevirus	genus	2845	0.7346	0.2573	0.0703
OK574426	Betatorquevirus sp.	Betatorquevirus	genus	2833	0.9230	0.0770	0.0275
OK574427	Betatorquevirus sp.	Betatorquevirus	genus	2951	0.9451	0.0546	0.0264
OK574428	Betatorquevirus sp.	Betatorquevirus	genus	2783	0.8642	0.1283	0.0435
OK574434	Betatorquevirus sp.	Betatorquevirus	genus	2877	0.8067	0.1933	0.0594
OK574436	Betatorquevirus sp.	Betatorquevirus	genus	2785	0.8804	0.1178	0.0481
OK574437	Betatorquevirus sp.	Betatorquevirus	genus	2782	0.6984	0.2757	0.1758
OK574439	Betatorquevirus sp.	Betatorquevirus	genus	2868	0.8281	0.1719	0.0593
OK574443	Betatorquevirus sp.	Betatorquevirus	genus	2784	0.8883	0.1114	0.0851
OP549858	Torque teno midi virus	Torque teno midi virus	species	3126	0.9623	0.0099	0.0371
OP549859	Torque teno midi virus	Torque teno midi virus	species	3216	0.7960	0.1797	0.1779
OP549860	Torque teno midi virus	Torque teno midi virus	species	3181	0.8010	0.1767	0.1773
OP985293	Torque teno virus	Torque teno virus	species	3579	0.5747	0.3400	0.4102
OP985294	Torque teno virus	Torque teno virus	species	3691	0.5020	0.3842	0.4898
OQ283124	Anelloviridae sp.	Anelloviridae sp.	species	3414	0.3828	0.4107	0.5595
OR148953	Anellovirus D_HF6_322	Anellovirus D_HF6_322	species	3750	0.4165	0.0000	0.5835
OR148954	Anellovirus D_HF6_591	Anellovirus D_HF6_591	species	2846	0.7221	0.0000	0.2779
OR148955	Anellovirus D_HF7_66	Anellovirus D_HF7_66	species	3759	0.3248	0.0000	0.6752
OR197588	TTV-like mini virus	Betatorquevirus	genus	2810	0.7975	0.0972	0.1754
OZ258610	Gammatorquevirus sp.	Gammatorquevirus	genus	3198	0.4522	0.2914	0.5403
OZ258612	Alphatorquevirus sp.	Alphatorquevirus	genus	3736	0.6791	0.0931	0.3116
OZ258617	Alphatorquevirus homin13	Alphatorquevirus	ictv_genus	3866	0.3696	0.4503	0.4252
OZ258620	Alphatorquevirus sp.	Alphatorquevirus	genus	3694	0.4310	0.4580	0.4204
OZ258626	Betatorquevirus homini38	Betatorquevirus	ictv_genus	2806	0.9269	0.0723	0.0510
OZ258632	Alphatorquevirus sp.	Alphatorquevirus	genus	3682	0.7963	0.1320	0.1964
OZ258650	Betatorquevirus homini1	Betatorquevirus	ictv_genus	2809	0.7921	0.1655	0.1477
OZ258652	Alphatorquevirus sp.	Alphatorquevirus	genus	3807	0.4846	0.3612	0.4747
OZ258660	Alphatorquevirus sp.	Alphatorquevirus	genus	3720	0.5984	0.1218	0.3957
OZ258664	Alphatorquevirus sp.	Alphatorquevirus	genus	3732	0.6651	0.0965	0.3296
OZ258670	Alphatorquevirus sp.	Alphatorquevirus	genus	3696	0.6948	0.1358	0.2987
OZ258672	Alphatorquevirus homin13	Alphatorquevirus	ictv_genus	3897	0.7511	0.0403	0.2484
OZ258675	Alphatorquevirus homin20	Alphatorquevirus	ictv_genus	3444	0.8455	0.1272	0.1490
OZ258684	Alphatorquevirus sp.	Alphatorquevirus	genus	3788	0.6750	0.1415	0.3176
OZ258692	Alphatorquevirus sp.	Alphatorquevirus	genus	3750	0.4384	0.3080	0.5352
OZ258693	Alphatorquevirus sp.	Alphatorquevirus	genus	3696	0.5227	0.4031	0.3425
OZ258697	Betatorquevirus sp.	Betatorquevirus	genus	2966	0.6588	0.3412	0.0762
OZ258698	Gammatorquevirus sp.	Gammatorquevirus	genus	3084	0.8502	0.1245	0.1440
OZ258700	Alphatorquevirus sp.	Alphatorquevirus	genus	3753	0.6256	0.1418	0.3626
OZ258705	Gammatorquevirus sp.	Gammatorquevirus	genus	3190	0.8069	0.1564	0.1931
OZ258712	Betatorquevirus sp.	Betatorquevirus	genus	2695	0.9321	0.0679	0.0401
OZ258713	Betatorquevirus sp.	Betatorquevirus	genus	2781	0.6731	0.3265	0.0838
OZ258714	Hetorquevirus hominid6	Hetorquevirus	ictv_genus	2865	0.5724	0.0101	0.4276
OZ258715	Betatorquevirus sp.	Betatorquevirus	genus	2849	0.6999	0.0990	0.2941
OZ258716	Betatorquevirus sp.	Betatorquevirus	genus	2948	0.9495	0.0485	0.0193
OZ258719	Alphatorquevirus sp.	Alphatorquevirus	genus	3443	0.8710	0.0953	0.1284
OZ258721	Betatorquevirus sp.	Betatorquevirus	genus	2920	0.8120	0.1880	0.0473
OZ258723	Betatorquevirus homini36	Betatorquevirus	ictv_genus	2780	0.5633	0.4367	0.0737
OZ258724	Betatorquevirus sp.	Betatorquevirus	genus	2928	0.6680	0.3320	0.0256
OZ258725	Betatorquevirus sp.	Betatorquevirus	genus	2874	0.8076	0.1917	0.0832
OZ258728	Betatorquevirus sp.	Betatorquevirus	genus	2869	0.6316	0.3604	0.2004
OZ258729	Betatorquevirus sp.	Betatorquevirus	genus	2763	0.8426	0.1567	0.0471
OZ258731	Betatorquevirus sp.	Betatorquevirus	genus	2560	0.6215	0.3785	0.0820
OZ258737	Betatorquevirus sp.	Betatorquevirus	genus	2767	0.8547	0.1431	0.0961
OZ258739	Betatorquevirus sp.	Betatorquevirus	genus	2903	0.7100	0.2900	0.0613
OZ258741	Betatorquevirus sp.	Betatorquevirus	genus	2809	0.8715	0.1285	0.0794
OZ258742	Alphatorquevirus sp.	Alphatorquevirus	genus	3696	0.8601	0.1131	0.1320
OZ258747	Betatorquevirus sp.	Betatorquevirus	genus	2842	0.6478	0.3519	0.0493
OZ258748	Betatorquevirus sp.	Betatorquevirus	genus	2867	0.7367	0.2630	0.0596
OZ258750	Alphatorquevirus sp.	Alphatorquevirus	genus	3779	0.8828	0.0945	0.1133
OZ258751	Betatorquevirus sp.	Betatorquevirus	genus	2651	0.5700	0.4300	0.0449
OZ258753	Betatorquevirus sp.	Betatorquevirus	genus	2758	0.7085	0.2901	0.0682
OZ258761	Betatorquevirus sp.	Betatorquevirus	genus	2778	0.9071	0.0896	0.0526
OZ258764	Betatorquevirus sp.	Betatorquevirus	genus	2831	0.8771	0.1205	0.0918
OZ258769	Betatorquevirus sp.	Betatorquevirus	genus	2871	0.8408	0.1519	0.0697
OZ258770	Betatorquevirus sp.	Betatorquevirus	genus	2803	0.6522	0.3411	0.0321
OZ258771	Betatorquevirus sp.	Betatorquevirus	genus	2794	0.9109	0.0891	0.0433
OZ258775	Betatorquevirus sp.	Betatorquevirus	genus	2878	0.8968	0.1032	0.0584
OZ258776	Anellovirus sp.	Anellovirus sp.	species	2862	0.6541	0.0000	0.3459
OZ258777	Betatorquevirus sp.	Betatorquevirus	genus	2829	0.8894	0.1071	0.0735
OZ258778	Betatorquevirus homini15	Betatorquevirus	ictv_genus	2905	0.8895	0.1071	0.0616
OZ258785	Alphatorquevirus sp.	Alphatorquevirus	genus	3852	0.7949	0.1630	0.1602
OZ258790	Betatorquevirus sp.	Betatorquevirus	genus	2809	0.7284	0.2716	0.0755
OZ258793	Betatorquevirus sp.	Betatorquevirus	genus	2802	0.7716	0.2284	0.0917
OZ258797	Betatorquevirus sp.	Betatorquevirus	genus	2926	0.8811	0.1183	0.0895
OZ258798	Betatorquevirus sp.	Betatorquevirus	genus	2898	0.8137	0.1812	0.0776
OZ258799	Alphatorquevirus sp.	Alphatorquevirus	genus	3727	0.5627	0.1025	0.4312
OZ258803	Alphatorquevirus sp.	Alphatorquevirus	genus	3657	0.5231	0.1395	0.4739
OZ258804	Betatorquevirus sp.	Betatorquevirus	genus	2546	0.7282	0.2714	0.0648
OZ258807	Betatorquevirus sp.	Betatorquevirus	genus	2893	0.7446	0.2554	0.0359
OZ258809	Betatorquevirus sp.	Betatorquevirus	genus	2878	0.7450	0.2533	0.0712
OZ258816	Alphatorquevirus sp.	Alphatorquevirus	genus	3120	0.7663	0.0888	0.2263
PP374828	Torque teno virus	Torque teno virus	species	3800	0.4516	0.4655	0.4697
PP374829	Torque teno virus	Torque teno virus	species	3764	0.5242	0.4501	0.2492
PP374830	Torque teno virus	Torque teno virus	species	3711	0.6262	0.3236	0.2150
PP374831	Torque teno virus	Torque teno virus	species	3739	0.8537	0.1166	0.1401
PP374832	Torque teno virus	Torque teno virus	species	3878	0.8378	0.1287	0.1558
PP374834	Torque teno virus	Torque teno virus	species	3743	0.5808	0.1034	0.4189
PP374835	Torque teno virus	Torque teno virus	species	3768	0.5770	0.3705	0.2420
PP728776	Samektorquevirus hominid16	Samektorquevirus	ictv_genus	3146	0.9358	0.0286	0.0610
PP728779	Samektorquevirus hominid17	Samektorquevirus	ictv_genus	3171	0.9155	0.0643	0.0590
PP728781	Samektorquevirus hominid18	Samektorquevirus	ictv_genus	2910	0.8801	0.0639	0.1148
PP728782	Memtorquevirus hominid14	Memtorquevirus	ictv_genus	3193	0.9277	0.0413	0.0695
PQ438050	Torque teno virus	Torque teno virus	species	3032	0.5679	0.0620	0.4321
U21941	Human papillomavirus type 70	Alphapapillomavirus	ictv_genus	7875	0.9845	0.0155	0.0000
U31778	human papillomavirus 20	Betapapillomavirus	ictv_genus	7705	0.9356	0.0640	0.0008
U31779	human papillomavirus 21	Betapapillomavirus	ictv_genus	7734	0.9397	0.0600	0.0006
U31780	Human papillomavirus 22	Betapapillomavirus	ictv_genus	7338	0.8989	0.1011	0.0000
U31781	Human papillomavirus 23	Betapapillomavirus	ictv_genus	7294	0.9256	0.0744	0.0000
U31782	human papillomavirus 24	Betapapillomavirus	ictv_genus	7422	0.9770	0.0230	0.0000
U31783	Human papillomavirus 28	Alphapapillomavirus	ictv_genus	7893	0.9214	0.0786	0.0000
U31784	Human papillomavirus 29	Alphapapillomavirus	ictv_genus	7886	0.9384	0.0616	0.0000
U31785	human papillomavirus 36	Betapapillomavirus	ictv_genus	7692	0.9137	0.0863	0.0000
U31786	Human papillomavirus 37	Betapapillomavirus	ictv_genus	7391	0.9697	0.0303	0.0000
U31788	human papillomavirus 44	Alphapapillomavirus	ictv_genus	7803	0.9680	0.0320	0.0000
U31794	human papillomavirus 66	Alphapapillomavirus	ictv_genus	7794	0.9696	0.0304	0.0000
X55965	human papillomavirus 57	Alphapapillomavirus	ictv_genus	7831	0.9593	0.0407	0.0000
X62843	human papillomavirus 13	Alphapapillomavirus	ictv_genus	7850	0.9702	0.0298	0.0000
X74462	Human papillomavirus 3	Alphapapillomavirus	ictv_genus	7790	0.9199	0.0801	0.0000
X74466	human papillomavirus 12	Betapapillomavirus	ictv_genus	7643	0.9524	0.0476	0.0000
X74467	Human papillomavirus type 14D	Betapapillomavirus	ictv_genus	7395	0.9377	0.0623	0.0001
X74468	Human papillomavirus 15	Betapapillomavirus	ictv_genus	7382	0.9218	0.0782	0.0000
X74469	Human papillomavirus 17	Betapapillomavirus	ictv_genus	7397	0.9628	0.0372	0.0000
X74470	Human papillomavirus 19	Betapapillomavirus	ictv_genus	7630	0.9633	0.0367	0.0001
X74471	human papillomavirus 25	Betapapillomavirus	ictv_genus	7674	0.9523	0.0474	0.0008
X74473	human papillomavirus 27	Alphapapillomavirus	ictv_genus	7793	0.8950	0.1050	0.0000
X74478	human papillomavirus 40	Alphapapillomavirus	ictv_genus	7879	0.9789	0.0211	0.0000
X94164	human papillomavirus 72	Alphapapillomavirus	ictv_genus	7958	0.9874	0.0126	0.0000
X94165	human papillomavirus 73	Alphapapillomavirus	ictv_genus	7670	0.9765	0.0235	0.0000
Y15173	human papillomavirus 75	Betapapillomavirus	ictv_genus	7507	0.8792	0.1208	0.0000
Y15174	human papillomavirus 76	Betapapillomavirus	ictv_genus	7519	0.8739	0.1261	0.0000
Y15175	Human papillomavirus 77	Alphapapillomavirus	ictv_genus	7854	0.9390	0.0610	0.0000
Y15176	Human papillomavirus 80	Betapapillomavirus	ictv_genus	7397	0.9160	0.0840	0.0000
