gene_id	file	rule	transcripts_before	transcripts_after	length_before	length_after	bp_removed	identical
NC_002077.1_AAV1gp1	Adeno_associated_virus_1_NC_002077.gtf	passthrough	1	1	1872	1872	0	yes
NC_002077.1_AAV1gp2	Adeno_associated_virus_1_NC_002077.gtf	passthrough	1	1	2211	2211	0	yes
NC_006260.1_AAV7_gp1	Adeno_associated_virus_7_NC_006260.gtf	passthrough	1	1	1872	1872	0	yes
NC_006260.1_AAV7_gp2	Adeno_associated_virus_7_NC_006260.gtf	passthrough	1	1	2214	2214	0	yes
NC_006261.1_AAV8_gp1	Adeno_associated_virus_8_NC_006261.gtf	passthrough	1	1	1878	1878	0	yes
NC_006261.1_AAV8_gp2	Adeno_associated_virus_8_NC_006261.gtf	passthrough	1	1	2217	2217	0	yes
ADENO_AAV2gp01	Adeno_associated_virus_NC_001401.gtf	spliced	1	1	1932	1611	321	no
ADENO_AAV2gp02	Adeno_associated_virus_NC_001401.gtf	span	1	1	1866	1866	0	yes
ADENO_AAV2gp03	Adeno_associated_virus_NC_001401.gtf	spliced	1	1	1260	939	321	no
ADENO_AAV2gp04	Adeno_associated_virus_NC_001401.gtf	span	1	1	1194	1194	0	yes
ADENO_AAV2gp05	Adeno_associated_virus_NC_001401.gtf	span	1	1	2208	2208	0	yes
ADENO_AAV2gp06	Adeno_associated_virus_NC_001401.gtf	span	1	1	1797	1797	0	yes
ADENO_AAV2gp07	Adeno_associated_virus_NC_001401.gtf	span	1	1	1602	1602	0	yes
ADENO_AAV2gp08	Adeno_associated_virus_NC_001401.gtf	span	1	1	468	468	0	yes
ADENO_AAV2gs01	Adeno_associated_virus_NC_001401.gtf	passthrough	1	1	4165	4165	0	yes
ADENO_AAV2gs02	Adeno_associated_virus_NC_001401.gtf	passthrough	1	1	3574	3574	0	yes
ADENO_AAV2gs03	Adeno_associated_virus_NC_001401.gtf	passthrough	1	1	2599	2599	0	yes
AICHI_AiV_gp1	Aichi_virus_NC_001918.gtf	span	1	1	7302	7302	0	yes
JN860200.1_POLY	Alkhumra_hemorrhagic_fever_virus_JN860200.gtf	passthrough	1	1	10257	10257	0	yes
TTVgp1	Alphatorquevirus homin1.gtf	spliced	1	1	2725	873	1852	no
TTVgp2	Alphatorquevirus homin1.gtf	spliced	1	1	2523	861	1662	no
TTVgp3	Alphatorquevirus homin1.gtf	span	1	1	2313	2313	0	yes
TTV10_gp1	Alphatorquevirus homin10.gtf	spliced	1	1	2695	843	1852	no
TTV10_gp2	Alphatorquevirus homin10.gtf	spliced	1	1	2466	816	1650	no
TTV10_gp3	Alphatorquevirus homin10.gtf	span	1	1	393	393	0	yes
TTV10_gp4	Alphatorquevirus homin10.gtf	span	1	1	2238	2238	0	yes
D1P67_gp1	Alphatorquevirus homin13.gtf	span	1	1	465	465	0	yes
D1P67_gp2	Alphatorquevirus homin13.gtf	span	1	1	2070	2070	0	yes
TTV15_gp1	Alphatorquevirus homin15.gtf	span	1	1	474	474	0	yes
TTV15_gp2	Alphatorquevirus homin15.gtf	span	1	1	2265	2265	0	yes
TTV19_gp1	Alphatorquevirus homin19.gtf	span	1	1	492	492	0	yes
TTV19_gp2	Alphatorquevirus homin19.gtf	span	1	1	2238	2238	0	yes
TTV2_gp1	Alphatorquevirus homin2.gtf	span	1	1	366	366	0	yes
TTV2_gp2	Alphatorquevirus homin2.gtf	span	1	1	2184	2184	0	yes
D1P68_gp1	Alphatorquevirus homin20.gtf	spliced	1	1	2695	789	1906	no
D1P68_gp2	Alphatorquevirus homin20.gtf	spliced	1	1	2562	885	1677	no
D1P68_gp3	Alphatorquevirus homin20.gtf	span	1	1	390	390	0	yes
D1P68_gp4	Alphatorquevirus homin20.gtf	span	1	1	2253	2253	0	yes
D1P69_gp1	Alphatorquevirus homin21.gtf	span	1	1	426	426	0	yes
D1P69_gp2	Alphatorquevirus homin21.gtf	span	1	1	2223	2223	0	yes
D1P71_gp1	Alphatorquevirus homin24.gtf	spliced	1	1	2707	828	1879	no
D1P71_gp2	Alphatorquevirus homin24.gtf	spliced	1	1	2493	849	1644	no
D1P71_gp3	Alphatorquevirus homin24.gtf	span	1	1	390	390	0	yes
D1P71_gp4	Alphatorquevirus homin24.gtf	span	1	1	2301	2301	0	yes
D1P72_gp1	Alphatorquevirus homin29.gtf	span	1	1	387	387	0	yes
D1P72_gp2	Alphatorquevirus homin29.gtf	span	1	1	2202	2202	0	yes
D1P72_gp3	Alphatorquevirus homin29.gtf	span	1	1	345	345	0	yes
TTV3_gp1	Alphatorquevirus homin3.gtf	spliced	1	1	2629	828	1801	no
TTV3_gp2	Alphatorquevirus homin3.gtf	spliced	1	1	2457	846	1611	no
TTV3_gp3	Alphatorquevirus homin3.gtf	span	1	1	354	354	0	yes
TTV3_gp4	Alphatorquevirus homin3.gtf	spliced	1	1	2230	429	1801	no
TTV3_gp5	Alphatorquevirus homin3.gtf	span	1	1	2211	2211	0	yes
TTV3_gp6	Alphatorquevirus homin3.gtf	span	1	1	2211	2211	0	yes
D1P64_gp1	Alphatorquevirus homin5.gtf	span	1	1	468	468	0	yes
D1P64_gp2	Alphatorquevirus homin5.gtf	span	1	1	1719	1719	0	yes
TTV6_gp1	Alphatorquevirus homin6.gtf	spliced	1	1	2599	822	1777	no
TTV6_gp2	Alphatorquevirus homin6.gtf	spliced	1	1	2370	795	1575	no
TTV6_gp3	Alphatorquevirus homin6.gtf	span	1	1	378	378	0	yes
TTV6_gp4	Alphatorquevirus homin6.gtf	span	1	1	2160	2160	0	yes
TTV7_gp1	Alphatorquevirus homin7.gtf	span	1	1	465	465	0	yes
TTV7_gp2	Alphatorquevirus homin7.gtf	span	1	1	2301	2301	0	yes
TTV7_gp3	Alphatorquevirus homin7.gtf	span	1	1	165	165	0	yes
D1P65_gp1	Alphatorquevirus homin9.gtf	span	1	1	483	483	0	yes
D1P65_gp2	Alphatorquevirus homin9.gtf	span	1	1	2231	2231	0	yes
AUSBATLYSSA_ABLVgp1	Australian_bat_lyssavirus_NC_003243.gtf	span	1	1	1353	1353	0	yes
AUSBATLYSSA_ABLVgp2	Australian_bat_lyssavirus_NC_003243.gtf	span	1	1	894	894	0	yes
AUSBATLYSSA_ABLVgp3	Australian_bat_lyssavirus_NC_003243.gtf	span	1	1	649	649	0	yes
AUSBATLYSSA_ABLVgp4	Australian_bat_lyssavirus_NC_003243.gtf	span	1	1	1578	1578	0	yes
AUSBATLYSSA_ABLVgp5	Australian_bat_lyssavirus_NC_003243.gtf	span	1	1	6387	6387	0	yes
BKPOLY_BKPyVgp1	BK_polyomavirus_NC_001538.gtf	span	1	1	201	201	0	yes
BKPOLY_BKPyVgp2	BK_polyomavirus_NC_001538.gtf	span	1	1	1056	1056	0	yes
BKPOLY_BKPyVgp3	BK_polyomavirus_NC_001538.gtf	span	1	1	699	699	0	yes
BKPOLY_BKPyVgp4	BK_polyomavirus_NC_001538.gtf	span	1	1	1089	1089	0	yes
BKPOLY_BKPyVgp5	BK_polyomavirus_NC_001538.gtf	spliced	1	1	2432	2088	344	no
BKPOLY_BKPyVgp6	BK_polyomavirus_NC_001538.gtf	span	1	1	519	519	0	yes
BANNA_BAVs11gp1	Banna_virus_NC_004200.gtf	span	1	1	543	543	0	yes
BANNA_BAVs10gp1	Banna_virus_NC_004201.gtf	span	1	1	750	750	0	yes
BANNA_BAVs9gp1	Banna_virus_NC_004202.gtf	span	1	1	852	852	0	yes
BANNA_BAVs8gp1	Banna_virus_NC_004203.gtf	span	1	1	909	909	0	yes
BANNA_BAVs7gp1	Banna_virus_NC_004204.gtf	span	1	1	921	921	0	yes
BANNA_BAVs1gp1	Banna_virus_NC_004211.gtf	span	1	1	3645	3645	0	yes
BANNA_BAVs2gp1	Banna_virus_NC_004217.gtf	span	1	1	2865	2865	0	yes
BANNA_BAVs3gp1	Banna_virus_NC_004218.gtf	span	1	1	2163	2163	0	yes
BANNA_BAVs4gp1	Banna_virus_NC_004219.gtf	span	1	1	1731	1731	0	yes
BANNA_BAVs5gp1	Banna_virus_NC_004220.gtf	span	1	1	1527	1527	0	yes
BANNA_BAVs6gp1	Banna_virus_NC_004221.gtf	span	1	1	1278	1278	0	yes
BARMAH_BFVgp1	Barmah_forest_virus_NC_001786.gtf	span	1	1	5385	5385	0	yes
BARMAH_BFVgp2	Barmah_forest_virus_NC_001786.gtf	span	1	1	7236	7236	0	yes
BARMAH_BFVgp3	Barmah_forest_virus_NC_001786.gtf	span	1	1	3720	3720	0	yes
BARMAH_BFVgp4	Barmah_forest_virus_NC_001786.gtf	span	1	1	2447	2447	0	yes
BUNYAMW_BUNVsLgp1	Bunyamwera_virus_NC_001925.gtf	span	1	1	6717	6717	0	yes
BUNYAMW_BUNVsMgp1	Bunyamwera_virus_NC_001926.gtf	span	1	1	4302	4302	0	yes
BUNYAMW_BUNVsSgp1	Bunyamwera_virus_NC_001927.gtf	span	1	1	702	702	0	yes
BUNYAMW_BUNVsSgp2	Bunyamwera_virus_NC_001927.gtf	span	1	1	306	306	0	yes
BUNYA_LACVsLgp1	Bunyavirus_La_Crosse_NC_004108.gtf	span	1	1	6792	6792	0	yes
BUNYA_LACVsMgp1	Bunyavirus_La_Crosse_NC_004109.gtf	span	1	1	4326	4326	0	yes
BUNYA_LACVsSgp1	Bunyavirus_La_Crosse_NC_004110.gtf	span	1	1	708	708	0	yes
BUNYA_LACVsSgp2	Bunyavirus_La_Crosse_NC_004110.gtf	span	1	1	279	279	0	yes
CERC_HERP_CeHV2gRL2	Cercopithecine_herpesvirus_NC_006560.gtf	spliced	1	1	2684	2322	362	no
CERC_HERP_CeHV2gRL2.1	Cercopithecine_herpesvirus_NC_006560.gtf	spliced	1	1	2684	2322	362	no
CERC_HERP_CeHV2gRS1	Cercopithecine_herpesvirus_NC_006560.gtf	span	1	1	3560	3560	0	yes
CERC_HERP_CeHV2gRS1.1	Cercopithecine_herpesvirus_NC_006560.gtf	span	1	1	3560	3560	0	yes
CERC_HERP_CeHV2gTeMpTaG_UL26.5	Cercopithecine_herpesvirus_NC_006560.gtf	span	1	1	905	905	0	yes
CERC_HERP_CeHV2gTeMpTaG_UL49A	Cercopithecine_herpesvirus_NC_006560.gtf	span	1	1	1502	1502	0	yes
CERC_HERP_CeHV2gTeMpTaG_US8.5	Cercopithecine_herpesvirus_NC_006560.gtf	span	1	1	733	733	0	yes
CERC_HERP_CeHV2gUL1	Cercopithecine_herpesvirus_NC_006560.gtf	span	1	1	1613	1613	0	yes
CERC_HERP_CeHV2gUL10	Cercopithecine_herpesvirus_NC_006560.gtf	span	1	1	1375	1375	0	yes
CERC_HERP_CeHV2gUL11	Cercopithecine_herpesvirus_NC_006560.gtf	span	1	1	298	298	0	yes
CERC_HERP_CeHV2gUL12	Cercopithecine_herpesvirus_NC_006560.gtf	span	1	1	2088	2088	0	yes
CERC_HERP_CeHV2gUL13	Cercopithecine_herpesvirus_NC_006560.gtf	span	1	1	3632	3632	0	yes
CERC_HERP_CeHV2gUL14	Cercopithecine_herpesvirus_NC_006560.gtf	span	1	1	4048	4048	0	yes
CERC_HERP_CeHV2gUL15	Cercopithecine_herpesvirus_NC_006560.gtf	spliced	1	1	5735	2213	3522	no
CERC_HERP_CeHV2gUL16	Cercopithecine_herpesvirus_NC_006560.gtf	span	1	1	1151	1151	0	yes
CERC_HERP_CeHV2gUL17	Cercopithecine_herpesvirus_NC_006560.gtf	span	1	1	3283	3283	0	yes
CERC_HERP_CeHV2gUL18	Cercopithecine_herpesvirus_NC_006560.gtf	span	1	1	978	978	0	yes
CERC_HERP_CeHV2gUL19	Cercopithecine_herpesvirus_NC_006560.gtf	span	1	1	5259	5259	0	yes
CERC_HERP_CeHV2gUL2	Cercopithecine_herpesvirus_NC_006560.gtf	span	1	1	1042	1042	0	yes
CERC_HERP_CeHV2gUL20	Cercopithecine_herpesvirus_NC_006560.gtf	span	1	1	6117	6117	0	yes
CERC_HERP_CeHV2gUL21	Cercopithecine_herpesvirus_NC_006560.gtf	span	1	1	1622	1622	0	yes
CERC_HERP_CeHV2gUL22	Cercopithecine_herpesvirus_NC_006560.gtf	span	1	1	2600	2600	0	yes
CERC_HERP_CeHV2gUL23	Cercopithecine_herpesvirus_NC_006560.gtf	span	1	1	1153	1153	0	yes
CERC_HERP_CeHV2gUL24	Cercopithecine_herpesvirus_NC_006560.gtf	span	1	1	4736	4736	0	yes
CERC_HERP_CeHV2gUL25	Cercopithecine_herpesvirus_NC_006560.gtf	span	1	1	3757	3757	0	yes
CERC_HERP_CeHV2gUL26	Cercopithecine_herpesvirus_NC_006560.gtf	span	1	1	1811	1811	0	yes
CERC_HERP_CeHV2gUL27	Cercopithecine_herpesvirus_NC_006560.gtf	span	1	1	2703	2703	0	yes
CERC_HERP_CeHV2gUL28	Cercopithecine_herpesvirus_NC_006560.gtf	span	1	1	5088	5088	0	yes
CERC_HERP_CeHV2gUL29	Cercopithecine_herpesvirus_NC_006560.gtf	span	1	1	3681	3681	0	yes
CERC_HERP_CeHV2gUL3	Cercopithecine_herpesvirus_NC_006560.gtf	span	1	1	685	685	0	yes
CERC_HERP_CeHV2gUL30	Cercopithecine_herpesvirus_NC_006560.gtf	span	1	1	3720	3720	0	yes
CERC_HERP_CeHV2gUL31	Cercopithecine_herpesvirus_NC_006560.gtf	span	1	1	997	997	0	yes
CERC_HERP_CeHV2gUL32	Cercopithecine_herpesvirus_NC_006560.gtf	span	1	1	2762	2762	0	yes
CERC_HERP_CeHV2gUL33	Cercopithecine_herpesvirus_NC_006560.gtf	span	1	1	1779	1779	0	yes
CERC_HERP_CeHV2gUL34	Cercopithecine_herpesvirus_NC_006560.gtf	span	1	1	1322	1322	0	yes
CERC_HERP_CeHV2gUL35	Cercopithecine_herpesvirus_NC_006560.gtf	span	1	1	404	404	0	yes
CERC_HERP_CeHV2gUL36	Cercopithecine_herpesvirus_NC_006560.gtf	span	1	1	9283	9283	0	yes
CERC_HERP_CeHV2gUL37	Cercopithecine_herpesvirus_NC_006560.gtf	span	1	1	3684	3684	0	yes
CERC_HERP_CeHV2gUL38	Cercopithecine_herpesvirus_NC_006560.gtf	span	1	1	1416	1416	0	yes
CERC_HERP_CeHV2gUL39	Cercopithecine_herpesvirus_NC_006560.gtf	span	1	1	3980	3980	0	yes
CERC_HERP_CeHV2gUL4	Cercopithecine_herpesvirus_NC_006560.gtf	span	1	1	680	680	0	yes
CERC_HERP_CeHV2gUL40	Cercopithecine_herpesvirus_NC_006560.gtf	span	1	1	995	995	0	yes
CERC_HERP_CeHV2gUL41	Cercopithecine_herpesvirus_NC_006560.gtf	span	1	1	1502	1502	0	yes
CERC_HERP_CeHV2gUL42	Cercopithecine_herpesvirus_NC_006560.gtf	span	1	1	1342	1342	0	yes
CERC_HERP_CeHV2gUL43	Cercopithecine_herpesvirus_NC_006560.gtf	span	1	1	1147	1147	0	yes
CERC_HERP_CeHV2gUL44	Cercopithecine_herpesvirus_NC_006560.gtf	span	1	1	2217	2217	0	yes
CERC_HERP_CeHV2gUL45	Cercopithecine_herpesvirus_NC_006560.gtf	span	1	1	612	612	0	yes
CERC_HERP_CeHV2gUL46	Cercopithecine_herpesvirus_NC_006560.gtf	span	1	1	2107	2107	0	yes
CERC_HERP_CeHV2gUL47	Cercopithecine_herpesvirus_NC_006560.gtf	span	1	1	4315	4315	0	yes
CERC_HERP_CeHV2gUL48	Cercopithecine_herpesvirus_NC_006560.gtf	span	1	1	1601	1601	0	yes
CERC_HERP_CeHV2gUL49	Cercopithecine_herpesvirus_NC_006560.gtf	span	1	1	882	882	0	yes
CERC_HERP_CeHV2gUL5	Cercopithecine_herpesvirus_NC_006560.gtf	span	1	1	3332	3332	0	yes
CERC_HERP_CeHV2gUL50	Cercopithecine_herpesvirus_NC_006560.gtf	span	1	1	1127	1127	0	yes
CERC_HERP_CeHV2gUL51	Cercopithecine_herpesvirus_NC_006560.gtf	span	1	1	705	705	0	yes
CERC_HERP_CeHV2gUL52	Cercopithecine_herpesvirus_NC_006560.gtf	span	1	1	5963	5963	0	yes
CERC_HERP_CeHV2gUL53	Cercopithecine_herpesvirus_NC_006560.gtf	span	1	1	2850	2850	0	yes
CERC_HERP_CeHV2gUL54	Cercopithecine_herpesvirus_NC_006560.gtf	span	1	1	1570	1570	0	yes
CERC_HERP_CeHV2gUL55	Cercopithecine_herpesvirus_NC_006560.gtf	span	1	1	574	574	0	yes
CERC_HERP_CeHV2gUL56	Cercopithecine_herpesvirus_NC_006560.gtf	span	1	1	717	717	0	yes
CERC_HERP_CeHV2gUL6	Cercopithecine_herpesvirus_NC_006560.gtf	span	1	1	2906	2906	0	yes
CERC_HERP_CeHV2gUL7	Cercopithecine_herpesvirus_NC_006560.gtf	span	1	1	919	919	0	yes
CERC_HERP_CeHV2gUL8	Cercopithecine_herpesvirus_NC_006560.gtf	span	1	1	2285	2285	0	yes
CERC_HERP_CeHV2gUL9	Cercopithecine_herpesvirus_NC_006560.gtf	span	1	1	4979	4979	0	yes
CERC_HERP_CeHV2gUS1	Cercopithecine_herpesvirus_NC_006560.gtf	span	1	1	1352	1352	0	yes
CERC_HERP_CeHV2gUS10	Cercopithecine_herpesvirus_NC_006560.gtf	span	1	1	851	851	0	yes
CERC_HERP_CeHV2gUS11	Cercopithecine_herpesvirus_NC_006560.gtf	span	1	1	996	996	0	yes
CERC_HERP_CeHV2gUS12	Cercopithecine_herpesvirus_NC_006560.gtf	span	1	1	1265	1265	0	yes
CERC_HERP_CeHV2gUS2	Cercopithecine_herpesvirus_NC_006560.gtf	span	1	1	949	949	0	yes
CERC_HERP_CeHV2gUS3	Cercopithecine_herpesvirus_NC_006560.gtf	span	1	1	3861	3861	0	yes
CERC_HERP_CeHV2gUS4	Cercopithecine_herpesvirus_NC_006560.gtf	span	1	1	2384	2384	0	yes
CERC_HERP_CeHV2gUS5	Cercopithecine_herpesvirus_NC_006560.gtf	span	1	1	366	366	0	yes
CERC_HERP_CeHV2gUS6	Cercopithecine_herpesvirus_NC_006560.gtf	span	1	1	2639	2639	0	yes
CERC_HERP_CeHV2gUS7	Cercopithecine_herpesvirus_NC_006560.gtf	span	1	1	1246	1246	0	yes
CERC_HERP_CeHV2gUS8	Cercopithecine_herpesvirus_NC_006560.gtf	span	1	1	2300	2300	0	yes
CERC_HERP_CeHV2gUS9	Cercopithecine_herpesvirus_NC_006560.gtf	span	1	1	334	334	0	yes
CHIKUNG_CHIKVgp1	Chikungunya_virus_NC_004162.gtf	span	1	1	7425	7425	0	yes
CHIKUNG_CHIKVgp2	Chikungunya_virus_NC_004162.gtf	span	1	1	3747	3747	0	yes
COSA_A_HCoSV-A_gp1	Cosavirus_A_NC_012800.gtf	span	1	1	6375	6375	0	yes
COWPOX_CPXV001	Cowpox_virus_NC_003663.gtf	span	1	1	195	195	0	yes
COWPOX_CPXV002	Cowpox_virus_NC_003663.gtf	span	1	1	198	198	0	yes
COWPOX_CPXV003	Cowpox_virus_NC_003663.gtf	span	1	1	741	741	0	yes
COWPOX_CPXV004	Cowpox_virus_NC_003663.gtf	span	1	1	216	216	0	yes
COWPOX_CPXV005	Cowpox_virus_NC_003663.gtf	span	1	1	1068	1068	0	yes
COWPOX_CPXV006	Cowpox_virus_NC_003663.gtf	span	1	1	1860	1860	0	yes
COWPOX_CPXV007	Cowpox_virus_NC_003663.gtf	span	1	1	153	153	0	yes
COWPOX_CPXV008	Cowpox_virus_NC_003663.gtf	span	1	1	2019	2019	0	yes
COWPOX_CPXV009	Cowpox_virus_NC_003663.gtf	span	1	1	462	462	0	yes
COWPOX_CPXV010	Cowpox_virus_NC_003663.gtf	span	1	1	648	648	0	yes
COWPOX_CPXV011	Cowpox_virus_NC_003663.gtf	span	1	1	1977	1977	0	yes
COWPOX_CPXV012	Cowpox_virus_NC_003663.gtf	span	1	1	210	210	0	yes
COWPOX_CPXV013	Cowpox_virus_NC_003663.gtf	span	1	1	1572	1572	0	yes
COWPOX_CPXV014	Cowpox_virus_NC_003663.gtf	span	1	1	609	609	0	yes
COWPOX_CPXV015	Cowpox_virus_NC_003663.gtf	span	1	1	333	333	0	yes
COWPOX_CPXV016	Cowpox_virus_NC_003663.gtf	span	1	1	2295	2295	0	yes
COWPOX_CPXV017	Cowpox_virus_NC_003663.gtf	span	1	1	1308	1308	0	yes
COWPOX_CPXV018	Cowpox_virus_NC_003663.gtf	span	1	1	516	516	0	yes
COWPOX_CPXV019	Cowpox_virus_NC_003663.gtf	span	1	1	2391	2391	0	yes
COWPOX_CPXV020	Cowpox_virus_NC_003663.gtf	span	1	1	513	513	0	yes
COWPOX_CPXV021	Cowpox_virus_NC_003663.gtf	span	1	1	420	420	0	yes
COWPOX_CPXV022	Cowpox_virus_NC_003663.gtf	span	1	1	996	996	0	yes
COWPOX_CPXV023	Cowpox_virus_NC_003663.gtf	span	1	1	729	729	0	yes
COWPOX_CPXV024	Cowpox_virus_NC_003663.gtf	span	1	1	381	381	0	yes
COWPOX_CPXV025	Cowpox_virus_NC_003663.gtf	span	1	1	2007	2007	0	yes
COWPOX_CPXV026	Cowpox_virus_NC_003663.gtf	span	1	1	192	192	0	yes
COWPOX_CPXV027	Cowpox_virus_NC_003663.gtf	span	1	1	1899	1899	0	yes
COWPOX_CPXV028	Cowpox_virus_NC_003663.gtf	span	1	1	558	558	0	yes
COWPOX_CPXV029	Cowpox_virus_NC_003663.gtf	span	1	1	453	453	0	yes
COWPOX_CPXV030	Cowpox_virus_NC_003663.gtf	span	1	1	468	468	0	yes
COWPOX_CPXV031	Cowpox_virus_NC_003663.gtf	span	1	1	210	210	0	yes
COWPOX_CPXV032	Cowpox_virus_NC_003663.gtf	span	1	1	378	378	0	yes
COWPOX_CPXV033	Cowpox_virus_NC_003663.gtf	span	1	1	951	951	0	yes
COWPOX_CPXV034	Cowpox_virus_NC_003663.gtf	span	1	1	792	792	0	yes
COWPOX_CPXV035	Cowpox_virus_NC_003663.gtf	span	1	1	1539	1539	0	yes
COWPOX_CPXV036	Cowpox_virus_NC_003663.gtf	span	1	1	696	696	0	yes
COWPOX_CPXV037	Cowpox_virus_NC_003663.gtf	span	1	1	354	354	0	yes
COWPOX_CPXV038	Cowpox_virus_NC_003663.gtf	span	1	1	534	534	0	yes
COWPOX_CPXV039	Cowpox_virus_NC_003663.gtf	span	1	1	1422	1422	0	yes
COWPOX_CPXV040	Cowpox_virus_NC_003663.gtf	span	1	1	663	663	0	yes
COWPOX_CPXV041	Cowpox_virus_NC_003663.gtf	span	1	1	855	855	0	yes
COWPOX_CPXV042	Cowpox_virus_NC_003663.gtf	span	1	1	1122	1122	0	yes
COWPOX_CPXV043	Cowpox_virus_NC_003663.gtf	span	1	1	267	267	0	yes
COWPOX_CPXV044	Cowpox_virus_NC_003663.gtf	span	1	1	1275	1275	0	yes
COWPOX_CPXV045	Cowpox_virus_NC_003663.gtf	span	1	1	831	831	0	yes
COWPOX_CPXV046	Cowpox_virus_NC_003663.gtf	span	1	1	450	450	0	yes
COWPOX_CPXV047	Cowpox_virus_NC_003663.gtf	span	1	1	171	171	0	yes
COWPOX_CPXV048	Cowpox_virus_NC_003663.gtf	span	1	1	756	756	0	yes
COWPOX_CPXV049	Cowpox_virus_NC_003663.gtf	span	1	1	444	444	0	yes
COWPOX_CPXV050	Cowpox_virus_NC_003663.gtf	span	1	1	1443	1443	0	yes
COWPOX_CPXV051	Cowpox_virus_NC_003663.gtf	span	1	1	1002	1002	0	yes
COWPOX_CPXV051A	Cowpox_virus_NC_003663.gtf	span	1	1	237	237	0	yes
COWPOX_CPXV052	Cowpox_virus_NC_003663.gtf	span	1	1	972	972	0	yes
COWPOX_CPXV053	Cowpox_virus_NC_003663.gtf	span	1	1	216	216	0	yes
COWPOX_CPXV054	Cowpox_virus_NC_003663.gtf	span	1	1	246	246	0	yes
COWPOX_CPXV055	Cowpox_virus_NC_003663.gtf	span	1	1	198	198	0	yes
COWPOX_CPXV056	Cowpox_virus_NC_003663.gtf	span	1	1	639	639	0	yes
COWPOX_CPXV057	Cowpox_virus_NC_003663.gtf	span	1	1	1320	1320	0	yes
COWPOX_CPXV058	Cowpox_virus_NC_003663.gtf	span	1	1	258	258	0	yes
COWPOX_CPXV059	Cowpox_virus_NC_003663.gtf	span	1	1	1065	1065	0	yes
COWPOX_CPXV060	Cowpox_virus_NC_003663.gtf	span	1	1	1905	1905	0	yes
COWPOX_CPXV061	Cowpox_virus_NC_003663.gtf	span	1	1	1119	1119	0	yes
COWPOX_CPXV062	Cowpox_virus_NC_003663.gtf	span	1	1	222	222	0	yes
COWPOX_CPXV063	Cowpox_virus_NC_003663.gtf	span	1	1	159	159	0	yes
COWPOX_CPXV064	Cowpox_virus_NC_003663.gtf	span	1	1	477	477	0	yes
COWPOX_CPXV065	Cowpox_virus_NC_003663.gtf	span	1	1	696	696	0	yes
COWPOX_CPXV066	Cowpox_virus_NC_003663.gtf	span	1	1	306	306	0	yes
COWPOX_CPXV067	Cowpox_virus_NC_003663.gtf	span	1	1	1440	1440	0	yes
COWPOX_CPXV068	Cowpox_virus_NC_003663.gtf	span	1	1	2214	2214	0	yes
COWPOX_CPXV069	Cowpox_virus_NC_003663.gtf	span	1	1	573	573	0	yes
COWPOX_CPXV070	Cowpox_virus_NC_003663.gtf	span	1	1	786	786	0	yes
COWPOX_CPXV071	Cowpox_virus_NC_003663.gtf	span	1	1	960	960	0	yes
COWPOX_CPXV072	Cowpox_virus_NC_003663.gtf	span	1	1	1704	1704	0	yes
COWPOX_CPXV073	Cowpox_virus_NC_003663.gtf	span	1	1	498	498	0	yes
COWPOX_CPXV074	Cowpox_virus_NC_003663.gtf	span	1	1	822	822	0	yes
COWPOX_CPXV075	Cowpox_virus_NC_003663.gtf	span	1	1	3018	3018	0	yes
COWPOX_CPXV076	Cowpox_virus_NC_003663.gtf	span	1	1	288	288	0	yes
COWPOX_CPXV077	Cowpox_virus_NC_003663.gtf	span	1	1	390	390	0	yes
COWPOX_CPXV078	Cowpox_virus_NC_003663.gtf	span	1	1	2001	2001	0	yes
COWPOX_CPXV078A	Cowpox_virus_NC_003663.gtf	span	1	1	189	189	0	yes
COWPOX_CPXV079	Cowpox_virus_NC_003663.gtf	span	1	1	327	327	0	yes
COWPOX_CPXV080	Cowpox_virus_NC_003663.gtf	span	1	1	939	939	0	yes
COWPOX_CPXV081	Cowpox_virus_NC_003663.gtf	span	1	1	222	222	0	yes
COWPOX_CPXV082	Cowpox_virus_NC_003663.gtf	span	1	1	807	807	0	yes
COWPOX_CPXV083	Cowpox_virus_NC_003663.gtf	span	1	1	2316	2316	0	yes
COWPOX_CPXV084	Cowpox_virus_NC_003663.gtf	span	1	1	240	240	0	yes
COWPOX_CPXV085	Cowpox_virus_NC_003663.gtf	span	1	1	1149	1149	0	yes
COWPOX_CPXV086	Cowpox_virus_NC_003663.gtf	span	1	1	1272	1272	0	yes
COWPOX_CPXV087	Cowpox_virus_NC_003663.gtf	span	1	1	2031	2031	0	yes
COWPOX_CPXV088	Cowpox_virus_NC_003663.gtf	span	1	1	1776	1776	0	yes
COWPOX_CPXV089	Cowpox_virus_NC_003663.gtf	span	1	1	336	336	0	yes
COWPOX_CPXV090	Cowpox_virus_NC_003663.gtf	span	1	1	663	663	0	yes
COWPOX_CPXV091	Cowpox_virus_NC_003663.gtf	span	1	1	375	375	0	yes
COWPOX_CPXV092	Cowpox_virus_NC_003663.gtf	span	1	1	1305	1305	0	yes
COWPOX_CPXV093	Cowpox_virus_NC_003663.gtf	span	1	1	192	192	0	yes
COWPOX_CPXV094	Cowpox_virus_NC_003663.gtf	span	1	1	504	504	0	yes
COWPOX_CPXV095	Cowpox_virus_NC_003663.gtf	span	1	1	1116	1116	0	yes
COWPOX_CPXV096	Cowpox_virus_NC_003663.gtf	span	1	1	210	210	0	yes
COWPOX_CPXV097	Cowpox_virus_NC_003663.gtf	span	1	1	783	783	0	yes
COWPOX_CPXV098	Cowpox_virus_NC_003663.gtf	span	1	1	1023	1023	0	yes
COWPOX_CPXV099	Cowpox_virus_NC_003663.gtf	span	1	1	753	753	0	yes
COWPOX_CPXV100	Cowpox_virus_NC_003663.gtf	span	1	1	267	267	0	yes
COWPOX_CPXV101	Cowpox_virus_NC_003663.gtf	span	1	1	1053	1053	0	yes
COWPOX_CPXV102	Cowpox_virus_NC_003663.gtf	span	1	1	756	756	0	yes
COWPOX_CPXV103	Cowpox_virus_NC_003663.gtf	span	1	1	387	387	0	yes
COWPOX_CPXV104	Cowpox_virus_NC_003663.gtf	span	1	1	459	459	0	yes
COWPOX_CPXV105	Cowpox_virus_NC_003663.gtf	span	1	1	534	534	0	yes
COWPOX_CPXV106	Cowpox_virus_NC_003663.gtf	span	1	1	1002	1002	0	yes
COWPOX_CPXV107	Cowpox_virus_NC_003663.gtf	span	1	1	558	558	0	yes
COWPOX_CPXV108	Cowpox_virus_NC_003663.gtf	span	1	1	402	402	0	yes
COWPOX_CPXV109	Cowpox_virus_NC_003663.gtf	span	1	1	3861	3861	0	yes
COWPOX_CPXV110	Cowpox_virus_NC_003663.gtf	span	1	1	516	516	0	yes
COWPOX_CPXV111	Cowpox_virus_NC_003663.gtf	span	1	1	570	570	0	yes
COWPOX_CPXV112	Cowpox_virus_NC_003663.gtf	span	1	1	978	978	0	yes
COWPOX_CPXV113	Cowpox_virus_NC_003663.gtf	span	1	1	2388	2388	0	yes
COWPOX_CPXV114	Cowpox_virus_NC_003663.gtf	span	1	1	621	621	0	yes
COWPOX_CPXV115	Cowpox_virus_NC_003663.gtf	span	1	1	945	945	0	yes
COWPOX_CPXV116	Cowpox_virus_NC_003663.gtf	span	1	1	183	183	0	yes
COWPOX_CPXV117	Cowpox_virus_NC_003663.gtf	span	1	1	441	441	0	yes
COWPOX_CPXV118	Cowpox_virus_NC_003663.gtf	span	1	1	2535	2535	0	yes
COWPOX_CPXV119	Cowpox_virus_NC_003663.gtf	span	1	1	441	441	0	yes
COWPOX_CPXV119A	Cowpox_virus_NC_003663.gtf	span	1	1	243	243	0	yes
COWPOX_CPXV120	Cowpox_virus_NC_003663.gtf	span	1	1	714	714	0	yes
COWPOX_CPXV121	Cowpox_virus_NC_003663.gtf	span	1	1	657	657	0	yes
COWPOX_CPXV122	Cowpox_virus_NC_003663.gtf	span	1	1	2358	2358	0	yes
COWPOX_CPXV123	Cowpox_virus_NC_003663.gtf	span	1	1	1914	1914	0	yes
COWPOX_CPXV124	Cowpox_virus_NC_003663.gtf	span	1	1	486	486	0	yes
COWPOX_CPXV125	Cowpox_virus_NC_003663.gtf	span	1	1	915	915	0	yes
COWPOX_CPXV126	Cowpox_virus_NC_003663.gtf	span	1	1	642	642	0	yes
COWPOX_CPXV127	Cowpox_virus_NC_003663.gtf	span	1	1	747	747	0	yes
COWPOX_CPXV128	Cowpox_virus_NC_003663.gtf	span	1	1	1896	1896	0	yes
COWPOX_CPXV129	Cowpox_virus_NC_003663.gtf	span	1	1	864	864	0	yes
COWPOX_CPXV130	Cowpox_virus_NC_003663.gtf	span	1	1	219	219	0	yes
COWPOX_CPXV131	Cowpox_virus_NC_003663.gtf	span	1	1	1656	1656	0	yes
COWPOX_CPXV132	Cowpox_virus_NC_003663.gtf	span	1	1	453	453	0	yes
COWPOX_CPXV133	Cowpox_virus_NC_003663.gtf	span	1	1	675	675	0	yes
COWPOX_CPXV134	Cowpox_virus_NC_003663.gtf	span	1	1	231	231	0	yes
COWPOX_CPXV135	Cowpox_virus_NC_003663.gtf	span	1	1	1935	1935	0	yes
COWPOX_CPXV136	Cowpox_virus_NC_003663.gtf	span	1	1	888	888	0	yes
COWPOX_CPXV137	Cowpox_virus_NC_003663.gtf	span	1	1	495	495	0	yes
COWPOX_CPXV138	Cowpox_virus_NC_003663.gtf	span	1	1	1119	1119	0	yes
COWPOX_CPXV139	Cowpox_virus_NC_003663.gtf	span	1	1	2133	2133	0	yes
COWPOX_CPXV140	Cowpox_virus_NC_003663.gtf	span	1	1	867	867	0	yes
COWPOX_CPXV141	Cowpox_virus_NC_003663.gtf	span	1	1	366	366	0	yes
COWPOX_CPXV142	Cowpox_virus_NC_003663.gtf	span	1	1	2685	2685	0	yes
COWPOX_CPXV143	Cowpox_virus_NC_003663.gtf	span	1	1	957	957	0	yes
COWPOX_CPXV144	Cowpox_virus_NC_003663.gtf	span	1	1	573	573	0	yes
COWPOX_CPXV145	Cowpox_virus_NC_003663.gtf	span	1	1	213	213	0	yes
COWPOX_CPXV146	Cowpox_virus_NC_003663.gtf	span	1	1	273	273	0	yes
COWPOX_CPXV147	Cowpox_virus_NC_003663.gtf	span	1	1	162	162	0	yes
COWPOX_CPXV148	Cowpox_virus_NC_003663.gtf	span	1	1	285	285	0	yes
COWPOX_CPXV149	Cowpox_virus_NC_003663.gtf	span	1	1	1134	1134	0	yes
COWPOX_CPXV150	Cowpox_virus_NC_003663.gtf	span	1	1	609	609	0	yes
COWPOX_CPXV151	Cowpox_virus_NC_003663.gtf	span	1	1	1479	1479	0	yes
COWPOX_CPXV152	Cowpox_virus_NC_003663.gtf	span	1	1	234	234	0	yes
COWPOX_CPXV152A	Cowpox_virus_NC_003663.gtf	span	1	1	246	246	0	yes
COWPOX_CPXV153	Cowpox_virus_NC_003663.gtf	span	1	1	354	354	0	yes
COWPOX_CPXV154	Cowpox_virus_NC_003663.gtf	span	1	1	1281	1281	0	yes
COWPOX_CPXV155	Cowpox_virus_NC_003663.gtf	span	1	1	564	564	0	yes
COWPOX_CPXV156	Cowpox_virus_NC_003663.gtf	span	1	1	1149	1149	0	yes
COWPOX_CPXV157	Cowpox_virus_NC_003663.gtf	span	1	1	3495	3495	0	yes
COWPOX_CPXV158	Cowpox_virus_NC_003663.gtf	span	1	1	3855	3855	0	yes
COWPOX_CPXV159	Cowpox_virus_NC_003663.gtf	span	1	1	579	579	0	yes
COWPOX_CPXV160	Cowpox_virus_NC_003663.gtf	span	1	1	207	207	0	yes
COWPOX_CPXV161	Cowpox_virus_NC_003663.gtf	span	1	1	783	783	0	yes
COWPOX_CPXV162	Cowpox_virus_NC_003663.gtf	span	1	1	333	333	0	yes
COWPOX_CPXV163	Cowpox_virus_NC_003663.gtf	span	1	1	441	441	0	yes
COWPOX_CPXV164	Cowpox_virus_NC_003663.gtf	span	1	1	918	918	0	yes
COWPOX_CPXV165	Cowpox_virus_NC_003663.gtf	span	1	1	231	231	0	yes
COWPOX_CPXV166	Cowpox_virus_NC_003663.gtf	span	1	1	423	423	0	yes
COWPOX_CPXV167	Cowpox_virus_NC_003663.gtf	span	1	1	936	936	0	yes
COWPOX_CPXV168	Cowpox_virus_NC_003663.gtf	span	1	1	564	564	0	yes
COWPOX_CPXV169	Cowpox_virus_NC_003663.gtf	span	1	1	507	507	0	yes
COWPOX_CPXV170	Cowpox_virus_NC_003663.gtf	span	1	1	186	186	0	yes
COWPOX_CPXV171	Cowpox_virus_NC_003663.gtf	span	1	1	531	531	0	yes
COWPOX_CPXV172	Cowpox_virus_NC_003663.gtf	span	1	1	675	675	0	yes
COWPOX_CPXV173	Cowpox_virus_NC_003663.gtf	span	1	1	792	792	0	yes
COWPOX_CPXV174	Cowpox_virus_NC_003663.gtf	span	1	1	192	192	0	yes
COWPOX_CPXV175	Cowpox_virus_NC_003663.gtf	span	1	1	834	834	0	yes
COWPOX_CPXV176	Cowpox_virus_NC_003663.gtf	span	1	1	1230	1230	0	yes
COWPOX_CPXV177	Cowpox_virus_NC_003663.gtf	span	1	1	483	483	0	yes
COWPOX_CPXV178	Cowpox_virus_NC_003663.gtf	span	1	1	657	657	0	yes
COWPOX_CPXV179	Cowpox_virus_NC_003663.gtf	span	1	1	402	402	0	yes
COWPOX_CPXV180	Cowpox_virus_NC_003663.gtf	span	1	1	585	585	0	yes
COWPOX_CPXV181	Cowpox_virus_NC_003663.gtf	span	1	1	246	246	0	yes
COWPOX_CPXV182	Cowpox_virus_NC_003663.gtf	span	1	1	1038	1038	0	yes
COWPOX_CPXV183	Cowpox_virus_NC_003663.gtf	span	1	1	378	378	0	yes
COWPOX_CPXV184	Cowpox_virus_NC_003663.gtf	span	1	1	729	729	0	yes
COWPOX_CPXV185	Cowpox_virus_NC_003663.gtf	span	1	1	735	735	0	yes
COWPOX_CPXV186	Cowpox_virus_NC_003663.gtf	span	1	1	684	684	0	yes
COWPOX_CPXV187	Cowpox_virus_NC_003663.gtf	span	1	1	489	489	0	yes
COWPOX_CPXV188	Cowpox_virus_NC_003663.gtf	span	1	1	1665	1665	0	yes
COWPOX_CPXV189	Cowpox_virus_NC_003663.gtf	span	1	1	1005	1005	0	yes
COWPOX_CPXV190	Cowpox_virus_NC_003663.gtf	span	1	1	573	573	0	yes
COWPOX_CPXV191	Cowpox_virus_NC_003663.gtf	span	1	1	561	561	0	yes
COWPOX_CPXV192	Cowpox_virus_NC_003663.gtf	span	1	1	153	153	0	yes
COWPOX_CPXV193	Cowpox_virus_NC_003663.gtf	span	1	1	1692	1692	0	yes
COWPOX_CPXV194	Cowpox_virus_NC_003663.gtf	span	1	1	894	894	0	yes
COWPOX_CPXV195	Cowpox_virus_NC_003663.gtf	span	1	1	594	594	0	yes
COWPOX_CPXV196	Cowpox_virus_NC_003663.gtf	span	1	1	900	900	0	yes
COWPOX_CPXV197	Cowpox_virus_NC_003663.gtf	span	1	1	1518	1518	0	yes
COWPOX_CPXV198	Cowpox_virus_NC_003663.gtf	span	1	1	1677	1677	0	yes
COWPOX_CPXV199	Cowpox_virus_NC_003663.gtf	span	1	1	954	954	0	yes
COWPOX_CPXV200	Cowpox_virus_NC_003663.gtf	span	1	1	540	540	0	yes
COWPOX_CPXV201	Cowpox_virus_NC_003663.gtf	span	1	1	546	546	0	yes
COWPOX_CPXV202	Cowpox_virus_NC_003663.gtf	span	1	1	801	801	0	yes
COWPOX_CPXV203	Cowpox_virus_NC_003663.gtf	span	1	1	678	678	0	yes
COWPOX_CPXV204	Cowpox_virus_NC_003663.gtf	span	1	1	1506	1506	0	yes
COWPOX_CPXV205	Cowpox_virus_NC_003663.gtf	span	1	1	273	273	0	yes
COWPOX_CPXV206	Cowpox_virus_NC_003663.gtf	span	1	1	858	858	0	yes
COWPOX_CPXV207	Cowpox_virus_NC_003663.gtf	span	1	1	1026	1026	0	yes
COWPOX_CPXV208	Cowpox_virus_NC_003663.gtf	span	1	1	450	450	0	yes
COWPOX_CPXV209	Cowpox_virus_NC_003663.gtf	span	1	1	981	981	0	yes
COWPOX_CPXV210	Cowpox_virus_NC_003663.gtf	span	1	1	1023	1023	0	yes
COWPOX_CPXV211	Cowpox_virus_NC_003663.gtf	span	1	1	1725	1725	0	yes
COWPOX_CPXV212	Cowpox_virus_NC_003663.gtf	span	1	1	1101	1101	0	yes
COWPOX_CPXV213	Cowpox_virus_NC_003663.gtf	span	1	1	2403	2403	0	yes
COWPOX_CPXV214	Cowpox_virus_NC_003663.gtf	span	1	1	153	153	0	yes
COWPOX_CPXV215	Cowpox_virus_NC_003663.gtf	span	1	1	1674	1674	0	yes
COWPOX_CPXV216	Cowpox_virus_NC_003663.gtf	span	1	1	156	156	0	yes
COWPOX_CPXV217	Cowpox_virus_NC_003663.gtf	span	1	1	1119	1119	0	yes
COWPOX_CPXV218	Cowpox_virus_NC_003663.gtf	span	1	1	582	582	0	yes
COWPOX_CPXV219	Cowpox_virus_NC_003663.gtf	span	1	1	5760	5760	0	yes
COWPOX_CPXV220	Cowpox_virus_NC_003663.gtf	span	1	1	1740	1740	0	yes
COWPOX_CPXV221	Cowpox_virus_NC_003663.gtf	span	1	1	963	963	0	yes
COWPOX_CPXV222	Cowpox_virus_NC_003663.gtf	span	1	1	462	462	0	yes
COWPOX_CPXV223	Cowpox_virus_NC_003663.gtf	span	1	1	2019	2019	0	yes
COWPOX_CPXV224	Cowpox_virus_NC_003663.gtf	span	1	1	153	153	0	yes
COWPOX_CPXV225	Cowpox_virus_NC_003663.gtf	span	1	1	1860	1860	0	yes
COWPOX_CPXV226	Cowpox_virus_NC_003663.gtf	span	1	1	1068	1068	0	yes
COWPOX_CPXV227	Cowpox_virus_NC_003663.gtf	span	1	1	741	741	0	yes
COWPOX_CPXV228	Cowpox_virus_NC_003663.gtf	span	1	1	198	198	0	yes
COWPOX_CPXV229	Cowpox_virus_NC_003663.gtf	span	1	1	195	195	0	yes
D90457.1_POLY	Coxsackievirus_A24_D90457.gtf	passthrough	1	1	6645	6645	0	yes
COXSACKIE_HEVAgp1	Coxsackievirus_NC_001612.gtf	span	1	1	6582	6582	0	yes
CRIMEAN_CCFHV_sMgp1	Crimean_Congo_hemorrhagic_fever_virus_NC_005300.gtf	span	1	1	5055	5055	0	yes
CRIMEAN_CCFHV_sLgp1	Crimean_Congo_hemorrhagic_fever_virus_NC_005301.gtf	span	1	1	11838	11838	0	yes
CRIMEAN_CCFHVsSgp1	Crimean_Congo_hemorrhagic_fever_virus_NC_005302.gtf	span	1	1	1449	1449	0	yes
DENV_DV1_gp1	Denguevirus_NC_001477.gtf	span	1	1	10179	10179	0	yes
DENV_unassigned_gene_1	Denguevirus_NC_001477.gtf	passthrough	1	1	416	416	0	yes
DENV_unassigned_gene_2	Denguevirus_NC_001477.gtf	passthrough	1	1	343	343	0	yes
DENV_unassigned_gene_3	Denguevirus_NC_001477.gtf	passthrough	1	1	273	273	0	yes
DENV_unassigned_gene_4	Denguevirus_NC_001477.gtf	passthrough	1	1	185	185	0	yes
EQUINE_ENCE_EEEVgp1	Eastern_equine_encephalitis_virus_NC_003899.gtf	span	1	1	5637	5637	0	yes
EQUINE_ENCE_EEEVgp2	Eastern_equine_encephalitis_virus_NC_003899.gtf	span	1	1	7482	7482	0	yes
EQUINE_ENCE_EEEVgp3	Eastern_equine_encephalitis_virus_NC_003899.gtf	span	1	1	3726	3726	0	yes
EQUINE_ENCE_EEEVgp4	Eastern_equine_encephalitis_virus_NC_003899.gtf	span	1	1	2504	2504	0	yes
EBOLA_ZEBOVgp1	Ebolavirus_NC_002549.gtf	passthrough	1	1	2971	2971	0	yes
EBOLA_ZEBOVgp2	Ebolavirus_NC_002549.gtf	passthrough	1	1	1376	1376	0	yes
EBOLA_ZEBOVgp3	Ebolavirus_NC_002549.gtf	passthrough	1	1	1505	1505	0	yes
EBOLA_ZEBOVgp4	Ebolavirus_NC_002549.gtf	passthrough	1	1	2406	2406	0	yes
EBOLA_ZEBOVgp5	Ebolavirus_NC_002549.gtf	passthrough	1	1	1453	1453	0	yes
EBOLA_ZEBOVgp6	Ebolavirus_NC_002549.gtf	passthrough	1	1	1612	1612	0	yes
EBOLA_ZEBOVgp7	Ebolavirus_NC_002549.gtf	passthrough	1	1	6782	6782	0	yes
ECHO_HPeV2gp01	Echovirus_NC_001897.gtf	span	1	1	6540	6540	0	yes
ENCEPHAL_EMCVgp1	Encephalomyocarditis_virus_NC_001479.gtf	span	1	1	6879	6879	0	yes
ENCEPHAL_EMCVgp2	Encephalomyocarditis_virus_NC_001479.gtf	span	1	1	3698	3698	0	yes
U22521.1_AAB39968.1	Enterovirus_A71_U22521.gtf	passthrough	1	1	6582	6582	0	yes
EPSTEIN_HHV4_A73	Epstein_Barr_virus_NC_007605.gtf	passthrough	1	1	2150	2150	0	yes
EPSTEIN_HHV4_BALF1	Epstein_Barr_virus_NC_007605.gtf	span	1	1	597	597	0	yes
EPSTEIN_HHV4_BALF2	Epstein_Barr_virus_NC_007605.gtf	span	1	1	3807	3807	0	yes
EPSTEIN_HHV4_BALF3	Epstein_Barr_virus_NC_007605.gtf	span	1	1	4665	4665	0	yes
EPSTEIN_HHV4_BALF4	Epstein_Barr_virus_NC_007605.gtf	span	1	1	2669	2669	0	yes
EPSTEIN_HHV4_BALF5	Epstein_Barr_virus_NC_007605.gtf	span	1	1	4917	4917	0	yes
EPSTEIN_HHV4_BARF0	Epstein_Barr_virus_NC_007605.gtf	span	1	1	1416	1416	0	yes
EPSTEIN_HHV4_BARF1.2	Epstein_Barr_virus_NC_007605.gtf	span	1	1	705	705	0	yes
EPSTEIN_HHV4_BBLF1	Epstein_Barr_virus_NC_007605.gtf	span	1	1	585	585	0	yes
EPSTEIN_HHV4_BBLF2/BBLF3	Epstein_Barr_virus_NC_007605.gtf	spliced	1	1	2348	2220	128	no
EPSTEIN_HHV4_BBLF4	Epstein_Barr_virus_NC_007605.gtf	span	1	1	2435	2435	0	yes
EPSTEIN_HHV4_BBRF1	Epstein_Barr_virus_NC_007605.gtf	span	1	1	2915	2915	0	yes
EPSTEIN_HHV4_BBRF2	Epstein_Barr_virus_NC_007605.gtf	span	1	1	843	843	0	yes
EPSTEIN_HHV4_BBRF3	Epstein_Barr_virus_NC_007605.gtf	span	1	1	1383	1383	0	yes
EPSTEIN_HHV4_BCRF1.1	Epstein_Barr_virus_NC_007605.gtf	span	1	1	632	632	0	yes
EPSTEIN_HHV4_BDLF1	Epstein_Barr_virus_NC_007605.gtf	span	1	1	3033	3033	0	yes
EPSTEIN_HHV4_BDLF2	Epstein_Barr_virus_NC_007605.gtf	span	1	1	2123	2123	0	yes
EPSTEIN_HHV4_BDLF3	Epstein_Barr_virus_NC_007605.gtf	span	1	1	751	751	0	yes
EPSTEIN_HHV4_BDLF3.5	Epstein_Barr_virus_NC_007605.gtf	span	1	1	3826	3826	0	yes
EPSTEIN_HHV4_BDLF4	Epstein_Barr_virus_NC_007605.gtf	span	1	1	3576	3576	0	yes
EPSTEIN_HHV4_BFLF1	Epstein_Barr_virus_NC_007605.gtf	span	1	1	2590	2590	0	yes
EPSTEIN_HHV4_BFLF2	Epstein_Barr_virus_NC_007605.gtf	span	1	1	1103	1103	0	yes
EPSTEIN_HHV4_BFRF1	Epstein_Barr_virus_NC_007605.gtf	span	1	1	3243	3243	0	yes
EPSTEIN_HHV4_BFRF1A	Epstein_Barr_virus_NC_007605.gtf	span	1	1	3551	3551	0	yes
EPSTEIN_HHV4_BFRF2	Epstein_Barr_virus_NC_007605.gtf	span	1	1	2267	2267	0	yes
EPSTEIN_HHV4_BFRF3	Epstein_Barr_virus_NC_007605.gtf	span	1	1	568	568	0	yes
EPSTEIN_HHV4_BGLF1	Epstein_Barr_virus_NC_007605.gtf	span	1	1	2954	2954	0	yes
EPSTEIN_HHV4_BGLF2	Epstein_Barr_virus_NC_007605.gtf	span	1	1	1451	1451	0	yes
EPSTEIN_HHV4_BGLF3	Epstein_Barr_virus_NC_007605.gtf	span	1	1	4367	4367	0	yes
EPSTEIN_HHV4_BGLF3.5	Epstein_Barr_virus_NC_007605.gtf	span	1	1	3371	3371	0	yes
EPSTEIN_HHV4_BGLF4	Epstein_Barr_virus_NC_007605.gtf	span	1	1	2868	2868	0	yes
EPSTEIN_HHV4_BGLF5	Epstein_Barr_virus_NC_007605.gtf	span	1	1	1595	1595	0	yes
EPSTEIN_HHV4_BGRF1/BDRF1	Epstein_Barr_virus_NC_007605.gtf	spliced	1	1	5415	2074	3341	no
EPSTEIN_HHV4_BHLF1	Epstein_Barr_virus_NC_007605.gtf	span	1	1	2516	2516	0	yes
EPSTEIN_HHV4_BHRF1	Epstein_Barr_virus_NC_007605.gtf	passthrough	4	4	88	88	0	yes
EPSTEIN_HHV4_BILF1	Epstein_Barr_virus_NC_007605.gtf	span	1	1	3617	3617	0	yes
EPSTEIN_HHV4_BILF2	Epstein_Barr_virus_NC_007605.gtf	span	1	1	819	819	0	yes
EPSTEIN_HHV4_BKRF2	Epstein_Barr_virus_NC_007605.gtf	span	1	1	1888	1888	0	yes
EPSTEIN_HHV4_BKRF3	Epstein_Barr_virus_NC_007605.gtf	span	1	1	1440	1440	0	yes
EPSTEIN_HHV4_BKRF4	Epstein_Barr_virus_NC_007605.gtf	span	1	1	659	659	0	yes
EPSTEIN_HHV4_BLLF1	Epstein_Barr_virus_NC_007605.gtf	span	1	1	2773	2773	0	yes
EPSTEIN_HHV4_BLLF2	Epstein_Barr_virus_NC_007605.gtf	span	1	1	632	632	0	yes
EPSTEIN_HHV4_BLLF3	Epstein_Barr_virus_NC_007605.gtf	span	1	1	912	912	0	yes
EPSTEIN_HHV4_BLRF1	Epstein_Barr_virus_NC_007605.gtf	span	1	1	911	911	0	yes
EPSTEIN_HHV4_BLRF2	Epstein_Barr_virus_NC_007605.gtf	span	1	1	555	555	0	yes
EPSTEIN_HHV4_BMRF1	Epstein_Barr_virus_NC_007605.gtf	span	1	1	2365	2365	0	yes
EPSTEIN_HHV4_BMRF2	Epstein_Barr_virus_NC_007605.gtf	span	1	1	1426	1426	0	yes
EPSTEIN_HHV4_BNLF2a	Epstein_Barr_virus_NC_007605.gtf	span	1	1	585	585	0	yes
EPSTEIN_HHV4_BNLF2b	Epstein_Barr_virus_NC_007605.gtf	span	1	1	354	354	0	yes
EPSTEIN_HHV4_BNRF1	Epstein_Barr_virus_NC_007605.gtf	span	1	1	4166	4166	0	yes
EPSTEIN_HHV4_BOLF1	Epstein_Barr_virus_NC_007605.gtf	span	1	1	13260	13260	0	yes
EPSTEIN_HHV4_BORF1	Epstein_Barr_virus_NC_007605.gtf	span	1	1	3872	3872	0	yes
EPSTEIN_HHV4_BORF2	Epstein_Barr_virus_NC_007605.gtf	span	1	1	2720	2720	0	yes
EPSTEIN_HHV4_BPLF1	Epstein_Barr_virus_NC_007605.gtf	span	1	1	10130	10130	0	yes
EPSTEIN_HHV4_BRLF1	Epstein_Barr_virus_NC_007605.gtf	passthrough	1	1	2908	2908	0	yes
EPSTEIN_HHV4_BRRF1	Epstein_Barr_virus_NC_007605.gtf	span	1	1	1100	1100	0	yes
EPSTEIN_HHV4_BRRF2	Epstein_Barr_virus_NC_007605.gtf	span	1	1	1677	1677	0	yes
EPSTEIN_HHV4_BSLF1	Epstein_Barr_virus_NC_007605.gtf	span	1	1	4140	4140	0	yes
EPSTEIN_HHV4_BSLF2/BMLF1	Epstein_Barr_virus_NC_007605.gtf	spliced	1	1	1615	1509	106	no
EPSTEIN_HHV4_BSRF1	Epstein_Barr_virus_NC_007605.gtf	span	1	1	723	723	0	yes
EPSTEIN_HHV4_BTRF1	Epstein_Barr_virus_NC_007605.gtf	span	1	1	1271	1271	0	yes
EPSTEIN_HHV4_BVLF1	Epstein_Barr_virus_NC_007605.gtf	span	1	1	996	996	0	yes
EPSTEIN_HHV4_BVRF1	Epstein_Barr_virus_NC_007605.gtf	span	1	1	1874	1874	0	yes
EPSTEIN_HHV4_BVRF2	Epstein_Barr_virus_NC_007605.gtf	span	1	1	2024	2024	0	yes
EPSTEIN_HHV4_BWRF1.1	Epstein_Barr_virus_NC_007605.gtf	span	1	1	1152	1152	0	yes
EPSTEIN_HHV4_BWRF1.2	Epstein_Barr_virus_NC_007605.gtf	span	1	1	1152	1152	0	yes
EPSTEIN_HHV4_BWRF1.3	Epstein_Barr_virus_NC_007605.gtf	span	1	1	1152	1152	0	yes
EPSTEIN_HHV4_BWRF1.4	Epstein_Barr_virus_NC_007605.gtf	span	1	1	1152	1152	0	yes
EPSTEIN_HHV4_BWRF1.5	Epstein_Barr_virus_NC_007605.gtf	span	1	1	1152	1152	0	yes
EPSTEIN_HHV4_BWRF1.6	Epstein_Barr_virus_NC_007605.gtf	span	1	1	1152	1152	0	yes
EPSTEIN_HHV4_BWRF1.7	Epstein_Barr_virus_NC_007605.gtf	span	1	1	1152	1152	0	yes
EPSTEIN_HHV4_BWRF1.8	Epstein_Barr_virus_NC_007605.gtf	span	1	1	1152	1152	0	yes
EPSTEIN_HHV4_BXLF1	Epstein_Barr_virus_NC_007605.gtf	span	1	1	4239	4239	0	yes
EPSTEIN_HHV4_BXLF2	Epstein_Barr_virus_NC_007605.gtf	span	1	1	2414	2414	0	yes
EPSTEIN_HHV4_BXRF1	Epstein_Barr_virus_NC_007605.gtf	span	1	1	2316	2316	0	yes
EPSTEIN_HHV4_BZLF1	Epstein_Barr_virus_NC_007605.gtf	passthrough	1	1	861	861	0	yes
EPSTEIN_HHV4_BZLF2	Epstein_Barr_virus_NC_007605.gtf	span	1	1	672	672	0	yes
EPSTEIN_HHV4_BaRF1.1	Epstein_Barr_virus_NC_007605.gtf	span	1	1	3401	3401	0	yes
EPSTEIN_HHV4_BcLF1	Epstein_Barr_virus_NC_007605.gtf	span	1	1	4404	4404	0	yes
EPSTEIN_HHV4_BcRF1.2	Epstein_Barr_virus_NC_007605.gtf	span	1	1	3614	3614	0	yes
EPSTEIN_HHV4_BdRF1	Epstein_Barr_virus_NC_007605.gtf	span	1	1	1125	1125	0	yes
EPSTEIN_HHV4_EBNA-1.1	Epstein_Barr_virus_NC_007605.gtf	passthrough	1	1	4257	4257	0	yes
EPSTEIN_HHV4_EBNA-1.2	Epstein_Barr_virus_NC_007605.gtf	passthrough	1	1	2210	2210	0	yes
EPSTEIN_HHV4_EBNA-2	Epstein_Barr_virus_NC_007605.gtf	passthrough	1	1	3364	3364	0	yes
EPSTEIN_HHV4_EBNA-3A	Epstein_Barr_virus_NC_007605.gtf	passthrough	1	1	4814	4814	0	yes
EPSTEIN_HHV4_EBNA-3B/EBNA-3C	Epstein_Barr_virus_NC_007605.gtf	passthrough	2	2	13496	13496	0	yes
EPSTEIN_HHV4_EBNA-LP	Epstein_Barr_virus_NC_007605.gtf	passthrough	1	1	1803	1803	0	yes
EPSTEIN_HHV4_LF1	Epstein_Barr_virus_NC_007605.gtf	span	1	1	2670	2670	0	yes
EPSTEIN_HHV4_LF2	Epstein_Barr_virus_NC_007605.gtf	span	1	1	1393	1393	0	yes
EPSTEIN_HHV4_LF3	Epstein_Barr_virus_NC_007605.gtf	span	1	1	3142	3142	0	yes
EPSTEIN_HHV4_LMP-1	Epstein_Barr_virus_NC_007605.gtf	passthrough	1	1	2420	2420	0	yes
EPSTEIN_HHV4_LMP-2A	Epstein_Barr_virus_NC_007605.gtf	passthrough	1	1	2008	2008	0	yes
EPSTEIN_HHV4_LMP-2B	Epstein_Barr_virus_NC_007605.gtf	passthrough	1	1	1744	1744	0	yes
EPSTEIN_HHV4_RPMS1	Epstein_Barr_virus_NC_007605.gtf	passthrough	40	40	4856	4856	0	yes
EPSTEIN_unassigned_gene_1	Epstein_Barr_virus_NC_007605.gtf	passthrough	1	1	167	167	0	yes
EPSTEIN_unassigned_gene_2	Epstein_Barr_virus_NC_007605.gtf	passthrough	1	1	173	173	0	yes
EURBATLYSSA_EBLV1_gp1	European_bat_lyssavirus_NC_009527.gtf	span	1	1	1427	1427	0	yes
EURBATLYSSA_EBLV1_gp2	European_bat_lyssavirus_NC_009527.gtf	span	1	1	989	989	0	yes
EURBATLYSSA_EBLV1_gp3	European_bat_lyssavirus_NC_009527.gtf	span	1	1	804	804	0	yes
EURBATLYSSA_EBLV1_gp4	European_bat_lyssavirus_NC_009527.gtf	span	1	1	2108	2108	0	yes
EURBATLYSSA_EBLV1_gp5	European_bat_lyssavirus_NC_009527.gtf	span	1	1	6477	6477	0	yes
GB_HGV1gp1	GB_virus_C_Hepatitis_G_virus_NC_001710.gtf	span	1	1	8622	8622	0	yes
HE974370.1_C	HBV_genotype_A1_HE974370.gtf	passthrough	1	1	558	558	0	yes
HE974370.1_Pol	HBV_genotype_A1_HE974370.gtf	passthrough	1	1	2538	2538	0	yes
HE974370.1_S	HBV_genotype_A1_HE974370.gtf	passthrough	1	1	1203	1203	0	yes
HE974370.1_X	HBV_genotype_A1_HE974370.gtf	passthrough	1	1	465	465	0	yes
HE974366.1_C	HBV_genotype_F2_HE974366.gtf	passthrough	1	1	552	552	0	yes
HE974366.1_Pol	HBV_genotype_F2_HE974366.gtf	passthrough	1	1	2532	2532	0	yes
HE974366.1_S	HBV_genotype_F2_HE974366.gtf	passthrough	1	1	1203	1203	0	yes
HE974366.1_X	HBV_genotype_F2_HE974366.gtf	passthrough	1	1	465	465	0	yes
HANTAAN_HTNVsSgp1	Hantaan_virus_NC_005218.gtf	span	1	1	1290	1290	0	yes
HANTAAN_HTNVsMgp1	Hantaan_virus_NC_005219.gtf	span	1	1	3408	3408	0	yes
HANTAAN_HTNVsLgp1	Hantaan_virus_NC_005222.gtf	span	1	1	6456	6456	0	yes
HENDRA_Hvgp1	Hendra_virus_NC_001906.gtf	span	1	1	2224	2224	0	yes
HENDRA_Hvgp2	Hendra_virus_NC_001906.gtf	span	1	1	2698	2698	0	yes
HENDRA_Hvgp3	Hendra_virus_NC_001906.gtf	span	1	1	1359	1359	0	yes
HENDRA_Hvgp4	Hendra_virus_NC_001906.gtf	span	1	1	2331	2331	0	yes
HENDRA_Hvgp5	Hendra_virus_NC_001906.gtf	span	1	1	2564	2564	0	yes
HENDRA_Hvgp6	Hendra_virus_NC_001906.gtf	span	1	1	6955	6955	0	yes
HEP_A_HAVgp1	Hepatitis_A_virus_NC_001489.gtf	span	1	1	6681	6681	0	yes
HEP_A_HAVgp2	Hepatitis_A_virus_NC_001489.gtf	span	1	1	6675	6675	0	yes
HEP_B_HBVgp1	Hepatitis_B_virus_NC_003977.gtf	wrap_last_row+span	1	1	1625	1625	0	yes
HEP_B_HBVgp2	Hepatitis_B_virus_NC_003977.gtf	wrap_last_row+span	1	1	837	837	0	yes
HEP_B_HBVgp3	Hepatitis_B_virus_NC_003977.gtf	span	1	1	465	465	0	yes
HEP_B_HBVgp4	Hepatitis_B_virus_NC_003977.gtf	span	1	1	639	639	0	yes
HEP_B_unassigned_gene_1	Hepatitis_B_virus_NC_003977.gtf	passthrough	1	1	3182	3182	0	yes
AB540582.1_Large_S	Hepatitis_B_virus_genotype_B_AB540582.gtf	passthrough	1	1	1203	1203	0	yes
AB540582.1_P	Hepatitis_B_virus_genotype_B_AB540582.gtf	passthrough	1	1	2532	2532	0	yes
AB540582.1_PreC_C	Hepatitis_B_virus_genotype_B_AB540582.gtf	passthrough	1	1	639	639	0	yes
AB540582.1_X	Hepatitis_B_virus_genotype_B_AB540582.gtf	passthrough	1	1	465	465	0	yes
HEP_C_HCVgp1	Hepatitis_C_virus_NC_004102.gtf	span	1	1	9036	9036	0	yes
NC_009823.1_HCV2_gp1	Hepatitis_C_virus_genotype_2_NC_009823.gtf	passthrough	1	1	9102	9102	0	yes
NC_009823.1_HCV2_gp1_dup2	Hepatitis_C_virus_genotype_2_NC_009823.gtf	passthrough	1	1	378	378	0	yes
NC_009824.1_HCV3_gp1	Hepatitis_C_virus_genotype_3_NC_009824.gtf	passthrough	1	1	9066	9066	0	yes
NC_009824.1_HCV3_gp1_dup2	Hepatitis_C_virus_genotype_3_NC_009824.gtf	passthrough	1	1	378	378	0	yes
NC_009825.1_HCV4_gp1	Hepatitis_C_virus_genotype_4_NC_009825.gtf	passthrough	1	1	9027	9027	0	yes
NC_009825.1_HCV4_gp1_dup2	Hepatitis_C_virus_genotype_4_NC_009825.gtf	passthrough	1	1	378	378	0	yes
NC_009826.1_HCV5_gp1	Hepatitis_C_virus_genotype_5_NC_009826.gtf	passthrough	1	1	9045	9045	0	yes
NC_009826.1_HCV5_gp1_dup2	Hepatitis_C_virus_genotype_5_NC_009826.gtf	passthrough	1	1	378	378	0	yes
NC_009827.1_HCV6_gp1	Hepatitis_C_virus_genotype_6_NC_009827.gtf	passthrough	1	1	9060	9060	0	yes
NC_009827.1_HCV6_gp1_dup2	Hepatitis_C_virus_genotype_6_NC_009827.gtf	passthrough	1	1	378	378	0	yes
NC_030791.1_BFX91_gp1	Hepatitis_C_virus_genotype_7_NC_030791.gtf	passthrough	1	1	9042	9042	0	yes
NC_030791.1_BFX91_gp1_dup2	Hepatitis_C_virus_genotype_7_NC_030791.gtf	passthrough	1	1	366	366	0	yes
HEP_E_HEVgp01	Hepatitis_E_virus_NC_001434.gtf	span	1	1	5082	5082	0	yes
HEP_E_HEVgp10	Hepatitis_E_virus_NC_001434.gtf	span	1	1	1983	1983	0	yes
HEP_E_HEVgp9	Hepatitis_E_virus_NC_001434.gtf	span	1	1	345	345	0	yes
NC_038504.1_D1R26_gp1	Hepatitis_E_virus_rat_R63_DEU_2009_NC_038504.gtf	passthrough	1	1	4911	4911	0	yes
NC_038504.1_D1R26_gp2	Hepatitis_E_virus_rat_R63_DEU_2009_NC_038504.gtf	passthrough	1	1	552	552	0	yes
NC_038504.1_D1R26_gp3	Hepatitis_E_virus_rat_R63_DEU_2009_NC_038504.gtf	passthrough	1	1	618	618	0	yes
NC_038504.1_D1R26_gp4	Hepatitis_E_virus_rat_R63_DEU_2009_NC_038504.gtf	passthrough	1	1	309	309	0	yes
NC_038504.1_D1R26_gp5	Hepatitis_E_virus_rat_R63_DEU_2009_NC_038504.gtf	passthrough	1	1	1935	1935	0	yes
NC_038504.1_D1R26_gp6	Hepatitis_E_virus_rat_R63_DEU_2009_NC_038504.gtf	passthrough	1	1	276	276	0	yes
AB593690.1_BAL04585.1	Hepatitis_E_virus_type_3_AB593690.gtf	passthrough	1	1	5112	5112	0	yes
AB593690.1_BAL04586.1	Hepatitis_E_virus_type_3_AB593690.gtf	passthrough	1	1	342	342	0	yes
AB593690.1_BAL04587.1	Hepatitis_E_virus_type_3_AB593690.gtf	passthrough	1	1	1983	1983	0	yes
LC646471.1_ORF1	Hepatitis_E_virus_type_4_LC646471.gtf	passthrough	1	1	5109	5109	0	yes
LC646471.1_ORF2	Hepatitis_E_virus_type_4_LC646471.gtf	passthrough	1	1	1983	1983	0	yes
LC646471.1_ORF3	Hepatitis_E_virus_type_4_LC646471.gtf	passthrough	1	1	345	345	0	yes
L22063.1_AAB02595.1	Hepatitis_delta_virus_L22063.gtf	passthrough	1	1	645	645	0	yes
L22063.1_AAB02596.1	Hepatitis_delta_virus_L22063.gtf	passthrough	1	1	585	585	0	yes
L22063.1_antigenomic_RNA_autocleavage_ligation_site	Hepatitis_delta_virus_L22063.gtf	passthrough	1	1	2	2	0	yes
L22063.1_genomic_RNA_autocleavage_ligation_site	Hepatitis_delta_virus_L22063.gtf	passthrough	1	1	2	2	0	yes
HEP_DELTA_HDvgp1	Hepatitis_delta_virus_NC_001653.gtf	span	1	1	645	645	0	yes
HEP_DELTA_HDvgp2	Hepatitis_delta_virus_NC_001653.gtf	span	1	1	588	588	0	yes
HUM_SARS_sars2	Human_SARS_coronavirus_NC_004718.gtf	span	1	1	3768	3768	0	yes
HUM_SARS_sars3a	Human_SARS_coronavirus_NC_004718.gtf	span	1	1	825	825	0	yes
HUM_SARS_sars3b	Human_SARS_coronavirus_NC_004718.gtf	span	1	1	465	465	0	yes
HUM_SARS_sars4	Human_SARS_coronavirus_NC_004718.gtf	span	1	1	231	231	0	yes
HUM_SARS_sars5	Human_SARS_coronavirus_NC_004718.gtf	span	1	1	666	666	0	yes
HUM_SARS_sars6	Human_SARS_coronavirus_NC_004718.gtf	span	1	1	353	353	0	yes
HUM_SARS_sars7a	Human_SARS_coronavirus_NC_004718.gtf	span	1	1	369	369	0	yes
HUM_SARS_sars7b	Human_SARS_coronavirus_NC_004718.gtf	span	1	1	135	135	0	yes
HUM_SARS_sars8a	Human_SARS_coronavirus_NC_004718.gtf	span	1	1	120	120	0	yes
HUM_SARS_sars8b	Human_SARS_coronavirus_NC_004718.gtf	span	1	1	255	255	0	yes
HUM_SARS_sars9a	Human_SARS_coronavirus_NC_004718.gtf	span	1	1	1269	1269	0	yes
HUM_SARS_sars9b	Human_SARS_coronavirus_NC_004718.gtf	span	1	1	297	297	0	yes
HUM_SARS_sarsp1	Human_SARS_coronavirus_NC_004718.gtf	span	1	1	21221	21221	0	yes
HTLV1_HTLV1gp3	Human_T-cell_leukemia_virus_type_1_NC_001436.gtf	passthrough	1	1	1290	1290	0	yes
HTLV1_HTLV1gp6	Human_T-cell_leukemia_virus_type_1_NC_001436.gtf	passthrough	1	1	1119	1119	0	yes
HTLV1_HTLV1gp7	Human_T-cell_leukemia_virus_type_1_NC_001436.gtf	passthrough	1	1	1062	1062	0	yes
HTLV1_HTLV1gp8	Human_T-cell_leukemia_virus_type_1_NC_001436.gtf	passthrough	1	1	1467	1467	0	yes
HTLV1_gag-pro	Human_T-cell_leukemia_virus_type_1_NC_001436.gtf	passthrough	1	1	1955	1955	0	yes
HTLV1_gag-pro-pol	Human_T-cell_leukemia_virus_type_1_NC_001436.gtf	passthrough	1	1	4387	4387	0	yes
HTLV2_HTLV2gp2	Human_T-lymphotropic_virus_2_NC_001488.gtf	passthrough	1	1	1302	1302	0	yes
HTLV2_HTLV2gp4	Human_T-lymphotropic_virus_2_NC_001488.gtf	passthrough	1	1	513	513	0	yes
HTLV2_HTLV2gp5	Human_T-lymphotropic_virus_2_NC_001488.gtf	passthrough	1	1	996	996	0	yes
HTLV2_HTLV2gp6	Human_T-lymphotropic_virus_2_NC_001488.gtf	passthrough	1	1	1461	1461	0	yes
HTLV2_HTLV2gs1	Human_T-lymphotropic_virus_2_NC_001488.gtf	passthrough	1	1	2949	2949	0	yes
HUM_ADENO_HAdVC_gp01	Human_adenovirus_NC_001405.gtf	span	1	1	1164	1164	0	yes
HUM_ADENO_HAdVC_gp02	Human_adenovirus_NC_001405.gtf	span	1	1	2393	2393	0	yes
HUM_ADENO_HAdVC_gp03	Human_adenovirus_NC_001405.gtf	span	1	1	517	517	0	yes
HUM_ADENO_HAdVC_gp04	Human_adenovirus_NC_001405.gtf	span	1	1	23072	23072	0	yes
HUM_ADENO_HAdVC_gp05	Human_adenovirus_NC_001405.gtf	spliced	1	1	1777	1499	278	no
HUM_ADENO_HAdVC_gp06	Human_adenovirus_NC_001405.gtf	span	1	1	26791	26791	0	yes
HUM_ADENO_HAdVC_gp07	Human_adenovirus_NC_001405.gtf	span	1	1	22216	22216	0	yes
HUM_ADENO_HAdVC_gp08	Human_adenovirus_NC_001405.gtf	span	1	1	16436	16436	0	yes
HUM_ADENO_HAdVC_gp09	Human_adenovirus_NC_001405.gtf	span	1	1	11962	11962	0	yes
HUM_ADENO_HAdVC_gp10	Human_adenovirus_NC_001405.gtf	span	1	1	8106	8106	0	yes
HUM_ADENO_HAdVC_gp11	Human_adenovirus_NC_001405.gtf	span	1	1	4702	4702	0	yes
HUM_ADENO_HAdVC_gp12	Human_adenovirus_NC_001405.gtf	span	1	1	3566	3566	0	yes
HUM_ADENO_HAdVC_gp13	Human_adenovirus_NC_001405.gtf	span	1	1	3285	3285	0	yes
HUM_ADENO_HAdVC_gp14	Human_adenovirus_NC_001405.gtf	span	1	1	2225	2225	0	yes
HUM_ADENO_HAdVC_gp15	Human_adenovirus_NC_001405.gtf	span	1	1	164	164	0	yes
HUM_ADENO_HAdVC_gp16	Human_adenovirus_NC_001405.gtf	span	1	1	2840	2840	0	yes
HUM_ADENO_HAdVC_gs01	Human_adenovirus_NC_001405.gtf	passthrough	1	1	157	157	0	yes
HUM_ADENO_HAdVC_gs02	Human_adenovirus_NC_001405.gtf	passthrough	1	1	158	158	0	yes
HUM_ASTRO_HAstVgp1	Human_astrovirus_NC_001943.gtf	span	1	1	4295	4295	0	yes
HUM_ASTRO_HAstVgp2	Human_astrovirus_NC_001943.gtf	span	1	1	2361	2361	0	yes
HKU1_HCHV1gp1	Human_coronavirus_HKU1_NC_006577.gtf	passthrough	2	2	34964	34964	0	yes
HKU1_HCHV1gp2	Human_coronavirus_HKU1_NC_006577.gtf	passthrough	1	1	1161	1161	0	yes
HKU1_HCHV1gp3	Human_coronavirus_HKU1_NC_006577.gtf	passthrough	1	1	4071	4071	0	yes
HKU1_HCHV1gp4	Human_coronavirus_HKU1_NC_006577.gtf	passthrough	1	1	330	330	0	yes
HKU1_HCHV1gp5	Human_coronavirus_HKU1_NC_006577.gtf	passthrough	1	1	249	249	0	yes
HKU1_HCHV1gp6	Human_coronavirus_HKU1_NC_006577.gtf	passthrough	1	1	672	672	0	yes
HKU1_HCHV1gp7	Human_coronavirus_HKU1_NC_006577.gtf	passthrough	1	1	1326	1326	0	yes
HKU1_HCHV1gp8	Human_coronavirus_HKU1_NC_006577.gtf	passthrough	1	1	618	618	0	yes
HUM_COR_HCoV229Egp1	Human_coronavirus_NC_002645.gtf	span	1	1	20276	20276	0	yes
HUM_COR_HCoV229Egp2	Human_coronavirus_NC_002645.gtf	span	1	1	3522	3522	0	yes
HUM_COR_HCoV229Egp3	Human_coronavirus_NC_002645.gtf	span	1	1	402	402	0	yes
HUM_COR_HCoV229Egp4	Human_coronavirus_NC_002645.gtf	span	1	1	267	267	0	yes
HUM_COR_HCoV229Egp5	Human_coronavirus_NC_002645.gtf	span	1	1	234	234	0	yes
HUM_COR_HCoV229Egp6	Human_coronavirus_NC_002645.gtf	span	1	1	678	678	0	yes
HUM_COR_HCoV229Egp7	Human_coronavirus_NC_002645.gtf	span	1	1	1170	1170	0	yes
NL63_HCNV63gp1	Human_coronavirus_NL63_NC_005831.gtf	passthrough	2	2	32372	32372	0	yes
NL63_HCNV63gp2	Human_coronavirus_NL63_NC_005831.gtf	passthrough	1	1	4071	4071	0	yes
NL63_HCNV63gp3	Human_coronavirus_NL63_NC_005831.gtf	passthrough	1	1	678	678	0	yes
NL63_HCNV63gp4	Human_coronavirus_NL63_NC_005831.gtf	passthrough	1	1	234	234	0	yes
NL63_HCNV63gp5	Human_coronavirus_NL63_NC_005831.gtf	passthrough	1	1	681	681	0	yes
NL63_HCNV63gp6	Human_coronavirus_NL63_NC_005831.gtf	passthrough	1	1	1134	1134	0	yes
OC43_EYW02_gp1	Human_coronavirus_OC43_NC_006213.gtf	passthrough	2	2	34439	34439	0	yes
OC43_EYW02_gp2	Human_coronavirus_OC43_NC_006213.gtf	passthrough	1	1	837	837	0	yes
OC43_EYW02_gp3	Human_coronavirus_OC43_NC_006213.gtf	passthrough	1	1	1275	1275	0	yes
OC43_EYW02_gp4	Human_coronavirus_OC43_NC_006213.gtf	passthrough	1	1	4062	4062	0	yes
OC43_EYW02_gp5	Human_coronavirus_OC43_NC_006213.gtf	passthrough	1	1	330	330	0	yes
OC43_EYW02_gp7	Human_coronavirus_OC43_NC_006213.gtf	passthrough	1	1	693	693	0	yes
OC43_EYW02_gp8	Human_coronavirus_OC43_NC_006213.gtf	passthrough	2	2	1530	1530	0	yes
OC43_YP_009555243.1	Human_coronavirus_OC43_NC_006213.gtf	passthrough	1	1	255	255	0	yes
HUM_CYTO_HHV5wtgp001	Human_cytomegalovirus_NC_006273.gtf	passthrough	1	1	1031	1031	0	yes
HUM_CYTO_HHV5wtgp002	Human_cytomegalovirus_NC_006273.gtf	passthrough	1	1	3331	3331	0	yes
HUM_CYTO_HHV5wtgp003	Human_cytomegalovirus_NC_006273.gtf	passthrough	1	1	515	515	0	yes
HUM_CYTO_HHV5wtgp004	Human_cytomegalovirus_NC_006273.gtf	span	1	1	513	513	0	yes
HUM_CYTO_HHV5wtgp005	Human_cytomegalovirus_NC_006273.gtf	span	1	1	705	705	0	yes
HUM_CYTO_HHV5wtgp006	Human_cytomegalovirus_NC_006273.gtf	span	1	1	1245	1245	0	yes
HUM_CYTO_HHV5wtgp007	Human_cytomegalovirus_NC_006273.gtf	span	1	1	882	882	0	yes
HUM_CYTO_HHV5wtgp008	Human_cytomegalovirus_NC_006273.gtf	span	1	1	657	657	0	yes
HUM_CYTO_HHV5wtgp009	Human_cytomegalovirus_NC_006273.gtf	span	1	1	180	180	0	yes
HUM_CYTO_HHV5wtgp010	Human_cytomegalovirus_NC_006273.gtf	span	1	1	450	450	0	yes
HUM_CYTO_HHV5wtgp011	Human_cytomegalovirus_NC_006273.gtf	span	1	1	501	501	0	yes
HUM_CYTO_HHV5wtgp012	Human_cytomegalovirus_NC_006273.gtf	span	1	1	843	843	0	yes
HUM_CYTO_HHV5wtgp013	Human_cytomegalovirus_NC_006273.gtf	span	1	1	669	669	0	yes
HUM_CYTO_HHV5wtgp014	Human_cytomegalovirus_NC_006273.gtf	spliced	1	1	1077	975	102	no
HUM_CYTO_HHV5wtgp015	Human_cytomegalovirus_NC_006273.gtf	span	1	1	702	702	0	yes
HUM_CYTO_HHV5wtgp016	Human_cytomegalovirus_NC_006273.gtf	span	1	1	765	765	0	yes
HUM_CYTO_HHV5wtgp017	Human_cytomegalovirus_NC_006273.gtf	span	1	1	819	819	0	yes
HUM_CYTO_HHV5wtgp018	Human_cytomegalovirus_NC_006273.gtf	span	1	1	1422	1422	0	yes
HUM_CYTO_HHV5wtgp019	Human_cytomegalovirus_NC_006273.gtf	span	1	1	984	984	0	yes
HUM_CYTO_HHV5wtgp020	Human_cytomegalovirus_NC_006273.gtf	span	1	1	309	309	0	yes
HUM_CYTO_HHV5wtgp021	Human_cytomegalovirus_NC_006273.gtf	span	1	1	693	693	0	yes
HUM_CYTO_HHV5wtgp022	Human_cytomegalovirus_NC_006273.gtf	span	1	1	315	315	0	yes
HUM_CYTO_HHV5wtgp023	Human_cytomegalovirus_NC_006273.gtf	span	1	1	1107	1107	0	yes
HUM_CYTO_HHV5wtgp024	Human_cytomegalovirus_NC_006273.gtf	span	1	1	297	297	0	yes
HUM_CYTO_HHV5wtgp025	Human_cytomegalovirus_NC_006273.gtf	span	1	1	1017	1017	0	yes
HUM_CYTO_HHV5wtgp026	Human_cytomegalovirus_NC_006273.gtf	span	1	1	372	372	0	yes
HUM_CYTO_HHV5wtgp027	Human_cytomegalovirus_NC_006273.gtf	spliced	1	1	401	318	83	no
HUM_CYTO_HHV5wtgp028	Human_cytomegalovirus_NC_006273.gtf	span	1	1	855	855	0	yes
HUM_CYTO_HHV5wtgp029	Human_cytomegalovirus_NC_006273.gtf	span	1	1	1077	1077	0	yes
HUM_CYTO_HHV5wtgp030	Human_cytomegalovirus_NC_006273.gtf	span	1	1	1971	1971	0	yes
HUM_CYTO_HHV5wtgp031	Human_cytomegalovirus_NC_006273.gtf	span	1	1	567	567	0	yes
HUM_CYTO_HHV5wtgp032	Human_cytomegalovirus_NC_006273.gtf	span	1	1	1827	1827	0	yes
HUM_CYTO_HHV5wtgp034	Human_cytomegalovirus_NC_006273.gtf	spliced	1	1	2249	2103	146	no
HUM_CYTO_HHV5wtgp035	Human_cytomegalovirus_NC_006273.gtf	span	1	1	366	366	0	yes
HUM_CYTO_HHV5wtgp035a	Human_cytomegalovirus_NC_006273.gtf	passthrough	1	1	570	570	0	yes
HUM_CYTO_HHV5wtgp036	Human_cytomegalovirus_NC_006273.gtf	span	1	1	1788	1788	0	yes
HUM_CYTO_HHV5wtgp037	Human_cytomegalovirus_NC_006273.gtf	span	1	1	3150	3150	0	yes
HUM_CYTO_HHV5wtgp038	Human_cytomegalovirus_NC_006273.gtf	spliced	1	1	1359	1239	120	no
HUM_CYTO_HHV5wtgp039	Human_cytomegalovirus_NC_006273.gtf	span	1	1	1224	1224	0	yes
HUM_CYTO_HHV5wtgp040	Human_cytomegalovirus_NC_006273.gtf	span	1	1	1926	1926	0	yes
HUM_CYTO_HHV5wtgp041	Human_cytomegalovirus_NC_006273.gtf	passthrough	2	2	44	44	0	yes
HUM_CYTO_HHV5wtgp042	Human_cytomegalovirus_NC_006273.gtf	spliced	1	1	2799	1467	1332	no
HUM_CYTO_HHV5wtgp043	Human_cytomegalovirus_NC_006273.gtf	span	1	1	996	996	0	yes
HUM_CYTO_HHV5wtgp044	Human_cytomegalovirus_NC_006273.gtf	passthrough	2	2	1526	1526	0	yes
HUM_CYTO_HHV5wtgp045	Human_cytomegalovirus_NC_006273.gtf	passthrough	1	1	1311	1311	0	yes
HUM_CYTO_HHV5wtgp046	Human_cytomegalovirus_NC_006273.gtf	span	1	1	378	378	0	yes
HUM_CYTO_HHV5wtgp047	Human_cytomegalovirus_NC_006273.gtf	span	1	1	1272	1272	0	yes
HUM_CYTO_HHV5wtgp048	Human_cytomegalovirus_NC_006273.gtf	span	1	1	1302	1302	0	yes
HUM_CYTO_HHV5wtgp049	Human_cytomegalovirus_NC_006273.gtf	span	1	1	2721	2721	0	yes
HUM_CYTO_HHV5wtgp050	Human_cytomegalovirus_NC_006273.gtf	span	1	1	873	873	0	yes
HUM_CYTO_HHV5wtgp051	Human_cytomegalovirus_NC_006273.gtf	span	1	1	2952	2952	0	yes
HUM_CYTO_HHV5wtgp052	Human_cytomegalovirus_NC_006273.gtf	span	1	1	6726	6726	0	yes
HUM_CYTO_HHV5wtgp053	Human_cytomegalovirus_NC_006273.gtf	passthrough	1	1	1345	1345	0	yes
HUM_CYTO_HHV5wtgp054	Human_cytomegalovirus_NC_006273.gtf	span	1	1	1713	1713	0	yes
HUM_CYTO_HHV5wtgp055	Human_cytomegalovirus_NC_006273.gtf	span	1	1	1197	1197	0	yes
HUM_CYTO_HHV5wtgp056	Human_cytomegalovirus_NC_006273.gtf	span	1	1	474	474	0	yes
HUM_CYTO_HHV5wtgp057	Human_cytomegalovirus_NC_006273.gtf	span	1	1	2007	2007	0	yes
HUM_CYTO_HHV5wtgp058	Human_cytomegalovirus_NC_006273.gtf	span	1	1	2252	2252	0	yes
HUM_CYTO_HHV5wtgp059	Human_cytomegalovirus_NC_006273.gtf	span	1	1	3729	3729	0	yes
HUM_CYTO_HHV5wtgp060	Human_cytomegalovirus_NC_006273.gtf	span	1	1	2724	2724	0	yes
HUM_CYTO_HHV5wtgp061	Human_cytomegalovirus_NC_006273.gtf	span	1	1	2553	2553	0	yes
HUM_CYTO_HHV5wtgp062	Human_cytomegalovirus_NC_006273.gtf	span	1	1	3708	3708	0	yes
HUM_CYTO_HHV5wtgp063	Human_cytomegalovirus_NC_006273.gtf	span	1	1	2229	2229	0	yes
HUM_CYTO_HHV5wtgp064	Human_cytomegalovirus_NC_006273.gtf	span	1	1	2841	2841	0	yes
HUM_CYTO_HHV5wtgp065	Human_cytomegalovirus_NC_006273.gtf	span	1	1	1086	1086	0	yes
HUM_CYTO_HHV5wtgp066	Human_cytomegalovirus_NC_006273.gtf	span	1	1	1167	1167	0	yes
HUM_CYTO_HHV5wtgp067	Human_cytomegalovirus_NC_006273.gtf	passthrough	2	2	1497	1497	0	yes
HUM_CYTO_HHV5wtgp068	Human_cytomegalovirus_NC_006273.gtf	span	1	1	1419	1419	0	yes
HUM_CYTO_HHV5wtgp069	Human_cytomegalovirus_NC_006273.gtf	span	1	1	2229	2229	0	yes
HUM_CYTO_HHV5wtgp070	Human_cytomegalovirus_NC_006273.gtf	span	1	1	978	978	0	yes
HUM_CYTO_HHV5wtgp071	Human_cytomegalovirus_NC_006273.gtf	span	1	1	1911	1911	0	yes
HUM_CYTO_HHV5wtgp072	Human_cytomegalovirus_NC_006273.gtf	span	1	1	1296	1296	0	yes
HUM_CYTO_HHV5wtgp073	Human_cytomegalovirus_NC_006273.gtf	span	1	1	888	888	0	yes
HUM_CYTO_HHV5wtgp074	Human_cytomegalovirus_NC_006273.gtf	span	1	1	2127	2127	0	yes
HUM_CYTO_HHV5wtgp075	Human_cytomegalovirus_NC_006273.gtf	span	1	1	1122	1122	0	yes
HUM_CYTO_HHV5wtgp076	Human_cytomegalovirus_NC_006273.gtf	span	1	1	1680	1680	0	yes
HUM_CYTO_HHV5wtgp077	Human_cytomegalovirus_NC_006273.gtf	span	1	1	1686	1686	0	yes
HUM_CYTO_HHV5wtgp078	Human_cytomegalovirus_NC_006273.gtf	span	1	1	1764	1764	0	yes
HUM_CYTO_HHV5wtgp079	Human_cytomegalovirus_NC_006273.gtf	span	1	1	921	921	0	yes
HUM_CYTO_HHV5wtgp080	Human_cytomegalovirus_NC_006273.gtf	span	1	1	4113	4113	0	yes
HUM_CYTO_HHV5wtgp081	Human_cytomegalovirus_NC_006273.gtf	span	1	1	2826	2826	0	yes
HUM_CYTO_HHV5wtgp082	Human_cytomegalovirus_NC_006273.gtf	span	1	1	1290	1290	0	yes
HUM_CYTO_HHV5wtgp083	Human_cytomegalovirus_NC_006273.gtf	spliced	1	1	5928	2025	3903	no
HUM_CYTO_HHV5wtgp084	Human_cytomegalovirus_NC_006273.gtf	span	1	1	336	336	0	yes
HUM_CYTO_HHV5wtgp085	Human_cytomegalovirus_NC_006273.gtf	span	1	1	606	606	0	yes
HUM_CYTO_HHV5wtgp086	Human_cytomegalovirus_NC_006273.gtf	span	1	1	1785	1785	0	yes
HUM_CYTO_HHV5wtgp087	Human_cytomegalovirus_NC_006273.gtf	span	1	1	1038	1038	0	yes
HUM_CYTO_HHV5wtgp088	Human_cytomegalovirus_NC_006273.gtf	span	1	1	1602	1602	0	yes
HUM_CYTO_HHV5wtgp089	Human_cytomegalovirus_NC_006273.gtf	span	1	1	384	384	0	yes
HUM_CYTO_HHV5wtgp090	Human_cytomegalovirus_NC_006273.gtf	span	1	1	2124	2124	0	yes
HUM_CYTO_HHV5wtgp091	Human_cytomegalovirus_NC_006273.gtf	span	1	1	1755	1755	0	yes
HUM_CYTO_HHV5wtgp092	Human_cytomegalovirus_NC_006273.gtf	span	1	1	573	573	0	yes
HUM_CYTO_HHV5wtgp093	Human_cytomegalovirus_NC_006273.gtf	span	1	1	1116	1116	0	yes
HUM_CYTO_HHV5wtgp094	Human_cytomegalovirus_NC_006273.gtf	span	1	1	2622	2622	0	yes
HUM_CYTO_HHV5wtgp095	Human_cytomegalovirus_NC_006273.gtf	span	1	1	750	750	0	yes
HUM_CYTO_HHV5wtgp096	Human_cytomegalovirus_NC_006273.gtf	span	1	1	2094	2094	0	yes
HUM_CYTO_HHV5wtgp097	Human_cytomegalovirus_NC_006273.gtf	span	1	1	2871	2871	0	yes
HUM_CYTO_HHV5wtgp098	Human_cytomegalovirus_NC_006273.gtf	spliced	1	2	690	1221	-531	no
HUM_CYTO_HHV5wtgp099	Human_cytomegalovirus_NC_006273.gtf	spliced	1	1	2212	2055	157	no
HUM_CYTO_HHV5wtgp100	Human_cytomegalovirus_NC_006273.gtf	span	1	1	753	753	0	yes
HUM_CYTO_HHV5wtgp101	Human_cytomegalovirus_NC_006273.gtf	span	1	1	837	837	0	yes
HUM_CYTO_HHV5wtgp102	Human_cytomegalovirus_NC_006273.gtf	span	1	1	942	942	0	yes
HUM_CYTO_HHV5wtgp103	Human_cytomegalovirus_NC_006273.gtf	span	1	1	1278	1278	0	yes
HUM_CYTO_HHV5wtgp104	Human_cytomegalovirus_NC_006273.gtf	spliced	1	1	1126	1038	88	no
HUM_CYTO_HHV5wtgp105	Human_cytomegalovirus_NC_006273.gtf	span	1	1	606	606	0	yes
HUM_CYTO_HHV5wtgp106	Human_cytomegalovirus_NC_006273.gtf	span	1	1	543	543	0	yes
HUM_CYTO_HHV5wtgp107	Human_cytomegalovirus_NC_006273.gtf	spliced	1	1	3402	1743	1659	no
HUM_CYTO_HHV5wtgp108	Human_cytomegalovirus_NC_006273.gtf	spliced	1	1	1762	1476	286	no
HUM_CYTO_HHV5wtgp109	Human_cytomegalovirus_NC_006273.gtf	passthrough	1	1	707	707	0	yes
HUM_CYTO_HHV5wtgp111	Human_cytomegalovirus_NC_006273.gtf	span	1	1	645	645	0	yes
HUM_CYTO_HHV5wtgp112	Human_cytomegalovirus_NC_006273.gtf	spliced	1	1	498	390	108	no
HUM_CYTO_HHV5wtgp113	Human_cytomegalovirus_NC_006273.gtf	span	1	1	813	813	0	yes
HUM_CYTO_HHV5wtgp114	Human_cytomegalovirus_NC_006273.gtf	span	1	1	951	951	0	yes
HUM_CYTO_HHV5wtgp115	Human_cytomegalovirus_NC_006273.gtf	span	1	1	228	228	0	yes
HUM_CYTO_HHV5wtgp116	Human_cytomegalovirus_NC_006273.gtf	span	1	1	480	480	0	yes
HUM_CYTO_HHV5wtgp117	Human_cytomegalovirus_NC_006273.gtf	span	1	1	363	363	0	yes
HUM_CYTO_HHV5wtgp118	Human_cytomegalovirus_NC_006273.gtf	span	1	1	393	393	0	yes
HUM_CYTO_HHV5wtgp119	Human_cytomegalovirus_NC_006273.gtf	span	1	1	531	531	0	yes
HUM_CYTO_HHV5wtgp120	Human_cytomegalovirus_NC_006273.gtf	span	1	1	918	918	0	yes
HUM_CYTO_HHV5wtgp121	Human_cytomegalovirus_NC_006273.gtf	span	1	1	1017	1017	0	yes
HUM_CYTO_HHV5wtgp122	Human_cytomegalovirus_NC_006273.gtf	span	1	1	576	576	0	yes
HUM_CYTO_HHV5wtgp123	Human_cytomegalovirus_NC_006273.gtf	span	1	1	417	417	0	yes
HUM_CYTO_HHV5wtgp124	Human_cytomegalovirus_NC_006273.gtf	span	1	1	510	510	0	yes
HUM_CYTO_HHV5wtgp125	Human_cytomegalovirus_NC_006273.gtf	span	1	1	723	723	0	yes
HUM_CYTO_HHV5wtgp126	Human_cytomegalovirus_NC_006273.gtf	span	1	1	927	927	0	yes
HUM_CYTO_HHV5wtgp127	Human_cytomegalovirus_NC_006273.gtf	span	1	1	774	774	0	yes
HUM_CYTO_HHV5wtgp128	Human_cytomegalovirus_NC_006273.gtf	span	1	1	243	243	0	yes
HUM_CYTO_HHV5wtgp129	Human_cytomegalovirus_NC_006273.gtf	span	1	1	243	243	0	yes
HUM_CYTO_HHV5wtgp130	Human_cytomegalovirus_NC_006273.gtf	span	1	1	234	234	0	yes
HUM_CYTO_HHV5wtgp131	Human_cytomegalovirus_NC_006273.gtf	passthrough	2	2	1510	1510	0	yes
HUM_CYTO_HHV5wtgp132	Human_cytomegalovirus_NC_006273.gtf	span	1	1	1920	1920	0	yes
HUM_CYTO_HHV5wtgp133	Human_cytomegalovirus_NC_006273.gtf	span	1	1	2544	2544	0	yes
HUM_CYTO_HHV5wtgp134	Human_cytomegalovirus_NC_006273.gtf	span	1	1	471	471	0	yes
HUM_CYTO_HHV5wtgp135	Human_cytomegalovirus_NC_006273.gtf	span	1	1	600	600	0	yes
HUM_CYTO_HHV5wtgp136	Human_cytomegalovirus_NC_006273.gtf	span	1	1	561	561	0	yes
HUM_CYTO_HHV5wtgp137	Human_cytomegalovirus_NC_006273.gtf	span	1	1	549	549	0	yes
HUM_CYTO_HHV5wtgp138	Human_cytomegalovirus_NC_006273.gtf	span	1	1	678	678	0	yes
HUM_CYTO_HHV5wtgp139	Human_cytomegalovirus_NC_006273.gtf	span	1	1	684	684	0	yes
HUM_CYTO_HHV5wtgp140	Human_cytomegalovirus_NC_006273.gtf	span	1	1	744	744	0	yes
HUM_CYTO_HHV5wtgp141	Human_cytomegalovirus_NC_006273.gtf	span	1	1	558	558	0	yes
HUM_CYTO_HHV5wtgp142	Human_cytomegalovirus_NC_006273.gtf	span	1	1	648	648	0	yes
HUM_CYTO_HHV5wtgp143	Human_cytomegalovirus_NC_006273.gtf	span	1	1	846	846	0	yes
HUM_CYTO_HHV5wtgp144	Human_cytomegalovirus_NC_006273.gtf	span	1	1	786	786	0	yes
HUM_CYTO_HHV5wtgp145	Human_cytomegalovirus_NC_006273.gtf	span	1	1	933	933	0	yes
HUM_CYTO_HHV5wtgp146	Human_cytomegalovirus_NC_006273.gtf	span	1	1	789	789	0	yes
HUM_CYTO_HHV5wtgp147	Human_cytomegalovirus_NC_006273.gtf	span	1	1	930	930	0	yes
HUM_CYTO_HHV5wtgp148	Human_cytomegalovirus_NC_006273.gtf	span	1	1	882	882	0	yes
HUM_CYTO_HHV5wtgp149	Human_cytomegalovirus_NC_006273.gtf	span	1	1	825	825	0	yes
HUM_CYTO_HHV5wtgp150	Human_cytomegalovirus_NC_006273.gtf	span	1	1	723	723	0	yes
HUM_CYTO_HHV5wtgp151	Human_cytomegalovirus_NC_006273.gtf	span	1	1	765	765	0	yes
HUM_CYTO_HHV5wtgp152	Human_cytomegalovirus_NC_006273.gtf	span	1	1	732	732	0	yes
HUM_CYTO_HHV5wtgp153	Human_cytomegalovirus_NC_006273.gtf	span	1	1	1731	1731	0	yes
HUM_CYTO_HHV5wtgp154	Human_cytomegalovirus_NC_006273.gtf	span	1	1	1779	1779	0	yes
HUM_CYTO_HHV5wtgp155	Human_cytomegalovirus_NC_006273.gtf	span	1	1	1506	1506	0	yes
HUM_CYTO_HHV5wtgp156	Human_cytomegalovirus_NC_006273.gtf	span	1	1	1812	1812	0	yes
HUM_CYTO_HHV5wtgp157	Human_cytomegalovirus_NC_006273.gtf	passthrough	1	1	2623	2623	0	yes
HUM_CYTO_HHV5wtgp158	Human_cytomegalovirus_NC_006273.gtf	span	1	1	1095	1095	0	yes
HUM_CYTO_HHV5wtgp159	Human_cytomegalovirus_NC_006273.gtf	span	1	1	1389	1389	0	yes
HUM_CYTO_HHV5wtgp160	Human_cytomegalovirus_NC_006273.gtf	span	1	1	1050	1050	0	yes
HUM_CYTO_HHV5wtgp161	Human_cytomegalovirus_NC_006273.gtf	span	1	1	486	486	0	yes
HUM_CYTO_HHV5wtgp162	Human_cytomegalovirus_NC_006273.gtf	span	1	1	552	552	0	yes
HUM_CYTO_HHV5wtgp163	Human_cytomegalovirus_NC_006273.gtf	span	1	1	812	812	0	yes
HUM_CYTO_HHV5wtgp164	Human_cytomegalovirus_NC_006273.gtf	span	1	1	327	327	0	yes
HUM_CYTO_HHV5wtgp165	Human_cytomegalovirus_NC_006273.gtf	span	1	1	2367	2367	0	yes
HUM_CYTO_HHV5wtgp166	Human_cytomegalovirus_NC_006273.gtf	passthrough	1	1	2481	2481	0	yes
HUM_CYTO_HHV5wtgp167	Human_cytomegalovirus_NC_006273.gtf	passthrough	2	2	1182	1182	0	yes
HUM_CYTO_HHV5wtgp168	Human_cytomegalovirus_NC_006273.gtf	passthrough	1	1	1145	1145	0	yes
HUM_CYTO_HHV5wtgr001	Human_cytomegalovirus_NC_006273.gtf	passthrough	1	1	1023	1023	0	yes
HUM_CYTO_HHV5wtgr002	Human_cytomegalovirus_NC_006273.gtf	passthrough	2	2	3303	3303	0	yes
HUM_CYTO_HHV5wtgr003	Human_cytomegalovirus_NC_006273.gtf	passthrough	1	1	1568	1568	0	yes
HUM_CYTO_HHV5wtgr004	Human_cytomegalovirus_NC_006273.gtf	passthrough	1	1	4893	4893	0	yes
HUM_CYTO_HHV5wtgr005	Human_cytomegalovirus_NC_006273.gtf	passthrough	1	1	1426	1426	0	yes
HUM_CYTO_HHV5wtgr006	Human_cytomegalovirus_NC_006273.gtf	passthrough	1	1	1178	1178	0	yes
HUM_CYTO_unassigned_gene_1	Human_cytomegalovirus_NC_006273.gtf	passthrough	1	1	20	20	0	yes
HUM_CYTO_unassigned_gene_10	Human_cytomegalovirus_NC_006273.gtf	passthrough	1	1	21	21	0	yes
HUM_CYTO_unassigned_gene_11	Human_cytomegalovirus_NC_006273.gtf	passthrough	1	1	23	23	0	yes
HUM_CYTO_unassigned_gene_12	Human_cytomegalovirus_NC_006273.gtf	passthrough	1	1	22	22	0	yes
HUM_CYTO_unassigned_gene_13	Human_cytomegalovirus_NC_006273.gtf	passthrough	1	1	20	20	0	yes
HUM_CYTO_unassigned_gene_14	Human_cytomegalovirus_NC_006273.gtf	passthrough	1	1	22	22	0	yes
HUM_CYTO_unassigned_gene_2	Human_cytomegalovirus_NC_006273.gtf	passthrough	1	1	22	22	0	yes
HUM_CYTO_unassigned_gene_3	Human_cytomegalovirus_NC_006273.gtf	passthrough	1	1	21	21	0	yes
HUM_CYTO_unassigned_gene_4	Human_cytomegalovirus_NC_006273.gtf	passthrough	1	1	20	20	0	yes
HUM_CYTO_unassigned_gene_5	Human_cytomegalovirus_NC_006273.gtf	passthrough	1	1	22	22	0	yes
HUM_CYTO_unassigned_gene_6	Human_cytomegalovirus_NC_006273.gtf	passthrough	1	1	22	22	0	yes
HUM_CYTO_unassigned_gene_7	Human_cytomegalovirus_NC_006273.gtf	passthrough	1	1	21	21	0	yes
HUM_CYTO_unassigned_gene_8	Human_cytomegalovirus_NC_006273.gtf	passthrough	1	1	12	12	0	yes
HUM_CYTO_unassigned_gene_9	Human_cytomegalovirus_NC_006273.gtf	passthrough	1	1	22	22	0	yes
HUM_ENTERO_HEVDgp1	Human_enterovirus_68_70_NC_001430.gtf	span	1	1	6585	6585	0	yes
NC_004295.1_HeVV9gp1	Human_erythrovirus_V9_NC_004295.gtf	passthrough	1	1	2016	2016	0	yes
NC_004295.1_HeVV9gp2	Human_erythrovirus_V9_NC_004295.gtf	passthrough	1	1	225	225	0	yes
NC_004295.1_HeVV9gp3	Human_erythrovirus_V9_NC_004295.gtf	passthrough	1	1	2346	2346	0	yes
NC_004295.1_HeVV9gp4	Human_erythrovirus_V9_NC_004295.gtf	passthrough	1	1	246	246	0	yes
NC_004295.1_HeVV9gp5	Human_erythrovirus_V9_NC_004295.gtf	passthrough	1	1	1665	1665	0	yes
NC_004295.1_HeVV9gp6	Human_erythrovirus_V9_NC_004295.gtf	passthrough	1	1	312	312	0	yes
HUM_HERP6B_B1	Human_herpesvirus6B.gtf	repeat_copies+span	1	2	967	1934	-967	no
HUM_HERP6B_B2	Human_herpesvirus6B.gtf	repeat_copies+span	1	2	453	906	-453	no
HUM_HERP6B_B3	Human_herpesvirus6B.gtf	repeat_copies+span	1	2	180	360	-180	no
HUM_HERP6B_B4	Human_herpesvirus6B.gtf	span	1	1	582	582	0	yes
HUM_HERP6B_B5	Human_herpesvirus6B.gtf	span	1	1	447	447	0	yes
HUM_HERP6B_B6	Human_herpesvirus6B.gtf	span	1	1	2069	2069	0	yes
HUM_HERP6B_B7	Human_herpesvirus6B.gtf	span	1	1	372	372	0	yes
HUM_HERP6B_B8	Human_herpesvirus6B.gtf	span	1	1	798	798	0	yes
HUM_HERP6B_B9	Human_herpesvirus6B.gtf	span	1	1	328	328	0	yes
HUM_HERP6B_DR1	Human_herpesvirus6B.gtf	repeat_copies+spliced	1	2	3406	6586	-3180	no
HUM_HERP6B_DR3	Human_herpesvirus6B.gtf	repeat_copies+span	1	2	603	1206	-603	no
HUM_HERP6B_DR6	Human_herpesvirus6B.gtf	repeat_copies+spliced	1	2	2409	2822	-413	no
HUM_HERP6B_U10	Human_herpesvirus6B.gtf	span	1	1	1512	1512	0	yes
HUM_HERP6B_U100	Human_herpesvirus6B.gtf	spliced	1	1	3667	1857	1810	no
HUM_HERP6B_U11	Human_herpesvirus6B.gtf	span	1	1	2618	2618	0	yes
HUM_HERP6B_U12	Human_herpesvirus6B.gtf	spliced	1	1	1161	1084	77	no
HUM_HERP6B_U13	Human_herpesvirus6B.gtf	span	1	1	2318	2318	0	yes
HUM_HERP6B_U14	Human_herpesvirus6B.gtf	span	1	1	1897	1897	0	yes
HUM_HERP6B_U15	Human_herpesvirus6B.gtf	spliced	1	1	928	598	330	no
HUM_HERP6B_U17	Human_herpesvirus6B.gtf	spliced	1	1	1164	1077	87	no
HUM_HERP6B_U18	Human_herpesvirus6B.gtf	span	1	1	1046	1046	0	yes
HUM_HERP6B_U19	Human_herpesvirus6B.gtf	span	1	1	2481	2481	0	yes
HUM_HERP6B_U2	Human_herpesvirus6B.gtf	span	1	1	1201	1201	0	yes
HUM_HERP6B_U20	Human_herpesvirus6B.gtf	span	1	1	1354	1354	0	yes
HUM_HERP6B_U21	Human_herpesvirus6B.gtf	span	1	1	2859	2859	0	yes
HUM_HERP6B_U22	Human_herpesvirus6B.gtf	span	1	1	3364	3364	0	yes
HUM_HERP6B_U23	Human_herpesvirus6B.gtf	span	1	1	4291	4291	0	yes
HUM_HERP6B_U24	Human_herpesvirus6B.gtf	span	1	1	4682	4682	0	yes
HUM_HERP6B_U24A	Human_herpesvirus6B.gtf	span	1	1	4874	4874	0	yes
HUM_HERP6B_U25	Human_herpesvirus6B.gtf	span	1	1	5841	5841	0	yes
HUM_HERP6B_U26	Human_herpesvirus6B.gtf	span	1	1	929	929	0	yes
HUM_HERP6B_U27	Human_herpesvirus6B.gtf	span	1	1	2017	2017	0	yes
HUM_HERP6B_U28	Human_herpesvirus6B.gtf	span	1	1	2427	2427	0	yes
HUM_HERP6B_U29	Human_herpesvirus6B.gtf	span	1	1	3349	3349	0	yes
HUM_HERP6B_U3	Human_herpesvirus6B.gtf	span	1	1	2691	2691	0	yes
HUM_HERP6B_U30	Human_herpesvirus6B.gtf	span	1	1	9561	9561	0	yes
HUM_HERP6B_U31	Human_herpesvirus6B.gtf	span	1	1	6296	6296	0	yes
HUM_HERP6B_U32	Human_herpesvirus6B.gtf	span	1	1	307	307	0	yes
HUM_HERP6B_U33	Human_herpesvirus6B.gtf	span	1	1	1721	1721	0	yes
HUM_HERP6B_U34	Human_herpesvirus6B.gtf	span	1	1	2502	2502	0	yes
HUM_HERP6B_U35	Human_herpesvirus6B.gtf	span	1	1	2839	2839	0	yes
HUM_HERP6B_U36	Human_herpesvirus6B.gtf	span	1	1	2254	2254	0	yes
HUM_HERP6B_U37	Human_herpesvirus6B.gtf	span	1	1	796	796	0	yes
HUM_HERP6B_U38	Human_herpesvirus6B.gtf	span	1	1	3079	3079	0	yes
HUM_HERP6B_U39	Human_herpesvirus6B.gtf	span	1	1	5571	5571	0	yes
HUM_HERP6B_U4	Human_herpesvirus6B.gtf	span	1	1	4526	4526	0	yes
HUM_HERP6B_U40	Human_herpesvirus6B.gtf	span	1	1	7705	7705	0	yes
HUM_HERP6B_U41	Human_herpesvirus6B.gtf	span	1	1	11111	11111	0	yes
HUM_HERP6B_U42	Human_herpesvirus6B.gtf	span	1	1	1689	1689	0	yes
HUM_HERP6B_U43	Human_herpesvirus6B.gtf	span	1	1	4496	4496	0	yes
HUM_HERP6B_U44	Human_herpesvirus6B.gtf	span	1	1	2150	2150	0	yes
HUM_HERP6B_U45	Human_herpesvirus6B.gtf	span	1	1	1131	1131	0	yes
HUM_HERP6B_U46	Human_herpesvirus6B.gtf	span	1	1	305	305	0	yes
HUM_HERP6B_U47	Human_herpesvirus6B.gtf	span	1	1	2261	2261	0	yes
HUM_HERP6B_U48	Human_herpesvirus6B.gtf	span	1	1	2090	2090	0	yes
HUM_HERP6B_U49	Human_herpesvirus6B.gtf	span	1	1	3193	3193	0	yes
HUM_HERP6B_U50	Human_herpesvirus6B.gtf	span	1	1	2658	2658	0	yes
HUM_HERP6B_U51	Human_herpesvirus6B.gtf	span	1	1	906	906	0	yes
HUM_HERP6B_U52	Human_herpesvirus6B.gtf	span	1	1	778	778	0	yes
HUM_HERP6B_U53	Human_herpesvirus6B.gtf	span	1	1	1587	1587	0	yes
HUM_HERP6B_U54	Human_herpesvirus6B.gtf	span	1	1	1414	1414	0	yes
HUM_HERP6B_U55	Human_herpesvirus6B.gtf	span	1	1	2970	2970	0	yes
HUM_HERP6B_U56	Human_herpesvirus6B.gtf	span	1	1	3861	3861	0	yes
HUM_HERP6B_U57	Human_herpesvirus6B.gtf	span	1	1	7900	7900	0	yes
HUM_HERP6B_U58	Human_herpesvirus6B.gtf	span	1	1	3601	3601	0	yes
HUM_HERP6B_U59	Human_herpesvirus6B.gtf	span	1	1	1286	1286	0	yes
HUM_HERP6B_U6	Human_herpesvirus6B.gtf	span	1	1	207	207	0	yes
HUM_HERP6B_U62	Human_herpesvirus6B.gtf	span	1	1	3176	3176	0	yes
HUM_HERP6B_U63	Human_herpesvirus6B.gtf	span	1	1	2971	2971	0	yes
HUM_HERP6B_U64	Human_herpesvirus6B.gtf	span	1	1	2337	2337	0	yes
HUM_HERP6B_U65	Human_herpesvirus6B.gtf	span	1	1	1052	1052	0	yes
HUM_HERP6B_U66	Human_herpesvirus6B.gtf	spliced	1	1	6110	2903	3207	no
HUM_HERP6B_U67	Human_herpesvirus6B.gtf	span	1	1	4829	4829	0	yes
HUM_HERP6B_U68	Human_herpesvirus6B.gtf	span	1	1	3768	3768	0	yes
HUM_HERP6B_U69	Human_herpesvirus6B.gtf	span	1	1	1692	1692	0	yes
HUM_HERP6B_U7	Human_herpesvirus6B.gtf	spliced	1	1	2889	2800	89	no
HUM_HERP6B_U70	Human_herpesvirus6B.gtf	span	1	1	1722	1722	0	yes
HUM_HERP6B_U71	Human_herpesvirus6B.gtf	span	1	1	319	319	0	yes
HUM_HERP6B_U72	Human_herpesvirus6B.gtf	span	1	1	1085	1085	0	yes
HUM_HERP6B_U73	Human_herpesvirus6B.gtf	span	1	1	4366	4366	0	yes
HUM_HERP6B_U74	Human_herpesvirus6B.gtf	span	1	1	2055	2055	0	yes
HUM_HERP6B_U75	Human_herpesvirus6B.gtf	span	1	1	844	844	0	yes
HUM_HERP6B_U76	Human_herpesvirus6B.gtf	span	1	1	2741	2741	0	yes
HUM_HERP6B_U77	Human_herpesvirus6B.gtf	span	1	1	4793	4793	0	yes
HUM_HERP6B_U79	Human_herpesvirus6B.gtf	spliced	1	1	1722	1544	178	no
HUM_HERP6B_U8	Human_herpesvirus6B.gtf	span	1	1	4128	4128	0	yes
HUM_HERP6B_U81	Human_herpesvirus6B.gtf	span	1	1	809	809	0	yes
HUM_HERP6B_U82	Human_herpesvirus6B.gtf	span	1	1	1539	1539	0	yes
HUM_HERP6B_U83	Human_herpesvirus6B.gtf	span	1	1	482	482	0	yes
HUM_HERP6B_U84	Human_herpesvirus6B.gtf	span	1	1	1038	1038	0	yes
HUM_HERP6B_U85	Human_herpesvirus6B.gtf	span	1	1	1944	1944	0	yes
HUM_HERP6B_U86	Human_herpesvirus6B.gtf	span	1	1	4595	4595	0	yes
HUM_HERP6B_U9	Human_herpesvirus6B.gtf	span	1	1	343	343	0	yes
HUM_HERP6B_U90	Human_herpesvirus6B.gtf	spliced	1	1	3668	3471	197	no
HUM_HERP6B_U91	Human_herpesvirus6B.gtf	spliced	1	1	1464	1355	109	no
HUM_HERP6B_U94	Human_herpesvirus6B.gtf	span	1	1	1680	1680	0	yes
HUM_HERP6B_U95	Human_herpesvirus6B.gtf	span	1	1	3978	3978	0	yes
HUM_HERP1_HHV1gp00p01	Human_herpesvirus_1_NC_001806.gtf	passthrough	1	1	4258	4258	0	yes
HUM_HERP1_HHV1gp00p02	Human_herpesvirus_1_NC_001806.gtf	passthrough	1	1	1048	1048	0	yes
HUM_HERP1_HHV1gp00p03	Human_herpesvirus_1_NC_001806.gtf	passthrough	1	1	1346	1346	0	yes
HUM_HERP1_HHV1gp00p04	Human_herpesvirus_1_NC_001806.gtf	passthrough	1	1	1777	1777	0	yes
HUM_HERP1_HHV1gp00p05	Human_herpesvirus_1_NC_001806.gtf	passthrough	1	1	448	448	0	yes
HUM_HERP1_HHV1gp00p06	Human_herpesvirus_1_NC_001806.gtf	span	1	1	950	950	0	yes
HUM_HERP1_HHV1gp00p07	Human_herpesvirus_1_NC_001806.gtf	passthrough	1	1	2523	2523	0	yes
HUM_HERP1_HHV1gp00p08	Human_herpesvirus_1_NC_001806.gtf	passthrough	1	1	1355	1355	0	yes
HUM_HERP1_HHV1gp00p09	Human_herpesvirus_1_NC_001806.gtf	passthrough	1	1	2716	2716	0	yes
HUM_HERP1_HHV1gp00p10	Human_herpesvirus_1_NC_001806.gtf	passthrough	1	1	3432	3432	0	yes
HUM_HERP1_HHV1gp00p11	Human_herpesvirus_1_NC_001806.gtf	passthrough	1	1	803	803	0	yes
HUM_HERP1_HHV1gp00p12	Human_herpesvirus_1_NC_001806.gtf	passthrough	2	2	4911	4911	0	yes
HUM_HERP1_HHV1gp00p13	Human_herpesvirus_1_NC_001806.gtf	passthrough	1	1	1282	1282	0	yes
HUM_HERP1_HHV1gp00p14	Human_herpesvirus_1_NC_001806.gtf	passthrough	1	1	1664	1664	0	yes
HUM_HERP1_HHV1gp00p15	Human_herpesvirus_1_NC_001806.gtf	passthrough	1	1	4259	4259	0	yes
HUM_HERP1_HHV1gp00p16	Human_herpesvirus_1_NC_001806.gtf	span	1	1	1028	1028	0	yes
HUM_HERP1_HHV1gp00p17	Human_herpesvirus_1_NC_001806.gtf	passthrough	1	1	2712	2712	0	yes
HUM_HERP1_HHV1gp00p18	Human_herpesvirus_1_NC_001806.gtf	span	1	1	730	730	0	yes
HUM_HERP1_HHV1gp00p19	Human_herpesvirus_1_NC_001806.gtf	span	1	1	608	608	0	yes
HUM_HERP1_HHV1gp00p20	Human_herpesvirus_1_NC_001806.gtf	span	1	1	1549	1549	0	yes
HUM_HERP1_HHV1gp00p21	Human_herpesvirus_1_NC_001806.gtf	span	1	1	1270	1270	0	yes
HUM_HERP1_HHV1gp00p22	Human_herpesvirus_1_NC_001806.gtf	span	1	1	4401	4401	0	yes
HUM_HERP1_HHV1gp00p23	Human_herpesvirus_1_NC_001806.gtf	span	1	1	736	736	0	yes
HUM_HERP1_HHV1gp00p24	Human_herpesvirus_1_NC_001806.gtf	span	1	1	1148	1148	0	yes
HUM_HERP1_HHV1gp00p25	Human_herpesvirus_1_NC_001806.gtf	span	1	1	930	930	0	yes
HUM_HERP1_HHV1gp00p26	Human_herpesvirus_1_NC_001806.gtf	span	1	1	1532	1532	0	yes
HUM_HERP1_HHV1gp00p27	Human_herpesvirus_1_NC_001806.gtf	span	1	1	1543	1543	0	yes
HUM_HERP1_HHV1gp00p28	Human_herpesvirus_1_NC_001806.gtf	span	1	1	4391	4391	0	yes
HUM_HERP1_HHV1gp00p29	Human_herpesvirus_1_NC_001806.gtf	span	1	1	2227	2227	0	yes
HUM_HERP1_HHV1gp00p30	Human_herpesvirus_1_NC_001806.gtf	span	1	1	637	637	0	yes
HUM_HERP1_HHV1gp00p31	Human_herpesvirus_1_NC_001806.gtf	span	1	1	2358	2358	0	yes
HUM_HERP1_HHV1gp00p32	Human_herpesvirus_1_NC_001806.gtf	span	1	1	1270	1270	0	yes
HUM_HERP1_HHV1gp00p33	Human_herpesvirus_1_NC_001806.gtf	span	1	1	1526	1526	0	yes
HUM_HERP1_HHV1gp00p34	Human_herpesvirus_1_NC_001806.gtf	span	1	1	1522	1522	0	yes
HUM_HERP1_HHV1gp00p35	Human_herpesvirus_1_NC_001806.gtf	span	1	1	1063	1063	0	yes
HUM_HERP1_HHV1gp00p36	Human_herpesvirus_1_NC_001806.gtf	span	1	1	4545	4545	0	yes
HUM_HERP1_HHV1gp00p37	Human_herpesvirus_1_NC_001806.gtf	span	1	1	1491	1491	0	yes
HUM_HERP1_HHV1gp00p38	Human_herpesvirus_1_NC_001806.gtf	span	1	1	3373	3373	0	yes
HUM_HERP1_HHV1gp00p39	Human_herpesvirus_1_NC_001806.gtf	span	1	1	9486	9486	0	yes
HUM_HERP1_HHV1gp00p40	Human_herpesvirus_1_NC_001806.gtf	span	1	1	378	378	0	yes
HUM_HERP1_HHV1gp00p41	Human_herpesvirus_1_NC_001806.gtf	span	1	1	1311	1311	0	yes
HUM_HERP1_HHV1gp00p42	Human_herpesvirus_1_NC_001806.gtf	span	1	1	1783	1783	0	yes
HUM_HERP1_HHV1gp00p43	Human_herpesvirus_1_NC_001806.gtf	span	1	1	1003	1003	0	yes
HUM_HERP1_HHV1gp00p44	Human_herpesvirus_1_NC_001806.gtf	span	1	1	2786	2786	0	yes
HUM_HERP1_HHV1gp00p45	Human_herpesvirus_1_NC_001806.gtf	span	1	1	3747	3747	0	yes
HUM_HERP1_HHV1gp00p46	Human_herpesvirus_1_NC_001806.gtf	span	1	1	3645	3645	0	yes
HUM_HERP1_HHV1gp00p47	Human_herpesvirus_1_NC_001806.gtf	span	1	1	5102	5102	0	yes
HUM_HERP1_HHV1gp00p48	Human_herpesvirus_1_NC_001806.gtf	span	1	1	2737	2737	0	yes
HUM_HERP1_HHV1gp00p49	Human_herpesvirus_1_NC_001806.gtf	span	1	1	1045	1045	0	yes
HUM_HERP1_HHV1gp00p50	Human_herpesvirus_1_NC_001806.gtf	span	1	1	1963	1963	0	yes
HUM_HERP1_HHV1gp00p51	Human_herpesvirus_1_NC_001806.gtf	span	1	1	3959	3959	0	yes
HUM_HERP1_HHV1gp00p52	Human_herpesvirus_1_NC_001806.gtf	span	1	1	5035	5035	0	yes
HUM_HERP1_HHV1gp00p53	Human_herpesvirus_1_NC_001806.gtf	span	1	1	1195	1195	0	yes
HUM_HERP1_HHV1gp00p54	Human_herpesvirus_1_NC_001806.gtf	span	1	1	2518	2518	0	yes
HUM_HERP1_HHV1gp00p55	Human_herpesvirus_1_NC_001806.gtf	span	1	1	1622	1622	0	yes
HUM_HERP1_HHV1gp00p56	Human_herpesvirus_1_NC_001806.gtf	span	1	1	5506	5506	0	yes
HUM_HERP1_HHV1gp00p57	Human_herpesvirus_1_NC_001806.gtf	span	1	1	6466	6466	0	yes
HUM_HERP1_HHV1gp00p58	Human_herpesvirus_1_NC_001806.gtf	span	1	1	1029	1029	0	yes
HUM_HERP1_HHV1gp00p59	Human_herpesvirus_1_NC_001806.gtf	span	1	1	1123	1123	0	yes
HUM_HERP1_HHV1gp00p60	Human_herpesvirus_1_NC_001806.gtf	span	1	1	3325	3325	0	yes
HUM_HERP1_HHV1gp00p61	Human_herpesvirus_1_NC_001806.gtf	spliced	1	1	5806	2220	3586	no
HUM_HERP1_HHV1gp00p62	Human_herpesvirus_1_NC_001806.gtf	span	1	1	292	292	0	yes
HUM_HERP1_HHV1gp00p63	Human_herpesvirus_1_NC_001806.gtf	span	1	1	2088	2088	0	yes
HUM_HERP1_HHV1gp00p64	Human_herpesvirus_1_NC_001806.gtf	span	1	1	3703	3703	0	yes
HUM_HERP1_HHV1gp00p65	Human_herpesvirus_1_NC_001806.gtf	span	1	1	4116	4116	0	yes
HUM_HERP1_HHV1gp00p66	Human_herpesvirus_1_NC_001806.gtf	span	1	1	1445	1445	0	yes
HUM_HERP1_HHV1gp00p67	Human_herpesvirus_1_NC_001806.gtf	span	1	1	2267	2267	0	yes
HUM_HERP1_HHV1gp00p68	Human_herpesvirus_1_NC_001806.gtf	span	1	1	5050	5050	0	yes
HUM_HERP1_HHV1gp00p69	Human_herpesvirus_1_NC_001806.gtf	span	1	1	906	906	0	yes
HUM_HERP1_HHV1gp00p70	Human_herpesvirus_1_NC_001806.gtf	span	1	1	2911	2911	0	yes
HUM_HERP1_HHV1gp00p71	Human_herpesvirus_1_NC_001806.gtf	span	1	1	670	670	0	yes
HUM_HERP1_HHV1gp00p72	Human_herpesvirus_1_NC_001806.gtf	span	1	1	3379	3379	0	yes
HUM_HERP1_HHV1gp00p73	Human_herpesvirus_1_NC_001806.gtf	span	1	1	731	731	0	yes
HUM_HERP1_HHV1gp00p74	Human_herpesvirus_1_NC_001806.gtf	span	1	1	1065	1065	0	yes
HUM_HERP1_HHV1gp00p75	Human_herpesvirus_1_NC_001806.gtf	span	1	1	1612	1612	0	yes
HUM_HERP1_HHV1gp00p76	Human_herpesvirus_1_NC_001806.gtf	passthrough	1	1	2685	2685	0	yes
HUM_HERP1_HHV1gp00p77	Human_herpesvirus_1_NC_001806.gtf	span	1	1	1028	1028	0	yes
HUM_HERP1_HHV1gp00s01	Human_herpesvirus_1_NC_001806.gtf	passthrough	1	1	5613	5613	0	yes
HUM_HERP1_HHV1gp00s02	Human_herpesvirus_1_NC_001806.gtf	passthrough	1	1	6391	6391	0	yes
HUM_HERP2_HHV2p01	Human_herpesvirus_2_NC_001798.gtf	span	1	1	4076	4076	0	yes
HUM_HERP2_HHV2p02	Human_herpesvirus_2_NC_001798.gtf	span	1	1	1418	1418	0	yes
HUM_HERP2_HHV2p03	Human_herpesvirus_2_NC_001798.gtf	span	1	1	1082	1082	0	yes
HUM_HERP2_HHV2p04	Human_herpesvirus_2_NC_001798.gtf	span	1	1	916	916	0	yes
HUM_HERP2_HHV2p05	Human_herpesvirus_2_NC_001798.gtf	span	1	1	317	317	0	yes
HUM_HERP2_HHV2p06	Human_herpesvirus_2_NC_001798.gtf	span	1	1	857	857	0	yes
HUM_HERP2_HHV2p07	Human_herpesvirus_2_NC_001798.gtf	span	1	1	2343	2343	0	yes
HUM_HERP2_HHV2p08	Human_herpesvirus_2_NC_001798.gtf	span	1	1	1190	1190	0	yes
HUM_HERP2_HHV2p09	Human_herpesvirus_2_NC_001798.gtf	span	1	1	2573	2573	0	yes
HUM_HERP2_HHV2p10	Human_herpesvirus_2_NC_001798.gtf	span	1	1	3298	3298	0	yes
HUM_HERP2_HHV2p11	Human_herpesvirus_2_NC_001798.gtf	span	1	1	2178	2178	0	yes
HUM_HERP2_HHV2p12	Human_herpesvirus_2_NC_001798.gtf	span	1	1	3731	3731	0	yes
HUM_HERP2_HHV2p13	Human_herpesvirus_2_NC_001798.gtf	span	1	1	896	896	0	yes
HUM_HERP2_HHV2p14	Human_herpesvirus_2_NC_001798.gtf	span	1	1	1289	1289	0	yes
HUM_HERP2_HHV2p15	Human_herpesvirus_2_NC_001798.gtf	span	1	1	4076	4076	0	yes
HUM_HERP2_HHV2p16	Human_herpesvirus_2_NC_001798.gtf	spliced	1	1	1304	1150	154	no
HUM_HERP2_HHV2p17	Human_herpesvirus_2_NC_001798.gtf	spliced	1	1	3341	2750	591	no
HUM_HERP2_HHV2p18	Human_herpesvirus_2_NC_001798.gtf	span	1	1	739	739	0	yes
HUM_HERP2_HHV2p19	Human_herpesvirus_2_NC_001798.gtf	span	1	1	605	605	0	yes
HUM_HERP2_HHV2p20	Human_herpesvirus_2_NC_001798.gtf	span	1	1	1550	1550	0	yes
HUM_HERP2_HHV2p21	Human_herpesvirus_2_NC_001798.gtf	span	1	1	1288	1288	0	yes
HUM_HERP2_HHV2p22	Human_herpesvirus_2_NC_001798.gtf	span	1	1	4440	4440	0	yes
HUM_HERP2_HHV2p23	Human_herpesvirus_2_NC_001798.gtf	span	1	1	760	760	0	yes
HUM_HERP2_HHV2p24	Human_herpesvirus_2_NC_001798.gtf	span	1	1	1152	1152	0	yes
HUM_HERP2_HHV2p25	Human_herpesvirus_2_NC_001798.gtf	span	1	1	937	937	0	yes
HUM_HERP2_HHV2p26	Human_herpesvirus_2_NC_001798.gtf	span	1	1	1539	1539	0	yes
HUM_HERP2_HHV2p27	Human_herpesvirus_2_NC_001798.gtf	span	1	1	1565	1565	0	yes
HUM_HERP2_HHV2p28	Human_herpesvirus_2_NC_001798.gtf	span	1	1	4412	4412	0	yes
HUM_HERP2_HHV2p29	Human_herpesvirus_2_NC_001798.gtf	span	1	1	2237	2237	0	yes
HUM_HERP2_HHV2p30	Human_herpesvirus_2_NC_001798.gtf	span	1	1	650	650	0	yes
HUM_HERP2_HHV2p31	Human_herpesvirus_2_NC_001798.gtf	span	1	1	2322	2322	0	yes
HUM_HERP2_HHV2p32	Human_herpesvirus_2_NC_001798.gtf	span	1	1	1262	1262	0	yes
HUM_HERP2_HHV2p33	Human_herpesvirus_2_NC_001798.gtf	span	1	1	1487	1487	0	yes
HUM_HERP2_HHV2p34	Human_herpesvirus_2_NC_001798.gtf	span	1	1	1548	1548	0	yes
HUM_HERP2_HHV2p35	Human_herpesvirus_2_NC_001798.gtf	span	1	1	1054	1054	0	yes
HUM_HERP2_HHV2p36	Human_herpesvirus_2_NC_001798.gtf	span	1	1	4535	4535	0	yes
HUM_HERP2_HHV2p37	Human_herpesvirus_2_NC_001798.gtf	span	1	1	1523	1523	0	yes
HUM_HERP2_HHV2p38	Human_herpesvirus_2_NC_001798.gtf	span	1	1	3373	3373	0	yes
HUM_HERP2_HHV2p39	Human_herpesvirus_2_NC_001798.gtf	span	1	1	9432	9432	0	yes
HUM_HERP2_HHV2p40	Human_herpesvirus_2_NC_001798.gtf	span	1	1	409	409	0	yes
HUM_HERP2_HHV2p41	Human_herpesvirus_2_NC_001798.gtf	span	1	1	1351	1351	0	yes
HUM_HERP2_HHV2p42	Human_herpesvirus_2_NC_001798.gtf	span	1	1	1833	1833	0	yes
HUM_HERP2_HHV2p43	Human_herpesvirus_2_NC_001798.gtf	span	1	1	1000	1000	0	yes
HUM_HERP2_HHV2p44	Human_herpesvirus_2_NC_001798.gtf	span	1	1	2789	2789	0	yes
HUM_HERP2_HHV2p45	Human_herpesvirus_2_NC_001798.gtf	span	1	1	3762	3762	0	yes
HUM_HERP2_HHV2p46	Human_herpesvirus_2_NC_001798.gtf	span	1	1	3643	3643	0	yes
HUM_HERP2_HHV2p47	Human_herpesvirus_2_NC_001798.gtf	span	1	1	5116	5116	0	yes
HUM_HERP2_HHV2p48	Human_herpesvirus_2_NC_001798.gtf	span	1	1	2751	2751	0	yes
HUM_HERP2_HHV2p49	Human_herpesvirus_2_NC_001798.gtf	span	1	1	1047	1047	0	yes
HUM_HERP2_HHV2p50	Human_herpesvirus_2_NC_001798.gtf	span	1	1	1971	1971	0	yes
HUM_HERP2_HHV2p51	Human_herpesvirus_2_NC_001798.gtf	span	1	1	3962	3962	0	yes
HUM_HERP2_HHV2p52	Human_herpesvirus_2_NC_001798.gtf	span	1	1	5095	5095	0	yes
HUM_HERP2_HHV2p53	Human_herpesvirus_2_NC_001798.gtf	span	1	1	1195	1195	0	yes
HUM_HERP2_HHV2p54	Human_herpesvirus_2_NC_001798.gtf	span	1	1	2518	2518	0	yes
HUM_HERP2_HHV2p55	Human_herpesvirus_2_NC_001798.gtf	span	1	1	1613	1613	0	yes
HUM_HERP2_HHV2p56	Human_herpesvirus_2_NC_001798.gtf	span	1	1	5524	5524	0	yes
HUM_HERP2_HHV2p57	Human_herpesvirus_2_NC_001798.gtf	span	1	1	6504	6504	0	yes
HUM_HERP2_HHV2p58	Human_herpesvirus_2_NC_001798.gtf	span	1	1	1023	1023	0	yes
HUM_HERP2_HHV2p59	Human_herpesvirus_2_NC_001798.gtf	span	1	1	1120	1120	0	yes
HUM_HERP2_HHV2p60	Human_herpesvirus_2_NC_001798.gtf	span	1	1	3330	3330	0	yes
HUM_HERP2_HHV2p61	Human_herpesvirus_2_NC_001798.gtf	spliced	1	1	5861	2262	3599	no
HUM_HERP2_HHV2p62	Human_herpesvirus_2_NC_001798.gtf	span	1	1	292	292	0	yes
HUM_HERP2_HHV2p63	Human_herpesvirus_2_NC_001798.gtf	span	1	1	2070	2070	0	yes
HUM_HERP2_HHV2p64	Human_herpesvirus_2_NC_001798.gtf	span	1	1	3667	3667	0	yes
HUM_HERP2_HHV2p65	Human_herpesvirus_2_NC_001798.gtf	span	1	1	4080	4080	0	yes
HUM_HERP2_HHV2p66	Human_herpesvirus_2_NC_001798.gtf	span	1	1	1426	1426	0	yes
HUM_HERP2_HHV2p67	Human_herpesvirus_2_NC_001798.gtf	span	1	1	2273	2273	0	yes
HUM_HERP2_HHV2p68	Human_herpesvirus_2_NC_001798.gtf	span	1	1	4938	4938	0	yes
HUM_HERP2_HHV2p69	Human_herpesvirus_2_NC_001798.gtf	span	1	1	905	905	0	yes
HUM_HERP2_HHV2p70	Human_herpesvirus_2_NC_001798.gtf	span	1	1	2916	2916	0	yes
HUM_HERP2_HHV2p71	Human_herpesvirus_2_NC_001798.gtf	span	1	1	692	692	0	yes
HUM_HERP2_HHV2p72	Human_herpesvirus_2_NC_001798.gtf	span	1	1	3404	3404	0	yes
HUM_HERP2_HHV2p73	Human_herpesvirus_2_NC_001798.gtf	span	1	1	742	742	0	yes
HUM_HERP2_HHV2p74	Human_herpesvirus_2_NC_001798.gtf	span	1	1	1051	1051	0	yes
HUM_HERP2_HHV2p75	Human_herpesvirus_2_NC_001798.gtf	span	1	1	1598	1598	0	yes
HUM_HERP2_HHV2p76	Human_herpesvirus_2_NC_001798.gtf	spliced	1	1	3341	2753	588	no
HUM_HERP2_HHV2p77	Human_herpesvirus_2_NC_001798.gtf	spliced	1	1	1304	1150	154	no
HUM_HERP2_HHV2s01	Human_herpesvirus_2_NC_001798.gtf	passthrough	1	1	5541	5541	0	yes
HUM_HERP2_HHV2s02	Human_herpesvirus_2_NC_001798.gtf	passthrough	1	1	6212	6212	0	yes
EBV2_HHV4tp2_gp01	Human_herpesvirus_4_type_2_NC_009334.gtf	passthrough	1	1	1494	1494	0	yes
EBV2_HHV4tp2_gp02	Human_herpesvirus_4_type_2_NC_009334.gtf	passthrough	1	1	1137	1137	0	yes
EBV2_HHV4tp2_gp03	Human_herpesvirus_4_type_2_NC_009334.gtf	passthrough	1	1	3957	3957	0	yes
EBV2_HHV4tp2_gp04	Human_herpesvirus_4_type_2_NC_009334.gtf	passthrough	1	1	513	513	0	yes
EBV2_HHV4tp2_gp05	Human_herpesvirus_4_type_2_NC_009334.gtf	passthrough	1	1	1521	1521	0	yes
EBV2_HHV4tp2_gp06	Human_herpesvirus_4_type_2_NC_009334.gtf	passthrough	1	1	1365	1365	0	yes
EBV2_HHV4tp2_gp07	Human_herpesvirus_4_type_2_NC_009334.gtf	passthrough	1	1	576	576	0	yes
EBV2_HHV4tp2_gp08	Human_herpesvirus_4_type_2_NC_009334.gtf	passthrough	1	1	957	957	0	yes
EBV2_HHV4tp2_gp09	Human_herpesvirus_4_type_2_NC_009334.gtf	passthrough	1	1	1578	1578	0	yes
EBV2_HHV4tp2_gp10	Human_herpesvirus_4_type_2_NC_009334.gtf	passthrough	1	1	408	408	0	yes
EBV2_HHV4tp2_gp11	Human_herpesvirus_4_type_2_NC_009334.gtf	passthrough	1	1	1011	1011	0	yes
EBV2_HHV4tp2_gp12	Human_herpesvirus_4_type_2_NC_009334.gtf	passthrough	1	1	1776	1776	0	yes
EBV2_HHV4tp2_gp13	Human_herpesvirus_4_type_2_NC_009334.gtf	passthrough	1	1	531	531	0	yes
EBV2_HHV4tp2_gp14	Human_herpesvirus_4_type_2_NC_009334.gtf	passthrough	1	1	9465	9465	0	yes
EBV2_HHV4tp2_gp15	Human_herpesvirus_4_type_2_NC_009334.gtf	passthrough	1	1	3723	3723	0	yes
EBV2_HHV4tp2_gp16	Human_herpesvirus_4_type_2_NC_009334.gtf	passthrough	1	1	1095	1095	0	yes
EBV2_HHV4tp2_gp17	Human_herpesvirus_4_type_2_NC_009334.gtf	passthrough	1	1	2481	2481	0	yes
EBV2_HHV4tp2_gp18	Human_herpesvirus_4_type_2_NC_009334.gtf	passthrough	1	1	909	909	0	yes
EBV2_HHV4tp2_gp19	Human_herpesvirus_4_type_2_NC_009334.gtf	passthrough	1	1	1215	1215	0	yes
EBV2_HHV4tp2_gp20	Human_herpesvirus_4_type_2_NC_009334.gtf	passthrough	1	1	1074	1074	0	yes
EBV2_HHV4tp2_gp21	Human_herpesvirus_4_type_2_NC_009334.gtf	passthrough	1	1	1440	1440	0	yes
EBV2_HHV4tp2_gp22	Human_herpesvirus_4_type_2_NC_009334.gtf	passthrough	1	1	2625	2625	0	yes
EBV2_HHV4tp2_gp23	Human_herpesvirus_4_type_2_NC_009334.gtf	passthrough	1	1	657	657	0	yes
EBV2_HHV4tp2_gp24	Human_herpesvirus_4_type_2_NC_009334.gtf	passthrough	1	1	837	837	0	yes
EBV2_HHV4tp2_gp25	Human_herpesvirus_4_type_2_NC_009334.gtf	passthrough	1	1	309	309	0	yes
EBV2_HHV4tp2_gp26	Human_herpesvirus_4_type_2_NC_009334.gtf	passthrough	1	1	489	489	0	yes
EBV2_HHV4tp2_gp27	Human_herpesvirus_4_type_2_NC_009334.gtf	passthrough	1	1	2661	2661	0	yes
EBV2_HHV4tp2_gp28	Human_herpesvirus_4_type_2_NC_009334.gtf	passthrough	1	1	2778	2778	0	yes
EBV2_HHV4tp2_gp29	Human_herpesvirus_4_type_2_NC_009334.gtf	passthrough	1	1	3381	3381	0	yes
EBV2_HHV4tp2_gp30	Human_herpesvirus_4_type_2_NC_009334.gtf	passthrough	1	1	3210	3210	0	yes
EBV2_HHV4tp2_gp31	Human_herpesvirus_4_type_2_NC_009334.gtf	passthrough	1	1	672	672	0	yes
EBV2_HHV4tp2_gp32	Human_herpesvirus_4_type_2_NC_009334.gtf	passthrough	1	1	738	738	0	yes
EBV2_HHV4tp2_gp33	Human_herpesvirus_4_type_2_NC_009334.gtf	passthrough	1	1	1818	1818	0	yes
EBV2_HHV4tp2_gp34	Human_herpesvirus_4_type_2_NC_009334.gtf	passthrough	1	1	933	933	0	yes
EBV2_HHV4tp2_gp35	Human_herpesvirus_4_type_2_NC_009334.gtf	passthrough	1	1	1614	1614	0	yes
EBV2_HHV4tp2_gp36	Human_herpesvirus_4_type_2_NC_009334.gtf	passthrough	1	1	1926	1926	0	yes
EBV2_HHV4tp2_gp37	Human_herpesvirus_4_type_2_NC_009334.gtf	passthrough	1	1	414	414	0	yes
EBV2_HHV4tp2_gp38	Human_herpesvirus_4_type_2_NC_009334.gtf	passthrough	1	1	768	768	0	yes
EBV2_HHV4tp2_gp39	Human_herpesvirus_4_type_2_NC_009334.gtf	passthrough	1	1	654	654	0	yes
EBV2_HHV4tp2_gp40	Human_herpesvirus_4_type_2_NC_009334.gtf	passthrough	1	1	2430	2430	0	yes
EBV2_HHV4tp2_gp41	Human_herpesvirus_4_type_2_NC_009334.gtf	passthrough	1	1	1842	1842	0	yes
EBV2_HHV4tp2_gp42	Human_herpesvirus_4_type_2_NC_009334.gtf	passthrough	1	1	837	837	0	yes
EBV2_HHV4tp2_gp43	Human_herpesvirus_4_type_2_NC_009334.gtf	passthrough	1	1	2130	2130	0	yes
EBV2_HHV4tp2_gp44	Human_herpesvirus_4_type_2_NC_009334.gtf	passthrough	1	1	1218	1218	0	yes
EBV2_HHV4tp2_gp45	Human_herpesvirus_4_type_2_NC_009334.gtf	passthrough	1	1	228	228	0	yes
EBV2_HHV4tp2_gp46	Human_herpesvirus_4_type_2_NC_009334.gtf	passthrough	1	1	1413	1413	0	yes
EBV2_HHV4tp2_gp47	Human_herpesvirus_4_type_2_NC_009334.gtf	passthrough	1	1	1290	1290	0	yes
EBV2_HHV4tp2_gp48	Human_herpesvirus_4_type_2_NC_009334.gtf	passthrough	1	1	462	462	0	yes
EBV2_HHV4tp2_gp49	Human_herpesvirus_4_type_2_NC_009334.gtf	passthrough	1	1	999	999	0	yes
EBV2_HHV4tp2_gp50	Human_herpesvirus_4_type_2_NC_009334.gtf	passthrough	1	1	2073	2073	0	yes
EBV2_HHV4tp2_gp51	Human_herpesvirus_4_type_2_NC_009334.gtf	passthrough	1	1	1011	1011	0	yes
EBV2_HHV4tp2_gp52	Human_herpesvirus_4_type_2_NC_009334.gtf	passthrough	1	1	1521	1521	0	yes
EBV2_HHV4tp2_gp53	Human_herpesvirus_4_type_2_NC_009334.gtf	passthrough	1	1	678	678	0	yes
EBV2_HHV4tp2_gp54	Human_herpesvirus_4_type_2_NC_009334.gtf	passthrough	1	1	234	234	0	yes
EBV2_HHV4tp2_gp55	Human_herpesvirus_4_type_2_NC_009334.gtf	passthrough	1	1	705	705	0	yes
EBV2_HHV4tp2_gp56	Human_herpesvirus_4_type_2_NC_009334.gtf	passthrough	1	1	1263	1263	0	yes
EBV2_HHV4tp2_gp57	Human_herpesvirus_4_type_2_NC_009334.gtf	passthrough	1	1	906	906	0	yes
EBV2_HHV4tp2_gp58	Human_herpesvirus_4_type_2_NC_009334.gtf	passthrough	1	1	4146	4146	0	yes
EBV2_HHV4tp2_gp59	Human_herpesvirus_4_type_2_NC_009334.gtf	passthrough	1	1	2253	2253	0	yes
EBV2_HHV4tp2_gp60	Human_herpesvirus_4_type_2_NC_009334.gtf	passthrough	1	1	1215	1215	0	yes
EBV2_HHV4tp2_gp61	Human_herpesvirus_4_type_2_NC_009334.gtf	passthrough	1	1	2121	2121	0	yes
EBV2_HHV4tp2_gp62	Human_herpesvirus_4_type_2_NC_009334.gtf	passthrough	1	1	1824	1824	0	yes
EBV2_HHV4tp2_gp63	Human_herpesvirus_4_type_2_NC_009334.gtf	passthrough	1	1	747	747	0	yes
EBV2_HHV4tp2_gp64	Human_herpesvirus_4_type_2_NC_009334.gtf	passthrough	1	1	1713	1713	0	yes
EBV2_HHV4tp2_gp65	Human_herpesvirus_4_type_2_NC_009334.gtf	passthrough	1	1	819	819	0	yes
EBV2_HHV4tp2_gp66	Human_herpesvirus_4_type_2_NC_009334.gtf	passthrough	1	1	1818	1818	0	yes
EBV2_HHV4tp2_gp67	Human_herpesvirus_4_type_2_NC_009334.gtf	passthrough	1	1	1038	1038	0	yes
EBV2_HHV4tp2_gp68	Human_herpesvirus_4_type_2_NC_009334.gtf	passthrough	1	1	747	747	0	yes
EBV2_HHV4tp2_gp69	Human_herpesvirus_4_type_2_NC_009334.gtf	passthrough	1	1	1290	1290	0	yes
EBV2_HHV4tp2_gp70	Human_herpesvirus_4_type_2_NC_009334.gtf	passthrough	1	1	1410	1410	0	yes
EBV2_HHV4tp2_gp71	Human_herpesvirus_4_type_2_NC_009334.gtf	passthrough	1	1	939	939	0	yes
EBV2_HHV4tp2_gp72	Human_herpesvirus_4_type_2_NC_009334.gtf	passthrough	1	1	3048	3048	0	yes
EBV2_HHV4tp2_gp73	Human_herpesvirus_4_type_2_NC_009334.gtf	passthrough	1	1	2574	2574	0	yes
EBV2_HHV4tp2_gp74	Human_herpesvirus_4_type_2_NC_009334.gtf	passthrough	1	1	2058	2058	0	yes
EBV2_HHV4tp2_gp75	Human_herpesvirus_4_type_2_NC_009334.gtf	passthrough	1	1	3387	3387	0	yes
EBV2_HHV4tp2_gp76	Human_herpesvirus_4_type_2_NC_009334.gtf	passthrough	1	1	549	549	0	yes
EBV2_HHV4tp2_gp77	Human_herpesvirus_4_type_2_NC_009334.gtf	passthrough	1	1	666	666	0	yes
EBV2_HHV4tp2_gp78	Human_herpesvirus_4_type_2_NC_009334.gtf	passthrough	1	1	297	297	0	yes
EBV2_HHV4tp2_gp79	Human_herpesvirus_4_type_2_NC_009334.gtf	passthrough	1	1	183	183	0	yes
EBV2_HHV4tp2_gp80	Human_herpesvirus_4_type_2_NC_009334.gtf	passthrough	1	1	1116	1116	0	yes
EBV2_HHV4tp2_gs01	Human_herpesvirus_4_type_2_NC_009334.gtf	passthrough	1	1	167	167	0	yes
EBV2_HHV4tp2_gs02	Human_herpesvirus_4_type_2_NC_009334.gtf	passthrough	1	1	173	173	0	yes
HUM_HERP6_HHV6_p01	Human_herpesvirus_6_NC_001664.gtf	spliced	1	1	2153	2070	83	no
HUM_HERP6_HHV6_p02	Human_herpesvirus_6_NC_001664.gtf	spliced	1	1	1978	1170	808	no
HUM_HERP6_HHV6_p03	Human_herpesvirus_6_NC_001664.gtf	spliced	1	1	3878	3684	194	no
HUM_HERP6_HHV6_p04	Human_herpesvirus_6_NC_001664.gtf	span	1	1	1512	1512	0	yes
HUM_HERP6_HHV6_p05	Human_herpesvirus_6_NC_001664.gtf	span	1	1	321	321	0	yes
HUM_HERP6_HHV6_p06	Human_herpesvirus_6_NC_001664.gtf	spliced	1	1	814	576	238	no
HUM_HERP6_HHV6_p07	Human_herpesvirus_6_NC_001664.gtf	span	1	1	609	609	0	yes
HUM_HERP6_HHV6_p08	Human_herpesvirus_6_NC_001664.gtf	span	1	1	264	264	0	yes
HUM_HERP6_HHV6_p09	Human_herpesvirus_6_NC_001664.gtf	span	1	1	174	174	0	yes
HUM_HERP6_HHV6_p10	Human_herpesvirus_6_NC_001664.gtf	span	1	1	267	267	0	yes
HUM_HERP6_HHV6_p11	Human_herpesvirus_6_NC_001664.gtf	span	1	1	321	321	0	yes
HUM_HERP6_HHV6_p12	Human_herpesvirus_6_NC_001664.gtf	span	1	1	618	618	0	yes
HUM_HERP6_HHV6_p13	Human_herpesvirus_6_NC_001664.gtf	span	1	1	255	255	0	yes
HUM_HERP6_HHV6_p14	Human_herpesvirus_6_NC_001664.gtf	span	1	1	165	165	0	yes
HUM_HERP6_HHV6_p15	Human_herpesvirus_6_NC_001664.gtf	span	1	1	735	735	0	yes
HUM_HERP6_HHV6_p16	Human_herpesvirus_6_NC_001664.gtf	spliced	1	1	5199	2001	3198	no
HUM_HERP6_HHV6_p17	Human_herpesvirus_6_NC_001664.gtf	span	1	1	258	258	0	yes
HUM_HERP6_HHV6_p18	Human_herpesvirus_6_NC_001664.gtf	span	1	1	651	651	0	yes
HUM_HERP6_HHV6_p19	Human_herpesvirus_6_NC_001664.gtf	span	1	1	345	345	0	yes
HUM_HERP6_HHV6_p20	Human_herpesvirus_6_NC_001664.gtf	span	1	1	234	234	0	yes
HUM_HERP6_HHV6_p21	Human_herpesvirus_6_NC_001664.gtf	spliced	1	1	1603	1425	178	no
HUM_HERP6_HHV6_p22	Human_herpesvirus_6_NC_001664.gtf	span	1	1	294	294	0	yes
HUM_HERP6_HHV6_p23	Human_herpesvirus_6_NC_001664.gtf	spliced	1	1	10126	4359	5767	no
HUM_HERP6_HHV6_p24	Human_herpesvirus_6_NC_001664.gtf	spliced	1	1	3021	2826	195	no
HUM_HERP6_HHV6_p25	Human_herpesvirus_6_NC_001664.gtf	spliced	1	1	564	462	102	no
HUM_HERP6_HHV6_p26	Human_herpesvirus_6_NC_001664.gtf	spliced	1	1	3641	1971	1670	no
HUM_HERP6_HHV6_p27	Human_herpesvirus_6_NC_001664.gtf	spliced	1	1	2241	2158	83	no
HUM_HERP6_HHV6_p28	Human_herpesvirus_6_NC_001664.gtf	spliced	1	1	1978	1170	808	no
HUM_HERP6_HHV6gp003	Human_herpesvirus_6_NC_001664.gtf	span	1	1	1101	1101	0	yes
HUM_HERP6_HHV6gp004	Human_herpesvirus_6_NC_001664.gtf	span	1	1	1122	1122	0	yes
HUM_HERP6_HHV6gp008	Human_herpesvirus_6_NC_001664.gtf	span	1	1	2613	2613	0	yes
HUM_HERP6_HHV6gp009	Human_herpesvirus_6_NC_001664.gtf	spliced	1	1	1133	1044	89	no
HUM_HERP6_HHV6gp011	Human_herpesvirus_6_NC_001664.gtf	span	1	1	1830	1830	0	yes
HUM_HERP6_HHV6gp013	Human_herpesvirus_6_NC_001664.gtf	spliced	1	1	1091	1005	86	no
HUM_HERP6_HHV6gp016	Human_herpesvirus_6_NC_001664.gtf	span	1	1	1269	1269	0	yes
HUM_HERP6_HHV6gp023	Human_herpesvirus_6_NC_001664.gtf	span	1	1	888	888	0	yes
HUM_HERP6_HHV6gp025	Human_herpesvirus_6_NC_001664.gtf	span	1	1	2415	2415	0	yes
HUM_HERP6_HHV6gp028	Human_herpesvirus_6_NC_001664.gtf	span	1	1	6234	6234	0	yes
HUM_HERP6_HHV6gp035	Human_herpesvirus_6_NC_001664.gtf	span	1	1	3039	3039	0	yes
HUM_HERP6_HHV6gp041	Human_herpesvirus_6_NC_001664.gtf	span	1	1	2583	2583	0	yes
HUM_HERP6_HHV6gp047	Human_herpesvirus_6_NC_001664.gtf	span	1	1	2085	2085	0	yes
HUM_HERP6_HHV6gp050	Human_herpesvirus_6_NC_001664.gtf	span	1	1	906	906	0	yes
HUM_HERP6_HHV6gp052	Human_herpesvirus_6_NC_001664.gtf	span	1	1	1587	1587	0	yes
HUM_HERP6_HHV6gp054	Human_herpesvirus_6_NC_001664.gtf	span	1	1	1377	1377	0	yes
HUM_HERP6_HHV6gp056	Human_herpesvirus_6_NC_001664.gtf	span	1	1	891	891	0	yes
HUM_HERP6_HHV6gp070	Human_herpesvirus_6_NC_001664.gtf	span	1	1	1035	1035	0	yes
HUM_HERP6_HHV6gp072	Human_herpesvirus_6_NC_001664.gtf	span	1	1	1989	1989	0	yes
HUM_HERP6_HHV6gp073	Human_herpesvirus_6_NC_001664.gtf	span	1	1	750	750	0	yes
HUM_HERP6_HHV6gp075	Human_herpesvirus_6_NC_001664.gtf	span	1	1	2475	2475	0	yes
HUM_HERP6_HHV6gp077	Human_herpesvirus_6_NC_001664.gtf	span	1	1	768	768	0	yes
HUM_HERP6_HHV6gp080	Human_herpesvirus_6_NC_001664.gtf	span	1	1	1029	1029	0	yes
HUM_HERP6_HHV6gp085	Human_herpesvirus_6_NC_001664.gtf	span	1	1	1473	1473	0	yes
HUM_HERP6_HHV6gp086	Human_herpesvirus_6_NC_001664.gtf	span	1	1	3366	3366	0	yes
HUM_HERP6_HHV6gp12	Human_herpesvirus_6_NC_001664.gtf	span	1	1	1608	1608	0	yes
HUM_HERP6_HHV6gp23	Human_herpesvirus_6_NC_001664.gtf	span	1	1	882	882	0	yes
HUM_HERP6_HHV6gp24	Human_herpesvirus_6_NC_001664.gtf	span	1	1	1170	1170	0	yes
HUM_HERP6_HHV6gp25	Human_herpesvirus_6_NC_001664.gtf	span	1	1	1302	1302	0	yes
HUM_HERP6_HHV6gp26	Human_herpesvirus_6_NC_001664.gtf	span	1	1	711	711	0	yes
HUM_HERP6_HHV6gp28	Human_herpesvirus_6_NC_001664.gtf	span	1	1	951	951	0	yes
HUM_HERP6_HHV6gp29	Human_herpesvirus_6_NC_001664.gtf	span	1	1	1182	1182	0	yes
HUM_HERP6_HHV6gp30	Human_herpesvirus_6_NC_001664.gtf	span	1	1	900	900	0	yes
HUM_HERP6_HHV6gp31	Human_herpesvirus_6_NC_001664.gtf	span	1	1	3249	3249	0	yes
HUM_HERP6_HHV6gp33	Human_herpesvirus_6_NC_001664.gtf	span	1	1	1413	1413	0	yes
HUM_HERP6_HHV6gp34	Human_herpesvirus_6_NC_001664.gtf	span	1	1	831	831	0	yes
HUM_HERP6_HHV6gp36	Human_herpesvirus_6_NC_001664.gtf	span	1	1	1455	1455	0	yes
HUM_HERP6_HHV6gp37	Human_herpesvirus_6_NC_001664.gtf	span	1	1	795	795	0	yes
HUM_HERP6_HHV6gp38	Human_herpesvirus_6_NC_001664.gtf	span	1	1	2493	2493	0	yes
HUM_HERP6_HHV6gp39	Human_herpesvirus_6_NC_001664.gtf	span	1	1	2181	2181	0	yes
HUM_HERP6_HHV6gp40	Human_herpesvirus_6_NC_001664.gtf	span	1	1	3399	3399	0	yes
HUM_HERP6_HHV6gp41	Human_herpesvirus_6_NC_001664.gtf	span	1	1	1548	1548	0	yes
HUM_HERP6_HHV6gp43	Human_herpesvirus_6_NC_001664.gtf	span	1	1	1131	1131	0	yes
HUM_HERP6_HHV6gp45	Human_herpesvirus_6_NC_001664.gtf	span	1	1	1956	1956	0	yes
HUM_HERP6_HHV6gp46	Human_herpesvirus_6_NC_001664.gtf	span	1	1	759	759	0	yes
HUM_HERP6_HHV6gp47	Human_herpesvirus_6_NC_001664.gtf	span	1	1	1668	1668	0	yes
HUM_HERP6_HHV6gp48	Human_herpesvirus_6_NC_001664.gtf	span	1	1	777	777	0	yes
HUM_HERP6_HHV6gp49	Human_herpesvirus_6_NC_001664.gtf	span	1	1	1299	1299	0	yes
HUM_HERP6_HHV6gp50	Human_herpesvirus_6_NC_001664.gtf	span	1	1	4038	4038	0	yes
HUM_HERP6_HHV6gp51	Human_herpesvirus_6_NC_001664.gtf	span	1	1	2319	2319	0	yes
HUM_HERP6_HHV6gp52	Human_herpesvirus_6_NC_001664.gtf	span	1	1	1053	1053	0	yes
HUM_HERP6_HHV6gp57	Human_herpesvirus_6_NC_001664.gtf	span	1	1	1329	1329	0	yes
HUM_HERP6_HHV6gp58	Human_herpesvirus_6_NC_001664.gtf	span	1	1	1008	1008	0	yes
HUM_HERP6_HHV6gp60	Human_herpesvirus_6_NC_001664.gtf	span	1	1	1062	1062	0	yes
HUM_HERP6_HHV6gp62	Human_herpesvirus_6_NC_001664.gtf	span	1	1	1689	1689	0	yes
HUM_HERP6_HHV6gp63	Human_herpesvirus_6_NC_001664.gtf	span	1	1	1467	1467	0	yes
HUM_HERP6_HHV6gp65	Human_herpesvirus_6_NC_001664.gtf	span	1	1	2343	2343	0	yes
HUM_HERP6_HHV6gp66	Human_herpesvirus_6_NC_001664.gtf	span	1	1	1941	1941	0	yes
HUM_HERP6_HHV6gp70	Human_herpesvirus_6_NC_001664.gtf	span	1	1	753	753	0	yes
HUM_HERP6_HHV6gp72	Human_herpesvirus_6_NC_001664.gtf	span	1	1	873	873	0	yes
HUM_HERP7_HHV7_gp01	Human_herpesvirus_7_NC_001716.gtf	spliced	1	1	3413	3279	134	no
HUM_HERP7_HHV7_gp02	Human_herpesvirus_7_NC_001716.gtf	spliced	1	1	1370	1242	128	no
HUM_HERP7_HHV7_gp03	Human_herpesvirus_7_NC_001716.gtf	span	1	1	1192	1192	0	yes
HUM_HERP7_HHV7_gp04	Human_herpesvirus_7_NC_001716.gtf	span	1	1	2874	2874	0	yes
HUM_HERP7_HHV7_gp05	Human_herpesvirus_7_NC_001716.gtf	span	1	1	1224	1224	0	yes
HUM_HERP7_HHV7_gp06	Human_herpesvirus_7_NC_001716.gtf	spliced	1	1	3857	3700	157	no
HUM_HERP7_HHV7_gp08	Human_herpesvirus_7_NC_001716.gtf	span	1	1	1468	1468	0	yes
HUM_HERP7_HHV7_gp09	Human_herpesvirus_7_NC_001716.gtf	span	1	1	2284	2284	0	yes
HUM_HERP7_HHV7_gp10	Human_herpesvirus_7_NC_001716.gtf	spliced	1	1	1142	1052	90	no
HUM_HERP7_HHV7_gp11	Human_herpesvirus_7_NC_001716.gtf	span	1	1	2410	2410	0	yes
HUM_HERP7_HHV7_gp12	Human_herpesvirus_7_NC_001716.gtf	span	1	1	2046	2046	0	yes
HUM_HERP7_HHV7_gp13	Human_herpesvirus_7_NC_001716.gtf	spliced	1	1	723	577	146	no
HUM_HERP7_HHV7_gp14	Human_herpesvirus_7_NC_001716.gtf	spliced	1	1	1088	1016	72	no
HUM_HERP7_HHV7_gp15	Human_herpesvirus_7_NC_001716.gtf	span	1	1	2349	2349	0	yes
HUM_HERP7_HHV7_gp16	Human_herpesvirus_7_NC_001716.gtf	span	1	1	1028	1028	0	yes
HUM_HERP7_HHV7_gp17	Human_herpesvirus_7_NC_001716.gtf	span	1	1	2473	2473	0	yes
HUM_HERP7_HHV7_gp18	Human_herpesvirus_7_NC_001716.gtf	span	1	1	1190	1190	0	yes
HUM_HERP7_HHV7_gp19	Human_herpesvirus_7_NC_001716.gtf	span	1	1	2131	2131	0	yes
HUM_HERP7_HHV7_gp20	Human_herpesvirus_7_NC_001716.gtf	span	1	1	1179	1179	0	yes
HUM_HERP7_HHV7_gp21	Human_herpesvirus_7_NC_001716.gtf	span	1	1	1005	1005	0	yes
HUM_HERP7_HHV7_gp22	Human_herpesvirus_7_NC_001716.gtf	span	1	1	651	651	0	yes
HUM_HERP7_HHV7_gp23	Human_herpesvirus_7_NC_001716.gtf	span	1	1	1998	1998	0	yes
HUM_HERP7_HHV7_gp24	Human_herpesvirus_7_NC_001716.gtf	span	1	1	916	916	0	yes
HUM_HERP7_HHV7_gp25	Human_herpesvirus_7_NC_001716.gtf	span	1	1	3293	3293	0	yes
HUM_HERP7_HHV7_gp26	Human_herpesvirus_7_NC_001716.gtf	span	1	1	2430	2430	0	yes
HUM_HERP7_HHV7_gp27	Human_herpesvirus_7_NC_001716.gtf	span	1	1	8997	8997	0	yes
HUM_HERP7_HHV7_gp28	Human_herpesvirus_7_NC_001716.gtf	span	1	1	6180	6180	0	yes
HUM_HERP7_HHV7_gp29	Human_herpesvirus_7_NC_001716.gtf	span	1	1	2867	2867	0	yes
HUM_HERP7_HHV7_gp30	Human_herpesvirus_7_NC_001716.gtf	span	1	1	2516	2516	0	yes
HUM_HERP7_HHV7_gp31	Human_herpesvirus_7_NC_001716.gtf	span	1	1	1789	1789	0	yes
HUM_HERP7_HHV7_gp32	Human_herpesvirus_7_NC_001716.gtf	span	1	1	375	375	0	yes
HUM_HERP7_HHV7_gp33	Human_herpesvirus_7_NC_001716.gtf	span	1	1	2501	2501	0	yes
HUM_HERP7_HHV7_gp34	Human_herpesvirus_7_NC_001716.gtf	span	1	1	1042	1042	0	yes
HUM_HERP7_HHV7_gp35	Human_herpesvirus_7_NC_001716.gtf	span	1	1	11051	11051	0	yes
HUM_HERP7_HHV7_gp36	Human_herpesvirus_7_NC_001716.gtf	span	1	1	7653	7653	0	yes
HUM_HERP7_HHV7_gp37	Human_herpesvirus_7_NC_001716.gtf	span	1	1	5525	5525	0	yes
HUM_HERP7_HHV7_gp38	Human_herpesvirus_7_NC_001716.gtf	span	1	1	3057	3057	0	yes
HUM_HERP7_HHV7_gp39	Human_herpesvirus_7_NC_001716.gtf	span	1	1	1721	1721	0	yes
HUM_HERP7_HHV7_gp40	Human_herpesvirus_7_NC_001716.gtf	span	1	1	2681	2681	0	yes
HUM_HERP7_HHV7_gp41	Human_herpesvirus_7_NC_001716.gtf	span	1	1	709	709	0	yes
HUM_HERP7_HHV7_gp42	Human_herpesvirus_7_NC_001716.gtf	span	1	1	1141	1141	0	yes
HUM_HERP7_HHV7_gp43	Human_herpesvirus_7_NC_001716.gtf	span	1	1	594	594	0	yes
HUM_HERP7_HHV7_gp44	Human_herpesvirus_7_NC_001716.gtf	span	1	1	1350	1350	0	yes
HUM_HERP7_HHV7_gp45	Human_herpesvirus_7_NC_001716.gtf	span	1	1	2193	2193	0	yes
HUM_HERP7_HHV7_gp46	Human_herpesvirus_7_NC_001716.gtf	span	1	1	3290	3290	0	yes
HUM_HERP7_HHV7_gp47	Human_herpesvirus_7_NC_001716.gtf	span	1	1	2755	2755	0	yes
HUM_HERP7_HHV7_gp48	Human_herpesvirus_7_NC_001716.gtf	span	1	1	989	989	0	yes
HUM_HERP7_HHV7_gp49	Human_herpesvirus_7_NC_001716.gtf	span	1	1	1023	1023	0	yes
HUM_HERP7_HHV7_gp50	Human_herpesvirus_7_NC_001716.gtf	span	1	1	1542	1542	0	yes
HUM_HERP7_HHV7_gp51	Human_herpesvirus_7_NC_001716.gtf	span	1	1	693	693	0	yes
HUM_HERP7_HHV7_gp52	Human_herpesvirus_7_NC_001716.gtf	span	1	1	4144	4144	0	yes
HUM_HERP7_HHV7_gp53	Human_herpesvirus_7_NC_001716.gtf	span	1	1	2768	2768	0	yes
HUM_HERP7_HHV7_gp54	Human_herpesvirus_7_NC_001716.gtf	span	1	1	1437	1437	0	yes
HUM_HERP7_HHV7_gp55	Human_herpesvirus_7_NC_001716.gtf	span	1	1	4927	4927	0	yes
HUM_HERP7_HHV7_gp56	Human_herpesvirus_7_NC_001716.gtf	span	1	1	887	887	0	yes
HUM_HERP7_HHV7_gp57	Human_herpesvirus_7_NC_001716.gtf	span	1	1	3552	3552	0	yes
HUM_HERP7_HHV7_gp58	Human_herpesvirus_7_NC_001716.gtf	span	1	1	1277	1277	0	yes
HUM_HERP7_HHV7_gp59	Human_herpesvirus_7_NC_001716.gtf	spliced	1	1	5198	2082	3116	no
HUM_HERP7_HHV7_gp60	Human_herpesvirus_7_NC_001716.gtf	span	1	1	3307	3307	0	yes
HUM_HERP7_HHV7_gp61	Human_herpesvirus_7_NC_001716.gtf	span	1	1	3108	3108	0	yes
HUM_HERP7_HHV7_gp62	Human_herpesvirus_7_NC_001716.gtf	span	1	1	2495	2495	0	yes
HUM_HERP7_HHV7_gp63	Human_herpesvirus_7_NC_001716.gtf	span	1	1	1213	1213	0	yes
HUM_HERP7_HHV7_gp64	Human_herpesvirus_7_NC_001716.gtf	span	1	1	4631	4631	0	yes
HUM_HERP7_HHV7_gp65	Human_herpesvirus_7_NC_001716.gtf	span	1	1	3591	3591	0	yes
HUM_HERP7_HHV7_gp66	Human_herpesvirus_7_NC_001716.gtf	span	1	1	3244	3244	0	yes
HUM_HERP7_HHV7_gp67	Human_herpesvirus_7_NC_001716.gtf	span	1	1	1602	1602	0	yes
HUM_HERP7_HHV7_gp68	Human_herpesvirus_7_NC_001716.gtf	span	1	1	223	223	0	yes
HUM_HERP7_HHV7_gp69	Human_herpesvirus_7_NC_001716.gtf	span	1	1	1042	1042	0	yes
HUM_HERP7_HHV7_gp70	Human_herpesvirus_7_NC_001716.gtf	span	1	1	4368	4368	0	yes
HUM_HERP7_HHV7_gp71	Human_herpesvirus_7_NC_001716.gtf	span	1	1	2054	2054	0	yes
HUM_HERP7_HHV7_gp72	Human_herpesvirus_7_NC_001716.gtf	span	1	1	2618	2618	0	yes
HUM_HERP7_HHV7_gp73	Human_herpesvirus_7_NC_001716.gtf	span	1	1	772	772	0	yes
HUM_HERP7_HHV7_gp74	Human_herpesvirus_7_NC_001716.gtf	span	1	1	2742	2742	0	yes
HUM_HERP7_HHV7_gp75	Human_herpesvirus_7_NC_001716.gtf	spliced	1	1	1851	1684	167	no
HUM_HERP7_HHV7_gp76	Human_herpesvirus_7_NC_001716.gtf	span	1	1	1623	1623	0	yes
HUM_HERP7_HHV7_gp77	Human_herpesvirus_7_NC_001716.gtf	span	1	1	793	793	0	yes
HUM_HERP7_HHV7_gp78	Human_herpesvirus_7_NC_001716.gtf	span	1	1	933	933	0	yes
HUM_HERP7_HHV7_gp79	Human_herpesvirus_7_NC_001716.gtf	span	1	1	1803	1803	0	yes
HUM_HERP7_HHV7_gp80	Human_herpesvirus_7_NC_001716.gtf	span	1	1	3630	3630	0	yes
HUM_HERP7_HHV7_gp81	Human_herpesvirus_7_NC_001716.gtf	spliced	1	1	4059	3898	161	no
HUM_HERP7_HHV7_gp82	Human_herpesvirus_7_NC_001716.gtf	spliced	1	1	1089	1013	76	no
HUM_HERP7_HHV7_gp83	Human_herpesvirus_7_NC_001716.gtf	span	1	1	2917	2917	0	yes
HUM_HERP7_HHV7_gp84	Human_herpesvirus_7_NC_001716.gtf	spliced	1	1	2752	1870	882	no
HUM_HERP7_HHV7_gp85	Human_herpesvirus_7_NC_001716.gtf	spliced	1	1	3413	3279	134	no
HUM_HERP7_HHV7_gp86	Human_herpesvirus_7_NC_001716.gtf	spliced	1	1	1370	1242	128	no
HUM_HERP7_HHV7_gp88	Human_herpesvirus_7_NC_001716.gtf	span	1	1	320	320	0	yes
HUM_HERP8_HHV8GK18_gp01	Human_herpesvirus_8_NC_009333.gtf	passthrough	1	1	1055	1055	0	yes
HUM_HERP8_HHV8GK18_gp02	Human_herpesvirus_8_NC_009333.gtf	span	1	1	15975	15975	0	yes
HUM_HERP8_HHV8GK18_gp03	Human_herpesvirus_8_NC_009333.gtf	span	1	1	13848	13848	0	yes
HUM_HERP8_HHV8GK18_gp04	Human_herpesvirus_8_NC_009333.gtf	span	1	1	10433	10433	0	yes
HUM_HERP8_HHV8GK18_gp05	Human_herpesvirus_8_NC_009333.gtf	span	1	1	8362	8362	0	yes
HUM_HERP8_HHV8GK18_gp06	Human_herpesvirus_8_NC_009333.gtf	span	1	1	5698	5698	0	yes
HUM_HERP8_HHV8GK18_gp07	Human_herpesvirus_8_NC_009333.gtf	span	1	1	2542	2542	0	yes
HUM_HERP8_HHV8GK18_gp08	Human_herpesvirus_8_NC_009333.gtf	span	1	1	1271	1271	0	yes
HUM_HERP8_HHV8GK18_gp09	Human_herpesvirus_8_NC_009333.gtf	span	1	1	1354	1354	0	yes
HUM_HERP8_HHV8GK18_gp10	Human_herpesvirus_8_NC_009333.gtf	span	1	1	676	676	0	yes
HUM_HERP8_HHV8GK18_gp11	Human_herpesvirus_8_NC_009333.gtf	span	1	1	970	970	0	yes
HUM_HERP8_HHV8GK18_gp12	Human_herpesvirus_8_NC_009333.gtf	span	1	1	1215	1215	0	yes
HUM_HERP8_HHV8GK18_gp13	Human_herpesvirus_8_NC_009333.gtf	span	1	1	490	490	0	yes
HUM_HERP8_HHV8GK18_gp14	Human_herpesvirus_8_NC_009333.gtf	span	1	1	1172	1172	0	yes
HUM_HERP8_HHV8GK18_gp15	Human_herpesvirus_8_NC_009333.gtf	span	1	1	555	555	0	yes
HUM_HERP8_HHV8GK18_gp16	Human_herpesvirus_8_NC_009333.gtf	span	1	1	771	771	0	yes
HUM_HERP8_HHV8GK18_gp17	Human_herpesvirus_8_NC_009333.gtf	span	1	1	510	510	0	yes
HUM_HERP8_HHV8GK18_gp18	Human_herpesvirus_8_NC_009333.gtf	span	1	1	1103	1103	0	yes
HUM_HERP8_HHV8GK18_gp19	Human_herpesvirus_8_NC_009333.gtf	span	1	1	593	593	0	yes
HUM_HERP8_HHV8GK18_gp20	Human_herpesvirus_8_NC_009333.gtf	span	1	1	1668	1668	0	yes
HUM_HERP8_HHV8GK18_gp21	Human_herpesvirus_8_NC_009333.gtf	span	1	1	930	930	0	yes
HUM_HERP8_HHV8GK18_gp22	Human_herpesvirus_8_NC_009333.gtf	span	1	1	1013	1013	0	yes
HUM_HERP8_HHV8GK18_gp23	Human_herpesvirus_8_NC_009333.gtf	span	1	1	2517	2517	0	yes
HUM_HERP8_HHV8GK18_gp24	Human_herpesvirus_8_NC_009333.gtf	span	1	1	1976	1976	0	yes
HUM_HERP8_HHV8GK18_gp25	Human_herpesvirus_8_NC_009333.gtf	span	1	1	3935	3935	0	yes
HUM_HERP8_HHV8GK18_gp26	Human_herpesvirus_8_NC_009333.gtf	span	1	1	2205	2205	0	yes
HUM_HERP8_HHV8GK18_gp27	Human_herpesvirus_8_NC_009333.gtf	span	1	1	3481	3481	0	yes
HUM_HERP8_HHV8GK18_gp28	Human_herpesvirus_8_NC_009333.gtf	span	1	1	1219	1219	0	yes
HUM_HERP8_HHV8GK18_gp29	Human_herpesvirus_8_NC_009333.gtf	span	1	1	5971	5971	0	yes
HUM_HERP8_HHV8GK18_gp30	Human_herpesvirus_8_NC_009333.gtf	span	1	1	1815	1815	0	yes
HUM_HERP8_HHV8GK18_gp31	Human_herpesvirus_8_NC_009333.gtf	span	1	1	874	874	0	yes
HUM_HERP8_HHV8GK18_gp32	Human_herpesvirus_8_NC_009333.gtf	span	1	1	309	309	0	yes
HUM_HERP8_HHV8GK18_gp33	Human_herpesvirus_8_NC_009333.gtf	spliced	1	1	5315	2065	3250	no
HUM_HERP8_HHV8GK18_gp34	Human_herpesvirus_8_NC_009333.gtf	span	1	1	3454	3454	0	yes
HUM_HERP8_HHV8GK18_gp35	Human_herpesvirus_8_NC_009333.gtf	span	1	1	3224	3224	0	yes
HUM_HERP8_HHV8GK18_gp36	Human_herpesvirus_8_NC_009333.gtf	span	1	1	2673	2673	0	yes
HUM_HERP8_HHV8GK18_gp37	Human_herpesvirus_8_NC_009333.gtf	span	1	1	1316	1316	0	yes
HUM_HERP8_HHV8GK18_gp38	Human_herpesvirus_8_NC_009333.gtf	passthrough	1	1	4310	4310	0	yes
HUM_HERP8_HHV8GK18_gp39	Human_herpesvirus_8_NC_009333.gtf	passthrough	1	1	3309	3309	0	yes
HUM_HERP8_HHV8GK18_gp40	Human_herpesvirus_8_NC_009333.gtf	span	1	1	2900	2900	0	yes
HUM_HERP8_HHV8GK18_gp41	Human_herpesvirus_8_NC_009333.gtf	span	1	1	1603	1603	0	yes
HUM_HERP8_HHV8GK18_gp42	Human_herpesvirus_8_NC_009333.gtf	span	1	1	188	188	0	yes
HUM_HERP8_HHV8GK18_gp43	Human_herpesvirus_8_NC_009333.gtf	span	1	1	1275	1275	0	yes
HUM_HERP8_HHV8GK18_gp44	Human_herpesvirus_8_NC_009333.gtf	spliced	1	1	2238	2111	127	no
HUM_HERP8_HHV8GK18_gp45	Human_herpesvirus_8_NC_009333.gtf	span	1	1	2519	2519	0	yes
HUM_HERP8_HHV8GK18_gp46	Human_herpesvirus_8_NC_009333.gtf	span	1	1	838	838	0	yes
HUM_HERP8_HHV8GK18_gp47	Human_herpesvirus_8_NC_009333.gtf	span	1	1	2409	2409	0	yes
HUM_HERP8_HHV8GK18_gp48	Human_herpesvirus_8_NC_009333.gtf	span	1	1	4037	4037	0	yes
HUM_HERP8_HHV8GK18_gp49	Human_herpesvirus_8_NC_009333.gtf	span	1	1	2571	2571	0	yes
HUM_HERP8_HHV8GK18_gp50	Human_herpesvirus_8_NC_009333.gtf	span	1	1	2060	2060	0	yes
HUM_HERP8_HHV8GK18_gp51	Human_herpesvirus_8_NC_009333.gtf	span	1	1	1232	1232	0	yes
HUM_HERP8_HHV8GK18_gp52	Human_herpesvirus_8_NC_009333.gtf	spliced	1	1	5124	4166	958	no
HUM_HERP8_HHV8GK18_gp53	Human_herpesvirus_8_NC_009333.gtf	span	1	1	910	910	0	yes
HUM_HERP8_HHV8GK18_gp54	Human_herpesvirus_8_NC_009333.gtf	spliced	1	1	1870	1789	81	no
HUM_HERP8_HHV8GK18_gp55	Human_herpesvirus_8_NC_009333.gtf	spliced	1	1	805	711	94	no
HUM_HERP8_HHV8GK18_gp56	Human_herpesvirus_8_NC_009333.gtf	span	1	1	474	474	0	yes
HUM_HERP8_HHV8GK18_gp57	Human_herpesvirus_8_NC_009333.gtf	span	1	1	388	388	0	yes
HUM_HERP8_HHV8GK18_gp58	Human_herpesvirus_8_NC_009333.gtf	span	1	1	958	958	0	yes
HUM_HERP8_HHV8GK18_gp59	Human_herpesvirus_8_NC_009333.gtf	span	1	1	730	730	0	yes
HUM_HERP8_HHV8GK18_gp60	Human_herpesvirus_8_NC_009333.gtf	span	1	1	4179	4179	0	yes
HUM_HERP8_HHV8GK18_gp61	Human_herpesvirus_8_NC_009333.gtf	spliced	1	1	1545	1437	108	no
HUM_HERP8_HHV8GK18_gp62	Human_herpesvirus_8_NC_009333.gtf	passthrough	1	1	1502	1502	0	yes
HUM_HERP8_HHV8GK18_gp63	Human_herpesvirus_8_NC_009333.gtf	passthrough	2	2	5770	5770	0	yes
HUM_HERP8_HHV8GK18_gp64	Human_herpesvirus_8_NC_009333.gtf	passthrough	1	1	1944	1944	0	yes
HUM_HERP8_HHV8GK18_gp65	Human_herpesvirus_8_NC_009333.gtf	passthrough	1	1	2352	2352	0	yes
HUM_HERP8_HHV8GK18_gp66	Human_herpesvirus_8_NC_009333.gtf	span	1	1	5744	5744	0	yes
HUM_HERP8_HHV8GK18_gp67	Human_herpesvirus_8_NC_009333.gtf	span	1	1	3337	3337	0	yes
HUM_HERP8_HHV8GK18_gp68	Human_herpesvirus_8_NC_009333.gtf	span	1	1	1094	1094	0	yes
HUM_HERP8_HHV8GK18_gp69	Human_herpesvirus_8_NC_009333.gtf	span	1	1	6724	6724	0	yes
HUM_HERP8_HHV8GK18_gp70	Human_herpesvirus_8_NC_009333.gtf	span	1	1	2269	2269	0	yes
HUM_HERP8_HHV8GK18_gp71	Human_herpesvirus_8_NC_009333.gtf	span	1	1	10700	10700	0	yes
HUM_HERP8_HHV8GK18_gp72	Human_herpesvirus_8_NC_009333.gtf	span	1	1	7908	7908	0	yes
HUM_HERP8_HHV8GK18_gp73	Human_herpesvirus_8_NC_009333.gtf	span	1	1	2985	2985	0	yes
HUM_HERP8_HHV8GK18_gp74	Human_herpesvirus_8_NC_009333.gtf	span	1	1	2688	2688	0	yes
HUM_HERP8_HHV8GK18_gp75	Human_herpesvirus_8_NC_009333.gtf	span	1	1	1939	1939	0	yes
HUM_HERP8_HHV8GK18_gp76	Human_herpesvirus_8_NC_009333.gtf	span	1	1	623	623	0	yes
HUM_HERP8_HHV8GK18_gp77	Human_herpesvirus_8_NC_009333.gtf	span	1	1	2407	2407	0	yes
HUM_HERP8_HHV8GK18_gp78	Human_herpesvirus_8_NC_009333.gtf	span	1	1	971	971	0	yes
HUM_HERP8_HHV8GK18_gp79	Human_herpesvirus_8_NC_009333.gtf	passthrough	1	1	699	699	0	yes
HUM_HERP8_HHV8GK18_gp80	Human_herpesvirus_8_NC_009333.gtf	span	1	1	623	623	0	yes
HUM_HERP8_HHV8GK18_gp81	Human_herpesvirus_8_NC_009333.gtf	span	1	1	4437	4437	0	yes
HUM_HERP8_HHV8GK18_gp82	Human_herpesvirus_8_NC_009333.gtf	span	1	1	806	806	0	yes
HUM_HERP8_HHV8GK18_gp83	Human_herpesvirus_8_NC_009333.gtf	span	1	1	2706	2706	0	yes
HUM_HERP8_HHV8GK18_gp84	Human_herpesvirus_8_NC_009333.gtf	span	1	1	1152	1152	0	yes
HUM_HERP8_HHV8GK18_gp85	Human_herpesvirus_8_NC_009333.gtf	spliced	1	1	6245	5639	606	no
HUM_HERP8_HHV8GK18_gp86	Human_herpesvirus_8_NC_009333.gtf	span	1	1	3935	3935	0	yes
HUM_HERP8_HHV8_gs01	Human_herpesvirus_8_NC_009333.gtf	passthrough	1	1	1077	1077	0	yes
HUM_HERP8_HHV8_gs02	Human_herpesvirus_8_NC_009333.gtf	passthrough	1	1	22	22	0	yes
HUM_HERP8_HHV8_gs03	Human_herpesvirus_8_NC_009333.gtf	passthrough	1	1	20	20	0	yes
HUM_HERP8_HHV8_gs04	Human_herpesvirus_8_NC_009333.gtf	passthrough	1	1	23	23	0	yes
HUM_HERP8_HHV8_gs05	Human_herpesvirus_8_NC_009333.gtf	passthrough	1	1	22	22	0	yes
HUM_HERP8_HHV8_gs06	Human_herpesvirus_8_NC_009333.gtf	passthrough	1	1	22	22	0	yes
HUM_HERP8_HHV8_gs07	Human_herpesvirus_8_NC_009333.gtf	passthrough	1	1	22	22	0	yes
HUM_HERP8_HHV8_gs08	Human_herpesvirus_8_NC_009333.gtf	passthrough	1	1	23	23	0	yes
HUM_HERP8_HHV8_gs09	Human_herpesvirus_8_NC_009333.gtf	passthrough	1	1	22	22	0	yes
HUM_HERP8_HHV8_gs10	Human_herpesvirus_8_NC_009333.gtf	passthrough	1	1	23	23	0	yes
HUM_HERP8_unassigned_gene_1	Human_herpesvirus_8_NC_009333.gtf	passthrough	1	1	23	23	0	yes
HUM_HERP8_unassigned_gene_2	Human_herpesvirus_8_NC_009333.gtf	passthrough	1	1	2527	2527	0	yes
HIV1_HIV1gp1	Human_immunodeficiency_virus_1_NC_001802.gtf	passthrough	1	1	4307	4307	0	yes
HIV1_HIV1gp10	Human_immunodeficiency_virus_1_NC_001802.gtf	passthrough	1	1	570	570	0	yes
HIV1_HIV1gp2	Human_immunodeficiency_virus_1_NC_001802.gtf	passthrough	1	1	1503	1503	0	yes
HIV1_HIV1gp3	Human_immunodeficiency_virus_1_NC_001802.gtf	passthrough	1	1	579	579	0	yes
HIV1_HIV1gp4	Human_immunodeficiency_virus_1_NC_001802.gtf	passthrough	1	1	291	291	0	yes
HIV1_HIV1gp5	Human_immunodeficiency_virus_1_NC_001802.gtf	passthrough	1	1	261	261	0	yes
HIV1_HIV1gp6	Human_immunodeficiency_virus_1_NC_001802.gtf	passthrough	1	1	351	351	0	yes
HIV1_HIV1gp7	Human_immunodeficiency_virus_1_NC_001802.gtf	passthrough	1	1	249	249	0	yes
HIV1_HIV1gp8	Human_immunodeficiency_virus_1_NC_001802.gtf	passthrough	1	1	2571	2571	0	yes
HIV1_HIV1gp9	Human_immunodeficiency_virus_1_NC_001802.gtf	passthrough	1	1	621	621	0	yes
HIV2_HIV2gp1	Human_immunodeficiency_virus_2_NC_001722.gtf	passthrough	2	2	6218	6218	0	yes
HIV2_HIV2gp2	Human_immunodeficiency_virus_2_NC_001722.gtf	passthrough	1	1	648	648	0	yes
HIV2_HIV2gp3	Human_immunodeficiency_virus_2_NC_001722.gtf	passthrough	1	1	342	342	0	yes
HIV2_HIV2gp4	Human_immunodeficiency_virus_2_NC_001722.gtf	passthrough	1	1	264	264	0	yes
HIV2_HIV2gp5	Human_immunodeficiency_virus_2_NC_001722.gtf	passthrough	1	1	393	393	0	yes
HIV2_HIV2gp6	Human_immunodeficiency_virus_2_NC_001722.gtf	passthrough	1	1	312	312	0	yes
HIV2_HIV2gp7	Human_immunodeficiency_virus_2_NC_001722.gtf	passthrough	1	1	2583	2583	0	yes
HIV2_HIV2gp8	Human_immunodeficiency_virus_2_NC_001722.gtf	passthrough	1	1	774	774	0	yes
NC_001460.1_HAdVAgp01	Human_mastadenovirus_A_NC_001460.gtf	passthrough	1	1	801	801	0	yes
NC_001460.1_HAdVAgp02	Human_mastadenovirus_A_NC_001460.gtf	passthrough	1	1	492	492	0	yes
NC_001460.1_HAdVAgp02_dup2	Human_mastadenovirus_A_NC_001460.gtf	passthrough	1	1	1449	1449	0	yes
NC_001460.1_HAdVAgp03	Human_mastadenovirus_A_NC_001460.gtf	passthrough	1	1	435	435	0	yes
NC_001460.1_HAdVAgp04	Human_mastadenovirus_A_NC_001460.gtf	passthrough	1	1	1359	1359	0	yes
NC_001460.1_HAdVAgp05	Human_mastadenovirus_A_NC_001460.gtf	passthrough	1	1	3570	3570	0	yes
NC_001460.1_HAdVAgp05_dup2	Human_mastadenovirus_A_NC_001460.gtf	passthrough	1	1	1926	1926	0	yes
NC_001460.1_HAdVAgp06	Human_mastadenovirus_A_NC_001460.gtf	passthrough	1	1	1764	1764	0	yes
NC_001460.1_HAdVAgp07	Human_mastadenovirus_A_NC_001460.gtf	passthrough	1	1	2349	2349	0	yes
NC_001460.1_HAdVAgp07_dup2	Human_mastadenovirus_A_NC_001460.gtf	passthrough	1	1	618	618	0	yes
NC_001460.1_HAdVAgp07_dup3	Human_mastadenovirus_A_NC_001460.gtf	passthrough	1	1	549	549	0	yes
NC_001460.1_HAdVAgp07_dup4	Human_mastadenovirus_A_NC_001460.gtf	passthrough	1	1	702	702	0	yes
NC_001460.1_HAdVAgp08	Human_mastadenovirus_A_NC_001460.gtf	passthrough	1	1	798	798	0	yes
NC_001460.1_HAdVAgp08_dup2	Human_mastadenovirus_A_NC_001460.gtf	passthrough	1	1	2760	2760	0	yes
NC_001460.1_HAdVAgp08_dup3	Human_mastadenovirus_A_NC_001460.gtf	passthrough	1	1	621	621	0	yes
NC_001460.1_HAdVAgp09	Human_mastadenovirus_A_NC_001460.gtf	passthrough	1	1	1494	1494	0	yes
NC_001460.1_HAdVAgp09_dup2	Human_mastadenovirus_A_NC_001460.gtf	passthrough	1	1	567	567	0	yes
NC_001460.1_HAdVAgp09_dup3	Human_mastadenovirus_A_NC_001460.gtf	passthrough	1	1	1035	1035	0	yes
NC_001460.1_HAdVAgp09_dup4	Human_mastadenovirus_A_NC_001460.gtf	passthrough	1	1	219	219	0	yes
NC_001460.1_HAdVAgp10	Human_mastadenovirus_A_NC_001460.gtf	passthrough	1	1	429	429	0	yes
NC_001460.1_HAdVAgp10_dup2	Human_mastadenovirus_A_NC_001460.gtf	passthrough	1	1	1122	1122	0	yes
NC_001460.1_HAdVAgp10_dup3	Human_mastadenovirus_A_NC_001460.gtf	passthrough	1	1	1749	1749	0	yes
NC_001460.1_HAdVAgp11	Human_mastadenovirus_A_NC_001460.gtf	passthrough	1	1	141	141	0	yes
NC_001460.1_HAdVAgp12	Human_mastadenovirus_A_NC_001460.gtf	passthrough	1	1	1455	1455	0	yes
NC_001460.1_HAdVAgp14	Human_mastadenovirus_A_NC_001460.gtf	passthrough	1	1	318	318	0	yes
NC_001460.1_HAdVAgp14_dup2	Human_mastadenovirus_A_NC_001460.gtf	passthrough	1	1	795	795	0	yes
NC_001460.1_HAdVAgp14_dup3	Human_mastadenovirus_A_NC_001460.gtf	passthrough	1	1	807	807	0	yes
NC_001460.1_HAdVAgp14_dup4	Human_mastadenovirus_A_NC_001460.gtf	passthrough	1	1	276	276	0	yes
NC_001460.1_HAdVAgp14_dup5	Human_mastadenovirus_A_NC_001460.gtf	passthrough	1	1	333	333	0	yes
NC_001460.1_HAdVAgp14_dup6	Human_mastadenovirus_A_NC_001460.gtf	passthrough	1	1	387	387	0	yes
NC_001460.1_HAdVAgp15	Human_mastadenovirus_A_NC_001460.gtf	passthrough	1	1	155	155	0	yes
NC_001460.1_HAdVAgp16	Human_mastadenovirus_A_NC_001460.gtf	passthrough	1	1	378	378	0	yes
NC_001460.1_HAdVAgp16_dup2	Human_mastadenovirus_A_NC_001460.gtf	passthrough	1	1	876	876	0	yes
NC_001460.1_HAdVAgp16_dup3	Human_mastadenovirus_A_NC_001460.gtf	passthrough	1	1	363	363	0	yes
NC_001460.1_HAdVAgp16_dup4	Human_mastadenovirus_A_NC_001460.gtf	passthrough	1	1	351	351	0	yes
NC_001460.1_HAdVAgp16_dup5	Human_mastadenovirus_A_NC_001460.gtf	passthrough	1	1	396	396	0	yes
NC_001460.1_HAdVAgp16_dup6	Human_mastadenovirus_A_NC_001460.gtf	passthrough	1	1	384	384	0	yes
NC_011202.1_HAdVB2_gp01	Human_mastadenovirus_B_NC_011202.gtf	passthrough	1	1	789	789	0	yes
NC_011202.1_HAdVB2_gp02	Human_mastadenovirus_B_NC_011202.gtf	passthrough	1	1	543	543	0	yes
NC_011202.1_HAdVB2_gp02_dup2	Human_mastadenovirus_B_NC_011202.gtf	passthrough	1	1	1485	1485	0	yes
NC_011202.1_HAdVB2_gp03	Human_mastadenovirus_B_NC_011202.gtf	passthrough	1	1	420	420	0	yes
NC_011202.1_HAdVB2_gp04	Human_mastadenovirus_B_NC_011202.gtf	passthrough	1	1	3582	3582	0	yes
NC_011202.1_HAdVB2_gp04_dup2	Human_mastadenovirus_B_NC_011202.gtf	passthrough	1	1	1971	1971	0	yes
NC_011202.1_HAdVB2_gp05	Human_mastadenovirus_B_NC_011202.gtf	passthrough	1	1	1347	1347	0	yes
NC_011202.1_HAdVB2_gp06	Human_mastadenovirus_B_NC_011202.gtf	passthrough	1	1	978	978	0	yes
NC_011202.1_HAdVB2_gp07	Human_mastadenovirus_B_NC_011202.gtf	passthrough	1	1	2439	2439	0	yes
NC_011202.1_HAdVB2_gp07_dup2	Human_mastadenovirus_B_NC_011202.gtf	passthrough	1	1	681	681	0	yes
NC_011202.1_HAdVB2_gp07_dup3	Human_mastadenovirus_B_NC_011202.gtf	passthrough	1	1	576	576	0	yes
NC_011202.1_HAdVB2_gp07_dup4	Human_mastadenovirus_B_NC_011202.gtf	passthrough	1	1	684	684	0	yes
NC_011202.1_HAdVB2_gp08	Human_mastadenovirus_B_NC_011202.gtf	passthrough	1	1	741	741	0	yes
NC_011202.1_HAdVB2_gp08_dup2	Human_mastadenovirus_B_NC_011202.gtf	passthrough	1	1	2847	2847	0	yes
NC_011202.1_HAdVB2_gp08_dup3	Human_mastadenovirus_B_NC_011202.gtf	passthrough	1	1	630	630	0	yes
NC_011202.1_HAdVB2_gp09	Human_mastadenovirus_B_NC_011202.gtf	passthrough	1	1	1686	1686	0	yes
NC_011202.1_HAdVB2_gp09_dup2	Human_mastadenovirus_B_NC_011202.gtf	passthrough	1	1	579	579	0	yes
NC_011202.1_HAdVB2_gp09_dup3	Human_mastadenovirus_B_NC_011202.gtf	passthrough	1	1	1056	1056	0	yes
NC_011202.1_HAdVB2_gp09_dup4	Human_mastadenovirus_B_NC_011202.gtf	passthrough	1	1	231	231	0	yes
NC_011202.1_HAdVB2_gp10	Human_mastadenovirus_B_NC_011202.gtf	passthrough	1	1	420	420	0	yes
NC_011202.1_HAdVB2_gp10_dup2	Human_mastadenovirus_B_NC_011202.gtf	passthrough	1	1	1167	1167	0	yes
NC_011202.1_HAdVB2_gp10_dup3	Human_mastadenovirus_B_NC_011202.gtf	passthrough	1	1	1764	1764	0	yes
NC_011202.1_HAdVB2_gp11	Human_mastadenovirus_B_NC_011202.gtf	passthrough	1	1	1557	1557	0	yes
NC_011202.1_HAdVB2_gp13	Human_mastadenovirus_B_NC_011202.gtf	passthrough	1	1	318	318	0	yes
NC_011202.1_HAdVB2_gp13_dup2	Human_mastadenovirus_B_NC_011202.gtf	passthrough	1	1	396	396	0	yes
NC_011202.1_HAdVB2_gp13_dup3	Human_mastadenovirus_B_NC_011202.gtf	passthrough	1	1	501	501	0	yes
NC_011202.1_HAdVB2_gp13_dup4	Human_mastadenovirus_B_NC_011202.gtf	passthrough	1	1	546	546	0	yes
NC_011202.1_HAdVB2_gp13_dup5	Human_mastadenovirus_B_NC_011202.gtf	passthrough	1	1	564	564	0	yes
NC_011202.1_HAdVB2_gp13_dup6	Human_mastadenovirus_B_NC_011202.gtf	passthrough	1	1	276	276	0	yes
NC_011202.1_HAdVB2_gp13_dup7	Human_mastadenovirus_B_NC_011202.gtf	passthrough	1	1	405	405	0	yes
NC_011202.1_HAdVB2_gp13_dup8	Human_mastadenovirus_B_NC_011202.gtf	passthrough	1	1	408	408	0	yes
NC_011202.1_HAdVB2_gp14	Human_mastadenovirus_B_NC_011202.gtf	passthrough	1	1	161	161	0	yes
NC_011202.1_HAdVB2_gp15	Human_mastadenovirus_B_NC_011202.gtf	passthrough	1	1	426	426	0	yes
NC_011202.1_HAdVB2_gp15_dup2	Human_mastadenovirus_B_NC_011202.gtf	passthrough	1	1	900	900	0	yes
NC_011202.1_HAdVB2_gp15_dup3	Human_mastadenovirus_B_NC_011202.gtf	passthrough	1	1	369	369	0	yes
NC_011202.1_HAdVB2_gp15_dup4	Human_mastadenovirus_B_NC_011202.gtf	passthrough	1	1	354	354	0	yes
NC_011202.1_HAdVB2_gp15_dup5	Human_mastadenovirus_B_NC_011202.gtf	passthrough	1	1	390	390	0	yes
NC_011202.1_HAdVB2_gp15_dup6	Human_mastadenovirus_B_NC_011202.gtf	passthrough	1	1	378	378	0	yes
NC_011202.1_HAdVB2_gr01	Human_mastadenovirus_B_NC_011202.gtf	passthrough	1	1	193	193	0	yes
NC_011203.1_HAdVB1_gp01	Human_mastadenovirus_B_NC_011203.gtf	passthrough	1	1	786	786	0	yes
NC_011203.1_HAdVB1_gp02	Human_mastadenovirus_B_NC_011203.gtf	passthrough	1	1	537	537	0	yes
NC_011203.1_HAdVB1_gp02_dup2	Human_mastadenovirus_B_NC_011203.gtf	passthrough	1	1	1479	1479	0	yes
NC_011203.1_HAdVB1_gp03	Human_mastadenovirus_B_NC_011203.gtf	passthrough	1	1	417	417	0	yes
NC_011203.1_HAdVB1_gp04	Human_mastadenovirus_B_NC_011203.gtf	passthrough	1	1	3582	3582	0	yes
NC_011203.1_HAdVB1_gp04_dup2	Human_mastadenovirus_B_NC_011203.gtf	passthrough	1	1	1977	1977	0	yes
NC_011203.1_HAdVB1_gp05	Human_mastadenovirus_B_NC_011203.gtf	passthrough	1	1	1347	1347	0	yes
NC_011203.1_HAdVB1_gp06	Human_mastadenovirus_B_NC_011203.gtf	passthrough	1	1	960	960	0	yes
NC_011203.1_HAdVB1_gp07	Human_mastadenovirus_B_NC_011203.gtf	passthrough	1	1	2487	2487	0	yes
NC_011203.1_HAdVB1_gp07_dup2	Human_mastadenovirus_B_NC_011203.gtf	passthrough	1	1	705	705	0	yes
NC_011203.1_HAdVB1_gp07_dup3	Human_mastadenovirus_B_NC_011203.gtf	passthrough	1	1	600	600	0	yes
NC_011203.1_HAdVB1_gp07_dup4	Human_mastadenovirus_B_NC_011203.gtf	passthrough	1	1	684	684	0	yes
NC_011203.1_HAdVB1_gp08	Human_mastadenovirus_B_NC_011203.gtf	passthrough	1	1	753	753	0	yes
NC_011203.1_HAdVB1_gp08_dup2	Human_mastadenovirus_B_NC_011203.gtf	passthrough	1	1	2835	2835	0	yes
NC_011203.1_HAdVB1_gp08_dup3	Human_mastadenovirus_B_NC_011203.gtf	passthrough	1	1	630	630	0	yes
NC_011203.1_HAdVB1_gp09	Human_mastadenovirus_B_NC_011203.gtf	passthrough	1	1	1635	1635	0	yes
NC_011203.1_HAdVB1_gp09_dup2	Human_mastadenovirus_B_NC_011203.gtf	passthrough	1	1	579	579	0	yes
NC_011203.1_HAdVB1_gp09_dup3	Human_mastadenovirus_B_NC_011203.gtf	passthrough	1	1	1050	1050	0	yes
NC_011203.1_HAdVB1_gp09_dup4	Human_mastadenovirus_B_NC_011203.gtf	passthrough	1	1	228	228	0	yes
NC_011203.1_HAdVB1_gp10	Human_mastadenovirus_B_NC_011203.gtf	passthrough	1	1	420	420	0	yes
NC_011203.1_HAdVB1_gp10_dup2	Human_mastadenovirus_B_NC_011203.gtf	passthrough	1	1	1158	1158	0	yes
NC_011203.1_HAdVB1_gp10_dup3	Human_mastadenovirus_B_NC_011203.gtf	passthrough	1	1	1767	1767	0	yes
NC_011203.1_HAdVB1_gp11	Human_mastadenovirus_B_NC_011203.gtf	passthrough	1	1	1554	1554	0	yes
NC_011203.1_HAdVB1_gp13	Human_mastadenovirus_B_NC_011203.gtf	passthrough	1	1	321	321	0	yes
NC_011203.1_HAdVB1_gp13_dup2	Human_mastadenovirus_B_NC_011203.gtf	passthrough	1	1	441	441	0	yes
NC_011203.1_HAdVB1_gp13_dup3	Human_mastadenovirus_B_NC_011203.gtf	passthrough	1	1	519	519	0	yes
NC_011203.1_HAdVB1_gp13_dup4	Human_mastadenovirus_B_NC_011203.gtf	passthrough	1	1	540	540	0	yes
NC_011203.1_HAdVB1_gp13_dup5	Human_mastadenovirus_B_NC_011203.gtf	passthrough	1	1	570	570	0	yes
NC_011203.1_HAdVB1_gp13_dup6	Human_mastadenovirus_B_NC_011203.gtf	passthrough	1	1	234	234	0	yes
NC_011203.1_HAdVB1_gp13_dup7	Human_mastadenovirus_B_NC_011203.gtf	passthrough	1	1	276	276	0	yes
NC_011203.1_HAdVB1_gp13_dup8	Human_mastadenovirus_B_NC_011203.gtf	passthrough	1	1	405	405	0	yes
NC_011203.1_HAdVB1_gp13_dup9	Human_mastadenovirus_B_NC_011203.gtf	passthrough	1	1	411	411	0	yes
NC_011203.1_HAdVB1_gp14	Human_mastadenovirus_B_NC_011203.gtf	passthrough	1	1	158	158	0	yes
NC_011203.1_HAdVB1_gp15	Human_mastadenovirus_B_NC_011203.gtf	passthrough	1	1	426	426	0	yes
NC_011203.1_HAdVB1_gp15_dup2	Human_mastadenovirus_B_NC_011203.gtf	passthrough	1	1	900	900	0	yes
NC_011203.1_HAdVB1_gp15_dup3	Human_mastadenovirus_B_NC_011203.gtf	passthrough	1	1	369	369	0	yes
NC_011203.1_HAdVB1_gp15_dup4	Human_mastadenovirus_B_NC_011203.gtf	passthrough	1	1	354	354	0	yes
NC_011203.1_HAdVB1_gp15_dup5	Human_mastadenovirus_B_NC_011203.gtf	passthrough	1	1	390	390	0	yes
NC_011203.1_HAdVB1_gp15_dup6	Human_mastadenovirus_B_NC_011203.gtf	passthrough	1	1	378	378	0	yes
NC_011203.1_HAdVB1_gs01	Human_mastadenovirus_B_NC_011203.gtf	passthrough	1	1	171	171	0	yes
NC_011203.1_HAdVB1_gs02	Human_mastadenovirus_B_NC_011203.gtf	passthrough	1	1	173	173	0	yes
NC_010956.1_HuAdVD_gp01	Human_mastadenovirus_D_NC_010956.gtf	passthrough	1	1	756	756	0	yes
NC_010956.1_HuAdVD_gp02	Human_mastadenovirus_D_NC_010956.gtf	passthrough	1	1	549	549	0	yes
NC_010956.1_HuAdVD_gp02_dup2	Human_mastadenovirus_D_NC_010956.gtf	passthrough	1	1	1488	1488	0	yes
NC_010956.1_HuAdVD_gp03	Human_mastadenovirus_D_NC_010956.gtf	passthrough	1	1	405	405	0	yes
NC_010956.1_HuAdVD_gp04	Human_mastadenovirus_D_NC_010956.gtf	passthrough	1	1	3531	3531	0	yes
NC_010956.1_HuAdVD_gp04_dup2	Human_mastadenovirus_D_NC_010956.gtf	passthrough	1	1	1908	1908	0	yes
NC_010956.1_HuAdVD_gp05	Human_mastadenovirus_D_NC_010956.gtf	passthrough	1	1	1347	1347	0	yes
NC_010956.1_HuAdVD_gp06	Human_mastadenovirus_D_NC_010956.gtf	passthrough	1	1	1089	1089	0	yes
NC_010956.1_HuAdVD_gp07	Human_mastadenovirus_D_NC_010956.gtf	passthrough	1	1	2199	2199	0	yes
NC_010956.1_HuAdVD_gp07_dup2	Human_mastadenovirus_D_NC_010956.gtf	passthrough	1	1	522	522	0	yes
NC_010956.1_HuAdVD_gp07_dup3	Human_mastadenovirus_D_NC_010956.gtf	passthrough	1	1	414	414	0	yes
NC_010956.1_HuAdVD_gp07_dup4	Human_mastadenovirus_D_NC_010956.gtf	passthrough	1	1	684	684	0	yes
NC_010956.1_HuAdVD_gp08	Human_mastadenovirus_D_NC_010956.gtf	passthrough	1	1	708	708	0	yes
NC_010956.1_HuAdVD_gp08_dup2	Human_mastadenovirus_D_NC_010956.gtf	passthrough	1	1	2832	2832	0	yes
NC_010956.1_HuAdVD_gp08_dup3	Human_mastadenovirus_D_NC_010956.gtf	passthrough	1	1	630	630	0	yes
NC_010956.1_HuAdVD_gp09	Human_mastadenovirus_D_NC_010956.gtf	passthrough	1	1	1560	1560	0	yes
NC_010956.1_HuAdVD_gp09_dup2	Human_mastadenovirus_D_NC_010956.gtf	passthrough	1	1	585	585	0	yes
NC_010956.1_HuAdVD_gp09_dup3	Human_mastadenovirus_D_NC_010956.gtf	passthrough	1	1	1005	1005	0	yes
NC_010956.1_HuAdVD_gp09_dup4	Human_mastadenovirus_D_NC_010956.gtf	passthrough	1	1	225	225	0	yes
NC_010956.1_HuAdVD_gp10	Human_mastadenovirus_D_NC_010956.gtf	passthrough	1	1	390	390	0	yes
NC_010956.1_HuAdVD_gp10_dup2	Human_mastadenovirus_D_NC_010956.gtf	passthrough	1	1	1125	1125	0	yes
NC_010956.1_HuAdVD_gp10_dup3	Human_mastadenovirus_D_NC_010956.gtf	passthrough	1	1	1680	1680	0	yes
NC_010956.1_HuAdVD_gp11	Human_mastadenovirus_D_NC_010956.gtf	passthrough	1	1	163	163	0	yes
NC_010956.1_HuAdVD_gp12	Human_mastadenovirus_D_NC_010956.gtf	passthrough	1	1	154	154	0	yes
NC_010956.1_HuAdVD_gp13	Human_mastadenovirus_D_NC_010956.gtf	passthrough	1	1	1470	1470	0	yes
NC_010956.1_HuAdVD_gp15	Human_mastadenovirus_D_NC_010956.gtf	passthrough	1	1	321	321	0	yes
NC_010956.1_HuAdVD_gp15_dup2	Human_mastadenovirus_D_NC_010956.gtf	passthrough	1	1	591	591	0	yes
NC_010956.1_HuAdVD_gp15_dup3	Human_mastadenovirus_D_NC_010956.gtf	passthrough	1	1	504	504	0	yes
NC_010956.1_HuAdVD_gp15_dup4	Human_mastadenovirus_D_NC_010956.gtf	passthrough	1	1	1230	1230	0	yes
NC_010956.1_HuAdVD_gp15_dup5	Human_mastadenovirus_D_NC_010956.gtf	passthrough	1	1	789	789	0	yes
NC_010956.1_HuAdVD_gp15_dup6	Human_mastadenovirus_D_NC_010956.gtf	passthrough	1	1	276	276	0	yes
NC_010956.1_HuAdVD_gp15_dup7	Human_mastadenovirus_D_NC_010956.gtf	passthrough	1	1	390	390	0	yes
NC_010956.1_HuAdVD_gp15_dup8	Human_mastadenovirus_D_NC_010956.gtf	passthrough	1	1	393	393	0	yes
NC_010956.1_HuAdVD_gp16	Human_mastadenovirus_D_NC_010956.gtf	passthrough	1	1	146	146	0	yes
NC_010956.1_HuAdVD_gp17	Human_mastadenovirus_D_NC_010956.gtf	passthrough	1	1	393	393	0	yes
NC_010956.1_HuAdVD_gp17_dup2	Human_mastadenovirus_D_NC_010956.gtf	passthrough	1	1	879	879	0	yes
NC_010956.1_HuAdVD_gp17_dup3	Human_mastadenovirus_D_NC_010956.gtf	passthrough	1	1	363	363	0	yes
NC_010956.1_HuAdVD_gp17_dup4	Human_mastadenovirus_D_NC_010956.gtf	passthrough	1	1	354	354	0	yes
NC_010956.1_HuAdVD_gp17_dup5	Human_mastadenovirus_D_NC_010956.gtf	passthrough	1	1	393	393	0	yes
NC_010956.1_HuAdVD_gp17_dup6	Human_mastadenovirus_D_NC_010956.gtf	passthrough	1	1	378	378	0	yes
NC_003266.2_HAdVE_gp01	Human_mastadenovirus_E_NC_003266.gtf	passthrough	1	1	774	774	0	yes
NC_003266.2_HAdVE_gp02	Human_mastadenovirus_E_NC_003266.gtf	passthrough	1	1	516	516	0	yes
NC_003266.2_HAdVE_gp02_dup2	Human_mastadenovirus_E_NC_003266.gtf	passthrough	1	1	1452	1452	0	yes
NC_003266.2_HAdVE_gp03	Human_mastadenovirus_E_NC_003266.gtf	passthrough	1	1	429	429	0	yes
NC_003266.2_HAdVE_gp04	Human_mastadenovirus_E_NC_003266.gtf	passthrough	1	1	3582	3582	0	yes
NC_003266.2_HAdVE_gp04_dup2	Human_mastadenovirus_E_NC_003266.gtf	passthrough	1	1	1929	1929	0	yes
NC_003266.2_HAdVE_gp05	Human_mastadenovirus_E_NC_003266.gtf	passthrough	1	1	1347	1347	0	yes
NC_003266.2_HAdVE_gp06	Human_mastadenovirus_E_NC_003266.gtf	passthrough	1	1	1278	1278	0	yes
NC_003266.2_HAdVE_gp07	Human_mastadenovirus_E_NC_003266.gtf	passthrough	1	1	2376	2376	0	yes
NC_003266.2_HAdVE_gp07_dup2	Human_mastadenovirus_E_NC_003266.gtf	passthrough	1	1	645	645	0	yes
NC_003266.2_HAdVE_gp07_dup3	Human_mastadenovirus_E_NC_003266.gtf	passthrough	1	1	540	540	0	yes
NC_003266.2_HAdVE_gp07_dup4	Human_mastadenovirus_E_NC_003266.gtf	passthrough	1	1	684	684	0	yes
NC_003266.2_HAdVE_gp08	Human_mastadenovirus_E_NC_003266.gtf	passthrough	1	1	729	729	0	yes
NC_003266.2_HAdVE_gp08_dup2	Human_mastadenovirus_E_NC_003266.gtf	passthrough	1	1	2811	2811	0	yes
NC_003266.2_HAdVE_gp08_dup3	Human_mastadenovirus_E_NC_003266.gtf	passthrough	1	1	621	621	0	yes
NC_003266.2_HAdVE_gp09	Human_mastadenovirus_E_NC_003266.gtf	passthrough	1	1	1608	1608	0	yes
NC_003266.2_HAdVE_gp09_dup2	Human_mastadenovirus_E_NC_003266.gtf	passthrough	1	1	582	582	0	yes
NC_003266.2_HAdVE_gp09_dup3	Human_mastadenovirus_E_NC_003266.gtf	passthrough	1	1	1026	1026	0	yes
NC_003266.2_HAdVE_gp09_dup4	Human_mastadenovirus_E_NC_003266.gtf	passthrough	1	1	234	234	0	yes
NC_003266.2_HAdVE_gp10	Human_mastadenovirus_E_NC_003266.gtf	passthrough	1	1	1173	1173	0	yes
NC_003266.2_HAdVE_gp10_dup2	Human_mastadenovirus_E_NC_003266.gtf	passthrough	1	1	1776	1776	0	yes
NC_003266.2_HAdVE_gp11	Human_mastadenovirus_E_NC_003266.gtf	passthrough	1	1	1539	1539	0	yes
NC_003266.2_HAdVE_gp12	Human_mastadenovirus_E_NC_003266.gtf	passthrough	1	1	321	321	0	yes
NC_003266.2_HAdVE_gp12_dup2	Human_mastadenovirus_E_NC_003266.gtf	passthrough	1	1	633	633	0	yes
NC_003266.2_HAdVE_gp12_dup3	Human_mastadenovirus_E_NC_003266.gtf	passthrough	1	1	525	525	0	yes
NC_003266.2_HAdVE_gp12_dup4	Human_mastadenovirus_E_NC_003266.gtf	passthrough	1	1	663	663	0	yes
NC_003266.2_HAdVE_gp12_dup5	Human_mastadenovirus_E_NC_003266.gtf	passthrough	1	1	825	825	0	yes
NC_003266.2_HAdVE_gp12_dup6	Human_mastadenovirus_E_NC_003266.gtf	passthrough	1	1	276	276	0	yes
NC_003266.2_HAdVE_gp12_dup7	Human_mastadenovirus_E_NC_003266.gtf	passthrough	1	1	441	441	0	yes
NC_003266.2_HAdVE_gp12_dup8	Human_mastadenovirus_E_NC_003266.gtf	passthrough	1	1	402	402	0	yes
NC_003266.2_HAdVE_gp14	Human_mastadenovirus_E_NC_003266.gtf	passthrough	1	1	426	426	0	yes
NC_003266.2_HAdVE_gp14_dup2	Human_mastadenovirus_E_NC_003266.gtf	passthrough	1	1	900	900	0	yes
NC_003266.2_HAdVE_gp14_dup3	Human_mastadenovirus_E_NC_003266.gtf	passthrough	1	1	369	369	0	yes
NC_003266.2_HAdVE_gp14_dup4	Human_mastadenovirus_E_NC_003266.gtf	passthrough	1	1	354	354	0	yes
NC_003266.2_HAdVE_gp14_dup5	Human_mastadenovirus_E_NC_003266.gtf	passthrough	1	1	390	390	0	yes
NC_003266.2_HAdVE_gp14_dup6	Human_mastadenovirus_E_NC_003266.gtf	passthrough	1	1	375	375	0	yes
NC_003266.2_VAI	Human_mastadenovirus_E_NC_003266.gtf	passthrough	1	1	159	159	0	yes
NC_003266.2_VAII	Human_mastadenovirus_E_NC_003266.gtf	passthrough	1	1	166	166	0	yes
NC_003266.2_YP_068047.1	Human_mastadenovirus_E_NC_003266.gtf	passthrough	1	1	152	152	0	yes
NC_001454.1_HAdVF_gp01	Human_mastadenovirus_F_NC_001454.gtf	passthrough	1	1	750	750	0	yes
NC_001454.1_HAdVF_gp02	Human_mastadenovirus_F_NC_001454.gtf	passthrough	1	1	504	504	0	yes
NC_001454.1_HAdVF_gp02_dup2	Human_mastadenovirus_F_NC_001454.gtf	passthrough	1	1	1431	1431	0	yes
NC_001454.1_HAdVF_gp04	Human_mastadenovirus_F_NC_001454.gtf	passthrough	1	1	399	399	0	yes
NC_001454.1_HAdVF_gp05	Human_mastadenovirus_F_NC_001454.gtf	passthrough	1	1	1341	1341	0	yes
NC_001454.1_HAdVF_gp06	Human_mastadenovirus_F_NC_001454.gtf	passthrough	1	1	3567	3567	0	yes
NC_001454.1_HAdVF_gp06_dup2	Human_mastadenovirus_F_NC_001454.gtf	passthrough	1	1	1941	1941	0	yes
NC_001454.1_HAdVF_gp07	Human_mastadenovirus_F_NC_001454.gtf	passthrough	1	1	1644	1644	0	yes
NC_001454.1_HAdVF_gp08	Human_mastadenovirus_F_NC_001454.gtf	passthrough	1	1	1164	1164	0	yes
NC_001454.1_HAdVF_gp09	Human_mastadenovirus_F_NC_001454.gtf	passthrough	1	1	2313	2313	0	yes
NC_001454.1_HAdVF_gp09_dup2	Human_mastadenovirus_F_NC_001454.gtf	passthrough	1	1	636	636	0	yes
NC_001454.1_HAdVF_gp09_dup3	Human_mastadenovirus_F_NC_001454.gtf	passthrough	1	1	561	561	0	yes
NC_001454.1_HAdVF_gp09_dup4	Human_mastadenovirus_F_NC_001454.gtf	passthrough	1	1	702	702	0	yes
NC_001454.1_HAdVF_gp10	Human_mastadenovirus_F_NC_001454.gtf	passthrough	1	1	804	804	0	yes
NC_001454.1_HAdVF_gp10_dup2	Human_mastadenovirus_F_NC_001454.gtf	passthrough	1	1	2772	2772	0	yes
NC_001454.1_HAdVF_gp10_dup3	Human_mastadenovirus_F_NC_001454.gtf	passthrough	1	1	618	618	0	yes
NC_001454.1_HAdVF_gp11	Human_mastadenovirus_F_NC_001454.gtf	passthrough	1	1	1515	1515	0	yes
NC_001454.1_HAdVF_gp11_dup2	Human_mastadenovirus_F_NC_001454.gtf	passthrough	1	1	558	558	0	yes
NC_001454.1_HAdVF_gp11_dup3	Human_mastadenovirus_F_NC_001454.gtf	passthrough	1	1	1077	1077	0	yes
NC_001454.1_HAdVF_gp11_dup4	Human_mastadenovirus_F_NC_001454.gtf	passthrough	1	1	213	213	0	yes
NC_001454.1_HAdVF_gp12	Human_mastadenovirus_F_NC_001454.gtf	passthrough	1	1	1143	1143	0	yes
NC_001454.1_HAdVF_gp12_dup2	Human_mastadenovirus_F_NC_001454.gtf	passthrough	1	1	1731	1731	0	yes
NC_001454.1_HAdVF_gp13	Human_mastadenovirus_F_NC_001454.gtf	passthrough	1	1	1422	1422	0	yes
NC_001454.1_HAdVF_gp15	Human_mastadenovirus_F_NC_001454.gtf	passthrough	1	1	273	273	0	yes
NC_001454.1_HAdVF_gp15_dup2	Human_mastadenovirus_F_NC_001454.gtf	passthrough	1	1	324	324	0	yes
NC_001454.1_HAdVF_gp15_dup3	Human_mastadenovirus_F_NC_001454.gtf	passthrough	1	1	369	369	0	yes
NC_001454.1_HAdVF_gp16	Human_mastadenovirus_F_NC_001454.gtf	passthrough	1	1	522	522	0	yes
NC_001454.1_HAdVF_gp16_dup2	Human_mastadenovirus_F_NC_001454.gtf	passthrough	1	1	831	831	0	yes
NC_001454.1_HAdVF_gp20	Human_mastadenovirus_F_NC_001454.gtf	passthrough	1	1	158	158	0	yes
NC_001454.1_HAdVF_gp21	Human_mastadenovirus_F_NC_001454.gtf	passthrough	1	1	369	369	0	yes
NC_001454.1_HAdVF_gp21_dup2	Human_mastadenovirus_F_NC_001454.gtf	passthrough	1	1	870	870	0	yes
NC_001454.1_HAdVF_gp21_dup3	Human_mastadenovirus_F_NC_001454.gtf	passthrough	1	1	366	366	0	yes
NC_001454.1_HAdVF_gp21_dup4	Human_mastadenovirus_F_NC_001454.gtf	passthrough	1	1	351	351	0	yes
NC_001454.1_HAdVF_gp21_dup5	Human_mastadenovirus_F_NC_001454.gtf	passthrough	1	1	393	393	0	yes
NC_001454.1_HAdVF_gs01	Human_mastadenovirus_F_NC_001454.gtf	passthrough	1	1	171	171	0	yes
HMPV_D1Y22_gp1	Human_metapneumovirus_NC_039199.gtf	passthrough	1	1	1185	1185	0	yes
HMPV_D1Y22_gp2	Human_metapneumovirus_NC_039199.gtf	passthrough	1	1	885	885	0	yes
HMPV_D1Y22_gp3	Human_metapneumovirus_NC_039199.gtf	passthrough	1	1	765	765	0	yes
HMPV_D1Y22_gp4	Human_metapneumovirus_NC_039199.gtf	passthrough	1	1	1620	1620	0	yes
HMPV_D1Y22_gp5	Human_metapneumovirus_NC_039199.gtf	passthrough	2	2	780	780	0	yes
HMPV_D1Y22_gp6	Human_metapneumovirus_NC_039199.gtf	passthrough	1	1	552	552	0	yes
HMPV_D1Y22_gp7	Human_metapneumovirus_NC_039199.gtf	passthrough	1	1	711	711	0	yes
HMPV_D1Y22_gp8	Human_metapneumovirus_NC_039199.gtf	passthrough	1	1	6018	6018	0	yes
NC_003443.1_HPIV2gp1	Human_orthorubulavirus_2_NC_003443.gtf	passthrough	1	1	1629	1629	0	yes
NC_003443.1_HPIV2gp2	Human_orthorubulavirus_2_NC_003443.gtf	passthrough	1	1	1186	1186	0	yes
NC_003443.1_HPIV2gp2_dup2	Human_orthorubulavirus_2_NC_003443.gtf	passthrough	1	1	678	678	0	yes
NC_003443.1_HPIV2gp3	Human_orthorubulavirus_2_NC_003443.gtf	passthrough	1	1	1134	1134	0	yes
NC_003443.1_HPIV2gp4	Human_orthorubulavirus_2_NC_003443.gtf	passthrough	1	1	1656	1656	0	yes
NC_003443.1_HPIV2gp5	Human_orthorubulavirus_2_NC_003443.gtf	passthrough	1	1	1716	1716	0	yes
NC_003443.1_HPIV2gp6	Human_orthorubulavirus_2_NC_003443.gtf	passthrough	1	1	6789	6789	0	yes
FM955839_E1	Human_papillomavirus_100_FM955839.gtf	passthrough	1	1	1818	1818	0	yes
FM955839_E2	Human_papillomavirus_100_FM955839.gtf	passthrough	1	1	1323	1323	0	yes
FM955839_E4	Human_papillomavirus_100_FM955839.gtf	passthrough	1	1	555	555	0	yes
FM955839_E6	Human_papillomavirus_100_FM955839.gtf	passthrough	1	1	459	459	0	yes
FM955839_E7	Human_papillomavirus_100_FM955839.gtf	passthrough	1	1	303	303	0	yes
FM955839_L1	Human_papillomavirus_100_FM955839.gtf	passthrough	1	1	1629	1629	0	yes
FM955839_L2	Human_papillomavirus_100_FM955839.gtf	passthrough	1	1	1590	1590	0	yes
DQ080083_AAZ39520.1	Human_papillomavirus_102_DQ080083.gtf	passthrough	1	1	444	444	0	yes
DQ080083_AAZ39521.1	Human_papillomavirus_102_DQ080083.gtf	passthrough	1	1	291	291	0	yes
DQ080083_AAZ39522.1	Human_papillomavirus_102_DQ080083.gtf	passthrough	1	1	1956	1956	0	yes
DQ080083_AAZ39523.1	Human_papillomavirus_102_DQ080083.gtf	passthrough	1	1	1143	1143	0	yes
DQ080083_AAZ39524.1	Human_papillomavirus_102_DQ080083.gtf	passthrough	1	1	363	363	0	yes
DQ080083_AAZ39525.1	Human_papillomavirus_102_DQ080083.gtf	passthrough	1	1	1428	1428	0	yes
DQ080083_AAZ39526.1	Human_papillomavirus_102_DQ080083.gtf	passthrough	1	1	1944	1944	0	yes
FM955840_E1	Human_papillomavirus_104_FM955840.gtf	passthrough	1	1	1833	1833	0	yes
FM955840_E2	Human_papillomavirus_104_FM955840.gtf	passthrough	1	1	1341	1341	0	yes
FM955840_E4	Human_papillomavirus_104_FM955840.gtf	passthrough	1	1	633	633	0	yes
FM955840_E6	Human_papillomavirus_104_FM955840.gtf	passthrough	1	1	417	417	0	yes
FM955840_E7	Human_papillomavirus_104_FM955840.gtf	passthrough	1	1	315	315	0	yes
FM955840_L1	Human_papillomavirus_104_FM955840.gtf	passthrough	1	1	1587	1587	0	yes
FM955840_L2	Human_papillomavirus_104_FM955840.gtf	passthrough	1	1	1563	1563	0	yes
FM955841_E1	Human_papillomavirus_105_FM955841.gtf	passthrough	1	1	1812	1812	0	yes
FM955841_E2	Human_papillomavirus_105_FM955841.gtf	passthrough	1	1	1515	1515	0	yes
FM955841_E6	Human_papillomavirus_105_FM955841.gtf	passthrough	1	1	468	468	0	yes
FM955841_E7	Human_papillomavirus_105_FM955841.gtf	passthrough	1	1	306	306	0	yes
FM955841_L1	Human_papillomavirus_105_FM955841.gtf	passthrough	1	1	1563	1563	0	yes
FM955841_L2	Human_papillomavirus_105_FM955841.gtf	passthrough	1	1	1557	1557	0	yes
DQ080082_AAZ39513.1	Human_papillomavirus_106_DQ080082.gtf	passthrough	1	1	492	492	0	yes
DQ080082_AAZ39514.1	Human_papillomavirus_106_DQ080082.gtf	passthrough	1	1	288	288	0	yes
DQ080082_AAZ39515.1	Human_papillomavirus_106_DQ080082.gtf	passthrough	1	1	1941	1941	0	yes
DQ080082_AAZ39516.1	Human_papillomavirus_106_DQ080082.gtf	passthrough	1	1	1152	1152	0	yes
DQ080082_AAZ39517.1	Human_papillomavirus_106_DQ080082.gtf	passthrough	1	1	396	396	0	yes
DQ080082_AAZ39518.1	Human_papillomavirus_106_DQ080082.gtf	passthrough	1	1	1401	1401	0	yes
DQ080082_AAZ39519.1	Human_papillomavirus_106_DQ080082.gtf	passthrough	1	1	1704	1704	0	yes
EF422221_E1	Human_papillomavirus_107_EF422221.gtf	passthrough	1	1	1824	1824	0	yes
EF422221_E2	Human_papillomavirus_107_EF422221.gtf	passthrough	1	1	1398	1398	0	yes
EF422221_E4	Human_papillomavirus_107_EF422221.gtf	passthrough	1	1	633	633	0	yes
EF422221_E6	Human_papillomavirus_107_EF422221.gtf	passthrough	1	1	423	423	0	yes
EF422221_E7	Human_papillomavirus_107_EF422221.gtf	passthrough	1	1	309	309	0	yes
EF422221_L1	Human_papillomavirus_107_EF422221.gtf	passthrough	1	1	1524	1524	0	yes
EF422221_L2	Human_papillomavirus_107_EF422221.gtf	passthrough	1	1	1560	1560	0	yes
NC_001576_HpV10gp1	Human_papillomavirus_10_NC_001576.gtf	passthrough	1	1	447	447	0	yes
NC_001576_HpV10gp2	Human_papillomavirus_10_NC_001576.gtf	passthrough	1	1	261	261	0	yes
NC_001576_HpV10gp3	Human_papillomavirus_10_NC_001576.gtf	passthrough	1	1	2046	2046	0	yes
NC_001576_HpV10gp4	Human_papillomavirus_10_NC_001576.gtf	passthrough	1	1	1131	1131	0	yes
NC_001576_HpV10gp5	Human_papillomavirus_10_NC_001576.gtf	passthrough	1	1	1413	1413	0	yes
NC_001576_HpV10gp6	Human_papillomavirus_10_NC_001576.gtf	passthrough	1	1	1596	1596	0	yes
NC_001576_HpV10gp6_dup2	Human_papillomavirus_10_NC_001576.gtf	passthrough	1	1	1509	1509	0	yes
EU410348_E1	Human_papillomavirus_110_EU410348.gtf	passthrough	1	1	1824	1824	0	yes
EU410348_E2	Human_papillomavirus_110_EU410348.gtf	passthrough	1	1	1365	1365	0	yes
EU410348_E4	Human_papillomavirus_110_EU410348.gtf	passthrough	1	1	597	597	0	yes
EU410348_E6	Human_papillomavirus_110_EU410348.gtf	passthrough	1	1	426	426	0	yes
EU410348_E7	Human_papillomavirus_110_EU410348.gtf	passthrough	1	1	285	285	0	yes
EU410348_L1	Human_papillomavirus_110_EU410348.gtf	passthrough	1	1	1521	1521	0	yes
EU410348_L2	Human_papillomavirus_110_EU410348.gtf	passthrough	1	1	1614	1614	0	yes
EU410349_E1	Human_papillomavirus_111_EU410349.gtf	passthrough	1	1	1740	1740	0	yes
EU410349_E2	Human_papillomavirus_111_EU410349.gtf	passthrough	1	1	1353	1353	0	yes
EU410349_E4	Human_papillomavirus_111_EU410349.gtf	passthrough	1	1	585	585	0	yes
EU410349_E6	Human_papillomavirus_111_EU410349.gtf	passthrough	1	1	426	426	0	yes
EU410349_E7	Human_papillomavirus_111_EU410349.gtf	passthrough	1	1	279	279	0	yes
EU410349_L1	Human_papillomavirus_111_EU410349.gtf	passthrough	1	1	1521	1521	0	yes
EU410349_L2	Human_papillomavirus_111_EU410349.gtf	passthrough	1	1	1605	1605	0	yes
FM955842_E1	Human_papillomavirus_113_FM955842.gtf	passthrough	1	1	1821	1821	0	yes
FM955842_E2	Human_papillomavirus_113_FM955842.gtf	passthrough	1	1	1374	1374	0	yes
FM955842_E4	Human_papillomavirus_113_FM955842.gtf	passthrough	1	1	648	648	0	yes
FM955842_E6	Human_papillomavirus_113_FM955842.gtf	passthrough	1	1	450	450	0	yes
FM955842_E7	Human_papillomavirus_113_FM955842.gtf	passthrough	1	1	279	279	0	yes
FM955842_L1	Human_papillomavirus_113_FM955842.gtf	passthrough	1	1	1527	1527	0	yes
FM955842_L2	Human_papillomavirus_113_FM955842.gtf	passthrough	1	1	1605	1605	0	yes
GQ244463_E1	Human_papillomavirus_114_GQ244463.gtf	passthrough	1	1	1878	1878	0	yes
GQ244463_E2	Human_papillomavirus_114_GQ244463.gtf	passthrough	1	1	1146	1146	0	yes
GQ244463_E4	Human_papillomavirus_114_GQ244463.gtf	passthrough	1	1	327	327	0	yes
GQ244463_E6	Human_papillomavirus_114_GQ244463.gtf	passthrough	1	1	447	447	0	yes
GQ244463_E7	Human_papillomavirus_114_GQ244463.gtf	passthrough	1	1	285	285	0	yes
GQ244463_L1	Human_papillomavirus_114_GQ244463.gtf	passthrough	1	1	1524	1524	0	yes
GQ244463_L2	Human_papillomavirus_114_GQ244463.gtf	passthrough	1	1	1428	1428	0	yes
FJ947080_HpV115gp1	Human_papillomavirus_115_FJ947080.gtf	passthrough	1	1	417	417	0	yes
FJ947080_HpV115gp2	Human_papillomavirus_115_FJ947080.gtf	passthrough	1	1	303	303	0	yes
FJ947080_HpV115gp3	Human_papillomavirus_115_FJ947080.gtf	passthrough	1	1	1845	1845	0	yes
FJ947080_HpV115gp4	Human_papillomavirus_115_FJ947080.gtf	passthrough	1	1	1446	1446	0	yes
FJ947080_HpV115gp5	Human_papillomavirus_115_FJ947080.gtf	passthrough	1	1	633	633	0	yes
FJ947080_HpV115gp6	Human_papillomavirus_115_FJ947080.gtf	passthrough	1	1	1557	1557	0	yes
FJ947080_HpV115gp7	Human_papillomavirus_115_FJ947080.gtf	passthrough	1	1	1539	1539	0	yes
GQ246950_ACV30142.1	Human_papillomavirus_117_GQ246950.gtf	passthrough	1	1	444	444	0	yes
GQ246950_ACV30143.1	Human_papillomavirus_117_GQ246950.gtf	passthrough	1	1	264	264	0	yes
GQ246950_ACV30144.1	Human_papillomavirus_117_GQ246950.gtf	passthrough	1	1	2040	2040	0	yes
GQ246950_ACV30145.1	Human_papillomavirus_117_GQ246950.gtf	passthrough	1	1	1149	1149	0	yes
GQ246950_ACV30146.1	Human_papillomavirus_117_GQ246950.gtf	passthrough	1	1	1392	1392	0	yes
GQ246950_ACV30147.1	Human_papillomavirus_117_GQ246950.gtf	passthrough	1	1	1602	1602	0	yes
GQ246951_ACV30148.1	Human_papillomavirus_118_GQ246951.gtf	passthrough	1	1	411	411	0	yes
GQ246951_ACV30149.1	Human_papillomavirus_118_GQ246951.gtf	passthrough	1	1	300	300	0	yes
GQ246951_ACV30150.1	Human_papillomavirus_118_GQ246951.gtf	passthrough	1	1	1821	1821	0	yes
GQ246951_ACV30151.1	Human_papillomavirus_118_GQ246951.gtf	passthrough	1	1	1521	1521	0	yes
GQ246951_ACV30152.1	Human_papillomavirus_118_GQ246951.gtf	passthrough	1	1	1554	1554	0	yes
GQ246951_ACV30153.1	Human_papillomavirus_118_GQ246951.gtf	passthrough	1	1	1536	1536	0	yes
NC_075235_QKB11_gp1	Human_papillomavirus_11_NC_075235.gtf	passthrough	1	1	453	453	0	yes
NC_075235_QKB11_gp2	Human_papillomavirus_11_NC_075235.gtf	passthrough	1	1	297	297	0	yes
NC_075235_QKB11_gp3	Human_papillomavirus_11_NC_075235.gtf	passthrough	1	1	1950	1950	0	yes
NC_075235_QKB11_gp4	Human_papillomavirus_11_NC_075235.gtf	passthrough	1	1	1104	1104	0	yes
NC_075235_QKB11_gp5	Human_papillomavirus_11_NC_075235.gtf	passthrough	1	1	327	327	0	yes
NC_075235_QKB11_gp6	Human_papillomavirus_11_NC_075235.gtf	passthrough	1	1	276	276	0	yes
NC_075235_QKB11_gp7	Human_papillomavirus_11_NC_075235.gtf	passthrough	1	1	225	225	0	yes
NC_075235_QKB11_gp8	Human_papillomavirus_11_NC_075235.gtf	passthrough	1	1	1368	1368	0	yes
NC_075235_QKB11_gp9	Human_papillomavirus_11_NC_075235.gtf	passthrough	1	1	1506	1506	0	yes
GQ845442_E1	Human_papillomavirus_120_GQ845442.gtf	passthrough	1	1	1815	1815	0	yes
GQ845442_E2	Human_papillomavirus_120_GQ845442.gtf	passthrough	1	1	1293	1293	0	yes
GQ845442_E4	Human_papillomavirus_120_GQ845442.gtf	passthrough	1	1	528	528	0	yes
GQ845442_E6	Human_papillomavirus_120_GQ845442.gtf	passthrough	1	1	426	426	0	yes
GQ845442_E7	Human_papillomavirus_120_GQ845442.gtf	passthrough	1	1	294	294	0	yes
GQ845442_L1	Human_papillomavirus_120_GQ845442.gtf	passthrough	1	1	1521	1521	0	yes
GQ845442_L2	Human_papillomavirus_120_GQ845442.gtf	passthrough	1	1	1560	1560	0	yes
GQ845444_E1	Human_papillomavirus_122_GQ845444.gtf	passthrough	1	1	1821	1821	0	yes
GQ845444_E2	Human_papillomavirus_122_GQ845444.gtf	passthrough	1	1	1353	1353	0	yes
GQ845444_E4	Human_papillomavirus_122_GQ845444.gtf	passthrough	1	1	585	585	0	yes
GQ845444_E6	Human_papillomavirus_122_GQ845444.gtf	passthrough	1	1	426	426	0	yes
GQ845444_E7	Human_papillomavirus_122_GQ845444.gtf	passthrough	1	1	282	282	0	yes
GQ845444_L1	Human_papillomavirus_122_GQ845444.gtf	passthrough	1	1	1527	1527	0	yes
GQ845444_L2	Human_papillomavirus_122_GQ845444.gtf	passthrough	1	1	1611	1611	0	yes
GQ845446_E1	Human_papillomavirus_124_GQ845446.gtf	passthrough	1	1	1824	1824	0	yes
GQ845446_E2	Human_papillomavirus_124_GQ845446.gtf	passthrough	1	1	1446	1446	0	yes
GQ845446_E4	Human_papillomavirus_124_GQ845446.gtf	passthrough	1	1	636	636	0	yes
GQ845446_E6	Human_papillomavirus_124_GQ845446.gtf	passthrough	1	1	411	411	0	yes
GQ845446_E7	Human_papillomavirus_124_GQ845446.gtf	passthrough	1	1	294	294	0	yes
GQ845446_L1	Human_papillomavirus_124_GQ845446.gtf	passthrough	1	1	1536	1536	0	yes
GQ845446_L2	Human_papillomavirus_124_GQ845446.gtf	passthrough	1	1	1587	1587	0	yes
FN547152_E1	Human_papillomavirus_125_FN547152.gtf	passthrough	1	1	1989	1989	0	yes
FN547152_E1-E4	Human_papillomavirus_125_FN547152.gtf	passthrough	1	1	297	297	0	yes
FN547152_E2	Human_papillomavirus_125_FN547152.gtf	passthrough	1	1	1134	1134	0	yes
FN547152_E6	Human_papillomavirus_125_FN547152.gtf	passthrough	1	1	447	447	0	yes
FN547152_E7	Human_papillomavirus_125_FN547152.gtf	passthrough	1	1	264	264	0	yes
FN547152_L1	Human_papillomavirus_125_FN547152.gtf	passthrough	1	1	1512	1512	0	yes
FN547152_L1a	Human_papillomavirus_125_FN547152.gtf	passthrough	1	1	1596	1596	0	yes
FN547152_L2	Human_papillomavirus_125_FN547152.gtf	passthrough	1	1	1428	1428	0	yes
X74466_E1	Human_papillomavirus_12_X74466.gtf	passthrough	1	1	1815	1815	0	yes
X74466_E2	Human_papillomavirus_12_X74466.gtf	passthrough	1	1	1485	1485	0	yes
X74466_E6	Human_papillomavirus_12_X74466.gtf	passthrough	1	1	474	474	0	yes
X74466_E7	Human_papillomavirus_12_X74466.gtf	passthrough	1	1	312	312	0	yes
X74466_L1	Human_papillomavirus_12_X74466.gtf	passthrough	1	1	1554	1554	0	yes
X74466_L2	Human_papillomavirus_12_X74466.gtf	passthrough	1	1	1557	1557	0	yes
X62843_E1	Human_papillomavirus_13_X62843.gtf	passthrough	1	1	1941	1941	0	yes
X62843_E2	Human_papillomavirus_13_X62843.gtf	passthrough	1	1	1134	1134	0	yes
X62843_E4	Human_papillomavirus_13_X62843.gtf	passthrough	1	1	357	357	0	yes
X62843_E5	Human_papillomavirus_13_X62843.gtf	passthrough	1	1	276	276	0	yes
X62843_E6	Human_papillomavirus_13_X62843.gtf	passthrough	1	1	453	453	0	yes
X62843_E7	Human_papillomavirus_13_X62843.gtf	passthrough	1	1	306	306	0	yes
X62843_L1	Human_papillomavirus_13_X62843.gtf	passthrough	1	1	1500	1500	0	yes
X62843_L2	Human_papillomavirus_13_X62843.gtf	passthrough	1	1	1392	1392	0	yes
HM999995_E1	Human_papillomavirus_143_HM999995.gtf	passthrough	1	1	1818	1818	0	yes
HM999995_E2	Human_papillomavirus_143_HM999995.gtf	passthrough	1	1	1527	1527	0	yes
HM999995_E4	Human_papillomavirus_143_HM999995.gtf	passthrough	1	1	732	732	0	yes
HM999995_E6	Human_papillomavirus_143_HM999995.gtf	passthrough	1	1	474	474	0	yes
HM999995_E7	Human_papillomavirus_143_HM999995.gtf	passthrough	1	1	312	312	0	yes
HM999995_L1	Human_papillomavirus_143_HM999995.gtf	passthrough	1	1	1551	1551	0	yes
HM999995_L2	Human_papillomavirus_143_HM999995.gtf	passthrough	1	1	1557	1557	0	yes
HM999997_E1	Human_papillomavirus_145_HM999997.gtf	passthrough	1	1	1821	1821	0	yes
HM999997_E2	Human_papillomavirus_145_HM999997.gtf	passthrough	1	1	1302	1302	0	yes
HM999997_E4	Human_papillomavirus_145_HM999997.gtf	passthrough	1	1	594	594	0	yes
HM999997_E6	Human_papillomavirus_145_HM999997.gtf	passthrough	1	1	426	426	0	yes
HM999997_E7	Human_papillomavirus_145_HM999997.gtf	passthrough	1	1	291	291	0	yes
HM999997_L1	Human_papillomavirus_145_HM999997.gtf	passthrough	1	1	1524	1524	0	yes
HM999997_L2	Human_papillomavirus_145_HM999997.gtf	passthrough	1	1	1599	1599	0	yes
X74467_E1	Human_papillomavirus_14_X74467.gtf	passthrough	1	1	1818	1818	0	yes
X74467_E2	Human_papillomavirus_14_X74467.gtf	passthrough	1	1	1452	1452	0	yes
X74467_L1	Human_papillomavirus_14_X74467.gtf	passthrough	1	1	1557	1557	0	yes
X74467_L2	Human_papillomavirus_14_X74467.gtf	passthrough	1	1	1560	1560	0	yes
FN677755_E1	Human_papillomavirus_150_FN677755.gtf	passthrough	1	1	1818	1818	0	yes
FN677755_E2	Human_papillomavirus_150_FN677755.gtf	passthrough	1	1	1413	1413	0	yes
FN677755_E4	Human_papillomavirus_150_FN677755.gtf	passthrough	1	1	645	645	0	yes
FN677755_E6	Human_papillomavirus_150_FN677755.gtf	passthrough	1	1	411	411	0	yes
FN677755_E7	Human_papillomavirus_150_FN677755.gtf	passthrough	1	1	303	303	0	yes
FN677755_L1	Human_papillomavirus_150_FN677755.gtf	passthrough	1	1	1533	1533	0	yes
FN677755_L2	Human_papillomavirus_150_FN677755.gtf	passthrough	1	1	1557	1557	0	yes
FN677756_E1	Human_papillomavirus_151_FN677756.gtf	passthrough	1	1	1827	1827	0	yes
FN677756_E2	Human_papillomavirus_151_FN677756.gtf	passthrough	1	1	1314	1314	0	yes
FN677756_E4	Human_papillomavirus_151_FN677756.gtf	passthrough	1	1	645	645	0	yes
FN677756_E6	Human_papillomavirus_151_FN677756.gtf	passthrough	1	1	498	498	0	yes
FN677756_E7	Human_papillomavirus_151_FN677756.gtf	passthrough	1	1	297	297	0	yes
FN677756_L1	Human_papillomavirus_151_FN677756.gtf	passthrough	1	1	1536	1536	0	yes
FN677756_L2	Human_papillomavirus_151_FN677756.gtf	passthrough	1	1	1575	1575	0	yes
JF304768_E1	Human_papillomavirus_152_JF304768.gtf	passthrough	1	1	1824	1824	0	yes
JF304768_E2	Human_papillomavirus_152_JF304768.gtf	passthrough	1	1	1437	1437	0	yes
JF304768_E6	Human_papillomavirus_152_JF304768.gtf	passthrough	1	1	411	411	0	yes
JF304768_E7	Human_papillomavirus_152_JF304768.gtf	passthrough	1	1	294	294	0	yes
JF304768_L1	Human_papillomavirus_152_JF304768.gtf	passthrough	1	1	1536	1536	0	yes
JF304768_L2	Human_papillomavirus_152_JF304768.gtf	passthrough	1	1	1563	1563	0	yes
HE963025_E1	Human_papillomavirus_159_HE963025.gtf	passthrough	1	1	1821	1821	0	yes
HE963025_E2	Human_papillomavirus_159_HE963025.gtf	passthrough	1	1	1380	1380	0	yes
HE963025_E4	Human_papillomavirus_159_HE963025.gtf	passthrough	1	1	612	612	0	yes
HE963025_E6	Human_papillomavirus_159_HE963025.gtf	passthrough	1	1	426	426	0	yes
HE963025_E7	Human_papillomavirus_159_HE963025.gtf	passthrough	1	1	279	279	0	yes
HE963025_L1	Human_papillomavirus_159_HE963025.gtf	passthrough	1	1	1527	1527	0	yes
HE963025_L2	Human_papillomavirus_159_HE963025.gtf	passthrough	1	1	1596	1596	0	yes
X74468_E1	Human_papillomavirus_15_X74468.gtf	passthrough	1	1	1809	1809	0	yes
X74468_E2	Human_papillomavirus_15_X74468.gtf	passthrough	1	1	1149	1149	0	yes
X74468_E6	Human_papillomavirus_15_X74468.gtf	passthrough	1	1	426	426	0	yes
X74468_E7	Human_papillomavirus_15_X74468.gtf	passthrough	1	1	282	282	0	yes
X74468_L1	Human_papillomavirus_15_X74468.gtf	passthrough	1	1	1524	1524	0	yes
X74468_L2	Human_papillomavirus_15_X74468.gtf	passthrough	1	1	1602	1602	0	yes
AB745694_E1	Human_papillomavirus_160_AB745694.gtf	passthrough	1	1	1983	1983	0	yes
AB745694_E2	Human_papillomavirus_160_AB745694.gtf	passthrough	1	1	1116	1116	0	yes
AB745694_E4	Human_papillomavirus_160_AB745694.gtf	passthrough	1	1	363	363	0	yes
AB745694_E6	Human_papillomavirus_160_AB745694.gtf	passthrough	1	1	435	435	0	yes
AB745694_E7	Human_papillomavirus_160_AB745694.gtf	passthrough	1	1	276	276	0	yes
AB745694_L1	Human_papillomavirus_160_AB745694.gtf	passthrough	1	1	1596	1596	0	yes
AB745694_L2	Human_papillomavirus_160_AB745694.gtf	passthrough	1	1	1425	1425	0	yes
HUM_PAP_1618_HpV16gp1	Human_papillomavirus_16_18_NC_001526.gtf	span	1	1	477	477	0	yes
HUM_PAP_1618_HpV16gp2	Human_papillomavirus_16_18_NC_001526.gtf	span	1	1	297	297	0	yes
HUM_PAP_1618_HpV16gp3	Human_papillomavirus_16_18_NC_001526.gtf	span	1	1	1950	1950	0	yes
HUM_PAP_1618_HpV16gp4	Human_papillomavirus_16_18_NC_001526.gtf	span	1	1	1098	1098	0	yes
HUM_PAP_1618_HpV16gp5	Human_papillomavirus_16_18_NC_001526.gtf	spliced	1	1	2756	279	2477	no
HUM_PAP_1618_HpV16gp6	Human_papillomavirus_16_18_NC_001526.gtf	span	1	1	252	252	0	yes
HUM_PAP_1618_HpV16gp7	Human_papillomavirus_16_18_NC_001526.gtf	span	1	1	1422	1422	0	yes
HUM_PAP_1618_HpV16gp8	Human_papillomavirus_16_18_NC_001526.gtf	span	1	1	1518	1518	0	yes
HF930491_E1	Human_papillomavirus_174_HF930491.gtf	passthrough	1	1	1806	1806	0	yes
HF930491_E2	Human_papillomavirus_174_HF930491.gtf	passthrough	1	1	1347	1347	0	yes
HF930491_E4	Human_papillomavirus_174_HF930491.gtf	passthrough	1	1	579	579	0	yes
HF930491_E6	Human_papillomavirus_174_HF930491.gtf	passthrough	1	1	426	426	0	yes
HF930491_E7_protein	Human_papillomavirus_174_HF930491.gtf	passthrough	1	1	288	288	0	yes
HF930491_L1	Human_papillomavirus_174_HF930491.gtf	passthrough	1	1	1524	1524	0	yes
HF930491_L2	Human_papillomavirus_174_HF930491.gtf	passthrough	1	1	1581	1581	0	yes
X74469_E1	Human_papillomavirus_17_X74469.gtf	passthrough	1	1	1830	1830	0	yes
X74469_E2	Human_papillomavirus_17_X74469.gtf	passthrough	1	1	1359	1359	0	yes
X74469_E6	Human_papillomavirus_17_X74469.gtf	passthrough	1	1	426	426	0	yes
X74469_E7	Human_papillomavirus_17_X74469.gtf	passthrough	1	1	288	288	0	yes
X74469_L1	Human_papillomavirus_17_X74469.gtf	passthrough	1	1	1524	1524	0	yes
X74469_L2	Human_papillomavirus_17_X74469.gtf	passthrough	1	1	1575	1575	0	yes
HPV18_HpV18gp1	Human_papillomavirus_18_NC_001357.gtf	passthrough	1	1	477	477	0	yes
HPV18_HpV18gp2	Human_papillomavirus_18_NC_001357.gtf	passthrough	1	1	318	318	0	yes
HPV18_HpV18gp3	Human_papillomavirus_18_NC_001357.gtf	passthrough	1	1	1974	1974	0	yes
HPV18_HpV18gp4	Human_papillomavirus_18_NC_001357.gtf	passthrough	1	1	1098	1098	0	yes
HPV18_HpV18gp5	Human_papillomavirus_18_NC_001357.gtf	passthrough	1	1	267	267	0	yes
HPV18_HpV18gp6	Human_papillomavirus_18_NC_001357.gtf	passthrough	1	1	222	222	0	yes
HPV18_HpV18gp7	Human_papillomavirus_18_NC_001357.gtf	passthrough	1	1	1389	1389	0	yes
HPV18_HpV18gp8	Human_papillomavirus_18_NC_001357.gtf	passthrough	1	1	1707	1707	0	yes
X74470_E1	Human_papillomavirus_19_X74470.gtf	passthrough	1	1	1815	1815	0	yes
X74470_E2	Human_papillomavirus_19_X74470.gtf	passthrough	1	1	1482	1482	0	yes
X74470_E6	Human_papillomavirus_19_X74470.gtf	passthrough	1	1	471	471	0	yes
X74470_E7	Human_papillomavirus_19_X74470.gtf	passthrough	1	1	309	309	0	yes
X74470_L1	Human_papillomavirus_19_X74470.gtf	passthrough	1	1	1641	1641	0	yes
X74470_L2	Human_papillomavirus_19_X74470.gtf	passthrough	1	1	1563	1563	0	yes
HUM_PAP_1_HpV1agp1	Human_papillomavirus_1_NC_001356.gtf	span	1	1	423	423	0	yes
HUM_PAP_1_HpV1agp2	Human_papillomavirus_1_NC_001356.gtf	span	1	1	192	192	0	yes
HUM_PAP_1_HpV1agp3	Human_papillomavirus_1_NC_001356.gtf	span	1	1	282	282	0	yes
HUM_PAP_1_HpV1agp4	Human_papillomavirus_1_NC_001356.gtf	span	1	1	1839	1839	0	yes
HUM_PAP_1_HpV1agp5	Human_papillomavirus_1_NC_001356.gtf	span	1	1	1161	1161	0	yes
HUM_PAP_1_HpV1agp6	Human_papillomavirus_1_NC_001356.gtf	span	1	1	1524	1524	0	yes
HUM_PAP_1_HpV1agp7	Human_papillomavirus_1_NC_001356.gtf	span	1	1	1527	1527	0	yes
U31778_E1	Human_papillomavirus_20_U31778.gtf	passthrough	1	1	1818	1818	0	yes
U31778_E2	Human_papillomavirus_20_U31778.gtf	passthrough	1	1	1494	1494	0	yes
U31778_E4	Human_papillomavirus_20_U31778.gtf	passthrough	1	1	687	687	0	yes
U31778_E6	Human_papillomavirus_20_U31778.gtf	passthrough	1	1	498	498	0	yes
U31778_E7	Human_papillomavirus_20_U31778.gtf	passthrough	1	1	309	309	0	yes
U31778_L1	Human_papillomavirus_20_U31778.gtf	passthrough	1	1	1551	1551	0	yes
U31778_L2	Human_papillomavirus_20_U31778.gtf	passthrough	1	1	1557	1557	0	yes
U31779_E1	Human_papillomavirus_21_U31779.gtf	passthrough	1	1	1812	1812	0	yes
U31779_E2	Human_papillomavirus_21_U31779.gtf	passthrough	1	1	1512	1512	0	yes
U31779_E4	Human_papillomavirus_21_U31779.gtf	passthrough	1	1	981	981	0	yes
U31779_E6	Human_papillomavirus_21_U31779.gtf	passthrough	1	1	507	507	0	yes
U31779_E7	Human_papillomavirus_21_U31779.gtf	passthrough	1	1	306	306	0	yes
U31779_L1	Human_papillomavirus_21_U31779.gtf	passthrough	1	1	1557	1557	0	yes
U31779_L2	Human_papillomavirus_21_U31779.gtf	passthrough	1	1	1563	1563	0	yes
U31780_E1	Human_papillomavirus_22_U31780.gtf	passthrough	1	1	1827	1827	0	yes
U31780_E2	Human_papillomavirus_22_U31780.gtf	passthrough	1	1	1311	1311	0	yes
U31780_E4	Human_papillomavirus_22_U31780.gtf	passthrough	1	1	582	582	0	yes
U31780_E6	Human_papillomavirus_22_U31780.gtf	passthrough	1	1	498	498	0	yes
U31780_E7	Human_papillomavirus_22_U31780.gtf	passthrough	1	1	303	303	0	yes
U31780_L1	Human_papillomavirus_22_U31780.gtf	passthrough	1	1	1533	1533	0	yes
U31780_L2	Human_papillomavirus_22_U31780.gtf	passthrough	1	1	1575	1575	0	yes
U31781_E1	Human_papillomavirus_23_U31781.gtf	passthrough	1	1	1824	1824	0	yes
U31781_E2	Human_papillomavirus_23_U31781.gtf	passthrough	1	1	1296	1296	0	yes
U31781_E4	Human_papillomavirus_23_U31781.gtf	passthrough	1	1	729	729	0	yes
U31781_E6	Human_papillomavirus_23_U31781.gtf	passthrough	1	1	474	474	0	yes
U31781_E7	Human_papillomavirus_23_U31781.gtf	passthrough	1	1	294	294	0	yes
U31781_L1	Human_papillomavirus_23_U31781.gtf	passthrough	1	1	1521	1521	0	yes
U31781_L2	Human_papillomavirus_23_U31781.gtf	passthrough	1	1	1560	1560	0	yes
U31782_E1	Human_papillomavirus_24_U31782.gtf	passthrough	1	1	1824	1824	0	yes
U31782_E2	Human_papillomavirus_24_U31782.gtf	passthrough	1	1	1404	1404	0	yes
U31782_E4	Human_papillomavirus_24_U31782.gtf	passthrough	1	1	672	672	0	yes
U31782_E6	Human_papillomavirus_24_U31782.gtf	passthrough	1	1	423	423	0	yes
U31782_E7	Human_papillomavirus_24_U31782.gtf	passthrough	1	1	291	291	0	yes
U31782_L1	Human_papillomavirus_24_U31782.gtf	passthrough	1	1	1539	1539	0	yes
U31782_L2	Human_papillomavirus_24_U31782.gtf	passthrough	1	1	1572	1572	0	yes
X74471_E1	Human_papillomavirus_25_X74471.gtf	passthrough	1	1	1815	1815	0	yes
X74471_E2	Human_papillomavirus_25_X74471.gtf	passthrough	1	1	1509	1509	0	yes
X74471_E6	Human_papillomavirus_25_X74471.gtf	passthrough	1	1	486	486	0	yes
X74471_E7	Human_papillomavirus_25_X74471.gtf	passthrough	1	1	309	309	0	yes
X74471_L1	Human_papillomavirus_25_X74471.gtf	passthrough	1	1	1554	1554	0	yes
X74471_L2	Human_papillomavirus_25_X74471.gtf	passthrough	1	1	1563	1563	0	yes
NC_001583_HpV26gp1	Human_papillomavirus_26_NC_001583.gtf	passthrough	1	1	453	453	0	yes
NC_001583_HpV26gp2	Human_papillomavirus_26_NC_001583.gtf	passthrough	1	1	315	315	0	yes
NC_001583_HpV26gp3	Human_papillomavirus_26_NC_001583.gtf	passthrough	1	1	1917	1917	0	yes
NC_001583_HpV26gp4	Human_papillomavirus_26_NC_001583.gtf	passthrough	1	1	1128	1128	0	yes
NC_001583_HpV26gp5	Human_papillomavirus_26_NC_001583.gtf	passthrough	1	1	1419	1419	0	yes
NC_001583_HpV26gp6	Human_papillomavirus_26_NC_001583.gtf	passthrough	1	1	1512	1512	0	yes
X74473_E1	Human_papillomavirus_27_X74473.gtf	passthrough	1	1	1932	1932	0	yes
X74473_E2	Human_papillomavirus_27_X74473.gtf	passthrough	1	1	1167	1167	0	yes
X74473_E6	Human_papillomavirus_27_X74473.gtf	passthrough	1	1	477	477	0	yes
X74473_E7	Human_papillomavirus_27_X74473.gtf	passthrough	1	1	276	276	0	yes
X74473_L1	Human_papillomavirus_27_X74473.gtf	passthrough	1	1	1785	1785	0	yes
X74473_L1_dup2	Human_papillomavirus_27_X74473.gtf	passthrough	1	1	1458	1458	0	yes
X74473_L2	Human_papillomavirus_27_X74473.gtf	passthrough	1	1	1395	1395	0	yes
U31783_E1	Human_papillomavirus_28_U31783.gtf	passthrough	1	1	1989	1989	0	yes
U31783_E2	Human_papillomavirus_28_U31783.gtf	passthrough	1	1	1131	1131	0	yes
U31783_E4	Human_papillomavirus_28_U31783.gtf	passthrough	1	1	309	309	0	yes
U31783_E6	Human_papillomavirus_28_U31783.gtf	passthrough	1	1	441	441	0	yes
U31783_E7	Human_papillomavirus_28_U31783.gtf	passthrough	1	1	264	264	0	yes
U31783_L1	Human_papillomavirus_28_U31783.gtf	passthrough	1	1	1509	1509	0	yes
U31783_L2	Human_papillomavirus_28_U31783.gtf	passthrough	1	1	1422	1422	0	yes
U31784_E1	Human_papillomavirus_29_U31784.gtf	passthrough	1	1	1983	1983	0	yes
U31784_E2	Human_papillomavirus_29_U31784.gtf	passthrough	1	1	1167	1167	0	yes
U31784_E4	Human_papillomavirus_29_U31784.gtf	passthrough	1	1	348	348	0	yes
U31784_E6	Human_papillomavirus_29_U31784.gtf	passthrough	1	1	447	447	0	yes
U31784_E7	Human_papillomavirus_29_U31784.gtf	passthrough	1	1	273	273	0	yes
U31784_L1	Human_papillomavirus_29_U31784.gtf	passthrough	1	1	1512	1512	0	yes
U31784_L2	Human_papillomavirus_29_U31784.gtf	passthrough	1	1	1422	1422	0	yes
HUM_PAP_2_HpV2agp1	Human_papillomavirus_2_NC_001352.gtf	span	1	1	480	480	0	yes
HUM_PAP_2_HpV2agp2	Human_papillomavirus_2_NC_001352.gtf	span	1	1	279	279	0	yes
HUM_PAP_2_HpV2agp3	Human_papillomavirus_2_NC_001352.gtf	span	1	1	1932	1932	0	yes
HUM_PAP_2_HpV2agp4	Human_papillomavirus_2_NC_001352.gtf	span	1	1	1176	1176	0	yes
HUM_PAP_2_HpV2agp5	Human_papillomavirus_2_NC_001352.gtf	span	1	1	399	399	0	yes
HUM_PAP_2_HpV2agp6	Human_papillomavirus_2_NC_001352.gtf	span	1	1	1575	1575	0	yes
HUM_PAP_2_HpV2agp7	Human_papillomavirus_2_NC_001352.gtf	span	1	1	1533	1533	0	yes
NC_038889_D1T14_gp1	Human_papillomavirus_30_NC_038889.gtf	passthrough	1	1	462	462	0	yes
NC_038889_D1T14_gp2	Human_papillomavirus_30_NC_038889.gtf	passthrough	1	1	318	318	0	yes
NC_038889_D1T14_gp3	Human_papillomavirus_30_NC_038889.gtf	passthrough	1	1	1896	1896	0	yes
NC_038889_D1T14_gp4	Human_papillomavirus_30_NC_038889.gtf	passthrough	1	1	1137	1137	0	yes
NC_038889_D1T14_gp5	Human_papillomavirus_30_NC_038889.gtf	passthrough	1	1	1392	1392	0	yes
NC_038889_D1T14_gp6	Human_papillomavirus_30_NC_038889.gtf	passthrough	1	1	1527	1527	0	yes
HPV31_QKA66_gp1	Human_papillomavirus_31_NC_075191.gtf	passthrough	1	1	450	450	0	yes
HPV31_QKA66_gp2	Human_papillomavirus_31_NC_075191.gtf	passthrough	1	1	297	297	0	yes
HPV31_QKA66_gp3	Human_papillomavirus_31_NC_075191.gtf	passthrough	1	1	1890	1890	0	yes
HPV31_QKA66_gp4	Human_papillomavirus_31_NC_075191.gtf	passthrough	1	1	1119	1119	0	yes
HPV31_QKA66_gp5	Human_papillomavirus_31_NC_075191.gtf	passthrough	1	1	309	309	0	yes
HPV31_QKA66_gp6	Human_papillomavirus_31_NC_075191.gtf	passthrough	1	1	255	255	0	yes
HPV31_QKA66_gp7	Human_papillomavirus_31_NC_075191.gtf	passthrough	1	1	1401	1401	0	yes
HPV31_QKA66_gp8	Human_papillomavirus_31_NC_075191.gtf	passthrough	1	1	1515	1515	0	yes
NC_001586_HpV32gp1	Human_papillomavirus_32_NC_001586.gtf	passthrough	1	1	429	429	0	yes
NC_001586_HpV32gp2	Human_papillomavirus_32_NC_001586.gtf	passthrough	1	1	315	315	0	yes
NC_001586_HpV32gp3	Human_papillomavirus_32_NC_001586.gtf	passthrough	1	1	1929	1929	0	yes
NC_001586_HpV32gp4	Human_papillomavirus_32_NC_001586.gtf	passthrough	1	1	1185	1185	0	yes
NC_001586_HpV32gp5	Human_papillomavirus_32_NC_001586.gtf	passthrough	1	1	1431	1431	0	yes
NC_001586_HpV32gp6	Human_papillomavirus_32_NC_001586.gtf	passthrough	1	1	1512	1512	0	yes
HPV33_QKB09_gp1	Human_papillomavirus_33_NC_075233.gtf	passthrough	1	1	450	450	0	yes
HPV33_QKB09_gp2	Human_papillomavirus_33_NC_075233.gtf	passthrough	1	1	294	294	0	yes
HPV33_QKB09_gp3	Human_papillomavirus_33_NC_075233.gtf	passthrough	1	1	1935	1935	0	yes
HPV33_QKB09_gp4	Human_papillomavirus_33_NC_075233.gtf	passthrough	1	1	1062	1062	0	yes
HPV33_QKB09_gp5	Human_papillomavirus_33_NC_075233.gtf	passthrough	1	1	252	252	0	yes
HPV33_QKB09_gp6	Human_papillomavirus_33_NC_075233.gtf	passthrough	1	1	228	228	0	yes
HPV33_QKB09_gp7	Human_papillomavirus_33_NC_075233.gtf	passthrough	1	1	1404	1404	0	yes
HPV33_QKB09_gp8	Human_papillomavirus_33_NC_075233.gtf	passthrough	1	1	1500	1500	0	yes
NC_001587_HpV34gp1	Human_papillomavirus_34_NC_001587.gtf	passthrough	1	1	447	447	0	yes
NC_001587_HpV34gp2	Human_papillomavirus_34_NC_001587.gtf	passthrough	1	1	294	294	0	yes
NC_001587_HpV34gp3	Human_papillomavirus_34_NC_001587.gtf	passthrough	1	1	1944	1944	0	yes
NC_001587_HpV34gp4	Human_papillomavirus_34_NC_001587.gtf	passthrough	1	1	1038	1038	0	yes
NC_001587_HpV34gp5	Human_papillomavirus_34_NC_001587.gtf	passthrough	1	1	1419	1419	0	yes
NC_001587_HpV34gp6	Human_papillomavirus_34_NC_001587.gtf	passthrough	1	1	1587	1587	0	yes
HPV35_E1	Human_papillomavirus_35_M74117.gtf	passthrough	1	1	1893	1893	0	yes
HPV35_E2	Human_papillomavirus_35_M74117.gtf	passthrough	1	1	1104	1104	0	yes
HPV35_E4	Human_papillomavirus_35_M74117.gtf	passthrough	1	1	291	291	0	yes
HPV35_E5	Human_papillomavirus_35_M74117.gtf	passthrough	1	1	246	246	0	yes
HPV35_E6	Human_papillomavirus_35_M74117.gtf	passthrough	1	1	450	450	0	yes
HPV35_E7	Human_papillomavirus_35_M74117.gtf	passthrough	1	1	300	300	0	yes
HPV35_L1	Human_papillomavirus_35_M74117.gtf	passthrough	1	1	1518	1518	0	yes
HPV35_L2	Human_papillomavirus_35_M74117.gtf	passthrough	1	1	1410	1410	0	yes
U31785_E1	Human_papillomavirus_36_U31785.gtf	passthrough	1	1	1815	1815	0	yes
U31785_E2	Human_papillomavirus_36_U31785.gtf	passthrough	1	1	1530	1530	0	yes
U31785_E4	Human_papillomavirus_36_U31785.gtf	passthrough	1	1	726	726	0	yes
U31785_E6	Human_papillomavirus_36_U31785.gtf	passthrough	1	1	474	474	0	yes
U31785_E7	Human_papillomavirus_36_U31785.gtf	passthrough	1	1	309	309	0	yes
U31785_L1	Human_papillomavirus_36_U31785.gtf	passthrough	1	1	1551	1551	0	yes
U31785_L2	Human_papillomavirus_36_U31785.gtf	passthrough	1	1	1557	1557	0	yes
U31786_E1	Human_papillomavirus_37_U31786.gtf	passthrough	1	1	1830	1830	0	yes
U31786_E2	Human_papillomavirus_37_U31786.gtf	passthrough	1	1	1365	1365	0	yes
U31786_E4	Human_papillomavirus_37_U31786.gtf	passthrough	1	1	624	624	0	yes
U31786_E6	Human_papillomavirus_37_U31786.gtf	passthrough	1	1	426	426	0	yes
U31786_E7	Human_papillomavirus_37_U31786.gtf	passthrough	1	1	285	285	0	yes
U31786_L1	Human_papillomavirus_37_U31786.gtf	passthrough	1	1	1524	1524	0	yes
U31786_L2	Human_papillomavirus_37_U31786.gtf	passthrough	1	1	1605	1605	0	yes
NC_075251_QKB28_gp1	Human_papillomavirus_38_NC_075251.gtf	passthrough	1	1	426	426	0	yes
NC_075251_QKB28_gp2	Human_papillomavirus_38_NC_075251.gtf	passthrough	1	1	303	303	0	yes
NC_075251_QKB28_gp3	Human_papillomavirus_38_NC_075251.gtf	passthrough	1	1	1815	1815	0	yes
NC_075251_QKB28_gp4	Human_papillomavirus_38_NC_075251.gtf	passthrough	1	1	1326	1326	0	yes
NC_075251_QKB28_gp5	Human_papillomavirus_38_NC_075251.gtf	passthrough	1	1	570	570	0	yes
NC_075251_QKB28_gp6	Human_papillomavirus_38_NC_075251.gtf	passthrough	1	1	1584	1584	0	yes
NC_075251_QKB28_gp7	Human_papillomavirus_38_NC_075251.gtf	passthrough	1	1	1533	1533	0	yes
HPV39_E1	Human_papillomavirus_39_KC470231.gtf	passthrough	1	1	1944	1944	0	yes
HPV39_E2	Human_papillomavirus_39_KC470231.gtf	passthrough	1	1	1113	1113	0	yes
HPV39_E4	Human_papillomavirus_39_KC470231.gtf	passthrough	1	1	276	276	0	yes
HPV39_E5	Human_papillomavirus_39_KC470231.gtf	passthrough	1	1	219	219	0	yes
HPV39_E6	Human_papillomavirus_39_KC470231.gtf	passthrough	1	1	477	477	0	yes
HPV39_E7	Human_papillomavirus_39_KC470231.gtf	passthrough	1	1	330	330	0	yes
HPV39_L1	Human_papillomavirus_39_KC470231.gtf	passthrough	1	1	1518	1518	0	yes
HPV39_L2	Human_papillomavirus_39_KC470231.gtf	passthrough	1	1	1413	1413	0	yes
X74462_E1	Human_papillomavirus_3_X74462.gtf	passthrough	1	1	1980	1980	0	yes
X74462_E2	Human_papillomavirus_3_X74462.gtf	passthrough	1	1	1152	1152	0	yes
X74462_E6	Human_papillomavirus_3_X74462.gtf	passthrough	1	1	459	459	0	yes
X74462_E6_dup2	Human_papillomavirus_3_X74462.gtf	passthrough	1	1	447	447	0	yes
X74462_L1	Human_papillomavirus_3_X74462.gtf	passthrough	1	1	1599	1599	0	yes
X74462_L1_dup2	Human_papillomavirus_3_X74462.gtf	passthrough	1	1	1515	1515	0	yes
X74462_L2	Human_papillomavirus_3_X74462.gtf	passthrough	1	1	1422	1422	0	yes
X74478_E1	Human_papillomavirus_40_X74478.gtf	passthrough	1	1	1944	1944	0	yes
X74478_E2	Human_papillomavirus_40_X74478.gtf	passthrough	1	1	1113	1113	0	yes
X74478_E6	Human_papillomavirus_40_X74478.gtf	passthrough	1	1	465	465	0	yes
X74478_E7	Human_papillomavirus_40_X74478.gtf	passthrough	1	1	336	336	0	yes
X74478_L1	Human_papillomavirus_40_X74478.gtf	passthrough	1	1	1518	1518	0	yes
X74478_L2	Human_papillomavirus_40_X74478.gtf	passthrough	1	1	1404	1404	0	yes
M73236_AAA47041.1	Human_papillomavirus_42_M73236.gtf	passthrough	1	1	459	459	0	yes
M73236_AAA47042.1	Human_papillomavirus_42_M73236.gtf	passthrough	1	1	348	348	0	yes
M73236_AAA47043.1	Human_papillomavirus_42_M73236.gtf	passthrough	1	1	2037	2037	0	yes
M73236_AAA47044.1	Human_papillomavirus_42_M73236.gtf	passthrough	1	1	1227	1227	0	yes
M73236_AAA47045.1	Human_papillomavirus_42_M73236.gtf	passthrough	1	1	363	363	0	yes
M73236_AAA47046.1	Human_papillomavirus_42_M73236.gtf	passthrough	1	1	288	288	0	yes
M73236_AAA47047.1	Human_papillomavirus_42_M73236.gtf	passthrough	1	1	1509	1509	0	yes
M73236_AAA47048.1	Human_papillomavirus_42_M73236.gtf	passthrough	1	1	1590	1590	0	yes
AJ620205_E1	Human_papillomavirus_43_AJ620205.gtf	passthrough	1	1	1968	1968	0	yes
AJ620205_E2	Human_papillomavirus_43_AJ620205.gtf	passthrough	1	1	1116	1116	0	yes
AJ620205_E4	Human_papillomavirus_43_AJ620205.gtf	passthrough	1	1	345	345	0	yes
AJ620205_E6	Human_papillomavirus_43_AJ620205.gtf	passthrough	1	1	468	468	0	yes
AJ620205_E7	Human_papillomavirus_43_AJ620205.gtf	passthrough	1	1	300	300	0	yes
AJ620205_L1	Human_papillomavirus_43_AJ620205.gtf	passthrough	1	1	1596	1596	0	yes
AJ620205_L1_dup2	Human_papillomavirus_43_AJ620205.gtf	passthrough	1	1	1512	1512	0	yes
AJ620205_L2	Human_papillomavirus_43_AJ620205.gtf	passthrough	1	1	1392	1392	0	yes
AJ620205_X	Human_papillomavirus_43_AJ620205.gtf	passthrough	1	1	279	279	0	yes
AJ620205_Y	Human_papillomavirus_43_AJ620205.gtf	passthrough	1	1	369	369	0	yes
U31788_E1	Human_papillomavirus_44_U31788.gtf	passthrough	1	1	1932	1932	0	yes
U31788_E2	Human_papillomavirus_44_U31788.gtf	passthrough	1	1	1134	1134	0	yes
U31788_E4	Human_papillomavirus_44_U31788.gtf	passthrough	1	1	435	435	0	yes
U31788_E6	Human_papillomavirus_44_U31788.gtf	passthrough	1	1	453	453	0	yes
U31788_E7	Human_papillomavirus_44_U31788.gtf	passthrough	1	1	294	294	0	yes
U31788_L1	Human_papillomavirus_44_U31788.gtf	passthrough	1	1	1503	1503	0	yes
U31788_L2	Human_papillomavirus_44_U31788.gtf	passthrough	1	1	1383	1383	0	yes
HPV45_ABP99808.1	Human_papillomavirus_45_EF202156.gtf	passthrough	1	1	477	477	0	yes
HPV45_ABP99809.1	Human_papillomavirus_45_EF202156.gtf	passthrough	1	1	321	321	0	yes
HPV45_ABP99810.1	Human_papillomavirus_45_EF202156.gtf	passthrough	1	1	1932	1932	0	yes
HPV45_ABP99811.1	Human_papillomavirus_45_EF202156.gtf	passthrough	1	1	1107	1107	0	yes
HPV45_ABP99812.1	Human_papillomavirus_45_EF202156.gtf	passthrough	1	1	273	273	0	yes
HPV45_ABP99813.1	Human_papillomavirus_45_EF202156.gtf	passthrough	1	1	222	222	0	yes
HPV45_ABP99814.1	Human_papillomavirus_45_EF202156.gtf	passthrough	1	1	1392	1392	0	yes
HPV45_ABP99815.1	Human_papillomavirus_45_EF202156.gtf	passthrough	1	1	1620	1620	0	yes
M32305_AAA46975.1	Human_papillomavirus_47_M32305.gtf	passthrough	1	1	693	693	0	yes
M32305_AAA46976.1	Human_papillomavirus_47_M32305.gtf	passthrough	1	1	471	471	0	yes
M32305_AAA46977.1	Human_papillomavirus_47_M32305.gtf	passthrough	1	1	312	312	0	yes
M32305_AAA46978.1	Human_papillomavirus_47_M32305.gtf	passthrough	1	1	1818	1818	0	yes
M32305_AAA46979.1	Human_papillomavirus_47_M32305.gtf	passthrough	1	1	1521	1521	0	yes
M32305_AAA46980.1	Human_papillomavirus_47_M32305.gtf	passthrough	1	1	915	915	0	yes
M32305_AAA46981.1	Human_papillomavirus_47_M32305.gtf	passthrough	1	1	1557	1557	0	yes
M32305_AAA46982.1	Human_papillomavirus_47_M32305.gtf	passthrough	1	1	1545	1545	0	yes
NC_001591_HpV49gp1	Human_papillomavirus_49_NC_001591.gtf	passthrough	1	1	417	417	0	yes
NC_001591_HpV49gp2	Human_papillomavirus_49_NC_001591.gtf	passthrough	1	1	312	312	0	yes
NC_001591_HpV49gp3	Human_papillomavirus_49_NC_001591.gtf	passthrough	1	1	1830	1830	0	yes
NC_001591_HpV49gp4	Human_papillomavirus_49_NC_001591.gtf	passthrough	1	1	1467	1467	0	yes
NC_001591_HpV49gp5	Human_papillomavirus_49_NC_001591.gtf	passthrough	1	1	1566	1566	0	yes
NC_001591_HpV49gp6	Human_papillomavirus_49_NC_001591.gtf	passthrough	1	1	1530	1530	0	yes
HPV51_E1	Human_papillomavirus_51_KF436866.gtf	passthrough	1	1	1905	1905	0	yes
HPV51_E2	Human_papillomavirus_51_KF436866.gtf	passthrough	1	1	1077	1077	0	yes
HPV51_E4	Human_papillomavirus_51_KF436866.gtf	passthrough	1	1	264	264	0	yes
HPV51_E6	Human_papillomavirus_51_KF436866.gtf	passthrough	1	1	456	456	0	yes
HPV51_E7	Human_papillomavirus_51_KF436866.gtf	passthrough	1	1	306	306	0	yes
HPV51_L1	Human_papillomavirus_51_KF436866.gtf	passthrough	1	1	1515	1515	0	yes
HPV51_L2	Human_papillomavirus_51_KF436866.gtf	passthrough	1	1	1410	1410	0	yes
HPV52_E1	Human_papillomavirus_52_AB819272.gtf	passthrough	1	1	1944	1944	0	yes
HPV52_E2	Human_papillomavirus_52_AB819272.gtf	passthrough	1	1	1107	1107	0	yes
HPV52_E4	Human_papillomavirus_52_AB819272.gtf	passthrough	1	1	294	294	0	yes
HPV52_E5	Human_papillomavirus_52_AB819272.gtf	passthrough	1	1	228	228	0	yes
HPV52_E6	Human_papillomavirus_52_AB819272.gtf	passthrough	1	1	447	447	0	yes
HPV52_E7	Human_papillomavirus_52_AB819272.gtf	passthrough	1	1	300	300	0	yes
HPV52_L1	Human_papillomavirus_52_AB819272.gtf	passthrough	1	1	1590	1590	0	yes
HPV52_L2	Human_papillomavirus_52_AB819272.gtf	passthrough	1	1	1401	1401	0	yes
NC_001593_HpV53gp1	Human_papillomavirus_53_NC_001593.gtf	passthrough	1	1	465	465	0	yes
NC_001593_HpV53gp2	Human_papillomavirus_53_NC_001593.gtf	passthrough	1	1	318	318	0	yes
NC_001593_HpV53gp3	Human_papillomavirus_53_NC_001593.gtf	passthrough	1	1	249	249	0	yes
NC_001593_HpV53gp4	Human_papillomavirus_53_NC_001593.gtf	passthrough	1	1	201	201	0	yes
NC_001593_HpV53gp5	Human_papillomavirus_53_NC_001593.gtf	passthrough	1	1	1155	1155	0	yes
NC_001593_HpV53gp6	Human_papillomavirus_53_NC_001593.gtf	passthrough	1	1	1392	1392	0	yes
NC_001593_HpV53gp7	Human_papillomavirus_53_NC_001593.gtf	passthrough	1	1	1500	1500	0	yes
NC_001676_HpV54gp1	Human_papillomavirus_54_NC_001676.gtf	passthrough	1	1	435	435	0	yes
NC_001676_HpV54gp2	Human_papillomavirus_54_NC_001676.gtf	passthrough	1	1	288	288	0	yes
NC_001676_HpV54gp3	Human_papillomavirus_54_NC_001676.gtf	passthrough	1	1	1902	1902	0	yes
NC_001676_HpV54gp4	Human_papillomavirus_54_NC_001676.gtf	passthrough	1	1	1104	1104	0	yes
NC_001676_HpV54gp5	Human_papillomavirus_54_NC_001676.gtf	passthrough	1	1	405	405	0	yes
NC_001676_HpV54gp6	Human_papillomavirus_54_NC_001676.gtf	passthrough	1	1	1413	1413	0	yes
NC_001676_HpV54gp7	Human_papillomavirus_54_NC_001676.gtf	passthrough	1	1	1494	1494	0	yes
HPV56_E1	Human_papillomavirus_56_EF177176.gtf	passthrough	1	1	1911	1911	0	yes
HPV56_E2	Human_papillomavirus_56_EF177176.gtf	passthrough	1	1	1116	1116	0	yes
HPV56_E4	Human_papillomavirus_56_EF177176.gtf	passthrough	1	1	408	408	0	yes
HPV56_E6	Human_papillomavirus_56_EF177176.gtf	passthrough	1	1	468	468	0	yes
HPV56_E7	Human_papillomavirus_56_EF177176.gtf	passthrough	1	1	318	318	0	yes
HPV56_L1	Human_papillomavirus_56_EF177176.gtf	passthrough	1	1	1605	1605	0	yes
HPV56_L2	Human_papillomavirus_56_EF177176.gtf	passthrough	1	1	1395	1395	0	yes
X55965_CAA39430.1	Human_papillomavirus_57_X55965.gtf	passthrough	1	1	462	462	0	yes
X55965_CAA39431.1	Human_papillomavirus_57_X55965.gtf	passthrough	1	1	279	279	0	yes
X55965_CAA39432.1	Human_papillomavirus_57_X55965.gtf	passthrough	1	1	1932	1932	0	yes
X55965_CAA39433.1	Human_papillomavirus_57_X55965.gtf	passthrough	1	1	1152	1152	0	yes
X55965_CAA39434.1	Human_papillomavirus_57_X55965.gtf	passthrough	1	1	375	375	0	yes
X55965_CAA39435.1	Human_papillomavirus_57_X55965.gtf	passthrough	1	1	1398	1398	0	yes
X55965_CAA39436.1	Human_papillomavirus_57_X55965.gtf	passthrough	1	1	1533	1533	0	yes
HPV58_E1	Human_papillomavirus_58_EU918765.gtf	passthrough	1	1	1935	1935	0	yes
HPV58_E2	Human_papillomavirus_58_EU918765.gtf	passthrough	1	1	1077	1077	0	yes
HPV58_E4	Human_papillomavirus_58_EU918765.gtf	passthrough	1	1	276	276	0	yes
HPV58_E5	Human_papillomavirus_58_EU918765.gtf	passthrough	1	1	231	231	0	yes
HPV58_E6	Human_papillomavirus_58_EU918765.gtf	passthrough	1	1	450	450	0	yes
HPV58_E7	Human_papillomavirus_58_EU918765.gtf	passthrough	1	1	297	297	0	yes
HPV58_L1	Human_papillomavirus_58_EU918765.gtf	passthrough	1	1	1575	1575	0	yes
HPV58_L2	Human_papillomavirus_58_EU918765.gtf	passthrough	1	1	1419	1419	0	yes
HPV59_E1	Human_papillomavirus_59_EU918767.gtf	passthrough	1	1	1935	1935	0	yes
HPV59_E2	Human_papillomavirus_59_EU918767.gtf	passthrough	1	1	1113	1113	0	yes
HPV59_E4	Human_papillomavirus_59_EU918767.gtf	passthrough	1	1	348	348	0	yes
HPV59_E5	Human_papillomavirus_59_EU918767.gtf	passthrough	1	1	222	222	0	yes
HPV59_E6	Human_papillomavirus_59_EU918767.gtf	passthrough	1	1	483	483	0	yes
HPV59_E7	Human_papillomavirus_59_EU918767.gtf	passthrough	1	1	324	324	0	yes
HPV59_L1	Human_papillomavirus_59_EU918767.gtf	passthrough	1	1	1527	1527	0	yes
HPV59_L2	Human_papillomavirus_59_EU918767.gtf	passthrough	1	1	1395	1395	0	yes
NC_001531_HpV5gp1	Human_papillomavirus_5_NC_001531.gtf	passthrough	1	1	474	474	0	yes
NC_001531_HpV5gp2	Human_papillomavirus_5_NC_001531.gtf	passthrough	1	1	312	312	0	yes
NC_001531_HpV5gp3	Human_papillomavirus_5_NC_001531.gtf	passthrough	1	1	1821	1821	0	yes
NC_001531_HpV5gp4	Human_papillomavirus_5_NC_001531.gtf	passthrough	1	1	1545	1545	0	yes
NC_001531_HpV5gp5	Human_papillomavirus_5_NC_001531.gtf	passthrough	1	1	738	738	0	yes
NC_001531_HpV5gp6	Human_papillomavirus_5_NC_001531.gtf	passthrough	1	1	507	507	0	yes
NC_001531_HpV5gp7	Human_papillomavirus_5_NC_001531.gtf	passthrough	1	1	1557	1557	0	yes
NC_001531_HpV5gp8	Human_papillomavirus_5_NC_001531.gtf	passthrough	1	1	1551	1551	0	yes
NC_001694_HpV61gp1	Human_papillomavirus_61_NC_001694.gtf	passthrough	1	1	441	441	0	yes
NC_001694_HpV61gp2	Human_papillomavirus_61_NC_001694.gtf	passthrough	1	1	288	288	0	yes
NC_001694_HpV61gp3	Human_papillomavirus_61_NC_001694.gtf	passthrough	1	1	1959	1959	0	yes
NC_001694_HpV61gp4	Human_papillomavirus_61_NC_001694.gtf	passthrough	1	1	1149	1149	0	yes
NC_001694_HpV61gp5	Human_papillomavirus_61_NC_001694.gtf	passthrough	1	1	315	315	0	yes
NC_001694_HpV61gp6	Human_papillomavirus_61_NC_001694.gtf	passthrough	1	1	1380	1380	0	yes
NC_001694_HpV61gp7	Human_papillomavirus_61_NC_001694.gtf	passthrough	1	1	1518	1518	0	yes
AY395706_E1	Human_papillomavirus_62_AY395706.gtf	passthrough	1	1	1959	1959	0	yes
AY395706_E2	Human_papillomavirus_62_AY395706.gtf	passthrough	1	1	1140	1140	0	yes
AY395706_E4	Human_papillomavirus_62_AY395706.gtf	passthrough	1	1	315	315	0	yes
AY395706_E6	Human_papillomavirus_62_AY395706.gtf	passthrough	1	1	447	447	0	yes
AY395706_E7	Human_papillomavirus_62_AY395706.gtf	passthrough	1	1	291	291	0	yes
AY395706_L1	Human_papillomavirus_62_AY395706.gtf	passthrough	1	1	1512	1512	0	yes
AY395706_L2	Human_papillomavirus_62_AY395706.gtf	passthrough	1	1	1428	1428	0	yes
HPV66_E1	Human_papillomavirus_66_U31794.gtf	passthrough	1	1	1893	1893	0	yes
HPV66_E2	Human_papillomavirus_66_U31794.gtf	passthrough	1	1	1110	1110	0	yes
HPV66_E4	Human_papillomavirus_66_U31794.gtf	passthrough	1	1	525	525	0	yes
HPV66_E6	Human_papillomavirus_66_U31794.gtf	passthrough	1	1	468	468	0	yes
HPV66_E7	Human_papillomavirus_66_U31794.gtf	passthrough	1	1	318	318	0	yes
HPV66_L1	Human_papillomavirus_66_U31794.gtf	passthrough	1	1	1512	1512	0	yes
HPV66_L2	Human_papillomavirus_66_U31794.gtf	passthrough	1	1	1395	1395	0	yes
D21208_BAA28859.1	Human_papillomavirus_67_D21208.gtf	passthrough	1	1	1590	1590	0	yes
D21208_BAA66109.1	Human_papillomavirus_67_D21208.gtf	passthrough	1	1	450	450	0	yes
D21208_BAA66110.1	Human_papillomavirus_67_D21208.gtf	passthrough	1	1	300	300	0	yes
D21208_BAA66111.1	Human_papillomavirus_67_D21208.gtf	passthrough	1	1	1911	1911	0	yes
D21208_BAA66112.1	Human_papillomavirus_67_D21208.gtf	passthrough	1	1	1107	1107	0	yes
D21208_BAA66113.1	Human_papillomavirus_67_D21208.gtf	passthrough	1	1	294	294	0	yes
D21208_BAA66114.1	Human_papillomavirus_67_D21208.gtf	passthrough	1	1	222	222	0	yes
D21208_BAA66115.1	Human_papillomavirus_67_D21208.gtf	passthrough	1	1	1398	1398	0	yes
DQ080079_AAZ39491.1	Human_papillomavirus_68_DQ080079.gtf	passthrough	1	1	477	477	0	yes
DQ080079_AAZ39492.1	Human_papillomavirus_68_DQ080079.gtf	passthrough	1	1	333	333	0	yes
DQ080079_AAZ39493.1	Human_papillomavirus_68_DQ080079.gtf	passthrough	1	1	1923	1923	0	yes
DQ080079_AAZ39494.1	Human_papillomavirus_68_DQ080079.gtf	passthrough	1	1	1113	1113	0	yes
DQ080079_AAZ39495.1	Human_papillomavirus_68_DQ080079.gtf	passthrough	1	1	285	285	0	yes
DQ080079_AAZ39496.1	Human_papillomavirus_68_DQ080079.gtf	passthrough	1	1	222	222	0	yes
DQ080079_AAZ39497.1	Human_papillomavirus_68_DQ080079.gtf	passthrough	1	1	1410	1410	0	yes
DQ080079_AAZ39498.1	Human_papillomavirus_68_DQ080079.gtf	passthrough	1	1	1518	1518	0	yes
HPV69_E1	Human_papillomavirus_69_AB027020.gtf	passthrough	1	1	1905	1905	0	yes
HPV69_E2	Human_papillomavirus_69_AB027020.gtf	passthrough	1	1	1107	1107	0	yes
HPV69_E4	Human_papillomavirus_69_AB027020.gtf	passthrough	1	1	306	306	0	yes
HPV69_E5	Human_papillomavirus_69_AB027020.gtf	passthrough	1	1	297	297	0	yes
HPV69_E6	Human_papillomavirus_69_AB027020.gtf	passthrough	1	1	456	456	0	yes
HPV69_E7	Human_papillomavirus_69_AB027020.gtf	passthrough	1	1	315	315	0	yes
HPV69_L1	Human_papillomavirus_69_AB027020.gtf	passthrough	1	1	1524	1524	0	yes
HPV69_L2	Human_papillomavirus_69_AB027020.gtf	passthrough	1	1	1404	1404	0	yes
NC_001355_HPV6bgp1	Human_papillomavirus_6_NC_001355.gtf	passthrough	1	1	453	453	0	yes
NC_001355_HPV6bgp2	Human_papillomavirus_6_NC_001355.gtf	passthrough	1	1	297	297	0	yes
NC_001355_HPV6bgp3	Human_papillomavirus_6_NC_001355.gtf	passthrough	1	1	1950	1950	0	yes
NC_001355_HPV6bgp4	Human_papillomavirus_6_NC_001355.gtf	passthrough	1	1	1107	1107	0	yes
NC_001355_HPV6bgp5	Human_papillomavirus_6_NC_001355.gtf	passthrough	1	1	330	330	0	yes
NC_001355_HPV6bgp6	Human_papillomavirus_6_NC_001355.gtf	passthrough	1	1	276	276	0	yes
NC_001355_HPV6bgp7	Human_papillomavirus_6_NC_001355.gtf	passthrough	1	1	219	219	0	yes
NC_001355_HPV6bgp8	Human_papillomavirus_6_NC_001355.gtf	passthrough	1	1	1380	1380	0	yes
NC_001355_HPV6bgp9	Human_papillomavirus_6_NC_001355.gtf	passthrough	1	1	1503	1503	0	yes
U21941_AAC54852.1	Human_papillomavirus_70_U21941.gtf	passthrough	1	1	1959	1959	0	yes
U21941_AAC54853.1	Human_papillomavirus_70_U21941.gtf	passthrough	1	1	1083	1083	0	yes
U21941_AAC54856.1	Human_papillomavirus_70_U21941.gtf	passthrough	1	1	1401	1401	0	yes
U21941_AAC54857.1	Human_papillomavirus_70_U21941.gtf	passthrough	1	1	1515	1515	0	yes
U21941_E4	Human_papillomavirus_70_U21941.gtf	passthrough	1	1	255	255	0	yes
U21941_E5	Human_papillomavirus_70_U21941.gtf	passthrough	1	1	237	237	0	yes
U21941_E6	Human_papillomavirus_70_U21941.gtf	passthrough	1	1	477	477	0	yes
U21941_E7	Human_papillomavirus_70_U21941.gtf	passthrough	1	1	330	330	0	yes
NC_039089_D1R35_gp1	Human_papillomavirus_71_NC_039089.gtf	passthrough	1	1	1929	1929	0	yes
NC_039089_E2_modelled	Human_papillomavirus_71_NC_039089.gtf	passthrough	1	1	1155	1155	0	yes
NC_039089_E6_modelled	Human_papillomavirus_71_NC_039089.gtf	passthrough	1	1	468	468	0	yes
NC_039089_E7_modelled	Human_papillomavirus_71_NC_039089.gtf	passthrough	1	1	270	270	0	yes
NC_039089_L1_modelled	Human_papillomavirus_71_NC_039089.gtf	passthrough	1	1	1587	1587	0	yes
NC_039089_L2_modelled	Human_papillomavirus_71_NC_039089.gtf	passthrough	1	1	1341	1341	0	yes
X94164_E1A_and_E1B	Human_papillomavirus_72_X94164.gtf	passthrough	1	1	1952	1952	0	yes
X94164_E2	Human_papillomavirus_72_X94164.gtf	passthrough	1	1	1155	1155	0	yes
X94164_E4	Human_papillomavirus_72_X94164.gtf	passthrough	1	1	321	321	0	yes
X94164_E6	Human_papillomavirus_72_X94164.gtf	passthrough	1	1	447	447	0	yes
X94164_E7	Human_papillomavirus_72_X94164.gtf	passthrough	1	1	303	303	0	yes
X94164_L1	Human_papillomavirus_72_X94164.gtf	passthrough	1	1	1605	1605	0	yes
X94164_L1_dup2	Human_papillomavirus_72_X94164.gtf	passthrough	1	1	1521	1521	0	yes
X94164_L2	Human_papillomavirus_72_X94164.gtf	passthrough	1	1	1401	1401	0	yes
X94165_E1	Human_papillomavirus_73_X94165.gtf	passthrough	1	1	1953	1953	0	yes
X94165_E2	Human_papillomavirus_73_X94165.gtf	passthrough	1	1	1053	1053	0	yes
X94165_E6	Human_papillomavirus_73_X94165.gtf	passthrough	1	1	447	447	0	yes
X94165_E7	Human_papillomavirus_73_X94165.gtf	passthrough	1	1	294	294	0	yes
X94165_L1	Human_papillomavirus_73_X94165.gtf	passthrough	1	1	1512	1512	0	yes
X94165_L2	Human_papillomavirus_73_X94165.gtf	passthrough	1	1	1428	1428	0	yes
AF436130_AAO15455.1	Human_papillomavirus_74_AF436130.gtf	passthrough	1	1	453	453	0	yes
AF436130_E1	Human_papillomavirus_74_AF436130.gtf	passthrough	1	1	1923	1923	0	yes
AF436130_E2	Human_papillomavirus_74_AF436130.gtf	passthrough	1	1	1146	1146	0	yes
AF436130_E4	Human_papillomavirus_74_AF436130.gtf	passthrough	1	1	426	426	0	yes
AF436130_E5	Human_papillomavirus_74_AF436130.gtf	passthrough	1	1	276	276	0	yes
AF436130_E7	Human_papillomavirus_74_AF436130.gtf	passthrough	1	1	288	288	0	yes
AF436130_L1	Human_papillomavirus_74_AF436130.gtf	passthrough	1	1	1587	1587	0	yes
AF436130_L2	Human_papillomavirus_74_AF436130.gtf	passthrough	1	1	1395	1395	0	yes
Y15173_E1	Human_papillomavirus_75_Y15173.gtf	passthrough	1	1	1830	1830	0	yes
Y15173_E2	Human_papillomavirus_75_Y15173.gtf	passthrough	1	1	1410	1410	0	yes
Y15173_E4	Human_papillomavirus_75_Y15173.gtf	passthrough	1	1	648	648	0	yes
Y15173_E6	Human_papillomavirus_75_Y15173.gtf	passthrough	1	1	417	417	0	yes
Y15173_E7	Human_papillomavirus_75_Y15173.gtf	passthrough	1	1	306	306	0	yes
Y15173_L1	Human_papillomavirus_75_Y15173.gtf	passthrough	1	1	1530	1530	0	yes
Y15173_L2	Human_papillomavirus_75_Y15173.gtf	passthrough	1	1	1566	1566	0	yes
Y15174_E1	Human_papillomavirus_76_Y15174.gtf	passthrough	1	1	1830	1830	0	yes
Y15174_E2	Human_papillomavirus_76_Y15174.gtf	passthrough	1	1	1437	1437	0	yes
Y15174_E4	Human_papillomavirus_76_Y15174.gtf	passthrough	1	1	675	675	0	yes
Y15174_E6	Human_papillomavirus_76_Y15174.gtf	passthrough	1	1	417	417	0	yes
Y15174_E7	Human_papillomavirus_76_Y15174.gtf	passthrough	1	1	306	306	0	yes
Y15174_L1	Human_papillomavirus_76_Y15174.gtf	passthrough	1	1	1530	1530	0	yes
Y15174_L2	Human_papillomavirus_76_Y15174.gtf	passthrough	1	1	1566	1566	0	yes
Y15175_E1	Human_papillomavirus_77_Y15175.gtf	passthrough	1	1	1986	1986	0	yes
Y15175_E2	Human_papillomavirus_77_Y15175.gtf	passthrough	1	1	1122	1122	0	yes
Y15175_E4	Human_papillomavirus_77_Y15175.gtf	passthrough	1	1	411	411	0	yes
Y15175_E6	Human_papillomavirus_77_Y15175.gtf	passthrough	1	1	447	447	0	yes
Y15175_E7	Human_papillomavirus_77_Y15175.gtf	passthrough	1	1	273	273	0	yes
Y15175_L1	Human_papillomavirus_77_Y15175.gtf	passthrough	1	1	1698	1698	0	yes
Y15175_L2	Human_papillomavirus_77_Y15175.gtf	passthrough	1	1	1560	1560	0	yes
KC138720_E1	Human_papillomavirus_78_KC138720.gtf	passthrough	1	1	1983	1983	0	yes
KC138720_E2	Human_papillomavirus_78_KC138720.gtf	passthrough	1	1	1137	1137	0	yes
KC138720_E5	Human_papillomavirus_78_KC138720.gtf	passthrough	1	1	144	144	0	yes
KC138720_E6	Human_papillomavirus_78_KC138720.gtf	passthrough	1	1	447	447	0	yes
KC138720_E7	Human_papillomavirus_78_KC138720.gtf	passthrough	1	1	264	264	0	yes
KC138720_L1	Human_papillomavirus_78_KC138720.gtf	passthrough	1	1	1515	1515	0	yes
KC138720_L2	Human_papillomavirus_78_KC138720.gtf	passthrough	1	1	1425	1425	0	yes
NC_001595_HpV7gp1	Human_papillomavirus_7_NC_001595.gtf	passthrough	1	1	464	464	0	yes
NC_001595_HpV7gp2	Human_papillomavirus_7_NC_001595.gtf	passthrough	1	1	336	336	0	yes
NC_001595_HpV7gp3	Human_papillomavirus_7_NC_001595.gtf	passthrough	1	1	1941	1941	0	yes
NC_001595_HpV7gp4	Human_papillomavirus_7_NC_001595.gtf	passthrough	1	1	1128	1128	0	yes
NC_001595_HpV7gp5	Human_papillomavirus_7_NC_001595.gtf	passthrough	1	1	1371	1371	0	yes
NC_001595_HpV7gp6	Human_papillomavirus_7_NC_001595.gtf	passthrough	1	1	1518	1518	0	yes
Y15176_E1	Human_papillomavirus_80_Y15176.gtf	passthrough	1	1	1818	1818	0	yes
Y15176_E2	Human_papillomavirus_80_Y15176.gtf	passthrough	1	1	1335	1335	0	yes
Y15176_E4	Human_papillomavirus_80_Y15176.gtf	passthrough	1	1	708	708	0	yes
Y15176_E6	Human_papillomavirus_80_Y15176.gtf	passthrough	1	1	426	426	0	yes
Y15176_E7	Human_papillomavirus_80_Y15176.gtf	passthrough	1	1	282	282	0	yes
Y15176_L1	Human_papillomavirus_80_Y15176.gtf	passthrough	1	1	1524	1524	0	yes
Y15176_L2	Human_papillomavirus_80_Y15176.gtf	passthrough	1	1	1602	1602	0	yes
AJ620209_E1	Human_papillomavirus_81_AJ620209.gtf	passthrough	1	1	1953	1953	0	yes
AJ620209_E2	Human_papillomavirus_81_AJ620209.gtf	passthrough	1	1	1137	1137	0	yes
AJ620209_E4	Human_papillomavirus_81_AJ620209.gtf	passthrough	1	1	309	309	0	yes
AJ620209_E6	Human_papillomavirus_81_AJ620209.gtf	passthrough	1	1	465	465	0	yes
AJ620209_E7	Human_papillomavirus_81_AJ620209.gtf	passthrough	1	1	297	297	0	yes
AJ620209_L1	Human_papillomavirus_81_AJ620209.gtf	passthrough	1	1	1599	1599	0	yes
AJ620209_L1_dup2	Human_papillomavirus_81_AJ620209.gtf	passthrough	1	1	1515	1515	0	yes
AJ620209_L2	Human_papillomavirus_81_AJ620209.gtf	passthrough	1	1	1419	1419	0	yes
AJ620209_X	Human_papillomavirus_81_AJ620209.gtf	passthrough	1	1	303	303	0	yes
AJ620209_Y	Human_papillomavirus_81_AJ620209.gtf	passthrough	1	1	324	324	0	yes
AB027021_E1	Human_papillomavirus_82_AB027021.gtf	passthrough	1	1	1929	1929	0	yes
AB027021_E2	Human_papillomavirus_82_AB027021.gtf	passthrough	1	1	1080	1080	0	yes
AB027021_E4	Human_papillomavirus_82_AB027021.gtf	passthrough	1	1	267	267	0	yes
AB027021_E5	Human_papillomavirus_82_AB027021.gtf	passthrough	1	1	255	255	0	yes
AB027021_E6	Human_papillomavirus_82_AB027021.gtf	passthrough	1	1	456	456	0	yes
AB027021_E7	Human_papillomavirus_82_AB027021.gtf	passthrough	1	1	303	303	0	yes
AB027021_L1	Human_papillomavirus_82_AB027021.gtf	passthrough	1	1	1512	1512	0	yes
AB027021_L2	Human_papillomavirus_82_AB027021.gtf	passthrough	1	1	1380	1380	0	yes
AF151983_E1	Human_papillomavirus_83_AF151983.gtf	passthrough	1	1	1956	1956	0	yes
AF151983_E2	Human_papillomavirus_83_AF151983.gtf	passthrough	1	1	1143	1143	0	yes
AF151983_E4	Human_papillomavirus_83_AF151983.gtf	passthrough	1	1	342	342	0	yes
AF151983_E6	Human_papillomavirus_83_AF151983.gtf	passthrough	1	1	444	444	0	yes
AF151983_E7	Human_papillomavirus_83_AF151983.gtf	passthrough	1	1	294	294	0	yes
AF151983_L1	Human_papillomavirus_83_AF151983.gtf	passthrough	1	1	1512	1512	0	yes
AF151983_L2	Human_papillomavirus_83_AF151983.gtf	passthrough	1	1	1416	1416	0	yes
AF293960_E1	Human_papillomavirus_84_AF293960.gtf	passthrough	1	1	1953	1953	0	yes
AF293960_E2	Human_papillomavirus_84_AF293960.gtf	passthrough	1	1	1134	1134	0	yes
AF293960_E4	Human_papillomavirus_84_AF293960.gtf	passthrough	1	1	312	312	0	yes
AF293960_E6	Human_papillomavirus_84_AF293960.gtf	passthrough	1	1	447	447	0	yes
AF293960_E7	Human_papillomavirus_84_AF293960.gtf	passthrough	1	1	291	291	0	yes
AF293960_L1	Human_papillomavirus_84_AF293960.gtf	passthrough	1	1	1512	1512	0	yes
AF293960_L2	Human_papillomavirus_84_AF293960.gtf	passthrough	1	1	1425	1425	0	yes
AF349909_E1	Human_papillomavirus_86_AF349909.gtf	passthrough	1	1	1959	1959	0	yes
AF349909_E2	Human_papillomavirus_86_AF349909.gtf	passthrough	1	1	1125	1125	0	yes
AF349909_E4	Human_papillomavirus_86_AF349909.gtf	passthrough	1	1	327	327	0	yes
AF349909_E6	Human_papillomavirus_86_AF349909.gtf	passthrough	1	1	447	447	0	yes
AF349909_E7	Human_papillomavirus_86_AF349909.gtf	passthrough	1	1	285	285	0	yes
AF349909_L1	Human_papillomavirus_86_AF349909.gtf	passthrough	1	1	1518	1518	0	yes
AF349909_L2	Human_papillomavirus_86_AF349909.gtf	passthrough	1	1	1437	1437	0	yes
AJ400628_e1	Human_papillomavirus_87_AJ400628.gtf	passthrough	1	1	1881	1881	0	yes
AJ400628_e2	Human_papillomavirus_87_AJ400628.gtf	passthrough	1	1	1128	1128	0	yes
AJ400628_e4	Human_papillomavirus_87_AJ400628.gtf	passthrough	1	1	534	534	0	yes
AJ400628_e6	Human_papillomavirus_87_AJ400628.gtf	passthrough	1	1	465	465	0	yes
AJ400628_e7	Human_papillomavirus_87_AJ400628.gtf	passthrough	1	1	291	291	0	yes
AJ400628_l1	Human_papillomavirus_87_AJ400628.gtf	passthrough	1	1	1698	1698	0	yes
AJ400628_l2	Human_papillomavirus_87_AJ400628.gtf	passthrough	1	1	1419	1419	0	yes
AF436128_AAM92151.1	Human_papillomavirus_89_AF436128.gtf	passthrough	1	1	453	453	0	yes
AF436128_E1	Human_papillomavirus_89_AF436128.gtf	passthrough	1	1	1965	1965	0	yes
AF436128_E2	Human_papillomavirus_89_AF436128.gtf	passthrough	1	1	1134	1134	0	yes
AF436128_E4	Human_papillomavirus_89_AF436128.gtf	passthrough	1	1	354	354	0	yes
AF436128_E7	Human_papillomavirus_89_AF436128.gtf	passthrough	1	1	297	297	0	yes
AF436128_L1	Human_papillomavirus_89_AF436128.gtf	passthrough	1	1	1557	1557	0	yes
AF436128_L2	Human_papillomavirus_89_AF436128.gtf	passthrough	1	1	1371	1371	0	yes
M12737_E1_modelled	Human_papillomavirus_8_M12737.gtf	passthrough	1	1	1812	1812	0	yes
M12737_E2_modelled	Human_papillomavirus_8_M12737.gtf	passthrough	1	1	1497	1497	0	yes
M12737_E6_modelled	Human_papillomavirus_8_M12737.gtf	passthrough	1	1	468	468	0	yes
M12737_E7_modelled	Human_papillomavirus_8_M12737.gtf	passthrough	1	1	312	312	0	yes
M12737_L1_modelled	Human_papillomavirus_8_M12737.gtf	passthrough	1	1	1629	1629	0	yes
M12737_L2_modelled	Human_papillomavirus_8_M12737.gtf	passthrough	1	1	1557	1557	0	yes
NC_004104_HpV90gp1	Human_papillomavirus_90_NC_004104.gtf	passthrough	1	1	447	447	0	yes
NC_004104_HpV90gp2	Human_papillomavirus_90_NC_004104.gtf	passthrough	1	1	297	297	0	yes
NC_004104_HpV90gp3	Human_papillomavirus_90_NC_004104.gtf	passthrough	1	1	1941	1941	0	yes
NC_004104_HpV90gp4	Human_papillomavirus_90_NC_004104.gtf	passthrough	1	1	1143	1143	0	yes
NC_004104_HpV90gp5	Human_papillomavirus_90_NC_004104.gtf	passthrough	1	1	309	309	0	yes
NC_004104_HpV90gp6	Human_papillomavirus_90_NC_004104.gtf	passthrough	1	1	1404	1404	0	yes
NC_004104_HpV90gp7	Human_papillomavirus_90_NC_004104.gtf	passthrough	1	1	1518	1518	0	yes
AF419318_E1	Human_papillomavirus_91_AF419318.gtf	passthrough	1	1	1962	1962	0	yes
AF419318_E2	Human_papillomavirus_91_AF419318.gtf	passthrough	1	1	1113	1113	0	yes
AF419318_E4	Human_papillomavirus_91_AF419318.gtf	passthrough	1	1	345	345	0	yes
AF419318_E6	Human_papillomavirus_91_AF419318.gtf	passthrough	1	1	645	645	0	yes
AF419318_E7	Human_papillomavirus_91_AF419318.gtf	passthrough	1	1	297	297	0	yes
AF419318_L1	Human_papillomavirus_91_AF419318.gtf	passthrough	1	1	1785	1785	0	yes
AF419318_L2	Human_papillomavirus_91_AF419318.gtf	passthrough	1	1	1383	1383	0	yes
NC_004500_HpV92gp1	Human_papillomavirus_92_NC_004500.gtf	passthrough	1	1	417	417	0	yes
NC_004500_HpV92gp2	Human_papillomavirus_92_NC_004500.gtf	passthrough	1	1	276	276	0	yes
NC_004500_HpV92gp3	Human_papillomavirus_92_NC_004500.gtf	passthrough	1	1	1839	1839	0	yes
NC_004500_HpV92gp4	Human_papillomavirus_92_NC_004500.gtf	passthrough	1	1	1434	1434	0	yes
NC_004500_HpV92gp5	Human_papillomavirus_92_NC_004500.gtf	passthrough	1	1	696	696	0	yes
NC_004500_HpV92gp6	Human_papillomavirus_92_NC_004500.gtf	passthrough	1	1	1572	1572	0	yes
NC_004500_HpV92gp7	Human_papillomavirus_92_NC_004500.gtf	passthrough	1	1	1539	1539	0	yes
AY382778_AAQ88282.1	Human_papillomavirus_93_AY382778.gtf	passthrough	1	1	294	294	0	yes
AY382778_AAQ88283.1	Human_papillomavirus_93_AY382778.gtf	passthrough	1	1	1431	1431	0	yes
AY382778_AAQ88284.1	Human_papillomavirus_93_AY382778.gtf	passthrough	1	1	1554	1554	0	yes
AY382778_AAQ88285.1	Human_papillomavirus_93_AY382778.gtf	passthrough	1	1	1542	1542	0	yes
AY382778_AAQ88286.1	Human_papillomavirus_93_AY382778.gtf	passthrough	1	1	441	441	0	yes
AY382778_AAQ88287.1	Human_papillomavirus_93_AY382778.gtf	passthrough	1	1	1812	1812	0	yes
AY382778_AAQ88288.1	Human_papillomavirus_93_AY382778.gtf	passthrough	1	1	663	663	0	yes
AJ620211_E1	Human_papillomavirus_94_AJ620211.gtf	passthrough	1	1	2052	2052	0	yes
AJ620211_E2	Human_papillomavirus_94_AJ620211.gtf	passthrough	1	1	1137	1137	0	yes
AJ620211_E4	Human_papillomavirus_94_AJ620211.gtf	passthrough	1	1	303	303	0	yes
AJ620211_E6	Human_papillomavirus_94_AJ620211.gtf	passthrough	1	1	447	447	0	yes
AJ620211_E7	Human_papillomavirus_94_AJ620211.gtf	passthrough	1	1	264	264	0	yes
AJ620211_L1	Human_papillomavirus_94_AJ620211.gtf	passthrough	1	1	1599	1599	0	yes
AJ620211_L1_dup2	Human_papillomavirus_94_AJ620211.gtf	passthrough	1	1	1515	1515	0	yes
AJ620211_L2	Human_papillomavirus_94_AJ620211.gtf	passthrough	1	1	1380	1380	0	yes
NC_005134_HPV96gp1	Human_papillomavirus_96_NC_005134.gtf	passthrough	1	1	678	678	0	yes
NC_005134_HPV96gp2	Human_papillomavirus_96_NC_005134.gtf	passthrough	1	1	300	300	0	yes
NC_005134_HPV96gp3	Human_papillomavirus_96_NC_005134.gtf	passthrough	1	1	1827	1827	0	yes
NC_005134_HPV96gp4	Human_papillomavirus_96_NC_005134.gtf	passthrough	1	1	1407	1407	0	yes
NC_005134_HPV96gp5	Human_papillomavirus_96_NC_005134.gtf	passthrough	1	1	639	639	0	yes
NC_005134_HPV96gp6	Human_papillomavirus_96_NC_005134.gtf	passthrough	1	1	1566	1566	0	yes
NC_005134_HPV96gp7	Human_papillomavirus_96_NC_005134.gtf	passthrough	1	1	1539	1539	0	yes
DQ080080_AAZ39499.1	Human_papillomavirus_97_DQ080080.gtf	passthrough	1	1	477	477	0	yes
DQ080080_AAZ39500.1	Human_papillomavirus_97_DQ080080.gtf	passthrough	1	1	321	321	0	yes
DQ080080_AAZ39501.1	Human_papillomavirus_97_DQ080080.gtf	passthrough	1	1	1953	1953	0	yes
DQ080080_AAZ39502.1	Human_papillomavirus_97_DQ080080.gtf	passthrough	1	1	1104	1104	0	yes
DQ080080_AAZ39503.1	Human_papillomavirus_97_DQ080080.gtf	passthrough	1	1	267	267	0	yes
DQ080080_AAZ39504.1	Human_papillomavirus_97_DQ080080.gtf	passthrough	1	1	216	216	0	yes
DQ080080_AAZ39505.1	Human_papillomavirus_97_DQ080080.gtf	passthrough	1	1	1383	1383	0	yes
DQ080080_AAZ39506.1	Human_papillomavirus_97_DQ080080.gtf	passthrough	1	1	1602	1602	0	yes
FM955837_E1	Human_papillomavirus_98_FM955837.gtf	passthrough	1	1	1833	1833	0	yes
FM955837_E2	Human_papillomavirus_98_FM955837.gtf	passthrough	1	1	1425	1425	0	yes
FM955837_E4	Human_papillomavirus_98_FM955837.gtf	passthrough	1	1	819	819	0	yes
FM955837_E6	Human_papillomavirus_98_FM955837.gtf	passthrough	1	1	462	462	0	yes
FM955837_E7	Human_papillomavirus_98_FM955837.gtf	passthrough	1	1	288	288	0	yes
FM955837_L1	Human_papillomavirus_98_FM955837.gtf	passthrough	1	1	1539	1539	0	yes
FM955837_L2	Human_papillomavirus_98_FM955837.gtf	passthrough	1	1	1569	1569	0	yes
FM955838_E1	Human_papillomavirus_99_FM955838.gtf	passthrough	1	1	1815	1815	0	yes
FM955838_E2	Human_papillomavirus_99_FM955838.gtf	passthrough	1	1	1515	1515	0	yes
FM955838_E6	Human_papillomavirus_99_FM955838.gtf	passthrough	1	1	468	468	0	yes
FM955838_E7	Human_papillomavirus_99_FM955838.gtf	passthrough	1	1	312	312	0	yes
FM955838_L1	Human_papillomavirus_99_FM955838.gtf	passthrough	1	1	1632	1632	0	yes
FM955838_L2	Human_papillomavirus_99_FM955838.gtf	passthrough	1	1	1557	1557	0	yes
NC_001596_HpV9gp1	Human_papillomavirus_9_NC_001596.gtf	passthrough	1	1	447	447	0	yes
NC_001596_HpV9gp1_dup2	Human_papillomavirus_9_NC_001596.gtf	passthrough	1	1	426	426	0	yes
NC_001596_HpV9gp2	Human_papillomavirus_9_NC_001596.gtf	passthrough	1	1	282	282	0	yes
NC_001596_HpV9gp3	Human_papillomavirus_9_NC_001596.gtf	passthrough	1	1	1818	1818	0	yes
NC_001596_HpV9gp4	Human_papillomavirus_9_NC_001596.gtf	passthrough	1	1	1386	1386	0	yes
NC_001596_HpV9gp5	Human_papillomavirus_9_NC_001596.gtf	passthrough	1	1	1602	1602	0	yes
NC_001596_HpV9gp6	Human_papillomavirus_9_NC_001596.gtf	passthrough	1	1	1524	1524	0	yes
HUM_PARA_Hpv1gp01	Human_parainfluenza_NC_003461.gtf	passthrough	1	1	1682	1682	0	yes
HUM_PARA_Hpv1gp02	Human_parainfluenza_NC_003461.gtf	passthrough	1	1	1893	1893	0	yes
HUM_PARA_Hpv1gp03	Human_parainfluenza_NC_003461.gtf	span	1	1	660	660	0	yes
HUM_PARA_Hpv1gp04	Human_parainfluenza_NC_003461.gtf	span	1	1	615	615	0	yes
HUM_PARA_Hpv1gp05	Human_parainfluenza_NC_003461.gtf	span	1	1	546	546	0	yes
HUM_PARA_Hpv1gp06	Human_parainfluenza_NC_003461.gtf	span	1	1	528	528	0	yes
HUM_PARA_Hpv1gp07	Human_parainfluenza_NC_003461.gtf	passthrough	1	1	1173	1173	0	yes
HUM_PARA_Hpv1gp08	Human_parainfluenza_NC_003461.gtf	passthrough	1	1	2031	2031	0	yes
HUM_PARA_Hpv1gp09	Human_parainfluenza_NC_003461.gtf	passthrough	1	1	1894	1894	0	yes
HUM_PARA_Hpv1gp10	Human_parainfluenza_NC_003461.gtf	passthrough	1	1	6800	6800	0	yes
NC_021928.1_N696_gp1	Human_parainfluenza_virus_4a_NC_021928.gtf	passthrough	1	1	690	690	0	yes
NC_021928.1_N696_gp2	Human_parainfluenza_virus_4a_NC_021928.gtf	passthrough	1	1	1198	1198	0	yes
NC_021928.1_N696_gp3	Human_parainfluenza_virus_4a_NC_021928.gtf	passthrough	1	1	1656	1656	0	yes
NC_021928.1_N696_gp4	Human_parainfluenza_virus_4a_NC_021928.gtf	passthrough	1	1	1149	1149	0	yes
NC_021928.1_N696_gp5	Human_parainfluenza_virus_4a_NC_021928.gtf	passthrough	1	1	1632	1632	0	yes
NC_021928.1_N696_gp6	Human_parainfluenza_virus_4a_NC_021928.gtf	passthrough	1	1	1725	1725	0	yes
NC_021928.1_N696_gp7	Human_parainfluenza_virus_4a_NC_021928.gtf	passthrough	1	1	6840	6840	0	yes
EU627591.1_ACF59811.1	Human_parainfluenza_virus_4b_EU627591.gtf	passthrough	1	1	1656	1656	0	yes
EU627591.1_ACF59812.1	Human_parainfluenza_virus_4b_EU627591.gtf	passthrough	1	1	690	690	0	yes
EU627591.1_ACF59813.1	Human_parainfluenza_virus_4b_EU627591.gtf	passthrough	1	1	1198	1198	0	yes
EU627591.1_ACF59814.1	Human_parainfluenza_virus_4b_EU627591.gtf	passthrough	1	1	1149	1149	0	yes
EU627591.1_ACF59815.1	Human_parainfluenza_virus_4b_EU627591.gtf	passthrough	1	1	1632	1632	0	yes
EU627591.1_ACF59816.1	Human_parainfluenza_virus_4b_EU627591.gtf	passthrough	1	1	1740	1740	0	yes
EU627591.1_ACF59817.1	Human_parainfluenza_virus_4b_EU627591.gtf	passthrough	1	1	6840	6840	0	yes
HUM_PARVO_B19V_gp1	Human_parvovirus_B19_NC_000883.gtf	span	1	1	2016	2016	0	yes
HUM_PARVO_B19V_gp2	Human_parvovirus_B19_NC_000883.gtf	span	1	1	2346	2346	0	yes
HUM_PARVO_B19V_gp3	Human_parvovirus_B19_NC_000883.gtf	span	1	1	1665	1665	0	yes
HUM_PARVO_B19V_gp4	Human_parvovirus_B19_NC_000883.gtf	span	1	1	285	285	0	yes
HUM_PARVO_B19V_gp5	Human_parvovirus_B19_NC_000883.gtf	span	1	1	225	225	0	yes
HUM_PARVO_B19V_gp6	Human_parvovirus_B19_NC_000883.gtf	span	1	1	246	246	0	yes
NC_020890.1_K424_gp1	Human_polyomavirus_12_NC_020890.gtf	passthrough	1	1	942	942	0	yes
NC_020890.1_K424_gp2	Human_polyomavirus_12_NC_020890.gtf	passthrough	1	1	594	594	0	yes
NC_020890.1_K424_gp3	Human_polyomavirus_12_NC_020890.gtf	passthrough	1	1	1095	1095	0	yes
NC_020890.1_K424_gp4	Human_polyomavirus_12_NC_020890.gtf	passthrough	1	1	2127	2127	0	yes
NC_020890.1_K424_gp5	Human_polyomavirus_12_NC_020890.gtf	passthrough	1	1	549	549	0	yes
HPYV6_HPyV6_gp1	Human_polyomavirus_6_NC_014406.gtf	passthrough	1	1	1011	1011	0	yes
HPYV6_HPyV6_gp2	Human_polyomavirus_6_NC_014406.gtf	passthrough	1	1	648	648	0	yes
HPYV6_HPyV6_gp3	Human_polyomavirus_6_NC_014406.gtf	passthrough	1	1	1164	1164	0	yes
HPYV6_HPyV6_gp4	Human_polyomavirus_6_NC_014406.gtf	passthrough	1	1	2010	2010	0	yes
HPYV6_HPyV6_gp5	Human_polyomavirus_6_NC_014406.gtf	passthrough	1	1	573	573	0	yes
HPYV7_HPyV7_gp1	Human_polyomavirus_7_NC_014407.gtf	passthrough	1	1	990	990	0	yes
HPYV7_HPyV7_gp2	Human_polyomavirus_7_NC_014407.gtf	passthrough	1	1	630	630	0	yes
HPYV7_HPyV7_gp3	Human_polyomavirus_7_NC_014407.gtf	passthrough	1	1	1143	1143	0	yes
HPYV7_HPyV7_gp4	Human_polyomavirus_7_NC_014407.gtf	passthrough	1	1	2016	2016	0	yes
HPYV7_HPyV7_gp5	Human_polyomavirus_7_NC_014407.gtf	passthrough	1	1	582	582	0	yes
NC_015150.1_HPyV9_gp1	Human_polyomavirus_9_NC_015150.gtf	passthrough	1	1	1059	1059	0	yes
NC_015150.1_HPyV9_gp2	Human_polyomavirus_9_NC_015150.gtf	passthrough	1	1	702	702	0	yes
NC_015150.1_HPyV9_gp3	Human_polyomavirus_9_NC_015150.gtf	passthrough	1	1	1116	1116	0	yes
NC_015150.1_HPyV9_gp4	Human_polyomavirus_9_NC_015150.gtf	passthrough	1	1	2043	2043	0	yes
NC_015150.1_HPyV9_gp5	Human_polyomavirus_9_NC_015150.gtf	passthrough	1	1	570	570	0	yes
FR823284.2_VP1	Human_polyomavirus_IPPyV_FR823284.gtf	passthrough	1	1	1116	1116	0	yes
FR823284.2_VP2	Human_polyomavirus_IPPyV_FR823284.gtf	passthrough	1	1	1059	1059	0	yes
FR823284.2_VP3	Human_polyomavirus_IPPyV_FR823284.gtf	passthrough	1	1	702	702	0	yes
FR823284.2_large_T_antigen	Human_polyomavirus_IPPyV_FR823284.gtf	passthrough	1	1	2043	2043	0	yes
FR823284.2_small_T_antigen	Human_polyomavirus_IPPyV_FR823284.gtf	passthrough	1	1	570	570	0	yes
HUM_RESP_HRSVgp01	Human_respiratory_syncytial_virus_NC_001781.gtf	passthrough	1	1	533	533	0	yes
HUM_RESP_HRSVgp02	Human_respiratory_syncytial_virus_NC_001781.gtf	passthrough	1	1	505	505	0	yes
HUM_RESP_HRSVgp03	Human_respiratory_syncytial_virus_NC_001781.gtf	passthrough	1	1	1203	1203	0	yes
HUM_RESP_HRSVgp04	Human_respiratory_syncytial_virus_NC_001781.gtf	passthrough	1	1	914	914	0	yes
HUM_RESP_HRSVgp05	Human_respiratory_syncytial_virus_NC_001781.gtf	passthrough	1	1	955	955	0	yes
HUM_RESP_HRSVgp06	Human_respiratory_syncytial_virus_NC_001781.gtf	passthrough	1	1	413	413	0	yes
HUM_RESP_HRSVgp07	Human_respiratory_syncytial_virus_NC_001781.gtf	passthrough	1	1	926	926	0	yes
HUM_RESP_HRSVgp08	Human_respiratory_syncytial_virus_NC_001781.gtf	passthrough	1	1	1900	1900	0	yes
HUM_RESP_HRSVgp09	Human_respiratory_syncytial_virus_NC_001781.gtf	passthrough	1	1	960	960	0	yes
HUM_RESP_HRSVgp10	Human_respiratory_syncytial_virus_NC_001781.gtf	passthrough	1	1	6580	6580	0	yes
NC_001796.2_HPIV3gp1	Human_respirovirus_3_NC_001796.gtf	passthrough	1	1	1548	1548	0	yes
NC_001796.2_HPIV3gp2	Human_respirovirus_3_NC_001796.gtf	passthrough	1	1	1812	1812	0	yes
NC_001796.2_HPIV3gp3	Human_respirovirus_3_NC_001796.gtf	passthrough	1	1	1120	1120	0	yes
NC_001796.2_HPIV3gp4	Human_respirovirus_3_NC_001796.gtf	passthrough	1	1	600	600	0	yes
NC_001796.2_HPIV3gp5	Human_respirovirus_3_NC_001796.gtf	passthrough	1	1	1062	1062	0	yes
NC_001796.2_HPIV3gp6	Human_respirovirus_3_NC_001796.gtf	passthrough	1	1	1620	1620	0	yes
NC_001796.2_HPIV3gp7	Human_respirovirus_3_NC_001796.gtf	passthrough	1	1	1725	1725	0	yes
NC_001796.2_HPIV3gp8	Human_respirovirus_3_NC_001796.gtf	passthrough	1	1	6702	6702	0	yes
HUM_RHINO_HRV89gp1	Human_rhinovirus_NC_001617.gtf	span	1	1	6495	6495	0	yes
INFL_A_FLUAVs7gp1	Influenza_A_virus_NC_002016.gtf	span	1	1	759	759	0	yes
INFL_A_FLUAVs7gp2	Influenza_A_virus_NC_002016.gtf	spliced	1	1	982	294	688	no
INFL_A_FLUAVs4gp1	Influenza_A_virus_NC_002017.gtf	span	1	1	1701	1701	0	yes
INFL_A_FLUAVs6gp1	Influenza_A_virus_NC_002018.gtf	span	1	1	1365	1365	0	yes
INFL_A_FLUAVs5gp1	Influenza_A_virus_NC_002019.gtf	span	1	1	1497	1497	0	yes
INFL_A_FLUAVs8gp1	Influenza_A_virus_NC_002020.gtf	spliced	1	1	838	366	472	no
INFL_A_FLUAVs8gp2	Influenza_A_virus_NC_002020.gtf	span	1	1	693	693	0	yes
INFL_A_FLUAVs2gp1	Influenza_A_virus_NC_002021.gtf	span	1	1	2274	2274	0	yes
INFL_A_FLUAVs2gp2	Influenza_A_virus_NC_002021.gtf	span	1	1	264	264	0	yes
INFL_A_FLUAVs3gp1	Influenza_A_virus_NC_002022.gtf	span	1	1	2151	2151	0	yes
INFL_A_FLUAVs3gp2	Influenza_A_virus_NC_002022.gtf	span	1	1	760	760	0	yes
INFL_A_FLUAVs1gp1	Influenza_A_virus_NC_002023.gtf	span	1	1	2280	2280	0	yes
INFL_B_FLUBVsRNA-1gp1	Influenza_B_virus_NC_002204.gtf	span	1	1	2259	2259	0	yes
INFL_B_FLUBVsRNA-2gp1	Influenza_B_virus_NC_002205.gtf	span	1	1	2313	2313	0	yes
INFL_B_FLUBVsRNA-3gp1	Influenza_B_virus_NC_002206.gtf	span	1	1	2181	2181	0	yes
INFL_B_FLUBVsRNA-4gp1	Influenza_B_virus_NC_002207.gtf	span	1	1	1755	1755	0	yes
INFL_B_FLUBVsRNA-5gp1	Influenza_B_virus_NC_002208.gtf	span	1	1	1683	1683	0	yes
INFL_B_FLUBVsRNA-6gp1	Influenza_B_virus_NC_002209.gtf	span	1	1	303	303	0	yes
INFL_B_FLUBVsRNA-6gp2	Influenza_B_virus_NC_002209.gtf	span	1	1	1401	1401	0	yes
INFL_B_FLUBVsRNA-7gp1	Influenza_B_virus_NC_002210.gtf	span	1	1	747	747	0	yes
INFL_B_FLUBVsRNA-8gp1	Influenza_B_virus_NC_002211.gtf	span	1	1	846	846	0	yes
INFL_B_FLUBVsRNA-8gp2	Influenza_B_virus_NC_002211.gtf	spliced	1	1	1024	369	655	no
INFL_C_FLUCVs7gp1	Influenza_C_virus_NC_006306.gtf	span	1	1	741	741	0	yes
INFL_C_FLUCVs7gp2	Influenza_C_virus_NC_006306.gtf	spliced	1	1	862	549	313	no
INFL_C_FLUCVs1gp1	Influenza_C_virus_NC_006307.gtf	span	1	1	2325	2325	0	yes
INFL_C_FLUCVs2gp1	Influenza_C_virus_NC_006308.gtf	span	1	1	2265	2265	0	yes
INFL_C_FLUCVs3gp1	Influenza_C_virus_NC_006309.gtf	span	1	1	2130	2130	0	yes
INFL_C_FLUCVs4gp1	Influenza_C_virus_NC_006310.gtf	span	1	1	1968	1968	0	yes
INFL_C_FLUCVs5gp1	Influenza_C_virus_NC_006311.gtf	span	1	1	1698	1698	0	yes
INFL_C_FLUCVs6gp1	Influenza_C_virus_NC_006312.gtf	spliced	1	1	957	729	228	no
INFL_C_FLUCVs6gp2	Influenza_C_virus_NC_006312.gtf	span	1	1	420	420	0	yes
FLUD_C1935_s2gp1	Influenza_D_virus_NC_036615.gtf	passthrough	1	1	2262	2262	0	yes
FLUD_C1935_s1gp1	Influenza_D_virus_NC_036616.gtf	passthrough	1	1	2319	2319	0	yes
FLUD_C1935_sNPgp1	Influenza_D_virus_NC_036617.gtf	passthrough	1	1	1659	1659	0	yes
FLUD_C1935_s4gp1	Influenza_D_virus_NC_036618.gtf	passthrough	1	1	1995	1995	0	yes
FLUD_C1935_sP3gp1	Influenza_D_virus_NC_036619.gtf	passthrough	1	1	2133	2133	0	yes
FLUD_C1935_sM1gp1	Influenza_D_virus_NC_036620.gtf	passthrough	1	1	1164	1164	0	yes
FLUD_C1935_s7gp1	Influenza_D_virus_NC_036621.gtf	passthrough	1	1	555	555	0	yes
FLUD_C1935_s7gp2	Influenza_D_virus_NC_036621.gtf	passthrough	1	1	732	732	0	yes
JC_POLY_Jvgp1	JC_polyomavirus_NC_001699.gtf	span	1	1	216	216	0	yes
JC_POLY_Jvgp2	JC_polyomavirus_NC_001699.gtf	span	1	1	1035	1035	0	yes
JC_POLY_Jvgp3	JC_polyomavirus_NC_001699.gtf	span	1	1	678	678	0	yes
JC_POLY_Jvgp4	JC_polyomavirus_NC_001699.gtf	span	1	1	1065	1065	0	yes
JC_POLY_Jvgp5	JC_polyomavirus_NC_001699.gtf	spliced	1	1	2411	2067	344	no
JC_POLY_Jvgp6	JC_polyomavirus_NC_001699.gtf	span	1	1	519	519	0	yes
JAP_ENCE_JEVgp1	Japanese_encephalitis_virus_NC_001437.gtf	span	1	1	10299	10299	0	yes
JAP_ENCE_JEVgp2	Japanese_encephalitis_virus_NC_001437.gtf	span	1	1	3596	3596	0	yes
KI_POLY_KPV_gp1	KI_Polyomavirus_NC_009238.gtf	span	1	1	1203	1203	0	yes
KI_POLY_KPV_gp2	KI_Polyomavirus_NC_009238.gtf	span	1	1	774	774	0	yes
KI_POLY_KPV_gp3	KI_Polyomavirus_NC_009238.gtf	span	1	1	1137	1137	0	yes
KI_POLY_KPV_gp4	KI_Polyomavirus_NC_009238.gtf	spliced	1	1	2313	1926	387	no
KI_POLY_KPV_gp5	KI_Polyomavirus_NC_009238.gtf	span	1	1	576	576	0	yes
NC_039218.1_D1Y39_gp1	Kyasanur_Forest_disease_virus_NC_039218.gtf	passthrough	1	1	10251	10251	0	yes
LAKE_VIC_MARV_gp1	Lake_Victoria_marburgvirus_NC_001608.gtf	passthrough	1	1	2796	2796	0	yes
LAKE_VIC_MARV_gp2	Lake_Victoria_marburgvirus_NC_001608.gtf	passthrough	1	1	1557	1557	0	yes
LAKE_VIC_MARV_gp3	Lake_Victoria_marburgvirus_NC_001608.gtf	passthrough	1	1	1405	1405	0	yes
LAKE_VIC_MARV_gp4	Lake_Victoria_marburgvirus_NC_001608.gtf	passthrough	1	1	2846	2846	0	yes
LAKE_VIC_MARV_gp5	Lake_Victoria_marburgvirus_NC_001608.gtf	passthrough	1	1	1249	1249	0	yes
LAKE_VIC_MARV_gp6	Lake_Victoria_marburgvirus_NC_001608.gtf	passthrough	1	1	1287	1287	0	yes
LAKE_VIC_MARV_gp7	Lake_Victoria_marburgvirus_NC_001608.gtf	passthrough	1	1	7745	7745	0	yes
LANGAT_LGTVgp1	Langat_virus_NC_003690.gtf	span	1	1	10245	10245	0	yes
LASSA_LASVsSgp1	Lassa_virus_NC_004296.gtf	span	1	1	1710	1710	0	yes
LASSA_LASVsSgp2	Lassa_virus_NC_004296.gtf	span	1	1	1476	1476	0	yes
LASSA_LASVsLgp1	Lassa_virus_NC_004297.gtf	span	1	1	300	300	0	yes
LASSA_LASVsLgp2	Lassa_virus_NC_004297.gtf	span	1	1	6657	6657	0	yes
LOUPING_LIVgp01	Louping_ill_virus_NC_001809.gtf	span	1	1	10245	10245	0	yes
LYMPH_LCMVsLgp1	Lymphocytic_choriomeningitis_virus_NC_004291.gtf	span	1	1	6633	6633	0	yes
LYMPH_LCMVsLgp2	Lymphocytic_choriomeningitis_virus_NC_004291.gtf	span	1	1	288	288	0	yes
LYMPH_LCMVsSgp1	Lymphocytic_choriomeningitis_virus_NC_004294.gtf	span	1	1	1497	1497	0	yes
LYMPH_LCMVsSgp2	Lymphocytic_choriomeningitis_virus_NC_004294.gtf	span	1	1	1677	1677	0	yes
MERS_G128_gp01	MERS_coronavirus_NC_019843.gtf	span	1	1	21236	21236	0	yes
MERS_G128_gp02	MERS_coronavirus_NC_019843.gtf	span	1	1	4062	4062	0	yes
MERS_G128_gp03	MERS_coronavirus_NC_019843.gtf	span	1	1	312	312	0	yes
MERS_G128_gp04	MERS_coronavirus_NC_019843.gtf	span	1	1	330	330	0	yes
MERS_G128_gp05	MERS_coronavirus_NC_019843.gtf	span	1	1	741	741	0	yes
MERS_G128_gp06	MERS_coronavirus_NC_019843.gtf	span	1	1	675	675	0	yes
MERS_G128_gp07	MERS_coronavirus_NC_019843.gtf	span	1	1	249	249	0	yes
MERS_G128_gp08	MERS_coronavirus_NC_019843.gtf	span	1	1	660	660	0	yes
MERS_G128_gp09	MERS_coronavirus_NC_019843.gtf	span	1	1	1242	1242	0	yes
MERS_G128_gp10	MERS_coronavirus_NC_019843.gtf	span	1	1	339	339	0	yes
NC_018102.1_B206_gp1	MW_polyomavirus_NC_018102.gtf	passthrough	1	1	603	603	0	yes
NC_018102.1_B206_gp2	MW_polyomavirus_NC_018102.gtf	passthrough	1	1	933	933	0	yes
NC_018102.1_B206_gp3	MW_polyomavirus_NC_018102.gtf	passthrough	1	1	1212	1212	0	yes
NC_018102.1_B206_gp4	MW_polyomavirus_NC_018102.gtf	passthrough	1	1	2007	2007	0	yes
NC_018102.1_B206_gp5	MW_polyomavirus_NC_018102.gtf	passthrough	1	1	600	600	0	yes
NC_004812.1_CeHV1gp01	Macacine_alphaherpesvirus_1_NC_004812.gtf	passthrough	1	1	2076	2076	0	yes
NC_004812.1_CeHV1gp02	Macacine_alphaherpesvirus_1_NC_004812.gtf	passthrough	1	1	675	675	0	yes
NC_004812.1_CeHV1gp03	Macacine_alphaherpesvirus_1_NC_004812.gtf	passthrough	1	1	954	954	0	yes
NC_004812.1_CeHV1gp04	Macacine_alphaherpesvirus_1_NC_004812.gtf	passthrough	1	1	684	684	0	yes
NC_004812.1_CeHV1gp05	Macacine_alphaherpesvirus_1_NC_004812.gtf	passthrough	1	1	612	612	0	yes
NC_004812.1_CeHV1gp06	Macacine_alphaherpesvirus_1_NC_004812.gtf	passthrough	1	1	2649	2649	0	yes
NC_004812.1_CeHV1gp07	Macacine_alphaherpesvirus_1_NC_004812.gtf	passthrough	1	1	2052	2052	0	yes
NC_004812.1_CeHV1gp08	Macacine_alphaherpesvirus_1_NC_004812.gtf	passthrough	1	1	891	891	0	yes
NC_004812.1_CeHV1gp09	Macacine_alphaherpesvirus_1_NC_004812.gtf	passthrough	1	1	2286	2286	0	yes
NC_004812.1_CeHV1gp10	Macacine_alphaherpesvirus_1_NC_004812.gtf	passthrough	1	1	2625	2625	0	yes
NC_004812.1_CeHV1gp11	Macacine_alphaherpesvirus_1_NC_004812.gtf	passthrough	1	1	1419	1419	0	yes
NC_004812.1_CeHV1gp12	Macacine_alphaherpesvirus_1_NC_004812.gtf	passthrough	1	1	297	297	0	yes
NC_004812.1_CeHV1gp13	Macacine_alphaherpesvirus_1_NC_004812.gtf	passthrough	1	1	1875	1875	0	yes
NC_004812.1_CeHV1gp14	Macacine_alphaherpesvirus_1_NC_004812.gtf	passthrough	1	1	1545	1545	0	yes
NC_004812.1_CeHV1gp15	Macacine_alphaherpesvirus_1_NC_004812.gtf	passthrough	1	1	645	645	0	yes
NC_004812.1_CeHV1gp16	Macacine_alphaherpesvirus_1_NC_004812.gtf	passthrough	1	1	2217	2217	0	yes
NC_004812.1_CeHV1gp17	Macacine_alphaherpesvirus_1_NC_004812.gtf	passthrough	1	1	1104	1104	0	yes
NC_004812.1_CeHV1gp18	Macacine_alphaherpesvirus_1_NC_004812.gtf	passthrough	1	1	2097	2097	0	yes
NC_004812.1_CeHV1gp19	Macacine_alphaherpesvirus_1_NC_004812.gtf	passthrough	1	1	957	957	0	yes
NC_004812.1_CeHV1gp20	Macacine_alphaherpesvirus_1_NC_004812.gtf	passthrough	1	1	4134	4134	0	yes
NC_004812.1_CeHV1gp21	Macacine_alphaherpesvirus_1_NC_004812.gtf	passthrough	1	1	672	672	0	yes
NC_004812.1_CeHV1gp22	Macacine_alphaherpesvirus_1_NC_004812.gtf	passthrough	1	1	1581	1581	0	yes
NC_004812.1_CeHV1gp23	Macacine_alphaherpesvirus_1_NC_004812.gtf	passthrough	1	1	2577	2577	0	yes
NC_004812.1_CeHV1gp24	Macacine_alphaherpesvirus_1_NC_004812.gtf	passthrough	1	1	1113	1113	0	yes
NC_004812.1_CeHV1gp25	Macacine_alphaherpesvirus_1_NC_004812.gtf	passthrough	1	1	801	801	0	yes
NC_004812.1_CeHV1gp26	Macacine_alphaherpesvirus_1_NC_004812.gtf	passthrough	1	1	1740	1740	0	yes
NC_004812.1_CeHV1gp27	Macacine_alphaherpesvirus_1_NC_004812.gtf	passthrough	1	1	1827	1827	0	yes
NC_004812.1_CeHV1gp28	Macacine_alphaherpesvirus_1_NC_004812.gtf	passthrough	1	1	930	930	0	yes
NC_004812.1_CeHV1gp29	Macacine_alphaherpesvirus_1_NC_004812.gtf	passthrough	1	1	2679	2679	0	yes
NC_004812.1_CeHV1gp30	Macacine_alphaherpesvirus_1_NC_004812.gtf	passthrough	1	1	2358	2358	0	yes
NC_004812.1_CeHV1gp31	Macacine_alphaherpesvirus_1_NC_004812.gtf	passthrough	1	1	3591	3591	0	yes
NC_004812.1_CeHV1gp32	Macacine_alphaherpesvirus_1_NC_004812.gtf	passthrough	1	1	3744	3744	0	yes
NC_004812.1_CeHV1gp33	Macacine_alphaherpesvirus_1_NC_004812.gtf	passthrough	1	1	906	906	0	yes
NC_004812.1_CeHV1gp34	Macacine_alphaherpesvirus_1_NC_004812.gtf	passthrough	1	1	1773	1773	0	yes
NC_004812.1_CeHV1gp35	Macacine_alphaherpesvirus_1_NC_004812.gtf	passthrough	1	1	399	399	0	yes
NC_004812.1_CeHV1gp36	Macacine_alphaherpesvirus_1_NC_004812.gtf	passthrough	1	1	816	816	0	yes
NC_004812.1_CeHV1gp37	Macacine_alphaherpesvirus_1_NC_004812.gtf	passthrough	1	1	345	345	0	yes
NC_004812.1_CeHV1gp38	Macacine_alphaherpesvirus_1_NC_004812.gtf	passthrough	1	1	9867	9867	0	yes
NC_004812.1_CeHV1gp39	Macacine_alphaherpesvirus_1_NC_004812.gtf	passthrough	1	1	3522	3522	0	yes
NC_004812.1_CeHV1gp40	Macacine_alphaherpesvirus_1_NC_004812.gtf	passthrough	1	1	1377	1377	0	yes
NC_004812.1_CeHV1gp41	Macacine_alphaherpesvirus_1_NC_004812.gtf	passthrough	1	1	2994	2994	0	yes
NC_004812.1_CeHV1gp42	Macacine_alphaherpesvirus_1_NC_004812.gtf	passthrough	1	1	1017	1017	0	yes
NC_004812.1_CeHV1gp43	Macacine_alphaherpesvirus_1_NC_004812.gtf	passthrough	1	1	1455	1455	0	yes
NC_004812.1_CeHV1gp44	Macacine_alphaherpesvirus_1_NC_004812.gtf	passthrough	1	1	1428	1428	0	yes
NC_004812.1_CeHV1gp45	Macacine_alphaherpesvirus_1_NC_004812.gtf	passthrough	1	1	1140	1140	0	yes
NC_004812.1_CeHV1gp46	Macacine_alphaherpesvirus_1_NC_004812.gtf	passthrough	1	1	1404	1404	0	yes
NC_004812.1_CeHV1gp47	Macacine_alphaherpesvirus_1_NC_004812.gtf	passthrough	1	1	525	525	0	yes
NC_004812.1_CeHV1gp48	Macacine_alphaherpesvirus_1_NC_004812.gtf	passthrough	1	1	2163	2163	0	yes
NC_004812.1_CeHV1gp49	Macacine_alphaherpesvirus_1_NC_004812.gtf	passthrough	1	1	2061	2061	0	yes
NC_004812.1_CeHV1gp50	Macacine_alphaherpesvirus_1_NC_004812.gtf	passthrough	1	1	1464	1464	0	yes
NC_004812.1_CeHV1gp51	Macacine_alphaherpesvirus_1_NC_004812.gtf	passthrough	1	1	870	870	0	yes
NC_004812.1_CeHV1gp52	Macacine_alphaherpesvirus_1_NC_004812.gtf	passthrough	1	1	240	240	0	yes
NC_004812.1_CeHV1gp53	Macacine_alphaherpesvirus_1_NC_004812.gtf	passthrough	1	1	1110	1110	0	yes
NC_004812.1_CeHV1gp54	Macacine_alphaherpesvirus_1_NC_004812.gtf	passthrough	1	1	684	684	0	yes
NC_004812.1_CeHV1gp55	Macacine_alphaherpesvirus_1_NC_004812.gtf	passthrough	1	1	3177	3177	0	yes
NC_004812.1_CeHV1gp56	Macacine_alphaherpesvirus_1_NC_004812.gtf	passthrough	1	1	1014	1014	0	yes
NC_004812.1_CeHV1gp57	Macacine_alphaherpesvirus_1_NC_004812.gtf	passthrough	1	1	1473	1473	0	yes
NC_004812.1_CeHV1gp58	Macacine_alphaherpesvirus_1_NC_004812.gtf	passthrough	1	1	573	573	0	yes
NC_004812.1_CeHV1gp59	Macacine_alphaherpesvirus_1_NC_004812.gtf	passthrough	1	1	681	681	0	yes
NC_004812.1_CeHV1gp60	Macacine_alphaherpesvirus_1_NC_004812.gtf	passthrough	1	1	2076	2076	0	yes
NC_004812.1_CeHV1gp61	Macacine_alphaherpesvirus_1_NC_004812.gtf	passthrough	1	1	3561	3561	0	yes
NC_004812.1_CeHV1gp62	Macacine_alphaherpesvirus_1_NC_004812.gtf	passthrough	1	1	1353	1353	0	yes
NC_004812.1_CeHV1gp63	Macacine_alphaherpesvirus_1_NC_004812.gtf	passthrough	1	1	909	909	0	yes
NC_004812.1_CeHV1gp64	Macacine_alphaherpesvirus_1_NC_004812.gtf	passthrough	1	1	1377	1377	0	yes
NC_004812.1_CeHV1gp65	Macacine_alphaherpesvirus_1_NC_004812.gtf	passthrough	1	1	2022	2022	0	yes
NC_004812.1_CeHV1gp66	Macacine_alphaherpesvirus_1_NC_004812.gtf	passthrough	1	1	366	366	0	yes
NC_004812.1_CeHV1gp67	Macacine_alphaherpesvirus_1_NC_004812.gtf	passthrough	1	1	1185	1185	0	yes
NC_004812.1_CeHV1gp68	Macacine_alphaherpesvirus_1_NC_004812.gtf	passthrough	1	1	1206	1206	0	yes
NC_004812.1_CeHV1gp69	Macacine_alphaherpesvirus_1_NC_004812.gtf	passthrough	1	1	1620	1620	0	yes
NC_004812.1_CeHV1gp70	Macacine_alphaherpesvirus_1_NC_004812.gtf	passthrough	1	1	369	369	0	yes
NC_004812.1_CeHV1gp71	Macacine_alphaherpesvirus_1_NC_004812.gtf	passthrough	1	1	273	273	0	yes
NC_004812.1_CeHV1gp72	Macacine_alphaherpesvirus_1_NC_004812.gtf	passthrough	1	1	936	936	0	yes
NC_004812.1_CeHV1gp73	Macacine_alphaherpesvirus_1_NC_004812.gtf	passthrough	1	1	444	444	0	yes
NC_004812.1_CeHV1gp74	Macacine_alphaherpesvirus_1_NC_004812.gtf	passthrough	1	1	246	246	0	yes
NC_004812.1_CeHV1gp75	Macacine_alphaherpesvirus_1_NC_004812.gtf	passthrough	1	1	3561	3561	0	yes
MAYARO_MAYVgp1	Mayaro_virus_NC_003417.gtf	span	1	1	7314	7314	0	yes
MAYARO_MAYVgp2	Mayaro_virus_NC_003417.gtf	span	1	1	5460	5460	0	yes
MAYARO_MAYVgp3	Mayaro_virus_NC_003417.gtf	span	1	1	3729	3729	0	yes
MAYARO_MAYVgp4	Mayaro_virus_NC_003417.gtf	span	1	1	2465	2465	0	yes
MEASLES_MeVgp1	Measles_virus_NC_001498.gtf	passthrough	1	1	1689	1689	0	yes
MEASLES_MeVgp2	Measles_virus_NC_001498.gtf	passthrough	1	1	1655	1655	0	yes
MEASLES_MeVgp3	Measles_virus_NC_001498.gtf	passthrough	1	1	1467	1467	0	yes
MEASLES_MeVgp4	Measles_virus_NC_001498.gtf	passthrough	1	1	2372	2372	0	yes
MEASLES_MeVgp5	Measles_virus_NC_001498.gtf	passthrough	1	1	1958	1958	0	yes
MEASLES_MeVgp6	Measles_virus_NC_001498.gtf	passthrough	1	1	6643	6643	0	yes
MERKEL_MCPyV_gp1	Merkel_cell_polyomavirus_NC_010277.gtf	span	1	1	726	726	0	yes
MERKEL_MCPyV_gp2	Merkel_cell_polyomavirus_NC_010277.gtf	span	1	1	1272	1272	0	yes
MERKEL_MCPyV_gp3	Merkel_cell_polyomavirus_NC_010277.gtf	spliced	1	1	2885	2454	431	no
MERKEL_MCPyV_gp4	Merkel_cell_polyomavirus_NC_010277.gtf	span	1	1	561	561	0	yes
MOLLU_MOCVgp001	Molluscum_contagiosum_virus_NC_001731.gtf	span	1	1	1467	1467	0	yes
MOLLU_MOCVgp002	Molluscum_contagiosum_virus_NC_001731.gtf	span	1	1	1356	1356	0	yes
MOLLU_MOCVgp003	Molluscum_contagiosum_virus_NC_001731.gtf	span	1	1	1338	1338	0	yes
MOLLU_MOCVgp004	Molluscum_contagiosum_virus_NC_001731.gtf	span	1	1	444	444	0	yes
MOLLU_MOCVgp005	Molluscum_contagiosum_virus_NC_001731.gtf	span	1	1	258	258	0	yes
MOLLU_MOCVgp006	Molluscum_contagiosum_virus_NC_001731.gtf	span	1	1	3522	3522	0	yes
MOLLU_MOCVgp007	Molluscum_contagiosum_virus_NC_001731.gtf	span	1	1	654	654	0	yes
MOLLU_MOCVgp008	Molluscum_contagiosum_virus_NC_001731.gtf	span	1	1	531	531	0	yes
MOLLU_MOCVgp009	Molluscum_contagiosum_virus_NC_001731.gtf	span	1	1	555	555	0	yes
MOLLU_MOCVgp010	Molluscum_contagiosum_virus_NC_001731.gtf	span	1	1	222	222	0	yes
MOLLU_MOCVgp011	Molluscum_contagiosum_virus_NC_001731.gtf	span	1	1	894	894	0	yes
MOLLU_MOCVgp012	Molluscum_contagiosum_virus_NC_001731.gtf	span	1	1	192	192	0	yes
MOLLU_MOCVgp013	Molluscum_contagiosum_virus_NC_001731.gtf	span	1	1	681	681	0	yes
MOLLU_MOCVgp014	Molluscum_contagiosum_virus_NC_001731.gtf	span	1	1	444	444	0	yes
MOLLU_MOCVgp015	Molluscum_contagiosum_virus_NC_001731.gtf	span	1	1	471	471	0	yes
MOLLU_MOCVgp016	Molluscum_contagiosum_virus_NC_001731.gtf	span	1	1	642	642	0	yes
MOLLU_MOCVgp017	Molluscum_contagiosum_virus_NC_001731.gtf	span	1	1	1332	1332	0	yes
MOLLU_MOCVgp018	Molluscum_contagiosum_virus_NC_001731.gtf	span	1	1	2043	2043	0	yes
MOLLU_MOCVgp019	Molluscum_contagiosum_virus_NC_001731.gtf	span	1	1	1992	1992	0	yes
MOLLU_MOCVgp020	Molluscum_contagiosum_virus_NC_001731.gtf	span	1	1	420	420	0	yes
MOLLU_MOCVgp021	Molluscum_contagiosum_virus_NC_001731.gtf	span	1	1	1167	1167	0	yes
MOLLU_MOCVgp022	Molluscum_contagiosum_virus_NC_001731.gtf	span	1	1	768	768	0	yes
MOLLU_MOCVgp023	Molluscum_contagiosum_virus_NC_001731.gtf	span	1	1	627	627	0	yes
MOLLU_MOCVgp024	Molluscum_contagiosum_virus_NC_001731.gtf	span	1	1	267	267	0	yes
MOLLU_MOCVgp025	Molluscum_contagiosum_virus_NC_001731.gtf	span	1	1	447	447	0	yes
MOLLU_MOCVgp026	Molluscum_contagiosum_virus_NC_001731.gtf	span	1	1	252	252	0	yes
MOLLU_MOCVgp027	Molluscum_contagiosum_virus_NC_001731.gtf	span	1	1	1605	1605	0	yes
MOLLU_MOCVgp028	Molluscum_contagiosum_virus_NC_001731.gtf	span	1	1	807	807	0	yes
MOLLU_MOCVgp029	Molluscum_contagiosum_virus_NC_001731.gtf	span	1	1	693	693	0	yes
MOLLU_MOCVgp030	Molluscum_contagiosum_virus_NC_001731.gtf	span	1	1	279	279	0	yes
MOLLU_MOCVgp031	Molluscum_contagiosum_virus_NC_001731.gtf	span	1	1	1413	1413	0	yes
MOLLU_MOCVgp032	Molluscum_contagiosum_virus_NC_001731.gtf	span	1	1	2247	2247	0	yes
MOLLU_MOCVgp033	Molluscum_contagiosum_virus_NC_001731.gtf	span	1	1	1740	1740	0	yes
MOLLU_MOCVgp034	Molluscum_contagiosum_virus_NC_001731.gtf	span	1	1	1335	1335	0	yes
MOLLU_MOCVgp035	Molluscum_contagiosum_virus_NC_001731.gtf	span	1	1	6402	6402	0	yes
MOLLU_MOCVgp036	Molluscum_contagiosum_virus_NC_001731.gtf	span	1	1	3174	3174	0	yes
MOLLU_MOCVgp037	Molluscum_contagiosum_virus_NC_001731.gtf	span	1	1	1698	1698	0	yes
MOLLU_MOCVgp038	Molluscum_contagiosum_virus_NC_001731.gtf	span	1	1	831	831	0	yes
MOLLU_MOCVgp039	Molluscum_contagiosum_virus_NC_001731.gtf	span	1	1	3015	3015	0	yes
MOLLU_MOCVgp040	Molluscum_contagiosum_virus_NC_001731.gtf	span	1	1	306	306	0	yes
MOLLU_MOCVgp041	Molluscum_contagiosum_virus_NC_001731.gtf	span	1	1	399	399	0	yes
MOLLU_MOCVgp042	Molluscum_contagiosum_virus_NC_001731.gtf	span	1	1	2352	2352	0	yes
MOLLU_MOCVgp043	Molluscum_contagiosum_virus_NC_001731.gtf	span	1	1	2319	2319	0	yes
MOLLU_MOCVgp044	Molluscum_contagiosum_virus_NC_001731.gtf	span	1	1	933	933	0	yes
MOLLU_MOCVgp045	Molluscum_contagiosum_virus_NC_001731.gtf	span	1	1	219	219	0	yes
MOLLU_MOCVgp046	Molluscum_contagiosum_virus_NC_001731.gtf	span	1	1	867	867	0	yes
MOLLU_MOCVgp047	Molluscum_contagiosum_virus_NC_001731.gtf	span	1	1	249	249	0	yes
MOLLU_MOCVgp048	Molluscum_contagiosum_virus_NC_001731.gtf	span	1	1	1221	1221	0	yes
MOLLU_MOCVgp049	Molluscum_contagiosum_virus_NC_001731.gtf	span	1	1	1548	1548	0	yes
MOLLU_MOCVgp050	Molluscum_contagiosum_virus_NC_001731.gtf	span	1	1	2055	2055	0	yes
MOLLU_MOCVgp051	Molluscum_contagiosum_virus_NC_001731.gtf	span	1	1	363	363	0	yes
MOLLU_MOCVgp052	Molluscum_contagiosum_virus_NC_001731.gtf	span	1	1	303	303	0	yes
MOLLU_MOCVgp053	Molluscum_contagiosum_virus_NC_001731.gtf	span	1	1	402	402	0	yes
MOLLU_MOCVgp054	Molluscum_contagiosum_virus_NC_001731.gtf	span	1	1	708	708	0	yes
MOLLU_MOCVgp055	Molluscum_contagiosum_virus_NC_001731.gtf	span	1	1	651	651	0	yes
MOLLU_MOCVgp056	Molluscum_contagiosum_virus_NC_001731.gtf	span	1	1	1782	1782	0	yes
MOLLU_MOCVgp057	Molluscum_contagiosum_virus_NC_001731.gtf	span	1	1	327	327	0	yes
MOLLU_MOCVgp058	Molluscum_contagiosum_virus_NC_001731.gtf	span	1	1	741	741	0	yes
MOLLU_MOCVgp059	Molluscum_contagiosum_virus_NC_001731.gtf	span	1	1	381	381	0	yes
MOLLU_MOCVgp060	Molluscum_contagiosum_virus_NC_001731.gtf	span	1	1	1314	1314	0	yes
MOLLU_MOCVgp061	Molluscum_contagiosum_virus_NC_001731.gtf	span	1	1	192	192	0	yes
MOLLU_MOCVgp062	Molluscum_contagiosum_virus_NC_001731.gtf	span	1	1	588	588	0	yes
MOLLU_MOCVgp063	Molluscum_contagiosum_virus_NC_001731.gtf	span	1	1	252	252	0	yes
MOLLU_MOCVgp064	Molluscum_contagiosum_virus_NC_001731.gtf	span	1	1	189	189	0	yes
MOLLU_MOCVgp065	Molluscum_contagiosum_virus_NC_001731.gtf	span	1	1	1209	1209	0	yes
MOLLU_MOCVgp066	Molluscum_contagiosum_virus_NC_001731.gtf	span	1	1	663	663	0	yes
MOLLU_MOCVgp067	Molluscum_contagiosum_virus_NC_001731.gtf	span	1	1	783	783	0	yes
MOLLU_MOCVgp068	Molluscum_contagiosum_virus_NC_001731.gtf	span	1	1	1029	1029	0	yes
MOLLU_MOCVgp069	Molluscum_contagiosum_virus_NC_001731.gtf	span	1	1	732	732	0	yes
MOLLU_MOCVgp070	Molluscum_contagiosum_virus_NC_001731.gtf	span	1	1	282	282	0	yes
MOLLU_MOCVgp071	Molluscum_contagiosum_virus_NC_001731.gtf	span	1	1	303	303	0	yes
MOLLU_MOCVgp072	Molluscum_contagiosum_virus_NC_001731.gtf	span	1	1	933	933	0	yes
MOLLU_MOCVgp073	Molluscum_contagiosum_virus_NC_001731.gtf	span	1	1	765	765	0	yes
MOLLU_MOCVgp074	Molluscum_contagiosum_virus_NC_001731.gtf	span	1	1	441	441	0	yes
MOLLU_MOCVgp075	Molluscum_contagiosum_virus_NC_001731.gtf	span	1	1	552	552	0	yes
MOLLU_MOCVgp076	Molluscum_contagiosum_virus_NC_001731.gtf	span	1	1	1032	1032	0	yes
MOLLU_MOCVgp077	Molluscum_contagiosum_virus_NC_001731.gtf	span	1	1	564	564	0	yes
MOLLU_MOCVgp078	Molluscum_contagiosum_virus_NC_001731.gtf	span	1	1	405	405	0	yes
MOLLU_MOCVgp079	Molluscum_contagiosum_virus_NC_001731.gtf	span	1	1	3870	3870	0	yes
MOLLU_MOCVgp080	Molluscum_contagiosum_virus_NC_001731.gtf	span	1	1	1188	1188	0	yes
MOLLU_MOCVgp081	Molluscum_contagiosum_virus_NC_001731.gtf	span	1	1	336	336	0	yes
MOLLU_MOCVgp082	Molluscum_contagiosum_virus_NC_001731.gtf	span	1	1	510	510	0	yes
MOLLU_MOCVgp083	Molluscum_contagiosum_virus_NC_001731.gtf	span	1	1	576	576	0	yes
MOLLU_MOCVgp084	Molluscum_contagiosum_virus_NC_001731.gtf	span	1	1	897	897	0	yes
MOLLU_MOCVgp085	Molluscum_contagiosum_virus_NC_001731.gtf	span	1	1	2376	2376	0	yes
MOLLU_MOCVgp086	Molluscum_contagiosum_virus_NC_001731.gtf	span	1	1	663	663	0	yes
MOLLU_MOCVgp087	Molluscum_contagiosum_virus_NC_001731.gtf	span	1	1	972	972	0	yes
MOLLU_MOCVgp088	Molluscum_contagiosum_virus_NC_001731.gtf	span	1	1	432	432	0	yes
MOLLU_MOCVgp089	Molluscum_contagiosum_virus_NC_001731.gtf	span	1	1	345	345	0	yes
MOLLU_MOCVgp090	Molluscum_contagiosum_virus_NC_001731.gtf	span	1	1	2853	2853	0	yes
MOLLU_MOCVgp091	Molluscum_contagiosum_virus_NC_001731.gtf	span	1	1	513	513	0	yes
MOLLU_MOCVgp092	Molluscum_contagiosum_virus_NC_001731.gtf	span	1	1	807	807	0	yes
MOLLU_MOCVgp093	Molluscum_contagiosum_virus_NC_001731.gtf	span	1	1	681	681	0	yes
MOLLU_MOCVgp094	Molluscum_contagiosum_virus_NC_001731.gtf	span	1	1	2376	2376	0	yes
MOLLU_MOCVgp095	Molluscum_contagiosum_virus_NC_001731.gtf	span	1	1	1908	1908	0	yes
MOLLU_MOCVgp096	Molluscum_contagiosum_virus_NC_001731.gtf	span	1	1	630	630	0	yes
MOLLU_MOCVgp097	Molluscum_contagiosum_virus_NC_001731.gtf	span	1	1	486	486	0	yes
MOLLU_MOCVgp098	Molluscum_contagiosum_virus_NC_001731.gtf	span	1	1	639	639	0	yes
MOLLU_MOCVgp099	Molluscum_contagiosum_virus_NC_001731.gtf	span	1	1	690	690	0	yes
MOLLU_MOCVgp100	Molluscum_contagiosum_virus_NC_001731.gtf	span	1	1	1905	1905	0	yes
MOLLU_MOCVgp101	Molluscum_contagiosum_virus_NC_001731.gtf	span	1	1	888	888	0	yes
MOLLU_MOCVgp102	Molluscum_contagiosum_virus_NC_001731.gtf	span	1	1	1644	1644	0	yes
MOLLU_MOCVgp103	Molluscum_contagiosum_virus_NC_001731.gtf	span	1	1	510	510	0	yes
MOLLU_MOCVgp104	Molluscum_contagiosum_virus_NC_001731.gtf	span	1	1	687	687	0	yes
MOLLU_MOCVgp105	Molluscum_contagiosum_virus_NC_001731.gtf	span	1	1	213	213	0	yes
MOLLU_MOCVgp106	Molluscum_contagiosum_virus_NC_001731.gtf	span	1	1	2028	2028	0	yes
MOLLU_MOCVgp107	Molluscum_contagiosum_virus_NC_001731.gtf	span	1	1	1266	1266	0	yes
MOLLU_MOCVgp108	Molluscum_contagiosum_virus_NC_001731.gtf	span	1	1	498	498	0	yes
MOLLU_MOCVgp109	Molluscum_contagiosum_virus_NC_001731.gtf	span	1	1	1386	1386	0	yes
MOLLU_MOCVgp110	Molluscum_contagiosum_virus_NC_001731.gtf	span	1	1	2124	2124	0	yes
MOLLU_MOCVgp111	Molluscum_contagiosum_virus_NC_001731.gtf	span	1	1	1308	1308	0	yes
MOLLU_MOCVgp112	Molluscum_contagiosum_virus_NC_001731.gtf	span	1	1	387	387	0	yes
MOLLU_MOCVgp113	Molluscum_contagiosum_virus_NC_001731.gtf	span	1	1	2670	2670	0	yes
MOLLU_MOCVgp114	Molluscum_contagiosum_virus_NC_001731.gtf	span	1	1	915	915	0	yes
MOLLU_MOCVgp115	Molluscum_contagiosum_virus_NC_001731.gtf	span	1	1	537	537	0	yes
MOLLU_MOCVgp116	Molluscum_contagiosum_virus_NC_001731.gtf	span	1	1	204	204	0	yes
MOLLU_MOCVgp117	Molluscum_contagiosum_virus_NC_001731.gtf	span	1	1	207	207	0	yes
MOLLU_MOCVgp118	Molluscum_contagiosum_virus_NC_001731.gtf	span	1	1	285	285	0	yes
MOLLU_MOCVgp119	Molluscum_contagiosum_virus_NC_001731.gtf	span	1	1	162	162	0	yes
MOLLU_MOCVgp120	Molluscum_contagiosum_virus_NC_001731.gtf	span	1	1	291	291	0	yes
MOLLU_MOCVgp121	Molluscum_contagiosum_virus_NC_001731.gtf	span	1	1	1095	1095	0	yes
MOLLU_MOCVgp122	Molluscum_contagiosum_virus_NC_001731.gtf	span	1	1	540	540	0	yes
MOLLU_MOCVgp123	Molluscum_contagiosum_virus_NC_001731.gtf	span	1	1	2085	2085	0	yes
MOLLU_MOCVgp124	Molluscum_contagiosum_virus_NC_001731.gtf	span	1	1	237	237	0	yes
MOLLU_MOCVgp125	Molluscum_contagiosum_virus_NC_001731.gtf	span	1	1	345	345	0	yes
MOLLU_MOCVgp126	Molluscum_contagiosum_virus_NC_001731.gtf	span	1	1	1431	1431	0	yes
MOLLU_MOCVgp127	Molluscum_contagiosum_virus_NC_001731.gtf	span	1	1	849	849	0	yes
MOLLU_MOCVgp128	Molluscum_contagiosum_virus_NC_001731.gtf	span	1	1	1152	1152	0	yes
MOLLU_MOCVgp129	Molluscum_contagiosum_virus_NC_001731.gtf	span	1	1	3498	3498	0	yes
MOLLU_MOCVgp130	Molluscum_contagiosum_virus_NC_001731.gtf	span	1	1	1356	1356	0	yes
MOLLU_MOCVgp131	Molluscum_contagiosum_virus_NC_001731.gtf	span	1	1	1542	1542	0	yes
MOLLU_MOCVgp132	Molluscum_contagiosum_virus_NC_001731.gtf	span	1	1	690	690	0	yes
MOLLU_MOCVgp133	Molluscum_contagiosum_virus_NC_001731.gtf	span	1	1	1641	1641	0	yes
MOLLU_MOCVgp134	Molluscum_contagiosum_virus_NC_001731.gtf	span	1	1	426	426	0	yes
MOLLU_MOCVgp135	Molluscum_contagiosum_virus_NC_001731.gtf	span	1	1	912	912	0	yes
MOLLU_MOCVgp136	Molluscum_contagiosum_virus_NC_001731.gtf	span	1	1	204	204	0	yes
MOLLU_MOCVgp137	Molluscum_contagiosum_virus_NC_001731.gtf	span	1	1	171	171	0	yes
MOLLU_MOCVgp138	Molluscum_contagiosum_virus_NC_001731.gtf	span	1	1	354	354	0	yes
MOLLU_MOCVgp139	Molluscum_contagiosum_virus_NC_001731.gtf	span	1	1	354	354	0	yes
MOLLU_MOCVgp140	Molluscum_contagiosum_virus_NC_001731.gtf	span	1	1	750	750	0	yes
MOLLU_MOCVgp141	Molluscum_contagiosum_virus_NC_001731.gtf	span	1	1	1086	1086	0	yes
MOLLU_MOCVgp142	Molluscum_contagiosum_virus_NC_001731.gtf	span	1	1	552	552	0	yes
MOLLU_MOCVgp143	Molluscum_contagiosum_virus_NC_001731.gtf	span	1	1	480	480	0	yes
MOLLU_MOCVgp144	Molluscum_contagiosum_virus_NC_001731.gtf	span	1	1	1929	1929	0	yes
MOLLU_MOCVgp145	Molluscum_contagiosum_virus_NC_001731.gtf	span	1	1	702	702	0	yes
MOLLU_MOCVgp146	Molluscum_contagiosum_virus_NC_001731.gtf	span	1	1	1221	1221	0	yes
MOLLU_MOCVgp147	Molluscum_contagiosum_virus_NC_001731.gtf	span	1	1	297	297	0	yes
MOLLU_MOCVgp148	Molluscum_contagiosum_virus_NC_001731.gtf	span	1	1	315	315	0	yes
MOLLU_MOCVgp149	Molluscum_contagiosum_virus_NC_001731.gtf	span	1	1	927	927	0	yes
MOLLU_MOCVgp150	Molluscum_contagiosum_virus_NC_001731.gtf	span	1	1	333	333	0	yes
MOLLU_MOCVgp151	Molluscum_contagiosum_virus_NC_001731.gtf	span	1	1	459	459	0	yes
MOLLU_MOCVgp152	Molluscum_contagiosum_virus_NC_001731.gtf	span	1	1	1065	1065	0	yes
MOLLU_MOCVgp153	Molluscum_contagiosum_virus_NC_001731.gtf	span	1	1	1296	1296	0	yes
MOLLU_MOCVgp154	Molluscum_contagiosum_virus_NC_001731.gtf	span	1	1	1266	1266	0	yes
MOLLU_MOCVgp155	Molluscum_contagiosum_virus_NC_001731.gtf	span	1	1	1011	1011	0	yes
MOLLU_MOCVgp156	Molluscum_contagiosum_virus_NC_001731.gtf	span	1	1	222	222	0	yes
MOLLU_MOCVgp157	Molluscum_contagiosum_virus_NC_001731.gtf	span	1	1	1359	1359	0	yes
MOLLU_MOCVgp158	Molluscum_contagiosum_virus_NC_001731.gtf	span	1	1	549	549	0	yes
MOLLU_MOCVgp159	Molluscum_contagiosum_virus_NC_001731.gtf	span	1	1	726	726	0	yes
MOLLU_MOCVgp160	Molluscum_contagiosum_virus_NC_001731.gtf	span	1	1	1116	1116	0	yes
MOLLU_MOCVgp161	Molluscum_contagiosum_virus_NC_001731.gtf	span	1	1	1437	1437	0	yes
MOLLU_MOCVgp162	Molluscum_contagiosum_virus_NC_001731.gtf	span	1	1	1599	1599	0	yes
MOLLU_MOCVgp163	Molluscum_contagiosum_virus_NC_001731.gtf	span	1	1	1863	1863	0	yes
MONKEYPOX_MPXV_gp001	Monkeypox_virus_NC_003310.gtf	span	1	1	741	741	0	yes
MONKEYPOX_MPXV_gp002	Monkeypox_virus_NC_003310.gtf	span	1	1	1047	1047	0	yes
MONKEYPOX_MPXV_gp003	Monkeypox_virus_NC_003310.gtf	span	1	1	1764	1764	0	yes
MONKEYPOX_MPXV_gp004	Monkeypox_virus_NC_003310.gtf	span	1	1	1314	1314	0	yes
MONKEYPOX_MPXV_gp005	Monkeypox_virus_NC_003310.gtf	span	1	1	429	429	0	yes
MONKEYPOX_MPXV_gp006	Monkeypox_virus_NC_003310.gtf	span	1	1	729	729	0	yes
MONKEYPOX_MPXV_gp007	Monkeypox_virus_NC_003310.gtf	span	1	1	381	381	0	yes
MONKEYPOX_MPXV_gp008	Monkeypox_virus_NC_003310.gtf	span	1	1	1983	1983	0	yes
MONKEYPOX_MPXV_gp009	Monkeypox_virus_NC_003310.gtf	span	1	1	195	195	0	yes
MONKEYPOX_MPXV_gp010	Monkeypox_virus_NC_003310.gtf	span	1	1	1893	1893	0	yes
MONKEYPOX_MPXV_gp011	Monkeypox_virus_NC_003310.gtf	span	1	1	453	453	0	yes
MONKEYPOX_MPXV_gp012	Monkeypox_virus_NC_003310.gtf	span	1	1	462	462	0	yes
MONKEYPOX_MPXV_gp013	Monkeypox_virus_NC_003310.gtf	span	1	1	621	621	0	yes
MONKEYPOX_MPXV_gp014	Monkeypox_virus_NC_003310.gtf	span	1	1	948	948	0	yes
MONKEYPOX_MPXV_gp015	Monkeypox_virus_NC_003310.gtf	span	1	1	651	651	0	yes
MONKEYPOX_MPXV_gp016	Monkeypox_virus_NC_003310.gtf	span	1	1	645	645	0	yes
MONKEYPOX_MPXV_gp017	Monkeypox_virus_NC_003310.gtf	span	1	1	354	354	0	yes
MONKEYPOX_MPXV_gp018	Monkeypox_virus_NC_003310.gtf	span	1	1	534	534	0	yes
MONKEYPOX_MPXV_gp019	Monkeypox_virus_NC_003310.gtf	span	1	1	1329	1329	0	yes
MONKEYPOX_MPXV_gp020	Monkeypox_virus_NC_003310.gtf	span	1	1	663	663	0	yes
MONKEYPOX_MPXV_gp021	Monkeypox_virus_NC_003310.gtf	span	1	1	855	855	0	yes
MONKEYPOX_MPXV_gp022	Monkeypox_virus_NC_003310.gtf	span	1	1	1128	1128	0	yes
MONKEYPOX_MPXV_gp023	Monkeypox_virus_NC_003310.gtf	span	1	1	1275	1275	0	yes
MONKEYPOX_MPXV_gp024	Monkeypox_virus_NC_003310.gtf	span	1	1	831	831	0	yes
MONKEYPOX_MPXV_gp025	Monkeypox_virus_NC_003310.gtf	span	1	1	450	450	0	yes
MONKEYPOX_MPXV_gp026	Monkeypox_virus_NC_003310.gtf	span	1	1	660	660	0	yes
MONKEYPOX_MPXV_gp027	Monkeypox_virus_NC_003310.gtf	span	1	1	456	456	0	yes
MONKEYPOX_MPXV_gp028	Monkeypox_virus_NC_003310.gtf	span	1	1	1464	1464	0	yes
MONKEYPOX_MPXV_gp029	Monkeypox_virus_NC_003310.gtf	span	1	1	960	960	0	yes
MONKEYPOX_MPXV_gp030	Monkeypox_virus_NC_003310.gtf	span	1	1	954	954	0	yes
MONKEYPOX_MPXV_gp031	Monkeypox_virus_NC_003310.gtf	span	1	1	222	222	0	yes
MONKEYPOX_MPXV_gp032	Monkeypox_virus_NC_003310.gtf	span	1	1	225	225	0	yes
MONKEYPOX_MPXV_gp033	Monkeypox_virus_NC_003310.gtf	span	1	1	195	195	0	yes
MONKEYPOX_MPXV_gp034	Monkeypox_virus_NC_003310.gtf	span	1	1	639	639	0	yes
MONKEYPOX_MPXV_gp035	Monkeypox_virus_NC_003310.gtf	span	1	1	1320	1320	0	yes
MONKEYPOX_MPXV_gp036	Monkeypox_virus_NC_003310.gtf	span	1	1	1065	1065	0	yes
MONKEYPOX_MPXV_gp037	Monkeypox_virus_NC_003310.gtf	span	1	1	1908	1908	0	yes
MONKEYPOX_MPXV_gp038	Monkeypox_virus_NC_003310.gtf	span	1	1	1119	1119	0	yes
MONKEYPOX_MPXV_gp039	Monkeypox_virus_NC_003310.gtf	span	1	1	222	222	0	yes
MONKEYPOX_MPXV_gp040	Monkeypox_virus_NC_003310.gtf	span	1	1	147	147	0	yes
MONKEYPOX_MPXV_gp041	Monkeypox_virus_NC_003310.gtf	span	1	1	477	477	0	yes
MONKEYPOX_MPXV_gp042	Monkeypox_virus_NC_003310.gtf	span	1	1	696	696	0	yes
MONKEYPOX_MPXV_gp043	Monkeypox_virus_NC_003310.gtf	span	1	1	306	306	0	yes
MONKEYPOX_MPXV_gp044	Monkeypox_virus_NC_003310.gtf	span	1	1	1440	1440	0	yes
MONKEYPOX_MPXV_gp045	Monkeypox_virus_NC_003310.gtf	span	1	1	2214	2214	0	yes
MONKEYPOX_MPXV_gp046	Monkeypox_virus_NC_003310.gtf	span	1	1	462	462	0	yes
MONKEYPOX_MPXV_gp047	Monkeypox_virus_NC_003310.gtf	span	1	1	780	780	0	yes
MONKEYPOX_MPXV_gp048	Monkeypox_virus_NC_003310.gtf	span	1	1	1704	1704	0	yes
MONKEYPOX_MPXV_gp049	Monkeypox_virus_NC_003310.gtf	span	1	1	501	501	0	yes
MONKEYPOX_MPXV_gp050	Monkeypox_virus_NC_003310.gtf	span	1	1	822	822	0	yes
MONKEYPOX_MPXV_gp051	Monkeypox_virus_NC_003310.gtf	span	1	1	3021	3021	0	yes
MONKEYPOX_MPXV_gp052	Monkeypox_virus_NC_003310.gtf	span	1	1	288	288	0	yes
MONKEYPOX_MPXV_gp053	Monkeypox_virus_NC_003310.gtf	span	1	1	390	390	0	yes
MONKEYPOX_MPXV_gp054	Monkeypox_virus_NC_003310.gtf	span	1	1	1998	1998	0	yes
MONKEYPOX_MPXV_gp055	Monkeypox_virus_NC_003310.gtf	span	1	1	327	327	0	yes
MONKEYPOX_MPXV_gp056	Monkeypox_virus_NC_003310.gtf	span	1	1	108	108	0	yes
MONKEYPOX_MPXV_gp057	Monkeypox_virus_NC_003310.gtf	span	1	1	939	939	0	yes
MONKEYPOX_MPXV_gp058	Monkeypox_virus_NC_003310.gtf	span	1	1	222	222	0	yes
MONKEYPOX_MPXV_gp059	Monkeypox_virus_NC_003310.gtf	span	1	1	810	810	0	yes
MONKEYPOX_MPXV_gp060	Monkeypox_virus_NC_003310.gtf	span	1	1	2316	2316	0	yes
MONKEYPOX_MPXV_gp061	Monkeypox_virus_NC_003310.gtf	span	1	1	240	240	0	yes
MONKEYPOX_MPXV_gp062	Monkeypox_virus_NC_003310.gtf	span	1	1	1149	1149	0	yes
MONKEYPOX_MPXV_gp063	Monkeypox_virus_NC_003310.gtf	span	1	1	1272	1272	0	yes
MONKEYPOX_MPXV_gp064	Monkeypox_virus_NC_003310.gtf	span	1	1	2031	2031	0	yes
MONKEYPOX_MPXV_gp065	Monkeypox_virus_NC_003310.gtf	span	1	1	1776	1776	0	yes
MONKEYPOX_MPXV_gp066	Monkeypox_virus_NC_003310.gtf	span	1	1	336	336	0	yes
MONKEYPOX_MPXV_gp067	Monkeypox_virus_NC_003310.gtf	span	1	1	663	663	0	yes
MONKEYPOX_MPXV_gp068	Monkeypox_virus_NC_003310.gtf	span	1	1	375	375	0	yes
MONKEYPOX_MPXV_gp069	Monkeypox_virus_NC_003310.gtf	span	1	1	1305	1305	0	yes
MONKEYPOX_MPXV_gp070	Monkeypox_virus_NC_003310.gtf	span	1	1	192	192	0	yes
MONKEYPOX_MPXV_gp071	Monkeypox_virus_NC_003310.gtf	span	1	1	498	498	0	yes
MONKEYPOX_MPXV_gp072	Monkeypox_virus_NC_003310.gtf	span	1	1	1116	1116	0	yes
MONKEYPOX_MPXV_gp073	Monkeypox_virus_NC_003310.gtf	span	1	1	783	783	0	yes
MONKEYPOX_MPXV_gp074	Monkeypox_virus_NC_003310.gtf	span	1	1	1023	1023	0	yes
MONKEYPOX_MPXV_gp075	Monkeypox_virus_NC_003310.gtf	span	1	1	753	753	0	yes
MONKEYPOX_MPXV_gp076	Monkeypox_virus_NC_003310.gtf	span	1	1	279	279	0	yes
MONKEYPOX_MPXV_gp077	Monkeypox_virus_NC_003310.gtf	span	1	1	1035	1035	0	yes
MONKEYPOX_MPXV_gp078	Monkeypox_virus_NC_003310.gtf	span	1	1	756	756	0	yes
MONKEYPOX_MPXV_gp079	Monkeypox_virus_NC_003310.gtf	span	1	1	387	387	0	yes
MONKEYPOX_MPXV_gp080	Monkeypox_virus_NC_003310.gtf	span	1	1	459	459	0	yes
MONKEYPOX_MPXV_gp081	Monkeypox_virus_NC_003310.gtf	span	1	1	534	534	0	yes
MONKEYPOX_MPXV_gp082	Monkeypox_virus_NC_003310.gtf	span	1	1	1002	1002	0	yes
MONKEYPOX_MPXV_gp083	Monkeypox_virus_NC_003310.gtf	span	1	1	558	558	0	yes
MONKEYPOX_MPXV_gp084	Monkeypox_virus_NC_003310.gtf	span	1	1	402	402	0	yes
MONKEYPOX_MPXV_gp085	Monkeypox_virus_NC_003310.gtf	span	1	1	3861	3861	0	yes
MONKEYPOX_MPXV_gp086	Monkeypox_virus_NC_003310.gtf	span	1	1	516	516	0	yes
MONKEYPOX_MPXV_gp087	Monkeypox_virus_NC_003310.gtf	span	1	1	570	570	0	yes
MONKEYPOX_MPXV_gp088	Monkeypox_virus_NC_003310.gtf	span	1	1	975	975	0	yes
MONKEYPOX_MPXV_gp089	Monkeypox_virus_NC_003310.gtf	span	1	1	2388	2388	0	yes
MONKEYPOX_MPXV_gp090	Monkeypox_virus_NC_003310.gtf	span	1	1	642	642	0	yes
MONKEYPOX_MPXV_gp091	Monkeypox_virus_NC_003310.gtf	span	1	1	945	945	0	yes
MONKEYPOX_MPXV_gp092	Monkeypox_virus_NC_003310.gtf	span	1	1	441	441	0	yes
MONKEYPOX_MPXV_gp093	Monkeypox_virus_NC_003310.gtf	span	1	1	2538	2538	0	yes
MONKEYPOX_MPXV_gp094	Monkeypox_virus_NC_003310.gtf	span	1	1	441	441	0	yes
MONKEYPOX_MPXV_gp095	Monkeypox_virus_NC_003310.gtf	span	1	1	702	702	0	yes
MONKEYPOX_MPXV_gp096	Monkeypox_virus_NC_003310.gtf	span	1	1	657	657	0	yes
MONKEYPOX_MPXV_gp097	Monkeypox_virus_NC_003310.gtf	span	1	1	2358	2358	0	yes
MONKEYPOX_MPXV_gp098	Monkeypox_virus_NC_003310.gtf	span	1	1	1914	1914	0	yes
MONKEYPOX_MPXV_gp099	Monkeypox_virus_NC_003310.gtf	span	1	1	486	486	0	yes
MONKEYPOX_MPXV_gp100	Monkeypox_virus_NC_003310.gtf	span	1	1	915	915	0	yes
MONKEYPOX_MPXV_gp101	Monkeypox_virus_NC_003310.gtf	span	1	1	642	642	0	yes
MONKEYPOX_MPXV_gp102	Monkeypox_virus_NC_003310.gtf	span	1	1	747	747	0	yes
MONKEYPOX_MPXV_gp103	Monkeypox_virus_NC_003310.gtf	span	1	1	1896	1896	0	yes
MONKEYPOX_MPXV_gp104	Monkeypox_virus_NC_003310.gtf	span	1	1	864	864	0	yes
MONKEYPOX_MPXV_gp105	Monkeypox_virus_NC_003310.gtf	span	1	1	1656	1656	0	yes
MONKEYPOX_MPXV_gp106	Monkeypox_virus_NC_003310.gtf	span	1	1	453	453	0	yes
MONKEYPOX_MPXV_gp107	Monkeypox_virus_NC_003310.gtf	span	1	1	675	675	0	yes
MONKEYPOX_MPXV_gp108	Monkeypox_virus_NC_003310.gtf	span	1	1	234	234	0	yes
MONKEYPOX_MPXV_gp109	Monkeypox_virus_NC_003310.gtf	span	1	1	1935	1935	0	yes
MONKEYPOX_MPXV_gp110	Monkeypox_virus_NC_003310.gtf	span	1	1	846	846	0	yes
MONKEYPOX_MPXV_gp111	Monkeypox_virus_NC_003310.gtf	span	1	1	486	486	0	yes
MONKEYPOX_MPXV_gp112	Monkeypox_virus_NC_003310.gtf	span	1	1	1119	1119	0	yes
MONKEYPOX_MPXV_gp113	Monkeypox_virus_NC_003310.gtf	span	1	1	2133	2133	0	yes
MONKEYPOX_MPXV_gp114	Monkeypox_virus_NC_003310.gtf	span	1	1	879	879	0	yes
MONKEYPOX_MPXV_gp115	Monkeypox_virus_NC_003310.gtf	span	1	1	303	303	0	yes
MONKEYPOX_MPXV_gp116	Monkeypox_virus_NC_003310.gtf	span	1	1	2676	2676	0	yes
MONKEYPOX_MPXV_gp117	Monkeypox_virus_NC_003310.gtf	span	1	1	957	957	0	yes
MONKEYPOX_MPXV_gp118	Monkeypox_virus_NC_003310.gtf	span	1	1	573	573	0	yes
MONKEYPOX_MPXV_gp119	Monkeypox_virus_NC_003310.gtf	span	1	1	213	213	0	yes
MONKEYPOX_MPXV_gp120	Monkeypox_virus_NC_003310.gtf	span	1	1	273	273	0	yes
MONKEYPOX_MPXV_gp121	Monkeypox_virus_NC_003310.gtf	span	1	1	162	162	0	yes
MONKEYPOX_MPXV_gp122	Monkeypox_virus_NC_003310.gtf	span	1	1	285	285	0	yes
MONKEYPOX_MPXV_gp123	Monkeypox_virus_NC_003310.gtf	span	1	1	1134	1134	0	yes
MONKEYPOX_MPXV_gp124	Monkeypox_virus_NC_003310.gtf	span	1	1	615	615	0	yes
MONKEYPOX_MPXV_gp125	Monkeypox_virus_NC_003310.gtf	span	1	1	1479	1479	0	yes
MONKEYPOX_MPXV_gp126	Monkeypox_virus_NC_003310.gtf	span	1	1	234	234	0	yes
MONKEYPOX_MPXV_gp127	Monkeypox_virus_NC_003310.gtf	span	1	1	348	348	0	yes
MONKEYPOX_MPXV_gp128	Monkeypox_virus_NC_003310.gtf	span	1	1	1281	1281	0	yes
MONKEYPOX_MPXV_gp129	Monkeypox_virus_NC_003310.gtf	span	1	1	564	564	0	yes
MONKEYPOX_MPXV_gp130	Monkeypox_virus_NC_003310.gtf	span	1	1	1149	1149	0	yes
MONKEYPOX_MPXV_gp131	Monkeypox_virus_NC_003310.gtf	span	1	1	3495	3495	0	yes
MONKEYPOX_MPXV_gp132	Monkeypox_virus_NC_003310.gtf	span	1	1	1563	1563	0	yes
MONKEYPOX_MPXV_gp133	Monkeypox_virus_NC_003310.gtf	span	1	1	333	333	0	yes
MONKEYPOX_MPXV_gp134	Monkeypox_virus_NC_003310.gtf	span	1	1	441	441	0	yes
MONKEYPOX_MPXV_gp135	Monkeypox_virus_NC_003310.gtf	span	1	1	918	918	0	yes
MONKEYPOX_MPXV_gp136	Monkeypox_virus_NC_003310.gtf	span	1	1	234	234	0	yes
MONKEYPOX_MPXV_gp137	Monkeypox_virus_NC_003310.gtf	span	1	1	129	129	0	yes
MONKEYPOX_MPXV_gp138	Monkeypox_virus_NC_003310.gtf	span	1	1	429	429	0	yes
MONKEYPOX_MPXV_gp139	Monkeypox_virus_NC_003310.gtf	span	1	1	903	903	0	yes
MONKEYPOX_MPXV_gp140	Monkeypox_virus_NC_003310.gtf	span	1	1	546	546	0	yes
MONKEYPOX_MPXV_gp141	Monkeypox_virus_NC_003310.gtf	span	1	1	507	507	0	yes
MONKEYPOX_MPXV_gp142	Monkeypox_virus_NC_003310.gtf	span	1	1	531	531	0	yes
MONKEYPOX_MPXV_gp143	Monkeypox_virus_NC_003310.gtf	span	1	1	639	639	0	yes
MONKEYPOX_MPXV_gp144	Monkeypox_virus_NC_003310.gtf	span	1	1	807	807	0	yes
MONKEYPOX_MPXV_gp145	Monkeypox_virus_NC_003310.gtf	span	1	1	180	180	0	yes
MONKEYPOX_MPXV_gp146	Monkeypox_virus_NC_003310.gtf	span	1	1	834	834	0	yes
MONKEYPOX_MPXV_gp147	Monkeypox_virus_NC_003310.gtf	span	1	1	666	666	0	yes
MONKEYPOX_MPXV_gp148	Monkeypox_virus_NC_003310.gtf	span	1	1	402	402	0	yes
MONKEYPOX_MPXV_gp149	Monkeypox_virus_NC_003310.gtf	span	1	1	594	594	0	yes
MONKEYPOX_MPXV_gp150	Monkeypox_virus_NC_003310.gtf	span	1	1	225	225	0	yes
MONKEYPOX_MPXV_gp151	Monkeypox_virus_NC_003310.gtf	span	1	1	1041	1041	0	yes
MONKEYPOX_MPXV_gp152	Monkeypox_virus_NC_003310.gtf	span	1	1	378	378	0	yes
MONKEYPOX_MPXV_gp153	Monkeypox_virus_NC_003310.gtf	span	1	1	723	723	0	yes
MONKEYPOX_MPXV_gp154	Monkeypox_virus_NC_003310.gtf	span	1	1	615	615	0	yes
MONKEYPOX_MPXV_gp155	Monkeypox_virus_NC_003310.gtf	span	1	1	1665	1665	0	yes
MONKEYPOX_MPXV_gp156	Monkeypox_virus_NC_003310.gtf	span	1	1	1005	1005	0	yes
MONKEYPOX_MPXV_gp157	Monkeypox_virus_NC_003310.gtf	span	1	1	942	942	0	yes
MONKEYPOX_MPXV_gp158	Monkeypox_virus_NC_003310.gtf	span	1	1	900	900	0	yes
MONKEYPOX_MPXV_gp159	Monkeypox_virus_NC_003310.gtf	span	1	1	1512	1512	0	yes
MONKEYPOX_MPXV_gp160	Monkeypox_virus_NC_003310.gtf	span	1	1	1686	1686	0	yes
MONKEYPOX_MPXV_gp161	Monkeypox_virus_NC_003310.gtf	span	1	1	954	954	0	yes
MONKEYPOX_MPXV_gp162	Monkeypox_virus_NC_003310.gtf	span	1	1	531	531	0	yes
MONKEYPOX_MPXV_gp163	Monkeypox_virus_NC_003310.gtf	span	1	1	549	549	0	yes
MONKEYPOX_MPXV_gp164	Monkeypox_virus_NC_003310.gtf	span	1	1	804	804	0	yes
MONKEYPOX_MPXV_gp165	Monkeypox_virus_NC_003310.gtf	span	1	1	666	666	0	yes
MONKEYPOX_MPXV_gp166	Monkeypox_virus_NC_003310.gtf	span	1	1	849	849	0	yes
MONKEYPOX_MPXV_gp167	Monkeypox_virus_NC_003310.gtf	span	1	1	1035	1035	0	yes
MONKEYPOX_MPXV_gp168	Monkeypox_virus_NC_003310.gtf	span	1	1	450	450	0	yes
MONKEYPOX_MPXV_gp169	Monkeypox_virus_NC_003310.gtf	span	1	1	981	981	0	yes
MONKEYPOX_MPXV_gp170	Monkeypox_virus_NC_003310.gtf	span	1	1	1059	1059	0	yes
MONKEYPOX_MPXV_gp171	Monkeypox_virus_NC_003310.gtf	span	1	1	2382	2382	0	yes
MONKEYPOX_MPXV_gp172	Monkeypox_virus_NC_003310.gtf	span	1	1	1074	1074	0	yes
MONKEYPOX_MPXV_gp173	Monkeypox_virus_NC_003310.gtf	span	1	1	573	573	0	yes
MONKEYPOX_MPXV_gp174	Monkeypox_virus_NC_003310.gtf	span	1	1	5640	5640	0	yes
MONKEYPOX_MPXV_gp176	Monkeypox_virus_NC_003310.gtf	span	1	1	462	462	0	yes
MONKEYPOX_MPXV_gp177	Monkeypox_virus_NC_003310.gtf	span	1	1	531	531	0	yes
MONKEYPOX_MPXV_gp178	Monkeypox_virus_NC_003310.gtf	span	1	1	1314	1314	0	yes
MONKEYPOX_MPXV_gp179	Monkeypox_virus_NC_003310.gtf	span	1	1	1764	1764	0	yes
MONKEYPOX_MPXV_gp180	Monkeypox_virus_NC_003310.gtf	span	1	1	1047	1047	0	yes
MONKEYPOX_MPXV_gp181	Monkeypox_virus_NC_003310.gtf	span	1	1	741	741	0	yes
MUMPS_MuVgp1	Mumps_virus_NC_002200.gtf	span	1	1	1650	1650	0	yes
MUMPS_MuVgp2	Mumps_virus_NC_002200.gtf	span	1	1	1174	1174	0	yes
MUMPS_MuVgp3	Mumps_virus_NC_002200.gtf	span	1	1	1128	1128	0	yes
MUMPS_MuVgp4	Mumps_virus_NC_002200.gtf	span	1	1	1617	1617	0	yes
MUMPS_MuVgp5	Mumps_virus_NC_002200.gtf	span	1	1	174	174	0	yes
MUMPS_MuVgp6	Mumps_virus_NC_002200.gtf	span	1	1	1749	1749	0	yes
MUMPS_MuVgp7	Mumps_virus_NC_002200.gtf	span	1	1	6786	6786	0	yes
MUR_VAL_MVEVgp1	Murray_valley_encephalitis_virus_NC_000943.gtf	span	1	1	10305	10305	0	yes
MUR_VAL_MVEVgp2	Murray_valley_encephalitis_virus_NC_000943.gtf	span	1	1	3593	3593	0	yes
NC_024118.1_FD57_gp1	New_Jersey_polyomavirus_2013_NC_024118.gtf	passthrough	1	1	699	699	0	yes
NC_024118.1_FD57_gp2	New_Jersey_polyomavirus_2013_NC_024118.gtf	passthrough	1	1	564	564	0	yes
NC_024118.1_FD57_gp3	New_Jersey_polyomavirus_2013_NC_024118.gtf	passthrough	1	1	1470	1470	0	yes
NC_024118.1_FD57_gp4	New_Jersey_polyomavirus_2013_NC_024118.gtf	passthrough	1	1	2136	2136	0	yes
NC_024118.1_FD57_gp5	New_Jersey_polyomavirus_2013_NC_024118.gtf	passthrough	1	1	900	900	0	yes
NC_024118.1_FD57_gp6	New_Jersey_polyomavirus_2013_NC_024118.gtf	passthrough	1	1	552	552	0	yes
NIPAH_Nvgp1	Nipah_virus_NC_002728.gtf	span	1	1	2242	2242	0	yes
NIPAH_Nvgp2	Nipah_virus_NC_002728.gtf	span	1	1	2704	2704	0	yes
NIPAH_Nvgp3	Nipah_virus_NC_002728.gtf	span	1	1	1359	1359	0	yes
NIPAH_Nvgp4	Nipah_virus_NC_002728.gtf	span	1	1	2337	2337	0	yes
NIPAH_Nvgp5	Nipah_virus_NC_002728.gtf	span	1	1	2546	2546	0	yes
NIPAH_Nvgp6	Nipah_virus_NC_002728.gtf	span	1	1	6955	6955	0	yes
NORWALK_NoVGI_gp1	Norwalk_virus_NC_001959.gtf	span	1	1	5370	5370	0	yes
NORWALK_NoVGI_gp2	Norwalk_virus_NC_001959.gtf	span	1	1	1593	1593	0	yes
NORWALK_NoVGI_gp3	Norwalk_virus_NC_001959.gtf	span	1	1	639	639	0	yes
ONYONG_Ovgp1	O_nyong_nyong_virus_NC_001512.gtf	passthrough	1	1	11835	11835	0	yes
ONYONG_Ovgp2	O_nyong_nyong_virus_NC_001512.gtf	span	1	1	3744	3744	0	yes
ONYONG_Ovgp3	O_nyong_nyong_virus_NC_001512.gtf	span	1	1	2471	2471	0	yes
ONYONG_Ovgs1	O_nyong_nyong_virus_NC_001512.gtf	passthrough	1	1	49	49	0	yes
ORF_ORFVgORF001	Orf_virus_NC_005336.gtf	span	1	1	450	450	0	yes
ORF_ORFVgORF002	Orf_virus_NC_005336.gtf	span	1	1	348	348	0	yes
ORF_ORFVgORF005	Orf_virus_NC_005336.gtf	span	1	1	240	240	0	yes
ORF_ORFVgORF007	Orf_virus_NC_005336.gtf	span	1	1	510	510	0	yes
ORF_ORFVgORF008	Orf_virus_NC_005336.gtf	span	1	1	1593	1593	0	yes
ORF_ORFVgORF009	Orf_virus_NC_005336.gtf	span	1	1	1359	1359	0	yes
ORF_ORFVgORF010	Orf_virus_NC_005336.gtf	span	1	1	1932	1932	0	yes
ORF_ORFVgORF011	Orf_virus_NC_005336.gtf	span	1	1	1137	1137	0	yes
ORF_ORFVgORF012	Orf_virus_NC_005336.gtf	span	1	1	270	270	0	yes
ORF_ORFVgORF013	Orf_virus_NC_005336.gtf	span	1	1	240	240	0	yes
ORF_ORFVgORF014	Orf_virus_NC_005336.gtf	span	1	1	282	282	0	yes
ORF_ORFVgORF015	Orf_virus_NC_005336.gtf	span	1	1	1620	1620	0	yes
ORF_ORFVgORF016	Orf_virus_NC_005336.gtf	span	1	1	780	780	0	yes
ORF_ORFVgORF017	Orf_virus_NC_005336.gtf	span	1	1	318	318	0	yes
ORF_ORFVgORF018	Orf_virus_NC_005336.gtf	span	1	1	1419	1419	0	yes
ORF_ORFVgORF019	Orf_virus_NC_005336.gtf	span	1	1	2178	2178	0	yes
ORF_ORFVgORF020	Orf_virus_NC_005336.gtf	span	1	1	552	552	0	yes
ORF_ORFVgORF021	Orf_virus_NC_005336.gtf	span	1	1	582	582	0	yes
ORF_ORFVgORF022	Orf_virus_NC_005336.gtf	span	1	1	1704	1704	0	yes
ORF_ORFVgORF023	Orf_virus_NC_005336.gtf	span	1	1	819	819	0	yes
ORF_ORFVgORF024	Orf_virus_NC_005336.gtf	span	1	1	879	879	0	yes
ORF_ORFVgORF025	Orf_virus_NC_005336.gtf	span	1	1	3039	3039	0	yes
ORF_ORFVgORF026	Orf_virus_NC_005336.gtf	span	1	1	291	291	0	yes
ORF_ORFVgORF027	Orf_virus_NC_005336.gtf	span	1	1	414	414	0	yes
ORF_ORFVgORF028	Orf_virus_NC_005336.gtf	span	1	1	2130	2130	0	yes
ORF_ORFVgORF029	Orf_virus_NC_005336.gtf	span	1	1	2421	2421	0	yes
ORF_ORFVgORF030	Orf_virus_NC_005336.gtf	span	1	1	966	966	0	yes
ORF_ORFVgORF031	Orf_virus_NC_005336.gtf	span	1	1	213	213	0	yes
ORF_ORFVgORF032	Orf_virus_NC_005336.gtf	span	1	1	858	858	0	yes
ORF_ORFVgORF033	Orf_virus_NC_005336.gtf	span	1	1	237	237	0	yes
ORF_ORFVgORF034	Orf_virus_NC_005336.gtf	span	1	1	1170	1170	0	yes
ORF_ORFVgORF035	Orf_virus_NC_005336.gtf	span	1	1	1293	1293	0	yes
ORF_ORFVgORF036	Orf_virus_NC_005336.gtf	span	1	1	2052	2052	0	yes
ORF_ORFVgORF037	Orf_virus_NC_005336.gtf	span	1	1	1812	1812	0	yes
ORF_ORFVgORF038	Orf_virus_NC_005336.gtf	span	1	1	696	696	0	yes
ORF_ORFVgORF039	Orf_virus_NC_005336.gtf	span	1	1	333	333	0	yes
ORF_ORFVgORF040	Orf_virus_NC_005336.gtf	span	1	1	414	414	0	yes
ORF_ORFVgORF041	Orf_virus_NC_005336.gtf	span	1	1	1359	1359	0	yes
ORF_ORFVgORF042	Orf_virus_NC_005336.gtf	span	1	1	192	192	0	yes
ORF_ORFVgORF043	Orf_virus_NC_005336.gtf	span	1	1	558	558	0	yes
ORF_ORFVgORF044	Orf_virus_NC_005336.gtf	span	1	1	1197	1197	0	yes
ORF_ORFVgORF045	Orf_virus_NC_005336.gtf	span	1	1	801	801	0	yes
ORF_ORFVgORF046	Orf_virus_NC_005336.gtf	span	1	1	1005	1005	0	yes
ORF_ORFVgORF047	Orf_virus_NC_005336.gtf	span	1	1	735	735	0	yes
ORF_ORFVgORF048	Orf_virus_NC_005336.gtf	span	1	1	273	273	0	yes
ORF_ORFVgORF049	Orf_virus_NC_005336.gtf	span	1	1	1254	1254	0	yes
ORF_ORFVgORF050	Orf_virus_NC_005336.gtf	span	1	1	780	780	0	yes
ORF_ORFVgORF051	Orf_virus_NC_005336.gtf	span	1	1	387	387	0	yes
ORF_ORFVgORF052	Orf_virus_NC_005336.gtf	span	1	1	456	456	0	yes
ORF_ORFVgORF053	Orf_virus_NC_005336.gtf	span	1	1	1011	1011	0	yes
ORF_ORFVgORF054	Orf_virus_NC_005336.gtf	span	1	1	561	561	0	yes
ORF_ORFVgORF055	Orf_virus_NC_005336.gtf	span	1	1	504	504	0	yes
ORF_ORFVgORF056	Orf_virus_NC_005336.gtf	span	1	1	3870	3870	0	yes
ORF_ORFVgORF057	Orf_virus_NC_005336.gtf	span	1	1	546	546	0	yes
ORF_ORFVgORF058	Orf_virus_NC_005336.gtf	span	1	1	966	966	0	yes
ORF_ORFVgORF059	Orf_virus_NC_005336.gtf	span	1	1	1029	1029	0	yes
ORF_ORFVgORF060	Orf_virus_NC_005336.gtf	span	1	1	2415	2415	0	yes
ORF_ORFVgORF061	Orf_virus_NC_005336.gtf	span	1	1	684	684	0	yes
ORF_ORFVgORF062	Orf_virus_NC_005336.gtf	span	1	1	957	957	0	yes
ORF_ORFVgORF063	Orf_virus_NC_005336.gtf	span	1	1	417	417	0	yes
ORF_ORFVgORF064	Orf_virus_NC_005336.gtf	span	1	1	2526	2526	0	yes
ORF_ORFVgORF065	Orf_virus_NC_005336.gtf	span	1	1	471	471	0	yes
ORF_ORFVgORF066	Orf_virus_NC_005336.gtf	span	1	1	876	876	0	yes
ORF_ORFVgORF067	Orf_virus_NC_005336.gtf	span	1	1	696	696	0	yes
ORF_ORFVgORF068	Orf_virus_NC_005336.gtf	span	1	1	2364	2364	0	yes
ORF_ORFVgORF069	Orf_virus_NC_005336.gtf	span	1	1	1908	1908	0	yes
ORF_ORFVgORF070	Orf_virus_NC_005336.gtf	span	1	1	573	573	0	yes
ORF_ORFVgORF071	Orf_virus_NC_005336.gtf	span	1	1	675	675	0	yes
ORF_ORFVgORF072	Orf_virus_NC_005336.gtf	span	1	1	1917	1917	0	yes
ORF_ORFVgORF073	Orf_virus_NC_005336.gtf	span	1	1	567	567	0	yes
ORF_ORFVgORF074	Orf_virus_NC_005336.gtf	span	1	1	903	903	0	yes
ORF_ORFVgORF075	Orf_virus_NC_005336.gtf	span	1	1	1638	1638	0	yes
ORF_ORFVgORF076	Orf_virus_NC_005336.gtf	span	1	1	453	453	0	yes
ORF_ORFVgORF077	Orf_virus_NC_005336.gtf	span	1	1	675	675	0	yes
ORF_ORFVgORF078	Orf_virus_NC_005336.gtf	span	1	1	252	252	0	yes
ORF_ORFVgORF079	Orf_virus_NC_005336.gtf	span	1	1	2028	2028	0	yes
ORF_ORFVgORF080	Orf_virus_NC_005336.gtf	span	1	1	987	987	0	yes
ORF_ORFVgORF081	Orf_virus_NC_005336.gtf	span	1	1	522	522	0	yes
ORF_ORFVgORF082	Orf_virus_NC_005336.gtf	span	1	1	1137	1137	0	yes
ORF_ORFVgORF083	Orf_virus_NC_005336.gtf	span	1	1	2526	2526	0	yes
ORF_ORFVgORF084	Orf_virus_NC_005336.gtf	span	1	1	912	912	0	yes
ORF_ORFVgORF085	Orf_virus_NC_005336.gtf	span	1	1	282	282	0	yes
ORF_ORFVgORF086	Orf_virus_NC_005336.gtf	span	1	1	2718	2718	0	yes
ORF_ORFVgORF087	Orf_virus_NC_005336.gtf	span	1	1	1011	1011	0	yes
ORF_ORFVgORF088	Orf_virus_NC_005336.gtf	span	1	1	783	783	0	yes
ORF_ORFVgORF089	Orf_virus_NC_005336.gtf	span	1	1	279	279	0	yes
ORF_ORFVgORF090	Orf_virus_NC_005336.gtf	span	1	1	276	276	0	yes
ORF_ORFVgORF091	Orf_virus_NC_005336.gtf	span	1	1	162	162	0	yes
ORF_ORFVgORF092	Orf_virus_NC_005336.gtf	span	1	1	270	270	0	yes
ORF_ORFVgORF093	Orf_virus_NC_005336.gtf	span	1	1	1077	1077	0	yes
ORF_ORFVgORF094	Orf_virus_NC_005336.gtf	span	1	1	591	591	0	yes
ORF_ORFVgORF095	Orf_virus_NC_005336.gtf	span	1	1	1467	1467	0	yes
ORF_ORFVgORF096	Orf_virus_NC_005336.gtf	span	1	1	273	273	0	yes
ORF_ORFVgORF097	Orf_virus_NC_005336.gtf	span	1	1	1290	1290	0	yes
ORF_ORFVgORF098	Orf_virus_NC_005336.gtf	span	1	1	327	327	0	yes
ORF_ORFVgORF099	Orf_virus_NC_005336.gtf	span	1	1	441	441	0	yes
ORF_ORFVgORF100	Orf_virus_NC_005336.gtf	span	1	1	1143	1143	0	yes
ORF_ORFVgORF101	Orf_virus_NC_005336.gtf	span	1	1	3486	3486	0	yes
ORF_ORFVgORF102	Orf_virus_NC_005336.gtf	span	1	1	1563	1563	0	yes
ORF_ORFVgORF103	Orf_virus_NC_005336.gtf	span	1	1	1551	1551	0	yes
ORF_ORFVgORF104	Orf_virus_NC_005336.gtf	span	1	1	273	273	0	yes
ORF_ORFVgORF105	Orf_virus_NC_005336.gtf	span	1	1	423	423	0	yes
ORF_ORFVgORF106	Orf_virus_NC_005336.gtf	span	1	1	945	945	0	yes
ORF_ORFVgORF107	Orf_virus_NC_005336.gtf	span	1	1	183	183	0	yes
ORF_ORFVgORF108	Orf_virus_NC_005336.gtf	span	1	1	825	825	0	yes
ORF_ORFVgORF109	Orf_virus_NC_005336.gtf	span	1	1	495	495	0	yes
ORF_ORFVgORF110	Orf_virus_NC_005336.gtf	span	1	1	504	504	0	yes
ORF_ORFVgORF111	Orf_virus_NC_005336.gtf	span	1	1	540	540	0	yes
ORF_ORFVgORF112	Orf_virus_NC_005336.gtf	span	1	1	867	867	0	yes
ORF_ORFVgORF113	Orf_virus_NC_005336.gtf	span	1	1	603	603	0	yes
ORF_ORFVgORF114	Orf_virus_NC_005336.gtf	span	1	1	1035	1035	0	yes
ORF_ORFVgORF115	Orf_virus_NC_005336.gtf	span	1	1	450	450	0	yes
ORF_ORFVgORF116	Orf_virus_NC_005336.gtf	span	1	1	621	621	0	yes
ORF_ORFVgORF117	Orf_virus_NC_005336.gtf	span	1	1	798	798	0	yes
ORF_ORFVgORF118	Orf_virus_NC_005336.gtf	span	1	1	309	309	0	yes
ORF_ORFVgORF119	Orf_virus_NC_005336.gtf	span	1	1	621	621	0	yes
ORF_ORFVgORF120	Orf_virus_NC_005336.gtf	span	1	1	585	585	0	yes
ORF_ORFVgORF121	Orf_virus_NC_005336.gtf	span	1	1	909	909	0	yes
ORF_ORFVgORF122	Orf_virus_NC_005336.gtf	span	1	1	972	972	0	yes
ORF_ORFVgORF123	Orf_virus_NC_005336.gtf	span	1	1	1578	1578	0	yes
ORF_ORFVgORF124	Orf_virus_NC_005336.gtf	span	1	1	1599	1599	0	yes
ORF_ORFVgORF125	Orf_virus_NC_005336.gtf	span	1	1	522	522	0	yes
ORF_ORFVgORF126	Orf_virus_NC_005336.gtf	span	1	1	1494	1494	0	yes
ORF_ORFVgORF127	Orf_virus_NC_005336.gtf	span	1	1	555	555	0	yes
ORF_ORFVgORF128	Orf_virus_NC_005336.gtf	span	1	1	1506	1506	0	yes
ORF_ORFVgORF129	Orf_virus_NC_005336.gtf	span	1	1	1551	1551	0	yes
ORF_ORFVgORF130	Orf_virus_NC_005336.gtf	span	1	1	1497	1497	0	yes
ORF_ORFVgORF131	Orf_virus_NC_005336.gtf	span	1	1	681	681	0	yes
ORF_ORFVgORF132	Orf_virus_NC_005336.gtf	span	1	1	450	450	0	yes
ORF_ORFVgORF134	Orf_virus_NC_005336.gtf	span	1	1	450	450	0	yes
OROPOU_OROVsMgp1	Oropouche_virus_NC_005775.gtf	span	1	1	4263	4263	0	yes
OROPOU_OROVsLgp1	Oropouche_virus_NC_005776.gtf	span	1	1	6753	6753	0	yes
OROPOU_OROVsNgp1	Oropouche_virus_NC_005777.gtf	span	1	1	696	696	0	yes
OROPOU_OROVsNgp2	Oropouche_virus_NC_005777.gtf	span	1	1	276	276	0	yes
NC_003466.1_ANDVsSgp1	Orthohantavirus_andesense_NC_003466.gtf	passthrough	1	1	1287	1287	0	yes
NC_003466.1_ANDVsSgp2	Orthohantavirus_andesense_NC_003466.gtf	passthrough	1	1	192	192	0	yes
NC_003467.2_ANDVsMgp1	Orthohantavirus_andesense_NC_003467.gtf	passthrough	1	1	3417	3417	0	yes
NC_003468.2_ANDVsLgp1	Orthohantavirus_andesense_NC_003468.gtf	passthrough	1	1	6462	6462	0	yes
NC_038298.1_D1P25_sSgp1	Orthohantavirus_bayoui_NC_038298.gtf	passthrough	1	1	1287	1287	0	yes
NC_038299.1_D1P25_sLgp1	Orthohantavirus_bayoui_NC_038299.gtf	passthrough	1	1	6462	6462	0	yes
NC_038300.1_D1P25_sMgp1	Orthohantavirus_bayoui_NC_038300.gtf	passthrough	1	1	3426	3426	0	yes
NC_005223.1_PUUVsMgp1	Orthohantavirus_puumalaense_NC_005223.gtf	passthrough	1	1	3447	3447	0	yes
NC_005224.1_PUUVsSgp1	Orthohantavirus_puumalaense_NC_005224.gtf	passthrough	1	1	1302	1302	0	yes
NC_005224.1_PUUVsSgp2	Orthohantavirus_puumalaense_NC_005224.gtf	passthrough	1	1	273	273	0	yes
NC_005225.1_L	Orthohantavirus_puumalaense_NC_005225.gtf	passthrough	1	1	6471	6471	0	yes
NC_005215.1_SNVsMgp1	Orthohantavirus_sinnombreense_NC_005215.gtf	passthrough	1	1	3423	3423	0	yes
NC_005216.1_SNVsSgp1	Orthohantavirus_sinnombreense_NC_005216.gtf	passthrough	1	1	1287	1287	0	yes
NC_005216.1_SNVsSgp2	Orthohantavirus_sinnombreense_NC_005216.gtf	passthrough	1	1	192	192	0	yes
NC_005217.1_SNVsLgp1	Orthohantavirus_sinnombreense_NC_005217.gtf	passthrough	1	1	6462	6462	0	yes
POLIO_PVgp1	Poliovirus_NC_002058.gtf	span	1	1	6630	6630	0	yes
POLIO_unassigned_gene_1	Poliovirus_NC_002058.gtf	passthrough	1	1	88	88	0	yes
POLIO_unassigned_gene_2	Poliovirus_NC_002058.gtf	passthrough	1	1	34	34	0	yes
POLIO_unassigned_gene_3	Poliovirus_NC_002058.gtf	passthrough	1	1	497	497	0	yes
POLIO_unassigned_gene_4	Poliovirus_NC_002058.gtf	passthrough	1	1	71	71	0	yes
HBPV1_HBoV_gp1	Primate_bocaparvovirus_1_NC_007455.gtf	passthrough	1	1	1920	1920	0	yes
HBPV1_HBoV_gp2	Primate_bocaparvovirus_1_NC_007455.gtf	passthrough	1	1	660	660	0	yes
HBPV1_HBoV_gp3	Primate_bocaparvovirus_1_NC_007455.gtf	passthrough	1	1	2016	2016	0	yes
HBPV1_HBoV_gp4	Primate_bocaparvovirus_1_NC_007455.gtf	passthrough	1	1	1629	1629	0	yes
RABIES_RABVgp1	Rabies_virus_NC_001542.gtf	passthrough	1	1	1424	1424	0	yes
RABIES_RABVgp2	Rabies_virus_NC_001542.gtf	passthrough	1	1	991	991	0	yes
RABIES_RABVgp3	Rabies_virus_NC_001542.gtf	passthrough	1	1	805	805	0	yes
RABIES_RABVgp4	Rabies_virus_NC_001542.gtf	passthrough	1	1	1674	1674	0	yes
RABIES_RABVgp5	Rabies_virus_NC_001542.gtf	passthrough	1	1	6476	6476	0	yes
NC_040776.1_EXL02_gp1	Rocio_virus_NC_040776.gtf	passthrough	1	1	10278	10278	0	yes
ROSA_A_EP07_gp1	Rosavirus_A_NC_024070.gtf	span	1	1	7407	7407	0	yes
ROSS_RIVER_RRVgp1	Ross_river_virus_NC_001544.gtf	span	1	1	7443	7443	0	yes
ROSS_RIVER_RRVgp2	Ross_river_virus_NC_001544.gtf	span	1	1	3765	3765	0	yes
ROSS_RIVER_RRVgp3	Ross_river_virus_NC_001544.gtf	span	1	1	2453	2453	0	yes
ROSS_RIVER_RRVgr1	Ross_river_virus_NC_001544.gtf	passthrough	1	1	45	45	0	yes
ROTA_A_unassigned_gene_4	Rotavirus_A_NC_011500.gtf	span	1	1	1491	1491	0	yes
ROTA_A_unassigned_gene_6	Rotavirus_A_NC_011501.gtf	span	1	1	948	948	0	yes
ROTA_A_unassigned_gene_8	Rotavirus_A_NC_011503.gtf	span	1	1	981	981	0	yes
ROTA_A_RVA_s10_gp1	Rotavirus_A_NC_011504.gtf	span	1	1	528	528	0	yes
ROTA_A_RVA_s11_gp1	Rotavirus_A_NC_011505.gtf	span	1	1	597	597	0	yes
ROTA_A_RVA_s11_gp2	Rotavirus_A_NC_011505.gtf	span	1	1	279	279	0	yes
ROTA_A_unassigned_gene_2	Rotavirus_A_NC_011506.gtf	span	1	1	2649	2649	0	yes
ROTA_A_unassigned_gene_1	Rotavirus_A_NC_011507.gtf	span	1	1	3267	3267	0	yes
ROTA_A_unassigned_gene_3	Rotavirus_A_NC_011508.gtf	span	1	1	2508	2508	0	yes
ROTA_A_unassigned_gene_5	Rotavirus_A_NC_011509.gtf	span	1	1	1194	1194	0	yes
ROTA_A_RVA_s4_gp1	Rotavirus_A_NC_011510.gtf	passthrough	1	1	2331	2331	0	yes
ROTA_B_ADRSJV19_s1gp1	Rotavirus_B_NC_007548.gtf	span	1	1	3504	3504	0	yes
ROTA_B_ADRSJV19_s2gp1	Rotavirus_B_NC_007549.gtf	span	1	1	2922	2922	0	yes
ROTA_B_ADRSJV19_s4gp1	Rotavirus_B_NC_007550.gtf	span	1	1	2472	2472	0	yes
ROTA_B_ADRSJV19_s3gp1	Rotavirus_B_NC_007551.gtf	span	1	1	2160	2160	0	yes
ROTA_B_ADRSJV19_s5gp1	Rotavirus_B_NC_007552.gtf	span	1	1	1188	1188	0	yes
ROTA_B_ADRSJV19_s6gp1	Rotavirus_B_NC_007553.gtf	span	1	1	1191	1191	0	yes
ROTA_B_ADRSJV19_s8gp1	Rotavirus_B_NC_007554.gtf	span	1	1	894	894	0	yes
ROTA_B_ADRSJV19_s7gp1	Rotavirus_B_NC_007555.gtf	span	1	1	789	789	0	yes
ROTA_B_ADRSJV19_s9gp1	Rotavirus_B_NC_007556.gtf	span	1	1	777	777	0	yes
ROTA_B_ADRSJV19_s10gp1	Rotavirus_B_NC_007557.gtf	span	1	1	642	642	0	yes
ROTA_B_ADRSJV19_s11gp1	Rotavirus_B_NC_007558.gtf	span	1	1	531	531	0	yes
ROTA_C_HRCV_s6gp1	Rotavirus_C_NC_007543.gtf	span	1	1	1209	1209	0	yes
ROTA_C_HRCV_s7gp1	Rotavirus_C_NC_007544.gtf	span	1	1	1185	1185	0	yes
ROTA_C_HRCV_s9gp1	Rotavirus_C_NC_007545.gtf	span	1	1	939	939	0	yes
ROTA_C_HRCV_s2gp1	Rotavirus_C_NC_007546.gtf	span	1	1	2655	2655	0	yes
ROTA_C_HRCV_s1gp1	Rotavirus_C_NC_007547.gtf	span	1	1	3273	3273	0	yes
ROTA_C_HRCV_s10gp1	Rotavirus_C_NC_007569.gtf	span	1	1	639	639	0	yes
ROTA_C_HRCV_s5gp1	Rotavirus_C_NC_007570.gtf	passthrough	1	1	1353	1353	0	yes
ROTA_C_HRCV_s8gp1	Rotavirus_C_NC_007571.gtf	span	1	1	999	999	0	yes
ROTA_C_HRCV_s3gp1	Rotavirus_C_NC_007572.gtf	span	1	1	2235	2235	0	yes
ROTA_C_HRCV_s11gp1	Rotavirus_C_NC_007573.gtf	span	1	1	453	453	0	yes
ROTA_C_HRCV_s4gp1	Rotavirus_C_NC_007574.gtf	span	1	1	2166	2166	0	yes
RUBELLA_RUBVgp1	Rubella_virus_NC_001545.gtf	span	1	1	6351	6351	0	yes
RUBELLA_RUBVgp2	Rubella_virus_NC_001545.gtf	passthrough	1	1	3328	3328	0	yes
NC_020106.1_H016_gp1	STL_polyomavirus_NC_020106.gtf	passthrough	1	1	912	912	0	yes
NC_020106.1_H016_gp2	STL_polyomavirus_NC_020106.gtf	passthrough	1	1	588	588	0	yes
NC_020106.1_H016_gp3	STL_polyomavirus_NC_020106.gtf	passthrough	1	1	1206	1206	0	yes
NC_020106.1_H016_gp4	STL_polyomavirus_NC_020106.gtf	passthrough	1	1	1980	1980	0	yes
NC_020106.1_H016_gp5	STL_polyomavirus_NC_020106.gtf	passthrough	1	1	690	690	0	yes
NC_020106.1_H016_gp6	STL_polyomavirus_NC_020106.gtf	passthrough	1	1	588	588	0	yes
SALI_A_SalVNG-J1_gp1	Salivirus_A_NC_012957.gtf	span	1	1	7125	7125	0	yes
SAPPORO_SCV12_gp1	Sapporo_virus_NC_006554.gtf	span	1	1	6846	6846	0	yes
SAPPORO_SCV12_gp2	Sapporo_virus_NC_006554.gtf	span	1	1	501	501	0	yes
SEMLIKI_SFVgp1	Semliki_forest_virus_NC_003215.gtf	span	1	1	7296	7296	0	yes
SEMLIKI_SFVgp2	Semliki_forest_virus_NC_003215.gtf	span	1	1	3762	3762	0	yes
SEMLIKI_SFVgp3	Semliki_forest_virus_NC_003215.gtf	span	1	1	2492	2492	0	yes
SEOUL_SEOVsSgp1	Seoul_virus_NC_005236.gtf	span	1	1	1290	1290	0	yes
SEOUL_SEOVsMgp1	Seoul_virus_NC_005237.gtf	span	1	1	3402	3402	0	yes
SEOUL_SEOVsLgp1	Seoul_virus_NC_005238.gtf	span	1	1	6456	6456	0	yes
SARS2_GU280_gp01	Severe_acute_respiratory_syndrome_coronavirus_2_NC_045512.gtf	passthrough	2	2	34508	34508	0	yes
SARS2_GU280_gp02	Severe_acute_respiratory_syndrome_coronavirus_2_NC_045512.gtf	passthrough	1	1	3822	3822	0	yes
SARS2_GU280_gp03	Severe_acute_respiratory_syndrome_coronavirus_2_NC_045512.gtf	passthrough	1	1	828	828	0	yes
SARS2_GU280_gp04	Severe_acute_respiratory_syndrome_coronavirus_2_NC_045512.gtf	passthrough	1	1	228	228	0	yes
SARS2_GU280_gp05	Severe_acute_respiratory_syndrome_coronavirus_2_NC_045512.gtf	passthrough	1	1	669	669	0	yes
SARS2_GU280_gp06	Severe_acute_respiratory_syndrome_coronavirus_2_NC_045512.gtf	passthrough	1	1	186	186	0	yes
SARS2_GU280_gp07	Severe_acute_respiratory_syndrome_coronavirus_2_NC_045512.gtf	passthrough	1	1	366	366	0	yes
SARS2_GU280_gp08	Severe_acute_respiratory_syndrome_coronavirus_2_NC_045512.gtf	passthrough	1	1	132	132	0	yes
SARS2_GU280_gp09	Severe_acute_respiratory_syndrome_coronavirus_2_NC_045512.gtf	passthrough	1	1	366	366	0	yes
SARS2_GU280_gp10	Severe_acute_respiratory_syndrome_coronavirus_2_NC_045512.gtf	passthrough	1	1	1260	1260	0	yes
SARS2_GU280_gp11	Severe_acute_respiratory_syndrome_coronavirus_2_NC_045512.gtf	passthrough	1	1	117	117	0	yes
NC_001669.1_SV40gp1	Simian_virus_40_NC_001669.gtf	passthrough	1	1	72	72	0	yes
NC_001669.1_SV40gp2	Simian_virus_40_NC_001669.gtf	passthrough	1	1	189	189	0	yes
NC_001669.1_SV40gp3	Simian_virus_40_NC_001669.gtf	passthrough	1	1	1059	1059	0	yes
NC_001669.1_SV40gp4	Simian_virus_40_NC_001669.gtf	passthrough	1	1	705	705	0	yes
NC_001669.1_SV40gp5	Simian_virus_40_NC_001669.gtf	passthrough	1	1	1095	1095	0	yes
NC_001669.1_SV40gp6	Simian_virus_40_NC_001669.gtf	passthrough	1	1	2127	2127	0	yes
NC_001669.1_SV40gp7	Simian_virus_40_NC_001669.gtf	passthrough	1	1	525	525	0	yes
NC_001669.1_SV40gs1	Simian_virus_40_NC_001669.gtf	passthrough	1	1	66	66	0	yes
SINDBIS_SINVgp1	Sindbis_virus_NC_001547.gtf	passthrough	1	1	11703	11703	0	yes
SINDBIS_SINVgp2	Sindbis_virus_NC_001547.gtf	span	1	1	5691	5691	0	yes
SINDBIS_SINVgp3	Sindbis_virus_NC_001547.gtf	passthrough	1	1	4106	4106	0	yes
SINDBIS_SINVgp4	Sindbis_virus_NC_001547.gtf	span	1	1	2465	2465	0	yes
ST_LOUIS_SLEV_gp1	St_louis_encephalitis_virus_NC_007580.gtf	span	1	1	10293	10293	0	yes
TICK_POWVgp1	Tick_borne_powassan_virus_NC_003687.gtf	span	1	1	10248	10248	0	yes
D1P66_gp1	Torque teno virus 11.gtf	span	1	1	465	465	0	yes
D1P66_gp2	Torque teno virus 11.gtf	span	1	1	2229	2229	0	yes
TTV12_gp1	Torque teno virus 12.gtf	spliced	1	1	2692	801	1891	no
TTV12_gp2	Torque teno virus 12.gtf	spliced	1	1	2463	819	1644	no
TTV12_gp3	Torque teno virus 12.gtf	span	1	1	393	393	0	yes
TTV12_gp4	Torque teno virus 12.gtf	span	1	1	2235	2235	0	yes
TTV16_gp1	Torque teno virus 16.gtf	span	1	1	471	471	0	yes
TTV16_gp2	Torque teno virus 16.gtf	span	1	1	2286	2286	0	yes
TTV28_gp1	Torque teno virus 28.gtf	spliced	1	1	2614	804	1810	no
TTV28_gp2	Torque teno virus 28.gtf	spliced	1	1	2442	834	1608	no
TTV28_gp3	Torque teno virus 28.gtf	span	1	1	306	306	0	yes
TTV28_gp4	Torque teno virus 28.gtf	span	1	1	2205	2205	0	yes
TTV8_gp1	Torque teno virus 8.gtf	spliced	1	1	2686	840	1846	no
TTV8_gp2	Torque teno virus 8.gtf	spliced	1	1	2451	804	1647	no
TTV8_gp3	Torque teno virus 8.gtf	span	1	1	378	378	0	yes
TTV8_gp4	Torque teno virus 8.gtf	span	1	1	2238	2238	0	yes
TOSCANA_SFNVsSgp1	Toscana_virus_NC_006318.gtf	passthrough	1	1	1869	1869	0	yes
TOSCANA_SFNVsSgp2	Toscana_virus_NC_006318.gtf	span	1	1	762	762	0	yes
TOSCANA_SFNVsLgp1	Toscana_virus_NC_006319.gtf	span	1	1	6288	6288	0	yes
TOSCANA_SFNVsMgp1	Toscana_virus_NC_006320.gtf	passthrough	1	1	4082	4082	0	yes
PV891900.1_XXM69306.1	Toscana_virus_PV891900.gtf	passthrough	1	1	951	951	0	yes
PV891900.1_XXM69307.1	Toscana_virus_PV891900.gtf	passthrough	1	1	762	762	0	yes
PV891901.1_XXM69308.1	Toscana_virus_PV891901.gtf	passthrough	1	1	4014	4014	0	yes
PV891902.1_L	Toscana_virus_PV891902.gtf	passthrough	1	1	6288	6288	0	yes
TSPV_TSaPV_gp1	Trichodysplasia_spinulosa_associated_polyomavirus_NC_014361.gtf	passthrough	1	1	939	939	0	yes
TSPV_TSaPV_gp2	Trichodysplasia_spinulosa_associated_polyomavirus_NC_014361.gtf	passthrough	1	1	585	585	0	yes
TSPV_TSaPV_gp3	Trichodysplasia_spinulosa_associated_polyomavirus_NC_014361.gtf	passthrough	1	1	1128	1128	0	yes
TSPV_TSaPV_gp4	Trichodysplasia_spinulosa_associated_polyomavirus_NC_014361.gtf	passthrough	2	2	2691	2691	0	yes
VACCINIA_VACWR001	Vaccinia_virus_NC_006998.gtf	span	1	1	735	735	0	yes
VACCINIA_VACWR002	Vaccinia_virus_NC_006998.gtf	span	1	1	186	186	0	yes
VACCINIA_VACWR003	Vaccinia_virus_NC_006998.gtf	span	1	1	219	219	0	yes
VACCINIA_VACWR004	Vaccinia_virus_NC_006998.gtf	span	1	1	369	369	0	yes
VACCINIA_VACWR005	Vaccinia_virus_NC_006998.gtf	span	1	1	147	147	0	yes
VACCINIA_VACWR006	Vaccinia_virus_NC_006998.gtf	span	1	1	195	195	0	yes
VACCINIA_VACWR007	Vaccinia_virus_NC_006998.gtf	span	1	1	330	330	0	yes
VACCINIA_VACWR008	Vaccinia_virus_NC_006998.gtf	span	1	1	339	339	0	yes
VACCINIA_VACWR009	Vaccinia_virus_NC_006998.gtf	span	1	1	423	423	0	yes
VACCINIA_VACWR010	Vaccinia_virus_NC_006998.gtf	span	1	1	996	996	0	yes
VACCINIA_VACWR011	Vaccinia_virus_NC_006998.gtf	span	1	1	546	546	0	yes
VACCINIA_VACWR012	Vaccinia_virus_NC_006998.gtf	span	1	1	189	189	0	yes
VACCINIA_VACWR013	Vaccinia_virus_NC_006998.gtf	span	1	1	381	381	0	yes
VACCINIA_VACWR014	Vaccinia_virus_NC_006998.gtf	span	1	1	714	714	0	yes
VACCINIA_VACWR015	Vaccinia_virus_NC_006998.gtf	span	1	1	414	414	0	yes
VACCINIA_VACWR016	Vaccinia_virus_NC_006998.gtf	span	1	1	234	234	0	yes
VACCINIA_VACWR017	Vaccinia_virus_NC_006998.gtf	span	1	1	216	216	0	yes
VACCINIA_VACWR018	Vaccinia_virus_NC_006998.gtf	span	1	1	183	183	0	yes
VACCINIA_VACWR019	Vaccinia_virus_NC_006998.gtf	span	1	1	1905	1905	0	yes
VACCINIA_VACWR020	Vaccinia_virus_NC_006998.gtf	span	1	1	534	534	0	yes
VACCINIA_VACWR021	Vaccinia_virus_NC_006998.gtf	span	1	1	453	453	0	yes
VACCINIA_VACWR022	Vaccinia_virus_NC_006998.gtf	span	1	1	456	456	0	yes
VACCINIA_VACWR023	Vaccinia_virus_NC_006998.gtf	span	1	1	615	615	0	yes
VACCINIA_VACWR024	Vaccinia_virus_NC_006998.gtf	span	1	1	951	951	0	yes
VACCINIA_VACWR025	Vaccinia_virus_NC_006998.gtf	span	1	1	792	792	0	yes
VACCINIA_VACWR026	Vaccinia_virus_NC_006998.gtf	span	1	1	1539	1539	0	yes
VACCINIA_VACWR027	Vaccinia_virus_NC_006998.gtf	span	1	1	690	690	0	yes
VACCINIA_VACWR028	Vaccinia_virus_NC_006998.gtf	span	1	1	354	354	0	yes
VACCINIA_VACWR029	Vaccinia_virus_NC_006998.gtf	span	1	1	528	528	0	yes
VACCINIA_VACWR030	Vaccinia_virus_NC_006998.gtf	span	1	1	1419	1419	0	yes
VACCINIA_VACWR031	Vaccinia_virus_NC_006998.gtf	span	1	1	663	663	0	yes
VACCINIA_VACWR032	Vaccinia_virus_NC_006998.gtf	span	1	1	855	855	0	yes
VACCINIA_VACWR033	Vaccinia_virus_NC_006998.gtf	span	1	1	1110	1110	0	yes
VACCINIA_VACWR034	Vaccinia_virus_NC_006998.gtf	span	1	1	267	267	0	yes
VACCINIA_VACWR035	Vaccinia_virus_NC_006998.gtf	span	1	1	1275	1275	0	yes
VACCINIA_VACWR036	Vaccinia_virus_NC_006998.gtf	span	1	1	135	135	0	yes
VACCINIA_VACWR037	Vaccinia_virus_NC_006998.gtf	span	1	1	405	405	0	yes
VACCINIA_VACWR038	Vaccinia_virus_NC_006998.gtf	span	1	1	246	246	0	yes
VACCINIA_VACWR039	Vaccinia_virus_NC_006998.gtf	span	1	1	450	450	0	yes
VACCINIA_VACWR040	Vaccinia_virus_NC_006998.gtf	span	1	1	681	681	0	yes
VACCINIA_VACWR041	Vaccinia_virus_NC_006998.gtf	span	1	1	444	444	0	yes
VACCINIA_VACWR042	Vaccinia_virus_NC_006998.gtf	span	1	1	1443	1443	0	yes
VACCINIA_VACWR043	Vaccinia_virus_NC_006998.gtf	span	1	1	960	960	0	yes
VACCINIA_VACWR044	Vaccinia_virus_NC_006998.gtf	span	1	1	969	969	0	yes
VACCINIA_VACWR045	Vaccinia_virus_NC_006998.gtf	span	1	1	225	225	0	yes
VACCINIA_VACWR046	Vaccinia_virus_NC_006998.gtf	span	1	1	243	243	0	yes
VACCINIA_VACWR047	Vaccinia_virus_NC_006998.gtf	span	1	1	198	198	0	yes
VACCINIA_VACWR048	Vaccinia_virus_NC_006998.gtf	span	1	1	639	639	0	yes
VACCINIA_VACWR049	Vaccinia_virus_NC_006998.gtf	span	1	1	1320	1320	0	yes
VACCINIA_VACWR050	Vaccinia_virus_NC_006998.gtf	span	1	1	1047	1047	0	yes
VACCINIA_VACWR051	Vaccinia_virus_NC_006998.gtf	span	1	1	1908	1908	0	yes
VACCINIA_VACWR052	Vaccinia_virus_NC_006998.gtf	span	1	1	1119	1119	0	yes
VACCINIA_VACWR053	Vaccinia_virus_NC_006998.gtf	span	1	1	222	222	0	yes
VACCINIA_VACWR053.5	Vaccinia_virus_NC_006998.gtf	span	1	1	150	150	0	yes
VACCINIA_VACWR054	Vaccinia_virus_NC_006998.gtf	span	1	1	444	444	0	yes
VACCINIA_VACWR055	Vaccinia_virus_NC_006998.gtf	span	1	1	696	696	0	yes
VACCINIA_VACWR056	Vaccinia_virus_NC_006998.gtf	span	1	1	306	306	0	yes
VACCINIA_VACWR057	Vaccinia_virus_NC_006998.gtf	span	1	1	1440	1440	0	yes
VACCINIA_VACWR058	Vaccinia_virus_NC_006998.gtf	span	1	1	2214	2214	0	yes
VACCINIA_VACWR059	Vaccinia_virus_NC_006998.gtf	span	1	1	573	573	0	yes
VACCINIA_VACWR060	Vaccinia_virus_NC_006998.gtf	span	1	1	780	780	0	yes
VACCINIA_VACWR061	Vaccinia_virus_NC_006998.gtf	span	1	1	1026	1026	0	yes
VACCINIA_VACWR062	Vaccinia_virus_NC_006998.gtf	span	1	1	1704	1704	0	yes
VACCINIA_VACWR063	Vaccinia_virus_NC_006998.gtf	span	1	1	501	501	0	yes
VACCINIA_VACWR064	Vaccinia_virus_NC_006998.gtf	span	1	1	822	822	0	yes
VACCINIA_VACWR065	Vaccinia_virus_NC_006998.gtf	span	1	1	3021	3021	0	yes
VACCINIA_VACWR066	Vaccinia_virus_NC_006998.gtf	span	1	1	288	288	0	yes
VACCINIA_VACWR067	Vaccinia_virus_NC_006998.gtf	span	1	1	390	390	0	yes
VACCINIA_VACWR068	Vaccinia_virus_NC_006998.gtf	span	1	1	2001	2001	0	yes
VACCINIA_VACWR069	Vaccinia_virus_NC_006998.gtf	span	1	1	327	327	0	yes
VACCINIA_VACWR069.5	Vaccinia_virus_NC_006998.gtf	span	1	1	108	108	0	yes
VACCINIA_VACWR070	Vaccinia_virus_NC_006998.gtf	span	1	1	939	939	0	yes
VACCINIA_VACWR071	Vaccinia_virus_NC_006998.gtf	span	1	1	222	222	0	yes
VACCINIA_VACWR072	Vaccinia_virus_NC_006998.gtf	span	1	1	810	810	0	yes
VACCINIA_VACWR073	Vaccinia_virus_NC_006998.gtf	span	1	1	2316	2316	0	yes
VACCINIA_VACWR074	Vaccinia_virus_NC_006998.gtf	span	1	1	240	240	0	yes
VACCINIA_VACWR075	Vaccinia_virus_NC_006998.gtf	span	1	1	1149	1149	0	yes
VACCINIA_VACWR076	Vaccinia_virus_NC_006998.gtf	span	1	1	1272	1272	0	yes
VACCINIA_VACWR077	Vaccinia_virus_NC_006998.gtf	span	1	1	2031	2031	0	yes
VACCINIA_VACWR078	Vaccinia_virus_NC_006998.gtf	span	1	1	1776	1776	0	yes
VACCINIA_VACWR079	Vaccinia_virus_NC_006998.gtf	span	1	1	336	336	0	yes
VACCINIA_VACWR080	Vaccinia_virus_NC_006998.gtf	span	1	1	663	663	0	yes
VACCINIA_VACWR081	Vaccinia_virus_NC_006998.gtf	span	1	1	375	375	0	yes
VACCINIA_VACWR082	Vaccinia_virus_NC_006998.gtf	span	1	1	1305	1305	0	yes
VACCINIA_VACWR083	Vaccinia_virus_NC_006998.gtf	span	1	1	192	192	0	yes
VACCINIA_VACWR084	Vaccinia_virus_NC_006998.gtf	span	1	1	498	498	0	yes
VACCINIA_VACWR085	Vaccinia_virus_NC_006998.gtf	span	1	1	1116	1116	0	yes
VACCINIA_VACWR086	Vaccinia_virus_NC_006998.gtf	span	1	1	783	783	0	yes
VACCINIA_VACWR087	Vaccinia_virus_NC_006998.gtf	span	1	1	1023	1023	0	yes
VACCINIA_VACWR088	Vaccinia_virus_NC_006998.gtf	span	1	1	753	753	0	yes
VACCINIA_VACWR089	Vaccinia_virus_NC_006998.gtf	span	1	1	264	264	0	yes
VACCINIA_VACWR090	Vaccinia_virus_NC_006998.gtf	span	1	1	1053	1053	0	yes
VACCINIA_VACWR091	Vaccinia_virus_NC_006998.gtf	span	1	1	756	756	0	yes
VACCINIA_VACWR092	Vaccinia_virus_NC_006998.gtf	span	1	1	387	387	0	yes
VACCINIA_VACWR093	Vaccinia_virus_NC_006998.gtf	span	1	1	462	462	0	yes
VACCINIA_VACWR094	Vaccinia_virus_NC_006998.gtf	span	1	1	534	534	0	yes
VACCINIA_VACWR095	Vaccinia_virus_NC_006998.gtf	span	1	1	1002	1002	0	yes
VACCINIA_VACWR096	Vaccinia_virus_NC_006998.gtf	span	1	1	558	558	0	yes
VACCINIA_VACWR097	Vaccinia_virus_NC_006998.gtf	span	1	1	402	402	0	yes
VACCINIA_VACWR098	Vaccinia_virus_NC_006998.gtf	span	1	1	3861	3861	0	yes
VACCINIA_VACWR099	Vaccinia_virus_NC_006998.gtf	span	1	1	516	516	0	yes
VACCINIA_VACWR100	Vaccinia_virus_NC_006998.gtf	span	1	1	570	570	0	yes
VACCINIA_VACWR101	Vaccinia_virus_NC_006998.gtf	span	1	1	975	975	0	yes
VACCINIA_VACWR102	Vaccinia_virus_NC_006998.gtf	span	1	1	2388	2388	0	yes
VACCINIA_VACWR103	Vaccinia_virus_NC_006998.gtf	span	1	1	612	612	0	yes
VACCINIA_VACWR104	Vaccinia_virus_NC_006998.gtf	span	1	1	945	945	0	yes
VACCINIA_VACWR105	Vaccinia_virus_NC_006998.gtf	span	1	1	441	441	0	yes
VACCINIA_VACWR106	Vaccinia_virus_NC_006998.gtf	span	1	1	2535	2535	0	yes
VACCINIA_VACWR107	Vaccinia_virus_NC_006998.gtf	span	1	1	441	441	0	yes
VACCINIA_VACWR108	Vaccinia_virus_NC_006998.gtf	span	1	1	714	714	0	yes
VACCINIA_VACWR109	Vaccinia_virus_NC_006998.gtf	span	1	1	657	657	0	yes
VACCINIA_VACWR110	Vaccinia_virus_NC_006998.gtf	span	1	1	2358	2358	0	yes
VACCINIA_VACWR111	Vaccinia_virus_NC_006998.gtf	span	1	1	1914	1914	0	yes
VACCINIA_VACWR112	Vaccinia_virus_NC_006998.gtf	span	1	1	486	486	0	yes
VACCINIA_VACWR113	Vaccinia_virus_NC_006998.gtf	span	1	1	915	915	0	yes
VACCINIA_VACWR114	Vaccinia_virus_NC_006998.gtf	span	1	1	642	642	0	yes
VACCINIA_VACWR115	Vaccinia_virus_NC_006998.gtf	span	1	1	747	747	0	yes
VACCINIA_VACWR116	Vaccinia_virus_NC_006998.gtf	span	1	1	1896	1896	0	yes
VACCINIA_VACWR117	Vaccinia_virus_NC_006998.gtf	span	1	1	864	864	0	yes
VACCINIA_VACWR118	Vaccinia_virus_NC_006998.gtf	span	1	1	1656	1656	0	yes
VACCINIA_VACWR119	Vaccinia_virus_NC_006998.gtf	span	1	1	453	453	0	yes
VACCINIA_VACWR120	Vaccinia_virus_NC_006998.gtf	span	1	1	675	675	0	yes
VACCINIA_VACWR121	Vaccinia_virus_NC_006998.gtf	span	1	1	231	231	0	yes
VACCINIA_VACWR122	Vaccinia_virus_NC_006998.gtf	span	1	1	1935	1935	0	yes
VACCINIA_VACWR123	Vaccinia_virus_NC_006998.gtf	span	1	1	846	846	0	yes
VACCINIA_VACWR124	Vaccinia_virus_NC_006998.gtf	span	1	1	495	495	0	yes
VACCINIA_VACWR125	Vaccinia_virus_NC_006998.gtf	span	1	1	1119	1119	0	yes
VACCINIA_VACWR126	Vaccinia_virus_NC_006998.gtf	span	1	1	2133	2133	0	yes
VACCINIA_VACWR127	Vaccinia_virus_NC_006998.gtf	span	1	1	867	867	0	yes
VACCINIA_VACWR128	Vaccinia_virus_NC_006998.gtf	span	1	1	327	327	0	yes
VACCINIA_VACWR129	Vaccinia_virus_NC_006998.gtf	span	1	1	2676	2676	0	yes
VACCINIA_VACWR130	Vaccinia_virus_NC_006998.gtf	span	1	1	957	957	0	yes
VACCINIA_VACWR131	Vaccinia_virus_NC_006998.gtf	span	1	1	579	579	0	yes
VACCINIA_VACWR132	Vaccinia_virus_NC_006998.gtf	span	1	1	213	213	0	yes
VACCINIA_VACWR133	Vaccinia_virus_NC_006998.gtf	span	1	1	273	273	0	yes
VACCINIA_VACWR134	Vaccinia_virus_NC_006998.gtf	span	1	1	162	162	0	yes
VACCINIA_VACWR135	Vaccinia_virus_NC_006998.gtf	span	1	1	285	285	0	yes
VACCINIA_VACWR136	Vaccinia_virus_NC_006998.gtf	span	1	1	1134	1134	0	yes
VACCINIA_VACWR137	Vaccinia_virus_NC_006998.gtf	span	1	1	612	612	0	yes
VACCINIA_VACWR138	Vaccinia_virus_NC_006998.gtf	span	1	1	1482	1482	0	yes
VACCINIA_VACWR139	Vaccinia_virus_NC_006998.gtf	span	1	1	234	234	0	yes
VACCINIA_VACWR140	Vaccinia_virus_NC_006998.gtf	span	1	1	354	354	0	yes
VACCINIA_VACWR141	Vaccinia_virus_NC_006998.gtf	span	1	1	1281	1281	0	yes
VACCINIA_VACWR142	Vaccinia_virus_NC_006998.gtf	span	1	1	564	564	0	yes
VACCINIA_VACWR143	Vaccinia_virus_NC_006998.gtf	span	1	1	1149	1149	0	yes
VACCINIA_VACWR144	Vaccinia_virus_NC_006998.gtf	span	1	1	3495	3495	0	yes
VACCINIA_VACWR145	Vaccinia_virus_NC_006998.gtf	span	1	1	198	198	0	yes
VACCINIA_VACWR146	Vaccinia_virus_NC_006998.gtf	span	1	1	465	465	0	yes
VACCINIA_VACWR147	Vaccinia_virus_NC_006998.gtf	span	1	1	684	684	0	yes
VACCINIA_VACWR148	Vaccinia_virus_NC_006998.gtf	span	1	1	2178	2178	0	yes
VACCINIA_VACWR149	Vaccinia_virus_NC_006998.gtf	span	1	1	1503	1503	0	yes
VACCINIA_VACWR150	Vaccinia_virus_NC_006998.gtf	span	1	1	333	333	0	yes
VACCINIA_VACWR151	Vaccinia_virus_NC_006998.gtf	span	1	1	441	441	0	yes
VACCINIA_VACWR152	Vaccinia_virus_NC_006998.gtf	span	1	1	918	918	0	yes
VACCINIA_VACWR153	Vaccinia_virus_NC_006998.gtf	span	1	1	234	234	0	yes
VACCINIA_VACWR153.5	Vaccinia_virus_NC_006998.gtf	span	1	1	1020	1020	0	yes
VACCINIA_VACWR154	Vaccinia_virus_NC_006998.gtf	span	1	1	375	375	0	yes
VACCINIA_VACWR155	Vaccinia_virus_NC_006998.gtf	span	1	1	813	813	0	yes
VACCINIA_VACWR156	Vaccinia_virus_NC_006998.gtf	span	1	1	558	558	0	yes
VACCINIA_VACWR157	Vaccinia_virus_NC_006998.gtf	span	1	1	507	507	0	yes
VACCINIA_VACWR158	Vaccinia_virus_NC_006998.gtf	span	1	1	531	531	0	yes
VACCINIA_VACWR159	Vaccinia_virus_NC_006998.gtf	span	1	1	666	666	0	yes
VACCINIA_VACWR160	Vaccinia_virus_NC_006998.gtf	span	1	1	792	792	0	yes
VACCINIA_VACWR161	Vaccinia_virus_NC_006998.gtf	span	1	1	189	189	0	yes
VACCINIA_VACWR162	Vaccinia_virus_NC_006998.gtf	span	1	1	834	834	0	yes
VACCINIA_VACWR163	Vaccinia_virus_NC_006998.gtf	span	1	1	888	888	0	yes
VACCINIA_VACWR164	Vaccinia_virus_NC_006998.gtf	span	1	1	429	429	0	yes
VACCINIA_VACWR165	Vaccinia_virus_NC_006998.gtf	span	1	1	480	480	0	yes
VACCINIA_VACWR166	Vaccinia_virus_NC_006998.gtf	span	1	1	660	660	0	yes
VACCINIA_VACWR167	Vaccinia_virus_NC_006998.gtf	span	1	1	402	402	0	yes
VACCINIA_VACWR168	Vaccinia_virus_NC_006998.gtf	span	1	1	585	585	0	yes
VACCINIA_VACWR169	Vaccinia_virus_NC_006998.gtf	span	1	1	237	237	0	yes
VACCINIA_VACWR170	Vaccinia_virus_NC_006998.gtf	span	1	1	1041	1041	0	yes
VACCINIA_VACWR171	Vaccinia_virus_NC_006998.gtf	span	1	1	378	378	0	yes
VACCINIA_VACWR172	Vaccinia_virus_NC_006998.gtf	span	1	1	723	723	0	yes
VACCINIA_VACWR173	Vaccinia_virus_NC_006998.gtf	span	1	1	759	759	0	yes
VACCINIA_VACWR174	Vaccinia_virus_NC_006998.gtf	span	1	1	684	684	0	yes
VACCINIA_VACWR175	Vaccinia_virus_NC_006998.gtf	span	1	1	489	489	0	yes
VACCINIA_VACWR176	Vaccinia_virus_NC_006998.gtf	span	1	1	1659	1659	0	yes
VACCINIA_VACWR177	Vaccinia_virus_NC_006998.gtf	span	1	1	1005	1005	0	yes
VACCINIA_VACWR178	Vaccinia_virus_NC_006998.gtf	span	1	1	573	573	0	yes
VACCINIA_VACWR179	Vaccinia_virus_NC_006998.gtf	span	1	1	312	312	0	yes
VACCINIA_VACWR180	Vaccinia_virus_NC_006998.gtf	span	1	1	1695	1695	0	yes
VACCINIA_VACWR181	Vaccinia_virus_NC_006998.gtf	span	1	1	945	945	0	yes
VACCINIA_VACWR181.5	Vaccinia_virus_NC_006998.gtf	span	1	1	114	114	0	yes
VACCINIA_VACWR182	Vaccinia_virus_NC_006998.gtf	span	1	1	456	456	0	yes
VACCINIA_VACWR183	Vaccinia_virus_NC_006998.gtf	span	1	1	903	903	0	yes
VACCINIA_VACWR184	Vaccinia_virus_NC_006998.gtf	span	1	1	660	660	0	yes
VACCINIA_VACWR185	Vaccinia_virus_NC_006998.gtf	span	1	1	504	504	0	yes
VACCINIA_VACWR186	Vaccinia_virus_NC_006998.gtf	span	1	1	1677	1677	0	yes
VACCINIA_VACWR187	Vaccinia_virus_NC_006998.gtf	span	1	1	954	954	0	yes
VACCINIA_VACWR188	Vaccinia_virus_NC_006998.gtf	span	1	1	522	522	0	yes
VACCINIA_VACWR189	Vaccinia_virus_NC_006998.gtf	span	1	1	549	549	0	yes
VACCINIA_VACWR190	Vaccinia_virus_NC_006998.gtf	span	1	1	819	819	0	yes
VACCINIA_VACWR191	Vaccinia_virus_NC_006998.gtf	span	1	1	234	234	0	yes
VACCINIA_VACWR192	Vaccinia_virus_NC_006998.gtf	span	1	1	501	501	0	yes
VACCINIA_VACWR193	Vaccinia_virus_NC_006998.gtf	span	1	1	219	219	0	yes
VACCINIA_VACWR194	Vaccinia_virus_NC_006998.gtf	span	1	1	852	852	0	yes
VACCINIA_VACWR195	Vaccinia_virus_NC_006998.gtf	span	1	1	1038	1038	0	yes
VACCINIA_VACWR196	Vaccinia_virus_NC_006998.gtf	span	1	1	450	450	0	yes
VACCINIA_VACWR197	Vaccinia_virus_NC_006998.gtf	span	1	1	981	981	0	yes
VACCINIA_VACWR198	Vaccinia_virus_NC_006998.gtf	span	1	1	1023	1023	0	yes
VACCINIA_VACWR199	Vaccinia_virus_NC_006998.gtf	span	1	1	1725	1725	0	yes
VACCINIA_VACWR200	Vaccinia_virus_NC_006998.gtf	span	1	1	1056	1056	0	yes
VACCINIA_VACWR201	Vaccinia_virus_NC_006998.gtf	span	1	1	171	171	0	yes
VACCINIA_VACWR202	Vaccinia_virus_NC_006998.gtf	span	1	1	162	162	0	yes
VACCINIA_VACWR203	Vaccinia_virus_NC_006998.gtf	span	1	1	930	930	0	yes
VACCINIA_VACWR204	Vaccinia_virus_NC_006998.gtf	span	1	1	405	405	0	yes
VACCINIA_VACWR204.5	Vaccinia_virus_NC_006998.gtf	span	1	1	114	114	0	yes
VACCINIA_VACWR205	Vaccinia_virus_NC_006998.gtf	span	1	1	1062	1062	0	yes
VACCINIA_VACWR206	Vaccinia_virus_NC_006998.gtf	span	1	1	573	573	0	yes
VACCINIA_VACWR207	Vaccinia_virus_NC_006998.gtf	span	1	1	189	189	0	yes
VACCINIA_VACWR208	Vaccinia_virus_NC_006998.gtf	span	1	1	555	555	0	yes
VACCINIA_VACWR209	Vaccinia_virus_NC_006998.gtf	span	1	1	996	996	0	yes
VACCINIA_VACWR210	Vaccinia_virus_NC_006998.gtf	span	1	1	423	423	0	yes
VACCINIA_VACWR211	Vaccinia_virus_NC_006998.gtf	span	1	1	339	339	0	yes
VACCINIA_VACWR212	Vaccinia_virus_NC_006998.gtf	span	1	1	330	330	0	yes
VACCINIA_VACWR213	Vaccinia_virus_NC_006998.gtf	span	1	1	195	195	0	yes
VACCINIA_VACWR214	Vaccinia_virus_NC_006998.gtf	span	1	1	147	147	0	yes
VACCINIA_VACWR215	Vaccinia_virus_NC_006998.gtf	span	1	1	369	369	0	yes
VACCINIA_VACWR216	Vaccinia_virus_NC_006998.gtf	span	1	1	219	219	0	yes
VACCINIA_VACWR217	Vaccinia_virus_NC_006998.gtf	span	1	1	186	186	0	yes
VACCINIA_VACWR218	Vaccinia_virus_NC_006998.gtf	span	1	1	735	735	0	yes
VARICELLA_HHV3_gp01	Varicella_zoster_virus_NC_001348.gtf	span	1	1	888	888	0	yes
VARICELLA_HHV3_gp02	Varicella_zoster_virus_NC_001348.gtf	span	1	1	328	328	0	yes
VARICELLA_HHV3_gp03	Varicella_zoster_virus_NC_001348.gtf	span	1	1	729	729	0	yes
VARICELLA_HHV3_gp04	Varicella_zoster_virus_NC_001348.gtf	span	1	1	558	558	0	yes
VARICELLA_HHV3_gp05	Varicella_zoster_virus_NC_001348.gtf	span	1	1	1365	1365	0	yes
VARICELLA_HHV3_gp06	Varicella_zoster_virus_NC_001348.gtf	span	1	1	2498	2498	0	yes
VARICELLA_HHV3_gp07	Varicella_zoster_virus_NC_001348.gtf	span	1	1	5801	5801	0	yes
VARICELLA_HHV3_gp08	Varicella_zoster_virus_NC_001348.gtf	span	1	1	793	793	0	yes
VARICELLA_HHV3_gp09	Varicella_zoster_virus_NC_001348.gtf	span	1	1	1242	1242	0	yes
VARICELLA_HHV3_gp10.5	Varicella_zoster_virus_NC_001348.gtf	span	1	1	1323	1323	0	yes
VARICELLA_HHV3_gp11	Varicella_zoster_virus_NC_001348.gtf	span	1	1	956	956	0	yes
VARICELLA_HHV3_gp12	Varicella_zoster_virus_NC_001348.gtf	span	1	1	1262	1262	0	yes
VARICELLA_HHV3_gp13	Varicella_zoster_virus_NC_001348.gtf	span	1	1	2533	2533	0	yes
VARICELLA_HHV3_gp14	Varicella_zoster_virus_NC_001348.gtf	span	1	1	3183	3183	0	yes
VARICELLA_HHV3_gp15	Varicella_zoster_virus_NC_001348.gtf	span	1	1	956	956	0	yes
VARICELLA_HHV3_gp16	Varicella_zoster_virus_NC_001348.gtf	span	1	1	1772	1772	0	yes
VARICELLA_HHV3_gp17	Varicella_zoster_virus_NC_001348.gtf	span	1	1	1235	1235	0	yes
VARICELLA_HHV3_gp18	Varicella_zoster_virus_NC_001348.gtf	span	1	1	2551	2551	0	yes
VARICELLA_HHV3_gp19	Varicella_zoster_virus_NC_001348.gtf	span	1	1	1369	1369	0	yes
VARICELLA_HHV3_gp20	Varicella_zoster_virus_NC_001348.gtf	span	1	1	944	944	0	yes
VARICELLA_HHV3_gp21	Varicella_zoster_virus_NC_001348.gtf	span	1	1	3296	3296	0	yes
VARICELLA_HHV3_gp22	Varicella_zoster_virus_NC_001348.gtf	span	1	1	1471	1471	0	yes
VARICELLA_HHV3_gp23	Varicella_zoster_virus_NC_001348.gtf	span	1	1	3147	3147	0	yes
VARICELLA_HHV3_gp24	Varicella_zoster_virus_NC_001348.gtf	span	1	1	8308	8308	0	yes
VARICELLA_HHV3_gp25	Varicella_zoster_virus_NC_001348.gtf	span	1	1	713	713	0	yes
VARICELLA_HHV3_gp26	Varicella_zoster_virus_NC_001348.gtf	span	1	1	811	811	0	yes
VARICELLA_HHV3_gp27	Varicella_zoster_virus_NC_001348.gtf	span	1	1	488	488	0	yes
VARICELLA_HHV3_gp28	Varicella_zoster_virus_NC_001348.gtf	span	1	1	2738	2738	0	yes
VARICELLA_HHV3_gp29	Varicella_zoster_virus_NC_001348.gtf	span	1	1	1054	1054	0	yes
VARICELLA_HHV3_gp30	Varicella_zoster_virus_NC_001348.gtf	span	1	1	3606	3606	0	yes
VARICELLA_HHV3_gp31	Varicella_zoster_virus_NC_001348.gtf	span	1	1	3667	3667	0	yes
VARICELLA_HHV3_gp32	Varicella_zoster_virus_NC_001348.gtf	span	1	1	4998	4998	0	yes
VARICELLA_HHV3_gp33	Varicella_zoster_virus_NC_001348.gtf	span	1	1	2830	2830	0	yes
VARICELLA_HHV3_gp34	Varicella_zoster_virus_NC_001348.gtf	span	1	1	448	448	0	yes
VARICELLA_HHV3_gp35	Varicella_zoster_virus_NC_001348.gtf	span	1	1	1830	1830	0	yes
VARICELLA_HHV3_gp35.5	Varicella_zoster_virus_NC_001348.gtf	span	1	1	921	921	0	yes
VARICELLA_HHV3_gp36	Varicella_zoster_virus_NC_001348.gtf	span	1	1	3602	3602	0	yes
VARICELLA_HHV3_gp37	Varicella_zoster_virus_NC_001348.gtf	span	1	1	4445	4445	0	yes
VARICELLA_HHV3_gp38	Varicella_zoster_virus_NC_001348.gtf	passthrough	1	1	1501	1501	0	yes
VARICELLA_HHV3_gp39	Varicella_zoster_virus_NC_001348.gtf	span	1	1	2543	2543	0	yes
VARICELLA_HHV3_gp40	Varicella_zoster_virus_NC_001348.gtf	span	1	1	1647	1647	0	yes
VARICELLA_HHV3_gp41	Varicella_zoster_virus_NC_001348.gtf	span	1	1	683	683	0	yes
VARICELLA_HHV3_gp42	Varicella_zoster_virus_NC_001348.gtf	span	1	1	4224	4224	0	yes
VARICELLA_HHV3_gp43	Varicella_zoster_virus_NC_001348.gtf	span	1	1	966	966	0	yes
VARICELLA_HHV3_gp44	Varicella_zoster_virus_NC_001348.gtf	spliced	1	1	5744	2245	3499	no
VARICELLA_HHV3_gp45	Varicella_zoster_virus_NC_001348.gtf	span	1	1	2032	2032	0	yes
VARICELLA_HHV3_gp46	Varicella_zoster_virus_NC_001348.gtf	span	1	1	1155	1155	0	yes
VARICELLA_HHV3_gp47	Varicella_zoster_virus_NC_001348.gtf	span	1	1	3786	3786	0	yes
VARICELLA_HHV3_gp48	Varicella_zoster_virus_NC_001348.gtf	span	1	1	3337	3337	0	yes
VARICELLA_HHV3_gp49	Varicella_zoster_virus_NC_001348.gtf	span	1	1	1838	1838	0	yes
VARICELLA_HHV3_gp50	Varicella_zoster_virus_NC_001348.gtf	span	1	1	279	279	0	yes
VARICELLA_HHV3_gp51	Varicella_zoster_virus_NC_001348.gtf	span	1	1	1342	1342	0	yes
VARICELLA_HHV3_gp52	Varicella_zoster_virus_NC_001348.gtf	span	1	1	4966	4966	0	yes
VARICELLA_HHV3_gp53	Varicella_zoster_virus_NC_001348.gtf	span	1	1	2354	2354	0	yes
VARICELLA_HHV3_gp54	Varicella_zoster_virus_NC_001348.gtf	span	1	1	1001	1001	0	yes
VARICELLA_HHV3_gp55	Varicella_zoster_virus_NC_001348.gtf	span	1	1	3135	3135	0	yes
VARICELLA_HHV3_gp56	Varicella_zoster_virus_NC_001348.gtf	span	1	1	3363	3363	0	yes
VARICELLA_HHV3_gp57	Varicella_zoster_virus_NC_001348.gtf	span	1	1	647	647	0	yes
VARICELLA_HHV3_gp58	Varicella_zoster_virus_NC_001348.gtf	span	1	1	240	240	0	yes
VARICELLA_HHV3_gp59	Varicella_zoster_virus_NC_001348.gtf	span	1	1	886	886	0	yes
VARICELLA_HHV3_gp60	Varicella_zoster_virus_NC_001348.gtf	span	1	1	1833	1833	0	yes
VARICELLA_HHV3_gp61	Varicella_zoster_virus_NC_001348.gtf	span	1	1	2263	2263	0	yes
VARICELLA_HHV3_gp62	Varicella_zoster_virus_NC_001348.gtf	span	1	1	1485	1485	0	yes
VARICELLA_HHV3_gp63	Varicella_zoster_virus_NC_001348.gtf	span	1	1	3993	3993	0	yes
VARICELLA_HHV3_gp64	Varicella_zoster_virus_NC_001348.gtf	span	1	1	851	851	0	yes
VARICELLA_HHV3_gp65	Varicella_zoster_virus_NC_001348.gtf	span	1	1	577	577	0	yes
VARICELLA_HHV3_gp66	Varicella_zoster_virus_NC_001348.gtf	span	1	1	465	465	0	yes
VARICELLA_HHV3_gp67	Varicella_zoster_virus_NC_001348.gtf	span	1	1	1205	1205	0	yes
VARICELLA_HHV3_gp68	Varicella_zoster_virus_NC_001348.gtf	span	1	1	1097	1097	0	yes
VARICELLA_HHV3_gp69	Varicella_zoster_virus_NC_001348.gtf	span	1	1	1914	1914	0	yes
VARICELLA_HHV3_gp70	Varicella_zoster_virus_NC_001348.gtf	span	1	1	577	577	0	yes
VARICELLA_HHV3_gp71	Varicella_zoster_virus_NC_001348.gtf	span	1	1	851	851	0	yes
VARICELLA_HHV3_gp72	Varicella_zoster_virus_NC_001348.gtf	span	1	1	3993	3993	0	yes
VARIOLA_VARVgp001	Variola_virus_NC_001611.gtf	span	1	1	462	462	0	yes
VARIOLA_VARVgp002	Variola_virus_NC_001611.gtf	span	1	1	423	423	0	yes
VARIOLA_VARVgp003	Variola_virus_NC_001611.gtf	span	1	1	993	993	0	yes
VARIOLA_VARVgp004	Variola_virus_NC_001611.gtf	span	1	1	729	729	0	yes
VARIOLA_VARVgp005	Variola_virus_NC_001611.gtf	span	1	1	381	381	0	yes
VARIOLA_VARVgp006	Variola_virus_NC_001611.gtf	span	1	1	1359	1359	0	yes
VARIOLA_VARVgp007	Variola_virus_NC_001611.gtf	span	1	1	462	462	0	yes
VARIOLA_VARVgp008	Variola_virus_NC_001611.gtf	span	1	1	453	453	0	yes
VARIOLA_VARVgp009	Variola_virus_NC_001611.gtf	span	1	1	471	471	0	yes
VARIOLA_VARVgp010	Variola_virus_NC_001611.gtf	span	1	1	405	405	0	yes
VARIOLA_VARVgp011	Variola_virus_NC_001611.gtf	span	1	1	951	951	0	yes
VARIOLA_VARVgp012	Variola_virus_NC_001611.gtf	span	1	1	792	792	0	yes
VARIOLA_VARVgp013	Variola_virus_NC_001611.gtf	span	1	1	606	606	0	yes
VARIOLA_VARVgp014	Variola_virus_NC_001611.gtf	span	1	1	240	240	0	yes
VARIOLA_VARVgp015	Variola_virus_NC_001611.gtf	span	1	1	645	645	0	yes
VARIOLA_VARVgp016	Variola_virus_NC_001611.gtf	span	1	1	354	354	0	yes
VARIOLA_VARVgp017	Variola_virus_NC_001611.gtf	span	1	1	534	534	0	yes
VARIOLA_VARVgp018	Variola_virus_NC_001611.gtf	span	1	1	1341	1341	0	yes
VARIOLA_VARVgp019	Variola_virus_NC_001611.gtf	span	1	1	663	663	0	yes
VARIOLA_VARVgp020	Variola_virus_NC_001611.gtf	span	1	1	213	213	0	yes
VARIOLA_VARVgp021	Variola_virus_NC_001611.gtf	span	1	1	201	201	0	yes
VARIOLA_VARVgp022	Variola_virus_NC_001611.gtf	span	1	1	1122	1122	0	yes
VARIOLA_VARVgp023	Variola_virus_NC_001611.gtf	span	1	1	267	267	0	yes
VARIOLA_VARVgp024	Variola_virus_NC_001611.gtf	span	1	1	450	450	0	yes
VARIOLA_VARVgp025	Variola_virus_NC_001611.gtf	span	1	1	756	756	0	yes
VARIOLA_VARVgp026	Variola_virus_NC_001611.gtf	span	1	1	444	444	0	yes
VARIOLA_VARVgp027	Variola_virus_NC_001611.gtf	span	1	1	540	540	0	yes
VARIOLA_VARVgp028	Variola_virus_NC_001611.gtf	span	1	1	960	960	0	yes
VARIOLA_VARVgp029	Variola_virus_NC_001611.gtf	span	1	1	1047	1047	0	yes
VARIOLA_VARVgp030	Variola_virus_NC_001611.gtf	span	1	1	219	219	0	yes
VARIOLA_VARVgp031	Variola_virus_NC_001611.gtf	span	1	1	240	240	0	yes
VARIOLA_VARVgp032	Variola_virus_NC_001611.gtf	span	1	1	198	198	0	yes
VARIOLA_VARVgp033	Variola_virus_NC_001611.gtf	span	1	1	639	639	0	yes
VARIOLA_VARVgp034	Variola_virus_NC_001611.gtf	span	1	1	1320	1320	0	yes
VARIOLA_VARVgp035	Variola_virus_NC_001611.gtf	span	1	1	1065	1065	0	yes
VARIOLA_VARVgp036	Variola_virus_NC_001611.gtf	span	1	1	1908	1908	0	yes
VARIOLA_VARVgp037	Variola_virus_NC_001611.gtf	span	1	1	1119	1119	0	yes
VARIOLA_VARVgp038	Variola_virus_NC_001611.gtf	span	1	1	222	222	0	yes
VARIOLA_VARVgp039	Variola_virus_NC_001611.gtf	span	1	1	486	486	0	yes
VARIOLA_VARVgp040	Variola_virus_NC_001611.gtf	span	1	1	696	696	0	yes
VARIOLA_VARVgp041	Variola_virus_NC_001611.gtf	span	1	1	306	306	0	yes
VARIOLA_VARVgp042	Variola_virus_NC_001611.gtf	span	1	1	1440	1440	0	yes
VARIOLA_VARVgp043	Variola_virus_NC_001611.gtf	span	1	1	2214	2214	0	yes
VARIOLA_VARVgp044	Variola_virus_NC_001611.gtf	span	1	1	573	573	0	yes
VARIOLA_VARVgp045	Variola_virus_NC_001611.gtf	span	1	1	780	780	0	yes
VARIOLA_VARVgp046	Variola_virus_NC_001611.gtf	span	1	1	1026	1026	0	yes
VARIOLA_VARVgp047	Variola_virus_NC_001611.gtf	span	1	1	1704	1704	0	yes
VARIOLA_VARVgp048	Variola_virus_NC_001611.gtf	span	1	1	183	183	0	yes
VARIOLA_VARVgp049	Variola_virus_NC_001611.gtf	span	1	1	822	822	0	yes
VARIOLA_VARVgp050	Variola_virus_NC_001611.gtf	span	1	1	3018	3018	0	yes
VARIOLA_VARVgp051	Variola_virus_NC_001611.gtf	span	1	1	288	288	0	yes
VARIOLA_VARVgp052	Variola_virus_NC_001611.gtf	span	1	1	390	390	0	yes
VARIOLA_VARVgp053	Variola_virus_NC_001611.gtf	span	1	1	2001	2001	0	yes
VARIOLA_VARVgp054	Variola_virus_NC_001611.gtf	span	1	1	327	327	0	yes
VARIOLA_VARVgp055	Variola_virus_NC_001611.gtf	span	1	1	939	939	0	yes
VARIOLA_VARVgp056	Variola_virus_NC_001611.gtf	span	1	1	222	222	0	yes
VARIOLA_VARVgp057	Variola_virus_NC_001611.gtf	span	1	1	810	810	0	yes
VARIOLA_VARVgp058	Variola_virus_NC_001611.gtf	span	1	1	2316	2316	0	yes
VARIOLA_VARVgp059	Variola_virus_NC_001611.gtf	span	1	1	240	240	0	yes
VARIOLA_VARVgp060	Variola_virus_NC_001611.gtf	span	1	1	1149	1149	0	yes
VARIOLA_VARVgp061	Variola_virus_NC_001611.gtf	span	1	1	1272	1272	0	yes
VARIOLA_VARVgp062	Variola_virus_NC_001611.gtf	span	1	1	2031	2031	0	yes
VARIOLA_VARVgp063	Variola_virus_NC_001611.gtf	span	1	1	1776	1776	0	yes
VARIOLA_VARVgp064	Variola_virus_NC_001611.gtf	span	1	1	336	336	0	yes
VARIOLA_VARVgp065	Variola_virus_NC_001611.gtf	span	1	1	663	663	0	yes
VARIOLA_VARVgp066	Variola_virus_NC_001611.gtf	span	1	1	375	375	0	yes
VARIOLA_VARVgp067	Variola_virus_NC_001611.gtf	span	1	1	1305	1305	0	yes
VARIOLA_VARVgp068	Variola_virus_NC_001611.gtf	span	1	1	192	192	0	yes
VARIOLA_VARVgp069	Variola_virus_NC_001611.gtf	span	1	1	498	498	0	yes
VARIOLA_VARVgp070	Variola_virus_NC_001611.gtf	span	1	1	1116	1116	0	yes
VARIOLA_VARVgp071	Variola_virus_NC_001611.gtf	span	1	1	783	783	0	yes
VARIOLA_VARVgp072	Variola_virus_NC_001611.gtf	span	1	1	1023	1023	0	yes
VARIOLA_VARVgp073	Variola_virus_NC_001611.gtf	span	1	1	753	753	0	yes
VARIOLA_VARVgp074	Variola_virus_NC_001611.gtf	span	1	1	264	264	0	yes
VARIOLA_VARVgp075	Variola_virus_NC_001611.gtf	span	1	1	1050	1050	0	yes
VARIOLA_VARVgp076	Variola_virus_NC_001611.gtf	span	1	1	756	756	0	yes
VARIOLA_VARVgp077	Variola_virus_NC_001611.gtf	span	1	1	387	387	0	yes
VARIOLA_VARVgp078	Variola_virus_NC_001611.gtf	span	1	1	480	480	0	yes
VARIOLA_VARVgp079	Variola_virus_NC_001611.gtf	span	1	1	534	534	0	yes
VARIOLA_VARVgp080	Variola_virus_NC_001611.gtf	span	1	1	1002	1002	0	yes
VARIOLA_VARVgp081	Variola_virus_NC_001611.gtf	span	1	1	558	558	0	yes
VARIOLA_VARVgp082	Variola_virus_NC_001611.gtf	span	1	1	402	402	0	yes
VARIOLA_VARVgp083	Variola_virus_NC_001611.gtf	span	1	1	3861	3861	0	yes
VARIOLA_VARVgp084	Variola_virus_NC_001611.gtf	span	1	1	516	516	0	yes
VARIOLA_VARVgp085	Variola_virus_NC_001611.gtf	span	1	1	570	570	0	yes
VARIOLA_VARVgp086	Variola_virus_NC_001611.gtf	span	1	1	978	978	0	yes
VARIOLA_VARVgp087	Variola_virus_NC_001611.gtf	span	1	1	2388	2388	0	yes
VARIOLA_VARVgp088	Variola_virus_NC_001611.gtf	span	1	1	666	666	0	yes
VARIOLA_VARVgp089	Variola_virus_NC_001611.gtf	span	1	1	945	945	0	yes
VARIOLA_VARVgp090	Variola_virus_NC_001611.gtf	span	1	1	441	441	0	yes
VARIOLA_VARVgp091	Variola_virus_NC_001611.gtf	span	1	1	2535	2535	0	yes
VARIOLA_VARVgp092	Variola_virus_NC_001611.gtf	span	1	1	441	441	0	yes
VARIOLA_VARVgp093	Variola_virus_NC_001611.gtf	span	1	1	714	714	0	yes
VARIOLA_VARVgp094	Variola_virus_NC_001611.gtf	span	1	1	657	657	0	yes
VARIOLA_VARVgp095	Variola_virus_NC_001611.gtf	span	1	1	2358	2358	0	yes
VARIOLA_VARVgp096	Variola_virus_NC_001611.gtf	span	1	1	1914	1914	0	yes
VARIOLA_VARVgp097	Variola_virus_NC_001611.gtf	span	1	1	486	486	0	yes
VARIOLA_VARVgp098	Variola_virus_NC_001611.gtf	span	1	1	915	915	0	yes
VARIOLA_VARVgp099	Variola_virus_NC_001611.gtf	span	1	1	642	642	0	yes
VARIOLA_VARVgp100	Variola_virus_NC_001611.gtf	span	1	1	747	747	0	yes
VARIOLA_VARVgp101	Variola_virus_NC_001611.gtf	span	1	1	1896	1896	0	yes
VARIOLA_VARVgp102	Variola_virus_NC_001611.gtf	span	1	1	864	864	0	yes
VARIOLA_VARVgp103	Variola_virus_NC_001611.gtf	span	1	1	1656	1656	0	yes
VARIOLA_VARVgp104	Variola_virus_NC_001611.gtf	span	1	1	453	453	0	yes
VARIOLA_VARVgp105	Variola_virus_NC_001611.gtf	span	1	1	675	675	0	yes
VARIOLA_VARVgp106	Variola_virus_NC_001611.gtf	span	1	1	231	231	0	yes
VARIOLA_VARVgp107	Variola_virus_NC_001611.gtf	span	1	1	1935	1935	0	yes
VARIOLA_VARVgp108	Variola_virus_NC_001611.gtf	span	1	1	816	816	0	yes
VARIOLA_VARVgp109	Variola_virus_NC_001611.gtf	span	1	1	495	495	0	yes
VARIOLA_VARVgp110	Variola_virus_NC_001611.gtf	span	1	1	1119	1119	0	yes
VARIOLA_VARVgp111	Variola_virus_NC_001611.gtf	span	1	1	2133	2133	0	yes
VARIOLA_VARVgp112	Variola_virus_NC_001611.gtf	span	1	1	867	867	0	yes
VARIOLA_VARVgp113	Variola_virus_NC_001611.gtf	span	1	1	288	288	0	yes
VARIOLA_VARVgp114	Variola_virus_NC_001611.gtf	span	1	1	2679	2679	0	yes
VARIOLA_VARVgp115	Variola_virus_NC_001611.gtf	span	1	1	960	960	0	yes
VARIOLA_VARVgp116	Variola_virus_NC_001611.gtf	span	1	1	570	570	0	yes
VARIOLA_VARVgp117	Variola_virus_NC_001611.gtf	span	1	1	207	207	0	yes
VARIOLA_VARVgp118	Variola_virus_NC_001611.gtf	span	1	1	273	273	0	yes
VARIOLA_VARVgp119	Variola_virus_NC_001611.gtf	span	1	1	285	285	0	yes
VARIOLA_VARVgp120	Variola_virus_NC_001611.gtf	span	1	1	1134	1134	0	yes
VARIOLA_VARVgp121	Variola_virus_NC_001611.gtf	span	1	1	612	612	0	yes
VARIOLA_VARVgp122	Variola_virus_NC_001611.gtf	span	1	1	1482	1482	0	yes
VARIOLA_VARVgp123	Variola_virus_NC_001611.gtf	span	1	1	231	231	0	yes
VARIOLA_VARVgp124	Variola_virus_NC_001611.gtf	span	1	1	354	354	0	yes
VARIOLA_VARVgp125	Variola_virus_NC_001611.gtf	span	1	1	1281	1281	0	yes
VARIOLA_VARVgp126	Variola_virus_NC_001611.gtf	span	1	1	564	564	0	yes
VARIOLA_VARVgp127	Variola_virus_NC_001611.gtf	span	1	1	1149	1149	0	yes
VARIOLA_VARVgp128	Variola_virus_NC_001611.gtf	span	1	1	3495	3495	0	yes
VARIOLA_VARVgp129	Variola_virus_NC_001611.gtf	span	1	1	291	291	0	yes
VARIOLA_VARVgp130	Variola_virus_NC_001611.gtf	span	1	1	198	198	0	yes
VARIOLA_VARVgp131	Variola_virus_NC_001611.gtf	span	1	1	585	585	0	yes
VARIOLA_VARVgp132	Variola_virus_NC_001611.gtf	span	1	1	2109	2109	0	yes
VARIOLA_VARVgp133	Variola_virus_NC_001611.gtf	span	1	1	1497	1497	0	yes
VARIOLA_VARVgp134	Variola_virus_NC_001611.gtf	span	1	1	333	333	0	yes
VARIOLA_VARVgp135	Variola_virus_NC_001611.gtf	span	1	1	441	441	0	yes
VARIOLA_VARVgp136	Variola_virus_NC_001611.gtf	span	1	1	918	918	0	yes
VARIOLA_VARVgp137	Variola_virus_NC_001611.gtf	span	1	1	234	234	0	yes
VARIOLA_VARVgp138	Variola_virus_NC_001611.gtf	span	1	1	423	423	0	yes
VARIOLA_VARVgp139	Variola_virus_NC_001611.gtf	span	1	1	813	813	0	yes
VARIOLA_VARVgp140	Variola_virus_NC_001611.gtf	span	1	1	555	555	0	yes
VARIOLA_VARVgp141	Variola_virus_NC_001611.gtf	span	1	1	507	507	0	yes
VARIOLA_VARVgp142	Variola_virus_NC_001611.gtf	span	1	1	183	183	0	yes
VARIOLA_VARVgp143	Variola_virus_NC_001611.gtf	span	1	1	651	651	0	yes
VARIOLA_VARVgp144	Variola_virus_NC_001611.gtf	span	1	1	234	234	0	yes
VARIOLA_VARVgp145	Variola_virus_NC_001611.gtf	span	1	1	207	207	0	yes
VARIOLA_VARVgp146	Variola_virus_NC_001611.gtf	span	1	1	189	189	0	yes
VARIOLA_VARVgp147	Variola_virus_NC_001611.gtf	span	1	1	834	834	0	yes
VARIOLA_VARVgp148	Variola_virus_NC_001611.gtf	span	1	1	225	225	0	yes
VARIOLA_VARVgp149	Variola_virus_NC_001611.gtf	span	1	1	369	369	0	yes
VARIOLA_VARVgp150	Variola_virus_NC_001611.gtf	span	1	1	420	420	0	yes
VARIOLA_VARVgp151	Variola_virus_NC_001611.gtf	span	1	1	186	186	0	yes
VARIOLA_VARVgp152	Variola_virus_NC_001611.gtf	span	1	1	657	657	0	yes
VARIOLA_VARVgp153	Variola_virus_NC_001611.gtf	span	1	1	402	402	0	yes
VARIOLA_VARVgp154	Variola_virus_NC_001611.gtf	span	1	1	588	588	0	yes
VARIOLA_VARVgp155	Variola_virus_NC_001611.gtf	span	1	1	633	633	0	yes
VARIOLA_VARVgp156	Variola_virus_NC_001611.gtf	span	1	1	186	186	0	yes
VARIOLA_VARVgp157	Variola_virus_NC_001611.gtf	span	1	1	378	378	0	yes
VARIOLA_VARVgp158	Variola_virus_NC_001611.gtf	span	1	1	723	723	0	yes
VARIOLA_VARVgp159	Variola_virus_NC_001611.gtf	span	1	1	735	735	0	yes
VARIOLA_VARVgp160	Variola_virus_NC_001611.gtf	span	1	1	618	618	0	yes
VARIOLA_VARVgp161	Variola_virus_NC_001611.gtf	span	1	1	489	489	0	yes
VARIOLA_VARVgp162	Variola_virus_NC_001611.gtf	span	1	1	1659	1659	0	yes
VARIOLA_VARVgp163	Variola_virus_NC_001611.gtf	span	1	1	1005	1005	0	yes
VARIOLA_VARVgp164	Variola_virus_NC_001611.gtf	span	1	1	216	216	0	yes
VARIOLA_VARVgp165	Variola_virus_NC_001611.gtf	span	1	1	216	216	0	yes
VARIOLA_VARVgp166	Variola_virus_NC_001611.gtf	span	1	1	519	519	0	yes
VARIOLA_VARVgp167	Variola_virus_NC_001611.gtf	span	1	1	942	942	0	yes
VARIOLA_VARVgp168	Variola_virus_NC_001611.gtf	span	1	1	456	456	0	yes
VARIOLA_VARVgp169	Variola_virus_NC_001611.gtf	span	1	1	903	903	0	yes
VARIOLA_VARVgp170	Variola_virus_NC_001611.gtf	span	1	1	201	201	0	yes
VARIOLA_VARVgp171	Variola_virus_NC_001611.gtf	span	1	1	198	198	0	yes
VARIOLA_VARVgp172	Variola_virus_NC_001611.gtf	span	1	1	258	258	0	yes
VARIOLA_VARVgp173	Variola_virus_NC_001611.gtf	span	1	1	192	192	0	yes
VARIOLA_VARVgp174	Variola_virus_NC_001611.gtf	span	1	1	1677	1677	0	yes
VARIOLA_VARVgp175	Variola_virus_NC_001611.gtf	span	1	1	954	954	0	yes
VARIOLA_VARVgp176	Variola_virus_NC_001611.gtf	span	1	1	171	171	0	yes
VARIOLA_VARVgp177	Variola_virus_NC_001611.gtf	span	1	1	801	801	0	yes
VARIOLA_VARVgp178	Variola_virus_NC_001611.gtf	span	1	1	294	294	0	yes
VARIOLA_VARVgp179	Variola_virus_NC_001611.gtf	span	1	1	198	198	0	yes
VARIOLA_VARVgp180	Variola_virus_NC_001611.gtf	span	1	1	405	405	0	yes
VARIOLA_VARVgp181	Variola_virus_NC_001611.gtf	span	1	1	1035	1035	0	yes
VARIOLA_VARVgp182	Variola_virus_NC_001611.gtf	span	1	1	450	450	0	yes
VARIOLA_VARVgp183	Variola_virus_NC_001611.gtf	span	1	1	192	192	0	yes
VARIOLA_VARVgp184	Variola_virus_NC_001611.gtf	span	1	1	261	261	0	yes
VARIOLA_VARVgp185	Variola_virus_NC_001611.gtf	span	1	1	210	210	0	yes
VARIOLA_VARVgp186	Variola_virus_NC_001611.gtf	span	1	1	1023	1023	0	yes
VARIOLA_VARVgp187	Variola_virus_NC_001611.gtf	span	1	1	1725	1725	0	yes
VARIOLA_VARVgp188	Variola_virus_NC_001611.gtf	span	1	1	1065	1065	0	yes
VARIOLA_VARVgp189	Variola_virus_NC_001611.gtf	span	1	1	2364	2364	0	yes
VARIOLA_VARVgp190	Variola_virus_NC_001611.gtf	span	1	1	213	213	0	yes
VARIOLA_VARVgp191	Variola_virus_NC_001611.gtf	span	1	1	252	252	0	yes
VARIOLA_VARVgp192	Variola_virus_NC_001611.gtf	span	1	1	267	267	0	yes
VARIOLA_VARVgp193	Variola_virus_NC_001611.gtf	span	1	1	1119	1119	0	yes
VARIOLA_VARVgp194	Variola_virus_NC_001611.gtf	span	1	1	5691	5691	0	yes
VARIOLA_VARVgp195	Variola_virus_NC_001611.gtf	span	1	1	1758	1758	0	yes
VARIOLA_VARVgp196	Variola_virus_NC_001611.gtf	span	1	1	1050	1050	0	yes
VARIOLA_VARVgp197	Variola_virus_NC_001611.gtf	span	1	1	762	762	0	yes
VEN_EQU_VEEVgp1	Venezuelan_equine_encephalitis_virus_NC_001449.gtf	passthrough	1	1	11444	11444	0	yes
VEN_EQU_VEEVgp2	Venezuelan_equine_encephalitis_virus_NC_001449.gtf	span	1	1	7526	7526	0	yes
VEN_EQU_VEEVgp3	Venezuelan_equine_encephalitis_virus_NC_001449.gtf	passthrough	1	1	3913	3913	0	yes
VEN_EQU_VEEVgp4	Venezuelan_equine_encephalitis_virus_NC_001449.gtf	span	1	1	2486	2486	0	yes
VES_STOM_VSIVgp1	Vesicular_stomatitis_virus_NC_001560.gtf	passthrough	1	1	1326	1326	0	yes
VES_STOM_VSIVgp2	Vesicular_stomatitis_virus_NC_001560.gtf	passthrough	1	1	814	814	0	yes
VES_STOM_VSIVgp3	Vesicular_stomatitis_virus_NC_001560.gtf	passthrough	1	1	831	831	0	yes
VES_STOM_VSIVgp4	Vesicular_stomatitis_virus_NC_001560.gtf	passthrough	1	1	1665	1665	0	yes
VES_STOM_VSIVgp5	Vesicular_stomatitis_virus_NC_001560.gtf	passthrough	1	1	6373	6373	0	yes
WU_POLY_WUPyV_gp1	WU_polyomavirus_NC_009539.gtf	span	1	1	1110	1110	0	yes
WU_POLY_WUPyV_gp2	WU_polyomavirus_NC_009539.gtf	span	1	1	1248	1248	0	yes
WU_POLY_WUPyV_gp3	WU_polyomavirus_NC_009539.gtf	span	1	1	819	819	0	yes
WU_POLY_WUPyV_gp4	WU_polyomavirus_NC_009539.gtf	spliced	1	1	2346	1947	399	no
WU_POLY_WUPyV_gp5	WU_polyomavirus_NC_009539.gtf	span	1	1	585	585	0	yes
WES_NILE_WNVgp1	West_Nile_virus_NC_001563.gtf	passthrough	1	1	10293	10293	0	yes
NC_009942.1_WNVNY99_gp1	West_Nile_virus_NC_009942.gtf	passthrough	1	1	10302	10302	0	yes
NC_009942.1_WNVNY99_gp1_dup2	West_Nile_virus_NC_009942.gtf	passthrough	1	1	7661	7661	0	yes
NC_009942.1_WNVNY99_gp1_dup3	West_Nile_virus_NC_009942.gtf	passthrough	1	1	3587	3587	0	yes
SFV_SFoVgp1	Western_chimpanzee_simian_foamy_virus_NC_001364.gtf	passthrough	1	1	375	375	0	yes
SFV_SFoVgp2	Western_chimpanzee_simian_foamy_virus_NC_001364.gtf	passthrough	1	1	1962	1962	0	yes
SFV_SFoVgp3	Western_chimpanzee_simian_foamy_virus_NC_001364.gtf	passthrough	1	1	3441	3441	0	yes
SFV_SFoVgp4	Western_chimpanzee_simian_foamy_virus_NC_001364.gtf	passthrough	1	1	2967	2967	0	yes
SFV_SFoVgp5	Western_chimpanzee_simian_foamy_virus_NC_001364.gtf	passthrough	1	1	903	903	0	yes
SFV_SFoVgp6	Western_chimpanzee_simian_foamy_virus_NC_001364.gtf	passthrough	1	1	1254	1254	0	yes
WES_EQU_Weevgp1	Western_equine_encephalitis_virus_NC_003908.gtf	span	1	1	7404	7404	0	yes
WES_EQU_Weevgp2	Western_equine_encephalitis_virus_NC_003908.gtf	span	1	1	3711	3711	0	yes
WES_EQU_Weevgp3	Western_equine_encephalitis_virus_NC_003908.gtf	span	1	1	2438	2438	0	yes
YABA_Ydvgp001	Yaba_like_disease_virus_NC_002642.gtf	span	1	1	1002	1002	0	yes
YABA_Ydvgp002	Yaba_like_disease_virus_NC_002642.gtf	span	1	1	1017	1017	0	yes
YABA_Ydvgp003	Yaba_like_disease_virus_NC_002642.gtf	span	1	1	669	669	0	yes
YABA_Ydvgp004	Yaba_like_disease_virus_NC_002642.gtf	span	1	1	717	717	0	yes
YABA_Ydvgp005	Yaba_like_disease_virus_NC_002642.gtf	span	1	1	471	471	0	yes
YABA_Ydvgp006	Yaba_like_disease_virus_NC_002642.gtf	span	1	1	450	450	0	yes
YABA_Ydvgp007	Yaba_like_disease_virus_NC_002642.gtf	span	1	1	1056	1056	0	yes
YABA_Ydvgp008	Yaba_like_disease_virus_NC_002642.gtf	span	1	1	642	642	0	yes
YABA_Ydvgp009	Yaba_like_disease_virus_NC_002642.gtf	span	1	1	681	681	0	yes
YABA_Ydvgp010	Yaba_like_disease_virus_NC_002642.gtf	span	1	1	1152	1152	0	yes
YABA_Ydvgp011	Yaba_like_disease_virus_NC_002642.gtf	span	1	1	1914	1914	0	yes
YABA_Ydvgp012	Yaba_like_disease_virus_NC_002642.gtf	span	1	1	267	267	0	yes
YABA_Ydvgp013	Yaba_like_disease_virus_NC_002642.gtf	span	1	1	858	858	0	yes
YABA_Ydvgp014	Yaba_like_disease_virus_NC_002642.gtf	span	1	1	411	411	0	yes
YABA_Ydvgp015	Yaba_like_disease_virus_NC_002642.gtf	span	1	1	234	234	0	yes
YABA_Ydvgp016	Yaba_like_disease_virus_NC_002642.gtf	span	1	1	531	531	0	yes
YABA_Ydvgp017	Yaba_like_disease_virus_NC_002642.gtf	span	1	1	432	432	0	yes
YABA_Ydvgp018	Yaba_like_disease_virus_NC_002642.gtf	span	1	1	384	384	0	yes
YABA_Ydvgp019	Yaba_like_disease_virus_NC_002642.gtf	span	1	1	1569	1569	0	yes
YABA_Ydvgp020	Yaba_like_disease_virus_NC_002642.gtf	span	1	1	978	978	0	yes
YABA_Ydvgp021	Yaba_like_disease_virus_NC_002642.gtf	span	1	1	249	249	0	yes
YABA_Ydvgp022	Yaba_like_disease_virus_NC_002642.gtf	span	1	1	312	312	0	yes
YABA_Ydvgp023	Yaba_like_disease_virus_NC_002642.gtf	span	1	1	216	216	0	yes
YABA_Ydvgp024	Yaba_like_disease_virus_NC_002642.gtf	span	1	1	153	153	0	yes
YABA_Ydvgp025	Yaba_like_disease_virus_NC_002642.gtf	span	1	1	645	645	0	yes
YABA_Ydvgp026	Yaba_like_disease_virus_NC_002642.gtf	span	1	1	1338	1338	0	yes
YABA_Ydvgp027	Yaba_like_disease_virus_NC_002642.gtf	span	1	1	1929	1929	0	yes
YABA_Ydvgp028	Yaba_like_disease_virus_NC_002642.gtf	span	1	1	1113	1113	0	yes
YABA_Ydvgp029	Yaba_like_disease_virus_NC_002642.gtf	span	1	1	222	222	0	yes
YABA_Ydvgp030	Yaba_like_disease_virus_NC_002642.gtf	span	1	1	447	447	0	yes
YABA_Ydvgp031	Yaba_like_disease_virus_NC_002642.gtf	span	1	1	648	648	0	yes
YABA_Ydvgp032	Yaba_like_disease_virus_NC_002642.gtf	span	1	1	318	318	0	yes
YABA_Ydvgp033	Yaba_like_disease_virus_NC_002642.gtf	span	1	1	1413	1413	0	yes
YABA_Ydvgp034	Yaba_like_disease_virus_NC_002642.gtf	span	1	1	2058	2058	0	yes
YABA_Ydvgp035	Yaba_like_disease_virus_NC_002642.gtf	span	1	1	558	558	0	yes
YABA_Ydvgp036	Yaba_like_disease_virus_NC_002642.gtf	span	1	1	570	570	0	yes
YABA_Ydvgp037	Yaba_like_disease_virus_NC_002642.gtf	span	1	1	1047	1047	0	yes
YABA_Ydvgp038	Yaba_like_disease_virus_NC_002642.gtf	span	1	1	1704	1704	0	yes
YABA_Ydvgp039	Yaba_like_disease_virus_NC_002642.gtf	span	1	1	807	807	0	yes
YABA_Ydvgp040	Yaba_like_disease_virus_NC_002642.gtf	span	1	1	3021	3021	0	yes
YABA_Ydvgp041	Yaba_like_disease_virus_NC_002642.gtf	span	1	1	285	285	0	yes
YABA_Ydvgp042	Yaba_like_disease_virus_NC_002642.gtf	span	1	1	390	390	0	yes
YABA_Ydvgp043	Yaba_like_disease_virus_NC_002642.gtf	span	1	1	2040	2040	0	yes
YABA_Ydvgp044	Yaba_like_disease_virus_NC_002642.gtf	span	1	1	936	936	0	yes
YABA_Ydvgp045	Yaba_like_disease_virus_NC_002642.gtf	span	1	1	228	228	0	yes
YABA_Ydvgp046	Yaba_like_disease_virus_NC_002642.gtf	span	1	1	801	801	0	yes
YABA_Ydvgp047	Yaba_like_disease_virus_NC_002642.gtf	span	1	1	240	240	0	yes
YABA_Ydvgp048	Yaba_like_disease_virus_NC_002642.gtf	span	1	1	1161	1161	0	yes
YABA_Ydvgp049	Yaba_like_disease_virus_NC_002642.gtf	span	1	1	1290	1290	0	yes
YABA_Ydvgp050	Yaba_like_disease_virus_NC_002642.gtf	span	1	1	2034	2034	0	yes
YABA_Ydvgp051	Yaba_like_disease_virus_NC_002642.gtf	span	1	1	1773	1773	0	yes
YABA_Ydvgp052	Yaba_like_disease_virus_NC_002642.gtf	span	1	1	336	336	0	yes
YABA_Ydvgp053	Yaba_like_disease_virus_NC_002642.gtf	span	1	1	669	669	0	yes
YABA_Ydvgp054	Yaba_like_disease_virus_NC_002642.gtf	span	1	1	378	378	0	yes
YABA_Ydvgp055	Yaba_like_disease_virus_NC_002642.gtf	span	1	1	1320	1320	0	yes
YABA_Ydvgp056	Yaba_like_disease_virus_NC_002642.gtf	span	1	1	192	192	0	yes
YABA_Ydvgp057	Yaba_like_disease_virus_NC_002642.gtf	span	1	1	543	543	0	yes
YABA_Ydvgp058	Yaba_like_disease_virus_NC_002642.gtf	span	1	1	1125	1125	0	yes
YABA_Ydvgp059	Yaba_like_disease_virus_NC_002642.gtf	span	1	1	783	783	0	yes
YABA_Ydvgp060	Yaba_like_disease_virus_NC_002642.gtf	span	1	1	1005	1005	0	yes
YABA_Ydvgp061	Yaba_like_disease_virus_NC_002642.gtf	span	1	1	744	744	0	yes
YABA_Ydvgp062	Yaba_like_disease_virus_NC_002642.gtf	span	1	1	276	276	0	yes
YABA_Ydvgp063	Yaba_like_disease_virus_NC_002642.gtf	span	1	1	951	951	0	yes
YABA_Ydvgp064	Yaba_like_disease_virus_NC_002642.gtf	span	1	1	750	750	0	yes
YABA_Ydvgp065	Yaba_like_disease_virus_NC_002642.gtf	span	1	1	387	387	0	yes
YABA_Ydvgp066	Yaba_like_disease_virus_NC_002642.gtf	span	1	1	480	480	0	yes
YABA_Ydvgp067	Yaba_like_disease_virus_NC_002642.gtf	span	1	1	552	552	0	yes
YABA_Ydvgp068	Yaba_like_disease_virus_NC_002642.gtf	span	1	1	537	537	0	yes
YABA_Ydvgp069	Yaba_like_disease_virus_NC_002642.gtf	span	1	1	1092	1092	0	yes
YABA_Ydvgp070	Yaba_like_disease_virus_NC_002642.gtf	span	1	1	558	558	0	yes
YABA_Ydvgp071	Yaba_like_disease_virus_NC_002642.gtf	span	1	1	414	414	0	yes
YABA_Ydvgp072	Yaba_like_disease_virus_NC_002642.gtf	span	1	1	3858	3858	0	yes
YABA_Ydvgp073	Yaba_like_disease_virus_NC_002642.gtf	span	1	1	516	516	0	yes
YABA_Ydvgp074	Yaba_like_disease_virus_NC_002642.gtf	span	1	1	573	573	0	yes
YABA_Ydvgp075	Yaba_like_disease_virus_NC_002642.gtf	span	1	1	972	972	0	yes
YABA_Ydvgp076	Yaba_like_disease_virus_NC_002642.gtf	span	1	1	2397	2397	0	yes
YABA_Ydvgp077	Yaba_like_disease_virus_NC_002642.gtf	span	1	1	543	543	0	yes
YABA_Ydvgp078	Yaba_like_disease_virus_NC_002642.gtf	span	1	1	948	948	0	yes
YABA_Ydvgp079	Yaba_like_disease_virus_NC_002642.gtf	span	1	1	447	447	0	yes
YABA_Ydvgp080	Yaba_like_disease_virus_NC_002642.gtf	span	1	1	2523	2523	0	yes
YABA_Ydvgp081	Yaba_like_disease_virus_NC_002642.gtf	span	1	1	462	462	0	yes
YABA_Ydvgp082	Yaba_like_disease_virus_NC_002642.gtf	span	1	1	738	738	0	yes
YABA_Ydvgp083	Yaba_like_disease_virus_NC_002642.gtf	span	1	1	657	657	0	yes
YABA_Ydvgp084	Yaba_like_disease_virus_NC_002642.gtf	span	1	1	2361	2361	0	yes
YABA_Ydvgp085	Yaba_like_disease_virus_NC_002642.gtf	span	1	1	1908	1908	0	yes
YABA_Ydvgp086	Yaba_like_disease_virus_NC_002642.gtf	span	1	1	483	483	0	yes
YABA_Ydvgp087	Yaba_like_disease_virus_NC_002642.gtf	span	1	1	639	639	0	yes
YABA_Ydvgp088	Yaba_like_disease_virus_NC_002642.gtf	span	1	1	768	768	0	yes
YABA_Ydvgp089	Yaba_like_disease_virus_NC_002642.gtf	span	1	1	1896	1896	0	yes
YABA_Ydvgp090	Yaba_like_disease_virus_NC_002642.gtf	span	1	1	864	864	0	yes
YABA_Ydvgp091	Yaba_like_disease_virus_NC_002642.gtf	span	1	1	1659	1659	0	yes
YABA_Ydvgp092	Yaba_like_disease_virus_NC_002642.gtf	span	1	1	453	453	0	yes
YABA_Ydvgp093	Yaba_like_disease_virus_NC_002642.gtf	span	1	1	675	675	0	yes
YABA_Ydvgp094	Yaba_like_disease_virus_NC_002642.gtf	span	1	1	228	228	0	yes
YABA_Ydvgp095	Yaba_like_disease_virus_NC_002642.gtf	span	1	1	1974	1974	0	yes
YABA_Ydvgp096	Yaba_like_disease_virus_NC_002642.gtf	span	1	1	459	459	0	yes
YABA_Ydvgp097	Yaba_like_disease_virus_NC_002642.gtf	span	1	1	507	507	0	yes
YABA_Ydvgp098	Yaba_like_disease_virus_NC_002642.gtf	span	1	1	1116	1116	0	yes
YABA_Ydvgp099	Yaba_like_disease_virus_NC_002642.gtf	span	1	1	2136	2136	0	yes
YABA_Ydvgp100	Yaba_like_disease_virus_NC_002642.gtf	span	1	1	873	873	0	yes
YABA_Ydvgp101	Yaba_like_disease_virus_NC_002642.gtf	span	1	1	240	240	0	yes
YABA_Ydvgp102	Yaba_like_disease_virus_NC_002642.gtf	span	1	1	2709	2709	0	yes
YABA_Ydvgp103	Yaba_like_disease_virus_NC_002642.gtf	span	1	1	936	936	0	yes
YABA_Ydvgp104	Yaba_like_disease_virus_NC_002642.gtf	span	1	1	513	513	0	yes
YABA_Ydvgp105	Yaba_like_disease_virus_NC_002642.gtf	span	1	1	207	207	0	yes
YABA_Ydvgp106	Yaba_like_disease_virus_NC_002642.gtf	span	1	1	282	282	0	yes
YABA_Ydvgp107	Yaba_like_disease_virus_NC_002642.gtf	span	1	1	162	162	0	yes
YABA_Ydvgp108	Yaba_like_disease_virus_NC_002642.gtf	span	1	1	285	285	0	yes
YABA_Ydvgp109	Yaba_like_disease_virus_NC_002642.gtf	span	1	1	1146	1146	0	yes
YABA_Ydvgp110	Yaba_like_disease_virus_NC_002642.gtf	span	1	1	576	576	0	yes
YABA_Ydvgp111	Yaba_like_disease_virus_NC_002642.gtf	span	1	1	1440	1440	0	yes
YABA_Ydvgp112	Yaba_like_disease_virus_NC_002642.gtf	span	1	1	225	225	0	yes
YABA_Ydvgp113	Yaba_like_disease_virus_NC_002642.gtf	span	1	1	333	333	0	yes
YABA_Ydvgp114	Yaba_like_disease_virus_NC_002642.gtf	span	1	1	1278	1278	0	yes
YABA_Ydvgp115	Yaba_like_disease_virus_NC_002642.gtf	span	1	1	474	474	0	yes
YABA_Ydvgp116	Yaba_like_disease_virus_NC_002642.gtf	span	1	1	1152	1152	0	yes
YABA_Ydvgp117	Yaba_like_disease_virus_NC_002642.gtf	span	1	1	3498	3498	0	yes
YABA_Ydvgp118	Yaba_like_disease_virus_NC_002642.gtf	span	1	1	447	447	0	yes
YABA_Ydvgp119	Yaba_like_disease_virus_NC_002642.gtf	span	1	1	420	420	0	yes
YABA_Ydvgp120	Yaba_like_disease_virus_NC_002642.gtf	span	1	1	903	903	0	yes
YABA_Ydvgp121	Yaba_like_disease_virus_NC_002642.gtf	span	1	1	228	228	0	yes
YABA_Ydvgp122	Yaba_like_disease_virus_NC_002642.gtf	span	1	1	762	762	0	yes
YABA_Ydvgp123	Yaba_like_disease_virus_NC_002642.gtf	span	1	1	561	561	0	yes
YABA_Ydvgp124	Yaba_like_disease_virus_NC_002642.gtf	span	1	1	513	513	0	yes
YABA_Ydvgp125	Yaba_like_disease_virus_NC_002642.gtf	span	1	1	540	540	0	yes
YABA_Ydvgp126	Yaba_like_disease_virus_NC_002642.gtf	span	1	1	858	858	0	yes
YABA_Ydvgp127	Yaba_like_disease_virus_NC_002642.gtf	span	1	1	672	672	0	yes
YABA_Ydvgp128	Yaba_like_disease_virus_NC_002642.gtf	span	1	1	813	813	0	yes
YABA_Ydvgp129	Yaba_like_disease_virus_NC_002642.gtf	span	1	1	819	819	0	yes
YABA_Ydvgp130	Yaba_like_disease_virus_NC_002642.gtf	span	1	1	417	417	0	yes
YABA_Ydvgp131	Yaba_like_disease_virus_NC_002642.gtf	span	1	1	561	561	0	yes
YABA_Ydvgp132	Yaba_like_disease_virus_NC_002642.gtf	span	1	1	207	207	0	yes
YABA_Ydvgp133	Yaba_like_disease_virus_NC_002642.gtf	span	1	1	249	249	0	yes
YABA_Ydvgp134	Yaba_like_disease_virus_NC_002642.gtf	span	1	1	1032	1032	0	yes
YABA_Ydvgp135	Yaba_like_disease_virus_NC_002642.gtf	span	1	1	471	471	0	yes
YABA_Ydvgp136	Yaba_like_disease_virus_NC_002642.gtf	span	1	1	5706	5706	0	yes
YABA_Ydvgp137	Yaba_like_disease_virus_NC_002642.gtf	span	1	1	1056	1056	0	yes
YABA_Ydvgp138	Yaba_like_disease_virus_NC_002642.gtf	span	1	1	462	462	0	yes
YABA_Ydvgp139	Yaba_like_disease_virus_NC_002642.gtf	span	1	1	1017	1017	0	yes
YABA_Ydvgp140	Yaba_like_disease_virus_NC_002642.gtf	span	1	1	573	573	0	yes
YABA_Ydvgp141	Yaba_like_disease_virus_NC_002642.gtf	span	1	1	1713	1713	0	yes
YABA_Ydvgp142	Yaba_like_disease_virus_NC_002642.gtf	span	1	1	363	363	0	yes
YABA_Ydvgp143	Yaba_like_disease_virus_NC_002642.gtf	span	1	1	930	930	0	yes
YABA_Ydvgp144	Yaba_like_disease_virus_NC_002642.gtf	span	1	1	705	705	0	yes
YABA_Ydvgp145	Yaba_like_disease_virus_NC_002642.gtf	span	1	1	804	804	0	yes
YABA_Ydvgp146	Yaba_like_disease_virus_NC_002642.gtf	span	1	1	972	972	0	yes
YABA_Ydvgp147	Yaba_like_disease_virus_NC_002642.gtf	span	1	1	1422	1422	0	yes
YABA_Ydvgp148	Yaba_like_disease_virus_NC_002642.gtf	span	1	1	1476	1476	0	yes
YABA_Ydvgp149	Yaba_like_disease_virus_NC_002642.gtf	span	1	1	1431	1431	0	yes
YABA_Ydvgp150	Yaba_like_disease_virus_NC_002642.gtf	span	1	1	1005	1005	0	yes
YABA_Ydvgp151	Yaba_like_disease_virus_NC_002642.gtf	span	1	1	303	303	0	yes
YABA_Ydvgp152	Yaba_like_disease_virus_NC_002642.gtf	span	1	1	1002	1002	0	yes
YELLOW_YFVgp1	Yellow_fever_virus_NC_002031.gtf	passthrough	1	1	10862	10862	0	yes
ZIKA_ZIKV_gp1	Zika_virus_NC_012532.gtf	span	1	1	10260	10260	0	yes
KJ496143.1_AHY61295.1	camel_hepatitis_E_virus_genotype_7a_KJ496143.gtf	passthrough	1	1	5097	5097	0	yes
KJ496143.1_AHY61296.1	camel_hepatitis_E_virus_genotype_7a_KJ496143.gtf	passthrough	1	1	1983	1983	0	yes
KJ496143.1_AHY61297.1	camel_hepatitis_E_virus_genotype_7a_KJ496143.gtf	passthrough	1	1	342	342	0	yes
NC_001474.2_DENV_gp1	dengue_virus_type_2_NC_001474.gtf	passthrough	1	1	10176	10176	0	yes
NC_001475.2_DV3_gp1	dengue_virus_type_3_NC_001475.gtf	passthrough	1	1	10173	10173	0	yes
NC_002640.1_DV4_gp1	dengue_virus_type_4_NC_002640.gtf	passthrough	1	1	10164	10164	0	yes
NC_038308.1_D1P33_gp1	enterovirus_D68_NC_038308.gtf	passthrough	1	1	6567	6567	0	yes
AB540583.1_C	hepatitis_B_virus_genotype_C_AB540583.gtf	passthrough	1	1	552	552	0	yes
AB540583.1_Large_S	hepatitis_B_virus_genotype_C_AB540583.gtf	passthrough	1	1	1203	1203	0	yes
AB540583.1_P	hepatitis_B_virus_genotype_C_AB540583.gtf	passthrough	1	1	2532	2532	0	yes
AB540583.1_X	hepatitis_B_virus_genotype_C_AB540583.gtf	passthrough	1	1	465	465	0	yes
HE974380.1_C	hepatitis_B_virus_genotype_E_HE974380.gtf	passthrough	1	1	552	552	0	yes
HE974380.1_Pol	hepatitis_B_virus_genotype_E_HE974380.gtf	passthrough	1	1	2529	2529	0	yes
HE974380.1_S	hepatitis_B_virus_genotype_E_HE974380.gtf	passthrough	1	1	1200	1200	0	yes
HE974380.1_X	hepatitis_B_virus_genotype_E_HE974380.gtf	passthrough	1	1	465	465	0	yes
AF160501.1_S	hepatitis_B_virus_genotype_G_AF160501.gtf	passthrough	1	1	1200	1200	0	yes
AF160501.1_X	hepatitis_B_virus_genotype_G_AF160501.gtf	passthrough	1	1	465	465	0	yes
AF160501.1_pol	hepatitis_B_virus_genotype_G_AF160501.gtf	passthrough	1	1	2529	2529	0	yes
AB516393.1_P	hepatitis_B_virus_genotype_H_AB516393.gtf	passthrough	1	1	2532	2532	0	yes
AB516393.1_PC_C	hepatitis_B_virus_genotype_H_AB516393.gtf	passthrough	1	1	639	639	0	yes
AB516393.1_X	hepatitis_B_virus_genotype_H_AB516393.gtf	passthrough	1	1	465	465	0	yes
AB516393.1_large_S	hepatitis_B_virus_genotype_H_AB516393.gtf	passthrough	1	1	1203	1203	0	yes
NC_059682.1_QKK73_gp1	hepatitis_D_virus_2_NC_059682.gtf	passthrough	1	1	645	645	0	yes
NC_059682.1_QKK73_gp2	hepatitis_D_virus_2_NC_059682.gtf	passthrough	1	1	588	588	0	yes
NC_075122.1_QJ952_gp1	hepatitis_D_virus_4_NC_075122.gtf	passthrough	1	1	585	585	0	yes
NC_001490.1_HRVBgp1	rhinovirus_B14_NC_001490.gtf	passthrough	1	1	6540	6540	0	yes
EF582386.1_ABU62849.1	rhinovirus_C5_EF582386.gtf	passthrough	1	1	6459	6459	0	yes
NC_006879.1_SAdV-1_gp01	simian_adenovirus_1_NC_006879.gtf	passthrough	1	1	699	699	0	yes
NC_006879.1_SAdV-1_gp02	simian_adenovirus_1_NC_006879.gtf	passthrough	1	1	507	507	0	yes
NC_006879.1_SAdV-1_gp03	simian_adenovirus_1_NC_006879.gtf	passthrough	1	1	1419	1419	0	yes
NC_006879.1_SAdV-1_gp04	simian_adenovirus_1_NC_006879.gtf	passthrough	1	1	411	411	0	yes
NC_006879.1_SAdV-1_gp05	simian_adenovirus_1_NC_006879.gtf	passthrough	1	1	1344	1344	0	yes
NC_006879.1_SAdV-1_gp06	simian_adenovirus_1_NC_006879.gtf	passthrough	1	1	3555	3555	0	yes
NC_006879.1_SAdV-1_gp07	simian_adenovirus_1_NC_006879.gtf	passthrough	1	1	1941	1941	0	yes
NC_006879.1_SAdV-1_gp08	simian_adenovirus_1_NC_006879.gtf	passthrough	1	1	1128	1128	0	yes
NC_006879.1_SAdV-1_gp09	simian_adenovirus_1_NC_006879.gtf	passthrough	1	1	1710	1710	0	yes
NC_006879.1_SAdV-1_gp10	simian_adenovirus_1_NC_006879.gtf	passthrough	1	1	1512	1512	0	yes
NC_006879.1_SAdV-1_gp11	simian_adenovirus_1_NC_006879.gtf	passthrough	1	1	564	564	0	yes
NC_006879.1_SAdV-1_gp12	simian_adenovirus_1_NC_006879.gtf	passthrough	1	1	1038	1038	0	yes
NC_006879.1_SAdV-1_gp13	simian_adenovirus_1_NC_006879.gtf	passthrough	1	1	213	213	0	yes
NC_006879.1_SAdV-1_gp14	simian_adenovirus_1_NC_006879.gtf	passthrough	1	1	840	840	0	yes
NC_006879.1_SAdV-1_gp15	simian_adenovirus_1_NC_006879.gtf	passthrough	1	1	2796	2796	0	yes
NC_006879.1_SAdV-1_gp16	simian_adenovirus_1_NC_006879.gtf	passthrough	1	1	618	618	0	yes
NC_006879.1_SAdV-1_gp17	simian_adenovirus_1_NC_006879.gtf	passthrough	1	1	1389	1389	0	yes
NC_006879.1_SAdV-1_gp18	simian_adenovirus_1_NC_006879.gtf	passthrough	1	1	2289	2289	0	yes
NC_006879.1_SAdV-1_gp19	simian_adenovirus_1_NC_006879.gtf	passthrough	1	1	651	651	0	yes
NC_006879.1_SAdV-1_gp20	simian_adenovirus_1_NC_006879.gtf	passthrough	1	1	546	546	0	yes
NC_006879.1_SAdV-1_gp21	simian_adenovirus_1_NC_006879.gtf	passthrough	1	1	702	702	0	yes
NC_006879.1_SAdV-1_gp22	simian_adenovirus_1_NC_006879.gtf	passthrough	1	1	318	318	0	yes
NC_006879.1_SAdV-1_gp23	simian_adenovirus_1_NC_006879.gtf	passthrough	1	1	519	519	0	yes
NC_006879.1_SAdV-1_gp24	simian_adenovirus_1_NC_006879.gtf	passthrough	1	1	810	810	0	yes
NC_006879.1_SAdV-1_gp25	simian_adenovirus_1_NC_006879.gtf	passthrough	1	1	273	273	0	yes
NC_006879.1_SAdV-1_gp26	simian_adenovirus_1_NC_006879.gtf	passthrough	1	1	336	336	0	yes
NC_006879.1_SAdV-1_gp27	simian_adenovirus_1_NC_006879.gtf	passthrough	1	1	369	369	0	yes
NC_006879.1_SAdV-1_gp28	simian_adenovirus_1_NC_006879.gtf	passthrough	1	1	1092	1092	0	yes
NC_006879.1_SAdV-1_gp29	simian_adenovirus_1_NC_006879.gtf	passthrough	1	1	1683	1683	0	yes
NC_006879.1_SAdV-1_gp30	simian_adenovirus_1_NC_006879.gtf	passthrough	1	1	351	351	0	yes
NC_006879.1_SAdV-1_gp31	simian_adenovirus_1_NC_006879.gtf	passthrough	1	1	861	861	0	yes
NC_006879.1_SAdV-1_gp32	simian_adenovirus_1_NC_006879.gtf	passthrough	1	1	363	363	0	yes
NC_006879.1_SAdV-1_gp33	simian_adenovirus_1_NC_006879.gtf	passthrough	1	1	351	351	0	yes
NC_006879.1_SAdV-1_gp34	simian_adenovirus_1_NC_006879.gtf	passthrough	1	1	393	393	0	yes
NC_006879.1_SAdV-1_gp35	simian_adenovirus_1_NC_006879.gtf	passthrough	1	1	381	381	0	yes
NC_006879.1_SAdV-1_gs01	simian_adenovirus_1_NC_006879.gtf	passthrough	1	1	164	164	0	yes
