requested	vhdb_taxid	species_taxid	decision	role	reason	accession	accession_version	species	genus	family	lineage	molecule	topology	genome_length	segment	host	isolate	refseq	source	gb_sha256	tier	persistence_class	risk_class	inclusion_rationale	taxid	organism	strain	serotype	common_name	sibling_group	panel
AF327921	172316	3431396	collapsed_species	target	species taxid 3431396: representative taxon 1001061	AF327921	AF327921.2	Ljungan virus 174F	Parechovirus	Picornaviridae	Viruses; Riboviria; Orthornavirae; Pisuviricota; Pisoniviricetes; Picornavirales; Picornaviridae; Paavivirinae; Parechovirus; Parechovirus beljungani	ss-RNA	linear	7591			174F	false	ncbi-genbank	17763bcb6e82da2422418f6c99c53e9c652af65e808471dc81b255dfb495ecfb					172316	Ljungan virus 174F	174F				
AF327922	172317	3431396	collapsed_species	target	species taxid 3431396: representative taxon 1001061	AF327922	AF327922.2	Ljungan virus 145SL	Parechovirus	Picornaviridae	Viruses; Riboviria; Orthornavirae; Pisuviricota; Pisoniviricetes; Picornavirales; Picornaviridae; Paavivirinae; Parechovirus; Parechovirus beljungani	ss-RNA	linear	7592			145SL	false	ncbi-genbank	9caacf2e503401dadf252e9c83abde53c4f37beee0a6acc29361d81a06100ce7					172317	Ljungan virus 145SL	145SL				
AM712003	444002	443974	collapsed_species	target	species taxid 443974: representative taxon 443975	AM712003	AM712003.1	TT virus sle1931		Anelloviridae	Viruses; Floreoviria; Shotokuvirae; Commensaviricota; Cardeaviricetes; Sanitavirales; Anelloviridae	DNA	circular	3760				false	ncbi-genbank	fc7225b4287b8f9e3cb12174b9c23dc7388e60fe7947d886dfe064e5e0d67930					444002	TT virus sle1931					
AM712004	444003	443974	collapsed_species	target	species taxid 443974: representative taxon 443975	AM712004	AM712004.1	TT virus sle1932		Anelloviridae	Viruses; Floreoviria; Shotokuvirae; Commensaviricota; Cardeaviricetes; Sanitavirales; Anelloviridae	DNA	circular	3759				false	ncbi-genbank	c7008c22012b1267545251abe38590bf1a73c82db696ad302e0d82a87f102dfd					444003	TT virus sle1932					
AM712030	444029	443974	collapsed_species	target	species taxid 443974: representative taxon 443975	AM712030	AM712030.1	TT virus sle2057		Anelloviridae	Viruses; Floreoviria; Shotokuvirae; Commensaviricota; Cardeaviricetes; Sanitavirales; Anelloviridae	DNA	circular	3757				false	ncbi-genbank	d14c8f4673f4640ccd6e1addb582c2ba974dd7d0999f2028275badcfce51cb8f					444029	TT virus sle2057					
AM712031	444030	443974	collapsed_species	target	species taxid 443974: representative taxon 443975	AM712031	AM712031.1	TT virus sle2058		Anelloviridae	Viruses; Floreoviria; Shotokuvirae; Commensaviricota; Cardeaviricetes; Sanitavirales; Anelloviridae	DNA	circular	3758				false	ncbi-genbank	f72dbf0c45a912b548fe13a3711cd8b59cc9bd4ecff1f9c8ac7a3bfe0867e693					444030	TT virus sle2058					
AM712032	444031	443974	collapsed_species	target	species taxid 443974: representative taxon 443975	AM712032	AM712032.1	TT virus sle2072		Anelloviridae	Viruses; Floreoviria; Shotokuvirae; Commensaviricota; Cardeaviricetes; Sanitavirales; Anelloviridae	DNA	circular	3759				false	ncbi-genbank	2812431e898b01eabdb1c43658ca89342f8490d403c494198efed3989865723f					444031	TT virus sle2072					
AM712033	444032	443974	collapsed_species	target	species taxid 443974: representative taxon 443975	AM712033	AM712033.1	TT virus sle2061		Anelloviridae	Viruses; Floreoviria; Shotokuvirae; Commensaviricota; Cardeaviricetes; Sanitavirales; Anelloviridae	DNA	circular	3759				false	ncbi-genbank	14dbb8c9e29b6d2a9a4c178800798d7e78a30d9466bc75915a397873e908dbba					444032	TT virus sle2061					
AM712034	444033	443974	collapsed_species	target	species taxid 443974: representative taxon 443975	AM712034	AM712034.1	TT virus sle2065		Anelloviridae	Viruses; Floreoviria; Shotokuvirae; Commensaviricota; Cardeaviricetes; Sanitavirales; Anelloviridae	DNA	circular	3759				false	ncbi-genbank	ab3002f38f5eb626858c757a257f22831768ba76a1204c4961aeb4a6d15b00bd					444033	TT virus sle2065					
DQ028633	35741	3430629	collapsed_species	target	species taxid 3430629: representative taxon 43358	DQ028633	DQ028633.1	Human astrovirus 5	Mamastrovirus	Astroviridae	Viruses; Riboviria; Orthornavirae; Pisuviricota; Stelpaviricetes; Stellavirales; Astroviridae; Mamastrovirus; Mamastrovirus hominis	RNA	linear	6762			Goiania/GO/12/94/Brazil	false	ncbi-genbank	52973cdae9f2a06bb23813ff8d858b649d30f73bb69e82e6d5e01a0a9429381b					35741	Human astrovirus 5					
DQ070852	35300	3430629	collapsed_species	target	species taxid 3430629: representative taxon 43358	DQ070852	DQ070852.1	Human astrovirus 4	Mamastrovirus	Astroviridae	Viruses; Riboviria; Orthornavirae; Pisuviricota; Stelpaviricetes; Stellavirales; Astroviridae; Mamastrovirus; Mamastrovirus hominis	RNA	linear	6723			Goiania/GO/12/95/Brazil	false	ncbi-genbank	5df8515555d5f41283cf3a6245e31f0c2fa6097cce3f483f593e9b20fe877aa0					35300	Human astrovirus 4					
EF441262	430048	329641	collapsed_species	target	species taxid 329641: representative taxon 394504	EF441262	EF441262.1	Human bocavirus WLL-2	Human bocavirus	Parvoviridae	Viruses; Floreoviria; Shotokuvirae; Cossaviricota; Quintoviricetes; Piccovirales; Parvoviridae; Parvovirinae; Bocaparvovirus; Human bocavirus	DNA	linear	5297				false	ncbi-genbank	d9ae8e5b7037a2a9d48b3650a1dd0b748313dd246a307f9aef4ffebceaa412bd					430048	Human bocavirus WLL-2					
EF584447	444473	329641	collapsed_species	target	species taxid 329641: representative taxon 394504	EF584447	EF584447.1	Human bocavirus WLL-3	Human bocavirus	Parvoviridae	Viruses; Floreoviria; Shotokuvirae; Cossaviricota; Quintoviricetes; Piccovirales; Parvoviridae; Parvovirinae; Bocaparvovirus; Human bocavirus	DNA	linear	5297			WLL-3	false	ncbi-genbank	64bd3d62e3a002aa96bcf3c5e5f7db73c4eb35c04dd801e3436f341a812b7f95					444473	Human bocavirus WLL-3	WLL-3				
FJ375127	1108925	329641	collapsed_species	target	species taxid 329641: representative taxon 394504	FJ375127	FJ375127.1	Human bocavirus isolate SH1	Human bocavirus	Parvoviridae	Viruses; Floreoviria; Shotokuvirae; Cossaviricota; Quintoviricetes; Piccovirales; Parvoviridae; Parvovirinae; Bocaparvovirus; Human bocavirus	DNA	linear	5276		Homo sapiens	SH1	false	ncbi-genbank	d22abc3edac462d2da421098ff195370560d4df66c5fde4b90503b6d3fb64a34					1108925	Human bocavirus isolate SH1					
FJ375128	1108926	329641	collapsed_species	target	species taxid 329641: representative taxon 394504	FJ375128	FJ375128.1	Human bocavirus isolate SH2	Human bocavirus	Parvoviridae	Viruses; Floreoviria; Shotokuvirae; Cossaviricota; Quintoviricetes; Piccovirales; Parvoviridae; Parvovirinae; Bocaparvovirus; Human bocavirus	DNA	linear	5277		Homo sapiens	SH2	false	ncbi-genbank	975cbea970c93b5dc7ee8b0414948f126a18e14d18de238d8ce0e0f2463d19f5					1108926	Human bocavirus isolate SH2					
FJ755402	626160	3430629	collapsed_species	target	species taxid 3430629: representative taxon 43358	FJ755402	FJ755402.1	Human astrovirus 1 Beijing/128/2005/CHN	Mamastrovirus	Astroviridae	Viruses; Riboviria; Orthornavirae; Pisuviricota; Stelpaviricetes; Stellavirales; Astroviridae; Mamastrovirus; Mamastrovirus hominis	RNA	linear	6771		Homo sapiens	Beijing/128/2005/CHN	false	ncbi-genbank	c2986516dca7a102f77ebb5cdec00d53c2b140a468d20b4fc834dd50df3b90a3					626160	Human astrovirus 1 Beijing/128/2005/CHN	Beijing/128/2005/CHN				
FJ755403	626164	3430629	collapsed_species	target	species taxid 3430629: representative taxon 43358	FJ755403	FJ755403.1	Human astrovirus 1 Beijing/176/2006/CHN	Mamastrovirus	Astroviridae	Viruses; Riboviria; Orthornavirae; Pisuviricota; Stelpaviricetes; Stellavirales; Astroviridae; Mamastrovirus; Mamastrovirus hominis	RNA	linear	6771		Homo sapiens	Beijing/176/2006/CHN	false	ncbi-genbank	acbf307d17c927d46cd447b2f75092ee2863162d96a760fd83d355ebd1cd46bb					626164	Human astrovirus 1 Beijing/176/2006/CHN	Beijing/176/2006/CHN				
FJ755404	626180	3430629	collapsed_species	target	species taxid 3430629: representative taxon 43358	FJ755404	FJ755404.1	Human astrovirus 1 Beijing/291/2007/CHN	Mamastrovirus	Astroviridae	Viruses; Riboviria; Orthornavirae; Pisuviricota; Stelpaviricetes; Stellavirales; Astroviridae; Mamastrovirus; Mamastrovirus hominis	RNA	linear	6771		Homo sapiens	Beijing/291/2007/CHN	false	ncbi-genbank	de449bcd28fea7d2aeee8bc3e075b01563d56fb5bed857e856abf4b7167a24a6					626180	Human astrovirus 1 Beijing/291/2007/CHN	Beijing/291/2007/CHN				
FJ755405	626181	3430629	collapsed_species	target	species taxid 3430629: representative taxon 43358	FJ755405	FJ755405.1	Human astrovirus 1 Beijing/293/2007/CHN	Mamastrovirus	Astroviridae	Viruses; Riboviria; Orthornavirae; Pisuviricota; Stelpaviricetes; Stellavirales; Astroviridae; Mamastrovirus; Mamastrovirus hominis	RNA	linear	6771		Homo sapiens	Beijing/293/2007/CHN	false	ncbi-genbank	5b0a99f105914424adecac61f3ea867643e0a06decd3f7ebf05f977f11641781					626181	Human astrovirus 1 Beijing/293/2007/CHN	Beijing/293/2007/CHN				
GQ323774	1219419	3428504	collapsed_species	target	species taxid 3428504: representative taxon 1418031	GQ323774	GQ323774.1	rhinovirus C10	Enterovirus	Picornaviridae	Viruses; Riboviria; Orthornavirae; Pisuviricota; Pisoniviricetes; Picornavirales; Picornaviridae; Ensavirinae; Enterovirus; Enterovirus cerhino	RNA	linear	7010		Homo sapiens	HRV-QCE	false	ncbi-genbank	721bd97988be1fd6bf039d13b9dbfd652c4ea9a83e600a5cdde11927bfe273e8					1219419	rhinovirus C10	HRV-QCE				
GQ404858	742925	3047962	collapsed_species	target	species taxid 3047962: representative taxon 2038722	GQ404858	GQ404858.1	Cyclovirus TN18	Cyclovirus	Circoviridae	Viruses; Floreoviria; Shotokuvirae; Cressdnaviricota; Arfiviricetes; Cirlivirales; Circoviridae; Cyclovirus; Cyclovirus bashri	DNA	circular	1867		Homo sapiens	TN18	false	ncbi-genbank	5b55ef674356bff8fc3f482bbcdb174fffc304116a2cac292a3cbaecddc7c9dc					742925	Cyclovirus TN18					
GQ495608	37130	3430629	collapsed_species	target	species taxid 3430629: representative taxon 43358	GQ495608	GQ495608.1	Human astrovirus 6	Mamastrovirus	Astroviridae	Viruses; Riboviria; Orthornavirae; Pisuviricota; Stelpaviricetes; Stellavirales; Astroviridae; Mamastrovirus; Mamastrovirus hominis	RNA	linear	6757		Homo sapiens	192-BJ07-CHN	false	ncbi-genbank	0086c295ea181896578cc819129d803bcab32f361e5e8a7243d57b33f93b8070					37130	Human astrovirus 6					
KF039911	12701	3430629	collapsed_species	target	species taxid 3430629: representative taxon 43358	KF039911	KF039911.1	Human astrovirus 2	Mamastrovirus	Astroviridae	Viruses; Riboviria; Orthornavirae; Pisuviricota; Stelpaviricetes; Stellavirales; Astroviridae; Mamastrovirus; Mamastrovirus hominis	RNA	linear	6778			Rus-Nsc06-1029	false	ncbi-genbank	b1342ed80f7623389a50302ab0f3c536b5d926d660b6c878cc3ef7258ec99037					12701	Human astrovirus 2					
KF214638	1395611	3431103	collapsed_species	target	species taxid 3431103: representative taxon 1352534	KF214638	KF214638.1	Parvo-like hybrid virus UC11	Nicoomyvirus	Oomyviridae	Viruses; Floreoviria; Shotokuvirae; Cressdnaviricota; Arfiviricetes; Lineavirales; Oomyviridae; Nicoomyvirus; Nicoomyvirus moldensis	DNA	linear	3637			UC11	false	ncbi-genbank	65303a37ebee6dcf2e0e3cac42f9f3c5eb7deb5864db23b967ed82111b209028					1395611	Parvo-like hybrid virus UC11	UC11				
KF214640	1395620	3431103	collapsed_species	target	species taxid 3431103: representative taxon 1352534	KF214640	KF214640.1	Parvo-like hybrid virus UC9	Nicoomyvirus	Oomyviridae	Viruses; Floreoviria; Shotokuvirae; Cressdnaviricota; Arfiviricetes; Lineavirales; Oomyviridae; Nicoomyvirus; Nicoomyvirus moldensis	DNA	linear	3638			UC9	false	ncbi-genbank	972cc2f7b0dfed439eb8a0a375a8e39b8001c05f83f82fe3b020c33adc184153					1395620	Parvo-like hybrid virus UC9	UC9				
KF214645	1395615	3431103	collapsed_species	target	species taxid 3431103: representative taxon 1352534	KF214645	KF214645.1	Parvo-like hybrid virus UC4	Nicoomyvirus	Oomyviridae	Viruses; Floreoviria; Shotokuvirae; Cressdnaviricota; Arfiviricetes; Lineavirales; Oomyviridae; Nicoomyvirus; Nicoomyvirus moldensis	DNA	linear	3638			UC4	false	ncbi-genbank	ef7ffc3c0cac9a75e88428efc8c5a2a68fb7660a54580ab6d6405aea16828214					1395615	Parvo-like hybrid virus UC4	UC4				
KM105951	1608453	3431103	collapsed_species	target	species taxid 3431103: representative taxon 1352534	KM105951	KM105951.1	Parvovirus NIH-CQV-Co	Nicoomyvirus	Oomyviridae	Viruses; Floreoviria; Shotokuvirae; Cressdnaviricota; Arfiviricetes; Lineavirales; Oomyviridae; Nicoomyvirus; Nicoomyvirus moldensis	DNA	circular	3361			1	false	ncbi-genbank	90863e50f44f57394d8643bc09a78ab24088924ac592e04be7e7dc2a935d82ca					1608453	Parvovirus NIH-CQV-Co					
L23513	12456	3430629	collapsed_species	target	species taxid 3430629: representative taxon 43358	L23513	L23513.1	Human astrovirus 1	Mamastrovirus	Astroviridae	Viruses; Riboviria; Orthornavirae; Pisuviricota; Stelpaviricetes; Stellavirales; Astroviridae; Mamastrovirus; Mamastrovirus hominis	ss-RNA	linear	6771			Oxford	false	ncbi-genbank	1e47ceed0c3e59f88aceb0e8a9e7b2a6e48b3962ca154f2e18ffa23f7b05f9fb					12456	Human astrovirus 1		1			
NC_003976	172314	3431396	collapsed_species	target	species taxid 3431396: representative taxon 1001061	NC_003976	NC_003976.2	Ljungan virus	Parechovirus	Picornaviridae	Viruses; Riboviria; Orthornavirae; Pisuviricota; Pisoniviricetes; Picornavirales; Picornaviridae; Paavivirinae; Parechovirus; Parechovirus beljungani	ss-RNA	linear	7590			87-012	true	ncbi-genbank	1fb49fcdcd82c1eb4f4b00b28d80b4f0515c73422bd3fed4d7455903f5bcf459					172314	Ljungan virus	87-012				
NC_007018	1511919	3052770	collapsed_species	target	species taxid 3052770: representative taxon 289365	NC_007018	NC_007018.1	Human parvovirus 4 G1	Tetraparvovirus	Parvoviridae	Viruses; Floreoviria; Shotokuvirae; Cossaviricota; Quintoviricetes; Piccovirales; Parvoviridae; Parvovirinae; Tetraparvovirus; Tetraparvovirus primate1	DNA	linear	5268		Homo sapiens		true	ncbi-genbank	6899de6075c3e4cc3216921623341ed8a13a7fc20cdbedbb83735bd6b3fd9076					1511919	Human parvovirus 4 G1					
NC_009996	463676	3428504	collapsed_species	target	species taxid 3428504: representative taxon 1418031	NC_009996	NC_009996.1	Rhinovirus C	Enterovirus	Picornaviridae	Viruses; Riboviria; Orthornavirae; Pisuviricota; Pisoniviricetes; Picornavirales; Picornaviridae; Ensavirinae; Enterovirus; Enterovirus cerhino	RNA	linear	7099			024	true	ncbi-genbank	070fed8cf0a553465627d5d04417f4d16e24d42a62541901009a043c65e1ed14					463676	Rhinovirus C	024				
NC_010810	1425211	3427731	collapsed_species	target	species taxid 3427731: representative taxon 2779847	NC_010810	NC_010810.1	Saffold virus 2	Cardiovirus	Picornaviridae	Viruses; Riboviria; Orthornavirae; Pisuviricota; Pisoniviricetes; Picornavirales; Picornaviridae; Caphthovirinae; Cardiovirus; Cardiovirus saffoldi	RNA	linear	7961				true	ncbi-genbank	f9ecff6bc633b90c1b32e0f700b274ce56e8a8dd82dc22d3d8b2aae20d82bc02					1425211	Saffold virus 2					
NC_011400	568715	3430631	collapsed_species	target	species taxid 3430631: representative taxon 858367	NC_011400	NC_011400.1	Astrovirus MLB1	Mamastrovirus	Astroviridae	Viruses; Riboviria; Orthornavirae; Pisuviricota; Stelpaviricetes; Stellavirales; Astroviridae; Mamastrovirus; Mamastrovirus melbournense	RNA	linear	6171			MLB1	true	ncbi-genbank	c47f6f32d074b3b2c018ff8b70924a0b421cbba2a45158f6d5d7a32f57723b56					568715	Astrovirus MLB1					
NC_013060	645687	3430641	collapsed_species	target	species taxid 3430641: representative taxon 767521	NC_013060	NC_013060.1	Astrovirus VA1	Mamastrovirus	Astroviridae	Viruses; Riboviria; Orthornavirae; Pisuviricota; Stelpaviricetes; Stellavirales; Astroviridae; Mamastrovirus; Mamastrovirus virginiaense	ss-RNA	linear	6586		Homo sapiens	VA1	true	ncbi-genbank	99b8adbd50e468564b81bb92e387c057baee6025dc07a7d6032d79a1f5aef5d4					645687	Astrovirus VA1					
NC_015150	943908	2955297	collapsed_species	target	species taxid 2955297: representative taxon 988774	NC_015150	NC_015150.1	Human polyomavirus 9	Alphapolyomavirus	Polyomaviridae	Viruses; Floreoviria; Shotokuvirae; Cossaviricota; Papovaviricetes; Sepolyvirales; Polyomaviridae; Alphapolyomavirus; Alphapolyomavirus nonihominis	DNA	linear	5026		Homo sapiens	HPyV9	true	ncbi-genbank	54b1f23f3d7efc6354ffa4f0f15119e98edf94514125ca65c361cd40fbba2f39					943908	Human polyomavirus 9					
NC_018102	1203539	1208309	collapsed_species	target	species taxid 1208309: representative taxon 1208309	NC_018102	NC_018102.1	MW polyomavirus	Deltapolyomavirus	Polyomaviridae	Viruses; Floreoviria; Shotokuvirae; Cossaviricota; Papovaviricetes; Sepolyvirales; Polyomaviridae; Deltapolyomavirus; Deltapolyomavirus decihominis	DNA	circular	4927		Homo sapiens	MA095	true	ncbi-genbank	bd1f0495aee2d4030fb0a3f613c75da8788318ea87132cab3e275ccd38992dd7					1203539	MW polyomavirus	MA095				
NC_022089	1341019	3431103	collapsed_species	target	species taxid 3431103: representative taxon 1352534	NC_022089	NC_022089.1	Parvovirus NIH-CQV	Nicoomyvirus	Oomyviridae	Viruses; Floreoviria; Shotokuvirae; Cressdnaviricota; Arfiviricetes; Lineavirales; Oomyviridae; Nicoomyvirus; Nicoomyvirus moldensis	DNA	linear	3780		Homo sapiens	NIH-CQV	true	ncbi-genbank	3a51d689fa254db9f2676c6b371ef33d32d02b09c7a624bee518803e15167f0c					1341019	Parvovirus NIH-CQV					
NC_023888	1346815	1407638	collapsed_species	target	species taxid 1407638: representative taxon 1346816	NC_023888	NC_023888.1	Circo-like virus-Brazil hs1			Viruses; Circo-like virus-Brazil	DNA	circular	2526		Homo sapiens	hs1	true	ncbi-genbank	7531903f3cabe7aeccb64b5338a8fa702cf5d2a1b372f6ade389fd7a481ee29d					1346815	Circo-like virus-Brazil hs1	hs1				
NC_030922	1239565	3430629	collapsed_species	target	species taxid 3430629: representative taxon 43358	NC_030922	NC_030922.1	Mamastrovirus 1	Mamastrovirus	Astroviridae	Viruses; Riboviria; Orthornavirae; Pisuviricota; Stelpaviricetes; Stellavirales; Astroviridae; Mamastrovirus; Mamastrovirus hominis	RNA	linear	6673			V1347	true	ncbi-genbank	eb9e9a93fc425dbeae16ecf4168efce61757f07d1b223ab02dc8df0dfef31821					1239565	Mamastrovirus 1					
NC_036877	742915	3047960	collapsed_species	target	species taxid 3047960: representative taxon 2038720	NC_036877	NC_036877.1	Cyclovirus PK5006	Cyclovirus	Circoviridae	Viruses; Floreoviria; Shotokuvirae; Cressdnaviricota; Arfiviricetes; Cirlivirales; Circoviridae; Cyclovirus; Cyclovirus insaan	DNA	circular	1723		Homo sapiens	PK5006	true	ncbi-genbank	56c09a4649abeb0f55607e4dd72c1b7651e40af4780894e4fc4b74603d567ee9					742915	Cyclovirus PK5006					
NC_038412	742918	3047956	collapsed_species	target	species taxid 3047956: representative taxon 2038719	NC_038412	NC_038412.1	Cyclovirus PK5510	Cyclovirus	Circoviridae	Viruses; Floreoviria; Shotokuvirae; Cressdnaviricota; Arfiviricetes; Cirlivirales; Circoviridae; Cyclovirus; Cyclovirus maanav	DNA	circular	1759		Homo sapiens	PK5510	true	ncbi-genbank	898f79c886d2d38c5132bd7f319d34b5bf85c12c5a11da77b72089fb297d1f32					742918	Cyclovirus PK5510					
NC_038413	742917	3047961	collapsed_species	target	species taxid 3047961: representative taxon 2038721	NC_038413	NC_038413.1	Cyclovirus PK5222	Cyclovirus	Circoviridae	Viruses; Floreoviria; Shotokuvirae; Cressdnaviricota; Arfiviricetes; Cirlivirales; Circoviridae; Cyclovirus; Cyclovirus manukha	DNA	circular	1740		Homo sapiens	PK5222	true	ncbi-genbank	8f8c51780e889342f41d2b3be25065470638513dcda3c8da7606365998e83c25					742917	Cyclovirus PK5222					
NC_038414	742924	3047962	collapsed_species	target	species taxid 3047962: representative taxon 2038722	NC_038414	NC_038414.1	Cyclovirus TN25	Cyclovirus	Circoviridae	Viruses; Floreoviria; Shotokuvirae; Cressdnaviricota; Arfiviricetes; Cirlivirales; Circoviridae; Cyclovirus; Cyclovirus bashri	DNA	circular	1867		Homo sapiens	TN25	true	ncbi-genbank	4ec2c2fba53f5d6644e8d36948ef7b76b984ee998baa3d358b908f9d8845630e					742924	Cyclovirus TN25					
NC_038415	742916	3047963	collapsed_species	target	species taxid 3047963: representative taxon 2038723	NC_038415	NC_038415.1	Cyclovirus PK5034	Cyclovirus	Circoviridae	Viruses; Floreoviria; Shotokuvirae; Cressdnaviricota; Arfiviricetes; Cirlivirales; Circoviridae; Cyclovirus; Cyclovirus homa	DNA	circular	1780		Homo sapiens	PK5034	true	ncbi-genbank	9a14bc162e5dc167dcd1eceea1229a53fafcb0570f89c3e2a74959d2eb4e1c5b					742916	Cyclovirus PK5034					
NC_038416	742922	3047964	collapsed_species	target	species taxid 3047964: representative taxon 2038724	NC_038416	NC_038416.1	Cyclovirus NG12	Cyclovirus	Circoviridae	Viruses; Floreoviria; Shotokuvirae; Cressdnaviricota; Arfiviricetes; Cirlivirales; Circoviridae; Cyclovirus; Cyclovirus mmadu	DNA	circular	1794		Homo sapiens	NG12	true	ncbi-genbank	5883f3b9b2cff7013d8ead9b1c337e80d64cd52cd94c8c3fbe522eeefd615270					742922	Cyclovirus NG12					
NC_038417	742923	3047965	collapsed_species	target	species taxid 3047965: representative taxon 2038725	NC_038417	NC_038417.1	Cyclovirus NG14	Cyclovirus	Circoviridae	Viruses; Floreoviria; Shotokuvirae; Cressdnaviricota; Arfiviricetes; Cirlivirales; Circoviridae; Cyclovirus; Cyclovirus mutum	DNA	circular	1795		Homo sapiens	NG14	true	ncbi-genbank	32d16958f125fdefc27256f6a7c5ceaa0eed22ee2f87deb1d12a5823ea8e8946					742923	Cyclovirus NG14					
NC_038436	1704090	3052606	collapsed_species	target	species taxid 3052606: representative taxon 1729141	NC_038436	NC_038436.1	Human hepegivirus	Pegivirus	Hepaciviridae	Viruses; Riboviria; Orthornavirae; Kitrinoviricota; Flasuviricetes; Amarillovirales; Hepaciviridae; Pegivirus; Pegivirus columbiaense	RNA	linear	9538		Homo sapiens	AK-790	true	ncbi-genbank	fab7b33ecf23f4a26b30f35188c037bbb271cc888bf83a77b476d203a70f39c4					1704090	Human hepegivirus					
NC_038878	992230	3428504	collapsed_species	target	species taxid 3428504: representative taxon 1418031	NC_038878	NC_038878.1	Human rhinovirus NAT001	Enterovirus	Picornaviridae	Viruses; Riboviria; Orthornavirae; Pisuviricota; Pisoniviricetes; Picornavirales; Picornaviridae; Ensavirinae; Enterovirus; Enterovirus cerhino	RNA	linear	6944			NAT001	true	ncbi-genbank	e60446e8865d581704a61c0e44cafec983d450943c040be2ec3565fb992d4e91					992230	Human rhinovirus NAT001					
NC_074955	1678143	1678143	collapsed_species	target	species taxid 1678143: representative taxon 509628	NC_074955	NC_074955.1	Paslahepevirus balayani	Paslahepevirus	Hepeviridae	Viruses; Riboviria; Orthornavirae; Kitrinoviricota; Alsuviricetes; Hepelivirales; Hepeviridae; Orthohepevirinae; Paslahepevirus	ss-RNA	linear	7207				true	ncbi-genbank	9ab84a1cb392281f0bccf6bec6604e27bf42c0427cb141014786f112bf8ef95b					1678143	Paslahepevirus balayani					
Y07725	11641	11642	collapsed_species	target	species taxid 11642: representative taxon 11963	Y07725	Y07725.1	Human foamy virus	Simian foamy virus	Retroviridae	Viruses; Riboviria; Pararnavirae; Artverviricota; Revtraviricetes; Ortervirales; Retroviridae; Spumaretrovirinae; Simian foamy virus	DNA	linear	13242				false	ncbi-genbank	9a391d1ee7261cf5116c12f361e7ac44234d68990e2d8755f68801b4faf9041a					11641	Human foamy virus					
AB032553	59303	3426303	keep	target	no /host; Virus-Host DB lists Homo sapiens	AB032553	AB032553.1	Sagiyama virus	Alphavirus	Togaviridae	Viruses; Riboviria; Orthornavirae; Kitrinoviricota; Alsuviricetes; Martellivirales; Togaviridae; Alphavirus; Alphavirus getah	RNA	linear	11698				false	ncbi-genbank	913ba551d4eb8b6f02810c59be143b030fc80400b6436b9f365e9d4ac752ff4b					59303	Sagiyama virus					
AB593690	509628	1678143	keep	target	no /host; Virus-Host DB lists Homo sapiens	AB593690	AB593690.1	Hepatitis E virus type 3	Paslahepevirus	Hepeviridae	Viruses; Riboviria; Orthornavirae; Kitrinoviricota; Alsuviricetes; Hepelivirales; Hepeviridae; Orthohepevirinae; Paslahepevirus; Paslahepevirus balayani	RNA	linear	7246			JE03-1760F_p10/B	false	ncbi-genbank	41f2e76eadee07020cb265fc6f24a55987e39028fa4647be5d6b68446458f998					509628	Hepatitis E virus type 3					
AF201902	2849477	3428564	keep	target	no /host; Virus-Host DB lists Homo sapiens	AF201902	AF201902.1	equine foamy virus Equus caballus	Equispumavirus	Retroviridae	Viruses; Riboviria; Pararnavirae; Artverviricota; Revtraviricetes; Ortervirales; Retroviridae; Spumaretrovirinae; Equispumavirus; Equispumavirus equcab	DNA	linear	12035				false	ncbi-genbank	8afb6ac19f91b6b14cc22376d1ae7ad31ebc209635ab4a1cdfdc8f6b66fbeded					2849477	equine foamy virus Equus caballus					
AF260508	43358	3430629	keep	target	no /host; Virus-Host DB lists Homo sapiens	AF260508	AF260508.1	Human astrovirus 8	Mamastrovirus	Astroviridae	Viruses; Riboviria; Orthornavirae; Pisuviricota; Stelpaviricetes; Stellavirales; Astroviridae; Mamastrovirus; Mamastrovirus hominis	RNA	linear	6759			Yuc-8	false	ncbi-genbank	d13fc05fa1bb2f568e609a998df7a670cd5bac751be9c2bd36c34717d5f15568					43358	Human astrovirus 8	Yuc-8				
AF327920	1001061	3431396	keep	target	no /host; Virus-Host DB lists Homo sapiens	AF327920	AF327920.2	parechovirus B1	Parechovirus	Picornaviridae	Viruses; Riboviria; Orthornavirae; Pisuviricota; Pisoniviricetes; Picornavirales; Picornaviridae; Paavivirinae; Parechovirus; Parechovirus beljungani	ss-RNA	linear	7590			87-012	false	ncbi-genbank	1065b7dce67c315b531888b4460c8cb24f8c3faa7797da1d82eb8ebdc1466e4d					1001061	parechovirus B1	87-012				
AM711976	443975	443974	keep	target	no /host; Virus-Host DB lists Homo sapiens	AM711976	AM711976.1	TT virus sle1957		Anelloviridae	Viruses; Floreoviria; Shotokuvirae; Commensaviricota; Cardeaviricetes; Sanitavirales; Anelloviridae	DNA	circular	3773				false	ncbi-genbank	20799868dd701fe940d9e5934773d2d3345e459a0ce747bad2bb3c721153116c					443975	TT virus sle1957					
DQ093792	28332	3428214	keep	target	no /host; Virus-Host DB lists Homo sapiens	DQ093792	DQ093792.1	Human T-lymphotropic virus 3	Deltaretrovirus	Retroviridae	Viruses; Riboviria; Pararnavirae; Artverviricota; Revtraviricetes; Ortervirales; Retroviridae; Orthoretrovirinae; Deltaretrovirus; Deltaretrovirus priTlym3	DNA	linear	8917			2026ND	false	ncbi-genbank	f9d94561ded32f1b7fd3c63e9260d357cdfaac285e389c2dea641cf27a13008d					28332	Human T-lymphotropic virus 3	2026ND				
DQ778300	394504	329641	keep	target	no /host; Virus-Host DB lists Homo sapiens	DQ778300	DQ778300.1	Human bocavirus WLL-1	Human bocavirus	Parvoviridae	Viruses; Floreoviria; Shotokuvirae; Cossaviricota; Quintoviricetes; Piccovirales; Parvoviridae; Parvovirinae; Bocaparvovirus; Human bocavirus	DNA	linear	5297			WLL-1	false	ncbi-genbank	422fc30509352ccf1cd4f39c678bdf6e4c0724826dfde5a930ac7143ca2b84a7					394504	Human bocavirus WLL-1					
DQ923122	332179	3241445	keep	target	no /host; Virus-Host DB lists Homo sapiens	DQ923122	DQ923122.2	human adenovirus 52	Mastadenovirus	Adenoviridae	Viruses; Varidnaviria; Bamfordvirae; Preplasmiviricota; Polisuviricotina; Pharingeaviricetes; Rowavirales; Adenoviridae; Mastadenovirus; Mastadenovirus russelli	DNA	linear	34250			T03-2244	false	ncbi-genbank	cbf62145e73472f814323a68d7ef3e109afaa3151092da6978eb9e5a78f62898					332179	human adenovirus 52					
EF165067	2779847	3427731	keep	target	no /host; Virus-Host DB lists Homo sapiens	EF165067	EF165067.2	cardiovirus D1	Cardiovirus	Picornaviridae	Viruses; Riboviria; Orthornavirae; Pisuviricota; Pisoniviricetes; Picornavirales; Picornaviridae; Caphthovirinae; Cardiovirus; Cardiovirus saffoldi	RNA	linear	8115				false	ncbi-genbank	da29e809b6831600d62c682cf71beaf064419c3dcc3c6ccf5043d6b2538547eb					2779847	cardiovirus D1					
EF582386	1418031	3428504	keep	target	no /host; Virus-Host DB lists Homo sapiens	EF582386	EF582386.1	rhinovirus C5	Enterovirus	Picornaviridae	Viruses; Riboviria; Orthornavirae; Pisuviricota; Pisoniviricetes; Picornavirales; Picornaviridae; Ensavirinae; Enterovirus; Enterovirus cerhino	RNA	linear	7114			025	false	ncbi-genbank	4225068b98033d2fe3aa3b86898c562c0e5efffa0cee51048359416f82acd4e5					1418031	rhinovirus C5	025				
EU523109	61673	3428960	keep	target	no /host; Virus-Host DB lists Homo sapiens	EU523109	EU523109.1	Porcine endogenous retrovirus	Gammaretrovirus	Retroviridae	Viruses; Riboviria; Pararnavirae; Artverviricota; Revtraviricetes; Ortervirales; Retroviridae; Orthoretrovirinae; Gammaretrovirus; Gammaretrovirus porConc	DNA	linear	8801				false	ncbi-genbank	11cd67dc9cffae94a1d7c04d27402afbdfc16c87af842433f850e9b2d22789ae					61673	Porcine endogenous retrovirus					
FR751515	943084	943084	keep	target	no /host; Virus-Host DB lists Homo sapiens	FR751515	FR751515.1	Micro Torque teno virus		Anelloviridae	Viruses; Floreoviria; Shotokuvirae; Commensaviricota; Cardeaviricetes; Sanitavirales; Anelloviridae	DNA	circular	1224			microTTV-HD14.2 (zpr4.B6.125)	false	ncbi-genbank	4cde46ed505f24b0c8cd692a9fb2ab0b3860040d52c4b9e1630594aad9ab21e9					943084	Micro Torque teno virus					
FR823284	988774	2955297	keep	target	no /host; Virus-Host DB lists Homo sapiens	FR823284	FR823284.2	Human polyomavirus IPPyV	Alphapolyomavirus	Polyomaviridae	Viruses; Floreoviria; Shotokuvirae; Cossaviricota; Papovaviricetes; Sepolyvirales; Polyomaviridae; Alphapolyomavirus; Alphapolyomavirus nonihominis	DNA	circular	5028			915 F 06 001 PJ	false	ncbi-genbank	6d83887cdee8d2281404f8a8458f62360476a46959b8639514140c282abaacf5					988774	Human polyomavirus IPPyV					
GQ404844	2038720	3047960	keep	target	host=Homo sapiens	GQ404844	GQ404844.1	Human associated cyclovirus 2	Cyclovirus	Circoviridae	Viruses; Floreoviria; Shotokuvirae; Cressdnaviricota; Arfiviricetes; Cirlivirales; Circoviridae; Cyclovirus; Cyclovirus insaan	DNA	circular	1723		Homo sapiens	PK5006	false	ncbi-genbank	590f554ea118908a58d9b4ba6bd456730b7c0277705f087cc81b4b4df5741ed9					2038720	Human associated cyclovirus 2					
GQ404845	2038723	3047963	keep	target	host=Homo sapiens	GQ404845	GQ404845.1	Human associated cyclovirus 5	Cyclovirus	Circoviridae	Viruses; Floreoviria; Shotokuvirae; Cressdnaviricota; Arfiviricetes; Cirlivirales; Circoviridae; Cyclovirus; Cyclovirus homa	DNA	circular	1780		Homo sapiens	PK5034	false	ncbi-genbank	9a0675dbd5ccea275843bd926ee15df26d45b933917637003288993dbe479330					2038723	Human associated cyclovirus 5					
GQ404846	2038721	3047961	keep	target	host=Homo sapiens	GQ404846	GQ404846.1	Human associated cyclovirus 3	Cyclovirus	Circoviridae	Viruses; Floreoviria; Shotokuvirae; Cressdnaviricota; Arfiviricetes; Cirlivirales; Circoviridae; Cyclovirus; Cyclovirus manukha	DNA	circular	1740		Homo sapiens	PK5222	false	ncbi-genbank	d49652fc32e267ff40ca23e11f3ee22a46d5b66f2129a5a44881afe04e876b87					2038721	Human associated cyclovirus 3					
GQ404847	2038719	3047956	keep	target	host=Homo sapiens	GQ404847	GQ404847.1	Human associated cyclovirus 1	Cyclovirus	Circoviridae	Viruses; Floreoviria; Shotokuvirae; Cressdnaviricota; Arfiviricetes; Cirlivirales; Circoviridae; Cyclovirus; Cyclovirus maanav	DNA	circular	1759		Homo sapiens	PK5510	false	ncbi-genbank	1112c24c48420f84639d57945fab69f7de833161504193c21d27efef44316241					2038719	Human associated cyclovirus 1					
GQ404848	742919	742919	keep	target	host=Homo sapiens	GQ404848	GQ404848.1	Cyclovirus PK6197	Cyclovirus	Circoviridae	Viruses; Floreoviria; Shotokuvirae; Cressdnaviricota; Arfiviricetes; Cirlivirales; Circoviridae; Cyclovirus	DNA	circular	1741		Homo sapiens	PK6197	false	ncbi-genbank	c899c2a2fa072bc4340ac2f1e8906aa9963608ee2c082b5e3a01959555a56deb					742919	Cyclovirus PK6197					
GQ404854	2038724	3047964	keep	target	host=Homo sapiens	GQ404854	GQ404854.1	Human associated cyclovirus 6	Cyclovirus	Circoviridae	Viruses; Floreoviria; Shotokuvirae; Cressdnaviricota; Arfiviricetes; Cirlivirales; Circoviridae; Cyclovirus; Cyclovirus mmadu	DNA	circular	1794		Homo sapiens	NG12	false	ncbi-genbank	1f4747614569578dd498c7e776ffc8c9f494c9b95d38c0c8a730cd03de26d80e					2038724	Human associated cyclovirus 6					
GQ404855	2038725	3047965	keep	target	host=Homo sapiens	GQ404855	GQ404855.1	Human associated cyclovirus 7	Cyclovirus	Circoviridae	Viruses; Floreoviria; Shotokuvirae; Cressdnaviricota; Arfiviricetes; Cirlivirales; Circoviridae; Cyclovirus; Cyclovirus mutum	DNA	circular	1795		Homo sapiens	NG14	false	ncbi-genbank	233fe3604c17620ab80afec4c32caff86cf12fa73ebe51f748601362262db46b					2038725	Human associated cyclovirus 7					
GQ404857	2038722	3047962	keep	target	host=Homo sapiens	GQ404857	GQ404857.1	Human associated cyclovirus 4	Cyclovirus	Circoviridae	Viruses; Floreoviria; Shotokuvirae; Cressdnaviricota; Arfiviricetes; Cirlivirales; Circoviridae; Cyclovirus; Cyclovirus bashri	DNA	circular	1867		Homo sapiens	TN25	false	ncbi-genbank	688ad332bd168a80b3a9de565c128dfbd4e38dceffd5fc810d33df9b1705db26					2038722	Human associated cyclovirus 4					
GQ891990	767521	3430641	keep	target	host=Homo sapiens	GQ891990	GQ891990.1	Astrovirus SG	Mamastrovirus	Astroviridae	Viruses; Riboviria; Orthornavirae; Pisuviricota; Stelpaviricetes; Stellavirales; Astroviridae; Mamastrovirus; Mamastrovirus virginiaense	ss-RNA	linear	6584		Homo sapiens	SG	false	ncbi-genbank	9d52ae4999bd6900343ccaa663a65a79945bf6d37a7feac96ca8c530e8d725b9					767521	Astrovirus SG					
HM450380	858367	3430631	keep	target	host=Homo sapiens	HM450380	HM450380.1	Astrovirus MLB1 HK05	Mamastrovirus	Astroviridae	Viruses; Riboviria; Orthornavirae; Pisuviricota; Stelpaviricetes; Stellavirales; Astroviridae; Mamastrovirus; Mamastrovirus melbournense	RNA	linear	6171		Homo sapiens	MLB1 HK05	false	ncbi-genbank	b0b8e1b14336bacf1ac6b88ff2d02926b8b4d349ee96aa9df520d6585f86bdf3					858367	Astrovirus MLB1 HK05					
JQ410350	1452750	3431482	keep	target	host=Homo sapiens	JQ410350	JQ410350.1	Ectromelia virus ERPV	Orthopoxvirus	Poxviridae	Viruses; Varidnaviria; Bamfordvirae; Nucleocytoviricota; Pokkesviricetes; Chitovirales; Poxviridae; Chordopoxvirinae; Orthopoxvirus; Orthopoxvirus ectromelia	DNA	linear	206527		Homo sapiens	ERPV	false	ncbi-genbank	a7e3e3b37b9ae7dcd5dc22950f9453758a46d0d7625e880cbc693a101b7362b6					1452750	Ectromelia virus ERPV	ERPV				
JX245014	12721	12721	keep	target	host=Homo sapiens	JX245014	JX245014.1	Human immunodeficiency virus	Lentivirus	Retroviridae	Viruses; Riboviria; Pararnavirae; Artverviricota; Revtraviricetes; Ortervirales; Retroviridae; Orthoretrovirinae; Lentivirus	DNA	linear	9157		Homo sapiens	10Gab1190	false	ncbi-genbank	7d943d07fd8c75702dc29bbf864f227e4ba8fe859b55aeb34919c1d7bdbe7783					12721	Human immunodeficiency virus					
JX259273	1231709	1231709	keep	target	host=Homo sapiens	JX259273	JX259273.1	MX polyomavirus		Polyomaviridae	Viruses; Floreoviria; Shotokuvirae; Cossaviricota; Papovaviricetes; Sepolyvirales; Polyomaviridae	DNA	linear	4939		Homo sapiens	UC-MXPyV-1	false	ncbi-genbank	562575ae51ef0c78e2a8eb3baf0156a939feefa4f1ff2860005602db9bd88c8a					1231709	MX polyomavirus					
JX262162	1208309	1208309	keep	target	host=Homo sapiens	JX262162	JX262162.1	Deltapolyomavirus decihominis	Deltapolyomavirus	Polyomaviridae	Viruses; Floreoviria; Shotokuvirae; Cossaviricota; Papovaviricetes; Sepolyvirales; Polyomaviridae; Deltapolyomavirus	DNA	circular	4939		Homo sapiens	10ww	false	ncbi-genbank	791b143ca2a5a5d6fe8e8f23734cd90a61c8742e5977e9d69c1aede2d95fad52					1208309	Deltapolyomavirus decihominis					
JX491648	1511785	3431402	keep	target	no /host; Virus-Host DB lists Homo sapiens	JX491648	JX491648.1	pasivirus A2	Pasivirus	Picornaviridae	Viruses; Riboviria; Orthornavirae; Pisuviricota; Pisoniviricetes; Picornavirales; Picornaviridae; Paavivirinae; Pasivirus; Pasivirus agallia	RNA	linear	6858			PLV-CHN	false	ncbi-genbank	c3e3d5629df2e146a2a1805c88802b82f8cfde6bdca039e672555fe40b8a4793					1511785	pasivirus A2					
JX559622	1346816	1407638	keep	target	host=Homo sapiens	JX559622	JX559622.1	Circo-like virus-Brazil hs2			Viruses; Circo-like virus-Brazil	DNA	circular	2533		Homo sapiens	hs2	false	ncbi-genbank	7ee8b1daa4bbbdc78ebec4df200975159a8bb6afb8f521a2798ac587c8de6e9b					1346816	Circo-like virus-Brazil hs2	hs2				
KF170373	1352534	3431103	keep	target	no /host; Virus-Host DB lists Homo sapiens	KF170373	KF170373.1	Parvo-like hybrid virus UC1	Nicoomyvirus	Oomyviridae	Viruses; Floreoviria; Shotokuvirae; Cressdnaviricota; Arfiviricetes; Lineavirales; Oomyviridae; Nicoomyvirus; Nicoomyvirus moldensis	DNA	linear	3638			UC1	false	ncbi-genbank	c35a40ccc4c63d3f9f735cf860191d78b53b6ace47dad514f44fa91a284307d2					1352534	Parvo-like hybrid virus UC1	UC1				
KM390024	289365	3052770	keep	target	host=Homo sapiens	KM390024	KM390024.1	Human parvovirus 4	Tetraparvovirus	Parvoviridae	Viruses; Floreoviria; Shotokuvirae; Cossaviricota; Quintoviricetes; Piccovirales; Parvoviridae; Parvovirinae; Tetraparvovirus; Tetraparvovirus primate1	DNA	linear	5268		Homo sapiens	T609	false	ncbi-genbank	c0118a71b22d8170eefe0ac626c633972976f2c0c9b609fdcd26ddfc802f9562					289365	Human parvovirus 4					
NC_002532	11047	2499620	keep	target	no /host; Virus-Host DB lists Homo sapiens	NC_002532	NC_002532.2	Equine arteritis virus	Alphaarterivirus	Arteriviridae	Viruses; Riboviria; Orthornavirae; Pisuviricota; Pisoniviricetes; Nidovirales; Arnidovirineae; Arteriviridae; Equarterivirinae; Alphaarterivirus; Alphaarterivirus equid	ss-RNA	linear	12704			Bucyrus	true	ncbi-genbank	9e282e23a7faf91b6ba8f471dac05d39d5adc89d34ddb4c23dfa23559d7f9795					11047	Equine arteritis virus	Bucyrus				
NC_003988	310907	3428510	keep	target	no /host; Virus-Host DB lists Homo sapiens	NC_003988	NC_003988.1	Enterovirus H	Enterovirus	Picornaviridae	Viruses; Riboviria; Orthornavirae; Pisuviricota; Pisoniviricetes; Picornavirales; Picornaviridae; Ensavirinae; Enterovirus; Enterovirus hesimi	ss-RNA	linear	7374				true	ncbi-genbank	13d53ccfd1db9a2a0ae5cf2b33498a063d23ecf31a28a7e1da5ade1f6bda076c					310907	Enterovirus H					
NC_004421	194965	194965	keep	target	no /host; Virus-Host DB lists Homo sapiens	NC_004421	NC_004421.1	Kobuvirus bejaponia	Kobuvirus	Picornaviridae	Viruses; Riboviria; Orthornavirae; Pisuviricota; Pisoniviricetes; Picornavirales; Picornaviridae; Kodimesavirinae; Kobuvirus	RNA	linear	8374			U-1	true	ncbi-genbank	5825a100662ef765601d93f3ed9bd8e4e3e8bff9d405533a3ff31e50f4696c2d					194965	Kobuvirus bejaponia	U-1				
NC_009448	434309	3427732	keep	target	no /host; Virus-Host DB lists Homo sapiens	NC_009448	NC_009448.2	Saffold virus	Cardiovirus	Picornaviridae	Viruses; Riboviria; Orthornavirae; Pisuviricota; Pisoniviricetes; Picornavirales; Picornaviridae; Caphthovirinae; Cardiovirus; Cardiovirus theileri	ss-RNA	linear	8115				true	ncbi-genbank	9a003b909f778bb260f50c065dcd50488c4c6b99d3f14712d769201c059d1593					434309	Saffold virus					
NC_010820	338079	3432452	keep	target	no /host; Virus-Host DB lists Homo sapiens	NC_010820	NC_010820.1	African green monkey simian foamy virus	Simiispumavirus	Retroviridae	Viruses; Riboviria; Pararnavirae; Artverviricota; Revtraviricetes; Ortervirales; Retroviridae; Spumaretrovirinae; Simiispumavirus; Simiispumavirus chlaet	DNA	linear	13111			LK-3	true	ncbi-genbank	026d4842e2ba38e1027bcc2c59565ce3b5ab4536150c6deaaaf8444b32aaa23f					338079	African green monkey simian foamy virus	LK-3				
NC_012798	2003651	3428097	keep	target	host=Homo sapiens	NC_012798	NC_012798.1	Cosavirus E	Cosavirus	Picornaviridae	Viruses; Riboviria; Orthornavirae; Pisuviricota; Pisoniviricetes; Picornavirales; Picornaviridae; Caphthovirinae; Cosavirus; Cosavirus eaustrali	ss-RNA	linear	6580		Homo sapiens	HCoSV-E1	true	ncbi-genbank	8f962390d04b3a37f4807e15f234213954ab44b8b83f0145503444397d70d44d					2003651	Cosavirus E	HCoSV-E1				
NC_012801	586420	3428095	keep	target	host=Homo sapiens	NC_012801	NC_012801.1	Human cosavirus B	Cosavirus	Picornaviridae	Viruses; Riboviria; Orthornavirae; Pisuviricota; Pisoniviricetes; Picornavirales; Picornaviridae; Caphthovirinae; Cosavirus; Cosavirus bepakis	ss-RNA	linear	7205		Homo sapiens	2263	true	ncbi-genbank	61d440360a73377d195c516ef1c084b32230d5647505912f0c178933035e639d					586420	Human cosavirus B	HCoSV-B1				
NC_012802	2003650	3428096	keep	target	host=Homo sapiens	NC_012802	NC_012802.1	Cosavirus D	Cosavirus	Picornaviridae	Viruses; Riboviria; Orthornavirae; Pisuviricota; Pisoniviricetes; Picornavirales; Picornaviridae; Caphthovirinae; Cosavirus; Cosavirus depakis	ss-RNA	linear	7215		Homo sapiens	5004	true	ncbi-genbank	5b6cd083cb5c233092df4b3f7933a2fcdaba31c4c81c4b6f81e604457a153d2c					2003650	Cosavirus D	HCoSV-D1				
NC_013443	682382	682382	keep	target	host=Homo sapiens	NC_013443	NC_013443.1	HMO Astrovirus A	Mamastrovirus	Astroviridae	Viruses; Riboviria; Orthornavirae; Pisuviricota; Stelpaviricetes; Stellavirales; Astroviridae; Mamastrovirus	ss-RNA	linear	6534		Homo sapiens	NI-295	true	ncbi-genbank	5b34b2cd87044c55dfc3d16f5ea2d41c3ed2b2d331a5a3e23fb4af2e02cc46da					682382	HMO Astrovirus A					
NC_016155	683172	683172	keep	target	host=Homo sapiens	NC_016155	NC_016155.1	Astrovirus MLB2		Astroviridae	Viruses; Riboviria; Orthornavirae; Pisuviricota; Stelpaviricetes; Stellavirales; Astroviridae	RNA	linear	6119		Homo sapiens	MLB2/human/Stl/WD0559/2008	true	ncbi-genbank	15e8de36e464757a45212b9385db9fd68f8183517b10cdc4d1f3f2f24f6d0eba					683172	Astrovirus MLB2					
NC_019026	683174	683174	keep	target	host=Homo sapiens	NC_019026	NC_019026.1	Astrovirus VA3		Astroviridae	Viruses; Riboviria; Orthornavirae; Pisuviricota; Stelpaviricetes; Stellavirales; Astroviridae	RNA	linear	6581		Homo sapiens	VA3/human/Vellore/28054/2005	true	ncbi-genbank	b5ced82e3236d36fc4a9230b145e0fe00ee2fe65d517a84f2be1e4a7cfd44463					683174	Astrovirus VA3					
NC_019027	1247113	1247113	keep	target	host=Homo sapiens	NC_019027	NC_019027.1	Astrovirus VA4		Astroviridae	Viruses; Riboviria; Orthornavirae; Pisuviricota; Stelpaviricetes; Stellavirales; Astroviridae	RNA	linear	6518		Homo sapiens	VA4/human/Nepal/S5363/2008	true	ncbi-genbank	ecb9806a107cc04a70926ca08f067dd305894d5589970577cbf788c77b5a29e1					1247113	Astrovirus VA4					
NC_019028	1247114	1247114	keep	target	host=Homo sapiens	NC_019028	NC_019028.1	Astrovirus MLB3		Astroviridae	Viruses; Riboviria; Orthornavirae; Pisuviricota; Stelpaviricetes; Stellavirales; Astroviridae	RNA	linear	6124		Homo sapiens	MLB3/human/Vellore/26564/2004	true	ncbi-genbank	a361a2d0de419608e55749a5ea1460099f3b87a7468be8b594dc960957d42030					1247114	Astrovirus MLB3					
NC_020106	1277649	1891745	keep	target	host=Homo sapiens	NC_020106	NC_020106.1	STL polyomavirus	Deltapolyomavirus	Polyomaviridae	Viruses; Floreoviria; Shotokuvirae; Cossaviricota; Papovaviricetes; Sepolyvirales; Polyomaviridae; Deltapolyomavirus; Deltapolyomavirus undecihominis	DNA	circular	4776		Homo sapiens	MA138	true	ncbi-genbank	5b60f9372e0806379e617ee4e16a854d429baace17c5d19a2c6576db711d213a					1277649	STL polyomavirus	MA138				
NC_020439	419697	1459003	keep	target	no /host; Virus-Host DB lists Homo sapiens	NC_020439	NC_020439.1	Melaka orthoreovirus	Pteropine orthoreovirus	Spinareoviridae	Viruses; Riboviria; Orthornavirae; Duplornaviricota; Resentoviricetes; Reovirales; Spinareoviridae; Orthoreovirus; Pteropine orthoreovirus	RNA	linear	3896	L1			true	ncbi-genbank	0a868ce0a59a090044e0887a177da797f95592fae260c8c7df5d2fe4f3fd7f1b					419697	Melaka orthoreovirus					
NC_020440	419697	1459003	keep	target	no /host; Virus-Host DB lists Homo sapiens	NC_020440	NC_020440.1	Melaka orthoreovirus	Pteropine orthoreovirus	Spinareoviridae	Viruses; Riboviria; Orthornavirae; Duplornaviricota; Resentoviricetes; Reovirales; Spinareoviridae; Orthoreovirus; Pteropine orthoreovirus	RNA	linear	3954	L3			true	ncbi-genbank	c9435c4944fb917edeea202026db8caccf3836975e05c5d3690313a4c2871806					419697	Melaka orthoreovirus					
NC_020441	419697	1459003	keep	target	no /host; Virus-Host DB lists Homo sapiens	NC_020441	NC_020441.1	Melaka orthoreovirus	Pteropine orthoreovirus	Spinareoviridae	Viruses; Riboviria; Orthornavirae; Duplornaviricota; Resentoviricetes; Reovirales; Spinareoviridae; Orthoreovirus; Pteropine orthoreovirus	RNA	linear	2295	M1			true	ncbi-genbank	8d0d9d4efd876d56b774ab148be94dfde7707fb3ec3bbeed19e9e50571b4ab88					419697	Melaka orthoreovirus					
NC_020442	419697	1459003	keep	target	no /host; Virus-Host DB lists Homo sapiens	NC_020442	NC_020442.1	Melaka orthoreovirus	Pteropine orthoreovirus	Spinareoviridae	Viruses; Riboviria; Orthornavirae; Duplornaviricota; Resentoviricetes; Reovirales; Spinareoviridae; Orthoreovirus; Pteropine orthoreovirus	RNA	linear	2145	M2			true	ncbi-genbank	ef958d5da0074ba438393978d9fcdc6bd63994480672f5fc3fc6931bb2468f4e					419697	Melaka orthoreovirus					
NC_020443	419697	1459003	keep	target	no /host; Virus-Host DB lists Homo sapiens	NC_020443	NC_020443.1	Melaka orthoreovirus	Pteropine orthoreovirus	Spinareoviridae	Viruses; Riboviria; Orthornavirae; Duplornaviricota; Resentoviricetes; Reovirales; Spinareoviridae; Orthoreovirus; Pteropine orthoreovirus	RNA	linear	1984	M3			true	ncbi-genbank	f2e2183d97005860aad14da64276b62dfb4ea4bc7286ed841d5e280f16d80129					419697	Melaka orthoreovirus					
NC_020444	419697	1459003	keep	target	no /host; Virus-Host DB lists Homo sapiens	NC_020444	NC_020444.1	Melaka orthoreovirus	Pteropine orthoreovirus	Spinareoviridae	Viruses; Riboviria; Orthornavirae; Duplornaviricota; Resentoviricetes; Reovirales; Spinareoviridae; Orthoreovirus; Pteropine orthoreovirus	RNA	linear	1322	S2			true	ncbi-genbank	d2201aa271322f597cefa9c4ce10977984fac37c8b87ebaf24ceb7644e52f169					419697	Melaka orthoreovirus					
NC_020445	419697	1459003	keep	target	no /host; Virus-Host DB lists Homo sapiens	NC_020445	NC_020445.1	Melaka orthoreovirus	Pteropine orthoreovirus	Spinareoviridae	Viruses; Riboviria; Orthornavirae; Duplornaviricota; Resentoviricetes; Reovirales; Spinareoviridae; Orthoreovirus; Pteropine orthoreovirus	RNA	linear	1192	S3			true	ncbi-genbank	0c2339d6918fbb99d0034d58e73b11d6de44b7ae356f03eeb14ecdfd1341c0cc					419697	Melaka orthoreovirus					
NC_020446	419697	1459003	keep	target	no /host; Virus-Host DB lists Homo sapiens	NC_020446	NC_020446.1	Melaka orthoreovirus	Pteropine orthoreovirus	Spinareoviridae	Viruses; Riboviria; Orthornavirae; Duplornaviricota; Resentoviricetes; Reovirales; Spinareoviridae; Orthoreovirus; Pteropine orthoreovirus	RNA	linear	1184	S4			true	ncbi-genbank	b7b059371d272a506a658481ed04bd4d2fe5d8419c8424c2da02c4ebbb7d0711					419697	Melaka orthoreovirus					
NC_020447	419697	1459003	keep	target	no /host; Virus-Host DB lists Homo sapiens	NC_020447	NC_020447.1	Melaka orthoreovirus	Pteropine orthoreovirus	Spinareoviridae	Viruses; Riboviria; Orthornavirae; Duplornaviricota; Resentoviricetes; Reovirales; Spinareoviridae; Orthoreovirus; Pteropine orthoreovirus	RNA	linear	3833	L2			true	ncbi-genbank	fa00d1df26b2c52c78d4a42c262a77639115623d62cab133dda191b067e60333					419697	Melaka orthoreovirus					
NC_020448	419697	1459003	keep	target	no /host; Virus-Host DB lists Homo sapiens	NC_020448	NC_020448.1	Melaka orthoreovirus	Pteropine orthoreovirus	Spinareoviridae	Viruses; Riboviria; Orthornavirae; Duplornaviricota; Resentoviricetes; Reovirales; Spinareoviridae; Orthoreovirus; Pteropine orthoreovirus	RNA	linear	1605	S1			true	ncbi-genbank	9bdf0d49d51f6e193f5e41cb9d5a0c91444558bec10532876377803fc15e4bd2					419697	Melaka orthoreovirus					
NC_020487	994672	3241449	keep	target	no /host; Virus-Host DB lists Homo sapiens	NC_020487	NC_020487.1	Titi monkey adenovirus ECC-2011	Mastadenovirus	Adenoviridae	Viruses; Varidnaviria; Bamfordvirae; Preplasmiviricota; Polisuviricotina; Pharingeaviricetes; Rowavirales; Adenoviridae; Mastadenovirus; Mastadenovirus simuli	DNA	linear	36838				true	ncbi-genbank	d570a25fe944f16e6af252c3aa4e76503989593c2e52216147cf11642d010611					994672	Titi monkey adenovirus ECC-2011					
NC_020806	290008	1972573	keep	target	no /host; Virus-Host DB lists Homo sapiens	NC_020806	NC_020806.1	Isfahan virus	Vesiculovirus	Rhabdoviridae	Viruses; Riboviria; Orthornavirae; Negarnaviricota; Haploviricotina; Monjiviricetes; Mononegavirales; Rhabdoviridae; Alpharhabdovirinae; Vesiculovirus; Vesiculovirus isfahan	RNA	linear	11088				true	ncbi-genbank	eaa615804ad8c3dc40f5f7fd00c03c7377d7a2e4e49f32ca74f7911290bf1637					290008	Isfahan virus					
NC_020890	1303334	2955301	keep	target	no /host; Virus-Host DB lists Homo sapiens	NC_020890	NC_020890.1	Human polyomavirus 12	Alphapolyomavirus	Polyomaviridae	Viruses; Floreoviria; Shotokuvirae; Cossaviricota; Papovaviricetes; Sepolyvirales; Polyomaviridae; Alphapolyomavirus; Alphapolyomavirus saraneus	DNA	circular	5033			hu1403	true	ncbi-genbank	21c4701e1e76cf64c45152bd0afeb8e8dbef9ffb14e66ec673b2ab58062dbc90					1303334	Human polyomavirus 12	hu1403				
NC_021568	1345637	3047967	keep	target	host=Homo sapiens	NC_021568	NC_021568.1	Human cyclovirus VS5700009	Cyclovirus	Circoviridae	Viruses; Floreoviria; Shotokuvirae; Cressdnaviricota; Arfiviricetes; Cirlivirales; Circoviridae; Cyclovirus; Cyclovirus munthu	DNA	circular	1832		Homo sapiens	VS5700009	true	ncbi-genbank	a8baa0fc9595384c9f37dd42455ae95fc7d1a2f3703ede1da95bf88aa22bf5c7					1345637	Human cyclovirus VS5700009					
NC_022518	166122	45617	keep	target	host=Homo sapiens	NC_022518	NC_022518.1	Human endogenous retrovirus K113		Retroviridae	Viruses; Riboviria; Pararnavirae; Artverviricota; Revtraviricetes; Ortervirales; Retroviridae; Human endogenous retrovirus K	DNA	linear	9472		Homo sapiens		true	ncbi-genbank	b682140975d28c2531ae902c218a073721a3814b8df550347e8ea57bb0a3a145					166122	Human endogenous retrovirus K113					
NC_023874	2038728	3047957	keep	target	host=Homo sapiens	NC_023874	NC_023874.2	Human associated cyclovirus 10	Cyclovirus	Circoviridae	Viruses; Floreoviria; Shotokuvirae; Cressdnaviricota; Arfiviricetes; Cirlivirales; Circoviridae; Cyclovirus; Cyclovirus humana	DNA	circular	1790		Homo sapiens	7078A	true	ncbi-genbank	32f923d5a1442e3b3e99a98262dbd5d582af606be6b7c0803a88fad78c7742ed					2038728	Human associated cyclovirus 10	7078A				
NC_023984	1233383	1233383	keep	target	host=Homo sapiens	NC_023984	NC_023984.1	Human cosavirus	Cosavirus	Picornaviridae	Viruses; Riboviria; Orthornavirae; Pisuviricota; Pisoniviricetes; Picornavirales; Picornaviridae; Caphthovirinae; Cosavirus	RNA	linear	7802		Homo sapiens	Cosavirus_Amsterdam_1994	true	ncbi-genbank	b95afa4e2840636f78ebaf651819c72055a144c82bb5983bc15a96a2edba73a0					1233383	Human cosavirus					
NC_024118	1497391	1891728	keep	target	host=Homo sapiens	NC_024118	NC_024118.1	New Jersey polyomavirus-2013	Alphapolyomavirus	Polyomaviridae	Viruses; Floreoviria; Shotokuvirae; Cossaviricota; Papovaviricetes; Sepolyvirales; Polyomaviridae; Alphapolyomavirus; Alphapolyomavirus terdecihominis	DNA	circular	5108		Homo sapiens	NJ-PyV-2013	true	ncbi-genbank	93e5c4c0b768d0bb3db486db0c075a5e150c4746c14f4b07be25ff2ad5caee68					1497391	New Jersey polyomavirus-2013					
NC_024472	1518575	1518574	keep	target	host=Homo sapiens	NC_024472	NC_024472.1	Human astrovirus BF34	Burkina Faso astrovirus	Astroviridae	Viruses; Riboviria; Orthornavirae; Pisuviricota; Stelpaviricetes; Stellavirales; Astroviridae; Mamastrovirus; Burkina Faso astrovirus	RNA	linear	6577		Homo sapiens	BF34	true	ncbi-genbank	06ebeae87aef37381f083fa173112d8856cd36a9190f6318ed9e83b5e2c14e57					1518575	Human astrovirus BF34	BF34				
NC_024494	1216928	3051992	keep	target	host=Homo sapiens	NC_024494	NC_024494.1	Heartland virus	Bandavirus	Phenuiviridae	Viruses; Riboviria; Orthornavirae; Negarnaviricota; Polyploviricotina; Bunyaviricetes; Hareavirales; Phenuiviridae; Bandavirus; Bandavirus heartlandense	RNA	linear	3427	M	Homo sapiens	Patient1	true	ncbi-genbank	8580c6d21a9303ccfe7cf0e4484ad5d588023ce81857c5ec52c9aa926256f2b9					1216928	Heartland virus					
NC_024495	1216928	3051992	keep	target	host=Homo sapiens	NC_024495	NC_024495.1	Heartland virus	Bandavirus	Phenuiviridae	Viruses; Riboviria; Orthornavirae; Negarnaviricota; Polyploviricotina; Bunyaviricetes; Hareavirales; Phenuiviridae; Bandavirus; Bandavirus heartlandense	RNA	linear	6368	L	Homo sapiens	Patient1	true	ncbi-genbank	ea179204f51f2083ee9dabed238b6921eb4b90455f8284e858f788c48c1bc12e					1216928	Heartland virus					
NC_024496	1216928	3051992	keep	target	host=Homo sapiens	NC_024496	NC_024496.1	Heartland virus	Bandavirus	Phenuiviridae	Viruses; Riboviria; Orthornavirae; Negarnaviricota; Polyploviricotina; Bunyaviricetes; Hareavirales; Phenuiviridae; Bandavirus; Bandavirus heartlandense	RNA	linear	1772	S	Homo sapiens	Patient1	true	ncbi-genbank	a6c497001e95085ba0dc4edfbb28499e412409c3c05998f060e20d382cdbfb25					1216928	Heartland virus					
NC_024691	1516081	2844581	keep	target	no /host; Virus-Host DB lists Homo sapiens	NC_024691	NC_024691.1	MSSI2.225 virus	Gemykibivirus	Genomoviridae	Viruses; Floreoviria; Shotokuvirae; Cressdnaviricota; Repensiviricetes; Geplafuvirales; Genomoviridae; Gemykibivirus; Gemykibivirus humas1	DNA	circular	2259			MSSI2.225 (ms23.49)	true	ncbi-genbank	64f3df1808fd3056f22eb363b6c3452b3e4b9160b168e646a76afe34f52c76db					1516081	MSSI2.225 virus					
NC_024694	1525173	3426330	keep	target	host=Homo sapiens	NC_024694	NC_024694.1	Human circovirus VS6600022	Amaruvirus	Pecoviridae	Viruses; Floreoviria; Shotokuvirae; Cressdnaviricota; Arfiviricetes; Ringavirales; Pecoviridae; Amaruvirus; Amaruvirus aka	DNA	circular	2836		Homo sapiens	VS6600022	true	ncbi-genbank	06b0d80bd47a4414710929fca05d17a750a3ec3677c6ddbc671a5604bcf82b39					1525173	Human circovirus VS6600022					
NC_024888	1391667	1391667	keep	target	host=Homo sapiens	NC_024888	NC_024888.1	Bufavirus-3		Parvoviridae	Viruses; Floreoviria; Shotokuvirae; Cossaviricota; Quintoviricetes; Piccovirales; Parvoviridae; Parvovirinae	DNA	linear	4733		Homo sapiens	BTN-63	true	ncbi-genbank	2c8461457ebc22b2907b1a170425c5bc13f118ef8b22f3197bf32c132a4ef8b6					1391667	Bufavirus-3	BTN-63				
NC_025114	1547495	1547495	keep	target	host=Homo sapiens; child	NC_025114	NC_025114.1	Salivirus FHB	Salivirus	Picornaviridae	Viruses; Riboviria; Orthornavirae; Pisuviricota; Pisoniviricetes; Picornavirales; Picornaviridae; Kodimesavirinae; Salivirus	RNA	linear	7998		Homo sapiens; child	SaliV-FHB	true	ncbi-genbank	d3d79985faf73adb158c5a083a767f8a484bb6572e7ae43ce51a1779828c8a52					1547495	Salivirus FHB					
NC_025255	1046251	1972574	keep	target	no /host; Virus-Host DB lists Homo sapiens	NC_025255	NC_025255.1	Maraba virus	Vesiculovirus	Rhabdoviridae	Viruses; Riboviria; Orthornavirae; Negarnaviricota; Haploviricotina; Monjiviricetes; Mononegavirales; Rhabdoviridae; Alpharhabdovirinae; Vesiculovirus; Vesiculovirus maraba	ss-RNA	linear	11135				true	ncbi-genbank	314cb2c16d417e4aafd1cbcb3b8ab11d5a852b6d3510993290917f209bafaf35					1046251	Maraba virus					
NC_025343	1452514	3052600	keep	target	host=Homo sapiens	NC_025343	NC_025343.1	Sosuga virus	Pararubulavirus	Paramyxoviridae	Viruses; Riboviria; Orthornavirae; Negarnaviricota; Haploviricotina; Monjiviricetes; Mononegavirales; Paramyxoviridae; Rubulavirinae; Pararubulavirus; Pararubulavirus sosugaense	RNA	linear	15480		Homo sapiens	2012	true	ncbi-genbank	8def9e2872708fcbd17a8a3fbbe5f61bac98e9af4125d1ab1135f448327ddc80					1452514	Sosuga virus					
NC_025408	642022	642022	keep	target	no /host; Virus-Host DB lists Homo sapiens	NC_025408	NC_025408.1	Lyssavirus Ozernoe	Lyssavirus	Rhabdoviridae	Viruses; Riboviria; Orthornavirae; Negarnaviricota; Haploviricotina; Monjiviricetes; Mononegavirales; Rhabdoviridae; Alpharhabdovirinae; Lyssavirus	RNA	linear	11980			Ozernoe	true	ncbi-genbank	cde17f46204992cea654755ff65242785ca9676590f97ef81e0f3f007ec1ce7a					642022	Lyssavirus Ozernoe	Ozernoe				
NC_025961	1582094	1582094	keep	target	host=Homo sapiens	NC_025961	NC_025961.1	Cosavirus JMY-2014	Cosavirus	Picornaviridae	Viruses; Riboviria; Orthornavirae; Pisuviricota; Pisoniviricetes; Picornavirales; Picornaviridae; Caphthovirinae; Cosavirus	RNA	linear	7213		Homo sapiens	Cosa-CHN	true	ncbi-genbank	b656e6042b8d43367c31b557612fdc90544e383ff16999b63d6ba7d79257c0d2					1582094	Cosavirus JMY-2014					
NC_026252	1595998	1595998	keep	target	host=Homo sapiens	NC_026252	NC_026252.1	Human smacovirus 1	Huchismacovirus	Smacoviridae	Viruses; Floreoviria; Shotokuvirae; Cressdnaviricota; Arfiviricetes; Cremevirales; Smacoviridae; Huchismacovirus	DNA	circular	2460		Homo sapiens	France/12/2008/3454	true	ncbi-genbank	6614b4f8c32ab524c67fba267fba952852d58d138e5d73ec3e3676acae59f3e8					1595998	Human smacovirus 1					
NC_026817	1488574	2844554	keep	target	host=Homo sapiens	NC_026817	NC_026817.1	Human genital-associated circular DNA virus-1	Gemygorvirus	Genomoviridae	Viruses; Floreoviria; Shotokuvirae; Cressdnaviricota; Repensiviricetes; Geplafuvirales; Genomoviridae; Gemygorvirus; Gemygorvirus sewopo1	DNA	circular	2235		Homo sapiens	349	true	ncbi-genbank	3413ebaddfd9b6f9b3146ba365dfb091b8295d9ace7b6d069a6ed836a2f1aed8					1488574	Human genital-associated circular DNA virus-1					
NC_026946	1647924	1647924	keep	target	host=Homo sapiens	NC_026946	NC_026946.1	Human papillomavirus KC5	Gammapapillomavirus	Papillomaviridae	Viruses; Floreoviria; Shotokuvirae; Cossaviricota; Papovaviricetes; Zurhausenvirales; Papillomaviridae; Firstpapillomavirinae; Gammapapillomavirus	DNA	circular	7143		Homo sapiens	KC5	true	ncbi-genbank	b39fb950a44ad3d1e0c4b7aaed1d82625fdde5a031154b31a72c9ba33ea79d2f					1647924	Human papillomavirus KC5					
NC_027779	10566	10566	keep	target	host=Homo sapiens	NC_027779	NC_027779.1	Human papillomavirus		Papillomaviridae	Viruses; Floreoviria; Shotokuvirae; Cossaviricota; Papovaviricetes; Zurhausenvirales; Papillomaviridae	DNA	circular	7320		Homo sapiens	SE379	true	ncbi-genbank	08f33a7edfe7789ff4a6003113e5792409b36b4d50369cd7b9dd7733f72c6acd					10566	Human papillomavirus					
NC_027998	1729141	3052606	keep	target	host=Homo sapiens	NC_027998	NC_027998.2	Human pegivirus 2	Pegivirus	Hepaciviridae	Viruses; Riboviria; Orthornavirae; Kitrinoviricota; Flasuviricetes; Amarillovirales; Hepaciviridae; Pegivirus; Pegivirus columbiaense	RNA	linear	9867		Homo sapiens	UC0125.US	true	ncbi-genbank	fe61861e683942e59fee73a86da683ec1942b88855df3bfaa19020f445f70ccf					1729141	Human pegivirus 2					
NC_028459	1985415	2844646	keep	target	host=Homo sapiens	NC_028459	NC_028459.1	Human associated gemyvongvirus 1	Gemyvongvirus	Genomoviridae	Viruses; Floreoviria; Shotokuvirae; Cressdnaviricota; Repensiviricetes; Geplafuvirales; Genomoviridae; Gemyvongvirus; Gemyvongvirus humas1	DNA	linear	2272		Homo sapiens	DB1	true	ncbi-genbank	a95ad247e60cb5ea1e972c712e7532867308cbe67d87aa8bf85340108961f9c4					1985415	Human associated gemyvongvirus 1					
NC_030447	1862824	1862824	keep	target	host=Homo sapiens	NC_030447	NC_030447.1	Gemycircularvirus HV-GcV1	Gemycircularvirus	Genomoviridae	Viruses; Floreoviria; Shotokuvirae; Cressdnaviricota; Repensiviricetes; Geplafuvirales; Genomoviridae; Gemycircularvirus	DNA	circular	2264		Homo sapiens	HV-GcV1	true	ncbi-genbank	50083c40194a899137ca593ad9fb78e911d37023de80f567c9eff735e3eddf31					1862824	Gemycircularvirus HV-GcV1					
NC_030448	1862825	2844585	keep	target	host=Homo sapiens	NC_030448	NC_030448.1	Gemycircularvirus HV-GcV2	Gemykibivirus	Genomoviridae	Viruses; Floreoviria; Shotokuvirae; Cressdnaviricota; Repensiviricetes; Geplafuvirales; Genomoviridae; Gemykibivirus; Gemykibivirus humas5	DNA	circular	2262		Homo sapiens	HV-GcV2	true	ncbi-genbank	96663ccb0f155fe6f6b6db6150495c8106f49a5f2292ccb5e39e79ce89db88b5					1862825	Gemycircularvirus HV-GcV2					
NC_030449	2805939	2805939	keep	target	host=Homo sapiens	NC_030449	NC_030449.1	Circular ssDNA virus sp.			Viruses	DNA	circular	2951		Homo sapiens	HV-CV1	true	ncbi-genbank	32ad5958e55bd1ce2b023f0baef65bb0294041e56ed2a13af00423b0f2025a27					2805939	Circular ssDNA virus sp.					
NC_032480	1930509	1930509	keep	target	host=Homo sapiens	NC_032480	NC_032480.1	Husavirus sp.	Husavirus		Viruses; Riboviria; Orthornavirae; Pisuviricota; Pisoniviricetes; Picornavirales; Husavirus	DNA	linear	8856		Homo sapiens	16370_59	true	ncbi-genbank	50a35c146056da2a6c3ec0a447d334db0b0303e90b4cbe4e73730851aa504784					1930509	Husavirus sp.					
NC_032682	1755290	3047959	keep	target	host=Homo sapiens	NC_032682	NC_032682.2	Indian encephalitis associated cyclovirus	Cyclovirus	Circoviridae	Viruses; Floreoviria; Shotokuvirae; Cressdnaviricota; Arfiviricetes; Cirlivirales; Circoviridae; Cyclovirus; Cyclovirus manusyan	DNA	circular	1723		Homo sapiens	IECSF08	true	ncbi-genbank	82c329c37e15f6fc580403a1e33ecf6de6b8e07ceee891bc44416891f942192a					1755290	Indian encephalitis associated cyclovirus					
NC_033721	35279	3048198	keep	target	no /host; Virus-Host DB lists Homo sapiens	NC_033721	NC_033721.1	Meaban virus	Euflavivirus	Flaviviridae	Viruses; Riboviria; Orthornavirae; Kitrinoviricota; Flasuviricetes; Amarillovirales; Flaviviridae; Orthoflavivirus; Euflavivirus; Orthoflavivirus meabanense	RNA	linear	10266				true	ncbi-genbank	eb72450c7b0746bd1a70356390b3e90f7bc3a806d1906b099ba9bae9551319ab					35279	Meaban virus					
NC_033723	64307	3047837	keep	target	no /host; Virus-Host DB lists Homo sapiens	NC_033723	NC_033723.1	Gadgets Gully virus	Euflavivirus	Flaviviridae	Viruses; Riboviria; Orthornavirae; Kitrinoviricota; Flasuviricetes; Amarillovirales; Flaviviridae; Orthoflavivirus; Euflavivirus; Orthoflavivirus gadgetsense	RNA	linear	10251				true	ncbi-genbank	18d46955f7f6ad2d32d8bf9e907aebdce418c16f7bbea8c87df8c8c3c194a9c5					64307	Gadgets Gully virus					
NC_033724	64310	3048165	keep	target	no /host; Virus-Host DB lists Homo sapiens	NC_033724	NC_033724.1	Kadam virus	Euflavivirus	Flaviviridae	Viruses; Riboviria; Orthornavirae; Kitrinoviricota; Flasuviricetes; Amarillovirales; Flaviviridae; Orthoflavivirus; Euflavivirus; Orthoflavivirus kadamense	RNA	linear	10215				true	ncbi-genbank	f85a03e5bcd3d9d2544448bd697750d126518b926da8a9d59fe8ea5d11b21198					64310	Kadam virus					
NC_033726	40012	3048314	keep	target	no /host; Virus-Host DB lists Homo sapiens	NC_033726	NC_033726.1	Saumarez Reef virus	Euflavivirus	Flaviviridae	Viruses; Riboviria; Orthornavirae; Kitrinoviricota; Flasuviricetes; Amarillovirales; Flaviviridae; Orthoflavivirus; Euflavivirus; Orthoflavivirus saumarezense	RNA	linear	10269				true	ncbi-genbank	ba4d50a422e0fa7376e0fadb61893205369354268d391fe737bd6d41ed5ddba7					40012	Saumarez Reef virus					
NC_033830	1048854	3052665	keep	target	no /host; Virus-Host DB lists Homo sapiens	NC_033830	NC_033830.1	Munguba virus	Phlebovirus	Phenuiviridae	Viruses; Riboviria; Orthornavirae; Negarnaviricota; Polyploviricotina; Bunyaviricetes; Hareavirales; Phenuiviridae; Phlebovirus; Phlebovirus mungubaense	RNA	linear	6466	L			true	ncbi-genbank	18b3a5676d99b0b1617bd6b1a0b21efb5a5b89c2731b5a827e57effaf56dea99					1048854	Munguba virus					
NC_033831	1048854	3052665	keep	target	no /host; Virus-Host DB lists Homo sapiens	NC_033831	NC_033831.1	Munguba virus	Phlebovirus	Phenuiviridae	Viruses; Riboviria; Orthornavirae; Negarnaviricota; Polyploviricotina; Bunyaviricetes; Hareavirales; Phenuiviridae; Phlebovirus; Phlebovirus mungubaense	RNA	linear	1806	S			true	ncbi-genbank	1d7372652f7fd31aafb77672b88ceed07b730eb5880d3bba0b31785946445c86					1048854	Munguba virus					
NC_033847	1048854	3052665	keep	target	no /host; Virus-Host DB lists Homo sapiens	NC_033847	NC_033847.1	Munguba virus	Phlebovirus	Phenuiviridae	Viruses; Riboviria; Orthornavirae; Negarnaviricota; Polyploviricotina; Bunyaviricetes; Hareavirales; Phenuiviridae; Phlebovirus; Phlebovirus mungubaense	RNA	linear	4651	M			true	ncbi-genbank	7574d887c6b6bfb4e9573d536e679fb73f2d87d9e5e8558eca98003be954ff46					1048854	Munguba virus					
NC_034253	1965344	2734294	keep	target	host=Homo sapiens	NC_034253	NC_034253.1	LI polyomavirus	Alphapolyomavirus	Polyomaviridae	Viruses; Floreoviria; Shotokuvirae; Cossaviricota; Papovaviricetes; Sepolyvirales; Polyomaviridae; Alphapolyomavirus; Alphapolyomavirus quardecihominis	DNA	circular	5269		Homo sapiens	LIPyV	true	ncbi-genbank	47fa5a37e33028b190e97a00ba29c97f6af875ae1072f53d2ba84a2346ab02a6					1965344	LI polyomavirus					
NC_034254	11318	11318	keep	target	no /host; Virus-Host DB lists Homo sapiens	NC_034254	NC_034254.1	Thogotovirus dhoriense	Thogotovirus	Orthomyxoviridae	Viruses; Riboviria; Orthornavirae; Negarnaviricota; Polyploviricotina; Insthoviricetes; Articulavirales; Orthomyxoviridae; Thogotovirus	RNA	linear	1972	2		Dhori/1313/61	true	ncbi-genbank	1fd9ad2b5691bdd591a45c8298ea37c85f1162358e7252ce5359ad7c5a780ece					11318	Thogotovirus dhoriense					
NC_034255	11318	11318	keep	target	no /host; Virus-Host DB lists Homo sapiens	NC_034255	NC_034255.1	Thogotovirus dhoriense	Thogotovirus	Orthomyxoviridae	Viruses; Riboviria; Orthornavirae; Negarnaviricota; Polyploviricotina; Insthoviricetes; Articulavirales; Orthomyxoviridae; Thogotovirus	RNA	linear	1606	3		Dhori/1313/61	true	ncbi-genbank	7e910ba3303ebd0fed2af6472483d4915801e35da033bc89c5559abe5e5acaaf					11318	Thogotovirus dhoriense					
NC_034256	11318	11318	keep	target	no /host; Virus-Host DB lists Homo sapiens	NC_034256	NC_034256.1	Thogotovirus dhoriense	Thogotovirus	Orthomyxoviridae	Viruses; Riboviria; Orthornavirae; Negarnaviricota; Polyploviricotina; Insthoviricetes; Articulavirales; Orthomyxoviridae; Thogotovirus	RNA	linear	961	5		Dhori/1313/61	true	ncbi-genbank	bc270e275496927931faf31dfbcc329cf18f3beff3c54abdc53e85098ae8c7ec					11318	Thogotovirus dhoriense					
NC_034261	11318	11318	keep	target	no /host; Virus-Host DB lists Homo sapiens	NC_034261	NC_034261.1	Thogotovirus dhoriense	Thogotovirus	Orthomyxoviridae	Viruses; Riboviria; Orthornavirae; Negarnaviricota; Polyploviricotina; Insthoviricetes; Articulavirales; Orthomyxoviridae; Thogotovirus	RNA	linear	2375	1		Dhori/1313/61	true	ncbi-genbank	3ab0907ea6e123c7a35c3b0f159c2b8679eb9d6564f978bd31cad28d46bf3ab0					11318	Thogotovirus dhoriense					
NC_034262	11318	11318	keep	target	no /host; Virus-Host DB lists Homo sapiens	NC_034262	NC_034262.1	Thogotovirus dhoriense	Thogotovirus	Orthomyxoviridae	Viruses; Riboviria; Orthornavirae; Negarnaviricota; Polyploviricotina; Insthoviricetes; Articulavirales; Orthomyxoviridae; Thogotovirus	RNA	linear	1478	4		Dhori/1313/61	true	ncbi-genbank	2b704f8a007102bb67d7e24b3b7c9d37c12cf635cf5d095e1762a51a564782d7					11318	Thogotovirus dhoriense					
NC_034263	11318	11318	keep	target	no /host; Virus-Host DB lists Homo sapiens	NC_034263	NC_034263.1	Thogotovirus dhoriense	Thogotovirus	Orthomyxoviridae	Viruses; Riboviria; Orthornavirae; Negarnaviricota; Polyploviricotina; Insthoviricetes; Articulavirales; Orthomyxoviridae; Thogotovirus	RNA	linear	2224	6		Dhori/1313/61	true	ncbi-genbank	3924e64297afcead6daf6ec04827db9f34b01dd57082f2153de80d9fd58cede6					11318	Thogotovirus dhoriense					
NC_034385	2003652	3428098	keep	target	host=Homo sapiens	NC_034385	NC_034385.1	Cosavirus F	Cosavirus	Picornaviridae	Viruses; Riboviria; Orthornavirae; Pisuviricota; Pisoniviricetes; Picornavirales; Picornaviridae; Caphthovirinae; Cosavirus; Cosavirus fepakis	RNA	linear	6656		Homo sapiens	PK5006	true	ncbi-genbank	096f4e4b6f72b3ff42a61a5c6ad267b4b68a3d6f882c351df418db80aa8072c9					2003652	Cosavirus F	PK5006	HCoSV-F			
NC_034443	318848	1978540	keep	target	host=Homo sapiens	NC_034443	NC_034443.1	Le Dantec virus	Ledantevirus	Rhabdoviridae	Viruses; Riboviria; Orthornavirae; Negarnaviricota; Haploviricotina; Monjiviricetes; Mononegavirales; Rhabdoviridae; Alpharhabdovirinae; Ledantevirus; Ledantevirus ledantec	RNA	linear	11450		Homo sapiens	DakHD763	true	ncbi-genbank	a5674cda5b4a8ea66c28209cd4870889e4c9e0ce184742fe6070779a83e8c714					318848	Le Dantec virus	DakHD763				
NC_034444	1960046	1960046	keep	target	no /host; Virus-Host DB lists Homo sapiens	NC_034444	NC_034444.1	Hom-1 vesivirus	Vesivirus	Caliciviridae	Viruses; Riboviria; Orthornavirae; Pisuviricota; Pisoniviricetes; Picornavirales; Caliciviridae; Vesivirus	RNA	linear	8399			Hom-1	true	ncbi-genbank	e429fc5848d24153acb31136461569075af30da6d9f055c6b1dfd3b104389634					1960046	Hom-1 vesivirus	Hom-1				
NC_034479	3052384	3052384	keep	target	host=Homo sapiens	NC_034479	NC_034479.1	Orthobunyavirus bwambaense	Orthobunyavirus	Peribunyaviridae	Viruses; Riboviria; Orthornavirae; Negarnaviricota; Polyploviricotina; Bunyaviricetes; Elliovirales; Peribunyaviridae; Orthobunyavirus	RNA	linear	6934	L	Homo sapiens	M459	true	ncbi-genbank	3322202956b2177399d448a05c426a1f06a79d2ab0db881de964eb73ae1ebd5c					3052384	Orthobunyavirus bwambaense	M459				
NC_034480	3052384	3052384	keep	target	host=Homo sapiens	NC_034480	NC_034480.1	Orthobunyavirus bwambaense	Orthobunyavirus	Peribunyaviridae	Viruses; Riboviria; Orthornavirae; Negarnaviricota; Polyploviricotina; Bunyaviricetes; Elliovirales; Peribunyaviridae; Orthobunyavirus	RNA	linear	1096	S	Homo sapiens	M459	true	ncbi-genbank	d025de8c1ff667f630dc2bb900d3c3bccbf310b1fd1904cfc93263dd72601162					3052384	Orthobunyavirus bwambaense	M459				
NC_034486	80941	3052397	keep	target	host=Homo sapiens	NC_034486	NC_034486.1	Guaroa virus	Orthobunyavirus	Peribunyaviridae	Viruses; Riboviria; Orthornavirae; Negarnaviricota; Polyploviricotina; Bunyaviricetes; Elliovirales; Peribunyaviridae; Orthobunyavirus; Orthobunyavirus guaroaense	RNA	linear	955	S	Homo sapiens	BeH22063	true	ncbi-genbank	52831f1448416beed6bec7817bccf18d46b45ee7805b0c118b9805350b019134					80941	Guaroa virus	BeH22063				
NC_034487	80941	3052397	keep	target	host=Homo sapiens	NC_034487	NC_034487.1	Guaroa virus	Orthobunyavirus	Peribunyaviridae	Viruses; Riboviria; Orthornavirae; Negarnaviricota; Polyploviricotina; Bunyaviricetes; Elliovirales; Peribunyaviridae; Orthobunyavirus; Orthobunyavirus guaroaense	RNA	linear	6824	L	Homo sapiens	BeH22063	true	ncbi-genbank	a73ea59b4e1457998759ca796680139b68ce5c70ef72bb71dba82201bdcf379f					80941	Guaroa virus	BeH22063				
NC_034490	3052384	3052384	keep	target	host=Homo sapiens	NC_034490	NC_034490.1	Orthobunyavirus bwambaense	Orthobunyavirus	Peribunyaviridae	Viruses; Riboviria; Orthornavirae; Negarnaviricota; Polyploviricotina; Bunyaviricetes; Elliovirales; Peribunyaviridae; Orthobunyavirus	RNA	linear	4557	M	Homo sapiens	M459	true	ncbi-genbank	acb0164a1180fb0132bf6305dcd3ba028cad20bc4c534039e21a34b7ba0c6e4d					3052384	Orthobunyavirus bwambaense	M459				
NC_034497	348013	3052413	keep	target	host=Homo sapiens; gender M; age 36	NC_034497	NC_034497.1	Madrid virus	Orthobunyavirus	Peribunyaviridae	Viruses; Riboviria; Orthornavirae; Negarnaviricota; Polyploviricotina; Bunyaviricetes; Elliovirales; Peribunyaviridae; Orthobunyavirus; Orthobunyavirus madridense	RNA	linear	6872	L	Homo sapiens; gender M; age 36	BT4075	true	ncbi-genbank	edf470411c6b5728910104f56fc9b601609bc081ff72f4a3ccfc0d30f84863df					348013	Madrid virus	BT4075				
NC_034498	348013	3052413	keep	target	host=Homo sapiens; gender M; age 36	NC_034498	NC_034498.1	Madrid virus	Orthobunyavirus	Peribunyaviridae	Viruses; Riboviria; Orthornavirae; Negarnaviricota; Polyploviricotina; Bunyaviricetes; Elliovirales; Peribunyaviridae; Orthobunyavirus; Orthobunyavirus madridense	RNA	linear	1090	S	Homo sapiens; gender M; age 36	BT4075	true	ncbi-genbank	494e454fe88fb2446273ba707aec52b8967c41467daff2cc2d8abd171b57e1ed					348013	Madrid virus	BT4075				
NC_034505	348013	3052413	keep	target	host=Homo sapiens; gender M; age 36	NC_034505	NC_034505.1	Madrid virus	Orthobunyavirus	Peribunyaviridae	Viruses; Riboviria; Orthornavirae; Negarnaviricota; Polyploviricotina; Bunyaviricetes; Elliovirales; Peribunyaviridae; Orthobunyavirus; Orthobunyavirus madridense	RNA	linear	4642	M	Homo sapiens; gender M; age 36	BT4075	true	ncbi-genbank	70ea3bb8a2873f097bd60e60a328f7d54af8defad3c60f58bb2a431ec3c0ce73					348013	Madrid virus	BT4075				
NC_034506	80941	3052397	keep	target	host=Homo sapiens	NC_034506	NC_034506.1	Guaroa virus	Orthobunyavirus	Peribunyaviridae	Viruses; Riboviria; Orthornavirae; Negarnaviricota; Polyploviricotina; Bunyaviricetes; Elliovirales; Peribunyaviridae; Orthobunyavirus; Orthobunyavirus guaroaense	RNA	linear	4486	M	Homo sapiens	BeH22063	true	ncbi-genbank	d740482ce6a21940b15c901bc262b76ab113cf2308fb5d6b41b95a0c4dd7df3b					80941	Guaroa virus	BeH22063				
NC_035211	2017083	2017083	keep	target	host=Homo sapiens	NC_035211	NC_035211.1	Human fecal virus Jorvi4		Circoviridae	Viruses; Floreoviria; Shotokuvirae; Cressdnaviricota; Arfiviricetes; Cirlivirales; Circoviridae	DNA	circular	2343		Homo sapiens	Jorvi4	true	ncbi-genbank	a91546c401b32e700c4dd2c99dd1e68275898e12fc93b24e9ad812ade769b467					2017083	Human fecal virus Jorvi4					
NC_035212	2017081	2017081	keep	target	host=Homo sapiens	NC_035212	NC_035212.1	Human fecal virus Jorvi2		Circoviridae	Viruses; Floreoviria; Shotokuvirae; Cressdnaviricota; Arfiviricetes; Cirlivirales; Circoviridae	DNA	circular	3925		Homo sapiens	Jorvi2	true	ncbi-genbank	f50ff99c83d6b7b3417b21e5cef035b1063718902a82afc9b3d38ec088f7d5f0					2017081	Human fecal virus Jorvi2					
NC_035213	2017082	2017082	keep	target	host=Homo sapiens	NC_035213	NC_035213.1	Human fecal virus Jorvi3		Circoviridae	Viruses; Floreoviria; Shotokuvirae; Cressdnaviricota; Arfiviricetes; Cirlivirales; Circoviridae	DNA	circular	1942		Homo sapiens	Jorvi3	true	ncbi-genbank	9775185ff5e3b1d5e5ec87a2ec07626bc6e9742071e0dc372388c9fe33d93411					2017082	Human fecal virus Jorvi3					
NC_035469	2025360	2025360	keep	target	host=Homo sapiens	NC_035469	NC_035469.1	NY_014 poxvirus	Centapoxvirus	Poxviridae	Viruses; Varidnaviria; Bamfordvirae; Nucleocytoviricota; Pokkesviricetes; Chitovirales; Poxviridae; Chordopoxvirinae; Centapoxvirus	DNA	linear	200223		Homo sapiens	2013	true	ncbi-genbank	5210ae44afa459615c51803daa45e11c2d50e097fee317e052fdaa8d98f45cba					2025360	NY_014 poxvirus	2013				
NC_035474	1820159	2845899	keep	target	host=Homo sapiens	NC_035474	NC_035474.1	Human feces smacovirus 3	Porprismacovirus	Smacoviridae	Viruses; Floreoviria; Shotokuvirae; Cressdnaviricota; Arfiviricetes; Cremevirales; Smacoviridae; Porprismacovirus; Porprismacovirus humas3	DNA	circular	2560		Homo sapiens	P21	true	ncbi-genbank	3e58c93e54b4b29186316502088208d1d5bdbc7f8802f7d23a09e436a835a3e4					1820159	Human feces smacovirus 3	SmaCV3.21				
NC_035475	2021738	2021738	keep	target	host=Homo sapiens	NC_035475	NC_035475.1	Hudisavirus sp.	Hudisavirus	Endolinaviridae	Viruses; Floreoviria; Shotokuvirae; Cressdnaviricota; Arfiviricetes; Cirlivirales; Endolinaviridae; Hudisavirus	DNA	circular	2585		Homo sapiens	P22	true	ncbi-genbank	1d88711f55ea7fcce4d7d7b49cf63a2c2d84645acec3b66d498e7c144a843ea6					2021738	Hudisavirus sp.					
NC_038282	1987020	1987018	keep	target	host=Homo sapiens	NC_038282	NC_038282.1	Ekpoma virus 1	Tibrovirus	Rhabdoviridae	Viruses; Riboviria; Orthornavirae; Negarnaviricota; Haploviricotina; Monjiviricetes; Mononegavirales; Rhabdoviridae; Alpharhabdovirinae; Tibrovirus; Tibrovirus alphaekpoma	RNA	linear	12659		Homo sapiens	EKV-1	true	ncbi-genbank	2c13c46b99898301c606553bf6849d78add05f052461d370ead111f3473110fa					1987020	Ekpoma virus 1					
NC_038283	1987021	1987019	keep	target	host=Homo sapiens	NC_038283	NC_038283.1	Ekpoma virus 2	Tibrovirus	Rhabdoviridae	Viruses; Riboviria; Orthornavirae; Negarnaviricota; Haploviricotina; Monjiviricetes; Mononegavirales; Rhabdoviridae; Alpharhabdovirinae; Tibrovirus; Tibrovirus betaekpoma	RNA	linear	12674		Homo sapiens	EKV-2	true	ncbi-genbank	7410a452141f6ab67e65e792ea8eaea4d8e24119fdf820f4ceab4cf16358d70d					1987021	Ekpoma virus 2					
NC_038392	743300	3052121	keep	target	host=Homo sapiens	NC_038392	NC_038392.1	Human stool-associated circular virus NG13	Circovirus	Circoviridae	Viruses; Floreoviria; Shotokuvirae; Cressdnaviricota; Arfiviricetes; Cirlivirales; Circoviridae; Circovirus; Circovirus eniyan	DNA	circular	1699		Homo sapiens	NG13	true	ncbi-genbank	e7141417c9f5ca4e145dfbfb2a459c5b1359b10c23e9e89856b0ba603011b9fc					743300	Human stool-associated circular virus NG13					
NC_038418	1520935	3047958	keep	target	host=Homo sapiens	NC_038418	NC_038418.1	Cyclovirus SL-108277	Cyclovirus	Circoviridae	Viruses; Floreoviria; Shotokuvirae; Cressdnaviricota; Arfiviricetes; Cirlivirales; Circoviridae; Cyclovirus; Cyclovirus manitan	DNA	circular	1710		Homo sapiens	SL-108277	true	ncbi-genbank	4c2e7ebdd29b4fb9089661b595480facdf2e6988f55e0b2da4e5bf7b6a57c8ba					1520935	Cyclovirus SL-108277	SL-108277				
NC_038426	3052236	3052236	keep	target	host=Homo sapiens	NC_038426	NC_038426.1	Orthohepacivirus platyrrhini	Orthohepacivirus	Hepaciviridae	Viruses; Riboviria; Orthornavirae; Kitrinoviricota; Flasuviricetes; Amarillovirales; Hepaciviridae; Orthohepacivirus	RNA	linear	9143		Homo sapiens		true	ncbi-genbank	f3598a4c19316adf003efa0cf9ce73a4cad4f453cfe50d77659b53973d5c1698					3052236	Orthohepacivirus platyrrhini					
NC_038496	1673681	2844583	keep	target	host=Homo sapiens	NC_038496	NC_038496.1	Gemycircularvirus C1c	Gemykibivirus	Genomoviridae	Viruses; Floreoviria; Shotokuvirae; Cressdnaviricota; Repensiviricetes; Geplafuvirales; Genomoviridae; Gemykibivirus; Gemykibivirus humas3	DNA	linear	2109		Homo sapiens	GemyC1c	true	ncbi-genbank	2d06d83bc4ebde5788189fac7bd2a63624f18ffab29511d33dcf0ba15f16859f					1673681	Gemycircularvirus C1c					
NC_038497	1792832	2844584	keep	target	host=Homo sapiens	NC_038497	NC_038497.1	Human gemycircularvirus GeTz1	Gemykibivirus	Genomoviridae	Viruses; Floreoviria; Shotokuvirae; Cressdnaviricota; Repensiviricetes; Geplafuvirales; Genomoviridae; Gemykibivirus; Gemykibivirus humas4	DNA	linear	2202		Homo sapiens	GeTz1	true	ncbi-genbank	dc508551366803b1e85d83520708d63d3d6a84c942f50d0e05ac65d42841bfaa					1792832	Human gemycircularvirus GeTz1					
NC_038544	3052714	3052714	keep	target	no /host; Virus-Host DB lists Homo sapiens	NC_038544	NC_038544.1	Protoparvovirus primate1	Protoparvovirus	Parvoviridae	Viruses; Floreoviria; Shotokuvirae; Cossaviricota; Quintoviricetes; Piccovirales; Parvoviridae; Parvovirinae; Protoparvovirus	DNA	linear	4822			BF.86	true	ncbi-genbank	1f7cc7547fbf301e3710fd9aaac0c93cad0b4862b192bcb3303b127762ecd0a9					3052714	Protoparvovirus primate1	BF.86				
NC_038594	40057	3431248	keep	target	host=Homo sapiens	NC_038594	NC_038594.1	Lebombo virus	Orbivirus	Sedoreoviridae	Viruses; Riboviria; Orthornavirae; Duplornaviricota; Resentoviricetes; Reovirales; Sedoreoviridae; Orbivirus; Orbivirus lebomboense	RNA	linear	3936	1	Homo sapiens	SAAR 3896	true	ncbi-genbank	e7daac9aa86846c4e2714207622c46337d1c7fd75d8ef54f599ee5d23556727c					40057	Lebombo virus					
NC_038595	40057	3431248	keep	target	host=Homo sapiens	NC_038595	NC_038595.1	Lebombo virus	Orbivirus	Sedoreoviridae	Viruses; Riboviria; Orthornavirae; Duplornaviricota; Resentoviricetes; Reovirales; Sedoreoviridae; Orbivirus; Orbivirus lebomboense	RNA	linear	2976	3	Homo sapiens	SAAR 3896	true	ncbi-genbank	bf10007c3f8b5202e0d802ac8e5890dd1f85c4446e8c1d0af2d6c88485c10eb2					40057	Lebombo virus					
NC_038596	40057	3431248	keep	target	host=Homo sapiens	NC_038596	NC_038596.1	Lebombo virus	Orbivirus	Sedoreoviridae	Viruses; Riboviria; Orthornavirae; Duplornaviricota; Resentoviricetes; Reovirales; Sedoreoviridae; Orbivirus; Orbivirus lebomboense	RNA	linear	1971	4	Homo sapiens	SAAR 3896	true	ncbi-genbank	1cc7d53b760d96a03b59bd395682ec5762136464624c66df1b9b0ecc7d9c63b1					40057	Lebombo virus					
NC_038597	40057	3431248	keep	target	host=Homo sapiens	NC_038597	NC_038597.1	Lebombo virus	Orbivirus	Sedoreoviridae	Viruses; Riboviria; Orthornavirae; Duplornaviricota; Resentoviricetes; Reovirales; Sedoreoviridae; Orbivirus; Orbivirus lebomboense	RNA	linear	1601	6	Homo sapiens	SAAR 3896	true	ncbi-genbank	8ff2127dd8d193ea656c9186eab3f5acdb4b67165c5051d49512ed239034a0c4					40057	Lebombo virus					
NC_038598	40057	3431248	keep	target	host=Homo sapiens	NC_038598	NC_038598.1	Lebombo virus	Orbivirus	Sedoreoviridae	Viruses; Riboviria; Orthornavirae; Duplornaviricota; Resentoviricetes; Reovirales; Sedoreoviridae; Orbivirus; Orbivirus lebomboense	RNA	linear	1108	8	Homo sapiens	SAAR 3896	true	ncbi-genbank	993d735e2540295a0e6f35e6d556b6cd8f4e303be07f2d7abf93ed4c0f0968cf					40057	Lebombo virus					
NC_038599	40057	3431248	keep	target	host=Homo sapiens	NC_038599	NC_038599.1	Lebombo virus	Orbivirus	Sedoreoviridae	Viruses; Riboviria; Orthornavirae; Duplornaviricota; Resentoviricetes; Reovirales; Sedoreoviridae; Orbivirus; Orbivirus lebomboense	RNA	linear	1166	7	Homo sapiens	SAAR 3896	true	ncbi-genbank	3ef3b79a04f4ed0f7ed759b79363d4ecd87a63b2f439fc69404f5c70090640c5					40057	Lebombo virus					
NC_038600	40057	3431248	keep	target	host=Homo sapiens	NC_038600	NC_038600.1	Lebombo virus	Orbivirus	Sedoreoviridae	Viruses; Riboviria; Orthornavirae; Duplornaviricota; Resentoviricetes; Reovirales; Sedoreoviridae; Orbivirus; Orbivirus lebomboense	RNA	linear	3017	2	Homo sapiens	SAAR 3896	true	ncbi-genbank	3f26d6cac497f5405f7dc6319c8eb90aeb0ffa281b9a657afb1676b29abfae05					40057	Lebombo virus					
NC_038601	40057	3431248	keep	target	host=Homo sapiens	NC_038601	NC_038601.1	Lebombo virus	Orbivirus	Sedoreoviridae	Viruses; Riboviria; Orthornavirae; Duplornaviricota; Resentoviricetes; Reovirales; Sedoreoviridae; Orbivirus; Orbivirus lebomboense	RNA	linear	1736	5	Homo sapiens	SAAR 3896	true	ncbi-genbank	704b0557e85da70aa0c4ebefc4873b35ff8ee02f3b049003582a494d21c3b934					40057	Lebombo virus					
NC_038602	40057	3431248	keep	target	host=Homo sapiens	NC_038602	NC_038602.1	Lebombo virus	Orbivirus	Sedoreoviridae	Viruses; Riboviria; Orthornavirae; Duplornaviricota; Resentoviricetes; Reovirales; Sedoreoviridae; Orbivirus; Orbivirus lebomboense	RNA	linear	739	10	Homo sapiens	SAAR 3896	true	ncbi-genbank	fb95429ca92ea62f0e07b10b5366497307f15f0ba5f2416c6c74024b61babe66					40057	Lebombo virus					
NC_038603	40057	3431248	keep	target	host=Homo sapiens	NC_038603	NC_038603.1	Lebombo virus	Orbivirus	Sedoreoviridae	Viruses; Riboviria; Orthornavirae; Duplornaviricota; Resentoviricetes; Reovirales; Sedoreoviridae; Orbivirus; Orbivirus lebomboense	RNA	linear	997	9	Homo sapiens	SAAR 3896	true	ncbi-genbank	8be5f0b2d7f7c7163f1fd22330e7990598a7a5a0774f9e360752eb2041b18813					40057	Lebombo virus					
NC_038604	40058	3431250	keep	target	host=Homo sapiens	NC_038604	NC_038604.1	Orungo virus	Orbivirus	Sedoreoviridae	Viruses; Riboviria; Orthornavirae; Duplornaviricota; Resentoviricetes; Reovirales; Sedoreoviridae; Orbivirus; Orbivirus orungoense	RNA	linear	3942	1	Homo sapiens	UGMP 359	true	ncbi-genbank	3a32bbe400daa961407e1e384a3cbb31717185e3d451cf78b287c322d64516a3					40058	Orungo virus					
NC_038605	40058	3431250	keep	target	host=Homo sapiens	NC_038605	NC_038605.1	Orungo virus	Orbivirus	Sedoreoviridae	Viruses; Riboviria; Orthornavirae; Duplornaviricota; Resentoviricetes; Reovirales; Sedoreoviridae; Orbivirus; Orbivirus orungoense	RNA	linear	2933	2	Homo sapiens	UGMP 359	true	ncbi-genbank	9caaaeedf5011abd3cc1251e109e52c6195892c6627d9750f0bb7934f8390332					40058	Orungo virus					
NC_038606	40058	3431250	keep	target	host=Homo sapiens	NC_038606	NC_038606.1	Orungo virus	Orbivirus	Sedoreoviridae	Viruses; Riboviria; Orthornavirae; Duplornaviricota; Resentoviricetes; Reovirales; Sedoreoviridae; Orbivirus; Orbivirus orungoense	RNA	linear	1957	4	Homo sapiens	UGMP 359	true	ncbi-genbank	561b9eebf705daa04882fe4dfe38affcd3bc19a689d13065e46446df480cb907					40058	Orungo virus					
NC_038607	40058	3431250	keep	target	host=Homo sapiens	NC_038607	NC_038607.1	Orungo virus	Orbivirus	Sedoreoviridae	Viruses; Riboviria; Orthornavirae; Duplornaviricota; Resentoviricetes; Reovirales; Sedoreoviridae; Orbivirus; Orbivirus orungoense	RNA	linear	1166	7	Homo sapiens	UGMP 359	true	ncbi-genbank	f50ce9007f133fadb8d3312d1d1ed034d7d19212eab9aa091202c4c03a1efea7					40058	Orungo virus					
NC_038608	40058	3431250	keep	target	host=Homo sapiens	NC_038608	NC_038608.1	Orungo virus	Orbivirus	Sedoreoviridae	Viruses; Riboviria; Orthornavirae; Duplornaviricota; Resentoviricetes; Reovirales; Sedoreoviridae; Orbivirus; Orbivirus orungoense	RNA	linear	1089	8	Homo sapiens	UGMP 359	true	ncbi-genbank	93654b01340f155f2496a9c5174841d5e19e68d743f97a1cddf32eb7c90e083f					40058	Orungo virus					
NC_038609	40058	3431250	keep	target	host=Homo sapiens	NC_038609	NC_038609.1	Orungo virus	Orbivirus	Sedoreoviridae	Viruses; Riboviria; Orthornavirae; Duplornaviricota; Resentoviricetes; Reovirales; Sedoreoviridae; Orbivirus; Orbivirus orungoense	RNA	linear	1605	6	Homo sapiens	UGMP 359	true	ncbi-genbank	fcd4646251d847f247dba121ad4b987fe0c48be997e8a11800c77d84ff5612db					40058	Orungo virus					
NC_038610	40058	3431250	keep	target	host=Homo sapiens	NC_038610	NC_038610.1	Orungo virus	Orbivirus	Sedoreoviridae	Viruses; Riboviria; Orthornavirae; Duplornaviricota; Resentoviricetes; Reovirales; Sedoreoviridae; Orbivirus; Orbivirus orungoense	RNA	linear	2781	3	Homo sapiens	UGMP 359	true	ncbi-genbank	5ac72ef0c1c29fb6aa970973d19d2b422f90371b1ef8683fc927909e7be6eb78					40058	Orungo virus					
NC_038611	40058	3431250	keep	target	host=Homo sapiens	NC_038611	NC_038611.1	Orungo virus	Orbivirus	Sedoreoviridae	Viruses; Riboviria; Orthornavirae; Duplornaviricota; Resentoviricetes; Reovirales; Sedoreoviridae; Orbivirus; Orbivirus orungoense	RNA	linear	1735	5	Homo sapiens	UGMP 359	true	ncbi-genbank	88bc171e850939cd21547abbe2e6d857d14f7ff96fe2d7d58a11c26a7715d0f7					40058	Orungo virus					
NC_038612	40058	3431250	keep	target	host=Homo sapiens	NC_038612	NC_038612.1	Orungo virus	Orbivirus	Sedoreoviridae	Viruses; Riboviria; Orthornavirae; Duplornaviricota; Resentoviricetes; Reovirales; Sedoreoviridae; Orbivirus; Orbivirus orungoense	RNA	linear	925	9	Homo sapiens	UGMP 359	true	ncbi-genbank	676df1d4a527b5cbd5973ee8f0fddf7c258a7fe91576d35761c8ea35fe643c3a					40058	Orungo virus					
NC_038613	40058	3431250	keep	target	host=Homo sapiens	NC_038613	NC_038613.1	Orungo virus	Orbivirus	Sedoreoviridae	Viruses; Riboviria; Orthornavirae; Duplornaviricota; Resentoviricetes; Reovirales; Sedoreoviridae; Orbivirus; Orbivirus orungoense	RNA	linear	761	10	Homo sapiens	UGMP 359	true	ncbi-genbank	71f93c18c517a056f80eb5592bfb1b24d421dfe65db8d7b22b555d3a7899855f					40058	Orungo virus					
NC_038675	60877	3426319	keep	target	no /host; Virus-Host DB lists Homo sapiens	NC_038675	NC_038675.1	Tonate virus	Alphavirus	Togaviridae	Viruses; Riboviria; Orthornavirae; Kitrinoviricota; Alsuviricetes; Martellivirales; Togaviridae; Alphavirus; Alphavirus tonate	RNA	linear	11530			Tonate CaAn 410d	true	ncbi-genbank	69f7eca13baf37c0e88058168c546385dee1293be979f6756e55e0bad394e721					60877	Tonate virus	Tonate CaAn 410d				
NC_038726	1678225	3052389	keep	target	host=Homo sapiens	NC_038726	NC_038726.1	Catu virus	Orthobunyavirus	Peribunyaviridae	Viruses; Riboviria; Orthornavirae; Negarnaviricota; Polyploviricotina; Bunyaviricetes; Elliovirales; Peribunyaviridae; Orthobunyavirus; Orthobunyavirus catuense	ss-RNA	linear	807	S	Homo sapiens	BeH 151	true	ncbi-genbank	dccd74f0e1f86a552af26dcd2a6683c651e4280137951de288aceb2b79d3a14f					1678225	Catu virus	BeH 151				
NC_038727	1678225	3052389	keep	target	host=Homo sapiens	NC_038727	NC_038727.1	Catu virus	Orthobunyavirus	Peribunyaviridae	Viruses; Riboviria; Orthornavirae; Negarnaviricota; Polyploviricotina; Bunyaviricetes; Elliovirales; Peribunyaviridae; Orthobunyavirus; Orthobunyavirus catuense	ss-RNA	linear	4420	M	Homo sapiens	BeH 151	true	ncbi-genbank	a0ab2f66b88f70399ab445d1cfb41d6974475eaeef3ed9b3bc04ac01f965aa6a					1678225	Catu virus	BeH 151				
NC_038728	1678225	3052389	keep	target	host=Homo sapiens	NC_038728	NC_038728.1	Catu virus	Orthobunyavirus	Peribunyaviridae	Viruses; Riboviria; Orthornavirae; Negarnaviricota; Polyploviricotina; Bunyaviricetes; Elliovirales; Peribunyaviridae; Orthobunyavirus; Orthobunyavirus catuense	ss-RNA	linear	6797	L	Homo sapiens	BeH 151	true	ncbi-genbank	de652fea1ecf512e32272f3669d62729be6f7937584f61a01df1b581cd503538					1678225	Catu virus	BeH 151				
NC_038857	2083199	3426308	keep	target	no /host; Virus-Host DB lists Homo sapiens	NC_038857	NC_038857.1	Mosso das Pedras virus	Alphavirus	Togaviridae	Viruses; Riboviria; Orthornavirae; Kitrinoviricota; Alsuviricetes; Martellivirales; Togaviridae; Alphavirus; Alphavirus mossopedras	RNA	linear	11465			78V-3531	true	ncbi-genbank	3e9244550f2df727c92b3bcdee320607e9c661e37a01fd937c5bffd13e236fe7					2083199	Mosso das Pedras virus	78V-3531				
NC_039024	2170194	3432459	keep	target	host=Homo sapiens	NC_039024	NC_039024.1	Central chimpanzee simian foamy virus	Simiispumavirus	Retroviridae	Viruses; Riboviria; Pararnavirae; Artverviricota; Revtraviricetes; Ortervirales; Retroviridae; Spumaretrovirinae; Simiispumavirus; Simiispumavirus pantrotro	DNA	linear	13220		Homo sapiens	BAD327	true	ncbi-genbank	d58ae54c72848b93391c424808f904772edfaf7248e8f227026364ed91f2f790					2170194	Central chimpanzee simian foamy virus	Pan troglodytes troglodytes				
NC_039025	2170195	3432458	keep	target	host=Homo sapiens	NC_039025	NC_039025.1	Eastern chimpanzee simian foamy virus	Simiispumavirus	Retroviridae	Viruses; Riboviria; Pararnavirae; Artverviricota; Revtraviricetes; Ortervirales; Retroviridae; Spumaretrovirinae; Simiispumavirus; Simiispumavirus pantrosch	DNA	linear	11954		Homo sapiens		true	ncbi-genbank	d6eb21a3aa1dcde92d9a8e1e7e8d8430878ce08c759267c0a1134991c7eb9163					2170195	Eastern chimpanzee simian foamy virus					
NC_039026	2170198	3432456	keep	target	no /host; Virus-Host DB lists Homo sapiens	NC_039026	NC_039026.1	Japanese macaque simian foamy virus	Simiispumavirus	Retroviridae	Viruses; Riboviria; Pararnavirae; Artverviricota; Revtraviricetes; Ortervirales; Retroviridae; Spumaretrovirinae; Simiispumavirus; Simiispumavirus macfus	DNA	linear	12957				true	ncbi-genbank	addc872b8d648c63746de65c221f814a1c340a7a098f4569184d35b33af28134					2170198	Japanese macaque simian foamy virus					
NC_039050	1867125	3052716	keep	target	host=Homo sapiens	NC_039050	NC_039050.1	Cutavirus	Protoparvovirus	Parvoviridae	Viruses; Floreoviria; Shotokuvirae; Cossaviricota; Quintoviricetes; Piccovirales; Parvoviridae; Parvovirinae; Protoparvovirus; Protoparvovirus primate3	DNA	linear	4456		Homo sapiens	BR-337	true	ncbi-genbank	acea6d32ccd24734a15fedc075b7662ec2b2e352512d77c264f6d169ae957e26					1867125	Cutavirus	BR-337				
NC_039061	2169934	2844967	keep	target	host=Homo sapiens	NC_039061	NC_039061.1	Human associated huchismacovirus 1	Huchismacovirus	Smacoviridae	Viruses; Floreoviria; Shotokuvirae; Cressdnaviricota; Arfiviricetes; Cremevirales; Smacoviridae; Huchismacovirus; Huchismacovirus humas1	DNA	circular	2460		Homo sapiens	Oregon/6/2011/GottageGrove/5A1	true	ncbi-genbank	2980fdab06a08a48e844f010d4aad9d1e4331bb62b8430fce126aa0de8a0a6cd					2169934	Human associated huchismacovirus 1					
NC_039062	2169935	2844968	keep	target	host=Homo sapiens	NC_039062	NC_039062.1	Human associated huchismacovirus 2	Huchismacovirus	Smacoviridae	Viruses; Floreoviria; Shotokuvirae; Cressdnaviricota; Arfiviricetes; Cremevirales; Smacoviridae; Huchismacovirus; Huchismacovirus humas2	DNA	circular	2471		Homo sapiens	France/8/2008/2444	true	ncbi-genbank	1533064a5e8de0359d34c25f97d5db71d6c0f7619c72f398a781710e4a77a03d					2169935	Human associated huchismacovirus 2					
NC_039063	2169936	2844969	keep	target	host=Homo sapiens	NC_039063	NC_039063.1	Human associated huchismacovirus 3	Huchismacovirus	Smacoviridae	Viruses; Floreoviria; Shotokuvirae; Cressdnaviricota; Arfiviricetes; Cremevirales; Smacoviridae; Huchismacovirus; Huchismacovirus humas3	DNA	circular	2459		Homo sapiens	France/1/2009/3664	true	ncbi-genbank	ad2cb8e2fc7805004773136ec77e6e88a34a0bd3b6e7d29fa76df829b712c2bc					2169936	Human associated huchismacovirus 3					
NC_039070	1820158	2845897	keep	target	host=Homo sapiens	NC_039070	NC_039070.1	Human feces smacovirus 2	Porprismacovirus	Smacoviridae	Viruses; Floreoviria; Shotokuvirae; Cressdnaviricota; Arfiviricetes; Cremevirales; Smacoviridae; Porprismacovirus; Porprismacovirus humas1	DNA	circular	2601		Homo sapiens	SmaCV2	true	ncbi-genbank	6d0957990e2bd1e815d32ea2fbdebd7a824462c63ca1bbba0479d141a6d0f124					1820158	Human feces smacovirus 2	SmaCV2				
NC_039086	1851130	1961683	keep	target	host=Homo sapiens	NC_039086	NC_039086.1	Human papillomavirus 187	Gammapapillomavirus	Papillomaviridae	Viruses; Floreoviria; Shotokuvirae; Cossaviricota; Papovaviricetes; Zurhausenvirales; Papillomaviridae; Firstpapillomavirinae; Gammapapillomavirus; Gammapapillomavirus 26	DNA	circular	7268		Homo sapiens	ACS447	true	ncbi-genbank	645f4c678d6a2262b804537812d3a4c61e920d1ad7f2f0797328db44b7b570ea					1851130	Human papillomavirus 187					
NC_039191	11587	3052684	keep	target	host=Homo sapiens	NC_039191	NC_039191.1	Punta Toro virus	Phlebovirus	Phenuiviridae	Viruses; Riboviria; Orthornavirae; Negarnaviricota; Polyploviricotina; Bunyaviricetes; Hareavirales; Phenuiviridae; Phlebovirus; Phlebovirus toroense	RNA	linear	4348		Homo sapiens	Adames	true	ncbi-genbank	91c4479dbfad68e7afe7e986c2d644f7bdcb7923588a0c53c9cbdad9e74a6098					11587	Punta Toro virus	Adames				
NC_039192	11587	3052684	keep	target	host=Homo sapiens	NC_039192	NC_039192.1	Punta Toro virus	Phlebovirus	Phenuiviridae	Viruses; Riboviria; Orthornavirae; Negarnaviricota; Polyploviricotina; Bunyaviricetes; Hareavirales; Phenuiviridae; Phlebovirus; Phlebovirus toroense	RNA	linear	6407		Homo sapiens	Adames	true	ncbi-genbank	824782d03dfa372d80b6b4f9e132006860b6b08ad5e3e917df0850bf04537c88					11587	Punta Toro virus	Adames				
NC_039193	11587	3052684	keep	target	host=Homo sapiens	NC_039193	NC_039193.1	Punta Toro virus	Phlebovirus	Phenuiviridae	Viruses; Riboviria; Orthornavirae; Negarnaviricota; Polyploviricotina; Bunyaviricetes; Hareavirales; Phenuiviridae; Phlebovirus; Phlebovirus toroense	RNA	linear	1863		Homo sapiens	Adames	true	ncbi-genbank	f77dc3fc7a31352311caccd8c1016bbcc55f3272ffe278ba8f7b6e328dda618f					11587	Punta Toro virus	Adames				
NC_039215	1348500	3047966	keep	target	host=Homo sapiens	NC_039215	NC_039215.1	Cyclovirus VN	Cyclovirus	Circoviridae	Viruses; Floreoviria; Shotokuvirae; Cressdnaviricota; Arfiviricetes; Cirlivirales; Circoviridae; Cyclovirus; Cyclovirus nhanloai	DNA	linear	1856		Homo sapiens	hcf2	true	ncbi-genbank	e60a6f36ad3228a0848e862204e7e04e643e7a5cd1bcb2d44f962b58ec67945a					1348500	Cyclovirus VN					
NC_039219	64288	3048305	keep	target	no /host; Virus-Host DB lists Homo sapiens	NC_039219	NC_039219.1	Royal Farm virus	Euflavivirus	Flaviviridae	Viruses; Riboviria; Orthornavirae; Kitrinoviricota; Flasuviricetes; Amarillovirales; Flaviviridae; Orthoflavivirus; Euflavivirus; Orthoflavivirus royalense	RNA	linear	10254				true	ncbi-genbank	9dde43a465cc29452787cd70bd862321374301d434ddd5432800456b28da7e5d					64288	Royal Farm virus					
NC_040306	1820160	1820160	keep	target	host=Homo sapiens	NC_040306	NC_040306.1	Human feces pecovirus			Viruses	DNA	circular	2928		Homo sapiens	PeCV-NI	true	ncbi-genbank	09630fa0bd5226906816d9ab14ab5c453cfb13e5748f272e2045e39120b2ccf9					1820160	Human feces pecovirus	PeCV-NI				
NC_040309	1904876	1904876	keep	target	host=Homo sapiens	NC_040309	NC_040309.1	Human DNA virus			Viruses	DNA	circular	9585		Homo sapiens	IND-KIs-REVA-1990	true	ncbi-genbank	b5c7063e7fb7a5594ffecc6bccf5d0135fc436e65b503515f4cba2255465b4f5					1904876	Human DNA virus					
NC_040550	2049444	2049444	keep	target	host=Homo sapiens	NC_040550	NC_040550.1	Gammapapillomavirus sp.	Gammapapillomavirus	Papillomaviridae	Viruses; Floreoviria; Shotokuvirae; Cossaviricota; Papovaviricetes; Zurhausenvirales; Papillomaviridae; Firstpapillomavirinae; Gammapapillomavirus	DNA	linear	7226		Homo sapiens	Gamma_w34c04a	true	ncbi-genbank	991e7a14f0ecf271eb8a8a351a0874d65c64895b5ab8c82032fb4091eaf71cae					2049444	Gammapapillomavirus sp.					
NC_040619	2049444	2049444	keep	target	host=Homo sapiens	NC_040619	NC_040619.1	Gammapapillomavirus sp.	Gammapapillomavirus	Papillomaviridae	Viruses; Floreoviria; Shotokuvirae; Cossaviricota; Papovaviricetes; Zurhausenvirales; Papillomaviridae; Firstpapillomavirinae; Gammapapillomavirus	DNA	linear	7257		Homo sapiens	Gamma_LCOSOc196	true	ncbi-genbank	02cb889d8f73c78ae1ba632bed449fa513e6c6150ab1b6a579821f166ce2589c					2049444	Gammapapillomavirus sp.					
NC_040620	2049444	2049444	keep	target	host=Homo sapiens	NC_040620	NC_040620.1	Gammapapillomavirus sp.	Gammapapillomavirus	Papillomaviridae	Viruses; Floreoviria; Shotokuvirae; Cossaviricota; Papovaviricetes; Zurhausenvirales; Papillomaviridae; Firstpapillomavirinae; Gammapapillomavirus	DNA	linear	7350		Homo sapiens	GammaDyskD_w07c34d	true	ncbi-genbank	d384638fa6034a4e8772d8636eae18e9460cfe769e091e6ddd6f1c06d4be1078					2049444	Gammapapillomavirus sp.					
NC_040640	2093789	2093789	keep	target	no /host; Virus-Host DB lists Homo sapiens	NC_040640	NC_040640.1	Human papillomavirus type 203		Papillomaviridae	Viruses; Floreoviria; Shotokuvirae; Cossaviricota; Papovaviricetes; Zurhausenvirales; Papillomaviridae	DNA	circular	7372			SE369	true	ncbi-genbank	c1145a1834df40c41b52f446ffd09dacc12869ee7b94a91ffee9f799fb0de71d					2093789	Human papillomavirus type 203					
NC_040688	2049444	2049444	keep	target	host=Homo sapiens	NC_040688	NC_040688.1	Gammapapillomavirus sp.	Gammapapillomavirus	Papillomaviridae	Viruses; Floreoviria; Shotokuvirae; Cossaviricota; Papovaviricetes; Zurhausenvirales; Papillomaviridae; Firstpapillomavirinae; Gammapapillomavirus	DNA	linear	7191		Homo sapiens	Gamma_w11C51	true	ncbi-genbank	505584d913806a839a0f969f58acb99f00a211d247f22bc1c70569f1afb28446					2049444	Gammapapillomavirus sp.					
NC_040691	2049444	2049444	keep	target	host=Homo sapiens	NC_040691	NC_040691.1	Gammapapillomavirus sp.	Gammapapillomavirus	Papillomaviridae	Viruses; Floreoviria; Shotokuvirae; Cossaviricota; Papovaviricetes; Zurhausenvirales; Papillomaviridae; Firstpapillomavirinae; Gammapapillomavirus	DNA	linear	7270		Homo sapiens	Gammai915_ga2c70	true	ncbi-genbank	b67ac9ec92c76bee28e89d1a13667db99d30d2c91676688ff22c9cfdc2c204b9					2049444	Gammapapillomavirus sp.					
NC_040803	2049444	2049444	keep	target	host=Homo sapiens	NC_040803	NC_040803.1	Gammapapillomavirus sp.	Gammapapillomavirus	Papillomaviridae	Viruses; Floreoviria; Shotokuvirae; Cossaviricota; Papovaviricetes; Zurhausenvirales; Papillomaviridae; Firstpapillomavirinae; Gammapapillomavirus	DNA	linear	7251		Homo sapiens	Gamma_w23c08c	true	ncbi-genbank	b6a283698b156fb553c6985ce4233cc16309ee7fa0a19f44390be885775ca8b4					2049444	Gammapapillomavirus sp.					
NC_040804	2049444	2049444	keep	target	host=Homo sapiens	NC_040804	NC_040804.1	Gammapapillomavirus sp.	Gammapapillomavirus	Papillomaviridae	Viruses; Floreoviria; Shotokuvirae; Cossaviricota; Papovaviricetes; Zurhausenvirales; Papillomaviridae; Firstpapillomavirinae; Gammapapillomavirus	DNA	linear	7255		Homo sapiens	Gamma_w27c157c	true	ncbi-genbank	72cd5a1eb7c5850890193c7094be95a3c39ff738ce11e8f7d29712073d21715e					2049444	Gammapapillomavirus sp.					
NC_040805	2049444	2049444	keep	target	host=Homo sapiens	NC_040805	NC_040805.1	Gammapapillomavirus sp.	Gammapapillomavirus	Papillomaviridae	Viruses; Floreoviria; Shotokuvirae; Cossaviricota; Papovaviricetes; Zurhausenvirales; Papillomaviridae; Firstpapillomavirinae; Gammapapillomavirus	DNA	linear	7282		Homo sapiens	GammaiCH2_EV03c434	true	ncbi-genbank	60f46d4d5d3eb17fe18a28b195c0b0f8c3dbe6a95974fb9ad98d0663ddba6659					2049444	Gammapapillomavirus sp.					
NC_040806	2049444	2049444	keep	target	host=Homo sapiens	NC_040806	NC_040806.1	Gammapapillomavirus sp.	Gammapapillomavirus	Papillomaviridae	Viruses; Floreoviria; Shotokuvirae; Cossaviricota; Papovaviricetes; Zurhausenvirales; Papillomaviridae; Firstpapillomavirinae; Gammapapillomavirus	DNA	linear	7328		Homo sapiens	Gamma_w27c03a	true	ncbi-genbank	6f621d598b64f4afb49fdb31ecc8b28de94f2e25b4477bb55c948a348b41bfda					2049444	Gammapapillomavirus sp.					
NC_043067	1987017	1987017	keep	target	host=Homo sapiens	NC_043067	NC_043067.1	Tibrovirus congo	Tibrovirus	Rhabdoviridae	Viruses; Riboviria; Orthornavirae; Negarnaviricota; Haploviricotina; Monjiviricetes; Mononegavirales; Rhabdoviridae; Alpharhabdovirinae; Tibrovirus	RNA	linear	11892		Homo sapiens	BASV-1	true	ncbi-genbank	f5296fb9c1a0f5273f0a86c1e41daf31c68e5d36fa0d93767fa0db637c759063					1987017	Tibrovirus congo					
NC_043223	944645	3430671	keep	target	host=Homo sapiens	NC_043223	NC_043223.1	Senegalvirus marseillevirus	Marseillevirus	Marseilleviridae	Viruses; Varidnaviria; Bamfordvirae; Nucleocytoviricota; Megaviricetes; Pimascovirales; Marseilleviridae; Marseillevirus; Marseillevirus senegalense	DNA	linear	131580		Homo sapiens	SSV-A	true	ncbi-genbank	47514f019a1c150f8133755171001ff7eb0d33e5e1855b2b0e443198d7615ce6					944645	Senegalvirus marseillevirus					
NC_043224	944645	3430671	keep	target	host=Homo sapiens	NC_043224	NC_043224.1	Senegalvirus marseillevirus	Marseillevirus	Marseilleviridae	Viruses; Varidnaviria; Bamfordvirae; Nucleocytoviricota; Megaviricetes; Pimascovirales; Marseilleviridae; Marseillevirus; Marseillevirus senegalense	DNA	linear	3538		Homo sapiens	SSV-A	true	ncbi-genbank	73b1cc93f6e06dc05c19296630085fbc907aede9a68f5daab97e543cd435c5ec					944645	Senegalvirus marseillevirus					
NC_043225	944645	3430671	keep	target	host=Homo sapiens	NC_043225	NC_043225.1	Senegalvirus marseillevirus	Marseillevirus	Marseilleviridae	Viruses; Varidnaviria; Bamfordvirae; Nucleocytoviricota; Megaviricetes; Pimascovirales; Marseilleviridae; Marseillevirus; Marseillevirus senegalense	DNA	linear	15103		Homo sapiens	SSV-A	true	ncbi-genbank	b8998dc7eb3bc3f7f23c55a94116bf19e576768092021b718bef7201454f8719					944645	Senegalvirus marseillevirus					
NC_043226	944645	3430671	keep	target	host=Homo sapiens	NC_043226	NC_043226.1	Senegalvirus marseillevirus	Marseillevirus	Marseilleviridae	Viruses; Varidnaviria; Bamfordvirae; Nucleocytoviricota; Megaviricetes; Pimascovirales; Marseilleviridae; Marseillevirus; Marseillevirus senegalense	DNA	linear	15388		Homo sapiens	SSV-A	true	ncbi-genbank	1989c1775438100e18a7f05cbe14aec75045c377c41244815664189e8517a30c					944645	Senegalvirus marseillevirus					
NC_043227	944645	3430671	keep	target	host=Homo sapiens	NC_043227	NC_043227.1	Senegalvirus marseillevirus	Marseillevirus	Marseilleviridae	Viruses; Varidnaviria; Bamfordvirae; Nucleocytoviricota; Megaviricetes; Pimascovirales; Marseilleviridae; Marseillevirus; Marseillevirus senegalense	DNA	linear	22729		Homo sapiens	SSV-A	true	ncbi-genbank	5f4bd3d8a2cce9cf46765527f0616bc0aa33b6272d7978c19ff9328a31b44f4b					944645	Senegalvirus marseillevirus					
NC_043228	944645	3430671	keep	target	host=Homo sapiens	NC_043228	NC_043228.1	Senegalvirus marseillevirus	Marseillevirus	Marseilleviridae	Viruses; Varidnaviria; Bamfordvirae; Nucleocytoviricota; Megaviricetes; Pimascovirales; Marseilleviridae; Marseillevirus; Marseillevirus senegalense	DNA	linear	33167		Homo sapiens	SSV-A	true	ncbi-genbank	dff974db1419bd6c100ae11afa1c5e6142acc50748641f874ffc23494a1768a2					944645	Senegalvirus marseillevirus					
NC_043403	59304	3426321	keep	target	no /host; Virus-Host DB lists Homo sapiens	NC_043403	NC_043403.1	Una virus	Alphavirus	Togaviridae	Viruses; Riboviria; Orthornavirae; Kitrinoviricota; Alsuviricetes; Martellivirales; Togaviridae; Alphavirus; Alphavirus una	RNA	linear	11964				true	ncbi-genbank	c53077da9a63393bb48cd19c9a1396077140c77388d0f1cf7822ff402566240e					59304	Una virus					
NC_043413	687356	3048418	keep	target	no /host; Virus-Host DB lists Homo sapiens	NC_043413	NC_043413.1	Torque teno virus 17	Alphatorquevirus	Anelloviridae	Viruses; Floreoviria; Shotokuvirae; Commensaviricota; Cardeaviricetes; Sanitavirales; Anelloviridae; Alphatorquevirus; Alphatorquevirus homin17	DNA	linear	3249				true	ncbi-genbank	92787db9fcc20d5c70c5064163df2bb4ebf7922c1ee8e00473038e03ee5da29d					687356	Torque teno virus 17					
NC_043414	687357	3048419	keep	target	no /host; Virus-Host DB lists Homo sapiens	NC_043414	NC_043414.1	Torque teno virus 18	Alphatorquevirus	Anelloviridae	Viruses; Floreoviria; Shotokuvirae; Commensaviricota; Cardeaviricetes; Sanitavirales; Anelloviridae; Alphatorquevirus; Alphatorquevirus homin18	DNA	linear	3313				true	ncbi-genbank	0538db4d9f2aa6a84d9d44ab50c07f3578f593b55b5e4417b9ac0b2a82b9a12b					687357	Torque teno virus 18					
NC_043445	2170197	3432451	keep	target	host=Homo sapiens	NC_043445	NC_043445.1	Guenon simian foamy virus	Simiispumavirus	Retroviridae	Viruses; Riboviria; Pararnavirae; Artverviricota; Revtraviricetes; Ortervirales; Retroviridae; Spumaretrovirinae; Simiispumavirus; Simiispumavirus cernic	DNA	linear	13072		Homo sapiens	AG16	true	ncbi-genbank	8086222554b7480688996113071334454bc35ad19fa9145d6879fc2cb2693b3e					2170197	Guenon simian foamy virus	Cercopithecus nictitans				
NC_043509	1569922	3052664	keep	target	no /host; Virus-Host DB lists Homo sapiens	NC_043509	NC_043509.1	Mukawa virus	Phlebovirus	Phenuiviridae	Viruses; Riboviria; Orthornavirae; Negarnaviricota; Polyploviricotina; Bunyaviricetes; Hareavirales; Phenuiviridae; Phlebovirus; Phlebovirus mukawaense	RNA	linear	3327	M		MKW73	true	ncbi-genbank	e33697050a8a4c907cc084d32ef1c522c4f77310090f0bab59eaa2fd7abf830e					1569922	Mukawa virus					
NC_043510	1569922	3052664	keep	target	no /host; Virus-Host DB lists Homo sapiens	NC_043510	NC_043510.1	Mukawa virus	Phlebovirus	Phenuiviridae	Viruses; Riboviria; Orthornavirae; Negarnaviricota; Polyploviricotina; Bunyaviricetes; Hareavirales; Phenuiviridae; Phlebovirus; Phlebovirus mukawaense	RNA	linear	6443	L		MKW73	true	ncbi-genbank	6eb21cb7738040bba905b227feee57ad57de95f47be1589b69ff0906f75cece1					1569922	Mukawa virus					
NC_043511	1569922	3052664	keep	target	no /host; Virus-Host DB lists Homo sapiens	NC_043511	NC_043511.1	Mukawa virus	Phlebovirus	Phenuiviridae	Viruses; Riboviria; Orthornavirae; Negarnaviricota; Polyploviricotina; Bunyaviricetes; Hareavirales; Phenuiviridae; Phlebovirus; Phlebovirus mukawaense	RNA	linear	1907	S		MKW73	true	ncbi-genbank	d21d84507ca5754ef475447c749c8a0230d9d647baac612936abcf58f79d23d6					1569922	Mukawa virus					
NC_043512	512169	3432145	keep	target	no /host; Virus-Host DB lists Homo sapiens	NC_043512	NC_043512.1	Tulane virus	Recovirus	Caliciviridae	Viruses; Riboviria; Orthornavirae; Pisuviricota; Pisoniviricetes; Picornavirales; Caliciviridae; Recovirus; Recovirus tulani	RNA	linear	6714				true	ncbi-genbank	4002fa7af5bd301ab6a8bdfca53ec8eb39d8f9d75d8f2d8f8d50396035905582					512169	Tulane virus					
NC_043585	273341	3052399	keep	target	host=Homo sapiens	NC_043585	NC_043585.1	Ilesha virus	Orthobunyavirus	Peribunyaviridae	Viruses; Riboviria; Orthornavirae; Negarnaviricota; Polyploviricotina; Bunyaviricetes; Elliovirales; Peribunyaviridae; Orthobunyavirus; Orthobunyavirus ileshaense	ss-RNA	linear	970	S	Homo sapiens	R5964	true	ncbi-genbank	bfb87aaaefa68819eb78a85ae73caabf101cfe6e5f16722436727c9bf41c7d6c					273341	Ilesha virus	R5964				
NC_043586	273341	3052399	keep	target	host=Homo sapiens	NC_043586	NC_043586.1	Ilesha virus	Orthobunyavirus	Peribunyaviridae	Viruses; Riboviria; Orthornavirae; Negarnaviricota; Polyploviricotina; Bunyaviricetes; Elliovirales; Peribunyaviridae; Orthobunyavirus; Orthobunyavirus ileshaense	ss-RNA	linear	4440	M	Homo sapiens	R5964	true	ncbi-genbank	e4476a2f60655dd4b76c1237952a74d81988b83f0200393ab94d82a6f7f34a3a					273341	Ilesha virus	R5964				
NC_043587	273341	3052399	keep	target	host=Homo sapiens	NC_043587	NC_043587.1	Ilesha virus	Orthobunyavirus	Peribunyaviridae	Viruses; Riboviria; Orthornavirae; Negarnaviricota; Polyploviricotina; Bunyaviricetes; Elliovirales; Peribunyaviridae; Orthobunyavirus; Orthobunyavirus ileshaense	ss-RNA	linear	6888	L	Homo sapiens	R5964	true	ncbi-genbank	e88db31e7c18d847b748a4522bfbcb7f8f62653954dafbe212f6cd8c20427ffe					273341	Ilesha virus	R5964				
NC_043606	1623310	3052446	keep	target	no /host; Virus-Host DB lists Homo sapiens	NC_043606	NC_043606.1	Tataguine virus	Orthobunyavirus	Peribunyaviridae	Viruses; Riboviria; Orthornavirae; Negarnaviricota; Polyploviricotina; Bunyaviricetes; Elliovirales; Peribunyaviridae; Orthobunyavirus; Orthobunyavirus tataguineense	ss-RNA	linear	816	S		H9963	true	ncbi-genbank	a9b5938a5ac812db1a9ee541f14c86f92e75adcd3f6de8a7d8456c37700861fd					1623310	Tataguine virus	H9963				
NC_043607	1623310	3052446	keep	target	no /host; Virus-Host DB lists Homo sapiens	NC_043607	NC_043607.1	Tataguine virus	Orthobunyavirus	Peribunyaviridae	Viruses; Riboviria; Orthornavirae; Negarnaviricota; Polyploviricotina; Bunyaviricetes; Elliovirales; Peribunyaviridae; Orthobunyavirus; Orthobunyavirus tataguineense	ss-RNA	linear	6816	L		H9963	true	ncbi-genbank	e94d2b20d00b1f2ca01f8f47be193dfed93548e412f2932db133d01469abec93					1623310	Tataguine virus	H9963				
NC_043608	1623310	3052446	keep	target	no /host; Virus-Host DB lists Homo sapiens	NC_043608	NC_043608.1	Tataguine virus	Orthobunyavirus	Peribunyaviridae	Viruses; Riboviria; Orthornavirae; Negarnaviricota; Polyploviricotina; Bunyaviricetes; Elliovirales; Peribunyaviridae; Orthobunyavirus; Orthobunyavirus tataguineense	ss-RNA	linear	4420	M		H9963	true	ncbi-genbank	ba34002367deee2b0fc0db58aa9b92dcf29da34ccbe65d25df5d54774eca629f					1623310	Tataguine virus	H9963				
NC_043615	273345	3052439	keep	target	host=Homo sapiens	NC_043615	NC_043615.1	Fort Sherman virus	Orthobunyavirus	Peribunyaviridae	Viruses; Riboviria; Orthornavirae; Negarnaviricota; Polyploviricotina; Bunyaviricetes; Elliovirales; Peribunyaviridae; Orthobunyavirus; Orthobunyavirus shermanense	RNA	linear	4463	M	Homo sapiens	86MSP18	true	ncbi-genbank	6fb5bfb66a546630bf60cf0393de2da33a76c8771a84d819370b11353661c2f8					273345	Fort Sherman virus	86MSP18				
NC_043616	273345	3052439	keep	target	host=Homo sapiens	NC_043616	NC_043616.1	Fort Sherman virus	Orthobunyavirus	Peribunyaviridae	Viruses; Riboviria; Orthornavirae; Negarnaviricota; Polyploviricotina; Bunyaviricetes; Elliovirales; Peribunyaviridae; Orthobunyavirus; Orthobunyavirus shermanense	RNA	linear	948	S	Homo sapiens	86MSP18	true	ncbi-genbank	923a06b616f62119cf34615383315310dbd0a88d14d628a6c4e9ac7e3a0a1f36					273345	Fort Sherman virus	86MSP18				
NC_043617	273345	3052439	keep	target	host=Homo sapiens	NC_043617	NC_043617.1	Fort Sherman virus	Orthobunyavirus	Peribunyaviridae	Viruses; Riboviria; Orthornavirae; Negarnaviricota; Polyploviricotina; Bunyaviricetes; Elliovirales; Peribunyaviridae; Orthobunyavirus; Orthobunyavirus shermanense	RNA	linear	6883	L	Homo sapiens	86MSP18	true	ncbi-genbank	9fa7cc46926972e93ec8c3714ac85b646972c364d2357f23bb5a0d61abe69db2					273345	Fort Sherman virus	86MSP18				
NC_055181	273352	3052412	keep	target	no /host; Virus-Host DB lists Homo sapiens	NC_055181	NC_055181.1	Macaua virus	Orthobunyavirus	Peribunyaviridae	Viruses; Riboviria; Orthornavirae; Negarnaviricota; Polyploviricotina; Bunyaviricetes; Elliovirales; Peribunyaviridae; Orthobunyavirus; Orthobunyavirus macauaense	RNA	linear	6851	L		BeAr306329	true	ncbi-genbank	c9300c9f6310e4669d14a90d5c81df4d96d2ba81b05d4243394e0c6702b187a6					273352	Macaua virus	BeAr306329				
NC_055182	273352	3052412	keep	target	no /host; Virus-Host DB lists Homo sapiens	NC_055182	NC_055182.1	Macaua virus	Orthobunyavirus	Peribunyaviridae	Viruses; Riboviria; Orthornavirae; Negarnaviricota; Polyploviricotina; Bunyaviricetes; Elliovirales; Peribunyaviridae; Orthobunyavirus; Orthobunyavirus macauaense	RNA	linear	1035	S		BeAr306329	true	ncbi-genbank	51a39ecf229b3849358b29dfa44ea57c4578869b83465811f0eaabfd1e26f41e					273352	Macaua virus	BeAr306329				
NC_055183	273352	3052412	keep	target	no /host; Virus-Host DB lists Homo sapiens	NC_055183	NC_055183.1	Macaua virus	Orthobunyavirus	Peribunyaviridae	Viruses; Riboviria; Orthornavirae; Negarnaviricota; Polyploviricotina; Bunyaviricetes; Elliovirales; Peribunyaviridae; Orthobunyavirus; Orthobunyavirus macauaense	RNA	linear	4569	M		BeAr306329	true	ncbi-genbank	440634bc912f80f4ff6e5d9dc97dae9aab99ea7cdeb75801eb208df1fd449bc8					273352	Macaua virus	BeAr306329				
NC_055196	11580	3052407	keep	target	segment of a human-host taxon (segment /host=Lepus americanus)	NC_055196	NC_055196.1	Snowshoe hare virus	Orthobunyavirus	Peribunyaviridae	Viruses; Riboviria; Orthornavirae; Negarnaviricota; Polyploviricotina; Bunyaviricetes; Elliovirales; Peribunyaviridae; Orthobunyavirus; Orthobunyavirus khatangaense	RNA	linear	6882	L	Lepus americanus		true	ncbi-genbank	52a91fa320f8e5e3bd7a07d3d4e64c013d631a1f8b92f265b9e7520858dd0424					11580	Snowshoe hare virus		California			
NC_055197	11580	3052407	keep	target	no /host; Virus-Host DB lists Homo sapiens	NC_055197	NC_055197.1	Snowshoe hare virus	Orthobunyavirus	Peribunyaviridae	Viruses; Riboviria; Orthornavirae; Negarnaviricota; Polyploviricotina; Bunyaviricetes; Elliovirales; Peribunyaviridae; Orthobunyavirus; Orthobunyavirus khatangaense	RNA	linear	4434	M			true	ncbi-genbank	ea1db4577c442379d79f61a5e70b52133a7dd7a1d09928c17b5ea86f8506593d					11580	Snowshoe hare virus					
NC_055198	11580	3052407	keep	target	no /host; Virus-Host DB lists Homo sapiens	NC_055198	NC_055198.1	Snowshoe hare virus	Orthobunyavirus	Peribunyaviridae	Viruses; Riboviria; Orthornavirae; Negarnaviricota; Polyploviricotina; Bunyaviricetes; Elliovirales; Peribunyaviridae; Orthobunyavirus; Orthobunyavirus khatangaense	RNA	linear	892	small			true	ncbi-genbank	407a7acb11c7df177fb905a3f8aa92dcb93ec86236d674903a36da06d92f26dd					11580	Snowshoe hare virus					
NC_055230	2200830	2200830	keep	target	host=Homo sapiens	NC_055230	NC_055230.1	Orthopoxvirus akhmetapox	Orthopoxvirus	Poxviridae	Viruses; Varidnaviria; Bamfordvirae; Nucleocytoviricota; Pokkesviricetes; Chitovirales; Poxviridae; Chordopoxvirinae; Orthopoxvirus	DNA	linear	221923		Homo sapiens	Akhmeta_2013-88	true	ncbi-genbank	2e148707177462d7a0e6770c33905b3f37e2b7a9b258b2d1ab45db5eedc7847d					2200830	Orthopoxvirus akhmetapox					
NC_055235	2169863	3050337	keep	target	no /host; Virus-Host DB lists Homo sapiens	NC_055235	NC_055235.1	Papiine betaherpesvirus 3	Cytomegalovirus	Orthoherpesviridae	Viruses; Duplodnaviria; Heunggongvirae; Peploviricota; Herviviricetes; Herpesvirales; Orthoherpesviridae; Betaherpesvirinae; Cytomegalovirus; Cytomegalovirus papiinebeta3	DNA	linear	170275			OCOM4-37	true	ncbi-genbank	eb17c0d9cb70a058e5aab08543afb1c62dca88fbefe5ae3e09b3a0657480c484					2169863	Papiine betaherpesvirus 3	OCOM4-37				
NC_055327	629727	3052641	keep	target	no /host; Virus-Host DB lists Homo sapiens	NC_055327	NC_055327.1	Chagres virus	Phlebovirus	Phenuiviridae	Viruses; Riboviria; Orthornavirae; Negarnaviricota; Polyploviricotina; Bunyaviricetes; Hareavirales; Phenuiviridae; Phlebovirus; Phlebovirus chagresense	RNA	linear	6414	L			true	ncbi-genbank	316855152b52fd94986499171950ee0dc631d124de9eee6d1cb12d581933ca8b					629727	Chagres virus					
NC_055328	629727	3052641	keep	target	no /host; Virus-Host DB lists Homo sapiens	NC_055328	NC_055328.1	Chagres virus	Phlebovirus	Phenuiviridae	Viruses; Riboviria; Orthornavirae; Negarnaviricota; Polyploviricotina; Bunyaviricetes; Hareavirales; Phenuiviridae; Phlebovirus; Phlebovirus chagresense	RNA	linear	1790	S			true	ncbi-genbank	2612b677fa06257c8d7443e995eaeacd3e0fc9bd4d7e1f66920268986c2f428c					629727	Chagres virus					
NC_055329	629727	3052641	keep	target	no /host; Virus-Host DB lists Homo sapiens	NC_055329	NC_055329.1	Chagres virus	Phlebovirus	Phenuiviridae	Viruses; Riboviria; Orthornavirae; Negarnaviricota; Polyploviricotina; Bunyaviricetes; Hareavirales; Phenuiviridae; Phlebovirus; Phlebovirus chagresense	RNA	linear	4398	M			true	ncbi-genbank	f5ba18af1cf334a4589d1b2b6ad1cd20080bc73bb603e081073bb38fa35a105a					629727	Chagres virus					
NC_055330	629726	2734436	keep	target	host=Homo sapiens	NC_055330	NC_055330.1	Alenquer virus	Phlebovirus	Phenuiviridae	Viruses; Riboviria; Orthornavirae; Negarnaviricota; Polyploviricotina; Bunyaviricetes; Hareavirales; Phenuiviridae; Phlebovirus; Phlebovirus alenquerense	RNA	linear	6418	L	Homo sapiens		true	ncbi-genbank	14a65ca2a8b58414be6b7cf397b7fc7040ba1ac22486981523e2e1df90542392					629726	Alenquer virus					
NC_055331	629726	2734436	keep	target	host=Homo sapiens	NC_055331	NC_055331.1	Alenquer virus	Phlebovirus	Phenuiviridae	Viruses; Riboviria; Orthornavirae; Negarnaviricota; Polyploviricotina; Bunyaviricetes; Hareavirales; Phenuiviridae; Phlebovirus; Phlebovirus alenquerense	RNA	linear	1751	S	Homo sapiens		true	ncbi-genbank	42a92aff34cac2b9ad9cb9d73aa488823cc9a09eccdb2450b919b55baa4ebfd6					629726	Alenquer virus					
NC_055332	629726	2734436	keep	target	host=Homo sapiens	NC_055332	NC_055332.1	Alenquer virus	Phlebovirus	Phenuiviridae	Viruses; Riboviria; Orthornavirae; Negarnaviricota; Polyploviricotina; Bunyaviricetes; Hareavirales; Phenuiviridae; Phlebovirus; Phlebovirus alenquerense	RNA	linear	4286	M	Homo sapiens		true	ncbi-genbank	4e750769b712a0970b3e8c36d2f24322175fbd74c4b315f260060b0b77a2829f					629726	Alenquer virus					
NC_055339	1000646	3052647	keep	target	host=Homo sapiens	NC_055339	NC_055339.1	Echarate virus	Phlebovirus	Phenuiviridae	Viruses; Riboviria; Orthornavirae; Negarnaviricota; Polyploviricotina; Bunyaviricetes; Hareavirales; Phenuiviridae; Phlebovirus; Phlebovirus echarateense	RNA	linear	6411	L	Homo sapiens		true	ncbi-genbank	63fa8b49001877f27af7dc9d4ea53857cfaaca91bfdbd42ba2c71c858ea24df5					1000646	Echarate virus					
NC_055340	1000646	3052647	keep	target	host=Homo sapiens	NC_055340	NC_055340.1	Echarate virus	Phlebovirus	Phenuiviridae	Viruses; Riboviria; Orthornavirae; Negarnaviricota; Polyploviricotina; Bunyaviricetes; Hareavirales; Phenuiviridae; Phlebovirus; Phlebovirus echarateense	RNA	linear	1818	S	Homo sapiens		true	ncbi-genbank	3d8e58edb2858fba179cee90d46a654f011a085708da9c3515c12aaaf62194e9					1000646	Echarate virus					
NC_055341	1000646	3052647	keep	target	host=Homo sapiens	NC_055341	NC_055341.1	Echarate virus	Phlebovirus	Phenuiviridae	Viruses; Riboviria; Orthornavirae; Negarnaviricota; Polyploviricotina; Bunyaviricetes; Hareavirales; Phenuiviridae; Phlebovirus; Phlebovirus echarateense	RNA	linear	4287	M	Homo sapiens		true	ncbi-genbank	9ff13376d11a5a942ab311858646d98bbcaa550b87b22c4b7563fd35f373cd5d					1000646	Echarate virus					
NC_055342	1004889	3052660	keep	target	host=Homo sapiens	NC_055342	NC_055342.1	Maldonado virus	Phlebovirus	Phenuiviridae	Viruses; Riboviria; Orthornavirae; Negarnaviricota; Polyploviricotina; Bunyaviricetes; Hareavirales; Phenuiviridae; Phlebovirus; Phlebovirus maldonadoense	RNA	linear	1827	S	Homo sapiens	FMD 0077	true	ncbi-genbank	10d806a1f4bbfa3c9d185df1d1a9ab55ef19546347ed614c4aa2b28eba803741					1004889	Maldonado virus	FMD 0077				
NC_055343	1004889	3052660	keep	target	host=Homo sapiens	NC_055343	NC_055343.1	Maldonado virus	Phlebovirus	Phenuiviridae	Viruses; Riboviria; Orthornavirae; Negarnaviricota; Polyploviricotina; Bunyaviricetes; Hareavirales; Phenuiviridae; Phlebovirus; Phlebovirus maldonadoense	RNA	linear	3989	M	Homo sapiens	FMD 0077	true	ncbi-genbank	d565680fce2b23f3d2d4373a7ffb46dcac5db3d68c61eb88635bde4088cfa2f3					1004889	Maldonado virus	FMD 0077				
NC_055344	1004889	3052660	keep	target	host=Homo sapiens	NC_055344	NC_055344.1	Maldonado virus	Phlebovirus	Phenuiviridae	Viruses; Riboviria; Orthornavirae; Negarnaviricota; Polyploviricotina; Bunyaviricetes; Hareavirales; Phenuiviridae; Phlebovirus; Phlebovirus maldonadoense	RNA	linear	6305	L	Homo sapiens	FMD 0077	true	ncbi-genbank	480eb4e6a441d3fd4d6cec0c3d27ac40364250c0a3197bef627b9a6cb7c9b66d					1004889	Maldonado virus	FMD 0077				
NC_055523	2571082	3432911	keep	target	host=Homo sapiens	NC_055523	NC_055523.1	Human lung-associated vientovirus FB	Torbevirus	Redondoviridae	Viruses; Floreoviria; Shotokuvirae; Cressdnaviricota; Arfiviricetes; Recrevirales; Redondoviridae; Torbevirus; Torbevirus viento	DNA	circular	3056		Homo sapiens		true	ncbi-genbank	0c06bebd6bafbcd68c74eb9d139444f36e052b43030e3d7a6a210c8825008bf9					2571082	Human lung-associated vientovirus FB					
NC_059682	2847174	2844075	keep	target	no /host; Virus-Host DB lists Homo sapiens	NC_059682	NC_059682.1	hepatitis D virus 2	Deltavirus	Kolmioviridae	Viruses; Ribozyviria; Kolmioviridae; Deltavirus; Deltavirus japanense	RNA	circular	1684			TW2476	true	ncbi-genbank	18a73fab025a8feee026ca10b32d57a8bd7a7539deffd934c97ac9d8049f49c3					2847174	hepatitis D virus 2	TW2476				
NC_075122	2847176	2844078	keep	target	no /host; Virus-Host DB lists Homo sapiens	NC_075122	NC_075122.1	hepatitis D virus 4	Deltavirus	Kolmioviridae	Viruses; Ribozyviria; Kolmioviridae; Deltavirus; Deltavirus taiwanense	RNA	linear	1676			TW-2b (Taiwan isolate)	true	ncbi-genbank	7f3084326b8c32867a73d0170e3beb6c22f36478c780524ea89b38152a369ea6					2847176	hepatitis D virus 4	TW-2b (Taiwan isolate)				
NC_075341	1820159	2845899	keep	target	host=Homo sapiens	NC_075341	NC_075341.1	Human feces smacovirus 3	Porprismacovirus	Smacoviridae	Viruses; Floreoviria; Shotokuvirae; Cressdnaviricota; Arfiviricetes; Cremevirales; Smacoviridae; Porprismacovirus; Porprismacovirus humas3	DNA	linear	2511		Homo sapiens	SmaCV3_ETH_P15_2016	true	ncbi-genbank	1f7e7345fea4755df6a9ba0457c709abd3b8b806d2029c3e9483f32309bbf311					1820159	Human feces smacovirus 3					
NC_075988	1560340	3052713	keep	target	no /host; Virus-Host DB lists Homo sapiens	NC_075988	NC_075988.1	Tusavirus 1	Protoparvovirus	Parvoviridae	Viruses; Floreoviria; Shotokuvirae; Cossaviricota; Quintoviricetes; Piccovirales; Parvoviridae; Parvovirinae; Protoparvovirus; Protoparvovirus incertum1	DNA	linear	4424			Tu491	true	ncbi-genbank	35cf8453d932ac5201b1c29c948f631245910e8aa13a9356c14a64c4cbb5af95					1560340	Tusavirus 1	Tu491				
NC_075996	1965018	1965018	keep	target	host=Homo sapiens	NC_075996	NC_075996.1	Human PoSCV5-like circular virus		Circoviridae	Viruses; Floreoviria; Shotokuvirae; Cressdnaviricota; Arfiviricetes; Cirlivirales; Circoviridae	DNA	circular	3018		Homo sapiens	MRJ	true	ncbi-genbank	df5fc140a6e1e2e751913422b1996b6cf41fb6e944e7205fcabd612d36c99c7f					1965018	Human PoSCV5-like circular virus					
NC_076235	2496633	2845900	keep	target	host=Homo sapiens	NC_076235	NC_076235.1	Human associated porprismacovirus 3	Porprismacovirus	Smacoviridae	Viruses; Floreoviria; Shotokuvirae; Cressdnaviricota; Arfiviricetes; Cremevirales; Smacoviridae; Porprismacovirus; Porprismacovirus humas4	DNA	circular	2388		Homo sapiens	16806x66_213	true	ncbi-genbank	ea58b5c6a0e8c22d698fcbdd70b9347795bd898e53a1f98b75dc8a30f5912ade					2496633	Human associated porprismacovirus 3					
NC_076251	2530494	2845010	keep	target	host=Homo sapiens	NC_076251	NC_076251.1	Human associated porprismacovirus	Inpeasmacovirus	Smacoviridae	Viruses; Floreoviria; Shotokuvirae; Cressdnaviricota; Arfiviricetes; Cremevirales; Smacoviridae; Inpeasmacovirus; Inpeasmacovirus humas1	DNA	circular	2607		Homo sapiens	16845x3_952	true	ncbi-genbank	311299c6c24b3d64b0d616f15f636f0e638a5a134c5e937bcad884e2a8c6cc53					2530494	Human associated porprismacovirus					
NC_076496	1983771	1983771	keep	target	host=Homo sapiens	NC_076496	NC_076496.1	Gemycircularvirus sp.	Gemycircularvirus	Genomoviridae	Viruses; Floreoviria; Shotokuvirae; Cressdnaviricota; Repensiviricetes; Geplafuvirales; Genomoviridae; Gemycircularvirus	DNA	linear	2174		Homo sapiens	Vietnam	true	ncbi-genbank	cda6ebe5d035549645a9ce1ccfa9767920956b104d1be17c0baa3bbe7282c13f					1983771	Gemycircularvirus sp.	Vietnam				
NC_076626	2805939	2805939	keep	target	host=Homo sapiens	NC_076626	NC_076626.1	Circular ssDNA virus sp.			Viruses	DNA	linear	2201		Homo sapiens		true	ncbi-genbank	b47a1451457190fe9004768f86d1760f1db1aa32dd5b4f28e055dee6aec59b8e					2805939	Circular ssDNA virus sp.					
NC_076998	1850255	3060057	keep	target	host=Homo sapiens	NC_076998	NC_076998.1	Human CSF-associated densovirus	Iteradensovirus	Parvoviridae	Viruses; Floreoviria; Shotokuvirae; Cossaviricota; Quintoviricetes; Piccovirales; Parvoviridae; Densovirinae; Iteradensovirus; Iteradensovirus incertum2	DNA	linear	4678		Homo sapiens	21	true	ncbi-genbank	5a2143543ebc9d0339c3d34f22d4809abe50f475363b4acf1446750d38c0422b					1850255	Human CSF-associated densovirus	21				
NC_077192	2913478	3060740	keep	target	host=Homo sapiens	NC_077192	NC_077192.1	Mundri virus	Tibrovirus	Rhabdoviridae	Viruses; Riboviria; Orthornavirae; Negarnaviricota; Haploviricotina; Monjiviricetes; Mononegavirales; Rhabdoviridae; Alpharhabdovirinae; Tibrovirus; Tibrovirus mundri	RNA	linear	12445		Homo sapiens	A14	true	ncbi-genbank	0fc3df5d8340320e16024dea8617b7fedd40e8bc61c6b8b30db88a309a30d192					2913478	Mundri virus					
NC_077837	10886	3422298	keep	target	host=Homo sapiens	NC_077837	NC_077837.1	Mammalian orthoreovirus 3 Dearing	Orthoreovirus	Spinareoviridae	Viruses; Riboviria; Orthornavirae; Duplornaviricota; Resentoviricetes; Reovirales; Spinareoviridae; Orthoreovirus; Orthoreovirus mammalis	ds-RNA	linear	1198	S3	Homo sapiens	Dearing	true	ncbi-genbank	583e91daa864e631792a6eee853525713b956fd1554887ae0d25f852927e9940					10886	Mammalian orthoreovirus 3 Dearing	T3D	3			
NC_077838	10886	3422298	keep	target	host=Homo sapiens	NC_077838	NC_077838.1	Mammalian orthoreovirus 3 Dearing	Orthoreovirus	Spinareoviridae	Viruses; Riboviria; Orthornavirae; Duplornaviricota; Resentoviricetes; Reovirales; Spinareoviridae; Orthoreovirus; Orthoreovirus mammalis	ds-RNA	linear	1196	S4	Homo sapiens	Dearing	true	ncbi-genbank	fc3164e5ce9efea8af41344b136af1c749f6ed3251782a510325cc76b830f8a3					10886	Mammalian orthoreovirus 3 Dearing	T3D	3			
NC_077839	10886	3422298	keep	target	host=Homo sapiens	NC_077839	NC_077839.1	Mammalian orthoreovirus 3 Dearing	Orthoreovirus	Spinareoviridae	Viruses; Riboviria; Orthornavirae; Duplornaviricota; Resentoviricetes; Reovirales; Spinareoviridae; Orthoreovirus; Orthoreovirus mammalis	ds-RNA	linear	3860	L1	Homo sapiens	Dearing	true	ncbi-genbank	a5d9c164c01aadfa3dfd4a80a51c485a1069f10654231ba62ac7107808eba8e6					10886	Mammalian orthoreovirus 3 Dearing	T3D	3			
NC_077840	10886	3422298	keep	target	host=Homo sapiens	NC_077840	NC_077840.1	Mammalian orthoreovirus 3 Dearing	Orthoreovirus	Spinareoviridae	Viruses; Riboviria; Orthornavirae; Duplornaviricota; Resentoviricetes; Reovirales; Spinareoviridae; Orthoreovirus; Orthoreovirus mammalis	ds-RNA	linear	3916	L2	Homo sapiens	Dearing	true	ncbi-genbank	6463bd8b140482f5b49a70ca78a5e93066af846eb628fbb502fc1d6ac4e243f3					10886	Mammalian orthoreovirus 3 Dearing	T3D	3			
NC_077841	10886	3422298	keep	target	host=Homo sapiens	NC_077841	NC_077841.1	Mammalian orthoreovirus 3 Dearing	Orthoreovirus	Spinareoviridae	Viruses; Riboviria; Orthornavirae; Duplornaviricota; Resentoviricetes; Reovirales; Spinareoviridae; Orthoreovirus; Orthoreovirus mammalis	ds-RNA	linear	2304	M1	Homo sapiens	Dearing	true	ncbi-genbank	6b95a3986009c30d4303f7a42632e0d53c0af806b52dc030fd1ff2bfc195c4ea					10886	Mammalian orthoreovirus 3 Dearing	T3D	3			
NC_077842	10886	3422298	keep	target	host=Homo sapiens	NC_077842	NC_077842.1	Mammalian orthoreovirus 3 Dearing	Orthoreovirus	Spinareoviridae	Viruses; Riboviria; Orthornavirae; Duplornaviricota; Resentoviricetes; Reovirales; Spinareoviridae; Orthoreovirus; Orthoreovirus mammalis	ds-RNA	linear	3901	L3	Homo sapiens	Dearing	true	ncbi-genbank	863c0e6462646c1a574c9f5507dd94692096c0e968ae03c6e9992487ba2269bd					10886	Mammalian orthoreovirus 3 Dearing	T3D	3			
NC_077843	10886	3422298	keep	target	host=Homo sapiens	NC_077843	NC_077843.1	Mammalian orthoreovirus 3 Dearing	Orthoreovirus	Spinareoviridae	Viruses; Riboviria; Orthornavirae; Duplornaviricota; Resentoviricetes; Reovirales; Spinareoviridae; Orthoreovirus; Orthoreovirus mammalis	ds-RNA	linear	2207	M2	Homo sapiens	Dearing	true	ncbi-genbank	0b12f1a1056c69def39c79ec6906f1d7a8f40807d119dcfe0ba23b158b1e57dc					10886	Mammalian orthoreovirus 3 Dearing	T3D	3			
NC_077844	10886	3422298	keep	target	host=Homo sapiens	NC_077844	NC_077844.1	Mammalian orthoreovirus 3 Dearing	Orthoreovirus	Spinareoviridae	Viruses; Riboviria; Orthornavirae; Duplornaviricota; Resentoviricetes; Reovirales; Spinareoviridae; Orthoreovirus; Orthoreovirus mammalis	ds-RNA	linear	1416	S1	Homo sapiens	Dearing	true	ncbi-genbank	8c2f8c6178351f03168970026f5555b4dc08840751e7699c44225dc048ce070c					10886	Mammalian orthoreovirus 3 Dearing	T3D	3			
NC_077845	10886	3422298	keep	target	host=Homo sapiens	NC_077845	NC_077845.1	Mammalian orthoreovirus 3 Dearing	Orthoreovirus	Spinareoviridae	Viruses; Riboviria; Orthornavirae; Duplornaviricota; Resentoviricetes; Reovirales; Spinareoviridae; Orthoreovirus; Orthoreovirus mammalis	ds-RNA	linear	2241	M3	Homo sapiens	Dearing	true	ncbi-genbank	c55cab267202169ea5b14c00b27710cbc7cd8f04531ab05faaacb41bc8106d0d					10886	Mammalian orthoreovirus 3 Dearing	T3D	3			
NC_077846	10886	3422298	keep	target	host=Homo sapiens	NC_077846	NC_077846.1	Mammalian orthoreovirus 3 Dearing	Orthoreovirus	Spinareoviridae	Viruses; Riboviria; Orthornavirae; Duplornaviricota; Resentoviricetes; Reovirales; Spinareoviridae; Orthoreovirus; Orthoreovirus mammalis	ds-RNA	linear	1331	S2	Homo sapiens	Dearing	true	ncbi-genbank	d4a9f6a40dbb4b0e76b2e2eead7fbb2c44b1e792443bdc10d4767edd6b07d67b					10886	Mammalian orthoreovirus 3 Dearing	T3D	3			
NC_078071	1649829	3052643	keep	target	host=Homo sapiens	NC_078071	NC_078071.1	Cocle virus	Phlebovirus	Phenuiviridae	Viruses; Riboviria; Orthornavirae; Negarnaviricota; Polyploviricotina; Bunyaviricetes; Hareavirales; Phenuiviridae; Phlebovirus; Phlebovirus cocleense	RNA	linear	4352	M	Homo sapiens	GML244915	true	ncbi-genbank	e013ae2a9f9e7a80137eb0521885da7c50b69d8f048433079ca70eed73fa63f7					1649829	Cocle virus	GML244915				
NC_078072	1649829	3052643	keep	target	host=Homo sapiens	NC_078072	NC_078072.1	Cocle virus	Phlebovirus	Phenuiviridae	Viruses; Riboviria; Orthornavirae; Negarnaviricota; Polyploviricotina; Bunyaviricetes; Hareavirales; Phenuiviridae; Phlebovirus; Phlebovirus cocleense	RNA	linear	6352	L	Homo sapiens	GML244915	true	ncbi-genbank	8362eed5dde7958f51d24dfd0adc7aa33f42c75998017e3c6b727d0bf6196ead					1649829	Cocle virus	GML244915				
NC_078073	1649829	3052643	keep	target	host=Homo sapiens	NC_078073	NC_078073.1	Cocle virus	Phlebovirus	Phenuiviridae	Viruses; Riboviria; Orthornavirae; Negarnaviricota; Polyploviricotina; Bunyaviricetes; Hareavirales; Phenuiviridae; Phlebovirus; Phlebovirus cocleense	RNA	linear	2027	S	Homo sapiens	GML244915	true	ncbi-genbank	eded61f6b18ae2ba023cd8342060af281232313abaf50f80bd62d3a1c9220553					1649829	Cocle virus	GML244915				
NC_078297	2576944	3052759	keep	target	host=Homo sapiens	NC_078297	NC_078297.1	Dar es Salaam virus TZ-189	Tanzavirus	Phenuiviridae	Viruses; Riboviria; Orthornavirae; Negarnaviricota; Polyploviricotina; Bunyaviricetes; Hareavirales; Phenuiviridae; Tanzavirus; Tanzavirus daressalaamense	RNA	linear	3776	M	Homo sapiens	TZ-189	true	ncbi-genbank	61a888b3a39df48c160f22a14bac42f9b5a71647413ca92cab3df060972e5a02					2576944	Dar es Salaam virus TZ-189					
NC_078298	2576944	3052759	keep	target	host=Homo sapiens	NC_078298	NC_078298.1	Dar es Salaam virus TZ-189	Tanzavirus	Phenuiviridae	Viruses; Riboviria; Orthornavirae; Negarnaviricota; Polyploviricotina; Bunyaviricetes; Hareavirales; Phenuiviridae; Tanzavirus; Tanzavirus daressalaamense	RNA	linear	1309	S	Homo sapiens	TZ-189	true	ncbi-genbank	95b4e7d56b828617a53381022ae13d734da90a3e0387229956fd7ca6943d0e63					2576944	Dar es Salaam virus TZ-189					
NC_078299	2576944	3052759	keep	target	host=Homo sapiens	NC_078299	NC_078299.1	Dar es Salaam virus TZ-189	Tanzavirus	Phenuiviridae	Viruses; Riboviria; Orthornavirae; Negarnaviricota; Polyploviricotina; Bunyaviricetes; Hareavirales; Phenuiviridae; Tanzavirus; Tanzavirus daressalaamense	RNA	linear	6474	L	Homo sapiens	TZ-189	true	ncbi-genbank	a2c579ee558464a8201a05d09fe977b60639fec50fd844e2738c223ac884dc34					2576944	Dar es Salaam virus TZ-189					
NC_078649	1428581	2956528	keep	target	no /host; Virus-Host DB lists Homo sapiens	NC_078649	NC_078649.1	Upolu virus	Thogotovirus	Orthomyxoviridae	Viruses; Riboviria; Orthornavirae; Negarnaviricota; Polyploviricotina; Insthoviricetes; Articulavirales; Orthomyxoviridae; Thogotovirus; Thogotovirus upoluense	RNA	linear	2385	1			true	ncbi-genbank	003834a4d2046662d14c6fc417dcf614add6b8a225164106ae4b32d192c5f088					1428581	Upolu virus					
NC_078650	1428581	2956528	keep	target	no /host; Virus-Host DB lists Homo sapiens	NC_078650	NC_078650.1	Upolu virus	Thogotovirus	Orthomyxoviridae	Viruses; Riboviria; Orthornavirae; Negarnaviricota; Polyploviricotina; Insthoviricetes; Articulavirales; Orthomyxoviridae; Thogotovirus; Thogotovirus upoluense	RNA	linear	973	6			true	ncbi-genbank	a951ff497d19f695ee6d3df0927d5fa112f1e65513ddd74b34517805a85f7216					1428581	Upolu virus					
NC_078651	1428581	2956528	keep	target	no /host; Virus-Host DB lists Homo sapiens	NC_078651	NC_078651.1	Upolu virus	Thogotovirus	Orthomyxoviridae	Viruses; Riboviria; Orthornavirae; Negarnaviricota; Polyploviricotina; Insthoviricetes; Articulavirales; Orthomyxoviridae; Thogotovirus; Thogotovirus upoluense	RNA	linear	2245	2			true	ncbi-genbank	320e06da1659405a30b294373597bd7ad72ce4c144ba28c4e297efc38fe1dbcd					1428581	Upolu virus					
NC_078652	1428581	2956528	keep	target	no /host; Virus-Host DB lists Homo sapiens	NC_078652	NC_078652.1	Upolu virus	Thogotovirus	Orthomyxoviridae	Viruses; Riboviria; Orthornavirae; Negarnaviricota; Polyploviricotina; Insthoviricetes; Articulavirales; Orthomyxoviridae; Thogotovirus; Thogotovirus upoluense	RNA	linear	1635	4			true	ncbi-genbank	9283454b10f651d3e0380baa6508c0a0fbe5bd65f08f2c244cc14b4aaa2f08c8					1428581	Upolu virus					
NC_078653	1428581	2956528	keep	target	no /host; Virus-Host DB lists Homo sapiens	NC_078653	NC_078653.1	Upolu virus	Thogotovirus	Orthomyxoviridae	Viruses; Riboviria; Orthornavirae; Negarnaviricota; Polyploviricotina; Insthoviricetes; Articulavirales; Orthomyxoviridae; Thogotovirus; Thogotovirus upoluense	RNA	linear	1984	3			true	ncbi-genbank	0f91bb14b6f8b9b2ea69b27abe51a97b4c0dce593cf64772642f45ca336e15d2					1428581	Upolu virus					
NC_078654	1428581	2956528	keep	target	no /host; Virus-Host DB lists Homo sapiens	NC_078654	NC_078654.1	Upolu virus	Thogotovirus	Orthomyxoviridae	Viruses; Riboviria; Orthornavirae; Negarnaviricota; Polyploviricotina; Insthoviricetes; Articulavirales; Orthomyxoviridae; Thogotovirus; Thogotovirus upoluense	RNA	linear	1542	5			true	ncbi-genbank	0e80e98a3dee448c1550fec99f85d69ff061e8eeabef4038aa47db088d06ec76					1428581	Upolu virus					
NC_079000	2795181	3060504	keep	target	host=Homo sapiens	NC_079000	NC_079000.1	Songling virus	Orthonairovirus	Nairoviridae	Viruses; Riboviria; Orthornavirae; Negarnaviricota; Polyploviricotina; Bunyaviricetes; Hareavirales; Nairoviridae; Orthonairovirus; Orthonairovirus songlingense	RNA	linear	4335	M	Homo sapiens	HLJ1202	true	ncbi-genbank	08f87d7bc7e7bde9478c7e42414b251b8b1033d5157e9318700c5df8c4c22bb7					2795181	Songling virus	HLJ1202				
NC_079001	2795181	3060504	keep	target	host=Homo sapiens	NC_079001	NC_079001.1	Songling virus	Orthonairovirus	Nairoviridae	Viruses; Riboviria; Orthornavirae; Negarnaviricota; Polyploviricotina; Bunyaviricetes; Hareavirales; Nairoviridae; Orthonairovirus; Orthonairovirus songlingense	RNA	linear	12001	L	Homo sapiens	HLJ1202	true	ncbi-genbank	e4713811c9f4c5fc4c76e98ecfc87db9d4974d20cd5cc54e8889db3585ac132d					2795181	Songling virus	HLJ1202				
NC_079002	2795181	3060504	keep	target	host=Homo sapiens	NC_079002	NC_079002.1	Songling virus	Orthonairovirus	Nairoviridae	Viruses; Riboviria; Orthornavirae; Negarnaviricota; Polyploviricotina; Bunyaviricetes; Hareavirales; Nairoviridae; Orthonairovirus; Orthonairovirus songlingense	RNA	linear	1881	S	Homo sapiens	HLJ1202	true	ncbi-genbank	b482dfdee83b6092d498ea7e958b1e38521913b399515018e02e8e7363733b13					2795181	Songling virus	HLJ1202				
NC_079009	2304647	3060422	keep	target	host=Homo sapiens	NC_079009	NC_079009.1	Beiji nairovirus	Norwavirus	Nairoviridae	Viruses; Riboviria; Orthornavirae; Negarnaviricota; Polyploviricotina; Bunyaviricetes; Hareavirales; Nairoviridae; Norwavirus; Norwavirus beijiense	RNA	linear	14851		Homo sapiens	H160	true	ncbi-genbank	f3159ca4f00db97ed38ae5ed15194b08440fb3f5091415a58e3bb9cc30f732d8					2304647	Beiji nairovirus	H160				
NC_079010	2304647	3060422	keep	target	host=Homo sapiens	NC_079010	NC_079010.1	Beiji nairovirus	Norwavirus	Nairoviridae	Viruses; Riboviria; Orthornavirae; Negarnaviricota; Polyploviricotina; Bunyaviricetes; Hareavirales; Nairoviridae; Norwavirus; Norwavirus beijiense	RNA	linear	3719		Homo sapiens	H160	true	ncbi-genbank	03edab2f2d7a60a769e3032778d94be819b79763070e7e0dc3fe618dde320326					2304647	Beiji nairovirus	H160				
NC_079098	2825847	3060506	keep	target	host=Homo sapiens	NC_079098	NC_079098.1	Yezo virus	Orthonairovirus	Nairoviridae	Viruses; Riboviria; Orthornavirae; Negarnaviricota; Polyploviricotina; Bunyaviricetes; Hareavirales; Nairoviridae; Orthonairovirus; Orthonairovirus yezoense	RNA	linear	4281	M	Homo sapiens	HH003-2020	true	ncbi-genbank	8b9b07b104c302330af2b018e47c98d7574743bc4d6a665408b3059cf37c0e55					2825847	Yezo virus					
NC_079099	2825847	3060506	keep	target	host=Homo sapiens	NC_079099	NC_079099.1	Yezo virus	Orthonairovirus	Nairoviridae	Viruses; Riboviria; Orthornavirae; Negarnaviricota; Polyploviricotina; Bunyaviricetes; Hareavirales; Nairoviridae; Orthonairovirus; Orthonairovirus yezoense	RNA	linear	12143	L	Homo sapiens	HH003-2020	true	ncbi-genbank	6f16e07f2ae5985ca24cf9d6eb54397718184efe9acdb4fbea8441e74ce77139					2825847	Yezo virus					
NC_079100	2825847	3060506	keep	target	host=Homo sapiens	NC_079100	NC_079100.1	Yezo virus	Orthonairovirus	Nairoviridae	Viruses; Riboviria; Orthornavirae; Negarnaviricota; Polyploviricotina; Bunyaviricetes; Hareavirales; Nairoviridae; Orthonairovirus; Orthonairovirus yezoense	RNA	linear	1703	S	Homo sapiens	HH003-2020	true	ncbi-genbank	efc15cae98c3599a39469db40b48115b26347aead7e98226dc192f8b6b649898					2825847	Yezo virus					
NC_129209	3429808	3429808	keep	target	host=Homo sapiens	NC_129209	NC_129209.1	Hudisavirus jaqis	Hudisavirus	Endolinaviridae	Viruses; Floreoviria; Shotokuvirae; Cressdnaviricota; Arfiviricetes; Cirlivirales; Endolinaviridae; Hudisavirus	DNA	circular	2853		Homo sapiens	P13_1	true	ncbi-genbank	5c2ec49edf752fbe800dd4b8940d4e88a0f0ee671e2f5ac6e50108af8bdd90a8					3429808	Hudisavirus jaqis					
U21247	11963	11642	keep	target	no /host; Virus-Host DB lists Homo sapiens	U21247	U21247.1	Human spumaretrovirus	Simian foamy virus	Retroviridae	Viruses; Riboviria; Pararnavirae; Artverviricota; Revtraviricetes; Ortervirales; Retroviridae; Spumaretrovirinae; Simian foamy virus	RNA	linear	11954				false	ncbi-genbank	5c96b5300af47fb5f41cef692718b9f3cf5bdcd81520be9457a54ea8011cbfa7					11963	Human spumaretrovirus					
X01457	10799	3052717	keep	target	no /host; Virus-Host DB lists Homo sapiens	X01457	X01457.1	H-1 parvovirus	Protoparvovirus	Parvoviridae	Viruses; Floreoviria; Shotokuvirae; Cossaviricota; Quintoviricetes; Piccovirales; Parvoviridae; Parvovirinae; Protoparvovirus; Protoparvovirus rodent1	DNA	linear	5176				false	ncbi-genbank	cdfd629c15996f177e012335693fe7e22a03cfa529d96f0ad62504b4bb7fa82e					10799	H-1 parvovirus					
X54482	338478	3432454	keep	target	no /host; Virus-Host DB lists Homo sapiens	X54482	X54482.1	Macaque simian foamy virus	Simiispumavirus	Retroviridae	Viruses; Riboviria; Pararnavirae; Artverviricota; Revtraviricetes; Ortervirales; Retroviridae; Spumaretrovirinae; Simiispumavirus; Simiispumavirus maccyc	DNA	linear	12972			type 1	false	ncbi-genbank	f40b3d35a2555397321125d5bdbe818d9f02610a58a2baa96fa44783f8acc866					338478	Macaque simian foamy virus	type 1				
DQ294633	12107		review_host		host=mice organism=Mengo virus	DQ294633	DQ294633.1	Mengo virus	Cardiovirus	Picornaviridae	Viruses; Riboviria; Orthornavirae; Pisuviricota; Pisoniviricetes; Picornavirales; Picornaviridae; Caphthovirinae; Cardiovirus; Cardiovirus rueckerti	RNA	linear	7765		mice	Rz-pMwt	false	ncbi-genbank	7343b65b257a1e57ca4b4fee378a7284670923e60d194c8bddb135a0b39fda7e					12107	Mengo virus	medium plague				
DQ915164	404135		review_host		host=alpaca organism=Bovine coronavirus isolate Alpaca	DQ915164	DQ915164.2	Bovine coronavirus isolate Alpaca	Embecovirus	Coronaviridae	Viruses; Riboviria; Orthornavirae; Pisuviricota; Pisoniviricetes; Nidovirales; Cornidovirineae; Coronaviridae; Orthocoronavirinae; Betacoronavirus; Embecovirus; Betacoronavirus gravedinis	ds-RNA	linear	31076		alpaca		false	ncbi-genbank	f587c4c7b941dd44f941bd1632779a5c005d538bf585f25a1bf826a8de8e7ef5					404135	Bovine coronavirus isolate Alpaca		Bovine			
HQ647181	39444		review_host		host=sentinel mice organism=Cotia virus	HQ647181	HQ647181.2	Cotia virus	Oryzopoxvirus	Poxviridae	Viruses; Varidnaviria; Bamfordvirae; Nucleocytoviricota; Pokkesviricetes; Chitovirales; Poxviridae; Chordopoxvirinae; Oryzopoxvirus; Oryzopoxvirus cotia	DNA	linear	185139		sentinel mice	SPAn232	false	ncbi-genbank	c8982194852ca46aa8c1c1fe8992a77a7c2dc1a4924f02d87a51712a945fe10a					39444	Cotia virus	SPAn232				
JQ686833	2713662		review_host		host=Culex vishnui organism=Ngewotan negevirus	JQ686833	JQ686833.1	Ngewotan negevirus	Negevirus		Viruses; Riboviria; Negevirus	RNA	linear	9226		Culex vishnui	JKT9982	false	ncbi-genbank	dae2e78f56a8a1f017f53073a4b096573ab8fdf02bf16dff54d3f119269d6db2					2713662	Ngewotan negevirus					
KC693024	1962300		review_host		host=Papio hamadryas anubis organism=Simian mastadenovirus C	KC693024	KC693024.1	Simian mastadenovirus C	Mastadenovirus	Adenoviridae	Viruses; Varidnaviria; Bamfordvirae; Preplasmiviricota; Polisuviricotina; Pharingeaviricetes; Rowavirales; Adenoviridae; Mastadenovirus; Mastadenovirus cynocephali	DNA	linear	34391		Papio hamadryas anubis	BaAdV-4	false	ncbi-genbank	fa2f8b45473ce849c5f93be6c986ae0648347556831f78e325275efbcdd19a48					1962300	Simian mastadenovirus C					
KF367457	1415852		review_host		host=Rhinolophus sinicus organism=Bat SARS-like coronavirus WIV1	KF367457	KF367457.1	Bat SARS-like coronavirus WIV1	Sarbecovirus	Coronaviridae	Viruses; Riboviria; Orthornavirae; Pisuviricota; Pisoniviricetes; Nidovirales; Cornidovirineae; Coronaviridae; Orthocoronavirinae; Betacoronavirus; Sarbecovirus; Betacoronavirus pandemicum	ss-RNA	linear	30309		Rhinolophus sinicus	WIV1	false	ncbi-genbank	690a075373a36fb14e2109307996cf4db94fff24883f4f95f1e98df588d24f70					1415852	Bat SARS-like coronavirus WIV1					
KJ956407	1529450		review_host		host=Eunectes murinus organism=Anaconda paramyxovirus	KJ956407	KJ956407.1	Anaconda paramyxovirus	Ferlavirus	Paramyxoviridae	Viruses; Riboviria; Orthornavirae; Negarnaviricota; Haploviricotina; Monjiviricetes; Mononegavirales; Paramyxoviridae; Feraresvirinae; Ferlavirus; Ferlavirus reptilis	cRNA	linear	15378		Eunectes murinus	RF111111	false	ncbi-genbank	bfe47854cb7960b7f9ec9b36c2d9806fa3595b6828dab3ccf59157ab5926e234					1529450	Anaconda paramyxovirus					
NC_004812	10325		review_host		host=Macaca mulatta organism=Macacine alphaherpesvirus 1	NC_004812	NC_004812.1	Macacine alphaherpesvirus 1	Simplexvirus	Orthoherpesviridae	Viruses; Duplodnaviria; Heunggongvirae; Peploviricota; Herviviricetes; Herpesvirales; Orthoherpesviridae; Alphaherpesvirinae; Simplexvirus; Simplexvirus macacinealpha1	DNA	linear	156789		Macaca mulatta	E2490	true	ncbi-genbank	6076442e3e94d81995aa74ecc7e573d452ac58af4d3d58fc4c28125ff927a997					10325	Macacine alphaherpesvirus 1	E2490				
NC_007653	340907		review_host		host=Papio cynocephalus organism=Papiine alphaherpesvirus 2	NC_007653	NC_007653.1	Papiine alphaherpesvirus 2	Simplexvirus	Orthoherpesviridae	Viruses; Duplodnaviria; Heunggongvirae; Peploviricota; Herviviricetes; Herpesvirales; Orthoherpesviridae; Alphaherpesvirinae; Simplexvirus; Simplexvirus papiinealpha2	DNA	linear	156487		Papio cynocephalus	X313	true	ncbi-genbank	1730b98c78cba619eaf2080d5b95ef00e086bc95565a7bc8a0083d7d67c57510					340907	Papiine alphaherpesvirus 2	X313				
NC_012783	50292		review_host		host=Cercopithecus aethiops organism=Cercopithecine betaherpesvirus 5	NC_012783	NC_012783.2	Cercopithecine betaherpesvirus 5	Cytomegalovirus	Orthoherpesviridae	Viruses; Duplodnaviria; Heunggongvirae; Peploviricota; Herviviricetes; Herpesvirales; Orthoherpesviridae; Betaherpesvirinae; Cytomegalovirus; Cytomegalovirus cercopithecinebeta5	DNA	linear	226205		Cercopithecus aethiops	2715	true	ncbi-genbank	44167c790c4b3ad5a93398a3cc1c1121c6a85e46e3131a25f36ee866e5d108b1					50292	Cercopithecine betaherpesvirus 5	2715				
NC_016895	2758098		review_host		host=Myotis ricketti organism=bat adenovirus 3	NC_016895	NC_016895.2	bat adenovirus 3	Mastadenovirus	Adenoviridae	Viruses; Varidnaviria; Bamfordvirae; Preplasmiviricota; Polisuviricotina; Pharingeaviricetes; Rowavirales; Adenoviridae; Mastadenovirus; Mastadenovirus musauriti	DNA	linear	31806		Myotis ricketti	TJM	true	ncbi-genbank	90a2c668c868c9ca1b1cf850472e46c1fe6c630f71615217d5ddb181e6de14cc					2758098	bat adenovirus 3	TJM				
NC_021242	1219465		review_host		host=Amblyomma americanum organism=Lone Star virus	NC_021242	NC_021242.1	Lone Star virus	Bandavirus	Phenuiviridae	Viruses; Riboviria; Orthornavirae; Negarnaviricota; Polyploviricotina; Bunyaviricetes; Hareavirales; Phenuiviridae; Bandavirus; Bandavirus amblyommae	RNA	linear	6341	L	Amblyomma americanum	TMA 1381	true	ncbi-genbank	47b53a465d6e4ddde7b49a8c8dadc9ac5c62d9f6d443dfbd32c69cc5c5b6b4d5					1219465	Lone Star virus					
NC_021243	1219465		review_host		host=Amblyomma americanum organism=Lone Star virus	NC_021243	NC_021243.1	Lone Star virus	Bandavirus	Phenuiviridae	Viruses; Riboviria; Orthornavirae; Negarnaviricota; Polyploviricotina; Bunyaviricetes; Hareavirales; Phenuiviridae; Bandavirus; Bandavirus amblyommae	RNA	linear	3313	M	Amblyomma americanum	TMA 1381	true	ncbi-genbank	4ca0d2c3e94caa5fe0fbdd5bee0edcc9a3fb7af44fd31e261c44c52e41748e1d					1219465	Lone Star virus					
NC_021244	1219465		review_host		host=Amblyomma americanum organism=Lone Star virus	NC_021244	NC_021244.1	Lone Star virus	Bandavirus	Phenuiviridae	Viruses; Riboviria; Orthornavirae; Negarnaviricota; Polyploviricotina; Bunyaviricetes; Hareavirales; Phenuiviridae; Bandavirus; Bandavirus amblyommae	RNA	linear	1876	S	Amblyomma americanum	TMA 1381	true	ncbi-genbank	fbefafc64c24f9609aadc05a7c5fc37308af51f7e5ee557eb4369bc9d7fdb754					1219465	Lone Star virus					
NC_025347	2560317		review_host		host=dove organism=avian paramyxovirus 7	NC_025347	NC_025347.1	avian paramyxovirus 7	Metaavulavirus	Paramyxoviridae	Viruses; Riboviria; Orthornavirae; Negarnaviricota; Haploviricotina; Monjiviricetes; Mononegavirales; Paramyxoviridae; Avulavirinae; Metaavulavirus; Metaavulavirus tennessense	RNA	linear	15480		dove	APMV-7/dove/Tennessee/4/75	true	ncbi-genbank	2bb21da61d4beddf939775b5ed835220be4613557d3538b58e68c8a13808441b					2560317	avian paramyxovirus 7	APMV-7/dove/Tennessee/4/75	7			
NC_025391	318843		review_host		host=Cryptoblepharus (Ablepharus) virgatus organism=Almpiwar virus	NC_025391	NC_025391.1	Almpiwar virus	Sripuvirus	Rhabdoviridae	Viruses; Riboviria; Orthornavirae; Negarnaviricota; Haploviricotina; Monjiviricetes; Mononegavirales; Rhabdoviridae; Alpharhabdovirinae; Sripuvirus; Sripuvirus almpiwar	cRNA	linear	11156		Cryptoblepharus (Ablepharus) virgatus	MRM4059	true	ncbi-genbank	eba22a2dfe17d28b5df85d8999fb34badcd1d3cc0b30dbbe537b9792b2d32a53					318843	Almpiwar virus					
NC_026623	64305		review_host		host=Formicarius analis organism=Cacipacore virus	NC_026623	NC_026623.1	Cacipacore virus	Euflavivirus	Flaviviridae	Viruses; Riboviria; Orthornavirae; Kitrinoviricota; Flasuviricetes; Amarillovirales; Flaviviridae; Orthoflavivirus; Euflavivirus; Orthoflavivirus cacipacoreense	RNA	linear	10284		Formicarius analis	BeAn 3276000	true	ncbi-genbank	4f1a90e44cca299de7180f2c0777b9b7632adc93390cec9747806570da682ec3					64305	Cacipacore virus	BeAn 3276000				
NC_029122	1615758		review_host		host=Haemaphysalis flava (Tick) organism=Tofla virus	NC_029122	NC_029122.1	Tofla virus	Orthonairovirus	Nairoviridae	Viruses; Riboviria; Orthornavirae; Negarnaviricota; Polyploviricotina; Bunyaviricetes; Hareavirales; Nairoviridae; Orthonairovirus; Orthonairovirus japonicum	cRNA	linear	1699	S	Haemaphysalis flava (Tick)	Toku_Hfla_2013	true	ncbi-genbank	7ced5a4f5a3b44bc9d2eae9379e5c42d4942a03884acec15c8a41f9924c23e88					1615758	Tofla virus	Toku_Hfla_2013				
NC_029123	1615758		review_host		host=Haemaphysalis flava (Tick) organism=Tofla virus	NC_029123	NC_029123.1	Tofla virus	Orthonairovirus	Nairoviridae	Viruses; Riboviria; Orthornavirae; Negarnaviricota; Polyploviricotina; Bunyaviricetes; Hareavirales; Nairoviridae; Orthonairovirus; Orthonairovirus japonicum	cRNA	linear	4625	M	Haemaphysalis flava (Tick)	Toku_Hfla_2013	true	ncbi-genbank	e497d53c2096d45015eb3f91def4063fa9fb0e22697a59d225c47a03c5d18e32					1615758	Tofla virus	Toku_Hfla_2013				
NC_029124	1615758		review_host		host=Haemaphysalis flava (Tick) organism=Tofla virus	NC_029124	NC_029124.1	Tofla virus	Orthonairovirus	Nairoviridae	Viruses; Riboviria; Orthornavirae; Negarnaviricota; Polyploviricotina; Bunyaviricetes; Hareavirales; Nairoviridae; Orthonairovirus; Orthonairovirus japonicum	cRNA	linear	12143	L	Haemaphysalis flava (Tick)	Toku_Hfla_2013	true	ncbi-genbank	8ed9aef37c016ecbe2ae25b3cc75928eaa68ee08c38ff8e173e8fcf96f97f99d					1615758	Tofla virus	Toku_Hfla_2013				
NC_029255	1780507		review_host		host=Myotis velifer incautus; sex: F; dev_stage: adult organism=Myotis gammaherpesvirus 8	NC_029255	NC_029255.1	Myotis gammaherpesvirus 8		Orthoherpesviridae	Viruses; Duplodnaviria; Heunggongvirae; Peploviricota; Herviviricetes; Herpesvirales; Orthoherpesviridae; Gammaherpesvirinae	DNA	linear	129563		Myotis velifer incautus; sex: F; dev_stage: adult	My-HV8/Myotis velifer incautus/USA/FCGHV/2011	true	ncbi-genbank	2b7a12141c060ff9efec903af2d5d2fd1cbc0e60285f50ac2a3f87abf21b7b2d					1780507	Myotis gammaherpesvirus 8	My-HV8/Myotis velifer incautus/USA/FCGHV/2011				
NC_029898	1788436		review_host		host=Rhinolophus sinicus organism=Bat mastadenovirus WIV9	NC_029898	NC_029898.1	Bat mastadenovirus WIV9	Mastadenovirus	Adenoviridae	Viruses; Varidnaviria; Bamfordvirae; Preplasmiviricota; Polisuviricotina; Pharingeaviricetes; Rowavirales; Adenoviridae; Mastadenovirus; Mastadenovirus rhinolophidae	DNA	linear	37545		Rhinolophus sinicus	WIV9	true	ncbi-genbank	bf07d0650434be5b8c1fba75d14c337227ef80bbd709e5ab11e35913cadfc916					1788436	Bat mastadenovirus WIV9					
NC_029899	1788432		review_host		host=Rhinolophus sinicus organism=Bat mastadenovirus WIV10	NC_029899	NC_029899.1	Bat mastadenovirus WIV10	Mastadenovirus	Adenoviridae	Viruses; Varidnaviria; Bamfordvirae; Preplasmiviricota; Polisuviricotina; Pharingeaviricetes; Rowavirales; Adenoviridae; Mastadenovirus; Mastadenovirus rhinolophidae	DNA	linear	37556		Rhinolophus sinicus	WIV10	true	ncbi-genbank	b60b595142f7bb4aefabaf9d04f2067a647110324b623ef3868419d97a9418ab					1788432	Bat mastadenovirus WIV10					
NC_029902	1788433		review_host		host=Rhinolophus sinicus organism=Bat mastadenovirus WIV11	NC_029902	NC_029902.1	Bat mastadenovirus WIV11	Mastadenovirus	Adenoviridae	Viruses; Varidnaviria; Bamfordvirae; Preplasmiviricota; Polisuviricotina; Pharingeaviricetes; Rowavirales; Adenoviridae; Mastadenovirus; Mastadenovirus rhinolophidae	DNA	linear	38073		Rhinolophus sinicus	WIV11	true	ncbi-genbank	680a7758bb3e9d5a04138f41d5f5fc3f3230d8a48e5bbe8d87a46441da69846d					1788433	Bat mastadenovirus WIV11					
NC_029932	1712570		review_host		host=Rousettus aegyptiacus organism=Kasokero virus	NC_029932	NC_029932.1	Kasokero virus	Orthonairovirus	Nairoviridae	Viruses; Riboviria; Orthornavirae; Negarnaviricota; Polyploviricotina; Bunyaviricetes; Hareavirales; Nairoviridae; Orthonairovirus; Orthonairovirus kasokeroense	RNA	linear	1719	S	Rousettus aegyptiacus	Z-52963	true	ncbi-genbank	7c3bc94981ffa954fc6b57a23a8efe0676da07d0e97987d891fb38c1d78eed5b					1712570	Kasokero virus					
NC_029933	1712570		review_host		host=Rousettus aegyptiacus organism=Kasokero virus	NC_029933	NC_029933.1	Kasokero virus	Orthonairovirus	Nairoviridae	Viruses; Riboviria; Orthornavirae; Negarnaviricota; Polyploviricotina; Bunyaviricetes; Hareavirales; Nairoviridae; Orthonairovirus; Orthonairovirus kasokeroense	RNA	linear	4598	M	Rousettus aegyptiacus	Z-52963	true	ncbi-genbank	189e9eaa718c885f68b9c2abfcaf3b78bf400a368b10048295e9c5bcf510aa1e					1712570	Kasokero virus					
NC_030231	2560321		review_host		host=Anser sp. organism=avian paramyxovirus 13	NC_030231	NC_030231.1	avian paramyxovirus 13	Orthoavulavirus	Paramyxoviridae	Viruses; Riboviria; Orthornavirae; Negarnaviricota; Haploviricotina; Monjiviricetes; Mononegavirales; Paramyxoviridae; Avulavirinae; Orthoavulavirus; Orthoavulavirus japanense	RNA	linear	16146		Anser sp.	goose/Shimane/67/2000	true	ncbi-genbank	2161ca87503e86cef1244e9b41e02e26321d27ab3dbd701303b59099bcef134d					2560321	avian paramyxovirus 13	goose/Shimane/67/2000				
NC_031284	1608083		review_host		host=Dermacentor marginatus organism=Tacheng Tick Virus 1	NC_031284	NC_031284.1	Tacheng Tick Virus 1	Orthonairovirus	Nairoviridae	Viruses; Riboviria; Orthornavirae; Negarnaviricota; Polyploviricotina; Bunyaviricetes; Hareavirales; Nairoviridae; Orthonairovirus; Orthonairovirus tachengense	RNA	linear	12184	L	Dermacentor marginatus	TC253	true	ncbi-genbank	fbf3de63d289aaffaa7b24b90214e8ead19b9d651b7fe22bccdc20ddd8f3eebb					1608083	Tacheng Tick Virus 1	TC253				
NC_031285	1608083		review_host		host=Dermacentor marginatus organism=Tacheng Tick Virus 1	NC_031285	NC_031285.1	Tacheng Tick Virus 1	Orthonairovirus	Nairoviridae	Viruses; Riboviria; Orthornavirae; Negarnaviricota; Polyploviricotina; Bunyaviricetes; Hareavirales; Nairoviridae; Orthonairovirus; Orthonairovirus tachengense	RNA	linear	5147	M	Dermacentor marginatus	TC253	true	ncbi-genbank	d020980f27f5d11c55f529430299878ba39f09639f22845819bb07aa96d16658					1608083	Tacheng Tick Virus 1	TC253				
NC_031286	1608083		review_host		host=Dermacentor marginatus organism=Tacheng Tick Virus 1	NC_031286	NC_031286.1	Tacheng Tick Virus 1	Orthonairovirus	Nairoviridae	Viruses; Riboviria; Orthornavirae; Negarnaviricota; Polyploviricotina; Bunyaviricetes; Hareavirales; Nairoviridae; Orthonairovirus; Orthonairovirus tachengense	cRNA	linear	1840	S	Dermacentor marginatus	TC253	true	ncbi-genbank	567311089ba18adc81fa970bac22d67822d98cb8ec2af12e4351c6effb816575					1608083	Tacheng Tick Virus 1	TC253				
NC_033725	1805494		review_host		host=Culex sitiens subgroup organism=Bamaga virus	NC_033725	NC_033725.1	Bamaga virus		Flaviviridae	Viruses; Riboviria; Orthornavirae; Kitrinoviricota; Flasuviricetes; Amarillovirales; Flaviviridae	RNA	linear	10203		Culex sitiens subgroup	CY4270	true	ncbi-genbank	67bf52a6d5c8aa62e8a5f81513f9420595f6c4ac17cee5a84e8563a1bc285b9f					1805494	Bamaga virus					
NC_034386	194540		review_host		host=tick organism=Nairobi sheep disease virus	NC_034386	NC_034386.1	Nairobi sheep disease virus	Orthonairovirus	Nairoviridae	Viruses; Riboviria; Orthornavirae; Negarnaviricota; Polyploviricotina; Bunyaviricetes; Hareavirales; Nairoviridae; Orthonairovirus; Orthonairovirus nairobiense	ss-RNA	linear	1590	S	tick	Jilin	true	ncbi-genbank	0616e5809b3ab78033cd822b8cf97bb9ad493b6afb3ca1cbec73e3adb61bc560					194540	Nairobi sheep disease virus					
NC_034387	194540		review_host		host=tick organism=Nairobi sheep disease virus	NC_034387	NC_034387.1	Nairobi sheep disease virus	Orthonairovirus	Nairoviridae	Viruses; Riboviria; Orthornavirae; Negarnaviricota; Polyploviricotina; Bunyaviricetes; Hareavirales; Nairoviridae; Orthonairovirus; Orthonairovirus nairobiense	ss-RNA	linear	12081	L	tick	Jilin	true	ncbi-genbank	229c795690a903c8e2feba970fbad2c2300030d4597ad23ca252c03059524e3a					194540	Nairobi sheep disease virus					
NC_034391	194540		review_host		host=tick organism=Nairobi sheep disease virus	NC_034391	NC_034391.1	Nairobi sheep disease virus	Orthonairovirus	Nairoviridae	Viruses; Riboviria; Orthornavirae; Negarnaviricota; Polyploviricotina; Bunyaviricetes; Hareavirales; Nairoviridae; Orthonairovirus; Orthonairovirus nairobiense	ss-RNA	linear	5077	M	tick	Jilin	true	ncbi-genbank	76313c5fa03decbc02327d5a02fda09bf71320e83bc9490865ca8ba13a774ed8					194540	Nairobi sheep disease virus					
NC_034477	192196		review_host		host=Cebus apella organism=Caraparu virus	NC_034477	NC_034477.1	Caraparu virus	Orthobunyavirus	Peribunyaviridae	Viruses; Riboviria; Orthornavirae; Negarnaviricota; Polyploviricotina; Bunyaviricetes; Elliovirales; Peribunyaviridae; Orthobunyavirus; Orthobunyavirus caraparuense	RNA	linear	4356	M	Cebus apella	BeAn3994	true	ncbi-genbank	d9f32567145470d03535f4d64c9382f1c6388dbf2323bcf8f5243551a89b9ac5					192196	Caraparu virus	BeAn3994				
NC_034478	192196		review_host		host=Cebus apella organism=Caraparu virus	NC_034478	NC_034478.1	Caraparu virus	Orthobunyavirus	Peribunyaviridae	Viruses; Riboviria; Orthornavirae; Negarnaviricota; Polyploviricotina; Bunyaviricetes; Elliovirales; Peribunyaviridae; Orthobunyavirus; Orthobunyavirus caraparuense	RNA	linear	1048	S	Cebus apella	BeAn3994	true	ncbi-genbank	71bd84ce4af9d49a102803e159351090a9d03c31a4111a68e58af3ea26fa4928					192196	Caraparu virus	BeAn3994				
NC_034489	192196		review_host		host=Cebus apella organism=Caraparu virus	NC_034489	NC_034489.1	Caraparu virus	Orthobunyavirus	Peribunyaviridae	Viruses; Riboviria; Orthornavirae; Negarnaviricota; Polyploviricotina; Bunyaviricetes; Elliovirales; Peribunyaviridae; Orthobunyavirus; Orthobunyavirus caraparuense	RNA	linear	6855	L	Cebus apella	BeAn3994	true	ncbi-genbank	e4076267b3bfb2e40d1db290f011fde9bc8d62d97a335bc876db2939dee7cb66					192196	Caraparu virus	BeAn3994				
NC_036604	1851087		review_host		host=Haemaphysalis flava organism=Kabuto mountain virus	NC_036604	NC_036604.1	Kabuto mountain virus	Uukuvirus	Phenuiviridae	Viruses; Riboviria; Orthornavirae; Negarnaviricota; Polyploviricotina; Bunyaviricetes; Hareavirales; Phenuiviridae; Uukuvirus; Uukuvirus kabutoense	RNA	linear	6430	L	Haemaphysalis flava	T32	true	ncbi-genbank	71cc9217d2044bc6b57966311e52ce6504858227b1819ca6f5fa5dce4033eb09					1851087	Kabuto mountain virus	T32				
NC_036605	1851087		review_host		host=Haemaphysalis flava organism=Kabuto mountain virus	NC_036605	NC_036605.1	Kabuto mountain virus	Uukuvirus	Phenuiviridae	Viruses; Riboviria; Orthornavirae; Negarnaviricota; Polyploviricotina; Bunyaviricetes; Hareavirales; Phenuiviridae; Uukuvirus; Uukuvirus kabutoense	RNA	linear	3151	M	Haemaphysalis flava	T32	true	ncbi-genbank	3f53934bde6336edb0a430c05a9564f35b654623d9114293496c34b0df4e91d0					1851087	Kabuto mountain virus	T32				
NC_036606	1851087		review_host		host=Haemaphysalis flava organism=Kabuto mountain virus	NC_036606	NC_036606.1	Kabuto mountain virus	Uukuvirus	Phenuiviridae	Viruses; Riboviria; Orthornavirae; Negarnaviricota; Polyploviricotina; Bunyaviricetes; Hareavirales; Phenuiviridae; Uukuvirus; Uukuvirus kabutoense	RNA	linear	1868	S	Haemaphysalis flava	T32	true	ncbi-genbank	d134f83fda92277ed86684f807871f5d2d7424f99078154fb9facf8f5f34f9bb					1851087	Kabuto mountain virus	T32				
NC_036636	1712570		review_host		host=Rousettus aegyptiacus organism=Kasokero virus	NC_036636	NC_036636.1	Kasokero virus	Orthonairovirus	Nairoviridae	Viruses; Riboviria; Orthornavirae; Negarnaviricota; Polyploviricotina; Bunyaviricetes; Hareavirales; Nairoviridae; Orthonairovirus; Orthonairovirus kasokeroense	RNA	linear	12063	L	Rousettus aegyptiacus	Z-52963	true	ncbi-genbank	5bbbe9adf5179374d737c1876079704371f4ca0e5e05bd85238e75114bb742c4					1712570	Kasokero virus					
NC_037613	1764086		review_host		host=Phlebotomus sp. organism=Zerdali virus	NC_037613	NC_037613.1	Zerdali virus	Phlebovirus	Phenuiviridae	Viruses; Riboviria; Orthornavirae; Negarnaviricota; Polyploviricotina; Bunyaviricetes; Hareavirales; Phenuiviridae; Phlebovirus; Phlebovirus zerdaliense	RNA	linear	1907	S	Phlebotomus sp.	37	true	ncbi-genbank	9048911e9a61b0cbf20c6ed011c07d99797d2bcbae9ff6056d695ec272e04d5b					1764086	Zerdali virus	37				
NC_038298	3052470		review_host		host=Louisiana patient with hantavirus pulmonary organism=Orthohantavirus bayoui	NC_038298	NC_038298.1	Orthohantavirus bayoui	Orthohantavirus	Hantaviridae	Viruses; Riboviria; Orthornavirae; Negarnaviricota; Polyploviricotina; Bunyaviricetes; Elliovirales; Hantaviridae; Mammantavirinae; Orthohantavirus	ss-RNA	linear	1958	S	Louisiana patient with hantavirus pulmonary		true	ncbi-genbank	d8f4e4b8c2456694ad23efc38d18e3672c52331cbf755e7f2dd69ceb05086559					3052470	Orthohantavirus bayoui					
NC_038299	3052470		review_host		host=Oryzomys palustris (marsh rice rat) organism=Orthohantavirus bayoui	NC_038299	NC_038299.1	Orthohantavirus bayoui	Orthohantavirus	Hantaviridae	Viruses; Riboviria; Orthornavirae; Negarnaviricota; Polyploviricotina; Bunyaviricetes; Elliovirales; Hantaviridae; Mammantavirinae; Orthohantavirus	RNA	linear	6554	L	Oryzomys palustris (marsh rice rat)	HV F0260003	true	ncbi-genbank	d68764e40791a8fc1cc971e55a39d19202276d2b47176f21cc2a15738561eba6					3052470	Orthohantavirus bayoui					
NC_038300	3052470		review_host		host=Louisiana patient with hantavirus pulmonary organism=Orthohantavirus bayoui	NC_038300	NC_038300.1	Orthohantavirus bayoui	Orthohantavirus	Hantaviridae	Viruses; Riboviria; Orthornavirae; Negarnaviricota; Polyploviricotina; Bunyaviricetes; Elliovirales; Hantaviridae; Mammantavirinae; Orthohantavirus	ss-RNA	linear	3677	M	Louisiana patient with hantavirus pulmonary		true	ncbi-genbank	72ca542d9a2e94cfa01e3bea9b601d95df78962fee3b578ee03a7e290e919c77					3052470	Orthohantavirus bayoui					
NC_038735	1678234		review_host		host=Cebus apella organism=Guama virus	NC_038735	NC_038735.1	Guama virus	Orthobunyavirus	Peribunyaviridae	Viruses; Riboviria; Orthornavirae; Negarnaviricota; Polyploviricotina; Bunyaviricetes; Elliovirales; Peribunyaviridae; Orthobunyavirus; Orthobunyavirus guamaense	ss-RNA	linear	4412	M	Cebus apella	BeAn 277	true	ncbi-genbank	a4381db37c43e3e84018331974d39dda657ee3a8d5b58da14610f743d965798a					1678234	Guama virus	BeAn 277				
NC_038736	1678234		review_host		host=Cebus apella organism=Guama virus	NC_038736	NC_038736.1	Guama virus	Orthobunyavirus	Peribunyaviridae	Viruses; Riboviria; Orthornavirae; Negarnaviricota; Polyploviricotina; Bunyaviricetes; Elliovirales; Peribunyaviridae; Orthobunyavirus; Orthobunyavirus guamaense	ss-RNA	linear	6861	L	Cebus apella	BeAn 277	true	ncbi-genbank	62a1329bb0df065abce9b4074c8d6f42d885a8ff6607f9d1ab14ef5d45a2ce5c					1678234	Guama virus	BeAn 277				
NC_038737	1678234		review_host		host=Cebus apella organism=Guama virus	NC_038737	NC_038737.1	Guama virus	Orthobunyavirus	Peribunyaviridae	Viruses; Riboviria; Orthornavirae; Negarnaviricota; Polyploviricotina; Bunyaviricetes; Elliovirales; Peribunyaviridae; Orthobunyavirus; Orthobunyavirus guamaense	ss-RNA	linear	850	S	Cebus apella	BeAn 277	true	ncbi-genbank	9f8fffa5fea52bea5e92e55fe0562e0006dfcc5dc94866c6e93b0afa60c53924					1678234	Guama virus	BeAn 277				
NC_038817	688436		review_host		host=Argas reflexus organism=Quaranjavirus quaranfilense	NC_038817	NC_038817.1	Quaranjavirus quaranfilense	Quaranjavirus	Orthomyxoviridae	Viruses; Riboviria; Orthornavirae; Negarnaviricota; Polyploviricotina; Insthoviricetes; Articulavirales; Orthomyxoviridae; Quaranjavirus	RNA	linear	2421	1	Argas reflexus	EG T 377	true	ncbi-genbank	9c0571693266818699e3010f8ff7d9dfe8ee7d3dbdb64efb284ea5c9d396fc4e					688436	Quaranjavirus quaranfilense					
NC_038818	688436		review_host		host=Argas reflexus organism=Quaranjavirus quaranfilense	NC_038818	NC_038818.1	Quaranjavirus quaranfilense	Quaranjavirus	Orthomyxoviridae	Viruses; Riboviria; Orthornavirae; Negarnaviricota; Polyploviricotina; Insthoviricetes; Articulavirales; Orthomyxoviridae; Quaranjavirus	RNA	linear	2403	2	Argas reflexus	EG T 377	true	ncbi-genbank	9f9c43ffb40f1dbbdbce9b6d3ba29fa503772c276ef995dfc88d79c6090f088a					688436	Quaranjavirus quaranfilense					
NC_038819	688436		review_host		host=Argas reflexus organism=Quaranjavirus quaranfilense	NC_038819	NC_038819.1	Quaranjavirus quaranfilense	Quaranjavirus	Orthomyxoviridae	Viruses; Riboviria; Orthornavirae; Negarnaviricota; Polyploviricotina; Insthoviricetes; Articulavirales; Orthomyxoviridae; Quaranjavirus	RNA	linear	1726	4	Argas reflexus	EG T 377	true	ncbi-genbank	9c5cd36d936c5ed6f97bcb5215ba8e3509aa1c9b38af776727985a09706f3c1b					688436	Quaranjavirus quaranfilense					
NC_038820	688436		review_host		host=Argas reflexus organism=Quaranjavirus quaranfilense	NC_038820	NC_038820.1	Quaranjavirus quaranfilense	Quaranjavirus	Orthomyxoviridae	Viruses; Riboviria; Orthornavirae; Negarnaviricota; Polyploviricotina; Insthoviricetes; Articulavirales; Orthomyxoviridae; Quaranjavirus	RNA	linear	1616		Argas reflexus	EG T 377	true	ncbi-genbank	4dcb61d9cacf0efa8bead83aec1cb3236a17d269db7e6c5f7c1ab3f284f887e8					688436	Quaranjavirus quaranfilense					
NC_038821	688436		review_host		host=Argas reflexus organism=Quaranjavirus quaranfilense	NC_038821	NC_038821.1	Quaranjavirus quaranfilense	Quaranjavirus	Orthomyxoviridae	Viruses; Riboviria; Orthornavirae; Negarnaviricota; Polyploviricotina; Insthoviricetes; Articulavirales; Orthomyxoviridae; Quaranjavirus	RNA	linear	2386		Argas reflexus	EG T 377	true	ncbi-genbank	6871f4cbe315ecd6a739bfa25f65f5fb00841297cb10d5c0f0b8b87b06241f15					688436	Quaranjavirus quaranfilense					
NC_038822	688436		review_host		host=Argas reflexus organism=Quaranjavirus quaranfilense	NC_038822	NC_038822.1	Quaranjavirus quaranfilense	Quaranjavirus	Orthomyxoviridae	Viruses; Riboviria; Orthornavirae; Negarnaviricota; Polyploviricotina; Insthoviricetes; Articulavirales; Orthomyxoviridae; Quaranjavirus	RNA	linear	900	5	Argas reflexus	EG T 377	true	ncbi-genbank	d5567b75b869b0f930a8046f85f43de104d10ca5aa0b15104c2921b0b1582867					688436	Quaranjavirus quaranfilense					
NC_039195	2560318		review_host		host=Canada goose organism=avian paramyxovirus 8	NC_039195	NC_039195.1	avian paramyxovirus 8	Metaavulavirus	Paramyxoviridae	Viruses; Riboviria; Orthornavirae; Negarnaviricota; Haploviricotina; Monjiviricetes; Mononegavirales; Paramyxoviridae; Avulavirinae; Metaavulavirus; Metaavulavirus delawarense	RNA	linear	15342		Canada goose	goose/Delaware/1053/76	true	ncbi-genbank	0befa3a0943ad0df207251c8529b233f747a6c7d8f865f489e3694bd38beef76					2560318	avian paramyxovirus 8	goose/Delaware/1053/76				
NC_039197	152219		review_host		host=pteropid bat organism=Menangle virus	NC_039197	NC_039197.1	Menangle virus	Pararubulavirus	Paramyxoviridae	Viruses; Riboviria; Orthornavirae; Negarnaviricota; Haploviricotina; Monjiviricetes; Mononegavirales; Paramyxoviridae; Rubulavirinae; Pararubulavirus; Pararubulavirus menangleense	RNA	linear	15516		pteropid bat	Australia/bat/2009/Cedar Grove	true	ncbi-genbank	25dd11fb8c9c11b83064a17c0e8d20bba3ebb5a530c8ef1829cac8a87d556163					152219	Menangle virus					
NC_039230	2560313		review_host		host=chicken organism=avian paramyxovirus 2	NC_039230	NC_039230.1	avian paramyxovirus 2	Metaavulavirus	Paramyxoviridae	Viruses; Riboviria; Orthornavirae; Negarnaviricota; Haploviricotina; Monjiviricetes; Mononegavirales; Paramyxoviridae; Avulavirinae; Metaavulavirus; Metaavulavirus yucaipaense	ss-RNA	linear	14904		chicken	APMV-2/Chicken/California/Yucaipa/56	true	ncbi-genbank	40fda4eb95baddf4d13bbe4506aa6373f3abe55af5b353bb634f076f972af091					2560313	avian paramyxovirus 2	APMV-2/Chicken/California/Yucaipa/56				
NC_040379	1983771		review_host		host=red-crowned crane organism=Gemycircularvirus sp.	NC_040379	NC_040379.1	Gemycircularvirus sp.	Gemycircularvirus	Genomoviridae	Viruses; Floreoviria; Shotokuvirae; Cressdnaviricota; Repensiviricetes; Geplafuvirales; Genomoviridae; Gemycircularvirus	ss-DNA	circular	2277		red-crowned crane	yc-18	true	ncbi-genbank	146181b2331cd0fd91fe73d31157c8276dd2ece8719b6d497b7e562b15239e76					1983771	Gemycircularvirus sp.					
NC_040534	2053026		review_host		host=Culex sp. (mosquito) organism=Yichang virus	NC_040534	NC_040534.1	Yichang virus	Yilivirus	Mesoniviridae	Viruses; Riboviria; Orthornavirae; Pisuviricota; Pisoniviricetes; Nidovirales; Mesnidovirineae; Mesoniviridae; Hexponivirinae; Alphamesonivirus; Yilivirus; Alphamesonivirus yichangense	ss-RNA	linear	20949		Culex sp. (mosquito)	HB-MLV	true	ncbi-genbank	43e8ceefab4a020e8b4282c8edb84916fa1f338410f44c7900a1f00c65fc254e					2053026	Yichang virus					
NC_043609	1763596		review_host		host=Dermacentor nuttalli organism=Guertu virus	NC_043609	NC_043609.1	Guertu virus	Bandavirus	Phenuiviridae	Viruses; Riboviria; Orthornavirae; Negarnaviricota; Polyploviricotina; Bunyaviricetes; Hareavirales; Phenuiviridae; Bandavirus; Bandavirus guertuense	RNA	linear	3371	M	Dermacentor nuttalli	DXM	true	ncbi-genbank	166eb59729c2b9c4aa5f616b05cb72e092142439f62089b8f4bebb549cdc2828					1763596	Guertu virus	DXM				
NC_043610	1763596		review_host		host=Dermacentor nuttalli organism=Guertu virus	NC_043610	NC_043610.1	Guertu virus	Bandavirus	Phenuiviridae	Viruses; Riboviria; Orthornavirae; Negarnaviricota; Polyploviricotina; Bunyaviricetes; Hareavirales; Phenuiviridae; Bandavirus; Bandavirus guertuense	RNA	linear	1744	S	Dermacentor nuttalli	DXM	true	ncbi-genbank	3c30edaaf2921daa94fa00d323916cdb589747884126f16740163834edf48b4a					1763596	Guertu virus	DXM				
NC_043611	1763596		review_host		host=Dermacentor nuttalli organism=Guertu virus	NC_043611	NC_043611.1	Guertu virus	Bandavirus	Phenuiviridae	Viruses; Riboviria; Orthornavirae; Negarnaviricota; Polyploviricotina; Bunyaviricetes; Hareavirales; Phenuiviridae; Bandavirus; Bandavirus guertuense	RNA	linear	6366	L	Dermacentor nuttalli	DXM	true	ncbi-genbank	c0c921fb0b69d036b068d36d2c80c9b2dab8ec16a60fc1b3d5a7341edc35d219					1763596	Guertu virus	DXM				
NC_043627	35514		review_host		host=Ochlerotatus cf. atlanticus/tormentor organism=Keystone virus	NC_043627	NC_043627.1	Keystone virus	Orthobunyavirus	Peribunyaviridae	Viruses; Riboviria; Orthornavirae; Negarnaviricota; Polyploviricotina; Bunyaviricetes; Elliovirales; Peribunyaviridae; Orthobunyavirus; Orthobunyavirus keystoneense	ss-RNA	linear	4529	M	Ochlerotatus cf. atlanticus/tormentor	B64-5587.05	true	ncbi-genbank	170232c34b2be4b15cd179c72518fcd0575bcf9456ca38b4eaa8dffac6fb3044					35514	Keystone virus	B64-5587.05				
NC_043628	35514		review_host		host=Ochlerotatus cf. atlanticus/tormentor organism=Keystone virus	NC_043628	NC_043628.1	Keystone virus	Orthobunyavirus	Peribunyaviridae	Viruses; Riboviria; Orthornavirae; Negarnaviricota; Polyploviricotina; Bunyaviricetes; Elliovirales; Peribunyaviridae; Orthobunyavirus; Orthobunyavirus keystoneense	ss-RNA	linear	965	S	Ochlerotatus cf. atlanticus/tormentor	B64-5587.05	true	ncbi-genbank	1701fb1e0ee6f29c079bee4029fd6dcdc1801f889f09527cf97fed81f1547762					35514	Keystone virus	B64-5587.05				
NC_043629	35514		review_host		host=Ochlerotatus cf. atlanticus/tormentor organism=Keystone virus	NC_043629	NC_043629.1	Keystone virus	Orthobunyavirus	Peribunyaviridae	Viruses; Riboviria; Orthornavirae; Negarnaviricota; Polyploviricotina; Bunyaviricetes; Elliovirales; Peribunyaviridae; Orthobunyavirus; Orthobunyavirus keystoneense	ss-RNA	linear	6961	L	Ochlerotatus cf. atlanticus/tormentor	B64-5587.05	true	ncbi-genbank	e185c1bcade5f4f7b2cc851f979a87f700fac59a3d98d195439bd78b8b074edd					35514	Keystone virus	B64-5587.05				
NC_043633	35515		review_host		host=Ochlerotatus scapularis organism=Melao virus	NC_043633	NC_043633.1	Melao virus	Orthobunyavirus	Peribunyaviridae	Viruses; Riboviria; Orthornavirae; Negarnaviricota; Polyploviricotina; Bunyaviricetes; Elliovirales; Peribunyaviridae; Orthobunyavirus; Orthobunyavirus melajoense	ss-RNA	linear	4498	M	Ochlerotatus scapularis	TRVL 9375	true	ncbi-genbank	a4ed1881ee5ab042f4d3a48bb30d1e0fe8177086875e436aa6b6241b7b06c13d					35515	Melao virus	TRVL 9375				
NC_043634	35515		review_host		host=Ochlerotatus scapularis organism=Melao virus	NC_043634	NC_043634.1	Melao virus	Orthobunyavirus	Peribunyaviridae	Viruses; Riboviria; Orthornavirae; Negarnaviricota; Polyploviricotina; Bunyaviricetes; Elliovirales; Peribunyaviridae; Orthobunyavirus; Orthobunyavirus melajoense	ss-RNA	linear	6957	L	Ochlerotatus scapularis	TRVL 9375	true	ncbi-genbank	64764c022a6980fe6ac17c04f1530555fbeb1e67ebd0aaaa36d1b282128eaf49					35515	Melao virus	TRVL 9375				
NC_043635	35515		review_host		host=Ochlerotatus scapularis organism=Melao virus	NC_043635	NC_043635.1	Melao virus	Orthobunyavirus	Peribunyaviridae	Viruses; Riboviria; Orthornavirae; Negarnaviricota; Polyploviricotina; Bunyaviricetes; Elliovirales; Peribunyaviridae; Orthobunyavirus; Orthobunyavirus melajoense	ss-RNA	linear	969	S	Ochlerotatus scapularis	TRVL 9375	true	ncbi-genbank	a396cf246534d3f40f2ff1308fc27d1adcf617890e88bbe0e17d5fc8997153f3					35515	Melao virus	TRVL 9375				
NC_045762	262897		review_host		host=Felis catus organism=Norovirus GIV	NC_045762	NC_045762.1	Norovirus GIV	Norovirus	Caliciviridae	Viruses; Riboviria; Orthornavirae; Pisuviricota; Pisoniviricetes; Picornavirales; Caliciviridae; Norovirus; Norovirus norwalkense	RNA	linear	7839		Felis catus	CU081210E/USA/2010	true	ncbi-genbank	aaed226db5ee041d7fea2c2707260ad2931628921239eca3245edaa8b2db1130					262897	Norovirus GIV	CU081210E/USA/2010				
NC_055381	1775957		review_host		host=Phlebotomus (Larroussius) sp. organism=Medjerda Valley virus	NC_055381	NC_055381.1	Medjerda Valley virus	Phlebovirus	Phenuiviridae	Viruses; Riboviria; Orthornavirae; Negarnaviricota; Polyploviricotina; Bunyaviricetes; Hareavirales; Phenuiviridae; Phlebovirus; Phlebovirus medjerdaense	ss-RNA	linear	1758	S	Phlebotomus (Larroussius) sp.	T131	true	ncbi-genbank	ee2b78fb8ab3d686db1f11a31ec484bffe6bacbcad511fd1ccb4158403cdd73a					1775957	Medjerda Valley virus	T131				
NC_055382	1775957		review_host		host=Phlebotomus (Larroussius) sp. organism=Medjerda Valley virus	NC_055382	NC_055382.1	Medjerda Valley virus	Phlebovirus	Phenuiviridae	Viruses; Riboviria; Orthornavirae; Negarnaviricota; Polyploviricotina; Bunyaviricetes; Hareavirales; Phenuiviridae; Phlebovirus; Phlebovirus medjerdaense	ss-RNA	linear	4216	M	Phlebotomus (Larroussius) sp.	T131	true	ncbi-genbank	c6e06c8b6baec9229f7f04c895556b40a072e39f41807de8d238491b7ad702da					1775957	Medjerda Valley virus	T131				
NC_055383	1775957		review_host		host=Phlebotomus (Larroussius) sp. organism=Medjerda Valley virus	NC_055383	NC_055383.1	Medjerda Valley virus	Phlebovirus	Phenuiviridae	Viruses; Riboviria; Orthornavirae; Negarnaviricota; Polyploviricotina; Bunyaviricetes; Hareavirales; Phenuiviridae; Phlebovirus; Phlebovirus medjerdaense	ss-RNA	linear	6403	L	Phlebotomus (Larroussius) sp.	T131	true	ncbi-genbank	b681f21959dd590721fe896db9d60cc83daffae4fb61d3edfed139e71ed9b84b					1775957	Medjerda Valley virus	T131				
NC_055425	1608084		review_host		host=Dermacentor marginatus organism=Tacheng Tick Virus 2	NC_055425	NC_055425.1	Tacheng Tick Virus 2	Uukuvirus	Phenuiviridae	Viruses; Riboviria; Orthornavirae; Negarnaviricota; Polyploviricotina; Bunyaviricetes; Hareavirales; Phenuiviridae; Uukuvirus; Uukuvirus tachengense	RNA	linear	6659	L	Dermacentor marginatus	TC252	true	ncbi-genbank	d542875e27924a0adfdb59b116e08a1fb48aec4172cb9f49675fe5e8b6301767					1608084	Tacheng Tick Virus 2	TC252				
NC_055426	1608084		review_host		host=Dermacentor marginatus organism=Tacheng Tick Virus 2	NC_055426	NC_055426.1	Tacheng Tick Virus 2	Uukuvirus	Phenuiviridae	Viruses; Riboviria; Orthornavirae; Negarnaviricota; Polyploviricotina; Bunyaviricetes; Hareavirales; Phenuiviridae; Uukuvirus; Uukuvirus tachengense	RNA	linear	2185	S	Dermacentor marginatus	TC252	true	ncbi-genbank	80aa046a01bbecdf1065360a8ac42f65339ff3204cd156b37e363f4eb8310f40					1608084	Tacheng Tick Virus 2	TC252				
NC_055459	1554500		review_host		host=Pteropus sp. (bat) organism=Hervey virus	NC_055459	NC_055459.1	Hervey virus	Pararubulavirus	Paramyxoviridae	Viruses; Riboviria; Orthornavirae; Negarnaviricota; Haploviricotina; Monjiviricetes; Mononegavirales; Paramyxoviridae; Rubulavirinae; Pararubulavirus; Pararubulavirus herveyense	RNA	linear	15186		Pteropus sp. (bat)	BO6	true	ncbi-genbank	dd3a0e2698547d7941a2f2a7f733d4e83613c5574e1510b11899a2675b9b47d0					1554500	Hervey virus					
NC_055508	2495433		review_host		host=Pteropus sp. organism=Alston virus	NC_055508	NC_055508.1	Alston virus	Orthorubulavirus	Paramyxoviridae	Viruses; Riboviria; Orthornavirae; Negarnaviricota; Haploviricotina; Monjiviricetes; Mononegavirales; Paramyxoviridae; Rubulavirinae; Orthorubulavirus; Orthorubulavirus sp. 'alstonvillense'	RNA	linear	15270		Pteropus sp.	Alstonville	true	ncbi-genbank	045573a6510d2d6add3c46046e2b255b7876937c760d47be9d1557124f40aec7					2495433	Alston virus					
NC_075323	1983771		review_host		host=Pipistrellus pygmaeus organism=Gemycircularvirus sp.	NC_075323	NC_075323.1	Gemycircularvirus sp.	Gemycircularvirus	Genomoviridae	Viruses; Floreoviria; Shotokuvirae; Cressdnaviricota; Repensiviricetes; Geplafuvirales; Genomoviridae; Gemycircularvirus	DNA	circular	2157		Pipistrellus pygmaeus	BS50/Hun/2013	true	ncbi-genbank	4bf85ae20da489ea3bdf627f39962794c035ce3369f797216df979e35c550a5c					1983771	Gemycircularvirus sp.	BS50/Hun/2013				
NC_075325	1983771		review_host		host=red-crowned crane organism=Gemycircularvirus sp.	NC_075325	NC_075325.1	Gemycircularvirus sp.	Gemycircularvirus	Genomoviridae	Viruses; Floreoviria; Shotokuvirae; Cressdnaviricota; Repensiviricetes; Geplafuvirales; Genomoviridae; Gemycircularvirus	ss-DNA	circular	2138		red-crowned crane	yc-19	true	ncbi-genbank	ddcd6ac5cf2209d1639a9abc1f02f24a25a186355892afdc0a78734658e91b9e					1983771	Gemycircularvirus sp.					
NC_076164	10325		review_host		host=Macaca silenus organism=Macacine alphaherpesvirus 1	NC_076164	NC_076164.1	Macacine alphaherpesvirus 1	Simplexvirus	Orthoherpesviridae	Viruses; Duplodnaviria; Heunggongvirae; Peploviricota; Herviviricetes; Herpesvirales; Orthoherpesviridae; Alphaherpesvirinae; Simplexvirus; Simplexvirus macacinealpha1	DNA	linear	157447		Macaca silenus	8100812	true	ncbi-genbank	0631805afbcfc3e00a26ea26e2343b8fc20ea3ede6c5025710a3e53fc93e6c0e					10325	Macacine alphaherpesvirus 1					
NC_076165	10325		review_host		host=Macaca nemestrina organism=Macacine alphaherpesvirus 1	NC_076165	NC_076165.1	Macacine alphaherpesvirus 1	Simplexvirus	Orthoherpesviridae	Viruses; Duplodnaviria; Heunggongvirae; Peploviricota; Herviviricetes; Herpesvirales; Orthoherpesviridae; Alphaherpesvirinae; Simplexvirus; Simplexvirus macacinealpha1	DNA	linear	157321		Macaca nemestrina	KQ	true	ncbi-genbank	c841594394733b1614c4df4a887766875e2f2c5fc6587ba96e6ea1c35e1c9710					10325	Macacine alphaherpesvirus 1					
NC_076565	1678143		review_host		host=Alces alces (moose) organism=Paslahepevirus balayani	NC_076565	NC_076565.1	Paslahepevirus balayani	Paslahepevirus	Hepeviridae	Viruses; Riboviria; Orthornavirae; Kitrinoviricota; Alsuviricetes; Hepelivirales; Hepeviridae; Orthohepevirinae; Paslahepevirus	RNA	linear	7002		Alces alces (moose)	AlgSwe2012	true	ncbi-genbank	6659e3be591177a68cb8faa3927964b3fb452b0e6e2acd3b6beea7b9ae22e8c1					1678143	Paslahepevirus balayani					
NC_076592	1678143		review_host		host=Egretta garzetta (little egret) organism=Paslahepevirus balayani	NC_076592	NC_076592.1	Paslahepevirus balayani	Paslahepevirus	Hepeviridae	Viruses; Riboviria; Orthornavirae; Kitrinoviricota; Alsuviricetes; Hepelivirales; Hepeviridae; Orthohepevirinae; Paslahepevirus	RNA	linear	6660		Egretta garzetta (little egret)	little egret/kocsag02/2014/HUN	true	ncbi-genbank	542022e8aeac60484ef4af970848db2f0081a2c6cc214ceb6fa13eb537d0306a					1678143	Paslahepevirus balayani					
NC_077751	38170		review_host		host=Hypsipetes amaurotis (brown-eared bulbul) organism=Avian orthoreovirus	NC_077751	NC_077751.1	Avian orthoreovirus	Orthoreovirus	Spinareoviridae	Viruses; Riboviria; Orthornavirae; Duplornaviricota; Resentoviricetes; Reovirales; Spinareoviridae; Orthoreovirus; Orthoreovirus avis	RNA	linear	2039	M3	Hypsipetes amaurotis (brown-eared bulbul)	Pycno-1	true	ncbi-genbank	aa32f25b662d5a9ac142b8ea68d1806dcb500d9190ca0c88ff1a2c0987bf1921					38170	Avian orthoreovirus	Pycno-1				
NC_077752	38170		review_host		host=Hypsipetes amaurotis (brown-eared bulbul) organism=Avian orthoreovirus	NC_077752	NC_077752.1	Avian orthoreovirus	Orthoreovirus	Spinareoviridae	Viruses; Riboviria; Orthornavirae; Duplornaviricota; Resentoviricetes; Reovirales; Spinareoviridae; Orthoreovirus; Orthoreovirus avis	RNA	linear	1325	S2	Hypsipetes amaurotis (brown-eared bulbul)	Pycno-1	true	ncbi-genbank	ab040a154528ac7ca64eff6e54fabf0d0fdf1ee213a0e3c911aaf0bb2709f468					38170	Avian orthoreovirus	Pycno-1				
NC_077753	38170		review_host		host=Hypsipetes amaurotis (brown-eared bulbul) organism=Avian orthoreovirus	NC_077753	NC_077753.1	Avian orthoreovirus	Orthoreovirus	Spinareoviridae	Viruses; Riboviria; Orthornavirae; Duplornaviricota; Resentoviricetes; Reovirales; Spinareoviridae; Orthoreovirus; Orthoreovirus avis	RNA	linear	4011	L1	Hypsipetes amaurotis (brown-eared bulbul)	Pycno-1	true	ncbi-genbank	997c7e1fd2b1c70382e8598ffe51ea7a6f42499e2d40c41314b769d261763d49					38170	Avian orthoreovirus	Pycno-1				
NC_077754	38170		review_host		host=Hypsipetes amaurotis (brown-eared bulbul) organism=Avian orthoreovirus	NC_077754	NC_077754.1	Avian orthoreovirus	Orthoreovirus	Spinareoviridae	Viruses; Riboviria; Orthornavirae; Duplornaviricota; Resentoviricetes; Reovirales; Spinareoviridae; Orthoreovirus; Orthoreovirus avis	RNA	linear	3829	L2	Hypsipetes amaurotis (brown-eared bulbul)	Pycno-1	true	ncbi-genbank	f1cfae1071a5aa1d9d5e14115e1a358e26a1c11c776d6ea1f764788f1f46c49c					38170	Avian orthoreovirus	Pycno-1				
NC_077755	38170		review_host		host=Hypsipetes amaurotis (brown-eared bulbul) organism=Avian orthoreovirus	NC_077755	NC_077755.1	Avian orthoreovirus	Orthoreovirus	Spinareoviridae	Viruses; Riboviria; Orthornavirae; Duplornaviricota; Resentoviricetes; Reovirales; Spinareoviridae; Orthoreovirus; Orthoreovirus avis	RNA	linear	1201	S4	Hypsipetes amaurotis (brown-eared bulbul)	Pycno-1	true	ncbi-genbank	07167767bfb683bc6d37f35d0fe376f335c73d21cd3b42165ad221b88c9564fa					38170	Avian orthoreovirus	Pycno-1				
NC_077756	38170		review_host		host=Hypsipetes amaurotis (brown-eared bulbul) organism=Avian orthoreovirus	NC_077756	NC_077756.1	Avian orthoreovirus	Orthoreovirus	Spinareoviridae	Viruses; Riboviria; Orthornavirae; Duplornaviricota; Resentoviricetes; Reovirales; Spinareoviridae; Orthoreovirus; Orthoreovirus avis	RNA	linear	3903	L3	Hypsipetes amaurotis (brown-eared bulbul)	Pycno-1	true	ncbi-genbank	2decf37f0150591f858d9011665ec8b30f168b5af97abe50bb340e8f7148a69d					38170	Avian orthoreovirus	Pycno-1				
NC_077757	38170		review_host		host=Hypsipetes amaurotis (brown-eared bulbul) organism=Avian orthoreovirus	NC_077757	NC_077757.1	Avian orthoreovirus	Orthoreovirus	Spinareoviridae	Viruses; Riboviria; Orthornavirae; Duplornaviricota; Resentoviricetes; Reovirales; Spinareoviridae; Orthoreovirus; Orthoreovirus avis	RNA	linear	2287	M1	Hypsipetes amaurotis (brown-eared bulbul)	Pycno-1	true	ncbi-genbank	3458857393c195474a7fcef67085f9cd23f28aac262c72ecda7bf56090771354					38170	Avian orthoreovirus	Pycno-1				
NC_077758	38170		review_host		host=Hypsipetes amaurotis (brown-eared bulbul) organism=Avian orthoreovirus	NC_077758	NC_077758.1	Avian orthoreovirus	Orthoreovirus	Spinareoviridae	Viruses; Riboviria; Orthornavirae; Duplornaviricota; Resentoviricetes; Reovirales; Spinareoviridae; Orthoreovirus; Orthoreovirus avis	RNA	linear	2156	M2	Hypsipetes amaurotis (brown-eared bulbul)	Pycno-1	true	ncbi-genbank	9aecb130d89c1807aec13a1fe7df61dd136d176eac71f9749c6d77ee890908bd					38170	Avian orthoreovirus	Pycno-1				
NC_077759	38170		review_host		host=Hypsipetes amaurotis (brown-eared bulbul) organism=Avian orthoreovirus	NC_077759	NC_077759.1	Avian orthoreovirus	Orthoreovirus	Spinareoviridae	Viruses; Riboviria; Orthornavirae; Duplornaviricota; Resentoviricetes; Reovirales; Spinareoviridae; Orthoreovirus; Orthoreovirus avis	RNA	linear	1637	S1	Hypsipetes amaurotis (brown-eared bulbul)	Pycno-1	true	ncbi-genbank	491a51affd347c02dd86505add1b68be8819f6fa889cc34f4e0370e9e4fab96c					38170	Avian orthoreovirus	Pycno-1				
NC_077760	38170		review_host		host=Hypsipetes amaurotis (brown-eared bulbul) organism=Avian orthoreovirus	NC_077760	NC_077760.1	Avian orthoreovirus	Orthoreovirus	Spinareoviridae	Viruses; Riboviria; Orthornavirae; Duplornaviricota; Resentoviricetes; Reovirales; Spinareoviridae; Orthoreovirus; Orthoreovirus avis	RNA	linear	1205	S3	Hypsipetes amaurotis (brown-eared bulbul)	Pycno-1	true	ncbi-genbank	61fffc37d41ab1ab6b951186231a945786511cf2290aeec836718b5a9af61fb1					38170	Avian orthoreovirus	Pycno-1				
NC_078006	2039230		review_host		host=Chaereophon aloysiisabaudiae organism=Tai Forest reovirus	NC_078006	NC_078006.1	Tai Forest reovirus	Coltivirus	Spinareoviridae	Viruses; Riboviria; Orthornavirae; Duplornaviricota; Resentoviricetes; Reovirales; Spinareoviridae; Coltivirus; Coltivirus taiense	RNA	linear	1845	10	Chaereophon aloysiisabaudiae		true	ncbi-genbank	9287f1b053fa0eb72b67c7833e5944b14616e26e97d6c319d942c8fb69869bac					2039230	Tai Forest reovirus					
NC_078007	2039230		review_host		host=Chaereophon aloysiisabaudiae organism=Tai Forest reovirus	NC_078007	NC_078007.1	Tai Forest reovirus	Coltivirus	Spinareoviridae	Viruses; Riboviria; Orthornavirae; Duplornaviricota; Resentoviricetes; Reovirales; Spinareoviridae; Coltivirus; Coltivirus taiense	RNA	linear	971	11	Chaereophon aloysiisabaudiae		true	ncbi-genbank	1164d5ba02520bf82da516bcf6145394e2053e567572a12ff7ad71f64d67a6ca					2039230	Tai Forest reovirus					
NC_078008	2039230		review_host		host=Chaerephon aloysiisabaudiae organism=Tai Forest reovirus	NC_078008	NC_078008.1	Tai Forest reovirus	Coltivirus	Spinareoviridae	Viruses; Riboviria; Orthornavirae; Duplornaviricota; Resentoviricetes; Reovirales; Spinareoviridae; Coltivirus; Coltivirus taiense	RNA	linear	3513	3	Chaerephon aloysiisabaudiae	B30	true	ncbi-genbank	fb64759f13f1863b25d5b44fac3805b1eee250a219e2b7f4597b9a6357e22122					2039230	Tai Forest reovirus					
NC_078009	2039230		review_host		host=Chaereophon aloysiisabaudiae organism=Tai Forest reovirus	NC_078009	NC_078009.1	Tai Forest reovirus	Coltivirus	Spinareoviridae	Viruses; Riboviria; Orthornavirae; Duplornaviricota; Resentoviricetes; Reovirales; Spinareoviridae; Coltivirus; Coltivirus taiense	RNA	linear	3041	5	Chaereophon aloysiisabaudiae		true	ncbi-genbank	62e2b37256abb2a3f36dd3b1ac95d0fdee4043afd9fa293b82ff7875e6e4fc19					2039230	Tai Forest reovirus					
NC_078010	2039230		review_host		host=Chaereophon aloysiisabaudiae organism=Tai Forest reovirus	NC_078010	NC_078010.1	Tai Forest reovirus	Coltivirus	Spinareoviridae	Viruses; Riboviria; Orthornavirae; Duplornaviricota; Resentoviricetes; Reovirales; Spinareoviridae; Coltivirus; Coltivirus taiense	RNA	linear	1398	42	Chaereophon aloysiisabaudiae		true	ncbi-genbank	17c8040e915abe354c1a03bf57c9a23c239a2c1cdb844d291991d95c8e3cf5e3					2039230	Tai Forest reovirus					
NC_078011	2039230		review_host		host=Chaereophon aloysiisabaudiae organism=Tai Forest reovirus	NC_078011	NC_078011.1	Tai Forest reovirus	Coltivirus	Spinareoviridae	Viruses; Riboviria; Orthornavirae; Duplornaviricota; Resentoviricetes; Reovirales; Spinareoviridae; Coltivirus; Coltivirus taiense	RNA	linear	1794	41	Chaereophon aloysiisabaudiae		true	ncbi-genbank	c2d107863a9ebcaf3f860b30a6f4cb66f84d0978639833bff19c06645f287fcf					2039230	Tai Forest reovirus					
NC_078012	2039230		review_host		host=Chaerephon aloysiisabaudiae organism=Tai Forest reovirus	NC_078012	NC_078012.1	Tai Forest reovirus	Coltivirus	Spinareoviridae	Viruses; Riboviria; Orthornavirae; Duplornaviricota; Resentoviricetes; Reovirales; Spinareoviridae; Coltivirus; Coltivirus taiense	RNA	linear	3987	2	Chaerephon aloysiisabaudiae	B30	true	ncbi-genbank	983139c511a8587bcc834f9900cb460920cb9ee83ee8ef58e8b0601851c7f548					2039230	Tai Forest reovirus					
NC_078013	2039230		review_host		host=Chaerephon aloysiisabaudiae organism=Tai Forest reovirus	NC_078013	NC_078013.1	Tai Forest reovirus	Coltivirus	Spinareoviridae	Viruses; Riboviria; Orthornavirae; Duplornaviricota; Resentoviricetes; Reovirales; Spinareoviridae; Coltivirus; Coltivirus taiense	RNA	linear	1857	9	Chaerephon aloysiisabaudiae	B30	true	ncbi-genbank	45b69e97f5c602f37d2ae5d2b65f6d8e1f1c47399a2d62fc3e834db007750163					2039230	Tai Forest reovirus					
NC_078014	2039230		review_host		host=Chaerephon aloysiisabaudiae organism=Tai Forest reovirus	NC_078014	NC_078014.1	Tai Forest reovirus	Coltivirus	Spinareoviridae	Viruses; Riboviria; Orthornavirae; Duplornaviricota; Resentoviricetes; Reovirales; Spinareoviridae; Coltivirus; Coltivirus taiense	RNA	linear	4356	1	Chaerephon aloysiisabaudiae	B30	true	ncbi-genbank	3c787123c9ad452d6e9109d8add15072d987e314153fe27e16d34ba061467355					2039230	Tai Forest reovirus					
NC_078015	2039230		review_host		host=Chaereophon aloysiisabaudiae organism=Tai Forest reovirus	NC_078015	NC_078015.1	Tai Forest reovirus	Coltivirus	Spinareoviridae	Viruses; Riboviria; Orthornavirae; Duplornaviricota; Resentoviricetes; Reovirales; Spinareoviridae; Coltivirus; Coltivirus taiense	RNA	linear	2176	8	Chaereophon aloysiisabaudiae		true	ncbi-genbank	628f308d812ffa35f2cb6c43b24ca82200370cae987735a8b60fe0fdb30877d6					2039230	Tai Forest reovirus					
NC_078980	2609058		review_host		host=Culex nigripalpus organism=Baakal virus	NC_078980	NC_078980.1	Baakal virus	Orthobunyavirus	Peribunyaviridae	Viruses; Riboviria; Orthornavirae; Negarnaviricota; Polyploviricotina; Bunyaviricetes; Elliovirales; Peribunyaviridae; Orthobunyavirus; Orthobunyavirus baakalense	ss-RNA	linear	1166	small	Culex nigripalpus	Palenque-C593-MX-2008	true	ncbi-genbank	cc8989abf1de082541624c204573d7a235aa26ebab7e653cea81d99e51c473d0					2609058	Baakal virus	Palenque-C593-MX-2008				
NC_078981	2609058		review_host		host=Culex nigripalpus organism=Baakal virus	NC_078981	NC_078981.1	Baakal virus	Orthobunyavirus	Peribunyaviridae	Viruses; Riboviria; Orthornavirae; Negarnaviricota; Polyploviricotina; Bunyaviricetes; Elliovirales; Peribunyaviridae; Orthobunyavirus; Orthobunyavirus baakalense	ss-RNA	linear	4947	medium	Culex nigripalpus	Palenque-C593-MX-2008	true	ncbi-genbank	bc5c6f9e1603ef56e8fecdd931ba8b088ce1f4f2ef7f78708292e789df2653c5					2609058	Baakal virus	Palenque-C593-MX-2008				
NC_078982	2609058		review_host		host=Culex nigripalpus organism=Baakal virus	NC_078982	NC_078982.1	Baakal virus	Orthobunyavirus	Peribunyaviridae	Viruses; Riboviria; Orthornavirae; Negarnaviricota; Polyploviricotina; Bunyaviricetes; Elliovirales; Peribunyaviridae; Orthobunyavirus; Orthobunyavirus baakalense	ss-RNA	linear	6937	large	Culex nigripalpus	Palenque-C593-MX-2008	true	ncbi-genbank	9d0904da0a5c0ac5229a69480d86c10b31fe4224f7fc9d54dd210a662faef6fe					2609058	Baakal virus	Palenque-C593-MX-2008				
AB042808	99565	3431196	skip_species_in_catalogue	target	species taxid 3431196 already catalogued	AB042808	AB042808.1	Chiba virus	Norovirus	Caliciviridae	Viruses; Riboviria; Orthornavirae; Pisuviricota; Pisoniviricetes; Picornavirales; Caliciviridae; Norovirus; Norovirus norwalkense	RNA	linear	7697			Hu/NLV/Chiba 407/1987/JP	false	ncbi-genbank	a1d7d313b6af7340e7f4e91ea4b3c55792f1afe77977f87e2f53f44387b378e3					99565	Chiba virus	Hu/NLV/Chiba 407/1987/JP				
AB176642	106820	3431302	skip_species_in_catalogue	target	species taxid 3431302 already catalogued	AB176642	AB176642.1	Hepatitis B virus subtype adr	Orthohepadnavirus	Hepadnaviridae	Viruses; Riboviria; Pararnavirae; Artverviricota; Revtraviricetes; Blubervirales; Hepadnaviridae; Orthohepadnavirus; Orthohepadnavirus hominoidei	DNA	circular	3215			HBV-115	false	ncbi-genbank	de9524f6fc3988209655e059077d618d6ed9875bc0efe58ffdad748567eacede					106820	Hepatitis B virus subtype adr		adr			
AB187514	290280	3431196	skip_species_in_catalogue	target	species taxid 3431196 already catalogued	AB187514	AB187514.1	Norovirus Hu/GI/Otofuke/1979/JP	Norovirus	Caliciviridae	Viruses; Riboviria; Orthornavirae; Pisuviricota; Pisoniviricetes; Picornavirales; Caliciviridae; Norovirus; Norovirus norwalkense	RNA	linear	7746			Otofuke	false	ncbi-genbank	17e2604e079c7c44229a846f00c55f4d9dcb08e23d0dd1c07d3570dc7c27f824					290280	Norovirus Hu/GI/Otofuke/1979/JP	Otofuke				
AB205396	42776	3428505	skip_species_in_catalogue	target	species taxid 3428505 already catalogued	AB205396	AB205396.1	Coxsackievirus A18	Enterovirus	Picornaviridae	Viruses; Riboviria; Orthornavirae; Pisuviricota; Pisoniviricetes; Picornavirales; Picornaviridae; Ensavirinae; Enterovirus; Enterovirus coxsackiepol	RNA	linear	7460			CAM1972	false	ncbi-genbank	1305f0ac64811dfdcb5072f9c6f98570fa5828cd93b2f932bf7154628697f7be					42776	Coxsackievirus A18	CAM1972				
AB211993	325568	337043	skip_species_in_catalogue	target	species taxid 337043 already catalogued	AB211993	AB211993.1	Human papillomavirus type 27b	Alphapapillomavirus	Papillomaviridae	Viruses; Floreoviria; Shotokuvirae; Cossaviricota; Papovaviricetes; Zurhausenvirales; Papillomaviridae; Firstpapillomavirinae; Alphapapillomavirus; Alphapapillomavirus 4	DNA	circular	7831				false	ncbi-genbank	de1782b33a59b0ec005c0ef78260185fddb63128d537fc26e53bfa4bad1dbd3f					325568	Human papillomavirus type 27b					
AB220921	336619	3431196	skip_species_in_catalogue	target	species taxid 3431196 already catalogued	AB220921	AB220921.1	Norovirus Hu/Chiba/04-1050/2005/JP	Norovirus	Caliciviridae	Viruses; Riboviria; Orthornavirae; Pisuviricota; Pisoniviricetes; Picornavirales; Caliciviridae; Norovirus; Norovirus norwalkense	RNA	linear	7559			Hu/Chiba/04-1050/2005/JP	false	ncbi-genbank	e14e965839c4488bf7bed0246ee5b3d73d0f590de2d15786ba2fdd748c87d758					336619	Norovirus Hu/Chiba/04-1050/2005/JP	Hu/Chiba/04-1050/2005/JP				
AB252582	411152	3431395	skip_species_in_catalogue	target	species taxid 3431395 already catalogued	AB252582	AB252582.1	Human parechovirus 6	Parechovirus	Picornaviridae	Viruses; Riboviria; Orthornavirae; Pisuviricota; Pisoniviricetes; Picornavirales; Picornaviridae; Paavivirinae; Parechovirus; Parechovirus ahumpari	RNA	linear	7347			NII561-2000	false	ncbi-genbank	3a8b9fa26f0286cf4020d69cde415df3d20fc70c8a79768fd8b9c0d02ebe3639					411152	Human parechovirus 6	NII561-2000				
AB361563	471358	337043	skip_species_in_catalogue	target	species taxid 337043 already catalogued	AB361563	AB361563.1	Human papillomavirus type 57c	Alphapapillomavirus	Papillomaviridae	Viruses; Floreoviria; Shotokuvirae; Cossaviricota; Papovaviricetes; Zurhausenvirales; Papillomaviridae; Firstpapillomavirinae; Alphapapillomavirus; Alphapapillomavirus 4	DNA	circular	7848			HPV57C	false	ncbi-genbank	f48e5312637e7f05c1beb71b7cdcd4858b827b9e31be75dd98cbd54e854f7fe4					471358	Human papillomavirus type 57c	HPV57C				
AB365435	479952	3431196	skip_species_in_catalogue	target	species taxid 3431196 already catalogued	AB365435	AB365435.1	Norovirus Hu/Texas/TCH04-577/2004/US	Norovirus	Caliciviridae	Viruses; Riboviria; Orthornavirae; Pisuviricota; Pisoniviricetes; Picornavirales; Caliciviridae; Norovirus; Norovirus norwalkense	RNA	linear	7627			Hu/Texas/TCH04-577/2004/US	false	ncbi-genbank	aa990b7e220506145c78e6e65b26543f330aa51b4eaabc80775c4a30d095bfe6					479952	Norovirus Hu/Texas/TCH04-577/2004/US	Hu/Texas/TCH04-577/2004/US				
AB426611	325446	3428502	skip_species_in_catalogue	target	species taxid 3428502 already catalogued	AB426611	AB426611.1	Enterovirus B97	Enterovirus	Picornaviridae	Viruses; Riboviria; Orthornavirae; Pisuviricota; Pisoniviricetes; Picornavirales; Picornaviridae; Ensavirinae; Enterovirus; Enterovirus betacoxsackie	RNA	linear	7413		Homo sapiens	DT94-0227	false	ncbi-genbank	d53db3ee3af32b938e010df0045959d992ea65e51c10b92fd427e1e916106e0c					325446	Enterovirus B97	DT94-0227				
AB447427	546951	3431196	skip_species_in_catalogue	target	species taxid 3431196 already catalogued	AB447427	AB447427.1	Norovirus Hu/GII-4/Hokkaido1/2006/JP	Norovirus	Caliciviridae	Viruses; Riboviria; Orthornavirae; Pisuviricota; Pisoniviricetes; Picornavirales; Caliciviridae; Norovirus; Norovirus norwalkense	RNA	linear	7511			Hu/GII-4/Hokkaido1/2006/JP	false	ncbi-genbank	58433cc34d8bd83c14f7e4a229d7da9d5a0a12bcb2e8e3aeec2aa0dd775a1f4b					546951	Norovirus Hu/GII-4/Hokkaido1/2006/JP	Hu/GII-4/Hokkaido1/2006/JP				
AB447428	546952	3431196	skip_species_in_catalogue	target	species taxid 3431196 already catalogued	AB447428	AB447428.1	Norovirus Hu/GII-4/Hokkaido2/2006/JP	Norovirus	Caliciviridae	Viruses; Riboviria; Orthornavirae; Pisuviricota; Pisoniviricetes; Picornavirales; Caliciviridae; Norovirus; Norovirus norwalkense	RNA	linear	7511			Hu/GII-4/Hokkaido2/2006/JP	false	ncbi-genbank	001885083b67b8aebece644a4fed9a11f2c86de5ab60c08018c8bd9a869380cf					546952	Norovirus Hu/GII-4/Hokkaido2/2006/JP	Hu/GII-4/Hokkaido2/2006/JP				
AB447429	546953	3431196	skip_species_in_catalogue	target	species taxid 3431196 already catalogued	AB447429	AB447429.1	Norovirus Hu/GII-4/Hokkaido3/2006/JP	Norovirus	Caliciviridae	Viruses; Riboviria; Orthornavirae; Pisuviricota; Pisoniviricetes; Picornavirales; Caliciviridae; Norovirus; Norovirus norwalkense	RNA	linear	7511			Hu/GII-4/Hokkaido3/2006/JP	false	ncbi-genbank	9305a871de76d2cd3a326fd539101e6f3ec5bd7c836df749e4600a7314ce5192					546953	Norovirus Hu/GII-4/Hokkaido3/2006/JP	Hu/GII-4/Hokkaido3/2006/JP				
AB447430	546954	3431196	skip_species_in_catalogue	target	species taxid 3431196 already catalogued	AB447430	AB447430.1	Norovirus Hu/GII-4/Hokkaido4/2006/JP	Norovirus	Caliciviridae	Viruses; Riboviria; Orthornavirae; Pisuviricota; Pisoniviricetes; Picornavirales; Caliciviridae; Norovirus; Norovirus norwalkense	RNA	linear	7511			Hu/GII-4/Hokkaido4/2006/JP	false	ncbi-genbank	89152b60adb92741775935abc72d6e53944f8fd0f7227e227278cf20148e75b8					546954	Norovirus Hu/GII-4/Hokkaido4/2006/JP	Hu/GII-4/Hokkaido4/2006/JP				
AB447431	546955	3431196	skip_species_in_catalogue	target	species taxid 3431196 already catalogued	AB447431	AB447431.1	Norovirus Hu/GII-4/Hokkaido5/2006/JP	Norovirus	Caliciviridae	Viruses; Riboviria; Orthornavirae; Pisuviricota; Pisoniviricetes; Picornavirales; Caliciviridae; Norovirus; Norovirus norwalkense	RNA	linear	7511			Hu/GII-4/Hokkaido5/2006/JP	false	ncbi-genbank	0438c3b00eb9128f000c43f33e779705adea077c040facb9a984d567e6ba7e90					546955	Norovirus Hu/GII-4/Hokkaido5/2006/JP	Hu/GII-4/Hokkaido5/2006/JP				
AB447432	546956	3431196	skip_species_in_catalogue	target	species taxid 3431196 already catalogued	AB447432	AB447432.1	Norovirus Hu/GII-4/Aomori1/2006/JP	Norovirus	Caliciviridae	Viruses; Riboviria; Orthornavirae; Pisuviricota; Pisoniviricetes; Picornavirales; Caliciviridae; Norovirus; Norovirus norwalkense	RNA	linear	7502			Hu/GII-4/Aomori1/2006/JP	false	ncbi-genbank	da8760fb93b319306ac8540d56bee30dc9be3faedd6277c65facbba3fd206aa3					546956	Norovirus Hu/GII-4/Aomori1/2006/JP	Hu/GII-4/Aomori1/2006/JP				
AB447433	546957	3431196	skip_species_in_catalogue	target	species taxid 3431196 already catalogued	AB447433	AB447433.1	Norovirus Hu/GII-4/Aomori2/2006/JP	Norovirus	Caliciviridae	Viruses; Riboviria; Orthornavirae; Pisuviricota; Pisoniviricetes; Picornavirales; Caliciviridae; Norovirus; Norovirus norwalkense	RNA	linear	7502			Hu/GII-4/Aomori2/2006/JP	false	ncbi-genbank	3926aff02b168766778b2a7e356f3138eaea9d9fc4049a80763422200094b6de					546957	Norovirus Hu/GII-4/Aomori2/2006/JP	Hu/GII-4/Aomori2/2006/JP				
AB447434	546958	3431196	skip_species_in_catalogue	target	species taxid 3431196 already catalogued	AB447434	AB447434.1	Norovirus Hu/GII-4/Aomori4/2006/JP	Norovirus	Caliciviridae	Viruses; Riboviria; Orthornavirae; Pisuviricota; Pisoniviricetes; Picornavirales; Caliciviridae; Norovirus; Norovirus norwalkense	RNA	linear	7511			Hu/GII-4/Aomori4/2006/JP	false	ncbi-genbank	82cc6760a33fec87e633324b856cafba0176221fe24c34b768bccd112403bca4					546958	Norovirus Hu/GII-4/Aomori4/2006/JP	Hu/GII-4/Aomori4/2006/JP				
AB447435	546959	3431196	skip_species_in_catalogue	target	species taxid 3431196 already catalogued	AB447435	AB447435.1	Norovirus Hu/GII-4/Aomori5/2006/JP	Norovirus	Caliciviridae	Viruses; Riboviria; Orthornavirae; Pisuviricota; Pisoniviricetes; Picornavirales; Caliciviridae; Norovirus; Norovirus norwalkense	RNA	linear	7511			Hu/GII-4/Aomori5/2006/JP	false	ncbi-genbank	7156a26d56d3a02c34835ff226fc3a6c9d2acae7dd3a84fe16b5489ebf31e06e					546959	Norovirus Hu/GII-4/Aomori5/2006/JP	Hu/GII-4/Aomori5/2006/JP				
AB447436	546960	3431196	skip_species_in_catalogue	target	species taxid 3431196 already catalogued	AB447436	AB447436.1	Norovirus Hu/GII-4/Akita1/2006/JP	Norovirus	Caliciviridae	Viruses; Riboviria; Orthornavirae; Pisuviricota; Pisoniviricetes; Picornavirales; Caliciviridae; Norovirus; Norovirus norwalkense	RNA	linear	7511			Hu/GII-4/Akita1/2006/JP	false	ncbi-genbank	953ed69a36eea9632c3a834d20f8a057d0dbb3be6b57e1daaea94a390db16bfc					546960	Norovirus Hu/GII-4/Akita1/2006/JP	Hu/GII-4/Akita1/2006/JP				
AB447437	546961	3431196	skip_species_in_catalogue	target	species taxid 3431196 already catalogued	AB447437	AB447437.1	Norovirus Hu/GII-4/Akita2/2006/JP	Norovirus	Caliciviridae	Viruses; Riboviria; Orthornavirae; Pisuviricota; Pisoniviricetes; Picornavirales; Caliciviridae; Norovirus; Norovirus norwalkense	RNA	linear	7511			Hu/GII-4/Akita2/2006/JP	false	ncbi-genbank	8e34db17acefb86b93eb143aa1194c019c67277a1fd41520b4c27312a60fed22					546961	Norovirus Hu/GII-4/Akita2/2006/JP	Hu/GII-4/Akita2/2006/JP				
AB447438	546962	3431196	skip_species_in_catalogue	target	species taxid 3431196 already catalogued	AB447438	AB447438.1	Norovirus Hu/GII-4/Akita4/2006/JP	Norovirus	Caliciviridae	Viruses; Riboviria; Orthornavirae; Pisuviricota; Pisoniviricetes; Picornavirales; Caliciviridae; Norovirus; Norovirus norwalkense	RNA	linear	7511			Hu/GII-4/Akita4/2006/JP	false	ncbi-genbank	2e57dbb11d926c4f8ff00ccf7ee19e83e56d15886d9926df6f3735048ff2b152					546962	Norovirus Hu/GII-4/Akita4/2006/JP	Hu/GII-4/Akita4/2006/JP				
AB447439	546963	3431196	skip_species_in_catalogue	target	species taxid 3431196 already catalogued	AB447439	AB447439.1	Norovirus Hu/GII-4/Akita5/2006/JP	Norovirus	Caliciviridae	Viruses; Riboviria; Orthornavirae; Pisuviricota; Pisoniviricetes; Picornavirales; Caliciviridae; Norovirus; Norovirus norwalkense	RNA	linear	7511			Hu/GII-4/Akita5/2006/JP	false	ncbi-genbank	7e651b22f873c57c553b1f639f4d4d2927162fab209a2f37e0444bde9015d945					546963	Norovirus Hu/GII-4/Akita5/2006/JP	Hu/GII-4/Akita5/2006/JP				
AB447440	546964	3431196	skip_species_in_catalogue	target	species taxid 3431196 already catalogued	AB447440	AB447440.1	Norovirus Hu/GII-4/Miyagi2/2006/JP	Norovirus	Caliciviridae	Viruses; Riboviria; Orthornavirae; Pisuviricota; Pisoniviricetes; Picornavirales; Caliciviridae; Norovirus; Norovirus norwalkense	RNA	linear	7511			Hu/GII-4/Miyagi2/2006/JP	false	ncbi-genbank	5c7f39056d68dcbaccb616c8ec955dece925886419efa995ac9c6529b462e4d2					546964	Norovirus Hu/GII-4/Miyagi2/2006/JP	Hu/GII-4/Miyagi2/2006/JP				
AB447441	546965	3431196	skip_species_in_catalogue	target	species taxid 3431196 already catalogued	AB447441	AB447441.1	Norovirus Hu/GII-4/Miyagi4/2006/JP	Norovirus	Caliciviridae	Viruses; Riboviria; Orthornavirae; Pisuviricota; Pisoniviricetes; Picornavirales; Caliciviridae; Norovirus; Norovirus norwalkense	RNA	linear	7511			Hu/GII-4/Miyagi4/2006/JP	false	ncbi-genbank	19b673f16c52522414310c532b65e87a30125703f37dde2bb828aca3ca6b2870					546965	Norovirus Hu/GII-4/Miyagi4/2006/JP	Hu/GII-4/Miyagi4/2006/JP				
AB447442	546966	3431196	skip_species_in_catalogue	target	species taxid 3431196 already catalogued	AB447442	AB447442.1	Norovirus Hu/GII-4/Miyagi5/2006/JP	Norovirus	Caliciviridae	Viruses; Riboviria; Orthornavirae; Pisuviricota; Pisoniviricetes; Picornavirales; Caliciviridae; Norovirus; Norovirus norwalkense	RNA	linear	7511			Hu/GII-4/Miyagi5/2006/JP	false	ncbi-genbank	9c735d070ade93ec32fccd828c732a681d6b3fb6c31ccfbb397b6a93cdbfe9d7					546966	Norovirus Hu/GII-4/Miyagi5/2006/JP	Hu/GII-4/Miyagi5/2006/JP				
AB447443	546967	3431196	skip_species_in_catalogue	target	species taxid 3431196 already catalogued	AB447443	AB447443.1	Norovirus Hu/GII-4/Toyama1/2006/JP	Norovirus	Caliciviridae	Viruses; Riboviria; Orthornavirae; Pisuviricota; Pisoniviricetes; Picornavirales; Caliciviridae; Norovirus; Norovirus norwalkense	RNA	linear	7511			Hu/GII-4/Toyama1/2006/JP	false	ncbi-genbank	df1ea9a9b898180bbfd6091f3ec23d4cea1f9d81f31a115085e2d3d573d40921					546967	Norovirus Hu/GII-4/Toyama1/2006/JP	Hu/GII-4/Toyama1/2006/JP				
AB447444	546968	3431196	skip_species_in_catalogue	target	species taxid 3431196 already catalogued	AB447444	AB447444.1	Norovirus Hu/GII-4/Toyama4/2006/JP	Norovirus	Caliciviridae	Viruses; Riboviria; Orthornavirae; Pisuviricota; Pisoniviricetes; Picornavirales; Caliciviridae; Norovirus; Norovirus norwalkense	RNA	linear	7511			Hu/GII-4/Toyama4/2006/JP	false	ncbi-genbank	7157ae74b24da25d740c18357be06e061a40052b5a7abb1535ad67f846e9e5c2					546968	Norovirus Hu/GII-4/Toyama4/2006/JP	Hu/GII-4/Toyama4/2006/JP				
AB447445	546969	3431196	skip_species_in_catalogue	target	species taxid 3431196 already catalogued	AB447445	AB447445.1	Norovirus Hu/GII-4/Toyama5/2006/JP	Norovirus	Caliciviridae	Viruses; Riboviria; Orthornavirae; Pisuviricota; Pisoniviricetes; Picornavirales; Caliciviridae; Norovirus; Norovirus norwalkense	RNA	linear	7511			Hu/GII-4/Toyama5/2006/JP	false	ncbi-genbank	156d125b768f9bf42382c3cec4503e9c201e16bab21f57b52d9b7e18377162fb					546969	Norovirus Hu/GII-4/Toyama5/2006/JP	Hu/GII-4/Toyama5/2006/JP				
AB447446	546970	3431196	skip_species_in_catalogue	target	species taxid 3431196 already catalogued	AB447446	AB447446.1	Norovirus Hu/GII-4/Aichi3/2006/JP	Norovirus	Caliciviridae	Viruses; Riboviria; Orthornavirae; Pisuviricota; Pisoniviricetes; Picornavirales; Caliciviridae; Norovirus; Norovirus norwalkense	RNA	linear	7511			Hu/GII-4/Aichi3/2006/JP	false	ncbi-genbank	b32cb4cfdb8eee1ec2bbdcaf0fb056fc2bd2b86a978968e92390064efc55cbce					546970	Norovirus Hu/GII-4/Aichi3/2006/JP	Hu/GII-4/Aichi3/2006/JP				
AB447447	546971	3431196	skip_species_in_catalogue	target	species taxid 3431196 already catalogued	AB447447	AB447447.1	Norovirus Hu/GII-4/Aichi4/2006/JP	Norovirus	Caliciviridae	Viruses; Riboviria; Orthornavirae; Pisuviricota; Pisoniviricetes; Picornavirales; Caliciviridae; Norovirus; Norovirus norwalkense	RNA	linear	7511			Hu/GII-4/Aichi4/2006/JP	false	ncbi-genbank	d08705e7e26750c5a4037d0057e8d753c3c3e666552feafbfe28858634f2198d					546971	Norovirus Hu/GII-4/Aichi4/2006/JP	Hu/GII-4/Aichi4/2006/JP				
AB447448	546972	3431196	skip_species_in_catalogue	target	species taxid 3431196 already catalogued	AB447448	AB447448.1	Norovirus Hu/GII-4/Sakai2/2006/JP	Norovirus	Caliciviridae	Viruses; Riboviria; Orthornavirae; Pisuviricota; Pisoniviricetes; Picornavirales; Caliciviridae; Norovirus; Norovirus norwalkense	RNA	linear	7511			Hu/GII-4/Sakai2/2006/JP	false	ncbi-genbank	b345574924d7c156c38318580488ee2f96aa30f9545755be7caf14ebc6c2c0e8					546972	Norovirus Hu/GII-4/Sakai2/2006/JP	Hu/GII-4/Sakai2/2006/JP				
AB447449	546973	3431196	skip_species_in_catalogue	target	species taxid 3431196 already catalogued	AB447449	AB447449.1	Norovirus Hu/GII-4/Sakai3/2006/JP	Norovirus	Caliciviridae	Viruses; Riboviria; Orthornavirae; Pisuviricota; Pisoniviricetes; Picornavirales; Caliciviridae; Norovirus; Norovirus norwalkense	RNA	linear	7511			Hu/GII-4/Sakai3/2006/JP	false	ncbi-genbank	641e238d23249aa57856babb2cca4fbf24b4fc97f00dec04abe684e792897728					546973	Norovirus Hu/GII-4/Sakai3/2006/JP	Hu/GII-4/Sakai3/2006/JP				
AB447450	546974	3431196	skip_species_in_catalogue	target	species taxid 3431196 already catalogued	AB447450	AB447450.1	Norovirus Hu/GII-4/Sakai4/2006/JP	Norovirus	Caliciviridae	Viruses; Riboviria; Orthornavirae; Pisuviricota; Pisoniviricetes; Picornavirales; Caliciviridae; Norovirus; Norovirus norwalkense	RNA	linear	7511			Hu/GII-4/Sakai4/2006/JP	false	ncbi-genbank	2382be1905956a059b6543d8496004369a325e43deffc0e64cce642f813dac87					546974	Norovirus Hu/GII-4/Sakai4/2006/JP	Hu/GII-4/Sakai4/2006/JP				
AB447451	546975	3431196	skip_species_in_catalogue	target	species taxid 3431196 already catalogued	AB447451	AB447451.1	Norovirus Hu/GII-4/Hiroshima1/2006/JP	Norovirus	Caliciviridae	Viruses; Riboviria; Orthornavirae; Pisuviricota; Pisoniviricetes; Picornavirales; Caliciviridae; Norovirus; Norovirus norwalkense	RNA	linear	7511			Hu/GII-4/Hiroshima1/2006/JP	false	ncbi-genbank	c844c9c2795bb3b7db8c5d5e55d70115ca3ed992028e790135613755f043ca8b					546975	Norovirus Hu/GII-4/Hiroshima1/2006/JP	Hu/GII-4/Hiroshima1/2006/JP				
AB447452	546976	3431196	skip_species_in_catalogue	target	species taxid 3431196 already catalogued	AB447452	AB447452.1	Norovirus Hu/GII-4/Hiroshima2/2006/JP	Norovirus	Caliciviridae	Viruses; Riboviria; Orthornavirae; Pisuviricota; Pisoniviricetes; Picornavirales; Caliciviridae; Norovirus; Norovirus norwalkense	RNA	linear	7511			Hu/GII-4/Hiroshima2/2006/JP	false	ncbi-genbank	d03478f92a4534ea50049acfb5d9afec865d8ba89ca2b27ea064e782872e1a54					546976	Norovirus Hu/GII-4/Hiroshima2/2006/JP	Hu/GII-4/Hiroshima2/2006/JP				
AB447453	546977	3431196	skip_species_in_catalogue	target	species taxid 3431196 already catalogued	AB447453	AB447453.1	Norovirus Hu/GII-4/Ehime1/2006/JP	Norovirus	Caliciviridae	Viruses; Riboviria; Orthornavirae; Pisuviricota; Pisoniviricetes; Picornavirales; Caliciviridae; Norovirus; Norovirus norwalkense	RNA	linear	7511			Hu/GII-4/Ehime1/2006/JP	false	ncbi-genbank	375520bab9c5908608d07f67db8cf7a23888c7c66e4e81f831816580bba22936					546977	Norovirus Hu/GII-4/Ehime1/2006/JP	Hu/GII-4/Ehime1/2006/JP				
AB447454	546978	3431196	skip_species_in_catalogue	target	species taxid 3431196 already catalogued	AB447454	AB447454.1	Norovirus Hu/GII-4/Ehime2/2006/JP	Norovirus	Caliciviridae	Viruses; Riboviria; Orthornavirae; Pisuviricota; Pisoniviricetes; Picornavirales; Caliciviridae; Norovirus; Norovirus norwalkense	RNA	linear	7511			Hu/GII-4/Ehime2/2006/JP	false	ncbi-genbank	94a970d75a03144337966a7eed238db856ae97b9b31e86cb7d6a0cb6dd830f92					546978	Norovirus Hu/GII-4/Ehime2/2006/JP	Hu/GII-4/Ehime2/2006/JP				
AB447455	546979	3431196	skip_species_in_catalogue	target	species taxid 3431196 already catalogued	AB447455	AB447455.1	Norovirus Hu/GII-4/Ehime5/2006/JP	Norovirus	Caliciviridae	Viruses; Riboviria; Orthornavirae; Pisuviricota; Pisoniviricetes; Picornavirales; Caliciviridae; Norovirus; Norovirus norwalkense	RNA	linear	7511			Hu/GII-4/Ehime5/2006/JP	false	ncbi-genbank	da9fc90bf708516e9b0c9ba9ff3e8214c3f0e84dfaa9ec3cc2c53b981469911a					546979	Norovirus Hu/GII-4/Ehime5/2006/JP	Hu/GII-4/Ehime5/2006/JP				
AB447456	546980	3431196	skip_species_in_catalogue	target	species taxid 3431196 already catalogued	AB447456	AB447456.2	Norovirus Hu/GII-4/Saga1/2006/JP	Norovirus	Caliciviridae	Viruses; Riboviria; Orthornavirae; Pisuviricota; Pisoniviricetes; Picornavirales; Caliciviridae; Norovirus; Norovirus norwalkense	RNA	linear	7559			Hu/GII-4/Saga1/2006/JP	false	ncbi-genbank	9e254ac1799c56ec9f5b0905cfd3df611c09a1ecc69dc9bd2990b91cfb640b06					546980	Norovirus Hu/GII-4/Saga1/2006/JP	Hu/GII-4/Saga1/2006/JP				
AB447457	546981	3431196	skip_species_in_catalogue	target	species taxid 3431196 already catalogued	AB447457	AB447457.1	Norovirus Hu/GII-4/Saga4/2006/JP	Norovirus	Caliciviridae	Viruses; Riboviria; Orthornavirae; Pisuviricota; Pisoniviricetes; Picornavirales; Caliciviridae; Norovirus; Norovirus norwalkense	RNA	linear	7511			Hu/GII-4/Saga4/2006/JP	false	ncbi-genbank	0c67b50300a4c4f6593a8b8d776f992d9ba2f859c04defa44dee3a5ab0ff6bf8					546981	Norovirus Hu/GII-4/Saga4/2006/JP	Hu/GII-4/Saga4/2006/JP				
AB447458	546982	3431196	skip_species_in_catalogue	target	species taxid 3431196 already catalogued	AB447458	AB447458.1	Norovirus Hu/GII-4/Saga5/2006/JP	Norovirus	Caliciviridae	Viruses; Riboviria; Orthornavirae; Pisuviricota; Pisoniviricetes; Picornavirales; Caliciviridae; Norovirus; Norovirus norwalkense	RNA	linear	7511			Hu/GII-4/Saga5/2006/JP	false	ncbi-genbank	5ddefaec4d1a81e62f3089db10a015086a5ede5fe53641c30472ff1cf77ff9ed					546982	Norovirus Hu/GII-4/Saga5/2006/JP	Hu/GII-4/Saga5/2006/JP				
AB447459	546983	3431196	skip_species_in_catalogue	target	species taxid 3431196 already catalogued	AB447459	AB447459.1	Norovirus Hu/GII-4/Kumamoto1/2006/JP	Norovirus	Caliciviridae	Viruses; Riboviria; Orthornavirae; Pisuviricota; Pisoniviricetes; Picornavirales; Caliciviridae; Norovirus; Norovirus norwalkense	RNA	linear	7511			Hu/GII-4/Kumamoto1/2006/JP	false	ncbi-genbank	84ba3c779cf59d55a56b20f8204e77cc82f3ed92c47fbe52c23c0b73bc9c47c4					546983	Norovirus Hu/GII-4/Kumamoto1/2006/JP	Hu/GII-4/Kumamoto1/2006/JP				
AB447460	546984	3431196	skip_species_in_catalogue	target	species taxid 3431196 already catalogued	AB447460	AB447460.1	Norovirus Hu/GII-4/Kumamoto2/2006/JP	Norovirus	Caliciviridae	Viruses; Riboviria; Orthornavirae; Pisuviricota; Pisoniviricetes; Picornavirales; Caliciviridae; Norovirus; Norovirus norwalkense	RNA	linear	7511			Hu/GII-4/Kumamoto2/2006/JP	false	ncbi-genbank	b1ee26b333734c2b802436b1531f898317bbddb86926d79257224606112b1227					546984	Norovirus Hu/GII-4/Kumamoto2/2006/JP	Hu/GII-4/Kumamoto2/2006/JP				
AB447461	546985	3431196	skip_species_in_catalogue	target	species taxid 3431196 already catalogued	AB447461	AB447461.1	Norovirus Hu/GII-4/Kumamoto3/2006/JP	Norovirus	Caliciviridae	Viruses; Riboviria; Orthornavirae; Pisuviricota; Pisoniviricetes; Picornavirales; Caliciviridae; Norovirus; Norovirus norwalkense	RNA	linear	7511			Hu/GII-4/Kumamoto3/2006/JP	false	ncbi-genbank	cc9f6e5c0c5f7eda3a43fe6b32f74f73826be8d15ecd31650f996451df5739f6					546985	Norovirus Hu/GII-4/Kumamoto3/2006/JP	Hu/GII-4/Kumamoto3/2006/JP				
AB447462	546986	3431196	skip_species_in_catalogue	target	species taxid 3431196 already catalogued	AB447462	AB447462.1	Norovirus Hu/GII-4/Kumamoto4/2006/JP	Norovirus	Caliciviridae	Viruses; Riboviria; Orthornavirae; Pisuviricota; Pisoniviricetes; Picornavirales; Caliciviridae; Norovirus; Norovirus norwalkense	RNA	linear	7511			Hu/GII-4/Kumamoto4/2006/JP	false	ncbi-genbank	87101fe97bd163621149f10d74c71df1bdc6c5cb8f5c20661465b6f140e557c0					546986	Norovirus Hu/GII-4/Kumamoto4/2006/JP	Hu/GII-4/Kumamoto4/2006/JP				
AB447463	546987	3431196	skip_species_in_catalogue	target	species taxid 3431196 already catalogued	AB447463	AB447463.1	Norovirus Hu/GII-4/Kumamoto5/2006/JP	Norovirus	Caliciviridae	Viruses; Riboviria; Orthornavirae; Pisuviricota; Pisoniviricetes; Picornavirales; Caliciviridae; Norovirus; Norovirus norwalkense	RNA	linear	7511			Hu/GII-4/Kumamoto5/2006/JP	false	ncbi-genbank	0c319452c4ed562035b62f6925ef87d802ee9880d21a3fc4e793765ed9fbe23c					546987	Norovirus Hu/GII-4/Kumamoto5/2006/JP	Hu/GII-4/Kumamoto5/2006/JP				
AB448767	31545	3241420	skip_species_in_catalogue	target	species taxid 3241420 already catalogued	AB448767	AB448767.1	Human adenovirus D8	Mastadenovirus	Adenoviridae	Viruses; Varidnaviria; Bamfordvirae; Preplasmiviricota; Polisuviricotina; Pharingeaviricetes; Rowavirales; Adenoviridae; Mastadenovirus; Mastadenovirus dominans	DNA	linear	34980			Trim	false	ncbi-genbank	6fbc68f95c66e5f663817f48530c177524d02e825ce6dac56799deea64e7d3e8					31545	Human adenovirus D8		8			
AB516393	2847141	3431302	skip_species_in_catalogue	target	species taxid 3431302 already catalogued	AB516393	AB516393.1	hepatitis B virus genotype H	Orthohepadnavirus	Hepadnaviridae	Viruses; Riboviria; Pararnavirae; Artverviricota; Revtraviricetes; Blubervirales; Hepadnaviridae; Orthohepadnavirus; Orthohepadnavirus hominoidei	DNA	circular	3215		Homo sapiens	904MEXM	false	ncbi-genbank	9e934c2dace7afe75f79f286e9272bbf9cc7df724a6fa9c006948c3541e19e06					2847141	hepatitis B virus genotype H					
AB540582	489460	3431302	skip_species_in_catalogue	target	species taxid 3431302 already catalogued	AB540582	AB540582.1	Hepatitis B virus genotype B	Orthohepadnavirus	Hepadnaviridae	Viruses; Riboviria; Pararnavirae; Artverviricota; Revtraviricetes; Blubervirales; Hepadnaviridae; Orthohepadnavirus; Orthohepadnavirus hominoidei	DNA	circular	3215		Homo sapiens	B0901189(NT15)	false	ncbi-genbank	e20320f0a658892f8d09d21ffedffdf13cfc241aa8c50640789cdde3a20f8df1					489460	Hepatitis B virus genotype B	B0901189(NT15)				
AB540583	2764122	3431302	skip_species_in_catalogue	target	species taxid 3431302 already catalogued	AB540583	AB540583.1	hepatitis B virus genotype C	Orthohepadnavirus	Hepadnaviridae	Viruses; Riboviria; Pararnavirae; Artverviricota; Revtraviricetes; Blubervirales; Hepadnaviridae; Orthohepadnavirus; Orthohepadnavirus hominoidei	DNA	circular	3215		Homo sapiens	C0901177(NT3)	false	ncbi-genbank	92783b097da66252cde6d9665d72072a09ec0f27ee1e6f0bf5846360027be201					2764122	hepatitis B virus genotype C	C0901177(NT3)				
AB541201	707384	3431196	skip_species_in_catalogue	target	species taxid 3431196 already catalogued	AB541201	AB541201.1	Norovirus Hu/GII-4/Aichi1/2007/JP	Norovirus	Caliciviridae	Viruses; Riboviria; Orthornavirae; Pisuviricota; Pisoniviricetes; Picornavirales; Caliciviridae; Norovirus; Norovirus norwalkense	RNA	linear	7509			Hu/GII-4/Aichi1/2007/JP	false	ncbi-genbank	3e70c7b351731db56f3facb8b1c8e0dad26b89495c922f09eeb9217e9f1df1f8					707384	Norovirus Hu/GII-4/Aichi1/2007/JP	Hu/GII-4/Aichi1/2007/JP				
AB541202	707385	3431196	skip_species_in_catalogue	target	species taxid 3431196 already catalogued	AB541202	AB541202.1	Norovirus Hu/GII-4/Aichi1/2008/JP	Norovirus	Caliciviridae	Viruses; Riboviria; Orthornavirae; Pisuviricota; Pisoniviricetes; Picornavirales; Caliciviridae; Norovirus; Norovirus norwalkense	RNA	linear	7509			Hu/GII-4/Aichi1/2008/JP	false	ncbi-genbank	3ae26825317aabe02d626029f100bdbdfe8b10bae15680050f311800e60be716					707385	Norovirus Hu/GII-4/Aichi1/2008/JP	Hu/GII-4/Aichi1/2008/JP				
AB541203	707386	3431196	skip_species_in_catalogue	target	species taxid 3431196 already catalogued	AB541203	AB541203.1	Norovirus Hu/GII-4/Aichi2/2007/JP	Norovirus	Caliciviridae	Viruses; Riboviria; Orthornavirae; Pisuviricota; Pisoniviricetes; Picornavirales; Caliciviridae; Norovirus; Norovirus norwalkense	RNA	linear	7509			Hu/GII-4/Aichi2/2007/JP	false	ncbi-genbank	e5509a1acc9530da36c2b5cce48e66f322ae06d3d757f5151929e9a84e0441f3					707386	Norovirus Hu/GII-4/Aichi2/2007/JP	Hu/GII-4/Aichi2/2007/JP				
AB541204	707387	3431196	skip_species_in_catalogue	target	species taxid 3431196 already catalogued	AB541204	AB541204.1	Norovirus Hu/GII-4/Aichi2/2008/JP	Norovirus	Caliciviridae	Viruses; Riboviria; Orthornavirae; Pisuviricota; Pisoniviricetes; Picornavirales; Caliciviridae; Norovirus; Norovirus norwalkense	RNA	linear	7509			Hu/GII-4/Aichi2/2008/JP	false	ncbi-genbank	2e2fba76ee2fa09220ebba236ef675019b323cd729285eca6c7d8511515fbf10					707387	Norovirus Hu/GII-4/Aichi2/2008/JP	Hu/GII-4/Aichi2/2008/JP				
AB541205	707388	3431196	skip_species_in_catalogue	target	species taxid 3431196 already catalogued	AB541205	AB541205.1	Norovirus Hu/GII-4/Aichi3/2007/JP	Norovirus	Caliciviridae	Viruses; Riboviria; Orthornavirae; Pisuviricota; Pisoniviricetes; Picornavirales; Caliciviridae; Norovirus; Norovirus norwalkense	RNA	linear	7509			Hu/GII-4/Aichi3/2007/JP	false	ncbi-genbank	20b4aab3e28853152d35c945444ce81df6d709ec5c55dd4b0979168fd30b0640					707388	Norovirus Hu/GII-4/Aichi3/2007/JP	Hu/GII-4/Aichi3/2007/JP				
AB543808	714567	3431196	skip_species_in_catalogue	target	species taxid 3431196 already catalogued	AB543808	AB543808.1	Norovirus Hu/GII-4/FUMI/2010/JP	Norovirus	Caliciviridae	Viruses; Riboviria; Orthornavirae; Pisuviricota; Pisoniviricetes; Picornavirales; Caliciviridae; Norovirus; Norovirus norwalkense	RNA	linear	7509			Hu/GII-4/FUMI/2010/JP	false	ncbi-genbank	4ce30c73b795ef7a10ea284d89d989f746a952e04f0bd48d6961c76aeeed254f					714567	Norovirus Hu/GII-4/FUMI/2010/JP	Hu/GII-4/FUMI/2010/JP				
AB554014	2764122	3431302	skip_species_in_catalogue	target	species taxid 3431302 already catalogued	AB554014	AB554014.1	hepatitis B virus genotype C	Orthohepadnavirus	Hepadnaviridae	Viruses; Riboviria; Pararnavirae; Artverviricota; Revtraviricetes; Blubervirales; Hepadnaviridae; Orthohepadnavirus; Orthohepadnavirus hominoidei	DNA	circular	3215		Homo sapiens	TRF08029	false	ncbi-genbank	de32adf182b1c29846cb7d51d04ca781057ae7749c5acf0d7a35e91465e6d9fa					2764122	hepatitis B virus genotype C					
AB554015	2764122	3431302	skip_species_in_catalogue	target	species taxid 3431302 already catalogued	AB554015	AB554015.1	hepatitis B virus genotype C	Orthohepadnavirus	Hepadnaviridae	Viruses; Riboviria; Pararnavirae; Artverviricota; Revtraviricetes; Blubervirales; Hepadnaviridae; Orthohepadnavirus; Orthohepadnavirus hominoidei	DNA	circular	3215		Homo sapiens	TRF08111	false	ncbi-genbank	a56e8512910e99d970683381323c1ef21adccb64309b8dbb52fab0ccfc03e5a9					2764122	hepatitis B virus genotype C					
AB554016	2847137	3431302	skip_species_in_catalogue	target	species taxid 3431302 already catalogued	AB554016	AB554016.1	hepatitis B virus genotype D	Orthohepadnavirus	Hepadnaviridae	Viruses; Riboviria; Pararnavirae; Artverviricota; Revtraviricetes; Blubervirales; Hepadnaviridae; Orthohepadnavirus; Orthohepadnavirus hominoidei	DNA	circular	3179		Homo sapiens	TRF08226	false	ncbi-genbank	aea27764aee0c8bd50cc383ada950a4c9490b6a398a0c0338f4f2b7f3ee248a9					2847137	hepatitis B virus genotype D					
AB554018	2764122	3431302	skip_species_in_catalogue	target	species taxid 3431302 already catalogued	AB554018	AB554018.1	hepatitis B virus genotype C	Orthohepadnavirus	Hepadnaviridae	Viruses; Riboviria; Pararnavirae; Artverviricota; Revtraviricetes; Blubervirales; Hepadnaviridae; Orthohepadnavirus; Orthohepadnavirus hominoidei	DNA	circular	3215		Homo sapiens	NMB09075	false	ncbi-genbank	ffb621e955ac0fcb7b69cf16ac37fdea7533fb85988fcc97e0e3b4af6def40e4					2764122	hepatitis B virus genotype C					
AB554019	2764122	3431302	skip_species_in_catalogue	target	species taxid 3431302 already catalogued	AB554019	AB554019.1	hepatitis B virus genotype C	Orthohepadnavirus	Hepadnaviridae	Viruses; Riboviria; Pararnavirae; Artverviricota; Revtraviricetes; Blubervirales; Hepadnaviridae; Orthohepadnavirus; Orthohepadnavirus hominoidei	DNA	circular	3215		Homo sapiens	NMB09122	false	ncbi-genbank	c2987e7334d580af4a03a584e0027a10279f6cf2c8d3edd5d5ab3dbcbed84d96					2764122	hepatitis B virus genotype C					
AB554020	2764122	3431302	skip_species_in_catalogue	target	species taxid 3431302 already catalogued	AB554020	AB554020.1	hepatitis B virus genotype C	Orthohepadnavirus	Hepadnaviridae	Viruses; Riboviria; Pararnavirae; Artverviricota; Revtraviricetes; Blubervirales; Hepadnaviridae; Orthohepadnavirus; Orthohepadnavirus hominoidei	DNA	circular	3215		Homo sapiens	NMB09124	false	ncbi-genbank	96c522a18b9b4c4196414134a6b36afdb0c31d3796e0a1a48837935030766e28					2764122	hepatitis B virus genotype C					
AB554021	2764122	3431302	skip_species_in_catalogue	target	species taxid 3431302 already catalogued	AB554021	AB554021.1	hepatitis B virus genotype C	Orthohepadnavirus	Hepadnaviridae	Viruses; Riboviria; Pararnavirae; Artverviricota; Revtraviricetes; Blubervirales; Hepadnaviridae; Orthohepadnavirus; Orthohepadnavirus hominoidei	DNA	circular	3215		Homo sapiens	GRS08298	false	ncbi-genbank	6d7e63ca97060a33cbfc30efbc7631cb6578461e5c75b784fef4e59bab82201e					2764122	hepatitis B virus genotype C					
AB554023	2847137	3431302	skip_species_in_catalogue	target	species taxid 3431302 already catalogued	AB554023	AB554023.1	hepatitis B virus genotype D	Orthohepadnavirus	Hepadnaviridae	Viruses; Riboviria; Pararnavirae; Artverviricota; Revtraviricetes; Blubervirales; Hepadnaviridae; Orthohepadnavirus; Orthohepadnavirus hominoidei	DNA	circular	3179		Homo sapiens	GRS08457	false	ncbi-genbank	ca443ab47fd69644dbdae23ae8b3ae1d3f827e26274523e3e99cc71a439d91b4					2847137	hepatitis B virus genotype D					
AB554024	2847137	3431302	skip_species_in_catalogue	target	species taxid 3431302 already catalogued	AB554024	AB554024.1	hepatitis B virus genotype D	Orthohepadnavirus	Hepadnaviridae	Viruses; Riboviria; Pararnavirae; Artverviricota; Revtraviricetes; Blubervirales; Hepadnaviridae; Orthohepadnavirus; Orthohepadnavirus hominoidei	DNA	circular	3179		Homo sapiens	GRS08538	false	ncbi-genbank	06f5bf16bf5e6f9daf02393ca90604f70d35e1693121bbd7e6a61ee8727e5474					2847137	hepatitis B virus genotype D					
AB554025	2764122	3431302	skip_species_in_catalogue	target	species taxid 3431302 already catalogued	AB554025	AB554025.1	hepatitis B virus genotype C	Orthohepadnavirus	Hepadnaviridae	Viruses; Riboviria; Pararnavirae; Artverviricota; Revtraviricetes; Blubervirales; Hepadnaviridae; Orthohepadnavirus; Orthohepadnavirus hominoidei	DNA	circular	3215		Homo sapiens	MRK89073	false	ncbi-genbank	a37189a8e92d26fa5ed1afe5791682127443b9347ede67e98ba222526ab4ee64					2764122	hepatitis B virus genotype C					
AB560661	2764122	3431302	skip_species_in_catalogue	target	species taxid 3431302 already catalogued	AB560661	AB560661.1	hepatitis B virus genotype C	Orthohepadnavirus	Hepadnaviridae	Viruses; Riboviria; Pararnavirae; Artverviricota; Revtraviricetes; Blubervirales; Hepadnaviridae; Orthohepadnavirus; Orthohepadnavirus hominoidei	DNA	circular	3215		Homo sapiens	58PU	false	ncbi-genbank	053a3a211b4ada8ec626c825073398dea46055f745bcda46ae539948c913c1f8					2764122	hepatitis B virus genotype C					
AB560662	2764122	3431302	skip_species_in_catalogue	target	species taxid 3431302 already catalogued	AB560662	AB560662.1	hepatitis B virus genotype C	Orthohepadnavirus	Hepadnaviridae	Viruses; Riboviria; Pararnavirae; Artverviricota; Revtraviricetes; Blubervirales; Hepadnaviridae; Orthohepadnavirus; Orthohepadnavirus hominoidei	DNA	circular	3215		Homo sapiens	60PU	false	ncbi-genbank	d0404c20566647377d5e59518c6090bb1f8a6a5609331fe9a7226b008b0ac54f					2764122	hepatitis B virus genotype C					
AB614356	985691	3432266	skip_species_in_catalogue	target	species taxid 3432266 already catalogued	AB614356	AB614356.1	Sapovirus Hu/GI.2/BR-DF01/BRA/2009	Sapovirus	Caliciviridae	Viruses; Riboviria; Orthornavirae; Pisuviricota; Pisoniviricetes; Picornavirales; Caliciviridae; Sapovirus; Sapovirus sapporoense	RNA	linear	7476		Homo sapiens	Hu/GI.2/BR-DF01/BRA/2009	false	ncbi-genbank	f2cf6f737e16e36d7f8bec062fee4a649e285bbebe2182a7214b6bf81371cd98					985691	Sapovirus Hu/GI.2/BR-DF01/BRA/2009					
AB644281	2764122	3431302	skip_species_in_catalogue	target	species taxid 3431302 already catalogued	AB644281	AB644281.1	hepatitis B virus genotype C	Orthohepadnavirus	Hepadnaviridae	Viruses; Riboviria; Pararnavirae; Artverviricota; Revtraviricetes; Blubervirales; Hepadnaviridae; Orthohepadnavirus; Orthohepadnavirus hominoidei	DNA	circular	3215		Homo sapiens	NAB9	false	ncbi-genbank	40cc2e93503f289429dedd78e0d2d76af571cf2ca24d19e548078b4e30758894					2764122	hepatitis B virus genotype C					
AB644282	1052603	3431302	skip_species_in_catalogue	target	species taxid 3431302 already catalogued	AB644282	AB644282.1	HBV recombinant B/C	Orthohepadnavirus	Hepadnaviridae	Viruses; Riboviria; Pararnavirae; Artverviricota; Revtraviricetes; Blubervirales; Hepadnaviridae; Orthohepadnavirus; Orthohepadnavirus hominoidei	DNA	circular	3203		Homo sapiens	NAB20	false	ncbi-genbank	0eff43ab29aaa1cc282bc67c67074a5346b7a81341386814d3bce68aa4317601					1052603	HBV recombinant B/C					
AB644283	2764122	3431302	skip_species_in_catalogue	target	species taxid 3431302 already catalogued	AB644283	AB644283.1	hepatitis B virus genotype C	Orthohepadnavirus	Hepadnaviridae	Viruses; Riboviria; Pararnavirae; Artverviricota; Revtraviricetes; Blubervirales; Hepadnaviridae; Orthohepadnavirus; Orthohepadnavirus hominoidei	DNA	circular	3215		Homo sapiens	NAB28	false	ncbi-genbank	ee74432219b8add1505461a8614c37ee600c67ba12683ed117cf11e8a915f601					2764122	hepatitis B virus genotype C					
AB644284	2764122	3431302	skip_species_in_catalogue	target	species taxid 3431302 already catalogued	AB644284	AB644284.1	hepatitis B virus genotype C	Orthohepadnavirus	Hepadnaviridae	Viruses; Riboviria; Pararnavirae; Artverviricota; Revtraviricetes; Blubervirales; Hepadnaviridae; Orthohepadnavirus; Orthohepadnavirus hominoidei	DNA	circular	3215		Homo sapiens	NAB32	false	ncbi-genbank	574afa58bd07c292efcee97b44d2fcb4ff02b3144f1f2adf9f71d30a30125051					2764122	hepatitis B virus genotype C					
AB644285	1052604	3431302	skip_species_in_catalogue	target	species taxid 3431302 already catalogued	AB644285	AB644285.1	HBV recombinant C/G	Orthohepadnavirus	Hepadnaviridae	Viruses; Riboviria; Pararnavirae; Artverviricota; Revtraviricetes; Blubervirales; Hepadnaviridae; Orthohepadnavirus; Orthohepadnavirus hominoidei	DNA	circular	3164		Homo sapiens	NAB46	false	ncbi-genbank	b5cac11e81fdabfe7da1e42b40f0f07969297b9ff61d904fb4519c5dbdbf3ec7					1052604	HBV recombinant C/G					
AB644286	2764122	3431302	skip_species_in_catalogue	target	species taxid 3431302 already catalogued	AB644286	AB644286.1	hepatitis B virus genotype C	Orthohepadnavirus	Hepadnaviridae	Viruses; Riboviria; Pararnavirae; Artverviricota; Revtraviricetes; Blubervirales; Hepadnaviridae; Orthohepadnavirus; Orthohepadnavirus hominoidei	DNA	circular	3215		Homo sapiens	NAB47	false	ncbi-genbank	3393fe47086c7f89d26fff3e49c377ec7d768a32927ae04a5b4e4c4770b19065					2764122	hepatitis B virus genotype C					
AB644287	2764122	3431302	skip_species_in_catalogue	target	species taxid 3431302 already catalogued	AB644287	AB644287.1	hepatitis B virus genotype C	Orthohepadnavirus	Hepadnaviridae	Viruses; Riboviria; Pararnavirae; Artverviricota; Revtraviricetes; Blubervirales; Hepadnaviridae; Orthohepadnavirus; Orthohepadnavirus hominoidei	DNA	circular	3215		Homo sapiens	NAB52	false	ncbi-genbank	76c337af5cf9f752c78d4a4318e3939001dc4dcf6493fe01e2e0411326349a97					2764122	hepatitis B virus genotype C					
AB678778	86107	3428500	skip_species_in_catalogue	target	species taxid 3428500 already catalogued	AB678778	AB678778.1	Coxsackievirus A6	Enterovirus	Picornaviridae	Viruses; Riboviria; Orthornavirae; Pisuviricota; Pisoniviricetes; Picornavirales; Picornaviridae; Ensavirinae; Enterovirus; Enterovirus alphacoxsackie	RNA	linear	7434		Homo sapiens	Shizuoka 18	false	ncbi-genbank	87bbd3ed5933eb78b2990acb6e6e1c9b781fb5d47f2dae6eb77c8ea397817d51					86107	Coxsackievirus A6	Shizuoka 18				
AB690461	31649	3052230	skip_species_in_catalogue	target	species taxid 3052230 already catalogued	AB690461	AB690461.1	Hepatitis C virus subtype 2a	Orthohepacivirus	Hepaciviridae	Viruses; Riboviria; Orthornavirae; Kitrinoviricota; Flasuviricetes; Amarillovirales; Hepaciviridae; Orthohepacivirus; Orthohepacivirus hominis	RNA	linear	9683		Homo sapiens	J6CF/JFH2.1	false	ncbi-genbank	64c4696408d4a82b2b52cc57fd0506694af31094033759c037d42849e0a9d74d					31649	Hepatitis C virus subtype 2a	J6CF/JFH2.1				
AB724351	28275	3241420	skip_species_in_catalogue	target	species taxid 3241420 already catalogued	AB724351	AB724351.1	Human adenovirus D10	Mastadenovirus	Adenoviridae	Viruses; Varidnaviria; Bamfordvirae; Preplasmiviricota; Polisuviricotina; Pharingeaviricetes; Rowavirales; Adenoviridae; Mastadenovirus; Mastadenovirus dominans	DNA	linear	35105			J.J.; ATCC VR-1504	false	ncbi-genbank	374a75650301ae1eec3301ce56a85bdc98ab4f726cd85d6c1989112d07094d4b					28275	Human adenovirus D10	J.J.; ATCC VR-1504	10			
AB765926	1972755	3241420	skip_species_in_catalogue	target	species taxid 3241420 already catalogued	AB765926	AB765926.1	Human adenovirus 81	Mastadenovirus	Adenoviridae	Viruses; Varidnaviria; Bamfordvirae; Preplasmiviricota; Polisuviricotina; Pharingeaviricetes; Rowavirales; Adenoviridae; Mastadenovirus; Mastadenovirus dominans	DNA	linear	35198			Chiba_E086/2012	false	ncbi-genbank	b736b474da4af67796f10299e838ca619ceb06235ff41d5bce90532d38c1fc52					1972755	Human adenovirus 81	Chiba_E086/2012				
AB793779	1297549	337039	skip_species_in_catalogue	target	species taxid 337039 already catalogued	AB793779	AB793779.1	Human papillomavirus type 78	Alphapapillomavirus	Papillomaviridae	Viruses; Floreoviria; Shotokuvirae; Cossaviricota; Papovaviricetes; Zurhausenvirales; Papillomaviridae; Firstpapillomavirinae; Alphapapillomavirus; Alphapapillomavirus 2	DNA	circular	7805		Homo sapiens	z008	false	ncbi-genbank	278249260c09691081d8a0e569b0d5255c3010a8d382bb4769ccd09d09be162f					1297549	Human papillomavirus type 78					
AB795432	31653	3052230	skip_species_in_catalogue	target	species taxid 3052230 already catalogued	AB795432	AB795432.3	Hepatitis C virus subtype 4a	Orthohepacivirus	Hepaciviridae	Viruses; Riboviria; Orthornavirae; Kitrinoviricota; Flasuviricetes; Amarillovirales; Hepaciviridae; Orthohepacivirus; Orthohepacivirus hominis	RNA	linear	9703		Homo sapiens	HCVgenotype4a-KM	false	ncbi-genbank	234c316649617eccb0feb73dde1bc3afc9528b280b2ece074bb78c4960272094					31653	Hepatitis C virus subtype 4a					
AB819611	489460	3431302	skip_species_in_catalogue	target	species taxid 3431302 already catalogued	AB819611	AB819611.1	Hepatitis B virus genotype B	Orthohepadnavirus	Hepadnaviridae	Viruses; Riboviria; Pararnavirae; Artverviricota; Revtraviricetes; Blubervirales; Hepadnaviridae; Orthohepadnavirus; Orthohepadnavirus hominoidei	DNA	linear	4224		Homo sapiens	pBS-HBVB1_1005425-1.3G_mu-mu	false	ncbi-genbank	35f38766b8b2e4365c6b98cc051269400a6c1b1908152c72332e668ad13d7cbe					489460	Hepatitis B virus genotype B					
AB819612	489460	3431302	skip_species_in_catalogue	target	species taxid 3431302 already catalogued	AB819612	AB819612.1	Hepatitis B virus genotype B	Orthohepadnavirus	Hepadnaviridae	Viruses; Riboviria; Pararnavirae; Artverviricota; Revtraviricetes; Blubervirales; Hepadnaviridae; Orthohepadnavirus; Orthohepadnavirus hominoidei	DNA	linear	4224		Homo sapiens	pBS-HBVB1_1005425-1.3G_mu-wt	false	ncbi-genbank	a8e3fd448f230f3609b9260b773817f5b076ae6b42a6de9688fc92ff0c2283cf					489460	Hepatitis B virus genotype B					
AB819613	489460	3431302	skip_species_in_catalogue	target	species taxid 3431302 already catalogued	AB819613	AB819613.1	Hepatitis B virus genotype B	Orthohepadnavirus	Hepadnaviridae	Viruses; Riboviria; Pararnavirae; Artverviricota; Revtraviricetes; Blubervirales; Hepadnaviridae; Orthohepadnavirus; Orthohepadnavirus hominoidei	DNA	linear	4224		Homo sapiens	pBS-HBVB1_1005425-1.3G_wt-mu	false	ncbi-genbank	a12d3f0d8c6fb91c5f412e7ed21b15aaed9616fd1af600f77cd5a0d0c9a5de06					489460	Hepatitis B virus genotype B					
AB819614	489460	3431302	skip_species_in_catalogue	target	species taxid 3431302 already catalogued	AB819614	AB819614.1	Hepatitis B virus genotype B	Orthohepadnavirus	Hepadnaviridae	Viruses; Riboviria; Pararnavirae; Artverviricota; Revtraviricetes; Blubervirales; Hepadnaviridae; Orthohepadnavirus; Orthohepadnavirus hominoidei	DNA	linear	4224		Homo sapiens	pBS-HBVB1_1005425-1.3G_wt-wt	false	ncbi-genbank	c72c8a879bc3a9647f0ed66ea29782433c8497306ed6463b72d934b4e37770f0					489460	Hepatitis B virus genotype B					
AB819615	2764122	3431302	skip_species_in_catalogue	target	species taxid 3431302 already catalogued	AB819615	AB819615.1	hepatitis B virus genotype C	Orthohepadnavirus	Hepadnaviridae	Viruses; Riboviria; Pararnavirae; Artverviricota; Revtraviricetes; Blubervirales; Hepadnaviridae; Orthohepadnavirus; Orthohepadnavirus hominoidei	DNA	linear	4224		Homo sapiens	pBS-HBVC2_0500005-1.3G_mu-mu	false	ncbi-genbank	7a68302ed91c8cdbaf7909fb4e06f801f2b3f24bba240719dd2135a9ff2c4886					2764122	hepatitis B virus genotype C					
AB819616	2764122	3431302	skip_species_in_catalogue	target	species taxid 3431302 already catalogued	AB819616	AB819616.1	hepatitis B virus genotype C	Orthohepadnavirus	Hepadnaviridae	Viruses; Riboviria; Pararnavirae; Artverviricota; Revtraviricetes; Blubervirales; Hepadnaviridae; Orthohepadnavirus; Orthohepadnavirus hominoidei	DNA	linear	4224		Homo sapiens	pBS-HBVC2_0500005-1.3G_mu-wt	false	ncbi-genbank	2796b3eaf6dd6528234135ec03c8d6585b7296534b5271fa5174a773cbc18fd3					2764122	hepatitis B virus genotype C					
AB819617	2764122	3431302	skip_species_in_catalogue	target	species taxid 3431302 already catalogued	AB819617	AB819617.1	hepatitis B virus genotype C	Orthohepadnavirus	Hepadnaviridae	Viruses; Riboviria; Pararnavirae; Artverviricota; Revtraviricetes; Blubervirales; Hepadnaviridae; Orthohepadnavirus; Orthohepadnavirus hominoidei	DNA	linear	4224		Homo sapiens	pBS-HBVC2_0500005-1.3G_wt-mu	false	ncbi-genbank	53ad95db7749a5640eb2ab35f2c217f138da01c7096129f690a6b27443356a0b					2764122	hepatitis B virus genotype C					
AB819618	2764122	3431302	skip_species_in_catalogue	target	species taxid 3431302 already catalogued	AB819618	AB819618.1	hepatitis B virus genotype C	Orthohepadnavirus	Hepadnaviridae	Viruses; Riboviria; Pararnavirae; Artverviricota; Revtraviricetes; Blubervirales; Hepadnaviridae; Orthohepadnavirus; Orthohepadnavirus hominoidei	DNA	linear	4224		Homo sapiens	pBS-HBVC2_0500005-1.3G_wt-wt	false	ncbi-genbank	ce07d242f615132d4b135d6289a22edd42e205e8416990589c2825cdd56cf057					2764122	hepatitis B virus genotype C					
AB981580	2764122	3431302	skip_species_in_catalogue	target	species taxid 3431302 already catalogued	AB981580	AB981580.1	hepatitis B virus genotype C	Orthohepadnavirus	Hepadnaviridae	Viruses; Riboviria; Pararnavirae; Artverviricota; Revtraviricetes; Blubervirales; Hepadnaviridae; Orthohepadnavirus; Orthohepadnavirus hominoidei	DNA	circular	3215		Homo sapiens	P1-090725	false	ncbi-genbank	c41ef7caefb226cf8a0940168e4adae396f53f940c1d24a8a280e29982761e69					2764122	hepatitis B virus genotype C					
AB981581	489460	3431302	skip_species_in_catalogue	target	species taxid 3431302 already catalogued	AB981581	AB981581.1	Hepatitis B virus genotype B	Orthohepadnavirus	Hepadnaviridae	Viruses; Riboviria; Pararnavirae; Artverviricota; Revtraviricetes; Blubervirales; Hepadnaviridae; Orthohepadnavirus; Orthohepadnavirus hominoidei	DNA	circular	3215		Homo sapiens	P2-120831	false	ncbi-genbank	3f0eff87d43ff8454abc062b7c3753d12a32943df04aff13b3dde7d27c2de62a					489460	Hepatitis B virus genotype B					
AB981582	489460	3431302	skip_species_in_catalogue	target	species taxid 3431302 already catalogued	AB981582	AB981582.1	Hepatitis B virus genotype B	Orthohepadnavirus	Hepadnaviridae	Viruses; Riboviria; Pararnavirae; Artverviricota; Revtraviricetes; Blubervirales; Hepadnaviridae; Orthohepadnavirus; Orthohepadnavirus hominoidei	DNA	circular	3215		Homo sapiens	P2-121210	false	ncbi-genbank	91154c996455b5fed8cf0f39f11191613e1932042ab57b7fb16bbdd67dfc200f					489460	Hepatitis B virus genotype B					
AB981583	489460	3431302	skip_species_in_catalogue	target	species taxid 3431302 already catalogued	AB981583	AB981583.1	Hepatitis B virus genotype B	Orthohepadnavirus	Hepadnaviridae	Viruses; Riboviria; Pararnavirae; Artverviricota; Revtraviricetes; Blubervirales; Hepadnaviridae; Orthohepadnavirus; Orthohepadnavirus hominoidei	DNA	circular	3215		Homo sapiens	P2-121214	false	ncbi-genbank	ede469efcacd6b269b37b907724efe7b84f1da84a3c6ebb602835a7cd7c4ec44					489460	Hepatitis B virus genotype B					
AC_000007	10515	3241411	skip_species_in_catalogue	target	species taxid 3241411 already catalogued	AC_000007	AC_000007.1	Human adenovirus 2	Mastadenovirus	Adenoviridae	Viruses; Varidnaviria; Bamfordvirae; Preplasmiviricota; Polisuviricotina; Pharingeaviricetes; Rowavirales; Adenoviridae; Mastadenovirus; Mastadenovirus caesari	DNA	linear	35937				false	ncbi-genbank	9cce15f8b2f60451e4ef970ca08f94d1415ce47415d3a360959769bfc6327357					10515	Human adenovirus 2		Human adenovirus type 2			
AC_000008	28285	3241411	skip_species_in_catalogue	target	species taxid 3241411 already catalogued	AC_000008	AC_000008.1	Human adenovirus 5	Mastadenovirus	Adenoviridae	Viruses; Varidnaviria; Bamfordvirae; Preplasmiviricota; Polisuviricotina; Pharingeaviricetes; Rowavirales; Adenoviridae; Mastadenovirus; Mastadenovirus caesari	DNA	linear	35938				false	ncbi-genbank	675d0129677bbd2f1b531ac6d82bf504f929b707369fa80ff51c4c5e9f4d7bfe					28285	Human adenovirus 5		Human adenovirus type 5			
AC_000017	10533	3241411	skip_species_in_catalogue	target	species taxid 3241411 already catalogued	AC_000017	AC_000017.1	Human adenovirus 1	Mastadenovirus	Adenoviridae	Viruses; Varidnaviria; Bamfordvirae; Preplasmiviricota; Polisuviricotina; Pharingeaviricetes; Rowavirales; Adenoviridae; Mastadenovirus; Mastadenovirus caesari	DNA	linear	36001				false	ncbi-genbank	dc0175ac36f38fcf9e45a5a8773d0f008ba2c3d04c41340825d09169d611d18f					10533	Human adenovirus 1		1			
AC_000018	10519	3241406	skip_species_in_catalogue	target	species taxid 3241406 already catalogued	AC_000018	AC_000018.1	Human adenovirus 7	Mastadenovirus	Adenoviridae	Viruses; Varidnaviria; Bamfordvirae; Preplasmiviricota; Polisuviricotina; Pharingeaviricetes; Rowavirales; Adenoviridae; Mastadenovirus; Mastadenovirus blackbeardi	DNA	linear	35514				false	ncbi-genbank	89fea268640abe6c27eca7bb5765d1aae334a9eaaf7b3bbaf70ec50e883a2ba0					10519	Human adenovirus 7		7			
AC_000019	10522	3241406	skip_species_in_catalogue	target	species taxid 3241406 already catalogued	AC_000019	AC_000019.1	Human adenovirus 35	Mastadenovirus	Adenoviridae	Viruses; Varidnaviria; Bamfordvirae; Preplasmiviricota; Polisuviricotina; Pharingeaviricetes; Rowavirales; Adenoviridae; Mastadenovirus; Mastadenovirus blackbeardi	DNA	linear	34794				false	ncbi-genbank	da267653bbd26a65c3528acde9363f2363c9dc89403510c2d72b542425be7637					10522	Human adenovirus 35		35			
AF028705	68742	1511891	skip_species_in_catalogue	target	species taxid 1511891 already catalogued	AF028705	AF028705.1	Adeno-associated virus 3B	Dependoparvovirus	Parvoviridae	Viruses; Floreoviria; Shotokuvirae; Cossaviricota; Quintoviricetes; Piccovirales; Parvoviridae; Parvovirinae; Dependoparvovirus; Dependoparvovirus primate1	DNA	linear	4722				false	ncbi-genbank	502bba656b725e2095ab4821ec22759ed705bf4f4fb32febe6f3a44d6814f680					68742	Adeno-associated virus 3B					
AF039205	74561	3428502	skip_species_in_catalogue	target	species taxid 3428502 already catalogued	AF039205	AF039205.1	Coxsackievirus B6	Enterovirus	Picornaviridae	Viruses; Riboviria; Orthornavirae; Pisuviricota; Pisoniviricetes; Picornavirales; Picornaviridae; Ensavirinae; Enterovirus; Enterovirus betacoxsackie	RNA	linear	7398			Schmitt (1-15-21)	false	ncbi-genbank	b71ee77e7dc72f251caa8839ece79560f2464d5545b94de3a05a1e493e89c15a					74561	Coxsackievirus B6	Schmitt (1-15-21)				
AF081485	82639	3428502	skip_species_in_catalogue	target	species taxid 3428502 already catalogued	AF081485	AF081485.1	Coxsackievirus B2	Enterovirus	Picornaviridae	Viruses; Riboviria; Orthornavirae; Pisuviricota; Pisoniviricetes; Picornavirales; Picornaviridae; Ensavirinae; Enterovirus; Enterovirus betacoxsackie	RNA	linear	7403			Ohio	false	ncbi-genbank	c236541bf16e682be3eed33e2d971ea4db7b2fff9104a357b7bf16e634dfe426					82639	Coxsackievirus B2	Ohio				
AF083069	40280	3428502	skip_species_in_catalogue	target	species taxid 3428502 already catalogued	AF083069	AF083069.1	Echovirus E5	Enterovirus	Picornaviridae	Viruses; Riboviria; Orthornavirae; Pisuviricota; Pisoniviricetes; Picornavirales; Picornaviridae; Ensavirinae; Enterovirus; Enterovirus betacoxsackie	RNA	linear	7433		Homo sapiens	Noyce	false	ncbi-genbank	620d08d0b2802b3464939e17e8339456490291393d4caf978775220c13a9af1b					40280	Echovirus E5	Noyce				
AF086833	128952	3052462	skip_species_in_catalogue	target	species taxid 3052462 already catalogued	AF086833	AF086833.2	Ebola virus - Mayinga, Zaire, 1976	Orthoebolavirus	Filoviridae	Viruses; Riboviria; Orthornavirae; Negarnaviricota; Haploviricotina; Monjiviricetes; Mononegavirales; Filoviridae; Orthoebolavirus; Orthoebolavirus zairense	cRNA	linear	18959			Mayinga	false	ncbi-genbank	f4982a38ca7714226821e59426460f586799d58bebe9b01c4316f8d374f788c0					128952	Ebola virus - Mayinga, Zaire, 1976	Mayinga				
AF092932	31552	333754	skip_species_in_catalogue	target	species taxid 333754 already catalogued	AF092932	AF092932.1	Human papillomavirus type 6	Alphapapillomavirus	Papillomaviridae	Viruses; Floreoviria; Shotokuvirae; Cossaviricota; Papovaviricetes; Zurhausenvirales; Papillomaviridae; Firstpapillomavirinae; Alphapapillomavirus; Alphapapillomavirus 10	DNA	linear	8012			Human papillomavirus type 6vc	false	ncbi-genbank	08199700e366dcf11927645f8fda167f5713a2dbc22560b3cad3dbf1546964dd					31552	Human papillomavirus type 6	Human papillomavirus type 6vc				
AF093797	11983	3431196	skip_species_in_catalogue	target	species taxid 3431196 already catalogued	AF093797	AF093797.1	Norwalk virus	Norovirus	Caliciviridae	Viruses; Riboviria; Orthornavirae; Pisuviricota; Pisoniviricetes; Picornavirales; Caliciviridae; Norovirus; Norovirus norwalkense	RNA	linear	7598			BS5	false	ncbi-genbank	bbb5506b0748152a1781264df9944eff71ca3f41800271eb4eea228c01187a97					11983	Norwalk virus	Norwalk-like				
AF103734	84272	3426318	skip_species_in_catalogue	target	species taxid 3426318 already catalogued	AF103734	AF103734.1	Sindbis-like virus YN87448	Alphavirus	Togaviridae	Viruses; Riboviria; Orthornavirae; Kitrinoviricota; Alsuviricetes; Martellivirales; Togaviridae; Alphavirus; Alphavirus sindbis	RNA	linear	11717			YN87448	false	ncbi-genbank	e8331a1c135dfa7550312f95940a7fa9daa60d035e3924e21789d5b017ddd224					84272	Sindbis-like virus YN87448	YN87448				
AF108105	46922	3241420	skip_species_in_catalogue	target	species taxid 3241420 already catalogued	AF108105	AF108105.1	Human adenovirus 17	Mastadenovirus	Adenoviridae	Viruses; Varidnaviria; Bamfordvirae; Preplasmiviricota; Polisuviricotina; Pharingeaviricetes; Rowavirales; Adenoviridae; Mastadenovirus; Mastadenovirus dominans	DNA	linear	35100				false	ncbi-genbank	9d197ecc451e76eeef7a1dd0a7b1918a57f2c2314898338bcdef9defdbbd6c95					46922	Human adenovirus 17					
AF145896	94433	3431196	skip_species_in_catalogue	target	species taxid 3431196 already catalogued	AF145896	AF145896.1	Camberwell virus	Norovirus	Caliciviridae	Viruses; Riboviria; Orthornavirae; Pisuviricota; Pisoniviricetes; Picornavirales; Caliciviridae; Norovirus; Norovirus norwalkense	RNA	linear	7555			Hu/NLV/Camberwell/101922/94/AUS	false	ncbi-genbank	b7d839b10191275fe0a3f262c9b560a7e299c0ebb36215f28664ca31b9c29980					94433	Camberwell virus	Hu/NLV/Camberwell/101922/94/AUS				
AF162711	41846	3428502	skip_species_in_catalogue	target	species taxid 3428502 already catalogued	AF162711	AF162711.1	Echovirus E30	Enterovirus	Picornaviridae	Viruses; Riboviria; Orthornavirae; Pisuviricota; Pisoniviricetes; Picornavirales; Picornaviridae; Ensavirinae; Enterovirus; Enterovirus betacoxsackie	RNA	linear	7440			Bastianni	false	ncbi-genbank	4564ecb76f7c19104aee41094ccf8d66c8836e57249f8588f52658382c12a33f					41846	Echovirus E30	Bastianni				
AF230973	123738	3428502	skip_species_in_catalogue	target	species taxid 3428502 already catalogued	AF230973	AF230973.1	Enterovirus Yanbian 96-83csf	Enterovirus	Picornaviridae	Viruses; Riboviria; Orthornavirae; Pisuviricota; Pisoniviricetes; Picornavirales; Picornaviridae; Ensavirinae; Enterovirus; Enterovirus betacoxsackie	RNA	linear	7456				false	ncbi-genbank	6805b10b1990280bf705779971405ea989355f662ed954399a1e034aad980466					123738	Enterovirus Yanbian 96-83csf					
AF241359	200154	3428502	skip_species_in_catalogue	target	species taxid 3428502 already catalogued	AF241359	AF241359.1	Enterovirus B73	Enterovirus	Picornaviridae	Viruses; Riboviria; Orthornavirae; Pisuviricota; Pisoniviricetes; Picornavirales; Picornaviridae; Ensavirinae; Enterovirus; Enterovirus betacoxsackie	RNA	linear	7411			CA55-1988	false	ncbi-genbank	82237a97ef0da58867bdba85f9cc57ffde881fdc50b80a175d4cb66338421096					200154	Enterovirus B73					
AF311938	41846	3428502	skip_species_in_catalogue	target	species taxid 3428502 already catalogued	AF311938	AF311938.1	Echovirus E30	Enterovirus	Picornaviridae	Viruses; Riboviria; Orthornavirae; Pisuviricota; Pisoniviricetes; Picornavirales; Picornaviridae; Ensavirinae; Enterovirus; Enterovirus betacoxsackie	ss-RNA	linear	7445			Bastianni	false	ncbi-genbank	12081319172cf8a0859cc45a07f0672603366d55b9c0340f3e22eadf3655207f					41846	Echovirus E30	Bastianni				
AF311939	12073	3428502	skip_species_in_catalogue	target	species taxid 3428502 already catalogued	AF311939	AF311939.1	Coxsackievirus B4	Enterovirus	Picornaviridae	Viruses; Riboviria; Orthornavirae; Pisuviricota; Pisoniviricetes; Picornavirales; Picornaviridae; Ensavirinae; Enterovirus; Enterovirus betacoxsackie	ss-RNA	linear	7397			E2 variant	false	ncbi-genbank	6d96fdca60ec173032c8fd7d23000bf4c4525e6bfc8d2461981181bb23d9c884					12073	Coxsackievirus B4	E2 variant				
AF316321	150846	3428500	skip_species_in_catalogue	target	species taxid 3428500 already catalogued	AF316321	AF316321.2	Enterovirus 5865/sin/000009	Enterovirus	Picornaviridae	Viruses; Riboviria; Orthornavirae; Pisuviricota; Pisoniviricetes; Picornavirales; Picornaviridae; Ensavirinae; Enterovirus; Enterovirus alphacoxsackie	RNA	linear	7411				false	ncbi-genbank	57506382dbb43a06067c532ffaf549b256d6c4b76f2d7eb1b94f8a12aa92f48e					150846	Enterovirus 5865/sin/000009					
AF338106	11168	3052560	skip_species_in_catalogue	target	species taxid 3052560 already catalogued	AF338106	AF338106.1	Mumps virus strain Jeryl Lynn	Orthorubulavirus	Paramyxoviridae	Viruses; Riboviria; Orthornavirae; Negarnaviricota; Haploviricotina; Monjiviricetes; Mononegavirales; Paramyxoviridae; Rubulavirinae; Orthorubulavirus; Orthorubulavirus parotitidis	ss-RNA	linear	15384			Jeryl-Lynn	false	ncbi-genbank	949c510f40a344b76d98d87feedf3e2f72a237fb74022ec8eb281b9a5cb55f29					11168	Mumps virus strain Jeryl Lynn	Jeryl-Lynn				
AF352027	156647	3428500	skip_species_in_catalogue	target	species taxid 3428500 already catalogued	AF352027	AF352027.1	Enterovirus 5666/sin/002209	Enterovirus	Picornaviridae	Viruses; Riboviria; Orthornavirae; Pisuviricota; Pisoniviricetes; Picornavirales; Picornaviridae; Ensavirinae; Enterovirus; Enterovirus alphacoxsackie	RNA	linear	7411				false	ncbi-genbank	481fdeed5cf56c6925482955abdf5aed46bf47da0c313fab5e0d895ab84136ae					156647	Enterovirus 5666/sin/002209					
AF380138	619591	3431483	skip_species_in_catalogue	target	species taxid 3431483 already catalogued	AF380138	AF380138.1	Monkeypox virus Zaire-96-I-16	Orthopoxvirus	Poxviridae	Viruses; Varidnaviria; Bamfordvirae; Nucleocytoviricota; Pokkesviricetes; Chitovirales; Poxviridae; Chordopoxvirinae; Orthopoxvirus; Orthopoxvirus monkeypox	DNA	linear	196858			Zaire-96-I-16	false	ncbi-genbank	c79181016540547c9adb90796e019a9af2a0874e16755c955895ec091538fa25					619591	Monkeypox virus Zaire-96-I-16	Zaire-96-I-16				
AF389115	183764	2955291	skip_species_in_catalogue	target	species taxid 2955291 already catalogued	AF389115	AF389115.1	Influenza A virus	Alphainfluenzavirus	Orthomyxoviridae	Viruses; Riboviria; Orthornavirae; Negarnaviricota; Polyploviricotina; Insthoviricetes; Articulavirales; Orthomyxoviridae; Alphainfluenzavirus; Alphainfluenzavirus influenzae	ss-RNA	linear	2341	1		A/Puerto Rico/8/34/Mount Sinai	false	ncbi-genbank	d378f48931727caf800fe1a266725b8b0b233940bb7e79ab331301eb3fcd1418					183764	Influenza A virus (A/Puerto Rico/8/34/Mount Sinai(H1N1))					
AF389116	183764	2955291	skip_species_in_catalogue	target	species taxid 2955291 already catalogued	AF389116	AF389116.1	Influenza A virus	Alphainfluenzavirus	Orthomyxoviridae	Viruses; Riboviria; Orthornavirae; Negarnaviricota; Polyploviricotina; Insthoviricetes; Articulavirales; Orthomyxoviridae; Alphainfluenzavirus; Alphainfluenzavirus influenzae	ss-RNA	linear	2341	2		A/Puerto Rico/8/34/Mount Sinai	false	ncbi-genbank	dfaa86c91d6416202f8fe5843285d43ffd354f77fa5f378890fa7373d5114448					183764	Influenza A virus (A/Puerto Rico/8/34/Mount Sinai(H1N1))					
AF389117	183764	2955291	skip_species_in_catalogue	target	species taxid 2955291 already catalogued	AF389117	AF389117.1	Influenza A virus	Alphainfluenzavirus	Orthomyxoviridae	Viruses; Riboviria; Orthornavirae; Negarnaviricota; Polyploviricotina; Insthoviricetes; Articulavirales; Orthomyxoviridae; Alphainfluenzavirus; Alphainfluenzavirus influenzae	ss-RNA	linear	2233	3		A/Puerto Rico/8/34/Mount Sinai	false	ncbi-genbank	3276fd480c30a9eb321bbda3be643dea58ad7e847719dce613ba1b109db524bb					183764	Influenza A virus (A/Puerto Rico/8/34/Mount Sinai(H1N1))					
AF389118	183764	2955291	skip_species_in_catalogue	target	species taxid 2955291 already catalogued	AF389118	AF389118.1	Influenza A virus	Alphainfluenzavirus	Orthomyxoviridae	Viruses; Riboviria; Orthornavirae; Negarnaviricota; Polyploviricotina; Insthoviricetes; Articulavirales; Orthomyxoviridae; Alphainfluenzavirus; Alphainfluenzavirus influenzae	ss-RNA	linear	1775	4		A/Puerto Rico/8/34/Mount Sinai	false	ncbi-genbank	42bf5023e014d5d015762e89a7b5c73f1d11b4ad1aa535699c0a8ada5b0d3359					183764	Influenza A virus (A/Puerto Rico/8/34/Mount Sinai(H1N1))					
AF389119	183764	2955291	skip_species_in_catalogue	target	species taxid 2955291 already catalogued	AF389119	AF389119.1	Influenza A virus	Alphainfluenzavirus	Orthomyxoviridae	Viruses; Riboviria; Orthornavirae; Negarnaviricota; Polyploviricotina; Insthoviricetes; Articulavirales; Orthomyxoviridae; Alphainfluenzavirus; Alphainfluenzavirus influenzae	ss-RNA	linear	1565	5		A/Puerto Rico/8/34/Mount Sinai	false	ncbi-genbank	e069d32f04508677c23afd8d8b681ac6991fc05517594fdc01790f2b48049944					183764	Influenza A virus (A/Puerto Rico/8/34/Mount Sinai(H1N1))					
AF389120	183764	2955291	skip_species_in_catalogue	target	species taxid 2955291 already catalogued	AF389120	AF389120.1	Influenza A virus	Alphainfluenzavirus	Orthomyxoviridae	Viruses; Riboviria; Orthornavirae; Negarnaviricota; Polyploviricotina; Insthoviricetes; Articulavirales; Orthomyxoviridae; Alphainfluenzavirus; Alphainfluenzavirus influenzae	ss-RNA	linear	1413	6		A/Puerto Rico/8/34/Mount Sinai	false	ncbi-genbank	4d500f89d234d416c9fd328cb6369bf75f58cab95dba3497f2dc6f2f1b91779d					183764	Influenza A virus (A/Puerto Rico/8/34/Mount Sinai(H1N1))					
AF389121	183764	2955291	skip_species_in_catalogue	target	species taxid 2955291 already catalogued	AF389121	AF389121.1	Influenza A virus	Alphainfluenzavirus	Orthomyxoviridae	Viruses; Riboviria; Orthornavirae; Negarnaviricota; Polyploviricotina; Insthoviricetes; Articulavirales; Orthomyxoviridae; Alphainfluenzavirus; Alphainfluenzavirus influenzae	ss-RNA	linear	1027	7		A/Puerto Rico/8/34/Mount Sinai	false	ncbi-genbank	58ca264ed8a71a5c1e5ecfb7a11c4f6ca468feff6fa674da9efd59eb3c039085					183764	Influenza A virus (A/Puerto Rico/8/34/Mount Sinai(H1N1))					
AF389122	183764	2955291	skip_species_in_catalogue	target	species taxid 2955291 already catalogued	AF389122	AF389122.1	Influenza A virus	Alphainfluenzavirus	Orthomyxoviridae	Viruses; Riboviria; Orthornavirae; Negarnaviricota; Polyploviricotina; Insthoviricetes; Articulavirales; Orthomyxoviridae; Alphainfluenzavirus; Alphainfluenzavirus influenzae	ss-RNA	linear	890	8		A/Puerto Rico/8/34/Mount Sinai	false	ncbi-genbank	aec763ebca78ba41a88935b282705e8b4eeeb095f23f1a00786040d74e2421b4					183764	Influenza A virus (A/Puerto Rico/8/34/Mount Sinai(H1N1))					
AF411814	188539	3428959	skip_species_in_catalogue	decoy	species taxid 3428959 already catalogued	AF411814	AF411814.1	Amphotropic murine leukemia virus	Gammaretrovirus	Retroviridae	Viruses; Riboviria; Pararnavirae; Artverviricota; Revtraviricetes; Ortervirales; Retroviridae; Orthoretrovirinae; Gammaretrovirus; Gammaretrovirus murleu	DNA	linear	8217		wild mouse; Mus musculus domesticus	1313	false	ncbi-genbank	357ccf3b50a229262b4008ebe6dda57983f7642b9c9babd8b37ddb39896de357					188539	Amphotropic murine leukemia virus	1313				
AF457102	188538	3049952	skip_species_in_catalogue	target	species taxid 3049952 already catalogued	AF457102	AF457102.1	Human parainfluenza virus 1 strain Washington/1964	Respirovirus	Paramyxoviridae	Viruses; Riboviria; Orthornavirae; Negarnaviricota; Haploviricotina; Monjiviricetes; Mononegavirales; Paramyxoviridae; Feraresvirinae; Respirovirus; Respirovirus laryngotracheitidis	RNA	linear	15600			Washington 1964	false	ncbi-genbank	c587089f2568f703e2b057cbb0e335a329ea4eb488e743b2c3f89400eac5472f					188538	Human parainfluenza virus 1 strain Washington/1964	Washington 1964				
AF524867	12060	3428502	skip_species_in_catalogue	target	species taxid 3428502 already catalogued	AF524867	AF524867.1	Echovirus E9	Enterovirus	Picornaviridae	Viruses; Riboviria; Orthornavirae; Pisuviricota; Pisoniviricetes; Picornavirales; Picornaviridae; Ensavirinae; Enterovirus; Enterovirus betacoxsackie	RNA	linear	7453			DM	false	ncbi-genbank	380ba54621ca75eb2a18873083f69a5d752152204f62eafc1ab057664da2dfb7					12060	Echovirus E9					
AJ005695	39085	3431395	skip_species_in_catalogue	target	species taxid 3431395 already catalogued	AJ005695	AJ005695.1	Human parechovirus 2	Parechovirus	Picornaviridae	Viruses; Riboviria; Orthornavirae; Pisuviricota; Pisoniviricetes; Picornavirales; Picornaviridae; Paavivirinae; Parechovirus; Parechovirus ahumpari	RNA	linear	7348			Gregory	false	ncbi-genbank	85fcd8f8b0ff0fb3471aa2691be2334aec366592a9ef7b54c363675f898c2550					39085	Human parechovirus 2	Gregory				
AJ132961	12080	3428505	skip_species_in_catalogue	target	species taxid 3428505 already catalogued	AJ132961	AJ132961.1	Poliovirus 1	Enterovirus	Picornaviridae	Viruses; Riboviria; Orthornavirae; Pisuviricota; Pisoniviricetes; Picornavirales; Picornaviridae; Ensavirinae; Enterovirus; Enterovirus coxsackiepol	RNA	linear	7441				false	ncbi-genbank	381a3d638525ef3093faa20b8b9889a2a17032cedde282cf9a5b3dabc0ba7145					12080	Poliovirus 1					
AJ132997	3052230	3052230	skip_species_in_catalogue	target	species taxid 3052230 already catalogued	AJ132997	AJ132997.1	Orthohepacivirus hominis	Orthohepacivirus	Hepaciviridae	Viruses; Riboviria; Orthornavirae; Kitrinoviricota; Flasuviricetes; Amarillovirales; Hepaciviridae; Orthohepacivirus	RNA	linear	9533			HCV-AD78P1	false	ncbi-genbank	9a79b7c55cfe960f0f8185575d418a72effe6f300b2a01298852aa0754d724e3					3052230	Orthohepacivirus hominis					
AJ577589	12078	3428502	skip_species_in_catalogue	target	species taxid 3428502 already catalogued	AJ577589	AJ577589.1	Echovirus E11	Enterovirus	Picornaviridae	Viruses; Riboviria; Orthornavirae; Pisuviricota; Pisoniviricetes; Picornavirales; Picornaviridae; Ensavirinae; Enterovirus; Enterovirus betacoxsackie	RNA	linear	7433			HUN-1108	false	ncbi-genbank	5bddb1986756c2ff0934c59cb5e0fe6c89f00cc951e3efdd8e1464031605fa9b					12078	Echovirus E11					
AJ889918	195055	3431395	skip_species_in_catalogue	target	species taxid 3431395 already catalogued	AJ889918	AJ889918.1	Human parechovirus 3	Parechovirus	Picornaviridae	Viruses; Riboviria; Orthornavirae; Pisuviricota; Pisoniviricetes; Picornavirales; Picornaviridae; Paavivirinae; Parechovirus; Parechovirus ahumpari	RNA	linear	7322			Can82853-01	false	ncbi-genbank	3c8ac61cbc75fe02588f23dd27130253ec3a0b1d7154eeab496702e56a7a8a68					195055	Human parechovirus 3					
AM235750	362784	3431395	skip_species_in_catalogue	target	species taxid 3431395 already catalogued	AM235750	AM235750.1	Human parechovirus 4	Parechovirus	Picornaviridae	Viruses; Riboviria; Orthornavirae; Pisuviricota; Pisoniviricetes; Picornavirales; Picornaviridae; Paavivirinae; Parechovirus; Parechovirus ahumpari	RNA	linear	7350			T75-4077	false	ncbi-genbank	4acadb59a0dc3d46fd7adbc76b40028483b10d461e248e370f256dc95edf817b					362784	Human parechovirus 4	T75-4077				
AM282986	10408	3431302	skip_species_in_catalogue	target	species taxid 3431302 already catalogued	AM282986	AM282986.1	Hepatitis B virus subtype adw2	Orthohepadnavirus	Hepadnaviridae	Viruses; Riboviria; Pararnavirae; Artverviricota; Revtraviricetes; Blubervirales; Hepadnaviridae; Orthohepadnavirus; Orthohepadnavirus hominoidei	DNA	circular	3221				false	ncbi-genbank	e108f3618350350c8034d49880be22f12dcf515b23e8aef175514364e646cdbe					10408	Hepatitis B virus subtype adw2		adw2			
AM501482	126794	10245	skip_species_in_catalogue	target	species taxid 10245 already catalogued	AM501482	AM501482.1	Vaccinia virus Ankara	Orthopoxvirus	Poxviridae	Viruses; Varidnaviria; Bamfordvirae; Nucleocytoviricota; Pokkesviricetes; Chitovirales; Poxviridae; Chordopoxvirinae; Orthopoxvirus; Orthopoxvirus vaccinia	DNA	linear	192353			BN	false	ncbi-genbank	65825f0ae38cbc72566743d0b32c8f12d6294c33eae3b8bc2ee6c8f95ad533fb					126794	Vaccinia virus Ankara	chorioallantois vaccinia virus Ankara (CVA)				
AM749299	10529	3241402	skip_species_in_catalogue	target	species taxid 3241402 already catalogued	AM749299	AM749299.1	Human adenovirus 31	Mastadenovirus	Adenoviridae	Viruses; Varidnaviria; Bamfordvirae; Preplasmiviricota; Polisuviricotina; Pharingeaviricetes; Rowavirales; Adenoviridae; Mastadenovirus; Mastadenovirus adami	DNA	linear	33763				false	ncbi-genbank	e3cd121955d8975d8be2575544f3afe3ec3e491ff3bcb637c2e2cd9d668152dc					10529	Human adenovirus 31		31			
AM910652	484894	3052230	skip_species_in_catalogue	target	species taxid 3052230 already catalogued	AM910652	AM910652.2	Hepatitis C virus subtype 1g	Orthohepacivirus	Hepaciviridae	Viruses; Riboviria; Orthornavirae; Kitrinoviricota; Flasuviricetes; Amarillovirales; Hepaciviridae; Orthohepacivirus; Orthohepacivirus hominis	RNA	linear	9490		Homo sapiens	1804	false	ncbi-genbank	358797e2bb9fe2238956325d399cbc26535c02dd687b77254ae92f7542cfdd71					484894	Hepatitis C virus subtype 1g					
AP012285	1094363	3241420	skip_species_in_catalogue	target	species taxid 3241420 already catalogued	AP012285	AP012285.1	Human adenovirus 65	Mastadenovirus	Adenoviridae	Viruses; Varidnaviria; Bamfordvirae; Preplasmiviricota; Polisuviricotina; Pharingeaviricetes; Rowavirales; Adenoviridae; Mastadenovirus; Mastadenovirus dominans	DNA	linear	35172			BGD/2004/B172/[P58/H10/F9]	false	ncbi-genbank	cfd9afbe1c7c3f95d1c172c5e58f03d112391aa56ef346f38e903c70b769f798					1094363	Human adenovirus 65	BGD/2004/B172/[P58/H10/F9]				
AP012302	1101371	3241420	skip_species_in_catalogue	target	species taxid 3241420 already catalogued	AP012302	AP012302.1	Human adenovirus 67	Mastadenovirus	Adenoviridae	Viruses; Varidnaviria; Bamfordvirae; Preplasmiviricota; Polisuviricotina; Pharingeaviricetes; Rowavirales; Adenoviridae; Mastadenovirus; Mastadenovirus dominans	DNA	linear	35075			BGD/2005/B109/[P67/H9/F67]	false	ncbi-genbank	c9cdd12f2d34dc400cafe6e07534efc960ef752f1feba265334d160f8f7f7750					1101371	Human adenovirus 67	BGD/2005/B109/[P67/H9/F67]				
AY032605	2847853	3431196	skip_species_in_catalogue	target	species taxid 3431196 already catalogued	AY032605	AY032605.1	Maryland virus	Norovirus	Caliciviridae	Viruses; Riboviria; Orthornavirae; Pisuviricota; Pisoniviricetes; Picornavirales; Caliciviridae; Norovirus; Norovirus norwalkense	ss-RNA	linear	7556				false	ncbi-genbank	4953daa69ea73a22ff9cc4f6d8dcb3603a2de4aa52d1c52339ee1507e4320206					2847853	Maryland virus					
AY134748	52276	3431196	skip_species_in_catalogue	target	species taxid 3431196 already catalogued	AY134748	AY134748.1	Snow Mountain virus	Norovirus	Caliciviridae	Viruses; Riboviria; Orthornavirae; Pisuviricota; Pisoniviricetes; Picornavirales; Caliciviridae; Norovirus; Norovirus norwalkense	RNA	linear	7537		Homo sapiens		false	ncbi-genbank	d2195c188b0f1ea7eff8922f0c04060c91d5f4ebce44cb3149e27baf86115c43					52276	Snow Mountain virus					
AY260941	98832	2955465	skip_species_in_catalogue	target	species taxid 2955465 already catalogued	AY260941	AY260941.1	Influenza B virus	Betainfluenzavirus	Orthomyxoviridae	Viruses; Riboviria; Orthornavirae; Negarnaviricota; Polyploviricotina; Insthoviricetes; Articulavirales; Orthomyxoviridae; Betainfluenzavirus; Betainfluenzavirus influenzae	RNA	linear	1180	7		B/Memphis/12/97	false	ncbi-genbank	d7976ec23e35e7f1036a0fe7e1e4b31889644379c170cc8e92dfd5fc71641bfa					98832	Influenza B virus (B/Memphis/12/97)					
AY260942	98832	2955465	skip_species_in_catalogue	target	species taxid 2955465 already catalogued	AY260942	AY260942.1	Influenza B virus	Betainfluenzavirus	Orthomyxoviridae	Viruses; Riboviria; Orthornavirae; Negarnaviricota; Polyploviricotina; Insthoviricetes; Articulavirales; Orthomyxoviridae; Betainfluenzavirus; Betainfluenzavirus influenzae	RNA	linear	2281	1		B/Memphis/12/97	false	ncbi-genbank	7363e44cd8e710bd0063ece27cd54721bb8831d1d871aa19a70b863c91809f3b					98832	Influenza B virus (B/Memphis/12/97)					
AY260943	98832	2955465	skip_species_in_catalogue	target	species taxid 2955465 already catalogued	AY260943	AY260943.1	Influenza B virus	Betainfluenzavirus	Orthomyxoviridae	Viruses; Riboviria; Orthornavirae; Negarnaviricota; Polyploviricotina; Insthoviricetes; Articulavirales; Orthomyxoviridae; Betainfluenzavirus; Betainfluenzavirus influenzae	RNA	linear	2369	2		B/Memphis/12/97	false	ncbi-genbank	7b51aec9ff638b5802d24b929a87bf7ff743b7c3772dbe9130db78c46d140674					98832	Influenza B virus (B/Memphis/12/97)					
AY260944	98832	2955465	skip_species_in_catalogue	target	species taxid 2955465 already catalogued	AY260944	AY260944.1	Influenza B virus	Betainfluenzavirus	Orthomyxoviridae	Viruses; Riboviria; Orthornavirae; Negarnaviricota; Polyploviricotina; Insthoviricetes; Articulavirales; Orthomyxoviridae; Betainfluenzavirus; Betainfluenzavirus influenzae	RNA	linear	2245	3		B/Memphis/12/97	false	ncbi-genbank	0a70d22ea53e979ee3fe47d24ab30b2812ea75e7551af31f4839561f7762bab4					98832	Influenza B virus (B/Memphis/12/97)					
AY260945	98832	2955465	skip_species_in_catalogue	target	species taxid 2955465 already catalogued	AY260945	AY260945.1	Influenza B virus	Betainfluenzavirus	Orthomyxoviridae	Viruses; Riboviria; Orthornavirae; Negarnaviricota; Polyploviricotina; Insthoviricetes; Articulavirales; Orthomyxoviridae; Betainfluenzavirus; Betainfluenzavirus influenzae	RNA	linear	1808	4		B/Memphis/12/97	false	ncbi-genbank	bd404ff85a310a7d88dcd1c6dd5d9ad27340f56b49c1cf444847c0da3bc6b18c					98832	Influenza B virus (B/Memphis/12/97)					
AY260946	98832	2955465	skip_species_in_catalogue	target	species taxid 2955465 already catalogued	AY260946	AY260946.1	Influenza B virus	Betainfluenzavirus	Orthomyxoviridae	Viruses; Riboviria; Orthornavirae; Negarnaviricota; Polyploviricotina; Insthoviricetes; Articulavirales; Orthomyxoviridae; Betainfluenzavirus; Betainfluenzavirus influenzae	RNA	linear	1730	5		B/Memphis/12/97	false	ncbi-genbank	9cb17d2e5ea88df8f3ee47a93be95663f6070f57bd9d5ddad053b7702e4bff7d					98832	Influenza B virus (B/Memphis/12/97)					
AY260947	98832	2955465	skip_species_in_catalogue	target	species taxid 2955465 already catalogued	AY260947	AY260947.1	Influenza B virus	Betainfluenzavirus	Orthomyxoviridae	Viruses; Riboviria; Orthornavirae; Negarnaviricota; Polyploviricotina; Insthoviricetes; Articulavirales; Orthomyxoviridae; Betainfluenzavirus; Betainfluenzavirus influenzae	RNA	linear	1482	6		B/Memphis/12/97	false	ncbi-genbank	fa3d4fed060dd36f45ac03d123d428fffa0579f7236dd917646b7efabb531d5d					98832	Influenza B virus (B/Memphis/12/97)					
AY260948	98832	2955465	skip_species_in_catalogue	target	species taxid 2955465 already catalogued	AY260948	AY260948.1	Influenza B virus	Betainfluenzavirus	Orthomyxoviridae	Viruses; Riboviria; Orthornavirae; Negarnaviricota; Polyploviricotina; Insthoviricetes; Articulavirales; Orthomyxoviridae; Betainfluenzavirus; Betainfluenzavirus influenzae	RNA	linear	1044	8		B/Memphis/12/97	false	ncbi-genbank	9be9dea180567f9ebc18c4cfe8053451b30dd7bf676dc894170c22186d77a026					98832	Influenza B virus (B/Memphis/12/97)					
AY278488	228407	3418604	skip_species_in_catalogue	target	species taxid 3418604 already catalogued	AY278488	AY278488.2	SARS coronavirus BJ01	Sarbecovirus	Coronaviridae	Viruses; Riboviria; Orthornavirae; Pisuviricota; Pisoniviricetes; Nidovirales; Cornidovirineae; Coronaviridae; Orthocoronavirinae; Betacoronavirus; Sarbecovirus; Betacoronavirus pandemicum	RNA	linear	29725			BJ01	false	ncbi-genbank	e76c13569037a2e63660c760c2109cf9f23cdc311683dfbd39de9a8989d27d52					228407	SARS coronavirus BJ01					
AY278491	228404	3418604	skip_species_in_catalogue	target	species taxid 3418604 already catalogued	AY278491	AY278491.2	SARS coronavirus HKU-39849	Sarbecovirus	Coronaviridae	Viruses; Riboviria; Orthornavirae; Pisuviricota; Pisoniviricetes; Nidovirales; Cornidovirineae; Coronaviridae; Orthocoronavirinae; Betacoronavirus; Sarbecovirus; Betacoronavirus pandemicum	RNA	linear	29742			HKU-39849	false	ncbi-genbank	91861f980eea4eb9ef732f535a97f573ea669cf906935f4c9c2c62e6cecf7445					228404	SARS coronavirus HKU-39849					
AY278554	228415	3418604	skip_species_in_catalogue	target	species taxid 3418604 already catalogued	AY278554	AY278554.2	SARS coronavirus CUHK-W1	Sarbecovirus	Coronaviridae	Viruses; Riboviria; Orthornavirae; Pisuviricota; Pisoniviricetes; Nidovirales; Cornidovirineae; Coronaviridae; Orthocoronavirinae; Betacoronavirus; Sarbecovirus; Betacoronavirus pandemicum	RNA	linear	29736			CUHK-W1	false	ncbi-genbank	9c3489f2fc6ff0868838263c22b4f981bb7b8f68b6d2c1b0b8c9bb1324565f63					228415	SARS coronavirus CUHK-W1					
AY278741	228330	3418604	skip_species_in_catalogue	target	species taxid 3418604 already catalogued	AY278741	AY278741.1	SARS coronavirus Urbani	Sarbecovirus	Coronaviridae	Viruses; Riboviria; Orthornavirae; Pisuviricota; Pisoniviricetes; Nidovirales; Cornidovirineae; Coronaviridae; Orthocoronavirinae; Betacoronavirus; Sarbecovirus; Betacoronavirus pandemicum	RNA	linear	29727			Urbani	false	ncbi-genbank	a1b3f9ea8e0eb77a2a9088074719acd768480dd59a7dc2b861b7550ea794ff29					228330	SARS coronavirus Urbani	Urbani				
AY302539	47501	3428502	skip_species_in_catalogue	target	species taxid 3428502 already catalogued	AY302539	AY302539.1	Echovirus E13	Enterovirus	Picornaviridae	Viruses; Riboviria; Orthornavirae; Pisuviricota; Pisoniviricetes; Picornavirales; Picornaviridae; Ensavirinae; Enterovirus; Enterovirus betacoxsackie	RNA	linear	7410			Del Carmen	false	ncbi-genbank	1c28a7b4d2e6025c409e4eadc7195ff5461d7235f35f7470a7de573816339ded					47501	Echovirus E13	Del Carmen				
AY302540	47502	3428502	skip_species_in_catalogue	target	species taxid 3428502 already catalogued	AY302540	AY302540.1	Echovirus E14	Enterovirus	Picornaviridae	Viruses; Riboviria; Orthornavirae; Pisuviricota; Pisoniviricetes; Picornavirales; Picornaviridae; Ensavirinae; Enterovirus; Enterovirus betacoxsackie	RNA	linear	7450			Tow	false	ncbi-genbank	77be47b0441eb900b633853eac8998eec6e00800ea47d7aa4dc359373626d4b8					47502	Echovirus E14	Tow				
AY302541	47503	3428502	skip_species_in_catalogue	target	species taxid 3428502 already catalogued	AY302541	AY302541.1	Echovirus E15	Enterovirus	Picornaviridae	Viruses; Riboviria; Orthornavirae; Pisuviricota; Pisoniviricetes; Picornavirales; Picornaviridae; Ensavirinae; Enterovirus; Enterovirus betacoxsackie	RNA	linear	7437			CH 96-51	false	ncbi-genbank	0f235be672dc701af9a69e70505415b13febe3b54298a2b754608e5500934f75					47503	Echovirus E15	CH 96-51				
AY302542	47504	3428502	skip_species_in_catalogue	target	species taxid 3428502 already catalogued	AY302542	AY302542.1	Echovirus E16	Enterovirus	Picornaviridae	Viruses; Riboviria; Orthornavirae; Pisuviricota; Pisoniviricetes; Picornavirales; Picornaviridae; Ensavirinae; Enterovirus; Enterovirus betacoxsackie	RNA	linear	7437			Harrington	false	ncbi-genbank	f27274c03f1e0aa5f642853e92308724c08df5933cca38cf3acf2c230c067392					47504	Echovirus E16	Harrington				
AY302543	47505	3428502	skip_species_in_catalogue	target	species taxid 3428502 already catalogued	AY302543	AY302543.1	Echovirus E17	Enterovirus	Picornaviridae	Viruses; Riboviria; Orthornavirae; Pisuviricota; Pisoniviricetes; Picornavirales; Picornaviridae; Ensavirinae; Enterovirus; Enterovirus betacoxsackie	RNA	linear	7416			CHHE-29	false	ncbi-genbank	b8e6cdeabf3f9aeb9e2c19574220984c2bdb9af1812c64acc51634b666d72c76					47505	Echovirus E17	CHHE-29				
AY302544	47507	3428502	skip_species_in_catalogue	target	species taxid 3428502 already catalogued	AY302544	AY302544.1	Echovirus E19	Enterovirus	Picornaviridae	Viruses; Riboviria; Orthornavirae; Pisuviricota; Pisoniviricetes; Picornavirales; Picornaviridae; Ensavirinae; Enterovirus; Enterovirus betacoxsackie	RNA	linear	7433			Burke	false	ncbi-genbank	f7fabea3dc5f7d4ffb24629a58ce7156543ccb05821bb106171a7223100d9749					47507	Echovirus E19	Burke				
AY302545	35294	3428502	skip_species_in_catalogue	target	species taxid 3428502 already catalogued	AY302545	AY302545.1	Echovirus E2	Enterovirus	Picornaviridae	Viruses; Riboviria; Orthornavirae; Pisuviricota; Pisoniviricetes; Picornavirales; Picornaviridae; Ensavirinae; Enterovirus; Enterovirus betacoxsackie	RNA	linear	7435			Cornelis	false	ncbi-genbank	067ea1a67436dc4ac844b1a7b8fd1b598136cc9b35a72cc36906a11c42708e0b					35294	Echovirus E2	Cornelis				
AY302546	47508	3428502	skip_species_in_catalogue	target	species taxid 3428502 already catalogued	AY302546	AY302546.1	Echovirus E20	Enterovirus	Picornaviridae	Viruses; Riboviria; Orthornavirae; Pisuviricota; Pisoniviricetes; Picornavirales; Picornaviridae; Ensavirinae; Enterovirus; Enterovirus betacoxsackie	RNA	linear	7394			JV-1	false	ncbi-genbank	86dafe8ed1d72d00d92d593af6ea202ef2c482e7d941fdf853b1a9b257da1c22					47508	Echovirus E20	JV-1				
AY302547	47509	3428502	skip_species_in_catalogue	target	species taxid 3428502 already catalogued	AY302547	AY302547.1	Echovirus E21	Enterovirus	Picornaviridae	Viruses; Riboviria; Orthornavirae; Pisuviricota; Pisoniviricetes; Picornavirales; Picornaviridae; Ensavirinae; Enterovirus; Enterovirus betacoxsackie	RNA	linear	7426			Farina	false	ncbi-genbank	e462bd0198e7dd554e295b2adebd5be6738ccfc447a8b0de25bc39f3646e1563					47509	Echovirus E21	Farina				
AY302548	47510	3428502	skip_species_in_catalogue	target	species taxid 3428502 already catalogued	AY302548	AY302548.1	Echovirus E24	Enterovirus	Picornaviridae	Viruses; Riboviria; Orthornavirae; Pisuviricota; Pisoniviricetes; Picornavirales; Picornaviridae; Ensavirinae; Enterovirus; Enterovirus betacoxsackie	RNA	linear	7433			DeCamp	false	ncbi-genbank	62f60cbfaa9384a73ca66694d464f52c2b55d709b82c6dbd19353c5f0050baaa					47510	Echovirus E24	DeCamp				
AY302549	45101	3428502	skip_species_in_catalogue	target	species taxid 3428502 already catalogued	AY302549	AY302549.1	Echovirus E25	Enterovirus	Picornaviridae	Viruses; Riboviria; Orthornavirae; Pisuviricota; Pisoniviricetes; Picornavirales; Picornaviridae; Ensavirinae; Enterovirus; Enterovirus betacoxsackie	RNA	linear	7426			JV-4	false	ncbi-genbank	5042c369ca3d533f802a7032d14caa48c5b0c5b10bca141b2c205090c4fadb3f					45101	Echovirus E25	JV-4				
AY302550	47511	3428502	skip_species_in_catalogue	target	species taxid 3428502 already catalogued	AY302550	AY302550.1	Echovirus E26	Enterovirus	Picornaviridae	Viruses; Riboviria; Orthornavirae; Pisuviricota; Pisoniviricetes; Picornavirales; Picornaviridae; Ensavirinae; Enterovirus; Enterovirus betacoxsackie	RNA	linear	7424			Coronel	false	ncbi-genbank	c927f4df389b3c7963dce2ced30f69325bf087c888101036e8cdc38b1ac47298					47511	Echovirus E26	Coronel				
AY302551	45999	3428502	skip_species_in_catalogue	target	species taxid 3428502 already catalogued	AY302551	AY302551.1	Echovirus E27	Enterovirus	Picornaviridae	Viruses; Riboviria; Orthornavirae; Pisuviricota; Pisoniviricetes; Picornavirales; Picornaviridae; Ensavirinae; Enterovirus; Enterovirus betacoxsackie	RNA	linear	7412			Bacon	false	ncbi-genbank	b798147b5ea7e8b858551682a5b29275720eb706752f5f4e9e07c4f0d2cfc650					45999	Echovirus E27	Bacon				
AY302552	47512	3428502	skip_species_in_catalogue	target	species taxid 3428502 already catalogued	AY302552	AY302552.1	Echovirus E29	Enterovirus	Picornaviridae	Viruses; Riboviria; Orthornavirae; Pisuviricota; Pisoniviricetes; Picornavirales; Picornaviridae; Ensavirinae; Enterovirus; Enterovirus betacoxsackie	RNA	linear	7427			JV-10	false	ncbi-genbank	4f16f2edab903a3939eea234989260a583380787e19c2c2533b86db331ce278f					47512	Echovirus E29	JV-10				
AY302553	47516	3428502	skip_species_in_catalogue	target	species taxid 3428502 already catalogued	AY302553	AY302553.1	Echovirus E3	Enterovirus	Picornaviridae	Viruses; Riboviria; Orthornavirae; Pisuviricota; Pisoniviricetes; Picornavirales; Picornaviridae; Ensavirinae; Enterovirus; Enterovirus betacoxsackie	RNA	linear	7428			Morrisey	false	ncbi-genbank	524b423c5a551104f5df22642e8778a63d082db5ddccca5672b6a1c8411b49c9					47516	Echovirus E3	Morrisey				
AY302554	47513	3428502	skip_species_in_catalogue	target	species taxid 3428502 already catalogued	AY302554	AY302554.1	Echovirus E31	Enterovirus	Picornaviridae	Viruses; Riboviria; Orthornavirae; Pisuviricota; Pisoniviricetes; Picornavirales; Picornaviridae; Ensavirinae; Enterovirus; Enterovirus betacoxsackie	RNA	linear	7432			Caldwell	false	ncbi-genbank	8f11c70b0113363876c4416f99859d7d406df68231679df315d5edb6763a4d1c					47513	Echovirus E31	Caldwell				
AY302555	47514	3428502	skip_species_in_catalogue	target	species taxid 3428502 already catalogued	AY302555	AY302555.1	Echovirus E32	Enterovirus	Picornaviridae	Viruses; Riboviria; Orthornavirae; Pisuviricota; Pisoniviricetes; Picornavirales; Picornaviridae; Ensavirinae; Enterovirus; Enterovirus betacoxsackie	RNA	linear	7420			Pr-10	false	ncbi-genbank	2d3f48b325758fdabdeb441a597bfe16063fedaf24a486ca134c3333297aa954					47514	Echovirus E32	Pr-10				
AY302556	47515	3428502	skip_species_in_catalogue	target	species taxid 3428502 already catalogued	AY302556	AY302556.1	Echovirus E33	Enterovirus	Picornaviridae	Viruses; Riboviria; Orthornavirae; Pisuviricota; Pisoniviricetes; Picornavirales; Picornaviridae; Ensavirinae; Enterovirus; Enterovirus betacoxsackie	RNA	linear	7394			Toluca-3	false	ncbi-genbank	f9b0498b68c6743e2c8830260c352cb639964e8f585bb632524a8dde8d0e0741					47515	Echovirus E33	Toluca-3				
AY302557	35295	3428502	skip_species_in_catalogue	target	species taxid 3428502 already catalogued	AY302557	AY302557.1	Echovirus E4	Enterovirus	Picornaviridae	Viruses; Riboviria; Orthornavirae; Pisuviricota; Pisoniviricetes; Picornavirales; Picornaviridae; Ensavirinae; Enterovirus; Enterovirus betacoxsackie	RNA	linear	7394			Pesacek	false	ncbi-genbank	d12a8e00eead76921260105b8993acb54571b035266378f2ed6781f02551674b					35295	Echovirus E4	Pesacek				
AY302559	46018	3428502	skip_species_in_catalogue	target	species taxid 3428502 already catalogued	AY302559	AY302559.1	Echovirus E7	Enterovirus	Picornaviridae	Viruses; Riboviria; Orthornavirae; Pisuviricota; Pisoniviricetes; Picornavirales; Picornaviridae; Ensavirinae; Enterovirus; Enterovirus betacoxsackie	RNA	linear	7427			Wallace	false	ncbi-genbank	8a30a02b07a4d6d3d3b6305884f2869efc76d68696cd97dbc2e4ff34d7ab5394					46018	Echovirus E7	Wallace				
AY302560	171720	3428502	skip_species_in_catalogue	target	species taxid 3428502 already catalogued	AY302560	AY302560.1	Enterovirus B69	Enterovirus	Picornaviridae	Viruses; Riboviria; Orthornavirae; Pisuviricota; Pisoniviricetes; Picornavirales; Picornaviridae; Ensavirinae; Enterovirus; Enterovirus betacoxsackie	RNA	linear	7411			Toluca-1	false	ncbi-genbank	ebef5eac4456fe2a056c736a29d3bca7baa287dcf599c8154e07b662a1085179					171720	Enterovirus B69	Toluca-1				
AY350750	253433	3418604	skip_species_in_catalogue	target	species taxid 3418604 already catalogued	AY350750	AY350750.1	SARS coronavirus PUMC01	Sarbecovirus	Coronaviridae	Viruses; Riboviria; Orthornavirae; Pisuviricota; Pisoniviricetes; Nidovirales; Cornidovirineae; Coronaviridae; Orthocoronavirinae; Betacoronavirus; Sarbecovirus; Betacoronavirus pandemicum	RNA	linear	29738			PUMC01	false	ncbi-genbank	bc3b68d987e236b0a236bab5fca58fe2866ac9c9d8f9398c7820368c0bf7e796					253433	SARS coronavirus PUMC01					
AY353550	253182	3049954	skip_species_in_catalogue	target	species taxid 3049954 already catalogued	AY353550	AY353550.1	Human Respiratory syncytial virus 9320	Orthopneumovirus	Pneumoviridae	Viruses; Riboviria; Orthornavirae; Negarnaviricota; Haploviricotina; Monjiviricetes; Mononegavirales; Pneumoviridae; Orthopneumovirus; Orthopneumovirus hominis	RNA	linear	15225				false	ncbi-genbank	bc09aa91fed6e2804a809daafcf8dad2f4828cf5907e891d0554f890bcc640ce					253182	Human Respiratory syncytial virus 9320					
AY357075	253434	3418604	skip_species_in_catalogue	target	species taxid 3418604 already catalogued	AY357075	AY357075.1	SARS coronavirus PUMC02	Sarbecovirus	Coronaviridae	Viruses; Riboviria; Orthornavirae; Pisuviricota; Pisoniviricetes; Nidovirales; Cornidovirineae; Coronaviridae; Orthocoronavirinae; Betacoronavirus; Sarbecovirus; Betacoronavirus pandemicum	RNA	linear	29738			PUMC02	false	ncbi-genbank	772a7df9e22e47cf1398c9c14cc02cc63778de4cecd3f037c28192c68c54e62c					253434	SARS coronavirus PUMC02					
AY357076	253435	3418604	skip_species_in_catalogue	target	species taxid 3418604 already catalogued	AY357076	AY357076.1	SARS coronavirus PUMC03	Sarbecovirus	Coronaviridae	Viruses; Riboviria; Orthornavirae; Pisuviricota; Pisoniviricetes; Nidovirales; Cornidovirineae; Coronaviridae; Orthocoronavirinae; Betacoronavirus; Sarbecovirus; Betacoronavirus pandemicum	RNA	linear	29745			PUMC03	false	ncbi-genbank	39bd904135847384131c83733d7617095f9267267b83a192e6878e239fc50d87					253435	SARS coronavirus PUMC03					
AY394850	247149	3418604	skip_species_in_catalogue	target	species taxid 3418604 already catalogued	AY394850	AY394850.2	SARS coronavirus WHU	Sarbecovirus	Coronaviridae	Viruses; Riboviria; Orthornavirae; Pisuviricota; Pisoniviricetes; Nidovirales; Cornidovirineae; Coronaviridae; Orthocoronavirinae; Betacoronavirus; Sarbecovirus; Betacoronavirus pandemicum	RNA	linear	29728				false	ncbi-genbank	3ec5dc26d3ff3b950e409e1059d0b0d4ae5d691ea004ab38fb7a678c47f1ddd9					247149	SARS coronavirus WHU					
AY458656	28280	3241425	skip_species_in_catalogue	target	species taxid 3241425 already catalogued	AY458656	AY458656.2	Human adenovirus 4	Mastadenovirus	Adenoviridae	Viruses; Varidnaviria; Bamfordvirae; Preplasmiviricota; Polisuviricotina; Pharingeaviricetes; Rowavirales; Adenoviridae; Mastadenovirus; Mastadenovirus exoticum	DNA	linear	35994			CL68578	false	ncbi-genbank	7f0fc02355389f75499211bec5203dbd07d01fba7ca8ab0f1348cb2f58ad7de0					28280	Human adenovirus 4	CL68578				
AY485642	258453	3431196	skip_species_in_catalogue	target	species taxid 3431196 already catalogued	AY485642	AY485642.1	Human calicivirus NLV/GII/Langen1061/2002/DE	Norovirus	Caliciviridae	Viruses; Riboviria; Orthornavirae; Pisuviricota; Pisoniviricetes; Picornavirales; Caliciviridae; Norovirus; Norovirus norwalkense	RNA	linear	7558			Hu/NLV/GII/Langen1061/2002/DE	false	ncbi-genbank	8938c9705dfafdfab092c2a957d2420a5e98ccf01f63f9e7e68e4d12d5f470f4					258453	Human calicivirus NLV/GII/Langen1061/2002/DE	Hu/NLV/GII/Langen1061/2002/DE				
AY486084	70149	3052345	skip_species_in_catalogue	target	species taxid 3052345 already catalogued	AY486084	AY486084.1	Measles virus strain Edmonston-Zagreb	Morbillivirus	Paramyxoviridae	Viruses; Riboviria; Orthornavirae; Negarnaviricota; Haploviricotina; Monjiviricetes; Mononegavirales; Paramyxoviridae; Orthoparamyxovirinae; Morbillivirus; Morbillivirus hominis	RNA	linear	15894			EZD24 2/99	false	ncbi-genbank	2fe6305a140630bed8c8bfcad0cf9a5de63b577ce733314dd4ed1907e60486cd					70149	Measles virus strain Edmonston-Zagreb					
AY518894	270642	3433809	skip_species_in_catalogue	target	species taxid 3433809 already catalogued	AY518894	AY518894.1	Human group 1 coronavirus associated with pneumonia	Setracovirus	Coronaviridae	Viruses; Riboviria; Orthornavirae; Pisuviricota; Pisoniviricetes; Nidovirales; Cornidovirineae; Coronaviridae; Orthocoronavirinae; Alphacoronavirus; Setracovirus; Alphacoronavirus amsterdamense	RNA	linear	27555				false	ncbi-genbank	47e55939d9c271214fb62a3be2fc7449c9cb3af8754b2e93a1a728b47a5b5b8f					270642	Human group 1 coronavirus associated with pneumonia					
AY556057	222889	3428502	skip_species_in_catalogue	target	species taxid 3428502 already catalogued	AY556057	AY556057.1	Enterovirus B74	Enterovirus	Picornaviridae	Viruses; Riboviria; Orthornavirae; Pisuviricota; Pisoniviricetes; Picornavirales; Picornaviridae; Ensavirinae; Enterovirus; Enterovirus betacoxsackie	RNA	linear	7410			USA/CA75-10213	false	ncbi-genbank	dadd28a4f3a6bdc560f677f99580ea1a992029de25a2f3e47a9e26e654b2f559					222889	Enterovirus B74	USA/CA75-10213				
AY556070	282345	3428502	skip_species_in_catalogue	target	species taxid 3428502 already catalogued	AY556070	AY556070.1	Enterovirus B75	Enterovirus	Picornaviridae	Viruses; Riboviria; Orthornavirae; Pisuviricota; Pisoniviricetes; Picornavirales; Picornaviridae; Ensavirinae; Enterovirus; Enterovirus betacoxsackie	RNA	linear	7429			USA/OK85-10362	false	ncbi-genbank	ac6850131e312b6aa821f29094c43578e67388864072622bc883fd6912602ead					282345	Enterovirus B75	USA/OK85-10362				
AY685920	301186	3052560	skip_species_in_catalogue	target	species taxid 3052560 already catalogued	AY685920	AY685920.1	Mumps virus strain L-Zagreb	Orthorubulavirus	Paramyxoviridae	Viruses; Riboviria; Orthornavirae; Negarnaviricota; Haploviricotina; Monjiviricetes; Mononegavirales; Paramyxoviridae; Rubulavirinae; Orthorubulavirus; Orthorubulavirus parotitidis	RNA	linear	15384			L-Zagreb	false	ncbi-genbank	42168555d6f0d89b915234ee13a2a5ec07f0752ddb2f192987b62b515ecdb5a3					301186	Mumps virus strain L-Zagreb	L-Zagreb				
AY685921	301186	3052560	skip_species_in_catalogue	target	species taxid 3052560 already catalogued	AY685921	AY685921.1	Mumps virus strain L-Zagreb	Orthorubulavirus	Paramyxoviridae	Viruses; Riboviria; Orthornavirae; Negarnaviricota; Haploviricotina; Monjiviricetes; Mononegavirales; Paramyxoviridae; Rubulavirinae; Orthorubulavirus; Orthorubulavirus parotitidis	RNA	linear	15384			L-Zagreb	false	ncbi-genbank	5542d5882ee28af59dedcadf5549e6cf3d0dd8c154a801e57be0b48f7f34ad5e					301186	Mumps virus strain L-Zagreb	L-Zagreb				
AY737797	10548	3241406	skip_species_in_catalogue	target	species taxid 3241406 already catalogued	AY737797	AY737797.1	Human adenovirus 34	Mastadenovirus	Adenoviridae	Viruses; Varidnaviria; Bamfordvirae; Preplasmiviricota; Polisuviricotina; Pharingeaviricetes; Rowavirales; Adenoviridae; Mastadenovirus; Mastadenovirus blackbeardi	DNA	linear	34775			Compton; ATCC VR-716	false	ncbi-genbank	c841813c112990722bac2a9239b6cf3e3d6b94b1731b5def639ee646bdd6ad4c					10548	Human adenovirus 34	Compton; ATCC VR-716	34			
AY737798	107462	3241406	skip_species_in_catalogue	target	species taxid 3241406 already catalogued	AY737798	AY737798.1	Human adenovirus 50	Mastadenovirus	Adenoviridae	Viruses; Varidnaviria; Bamfordvirae; Preplasmiviricota; Polisuviricotina; Pharingeaviricetes; Rowavirales; Adenoviridae; Mastadenovirus; Mastadenovirus blackbeardi	DNA	linear	35385			Wan; ATCC VR-1502	false	ncbi-genbank	1377eacf82e2595cf6830ea5dec48f1aba7cc497ed110688dacd9fcdd2e72561					107462	Human adenovirus 50	Wan; ATCC VR-1502	50			
AY741811	296145	3431196	skip_species_in_catalogue	target	species taxid 3431196 already catalogued	AY741811	AY741811.1	Norovirus Hu/NLV/Dresden174/pUS-NorII/1997/GE	Norovirus	Caliciviridae	Viruses; Riboviria; Orthornavirae; Pisuviricota; Pisoniviricetes; Picornavirales; Caliciviridae; Norovirus; Norovirus norwalkense	ss-RNA	linear	7555			Hu/NLV/Dresden174/pUS-NorII/1997/GE	false	ncbi-genbank	3c0cccbd1a02457a96380fc3b87afdadf00c4b510e9d4537c8df654adef894ea					296145	Norovirus Hu/NLV/Dresden174/pUS-NorII/1997/GE					
AY751783	185907	3428501	skip_species_in_catalogue	target	species taxid 3428501 already catalogued	AY751783	AY751783.1	rhinovirus A39	Enterovirus	Picornaviridae	Viruses; Riboviria; Orthornavirae; Pisuviricota; Pisoniviricetes; Picornavirales; Picornaviridae; Ensavirinae; Enterovirus; Enterovirus alpharhino	mRNA	linear	7137				false	ncbi-genbank	a839ec6ed9407146b138318fd484d96843420614579df81fd246392c4f5b59b6					185907	rhinovirus A39		39			
AY772730	150137	3431196	skip_species_in_catalogue	target	species taxid 3431196 already catalogued	AY772730	AY772730.1	Norovirus Hu/NLV/GII/Neustrelitz260/2000/DE	Norovirus	Caliciviridae	Viruses; Riboviria; Orthornavirae; Pisuviricota; Pisoniviricetes; Picornavirales; Caliciviridae; Norovirus; Norovirus norwalkense	RNA	linear	7579			Hu/NLV/GGII/Neustrelitz260/2000/DE	false	ncbi-genbank	d82587e9e4c7830dada9159d478c748563070d2f750480e413e0d1a179a19caa					150137	Norovirus Hu/NLV/GII/Neustrelitz260/2000/DE	Hu/NLV/GGII/Neustrelitz260/2000/DE				
AY773285	297248	3428500	skip_species_in_catalogue	target	species taxid 3428500 already catalogued	AY773285	AY773285.1	Enterovirus A90	Enterovirus	Picornaviridae	Viruses; Riboviria; Orthornavirae; Pisuviricota; Pisoniviricetes; Picornavirales; Picornaviridae; Ensavirinae; Enterovirus; Enterovirus alphacoxsackie	RNA	linear	7438			F950027	false	ncbi-genbank	07fb518cdb22ef2f40855371de3c6e5c45174616af03c76e0019c29d94fcd180					297248	Enterovirus A90					
AY803294	10521	3241406	skip_species_in_catalogue	target	species taxid 3241406 already catalogued	AY803294	AY803294.1	Human adenovirus 14	Mastadenovirus	Adenoviridae	Viruses; Varidnaviria; Bamfordvirae; Preplasmiviricota; Polisuviricotina; Pharingeaviricetes; Rowavirales; Adenoviridae; Mastadenovirus; Mastadenovirus blackbeardi	DNA	linear	34764			de Wit; ATCC VR-1091	false	ncbi-genbank	01eb57111ceaec6f51f0c447c67ce0868ccd37247b90645fc67ee0f35cbda456					10521	Human adenovirus 14	de Wit; ATCC VR-1091	14			
AY843297	2760813	3428502	skip_species_in_catalogue	target	species taxid 3428502 already catalogued	AY843297	AY843297.1	enterovirus B79	Enterovirus	Picornaviridae	Viruses; Riboviria; Orthornavirae; Pisuviricota; Pisoniviricetes; Picornavirales; Picornaviridae; Ensavirinae; Enterovirus; Enterovirus betacoxsackie	RNA	linear	7430			USA/CA79-10384	false	ncbi-genbank	92255a731709ec02eac23cc6fba397b56b1e3d5a80d78951b54960413d00cd94					2760813	enterovirus B79	USA/CA79-10384				
AY843298	318563	3428502	skip_species_in_catalogue	target	species taxid 3428502 already catalogued	AY843298	AY843298.1	Enterovirus B80	Enterovirus	Picornaviridae	Viruses; Riboviria; Orthornavirae; Pisuviricota; Pisoniviricetes; Picornavirales; Picornaviridae; Ensavirinae; Enterovirus; Enterovirus betacoxsackie	RNA	linear	7428			USA/CA67-10387	false	ncbi-genbank	9a0f66e9fc33e58e2abb930b4118fc9734f1d3c34bf238cd911aa7b1a3a7046a					318563	Enterovirus B80	USA/CA67-10387				
AY843299	318564	3428502	skip_species_in_catalogue	target	species taxid 3428502 already catalogued	AY843299	AY843299.1	Enterovirus B81	Enterovirus	Picornaviridae	Viruses; Riboviria; Orthornavirae; Pisuviricota; Pisoniviricetes; Picornavirales; Picornaviridae; Ensavirinae; Enterovirus; Enterovirus betacoxsackie	RNA	linear	7415			USA/CA68-10389	false	ncbi-genbank	c72ac4c3caf448804a677334aca94bd4c30847cf1873bbf225eeb003cd27ff92					318564	Enterovirus B81	USA/CA68-10389				
AY843300	318565	3428502	skip_species_in_catalogue	target	species taxid 3428502 already catalogued	AY843300	AY843300.1	Enterovirus B82	Enterovirus	Picornaviridae	Viruses; Riboviria; Orthornavirae; Pisuviricota; Pisoniviricetes; Picornavirales; Picornaviridae; Ensavirinae; Enterovirus; Enterovirus betacoxsackie	RNA	linear	7427			USA/CA64-10390	false	ncbi-genbank	d5cb324d44014a21b5950030303704d67b7a174b84b6d8767a9521ac9fd236ec					318565	Enterovirus B82	USA/CA64-10390				
AY843301	318566	3428502	skip_species_in_catalogue	target	species taxid 3428502 already catalogued	AY843301	AY843301.1	Enterovirus B83	Enterovirus	Picornaviridae	Viruses; Riboviria; Orthornavirae; Pisuviricota; Pisoniviricetes; Picornavirales; Picornaviridae; Ensavirinae; Enterovirus; Enterovirus betacoxsackie	RNA	linear	7394			USA/CA76-10392	false	ncbi-genbank	3b7c4fa91f0da000d8d36ade5ac07dfb09f48dbbb6942e3a3bce0f0fcff90900					318566	Enterovirus B83	USA/CA76-10392				
AY843302	222887	3428502	skip_species_in_catalogue	target	species taxid 3428502 already catalogued	AY843302	AY843302.1	Enterovirus B77	Enterovirus	Picornaviridae	Viruses; Riboviria; Orthornavirae; Pisuviricota; Pisoniviricetes; Picornavirales; Picornaviridae; Ensavirinae; Enterovirus; Enterovirus betacoxsackie	RNA	linear	7422			USA/TX97-10394	false	ncbi-genbank	9b03a7f4df98860a4ffdc3503f7d53aa72edbcd3d3f76a21d030bee3fbc28317					222887	Enterovirus B77	USA/TX97-10394				
AY843303	318568	3428502	skip_species_in_catalogue	target	species taxid 3428502 already catalogued	AY843303	AY843303.1	Enterovirus B85	Enterovirus	Picornaviridae	Viruses; Riboviria; Orthornavirae; Pisuviricota; Pisoniviricetes; Picornavirales; Picornaviridae; Ensavirinae; Enterovirus; Enterovirus betacoxsackie	RNA	linear	7418			BAN00-10353	false	ncbi-genbank	33f69ee2ac18f10bcaff9aec0fe7741f0bbf5a6d776f7794c71c74137db153c7					318568	Enterovirus B85	BAN00-10353				
AY843304	318569	3428502	skip_species_in_catalogue	target	species taxid 3428502 already catalogued	AY843304	AY843304.1	Enterovirus B86	Enterovirus	Picornaviridae	Viruses; Riboviria; Orthornavirae; Pisuviricota; Pisoniviricetes; Picornavirales; Picornaviridae; Ensavirinae; Enterovirus; Enterovirus betacoxsackie	RNA	linear	7400			BAN00-10354	false	ncbi-genbank	74b5571d1e22241815f3be3e47a85d24c64faf1e7065b0a25f0ba6b7910532c1					318569	Enterovirus B86	BAN00-10354				
AY843305	318570	3428502	skip_species_in_catalogue	target	species taxid 3428502 already catalogued	AY843305	AY843305.1	Enterovirus B87	Enterovirus	Picornaviridae	Viruses; Riboviria; Orthornavirae; Pisuviricota; Pisoniviricetes; Picornavirales; Picornaviridae; Ensavirinae; Enterovirus; Enterovirus betacoxsackie	RNA	linear	7422			BAN01-10396	false	ncbi-genbank	4770ff6f2f83cdbe78622b48a91ec2d36da715038f993dd7e5b16503f4bc1b13					318570	Enterovirus B87	BAN01-10396				
AY843306	318571	3428502	skip_species_in_catalogue	target	species taxid 3428502 already catalogued	AY843306	AY843306.1	Enterovirus B88	Enterovirus	Picornaviridae	Viruses; Riboviria; Orthornavirae; Pisuviricota; Pisoniviricetes; Picornavirales; Picornaviridae; Ensavirinae; Enterovirus; Enterovirus betacoxsackie	RNA	linear	7433			BAN01-10398	false	ncbi-genbank	8fe5c45a180553e54c4c5dda309f6c331e9137c46c8d97a57b92c06da35c2494					318571	Enterovirus B88	BAN01-10398				
AY843307	325446	3428502	skip_species_in_catalogue	target	species taxid 3428502 already catalogued	AY843307	AY843307.1	Enterovirus B97	Enterovirus	Picornaviridae	Viruses; Riboviria; Orthornavirae; Pisuviricota; Pisoniviricetes; Picornavirales; Picornaviridae; Ensavirinae; Enterovirus; Enterovirus betacoxsackie	RNA	linear	7413			BAN99-10355	false	ncbi-genbank	70cdada9ec2e14f33eba1bf4624b9dca13288ddbe578830781b89a8ceb88770b					325446	Enterovirus B97	BAN99-10355				
AY843308	408681	3428502	skip_species_in_catalogue	target	species taxid 3428502 already catalogued	AY843308	AY843308.1	Enterovirus B101	Enterovirus	Picornaviridae	Viruses; Riboviria; Orthornavirae; Pisuviricota; Pisoniviricetes; Picornavirales; Picornaviridae; Ensavirinae; Enterovirus; Enterovirus betacoxsackie	RNA	linear	7445			CIV03-10361	false	ncbi-genbank	fbe488e46fa47d4de57ea30ecebce2c0bd414a566aaf3649eaae2caad362709f					408681	Enterovirus B101	CIV03-10361				
AY859526	356391	3052230	skip_species_in_catalogue	target	species taxid 3052230 already catalogued	AY859526	AY859526.1	Hepatitis C virus	Orthohepacivirus	Hepaciviridae	Viruses; Riboviria; Orthornavirae; Kitrinoviricota; Flasuviricetes; Amarillovirales; Hepaciviridae; Orthohepacivirus; Orthohepacivirus hominis	RNA	linear	9355			6a33	false	ncbi-genbank	60d9f2af02875cc7fe0a144fcc8995166793c59fc16301b6cc235b9faec055b6					356391	Hepatitis C virus (isolate 6a33)	6a33				
AY864805	321147	3418604	skip_species_in_catalogue	target	species taxid 3418604 already catalogued	AY864805	AY864805.1	SARS coronavirus BJ162	Sarbecovirus	Coronaviridae	Viruses; Riboviria; Orthornavirae; Pisuviricota; Pisoniviricetes; Nidovirales; Cornidovirineae; Coronaviridae; Orthocoronavirinae; Betacoronavirus; Sarbecovirus; Betacoronavirus pandemicum	ss-RNA	linear	29751			BJ162	false	ncbi-genbank	fa1d42dacdfda7910e3282979645404b85026148db85dc84114c8c15cc646180					321147	SARS coronavirus BJ162					
AY864806	321149	3418604	skip_species_in_catalogue	target	species taxid 3418604 already catalogued	AY864806	AY864806.1	SARS coronavirus BJ202	Sarbecovirus	Coronaviridae	Viruses; Riboviria; Orthornavirae; Pisuviricota; Pisoniviricetes; Nidovirales; Cornidovirineae; Coronaviridae; Orthocoronavirinae; Betacoronavirus; Sarbecovirus; Betacoronavirus pandemicum	ss-RNA	linear	29751				false	ncbi-genbank	cc16ca550fc0c07d7879a516bddc52284fe7469e2ed23a0373fd58cc96fef095					321149	SARS coronavirus BJ202					
AY875648	46941	3241420	skip_species_in_catalogue	target	species taxid 3241420 already catalogued	AY875648	AY875648.1	Human adenovirus 46	Mastadenovirus	Adenoviridae	Viruses; Varidnaviria; Bamfordvirae; Preplasmiviricota; Polisuviricotina; Pharingeaviricetes; Rowavirales; Adenoviridae; Mastadenovirus; Mastadenovirus dominans	DNA	linear	35178				false	ncbi-genbank	72f0f9c694e91a28d95ac7ccba04c2105562ac8ac2f97701b842329b11cf8670					46941	Human adenovirus 46					
AY876912	310755	3428505	skip_species_in_catalogue	target	species taxid 3428505 already catalogued	AY876912	AY876912.1	Human enterovirus Ningbo3-02	Enterovirus	Picornaviridae	Viruses; Riboviria; Orthornavirae; Pisuviricota; Pisoniviricetes; Picornavirales; Picornaviridae; Ensavirinae; Enterovirus; Enterovirus coxsackiepol	RNA	linear	7456			Ningbo3-02	false	ncbi-genbank	a6956d60f50ef92dfffa234b96f24422d1a8fd84efe46fd94606acdc8ea8b0a9					310755	Human enterovirus Ningbo3-02					
AY876913	310756	3428505	skip_species_in_catalogue	target	species taxid 3428505 already catalogued	AY876913	AY876913.1	Human enterovirus Hangzhou13-02	Enterovirus	Picornaviridae	Viruses; Riboviria; Orthornavirae; Pisuviricota; Pisoniviricetes; Picornavirales; Picornaviridae; Ensavirinae; Enterovirus; Enterovirus coxsackiepol	RNA	linear	7456			Hangzhou13-02	false	ncbi-genbank	66bc2b97fee6c33589b777a3148240c7aa6395fa64b73e2c5208f82a83492ecc					310756	Human enterovirus Hangzhou13-02					
CY011120	370128	2955291	skip_species_in_catalogue	target	species taxid 2955291 already catalogued	CY011120	CY011120.1	Influenza A virus	Alphainfluenzavirus	Orthomyxoviridae	Viruses; Riboviria; Orthornavirae; Negarnaviricota; Polyploviricotina; Insthoviricetes; Articulavirales; Orthomyxoviridae; Alphainfluenzavirus; Alphainfluenzavirus influenzae	ss-RNA	linear	1729	4	Homo sapiens	A/Northern Territory/60/1968	false	ncbi-genbank	ed69dd08d8c841cbbc49fc70df3f1e11ad475d6f3f331f3e1739a199998926e4					370128	Influenza A virus (A/Northern Territory/60/1968(H3N2))	A/Northern Territory/60/1968	H3N2			
CY011121	370128	2955291	skip_species_in_catalogue	target	species taxid 2955291 already catalogued	CY011121	CY011121.1	Influenza A virus	Alphainfluenzavirus	Orthomyxoviridae	Viruses; Riboviria; Orthornavirae; Negarnaviricota; Polyploviricotina; Insthoviricetes; Articulavirales; Orthomyxoviridae; Alphainfluenzavirus; Alphainfluenzavirus influenzae	ss-RNA	linear	994	7	Homo sapiens	A/Northern Territory/60/1968	false	ncbi-genbank	14f8558204f54460ccb502e0f6899e2bce16ae3f6fa3656530a60f7386d98d32					370128	Influenza A virus (A/Northern Territory/60/1968(H3N2))	A/Northern Territory/60/1968	H3N2			
CY011122	370128	2955291	skip_species_in_catalogue	target	species taxid 2955291 already catalogued	CY011122	CY011122.1	Influenza A virus	Alphainfluenzavirus	Orthomyxoviridae	Viruses; Riboviria; Orthornavirae; Negarnaviricota; Polyploviricotina; Insthoviricetes; Articulavirales; Orthomyxoviridae; Alphainfluenzavirus; Alphainfluenzavirus influenzae	ss-RNA	linear	1425	6	Homo sapiens	A/Northern Territory/60/1968	false	ncbi-genbank	28e5c68a1aa531977c7204a42a7cde32bc7746db445cd2f2ec8522effc9814ae					370128	Influenza A virus (A/Northern Territory/60/1968(H3N2))	A/Northern Territory/60/1968	H3N2			
CY011123	370128	2955291	skip_species_in_catalogue	target	species taxid 2955291 already catalogued	CY011123	CY011123.1	Influenza A virus	Alphainfluenzavirus	Orthomyxoviridae	Viruses; Riboviria; Orthornavirae; Negarnaviricota; Polyploviricotina; Insthoviricetes; Articulavirales; Orthomyxoviridae; Alphainfluenzavirus; Alphainfluenzavirus influenzae	ss-RNA	linear	1521	5	Homo sapiens	A/Northern Territory/60/1968	false	ncbi-genbank	377d49644464bb31962a0f7249246fbe7fd0be868a5edbb75eb33b6b00b739cf					370128	Influenza A virus (A/Northern Territory/60/1968(H3N2))	A/Northern Territory/60/1968	H3N2			
CY011124	370128	2955291	skip_species_in_catalogue	target	species taxid 2955291 already catalogued	CY011124	CY011124.1	Influenza A virus	Alphainfluenzavirus	Orthomyxoviridae	Viruses; Riboviria; Orthornavirae; Negarnaviricota; Polyploviricotina; Insthoviricetes; Articulavirales; Orthomyxoviridae; Alphainfluenzavirus; Alphainfluenzavirus influenzae	ss-RNA	linear	867	8	Homo sapiens	A/Northern Territory/60/1968	false	ncbi-genbank	dfe2c9136949841b06366df9d26bd73abe04791687921a7a002aa4627be6caff					370128	Influenza A virus (A/Northern Territory/60/1968(H3N2))	A/Northern Territory/60/1968	H3N2			
CY011125	370128	2955291	skip_species_in_catalogue	target	species taxid 2955291 already catalogued	CY011125	CY011125.1	Influenza A virus	Alphainfluenzavirus	Orthomyxoviridae	Viruses; Riboviria; Orthornavirae; Negarnaviricota; Polyploviricotina; Insthoviricetes; Articulavirales; Orthomyxoviridae; Alphainfluenzavirus; Alphainfluenzavirus influenzae	ss-RNA	linear	2194	3	Homo sapiens	A/Northern Territory/60/1968	false	ncbi-genbank	bb65d1debad8135502190474602e5b875f4ae9bfe8b7647165999c1e904a0a65					370128	Influenza A virus (A/Northern Territory/60/1968(H3N2))	A/Northern Territory/60/1968	H3N2			
CY011126	370128	2955291	skip_species_in_catalogue	target	species taxid 2955291 already catalogued	CY011126	CY011126.1	Influenza A virus	Alphainfluenzavirus	Orthomyxoviridae	Viruses; Riboviria; Orthornavirae; Negarnaviricota; Polyploviricotina; Insthoviricetes; Articulavirales; Orthomyxoviridae; Alphainfluenzavirus; Alphainfluenzavirus influenzae	ss-RNA	linear	2297	2	Homo sapiens	A/Northern Territory/60/1968	false	ncbi-genbank	80cbc1ca7fb896c16fd067479bed2dc430c002a953d37bb87e147ca6def40162					370128	Influenza A virus (A/Northern Territory/60/1968(H3N2))	A/Northern Territory/60/1968	H3N2			
CY011127	370128	2955291	skip_species_in_catalogue	target	species taxid 2955291 already catalogued	CY011127	CY011127.1	Influenza A virus	Alphainfluenzavirus	Orthomyxoviridae	Viruses; Riboviria; Orthornavirae; Negarnaviricota; Polyploviricotina; Insthoviricetes; Articulavirales; Orthomyxoviridae; Alphainfluenzavirus; Alphainfluenzavirus influenzae	ss-RNA	linear	2306	1	Homo sapiens	A/Northern Territory/60/1968	false	ncbi-genbank	abcfb046ea696845856dd03cd1f2a20964eefefe631fde2dffd35a7064b5883a					370128	Influenza A virus (A/Northern Territory/60/1968(H3N2))	A/Northern Territory/60/1968	H3N2			
CY011128	370519	2955291	skip_species_in_catalogue	target	species taxid 2955291 already catalogued	CY011128	CY011128.1	Influenza A virus	Alphainfluenzavirus	Orthomyxoviridae	Viruses; Riboviria; Orthornavirae; Negarnaviricota; Polyploviricotina; Insthoviricetes; Articulavirales; Orthomyxoviridae; Alphainfluenzavirus; Alphainfluenzavirus influenzae	ss-RNA	linear	1721	4	Homo sapiens	A/New York/599/1996	false	ncbi-genbank	d24d69ea8773e1c92e7f65a9acff9265ed69690037c660f3e9e3b048862fd48b					370519	Influenza A virus (A/New York/599/1996(H3N2))	A/New York/599/1996	H3N2			
CY011129	370519	2955291	skip_species_in_catalogue	target	species taxid 2955291 already catalogued	CY011129	CY011129.1	Influenza A virus	Alphainfluenzavirus	Orthomyxoviridae	Viruses; Riboviria; Orthornavirae; Negarnaviricota; Polyploviricotina; Insthoviricetes; Articulavirales; Orthomyxoviridae; Alphainfluenzavirus; Alphainfluenzavirus influenzae	ss-RNA	linear	995	7	Homo sapiens	A/New York/599/1996	false	ncbi-genbank	92bba84b606522fe9702a70d8a24debabb70752839407872f6e118d158c96872					370519	Influenza A virus (A/New York/599/1996(H3N2))	A/New York/599/1996	H3N2			
CY011130	370519	2955291	skip_species_in_catalogue	target	species taxid 2955291 already catalogued	CY011130	CY011130.1	Influenza A virus	Alphainfluenzavirus	Orthomyxoviridae	Viruses; Riboviria; Orthornavirae; Negarnaviricota; Polyploviricotina; Insthoviricetes; Articulavirales; Orthomyxoviridae; Alphainfluenzavirus; Alphainfluenzavirus influenzae	ss-RNA	linear	1435	6	Homo sapiens	A/New York/599/1996	false	ncbi-genbank	14f6fbe075734bd03b67e2d4fa9a719aedaa14bf713c37d81f6ccd0a5353f07f					370519	Influenza A virus (A/New York/599/1996(H3N2))	A/New York/599/1996	H3N2			
CY011131	370519	2955291	skip_species_in_catalogue	target	species taxid 2955291 already catalogued	CY011131	CY011131.1	Influenza A virus	Alphainfluenzavirus	Orthomyxoviridae	Viruses; Riboviria; Orthornavirae; Negarnaviricota; Polyploviricotina; Insthoviricetes; Articulavirales; Orthomyxoviridae; Alphainfluenzavirus; Alphainfluenzavirus influenzae	ss-RNA	linear	1522	5	Homo sapiens	A/New York/599/1996	false	ncbi-genbank	67e974671b2092fcaf88718445015e374cdcfdb3995cbc430b8f9bb7e66e70ac					370519	Influenza A virus (A/New York/599/1996(H3N2))	A/New York/599/1996	H3N2			
CY011132	370519	2955291	skip_species_in_catalogue	target	species taxid 2955291 already catalogued	CY011132	CY011132.1	Influenza A virus	Alphainfluenzavirus	Orthomyxoviridae	Viruses; Riboviria; Orthornavirae; Negarnaviricota; Polyploviricotina; Insthoviricetes; Articulavirales; Orthomyxoviridae; Alphainfluenzavirus; Alphainfluenzavirus influenzae	ss-RNA	linear	856	8	Homo sapiens	A/New York/599/1996	false	ncbi-genbank	19c150bb430d6c100462bbfc13d8e1eb9b094b536113e1ff93ae8b4bfb573691					370519	Influenza A virus (A/New York/599/1996(H3N2))	A/New York/599/1996	H3N2			
CY011133	370519	2955291	skip_species_in_catalogue	target	species taxid 2955291 already catalogued	CY011133	CY011133.1	Influenza A virus	Alphainfluenzavirus	Orthomyxoviridae	Viruses; Riboviria; Orthornavirae; Negarnaviricota; Polyploviricotina; Insthoviricetes; Articulavirales; Orthomyxoviridae; Alphainfluenzavirus; Alphainfluenzavirus influenzae	ss-RNA	linear	2199	3	Homo sapiens	A/New York/599/1996	false	ncbi-genbank	48cbeba206c3c8b1503c08eebaf2ba1d3d326f38f3cfadb946e2b95d94cb1049					370519	Influenza A virus (A/New York/599/1996(H3N2))	A/New York/599/1996	H3N2			
CY011134	370519	2955291	skip_species_in_catalogue	target	species taxid 2955291 already catalogued	CY011134	CY011134.1	Influenza A virus	Alphainfluenzavirus	Orthomyxoviridae	Viruses; Riboviria; Orthornavirae; Negarnaviricota; Polyploviricotina; Insthoviricetes; Articulavirales; Orthomyxoviridae; Alphainfluenzavirus; Alphainfluenzavirus influenzae	ss-RNA	linear	2309	2	Homo sapiens	A/New York/599/1996	false	ncbi-genbank	021623bf16e6cecf5e262e55f98d2ce22602abd1393798391d43c4afd6998dc2					370519	Influenza A virus (A/New York/599/1996(H3N2))	A/New York/599/1996	H3N2			
CY011135	370519	2955291	skip_species_in_catalogue	target	species taxid 2955291 already catalogued	CY011135	CY011135.1	Influenza A virus	Alphainfluenzavirus	Orthomyxoviridae	Viruses; Riboviria; Orthornavirae; Negarnaviricota; Polyploviricotina; Insthoviricetes; Articulavirales; Orthomyxoviridae; Alphainfluenzavirus; Alphainfluenzavirus influenzae	ss-RNA	linear	2306	1	Homo sapiens	A/New York/599/1996	false	ncbi-genbank	3a5e190c7a6b92f70ceac469d9a35e874913db453212a1ad4c0c07004cd9ae5f					370519	Influenza A virus (A/New York/599/1996(H3N2))	A/New York/599/1996	H3N2			
CY011136	370522	2955291	skip_species_in_catalogue	target	species taxid 2955291 already catalogued	CY011136	CY011136.1	Influenza A virus	Alphainfluenzavirus	Orthomyxoviridae	Viruses; Riboviria; Orthornavirae; Negarnaviricota; Polyploviricotina; Insthoviricetes; Articulavirales; Orthomyxoviridae; Alphainfluenzavirus; Alphainfluenzavirus influenzae	ss-RNA	linear	1722	4	Homo sapiens	A/New York/602/1996	false	ncbi-genbank	38e32a5def37b29618d5ff71ebd8dd0aa9204bc9ef1b485b8c4fb40607398456					370522	Influenza A virus (A/New York/602/1996(H3N2))	A/New York/602/1996	H3N2			
CY011137	370522	2955291	skip_species_in_catalogue	target	species taxid 2955291 already catalogued	CY011137	CY011137.1	Influenza A virus	Alphainfluenzavirus	Orthomyxoviridae	Viruses; Riboviria; Orthornavirae; Negarnaviricota; Polyploviricotina; Insthoviricetes; Articulavirales; Orthomyxoviridae; Alphainfluenzavirus; Alphainfluenzavirus influenzae	ss-RNA	linear	989	7	Homo sapiens	A/New York/602/1996	false	ncbi-genbank	cc8fcc0ecd1d2e698ea59ed479b2e63968553c0523cb30dcea72a6697c490d8b					370522	Influenza A virus (A/New York/602/1996(H3N2))	A/New York/602/1996	H3N2			
CY011138	370522	2955291	skip_species_in_catalogue	target	species taxid 2955291 already catalogued	CY011138	CY011138.1	Influenza A virus	Alphainfluenzavirus	Orthomyxoviridae	Viruses; Riboviria; Orthornavirae; Negarnaviricota; Polyploviricotina; Insthoviricetes; Articulavirales; Orthomyxoviridae; Alphainfluenzavirus; Alphainfluenzavirus influenzae	ss-RNA	linear	1435	6	Homo sapiens	A/New York/602/1996	false	ncbi-genbank	0c7650e99eb6bcd05259c02057e4884ddee0ed17cc4d2a3598a677c68ddfe28d					370522	Influenza A virus (A/New York/602/1996(H3N2))	A/New York/602/1996	H3N2			
CY011139	370522	2955291	skip_species_in_catalogue	target	species taxid 2955291 already catalogued	CY011139	CY011139.1	Influenza A virus	Alphainfluenzavirus	Orthomyxoviridae	Viruses; Riboviria; Orthornavirae; Negarnaviricota; Polyploviricotina; Insthoviricetes; Articulavirales; Orthomyxoviridae; Alphainfluenzavirus; Alphainfluenzavirus influenzae	ss-RNA	linear	1522	5	Homo sapiens	A/New York/602/1996	false	ncbi-genbank	8de26e9444a269cc481a957eca9035ac8ab34061b22f8fb6ed450a74453eb01a					370522	Influenza A virus (A/New York/602/1996(H3N2))	A/New York/602/1996	H3N2			
CY011140	370522	2955291	skip_species_in_catalogue	target	species taxid 2955291 already catalogued	CY011140	CY011140.1	Influenza A virus	Alphainfluenzavirus	Orthomyxoviridae	Viruses; Riboviria; Orthornavirae; Negarnaviricota; Polyploviricotina; Insthoviricetes; Articulavirales; Orthomyxoviridae; Alphainfluenzavirus; Alphainfluenzavirus influenzae	ss-RNA	linear	856	8	Homo sapiens	A/New York/602/1996	false	ncbi-genbank	22b0aa5f1aaf9310c30479d790bf43a89b37d4ceb1e563cae3db65676fefe7ba					370522	Influenza A virus (A/New York/602/1996(H3N2))	A/New York/602/1996	H3N2			
CY011141	370522	2955291	skip_species_in_catalogue	target	species taxid 2955291 already catalogued	CY011141	CY011141.1	Influenza A virus	Alphainfluenzavirus	Orthomyxoviridae	Viruses; Riboviria; Orthornavirae; Negarnaviricota; Polyploviricotina; Insthoviricetes; Articulavirales; Orthomyxoviridae; Alphainfluenzavirus; Alphainfluenzavirus influenzae	ss-RNA	linear	2199	3	Homo sapiens	A/New York/602/1996	false	ncbi-genbank	a93be2ff5c445e6dc09209a5f1c2cab1a9b6040c246e7dfc663b1aabfb87e658					370522	Influenza A virus (A/New York/602/1996(H3N2))	A/New York/602/1996	H3N2			
CY011142	370522	2955291	skip_species_in_catalogue	target	species taxid 2955291 already catalogued	CY011142	CY011142.1	Influenza A virus	Alphainfluenzavirus	Orthomyxoviridae	Viruses; Riboviria; Orthornavirae; Negarnaviricota; Polyploviricotina; Insthoviricetes; Articulavirales; Orthomyxoviridae; Alphainfluenzavirus; Alphainfluenzavirus influenzae	ss-RNA	linear	2309	2	Homo sapiens	A/New York/602/1996	false	ncbi-genbank	33b3ac14ebd32447bcd148eb1f3c01df0da9ed8be684b41090c951932b40cfcc					370522	Influenza A virus (A/New York/602/1996(H3N2))	A/New York/602/1996	H3N2			
CY011143	370522	2955291	skip_species_in_catalogue	target	species taxid 2955291 already catalogued	CY011143	CY011143.1	Influenza A virus	Alphainfluenzavirus	Orthomyxoviridae	Viruses; Riboviria; Orthornavirae; Negarnaviricota; Polyploviricotina; Insthoviricetes; Articulavirales; Orthomyxoviridae; Alphainfluenzavirus; Alphainfluenzavirus influenzae	ss-RNA	linear	2306	1	Homo sapiens	A/New York/602/1996	false	ncbi-genbank	a2c45a193f78b14662c9fe3f8dacefb6456d9536c3b33dcbf4400302e6951425					370522	Influenza A virus (A/New York/602/1996(H3N2))	A/New York/602/1996	H3N2			
D00239	2777147	3428501	skip_species_in_catalogue	target	species taxid 3428501 already catalogued	D00239	D00239.1	rhinovirus A1B	Enterovirus	Picornaviridae	Viruses; Riboviria; Orthornavirae; Pisuviricota; Pisoniviricetes; Picornavirales; Picornaviridae; Ensavirinae; Enterovirus; Enterovirus alpharhino	RNA	linear	7133				false	ncbi-genbank	cf11669f13e5b62e6859e8fa11c9971f4e49fc74704d12cb8356fcd8ee8ee90a					2777147	rhinovirus A1B					
D00538	12070	3428505	skip_species_in_catalogue	target	species taxid 3428505 already catalogued	D00538	D00538.1	Human coxsackievirus A21 Coe	Enterovirus	Picornaviridae	Viruses; Riboviria; Orthornavirae; Pisuviricota; Pisoniviricetes; Picornavirales; Picornaviridae; Ensavirinae; Enterovirus; Enterovirus coxsackiepol	RNA	linear	7401			Coe	false	ncbi-genbank	348a69d4de61921d7e5a488652c4acb73ef1f591ccaecda8c1461d928defa8e5					12070	Human coxsackievirus A21 Coe	Coe				
D00627	12067	3428502	skip_species_in_catalogue	target	species taxid 3428502 already catalogued	D00627	D00627.1	Coxsackievirus A9	Enterovirus	Picornaviridae	Viruses; Riboviria; Orthornavirae; Pisuviricota; Pisoniviricetes; Picornavirales; Picornaviridae; Ensavirinae; Enterovirus; Enterovirus betacoxsackie	RNA	linear	7452			Griggs	false	ncbi-genbank	166b7056877a6acfa9f89e52a3c38ccca4517e73517ad7e2378c5f4e9732eb75					12067	Coxsackievirus A9	Griggs				
D00820	12090	3428506	skip_species_in_catalogue	target	species taxid 3428506 already catalogued	D00820	D00820.1	enterovirus D70	Enterovirus	Picornaviridae	Viruses; Riboviria; Orthornavirae; Pisuviricota; Pisoniviricetes; Picornavirales; Picornaviridae; Ensavirinae; Enterovirus; Enterovirus deconjuncti	RNA	linear	7390			J670/71	false	ncbi-genbank	981589e6435e89575e4d170be1829bed84a1968f311b7948b279d4dc53cfd1b0					12090	enterovirus D70	J670/71				
D90252	10599	337051	skip_species_in_catalogue	target	species taxid 337051 already catalogued	D90252	D90252.1	Human papillomavirus - 5b	Betapapillomavirus	Papillomaviridae	Viruses; Floreoviria; Shotokuvirae; Cossaviricota; Papovaviricetes; Zurhausenvirales; Papillomaviridae; Firstpapillomavirinae; Betapapillomavirus; Betapapillomavirus 1	DNA	circular	7779				false	ncbi-genbank	73f199ece472798dc47e67694901ce292945265b399a228a43f36b202e1ba34e					10599	Human papillomavirus - 5b					
D90457	12089	3428505	skip_species_in_catalogue	target	species taxid 3428505 already catalogued	D90457	D90457.1	Coxsackievirus A24	Enterovirus	Picornaviridae	Viruses; Riboviria; Orthornavirae; Pisuviricota; Pisoniviricetes; Picornavirales; Picornaviridae; Ensavirinae; Enterovirus; Enterovirus coxsackiepol	RNA	linear	7461			EH24/70	false	ncbi-genbank	76c395b3b84e8d9210066ee12b65361ecaec6e6589c3c8cd249c842e11782304					12089	Coxsackievirus A24					
DQ058829	2849733	3432266	skip_species_in_catalogue	target	species taxid 3432266 already catalogued	DQ058829	DQ058829.1	Ehime virus	Sapovirus	Caliciviridae	Viruses; Riboviria; Orthornavirae; Pisuviricota; Pisoniviricetes; Picornavirales; Caliciviridae; Sapovirus; Sapovirus sapporoense	mRNA	linear	7427			Ehime1107	false	ncbi-genbank	01e666615f2277c290b68c8546c3b6ebade5de06a15459313c2814bc155c99fb					2849733	Ehime virus					
DQ086466	45659	3241406	skip_species_in_catalogue	target	species taxid 3241406 already catalogued	DQ086466	DQ086466.1	Human adenovirus B3	Mastadenovirus	Adenoviridae	Viruses; Varidnaviria; Bamfordvirae; Preplasmiviricota; Polisuviricotina; Pharingeaviricetes; Rowavirales; Adenoviridae; Mastadenovirus; Mastadenovirus blackbeardi	DNA	linear	35343				false	ncbi-genbank	710193ae1e941930b29fe57fcc4a32fa2ab8c6b356a28e3ea76ab3d914378348					45659	Human adenovirus B3					
DQ090005	334514	333924	skip_species_in_catalogue	target	species taxid 333924 already catalogued	DQ090005	DQ090005.2	Human papillomavirus type 38b	Betapapillomavirus	Papillomaviridae	Viruses; Floreoviria; Shotokuvirae; Cossaviricota; Papovaviricetes; Zurhausenvirales; Papillomaviridae; Firstpapillomavirinae; Betapapillomavirus; Betapapillomavirus 2	DNA	linear	7400				false	ncbi-genbank	b0911f9a98abe4f43a2a7f1c0219be701676eb742ce9294e13cef9a2036ca94a					334514	Human papillomavirus type 38b					
DQ241301	356663	99182	skip_species_in_catalogue	decoy	species taxid 99182 already catalogued	DQ241301	DQ241301.1	Xenotropic MuLV-related virus VP35	Murine leukemia-related retroviruses	Retroviridae	Viruses; Riboviria; Pararnavirae; Artverviricota; Revtraviricetes; Ortervirales; Retroviridae; Orthoretrovirinae; Gammaretrovirus; Murine leukemia-related retroviruses	RNA	linear	8185			VP35	false	ncbi-genbank	3e722e1f1cf25a30765a2d5f1e189de31f643edf14d22363457c9ddd3e79b64e					356663	Xenotropic MuLV-related virus VP35					
DQ241302	356664	99182	skip_species_in_catalogue	decoy	species taxid 99182 already catalogued	DQ241302	DQ241302.1	Xenotropic MuLV-related virus VP42	Murine leukemia-related retroviruses	Retroviridae	Viruses; Riboviria; Pararnavirae; Artverviricota; Revtraviricetes; Ortervirales; Retroviridae; Orthoretrovirinae; Gammaretrovirus; Murine leukemia-related retroviruses	RNA	linear	8185			VP42	false	ncbi-genbank	e5f2faff4420d1cf0a997e50b9f14ca647c1ca8e8da6715768d266238777ca6c					356664	Xenotropic MuLV-related virus VP42					
DQ315364	10524	3241426	skip_species_in_catalogue	target	species taxid 3241426 already catalogued	DQ315364	DQ315364.2	Human adenovirus 41	Mastadenovirus	Adenoviridae	Viruses; Varidnaviria; Bamfordvirae; Preplasmiviricota; Polisuviricotina; Pharingeaviricetes; Rowavirales; Adenoviridae; Mastadenovirus; Mastadenovirus faecale	DNA	linear	34188		Homo sapiens	Tak	false	ncbi-genbank	0b48ed980dc3b97f1b95c2bb2319e80dbc561a1121a9ca7b1b28593e288b0e9e					10524	Human adenovirus 41		41			
DQ315670	362784	3431395	skip_species_in_catalogue	target	species taxid 3431395 already catalogued	DQ315670	DQ315670.1	Human parechovirus 4	Parechovirus	Picornaviridae	Viruses; Riboviria; Orthornavirae; Pisuviricota; Pisoniviricetes; Picornavirales; Picornaviridae; Paavivirinae; Parechovirus; Parechovirus ahumpari	ss-RNA	linear	7366			K251176-02	false	ncbi-genbank	1fc70e2e5138947458ca5ef08549b9e104bf604989e2aca6bb8ffa6b7e0d159a					362784	Human parechovirus 4		4			
DQ358078	42782	3428505	skip_species_in_catalogue	target	species taxid 3428505 already catalogued	DQ358078	DQ358078.1	Coxsackievirus A20	Enterovirus	Picornaviridae	Viruses; Riboviria; Orthornavirae; Pisuviricota; Pisoniviricetes; Picornavirales; Picornaviridae; Ensavirinae; Enterovirus; Enterovirus coxsackiepol	mRNA	circular	7444			89490	false	ncbi-genbank	ccd628e40d415fab809acf23acd260c35b862815c5c86bd794bea7a4bc4b60a1					42782	Coxsackievirus A20		CAV20a			
DQ369797	370037	3431196	skip_species_in_catalogue	target	species taxid 3431196 already catalogued	DQ369797	DQ369797.1	Norovirus Hu/Guangzhou/NVgz01/CHN	Norovirus	Caliciviridae	Viruses; Riboviria; Orthornavirae; Pisuviricota; Pisoniviricetes; Picornavirales; Caliciviridae; Norovirus; Norovirus norwalkense	RNA	linear	7558			Hu/Guangzhou/NVgz01/CHN	false	ncbi-genbank	7843156593333e868a3b3e6725b7e1f20e283aaa2bdaf6fa5707ebc3fb72e49c					370037	Norovirus Hu/Guangzhou/NVgz01/CHN	Hu/Guangzhou/NVgz01/CHN				
DQ393829	218120	3241420	skip_species_in_catalogue	target	species taxid 3241420 already catalogued	DQ393829	DQ393829.1	Human adenovirus 49	Mastadenovirus	Adenoviridae	Viruses; Varidnaviria; Bamfordvirae; Preplasmiviricota; Polisuviricotina; Pharingeaviricetes; Rowavirales; Adenoviridae; Mastadenovirus; Mastadenovirus dominans	DNA	linear	35215				false	ncbi-genbank	a58d3b8b30f1def536c56fa9ab6413afd11ed18ba66f6d23714f934fdaf429a8					218120	Human adenovirus 49					
DQ447649	378809	3052505	skip_species_in_catalogue	target	species taxid 3052505 already catalogued	DQ447649	DQ447649.1	Ravn virus - Ravn, Kenya, 1987	Orthomarburgvirus	Filoviridae	Viruses; Riboviria; Orthornavirae; Negarnaviricota; Haploviricotina; Monjiviricetes; Mononegavirales; Filoviridae; Orthomarburgvirus; Orthomarburgvirus marburgense	RNA	linear	19114		Homo sapiens		false	ncbi-genbank	1fee1781dc408ee8cc3ec675da947c97b5f62bad495d199071296ccb65843459					378809	Ravn virus - Ravn, Kenya, 1987					
DQ447652	378831	3052505	skip_species_in_catalogue	target	species taxid 3052505 already catalogued	DQ447652	DQ447652.1	Lake Victoria marburgvirus - DRC1999	Orthomarburgvirus	Filoviridae	Viruses; Riboviria; Orthornavirae; Negarnaviricota; Haploviricotina; Monjiviricetes; Mononegavirales; Filoviridae; Orthomarburgvirus; Orthomarburgvirus marburgense	RNA	linear	19114		Homo sapiens	09DRC99	false	ncbi-genbank	0ce75b78847e142c4c6ffddb5e65ffa0e951dbb1174ec72bce81843b2efd1282					378831	Lake Victoria marburgvirus - DRC1999	09DRC99				
DQ447657	378830	3052505	skip_species_in_catalogue	target	species taxid 3052505 already catalogued	DQ447657	DQ447657.1	Lake Victoria marburgvirus - Angola2005	Orthomarburgvirus	Filoviridae	Viruses; Riboviria; Orthornavirae; Negarnaviricota; Haploviricotina; Monjiviricetes; Mononegavirales; Filoviridae; Orthomarburgvirus; Orthomarburgvirus marburgense	RNA	linear	19114		Homo sapiens	Ang0214	false	ncbi-genbank	198626131bc39d7e67776c3ef218113e9a24afdea5e0f3ad293b3421ef42d4be					378830	Lake Victoria marburgvirus - Angola2005	Ang0214				
DQ456824	379081	3431196	skip_species_in_catalogue	target	species taxid 3431196 already catalogued	DQ456824	DQ456824.1	Norovirus Hu/MK04/2004/JP	Norovirus	Caliciviridae	Viruses; Riboviria; Orthornavirae; Pisuviricota; Pisoniviricetes; Picornavirales; Caliciviridae; Norovirus; Norovirus norwalkense	RNA	linear	7536			Hu/MK04/2004/JP	false	ncbi-genbank	9ed6015beaed7d54ecb0886c4979849f8c9e1ea0a3d366550a40d82a4472df66					379081	Norovirus Hu/MK04/2004/JP	Hu/MK04/2004/JP				
DQ473486	147681	3428503	skip_species_in_catalogue	target	species taxid 3428503 already catalogued	DQ473486	DQ473486.1	rhinovirus B6	Enterovirus	Picornaviridae	Viruses; Riboviria; Orthornavirae; Pisuviricota; Pisoniviricetes; Picornavirales; Picornaviridae; Ensavirinae; Enterovirus; Enterovirus betarhino	RNA	linear	7216				false	ncbi-genbank	926c2663702e17bb9daa8d03e18a5faf4455e7eeae45fda4fa64d2b06bf68950					147681	rhinovirus B6		6			
DQ473488	147679	3428503	skip_species_in_catalogue	target	species taxid 3428503 already catalogued	DQ473488	DQ473488.1	rhinovirus B48	Enterovirus	Picornaviridae	Viruses; Riboviria; Orthornavirae; Pisuviricota; Pisoniviricetes; Picornavirales; Picornaviridae; Ensavirinae; Enterovirus; Enterovirus betarhino	RNA	linear	7214				false	ncbi-genbank	41c93cf7830bc454f26789399a963d80550410e930c8b53b308eea9a0f0b826a					147679	rhinovirus B48		48			
DQ473489	185926	3428503	skip_species_in_catalogue	target	species taxid 3428503 already catalogued	DQ473489	DQ473489.1	rhinovirus B70	Enterovirus	Picornaviridae	Viruses; Riboviria; Orthornavirae; Pisuviricota; Pisoniviricetes; Picornavirales; Picornaviridae; Ensavirinae; Enterovirus; Enterovirus betarhino	RNA	linear	7223				false	ncbi-genbank	6db3e08b83e23363b9c2c368fbba7b0f59e3d1147a7b906752ed42dd41b5e98c					185926	rhinovirus B70		70			
DQ473490	185889	3428503	skip_species_in_catalogue	target	species taxid 3428503 already catalogued	DQ473490	DQ473490.1	rhinovirus B4	Enterovirus	Picornaviridae	Viruses; Riboviria; Orthornavirae; Pisuviricota; Pisoniviricetes; Picornavirales; Picornaviridae; Ensavirinae; Enterovirus; Enterovirus betarhino	RNA	linear	7212				false	ncbi-genbank	d29195c1a5f3b0d8ddba53765dcbc758d017472267b3c48b99c270ea56b8e935					185889	rhinovirus B4		4			
DQ473491	185909	3428501	skip_species_in_catalogue	target	species taxid 3428501 already catalogued	DQ473491	DQ473491.1	rhinovirus A41	Enterovirus	Picornaviridae	Viruses; Riboviria; Orthornavirae; Pisuviricota; Pisoniviricetes; Picornavirales; Picornaviridae; Ensavirinae; Enterovirus; Enterovirus alpharhino	RNA	linear	7145				false	ncbi-genbank	a75489ca9268b33b736221be27914a1ff68aec0134ba956f62b1a21bea225973					185909	rhinovirus A41		41			
DQ473492	185928	3428501	skip_species_in_catalogue	target	species taxid 3428501 already catalogued	DQ473492	DQ473492.1	rhinovirus A73	Enterovirus	Picornaviridae	Viruses; Riboviria; Orthornavirae; Pisuviricota; Pisoniviricetes; Picornavirales; Picornaviridae; Ensavirinae; Enterovirus; Enterovirus alpharhino	RNA	linear	7140				false	ncbi-genbank	5edc7dac84f4af25b8e3f8726affeb06dc7c1f2459c5e247256a87aa14a93556					185928	rhinovirus A73		73			
DQ473493	185894	3428501	skip_species_in_catalogue	target	species taxid 3428501 already catalogued	DQ473493	DQ473493.1	rhinovirus A15	Enterovirus	Picornaviridae	Viruses; Riboviria; Orthornavirae; Pisuviricota; Pisoniviricetes; Picornavirales; Picornaviridae; Ensavirinae; Enterovirus; Enterovirus alpharhino	RNA	linear	7134				false	ncbi-genbank	662c83428f39b2b78399a9051bcef4b1d19ae8d5b92993e6280cacda68555b7d					185894	rhinovirus A15		15			
DQ473494	185929	3428501	skip_species_in_catalogue	target	species taxid 3428501 already catalogued	DQ473494	DQ473494.1	rhinovirus A74	Enterovirus	Picornaviridae	Viruses; Riboviria; Orthornavirae; Pisuviricota; Pisoniviricetes; Picornavirales; Picornaviridae; Ensavirinae; Enterovirus; Enterovirus alpharhino	RNA	linear	7120				false	ncbi-genbank	571c75135131bbdb84fc04fef344f6c1ad14a38d3740ecfd79afe4bd6c5c39a0					185929	rhinovirus A74		74			
DQ473497	12135	3428501	skip_species_in_catalogue	target	species taxid 3428501 already catalogued	DQ473497	DQ473497.1	rhinovirus A23	Enterovirus	Picornaviridae	Viruses; Riboviria; Orthornavirae; Pisuviricota; Pisoniviricetes; Picornavirales; Picornaviridae; Ensavirinae; Enterovirus; Enterovirus alpharhino	RNA	linear	7025				false	ncbi-genbank	468b93b12c28a4a889597320f54ce4c1927c1facccc80b7c9e7a1a9931010059					12135	rhinovirus A23		23			
DQ473499	185910	3428501	skip_species_in_catalogue	target	species taxid 3428501 already catalogued	DQ473499	DQ473499.1	rhinovirus A44	Enterovirus	Picornaviridae	Viruses; Riboviria; Orthornavirae; Pisuviricota; Pisoniviricetes; Picornavirales; Picornaviridae; Ensavirinae; Enterovirus; Enterovirus alpharhino	RNA	linear	7123				false	ncbi-genbank	5a65241f555a9c1a22772bb282936790feec79dbe3ea8da37a945500e1fb35ac					185910	rhinovirus A44		44			
DQ473500	185918	3428501	skip_species_in_catalogue	target	species taxid 3428501 already catalogued	DQ473500	DQ473500.1	rhinovirus A59	Enterovirus	Picornaviridae	Viruses; Riboviria; Orthornavirae; Pisuviricota; Pisoniviricetes; Picornavirales; Picornaviridae; Ensavirinae; Enterovirus; Enterovirus alpharhino	RNA	linear	7135				false	ncbi-genbank	367ace9d40d4c68da69b39c3cae798bc1074a2672cd7774503068ab20e7a3e4a					185918	rhinovirus A59		59			
DQ473504	185939	3428501	skip_species_in_catalogue	target	species taxid 3428501 already catalogued	DQ473504	DQ473504.1	rhinovirus A88	Enterovirus	Picornaviridae	Viruses; Riboviria; Orthornavirae; Pisuviricota; Pisoniviricetes; Picornavirales; Picornaviridae; Ensavirinae; Enterovirus; Enterovirus alpharhino	RNA	linear	7143				false	ncbi-genbank	6573b94b77233e452efca34af8ac31769c8a2369d0b2a18aef7c10bbaabfe066					185939	rhinovirus A88		88			
DQ473505	147673	3428501	skip_species_in_catalogue	target	species taxid 3428501 already catalogued	DQ473505	DQ473505.1	rhinovirus A36	Enterovirus	Picornaviridae	Viruses; Riboviria; Orthornavirae; Pisuviricota; Pisoniviricetes; Picornavirales; Picornaviridae; Ensavirinae; Enterovirus; Enterovirus alpharhino	RNA	linear	7141				false	ncbi-genbank	fc516e18b4fc4fdc82bba402b4f61d7051037ef32781da3922f29cd0fb50d73a					147673	rhinovirus A36		36			
DQ473506	167324	3428501	skip_species_in_catalogue	target	species taxid 3428501 already catalogued	DQ473506	DQ473506.1	rhinovirus A46	Enterovirus	Picornaviridae	Viruses; Riboviria; Orthornavirae; Pisuviricota; Pisoniviricetes; Picornavirales; Picornaviridae; Ensavirinae; Enterovirus; Enterovirus alpharhino	RNA	linear	7149				false	ncbi-genbank	475751777e330add497a7521d770722648a777c6aa73ee9229fe133743607e78					167324	rhinovirus A46		46			
DQ473507	185913	3428501	skip_species_in_catalogue	target	species taxid 3428501 already catalogued	DQ473507	DQ473507.1	rhinovirus A53	Enterovirus	Picornaviridae	Viruses; Riboviria; Orthornavirae; Pisuviricota; Pisoniviricetes; Picornavirales; Picornaviridae; Ensavirinae; Enterovirus; Enterovirus alpharhino	RNA	linear	7143				false	ncbi-genbank	ed5aab4195997aeb308b6fb7f7899070eddfa4910eecba39fbbfccc42d85575f					185913	rhinovirus A53		53			
DQ473508	147672	3428501	skip_species_in_catalogue	target	species taxid 3428501 already catalogued	DQ473508	DQ473508.1	rhinovirus A28	Enterovirus	Picornaviridae	Viruses; Riboviria; Orthornavirae; Pisuviricota; Pisoniviricetes; Picornavirales; Picornaviridae; Ensavirinae; Enterovirus; Enterovirus alpharhino	RNA	linear	7148				false	ncbi-genbank	a49d0288d4fddb71c0a0f0c377a8c6ac899458d62c37fa3ad3139acc0129ecbb					147672	rhinovirus A28		28			
DQ473510	185930	3428501	skip_species_in_catalogue	target	species taxid 3428501 already catalogued	DQ473510	DQ473510.1	rhinovirus A75	Enterovirus	Picornaviridae	Viruses; Riboviria; Orthornavirae; Pisuviricota; Pisoniviricetes; Picornavirales; Picornaviridae; Ensavirinae; Enterovirus; Enterovirus alpharhino	RNA	linear	7137				false	ncbi-genbank	303656e2d5a4fe26acbf2d879d63c6500669a56dfe8ab9d78b654c7f2856a42a					185930	rhinovirus A75		75			
DQ473511	185915	3428501	skip_species_in_catalogue	target	species taxid 3428501 already catalogued	DQ473511	DQ473511.1	rhinovirus A55	Enterovirus	Picornaviridae	Viruses; Riboviria; Orthornavirae; Pisuviricota; Pisoniviricetes; Picornavirales; Picornaviridae; Ensavirinae; Enterovirus; Enterovirus alpharhino	RNA	linear	7036				false	ncbi-genbank	5d6da42e67302bab155ecdaa93f863ccc1db5f14edd2be2e006779f1c002ec2e					185915	rhinovirus A55		55			
DQ480514	31655	3052230	skip_species_in_catalogue	target	species taxid 3052230 already catalogued	DQ480514	DQ480514.1	Hepatitis C virus subtype 6a	Orthohepacivirus	Hepaciviridae	Viruses; Riboviria; Orthornavirae; Kitrinoviricota; Flasuviricetes; Amarillovirales; Hepaciviridae; Orthohepacivirus; Orthohepacivirus hominis	RNA	linear	9358			6a63	false	ncbi-genbank	67d410c4602af9e2fed5d30b45846639d04da16664d8033714a5ce7e1d505cab					31655	Hepatitis C virus subtype 6a	6a63				
DQ640652	388737	3418604	skip_species_in_catalogue	target	species taxid 3418604 already catalogued	DQ640652	DQ640652.1	SARS coronavirus GDH-BJH01	Sarbecovirus	Coronaviridae	Viruses; Riboviria; Orthornavirae; Pisuviricota; Pisoniviricetes; Nidovirales; Cornidovirineae; Coronaviridae; Orthocoronavirinae; Betacoronavirus; Sarbecovirus; Betacoronavirus pandemicum	RNA	linear	29746		Homo sapiens	GDH-BJH01	false	ncbi-genbank	e91ef60a44dff8b6dee4233659adea9d00b58b5c431cbef47d850caafe2f093e					388737	SARS coronavirus GDH-BJH01	GDH-BJH01				
DQ658413	392172	3431196	skip_species_in_catalogue	target	species taxid 3431196 already catalogued	DQ658413	DQ658413.1	Norovirus Hu/GII.4/MD-2004/2004/US	Norovirus	Caliciviridae	Viruses; Riboviria; Orthornavirae; Pisuviricota; Pisoniviricetes; Picornavirales; Caliciviridae; Norovirus; Norovirus norwalkense	RNA	linear	7558		Homo sapiens	Hu/GII.4/MD-2004/2004/US	false	ncbi-genbank	3dfcd921e0e28260d609378d317d50cef60d3ec1fe65092c5ca6a6200bdf430e					392172	Norovirus Hu/GII.4/MD-2004/2004/US	Hu/GII.4/MD-2004/2004/US				
DQ898174	694009	3418604	skip_species_in_catalogue	target	species taxid 3418604 already catalogued	DQ898174	DQ898174.1	Severe acute respiratory syndrome-related coronavirus	Sarbecovirus	Coronaviridae	Viruses; Riboviria; Orthornavirae; Pisuviricota; Pisoniviricetes; Nidovirales; Cornidovirineae; Coronaviridae; Orthocoronavirinae; Betacoronavirus; Sarbecovirus; Betacoronavirus pandemicum	RNA	linear	29751			CV7	false	ncbi-genbank	b352babd95b4a55b8a68d079c966faea4fa7ab278812888eec8f0722e6eea4d4					694009	Severe acute respiratory syndrome-related coronavirus	CV7				
DQ900900	52275	3241420	skip_species_in_catalogue	target	species taxid 3241420 already catalogued	DQ900900	DQ900900.1	Human adenovirus D37	Mastadenovirus	Adenoviridae	Viruses; Varidnaviria; Bamfordvirae; Preplasmiviricota; Polisuviricotina; Pharingeaviricetes; Rowavirales; Adenoviridae; Mastadenovirus; Mastadenovirus dominans	DNA	linear	35213			GW [76-19026]	false	ncbi-genbank	c7ba3bfd17b09e313da29ba0eecc537c7592cc1dcb27e014e63adb550d1f9fcc					52275	Human adenovirus D37		37			
DQ902712	318567	3428502	skip_species_in_catalogue	target	species taxid 3428502 already catalogued	DQ902712	DQ902712.1	Enterovirus B84	Enterovirus	Picornaviridae	Viruses; Riboviria; Orthornavirae; Pisuviricota; Pisoniviricetes; Picornavirales; Picornaviridae; Ensavirinae; Enterovirus; Enterovirus betacoxsackie	RNA	linear	7423			CIV2003-10603	false	ncbi-genbank	9b4c3d4c2b231096705a87a8da59580d5af5325fe4e13d99a75b50ca948fb201					318567	Enterovirus B84					
DQ902713	325447	3428502	skip_species_in_catalogue	target	species taxid 3428502 already catalogued	DQ902713	DQ902713.1	Enterovirus B100	Enterovirus	Picornaviridae	Viruses; Riboviria; Orthornavirae; Pisuviricota; Pisoniviricetes; Picornavirales; Picornaviridae; Ensavirinae; Enterovirus; Enterovirus betacoxsackie	RNA	linear	7421			BAN2000-10500	false	ncbi-genbank	5723b656db4668b08797a51fb5fe5dee1a528afba2e9c3012cb0e57492b87b68					325447	Enterovirus B100					
DQ995634	42770	3428505	skip_species_in_catalogue	target	species taxid 3428505 already catalogued	DQ995634	DQ995634.1	Coxsackievirus A11	Enterovirus	Picornaviridae	Viruses; Riboviria; Orthornavirae; Pisuviricota; Pisoniviricetes; Picornavirales; Picornaviridae; Ensavirinae; Enterovirus; Enterovirus coxsackiepol	RNA	linear	7454			BAN01-10589	false	ncbi-genbank	5e5ea662c0edee29f06be2ea0902596fc15af6d5cea94571948b75bc41d7f2ee					42770	Coxsackievirus A11	BAN01-10589				
DQ995640	42772	3428505	skip_species_in_catalogue	target	species taxid 3428505 already catalogued	DQ995640	DQ995640.1	Coxsackievirus A13	Enterovirus	Picornaviridae	Viruses; Riboviria; Orthornavirae; Pisuviricota; Pisoniviricetes; Picornavirales; Picornaviridae; Ensavirinae; Enterovirus; Enterovirus coxsackiepol	RNA	linear	7457			BAN99-10419	false	ncbi-genbank	29db18fc6db0c7526fc58a44aa1a508fb1b9998ccf7bc0c04cd3c758100b7181					42772	Coxsackievirus A13	BAN99-10419				
DQ995647	42783	3428505	skip_species_in_catalogue	target	species taxid 3428505 already catalogued	DQ995647	DQ995647.1	Coxsackievirus A22	Enterovirus	Picornaviridae	Viruses; Riboviria; Orthornavirae; Pisuviricota; Pisoniviricetes; Picornavirales; Picornaviridae; Ensavirinae; Enterovirus; Enterovirus coxsackiepol	RNA	linear	7401			ban99-10427	false	ncbi-genbank	db56a52dd5afd9d2c92fbe6839d05440ee34443391bfb1210182074b23af2462					42783	Coxsackievirus A22	ban99-10427				
EF015886	325445	3428505	skip_species_in_catalogue	target	species taxid 3428505 already catalogued	EF015886	EF015886.1	Enterovirus C96	Enterovirus	Picornaviridae	Viruses; Riboviria; Orthornavirae; Pisuviricota; Pisoniviricetes; Picornavirales; Picornaviridae; Ensavirinae; Enterovirus; Enterovirus coxsackiepol	RNA	linear	7478			BAN00-10488	false	ncbi-genbank	9bf441b199fec97f1da9f7e58eca555bcd8e7f4042ba14ff96e2717bf01be098					325445	Enterovirus C96	BAN00-10488				
EF107097	2015550	3428506	skip_species_in_catalogue	target	species taxid 3428506 already catalogued	EF107097	EF107097.1	enterovirus D94	Enterovirus	Picornaviridae	Viruses; Riboviria; Orthornavirae; Pisuviricota; Pisoniviricetes; Picornavirales; Picornaviridae; Ensavirinae; Enterovirus; Enterovirus deconjuncti	DNA	linear	7331			19/04	false	ncbi-genbank	f67246f787ff1fcabb9499e08446f824cfd4a4404b4a1a785dc0c2a4711bd41c					2015550	enterovirus D94					
EF117891	333751	337043	skip_species_in_catalogue	target	species taxid 337043 already catalogued	EF117891	EF117891.1	Human papillomavirus type 2	Alphapapillomavirus	Papillomaviridae	Viruses; Floreoviria; Shotokuvirae; Cossaviricota; Papovaviricetes; Zurhausenvirales; Papillomaviridae; Firstpapillomavirinae; Alphapapillomavirus; Alphapapillomavirus 4	DNA	circular	7859			CN-HB1	false	ncbi-genbank	2dcac317636a64aa2b41c111fc38dc0cc7fa8b414a7ca6e048770cbce673fcc6					333751	Human papillomavirus type 2					
EF121005	1145295	3241420	skip_species_in_catalogue	target	species taxid 3241420 already catalogued	EF121005	EF121005.1	Human adenovirus 64	Mastadenovirus	Adenoviridae	Viruses; Varidnaviria; Bamfordvirae; Preplasmiviricota; Polisuviricotina; Pharingeaviricetes; Rowavirales; Adenoviridae; Mastadenovirus; Mastadenovirus dominans	DNA	linear	35231			Carrel	false	ncbi-genbank	8eaf96c2900ee8494f2f5ff60bd79e96be405c9719398e0c4f52964b9572c02b					1145295	Human adenovirus 64	human/USA/C/1993/64[P22H19F37]				
EF127906	423446	1891764	skip_species_in_catalogue	target	species taxid 1891764 already catalogued	EF127906	EF127906.1	KI polyomavirus Stockholm 60	Betapolyomavirus	Polyomaviridae	Viruses; Floreoviria; Shotokuvirae; Cossaviricota; Papovaviricetes; Sepolyvirales; Polyomaviridae; Betapolyomavirus; Betapolyomavirus tertihominis	DNA	circular	5040			Stockholm 60	false	ncbi-genbank	e32a76a64bea239c660e4b4a0af4f18a6b557f30ccde539f07ed67339c140ef6					423446	KI polyomavirus Stockholm 60					
EF127907	423447	1891764	skip_species_in_catalogue	target	species taxid 1891764 already catalogued	EF127907	EF127907.1	KI polyomavirus Stockholm 350	Betapolyomavirus	Polyomaviridae	Viruses; Floreoviria; Shotokuvirae; Cossaviricota; Papovaviricetes; Sepolyvirales; Polyomaviridae; Betapolyomavirus; Betapolyomavirus tertihominis	DNA	circular	5040			Stockholm 350	false	ncbi-genbank	a0f1fa800a5d39b561a12da2a6fb568bbfb2dd4a221952b9aef637e52155ebe4					423447	KI polyomavirus Stockholm 350					
EF127908	423448	1891764	skip_species_in_catalogue	target	species taxid 1891764 already catalogued	EF127908	EF127908.1	KI polyomavirus Stockholm 380	Betapolyomavirus	Polyomaviridae	Viruses; Floreoviria; Shotokuvirae; Cossaviricota; Papovaviricetes; Sepolyvirales; Polyomaviridae; Betapolyomavirus; Betapolyomavirus tertihominis	DNA	circular	5040			Stockholm 380	false	ncbi-genbank	d86033ece8ba552948d7159bd7965f39716d0610893b3b1688666c804e6479a7					423448	KI polyomavirus Stockholm 380					
EF173414	39767	3428501	skip_species_in_catalogue	target	species taxid 3428501 already catalogued	EF173414	EF173414.1	rhinovirus A11	Enterovirus	Picornaviridae	Viruses; Riboviria; Orthornavirae; Pisuviricota; Pisoniviricetes; Picornavirales; Picornaviridae; Ensavirinae; Enterovirus; Enterovirus alpharhino	RNA	linear	7125				false	ncbi-genbank	f0b8910dcd7f7012a3b3c1862f4c6c9d634e25cc10518ebe19264083f6d379dd					39767	rhinovirus A11					
EF173415	147684	3428501	skip_species_in_catalogue	target	species taxid 3428501 already catalogued	EF173415	EF173415.1	rhinovirus A12	Enterovirus	Picornaviridae	Viruses; Riboviria; Orthornavirae; Pisuviricota; Pisoniviricetes; Picornavirales; Picornaviridae; Ensavirinae; Enterovirus; Enterovirus alpharhino	RNA	linear	7124				false	ncbi-genbank	30735763e8e3eab37c603a05bec471a8d9f810dbfd6ce093956b8bbbe81b3505					147684	rhinovirus A12					
EF173420	150904	3428503	skip_species_in_catalogue	target	species taxid 3428503 already catalogued	EF173420	EF173420.1	rhinovirus B17	Enterovirus	Picornaviridae	Viruses; Riboviria; Orthornavirae; Pisuviricota; Pisoniviricetes; Picornavirales; Picornaviridae; Ensavirinae; Enterovirus; Enterovirus betarhino	RNA	linear	7219				false	ncbi-genbank	edeb22ee93428efa43a6fa036ec0a81f3f191449b4a6ea915be90668237475c9					150904	rhinovirus B17					
EF173423	147680	3428503	skip_species_in_catalogue	target	species taxid 3428503 already catalogued	EF173423	EF173423.1	rhinovirus B37	Enterovirus	Picornaviridae	Viruses; Riboviria; Orthornavirae; Pisuviricota; Pisoniviricetes; Picornavirales; Picornaviridae; Ensavirinae; Enterovirus; Enterovirus betarhino	RNA	linear	7216				false	ncbi-genbank	0db9e7856a959784913768c9b9112b63fd083d26b1eb964579d2b3755a894eb4					147680	rhinovirus B37					
EF173425	167327	3428503	skip_species_in_catalogue	target	species taxid 3428503 already catalogued	EF173425	EF173425.1	rhinovirus B93	Enterovirus	Picornaviridae	Viruses; Riboviria; Orthornavirae; Pisuviricota; Pisoniviricetes; Picornavirales; Picornaviridae; Ensavirinae; Enterovirus; Enterovirus betarhino	RNA	linear	7215				false	ncbi-genbank	b3bb29e4a2643db47d67bb9ffae44df71fb7cb09fb2ed58ba08f4182735d2e80					167327	rhinovirus B93					
EF420157	99000	3433538	skip_species_in_catalogue	target	species taxid 3433538 already catalogued	EF420157	EF420157.1	Tanapox virus	Yatapoxvirus	Poxviridae	Viruses; Varidnaviria; Bamfordvirae; Nucleocytoviricota; Pokkesviricetes; Chitovirales; Poxviridae; Chordopoxvirinae; Yatapoxvirus; Yatapoxvirus tanapox	DNA	linear	144553			TPV-RoC	false	ncbi-genbank	7bffd23cb7cb973bce66946d4cc39d81fc6a199180ca9d86706e3f09b5abf0bc					99000	Tanapox virus					
EF424625	467339	3052230	skip_species_in_catalogue	target	species taxid 3052230 already catalogued	EF424625	EF424625.1	Hepatitis C virus subtype 6q	Orthohepacivirus	Hepaciviridae	Viruses; Riboviria; Orthornavirae; Kitrinoviricota; Flasuviricetes; Amarillovirales; Hepaciviridae; Orthohepacivirus; Orthohepacivirus hominis	RNA	linear	9463			QC99	false	ncbi-genbank	f5051c17df5bc7c112c8b31fa88a7f51d36b44d4bea0dc21e52bba299a934cb9					467339	Hepatitis C virus subtype 6q					
EF424626	438881	3052230	skip_species_in_catalogue	target	species taxid 3052230 already catalogued	EF424626	EF424626.1	Hepatitis C virus subtype 6p	Orthohepacivirus	Hepaciviridae	Viruses; Riboviria; Orthornavirae; Kitrinoviricota; Flasuviricetes; Amarillovirales; Hepaciviridae; Orthohepacivirus; Orthohepacivirus hominis	RNA	linear	9453			QC216	false	ncbi-genbank	2531bda327569df566dbc782507bf89e0ddd89f02dfd6637a84a8f5d533eef2a					438881	Hepatitis C virus subtype 6p					
EF424627	413257	3052230	skip_species_in_catalogue	target	species taxid 3052230 already catalogued	EF424627	EF424627.1	Hepatitis C virus subtype 6o	Orthohepacivirus	Hepaciviridae	Viruses; Riboviria; Orthornavirae; Kitrinoviricota; Flasuviricetes; Amarillovirales; Hepaciviridae; Orthohepacivirus; Orthohepacivirus hominis	RNA	linear	9450			QC227	false	ncbi-genbank	1b4a9744ceb2d06155f385310a9d6941d3447779d4230502b5576b5f54fb093d					413257	Hepatitis C virus subtype 6o					
EF424628	413256	3052230	skip_species_in_catalogue	target	species taxid 3052230 already catalogued	EF424628	EF424628.1	Hepatitis C virus subtype 6l	Orthohepacivirus	Hepaciviridae	Viruses; Riboviria; Orthornavirae; Kitrinoviricota; Flasuviricetes; Amarillovirales; Hepaciviridae; Orthohepacivirus; Orthohepacivirus hominis	RNA	linear	9453			537796	false	ncbi-genbank	6c1ef46eb52c22eb46eb0c528469bc426428d55ce37259d611f98b1f8dfd72ca					413256	Hepatitis C virus subtype 6l					
EF424629	438880	3052230	skip_species_in_catalogue	target	species taxid 3052230 already catalogued	EF424629	EF424629.1	Hepatitis C virus subtype 6c	Orthohepacivirus	Hepaciviridae	Viruses; Riboviria; Orthornavirae; Kitrinoviricota; Flasuviricetes; Amarillovirales; Hepaciviridae; Orthohepacivirus; Orthohepacivirus hominis	RNA	linear	9459			Th846	false	ncbi-genbank	e5d58c3e51ef5aa5cf778d2ef277333854bc3a31df3830e7633463e5c1755b5d					438880	Hepatitis C virus subtype 6c					
EF429197	449278	3048448	skip_species_in_catalogue	target	species taxid 3048448 already catalogued	EF429197	EF429197.1	West Nile virus SPU116/89	Euflavivirus	Flaviviridae	Viruses; Riboviria; Orthornavirae; Kitrinoviricota; Flasuviricetes; Amarillovirales; Flaviviridae; Orthoflavivirus; Euflavivirus; Orthoflavivirus nilense	RNA	linear	11052		Homo sapiens	SPU116/89	false	ncbi-genbank	e431bc7682bc3eb84905d5027ad2a96bb69d84803f7011fb8007ad716b9d55c6					449278	West Nile virus SPU116/89	SPU116/89				
EF429198	449277	3048448	skip_species_in_catalogue	target	species taxid 3048448 already catalogued	EF429198	EF429198.1	West Nile virus SA93/01	Euflavivirus	Flaviviridae	Viruses; Riboviria; Orthornavirae; Kitrinoviricota; Flasuviricetes; Amarillovirales; Flaviviridae; Orthoflavivirus; Euflavivirus; Orthoflavivirus nilense	RNA	linear	11052		Homo sapiens	SA93/01	false	ncbi-genbank	bc45c6b86cf019aabb2019cd78b3c0d407eb3a2b2efc6150fa0ccab37a1b4564					449277	West Nile virus SA93/01	SA93/01				
EF429199	449279	3048448	skip_species_in_catalogue	target	species taxid 3048448 already catalogued	EF429199	EF429199.1	West Nile virus SA381/00	Euflavivirus	Flaviviridae	Viruses; Riboviria; Orthornavirae; Kitrinoviricota; Flasuviricetes; Amarillovirales; Flaviviridae; Orthoflavivirus; Euflavivirus; Orthoflavivirus nilense	RNA	linear	11052		Homo sapiens	SA381/00	false	ncbi-genbank	e7102ad8139883b98af0e70d64154988351cf81cb0042e70e0dc182a5294ac63					449279	West Nile virus SA381/00	SA381/00				
EF429200	449280	3048448	skip_species_in_catalogue	target	species taxid 3048448 already catalogued	EF429200	EF429200.1	West Nile virus H442	Euflavivirus	Flaviviridae	Viruses; Riboviria; Orthornavirae; Kitrinoviricota; Flasuviricetes; Amarillovirales; Flaviviridae; Orthoflavivirus; Euflavivirus; Orthoflavivirus nilense	RNA	linear	11051		Homo sapiens	H442	false	ncbi-genbank	5f4016b56ee6e577d0a44cbc52da3eefbc3177f2c6b464d3ffaba9654b72f871					449280	West Nile virus H442	H442				
EF555644	1295563	3428505	skip_species_in_catalogue	target	species taxid 3428505 already catalogued	EF555644	EF555644.1	Enterovirus C99	Enterovirus	Picornaviridae	Viruses; Riboviria; Orthornavirae; Pisuviricota; Pisoniviricetes; Picornavirales; Picornaviridae; Ensavirinae; Enterovirus; Enterovirus coxsackiepol	RNA	linear	7447			USA-GA84-10636	false	ncbi-genbank	1f7716953465744d441eafae285f15e1470f705b193893c5a7b2b269e177b1e7					1295563	Enterovirus C99	USA-GA84-10636				
EF555645	2760818	3428505	skip_species_in_catalogue	target	species taxid 3428505 already catalogued	EF555645	EF555645.1	enterovirus C102	Enterovirus	Picornaviridae	Viruses; Riboviria; Orthornavirae; Pisuviricota; Pisoniviricetes; Picornavirales; Picornaviridae; Ensavirinae; Enterovirus; Enterovirus coxsackiepol	RNA	linear	7438			BAN99-10424	false	ncbi-genbank	d0b0dee405e05e1910ca11fc1a8b100855a00745719a3adf03fa1921ccb6e805					2760818	enterovirus C102	BAN99-10424				
EF564601	459785	3241406	skip_species_in_catalogue	target	species taxid 3241406 already catalogued	EF564601	EF564601.1	Human adenovirus 3+11p	Mastadenovirus	Adenoviridae	Viruses; Varidnaviria; Bamfordvirae; Preplasmiviricota; Polisuviricotina; Pharingeaviricetes; Rowavirales; Adenoviridae; Mastadenovirus; Mastadenovirus blackbeardi	DNA	linear	35355			OvAd2	false	ncbi-genbank	601d966505967d8548e2b06fde0b629b95078e692836715cd8e0f59156c75c8e					459785	Human adenovirus 3+11p	OvAd2	B			
EU037962	466217	3426298	skip_species_in_catalogue	target	species taxid 3426298 already catalogued	EU037962	EU037962.1	Chikungunya virus Wuerzburg 1	Alphavirus	Togaviridae	Viruses; Riboviria; Orthornavirae; Kitrinoviricota; Alsuviricetes; Martellivirales; Togaviridae; Alphavirus; Alphavirus chikungunya	RNA	linear	11805			Wuerzburg	false	ncbi-genbank	05fcedf875ae0e7ec4e4ce5eff7c8dc349582d731ddc5c2827d4517283a276aa					466217	Chikungunya virus Wuerzburg 1					
EU155216	2847144	3052230	skip_species_in_catalogue	target	species taxid 3052230 already catalogued	EU155216	EU155216.2	hepatitis C virus genotype 1a	Orthohepacivirus	Hepaciviridae	Viruses; Riboviria; Orthornavirae; Kitrinoviricota; Flasuviricetes; Amarillovirales; Hepaciviridae; Orthohepacivirus; Orthohepacivirus hominis	ss-RNA	linear	9298		Homo sapiens	HCV-1a/US/BID-V115/2001	false	ncbi-genbank	0144e506c5917372f8123e2bf34a1ee372382fcf30403a800604ffc44b9cf228					2847144	hepatitis C virus genotype 1a					
EU155260	31647	3052230	skip_species_in_catalogue	target	species taxid 3052230 already catalogued	EU155260	EU155260.2	Hepatitis C virus subtype 1b	Orthohepacivirus	Hepaciviridae	Viruses; Riboviria; Orthornavirae; Kitrinoviricota; Flasuviricetes; Amarillovirales; Hepaciviridae; Orthohepacivirus; Orthohepacivirus hominis	ss-RNA	linear	9329		Homo sapiens	HCV-1b/US/BID-V375/2006	false	ncbi-genbank	8d5d38a0aa665e04417ce3c88dbf5c31882d992ef29bea91fd45a54348f4f435					31647	Hepatitis C virus subtype 1b					
EU371559	353145	3418604	skip_species_in_catalogue	target	species taxid 3418604 already catalogued	EU371559	EU371559.1	SARS coronavirus ZJ02	Sarbecovirus	Coronaviridae	Viruses; Riboviria; Orthornavirae; Pisuviricota; Pisoniviricetes; Nidovirales; Cornidovirineae; Coronaviridae; Orthocoronavirinae; Betacoronavirus; Sarbecovirus; Betacoronavirus pandemicum	RNA	linear	29731				false	ncbi-genbank	b100821bdf5e0af2e38d3b6c8814e7a0c26e3a646463b7c3d8d604afe39f5c33					353145	SARS coronavirus ZJ02					
EU371560	511432	3418604	skip_species_in_catalogue	target	species taxid 3418604 already catalogued	EU371560	EU371560.1	SARS coronavirus BJ182a	Sarbecovirus	Coronaviridae	Viruses; Riboviria; Orthornavirae; Pisuviricota; Pisoniviricetes; Nidovirales; Cornidovirineae; Coronaviridae; Orthocoronavirinae; Betacoronavirus; Sarbecovirus; Betacoronavirus pandemicum	RNA	linear	29731				false	ncbi-genbank	96ebc78a010e0a1d5c6a262d67e236e941f2d4781dc6bbb08ac2c1bfd6359d10					511432	SARS coronavirus BJ182a					
EU371561	511433	3418604	skip_species_in_catalogue	target	species taxid 3418604 already catalogued	EU371561	EU371561.1	SARS coronavirus BJ182b	Sarbecovirus	Coronaviridae	Viruses; Riboviria; Orthornavirae; Pisuviricota; Pisoniviricetes; Nidovirales; Cornidovirineae; Coronaviridae; Orthocoronavirinae; Betacoronavirus; Sarbecovirus; Betacoronavirus pandemicum	RNA	linear	29602				false	ncbi-genbank	bb1c8a0a4e84dfaefbcc5fdc29482441ccfabfd6cbcfdbfbea4f2f2620fbfc79					511433	SARS coronavirus BJ182b					
EU371562	511430	3418604	skip_species_in_catalogue	target	species taxid 3418604 already catalogued	EU371562	EU371562.1	SARS coronavirus BJ182-4	Sarbecovirus	Coronaviridae	Viruses; Riboviria; Orthornavirae; Pisuviricota; Pisoniviricetes; Nidovirales; Cornidovirineae; Coronaviridae; Orthocoronavirinae; Betacoronavirus; Sarbecovirus; Betacoronavirus pandemicum	RNA	linear	29602				false	ncbi-genbank	40cd491b29c34057380e531454bdb2fbb71f80c7a2809230b6a741a8b7368cf5					511430	SARS coronavirus BJ182-4					
EU371563	511431	3418604	skip_species_in_catalogue	target	species taxid 3418604 already catalogued	EU371563	EU371563.1	SARS coronavirus BJ182-8	Sarbecovirus	Coronaviridae	Viruses; Riboviria; Orthornavirae; Pisuviricota; Pisoniviricetes; Nidovirales; Cornidovirineae; Coronaviridae; Orthocoronavirinae; Betacoronavirus; Sarbecovirus; Betacoronavirus pandemicum	RNA	linear	29602				false	ncbi-genbank	3b3b8cb5b53e070e3acff5070227f6c86f103e57b31d8355a6775141cb469837					511431	SARS coronavirus BJ182-8					
EU371564	511429	3418604	skip_species_in_catalogue	target	species taxid 3418604 already catalogued	EU371564	EU371564.1	SARS coronavirus BJ182-12	Sarbecovirus	Coronaviridae	Viruses; Riboviria; Orthornavirae; Pisuviricota; Pisoniviricetes; Nidovirales; Cornidovirineae; Coronaviridae; Orthocoronavirinae; Betacoronavirus; Sarbecovirus; Betacoronavirus pandemicum	RNA	linear	29512				false	ncbi-genbank	6fe33cec5a828fbc7edcb0f98d49e168563187f21be4ff0411123523505bc012					511429	SARS coronavirus BJ182-12					
EU410347	563190	333924	skip_species_in_catalogue	target	species taxid 333924 already catalogued	EU410347	EU410347.1	Human papillomavirus FA75/KI88-03	Betapapillomavirus	Papillomaviridae	Viruses; Floreoviria; Shotokuvirae; Cossaviricota; Papovaviricetes; Zurhausenvirales; Papillomaviridae; Firstpapillomavirinae; Betapapillomavirus; Betapapillomavirus 2	DNA	circular	7401			FA75[KI88-03]	false	ncbi-genbank	726fbdbae073848abf393819dc1ef1a81ead78c5b8af31264b5f95e6db2bdc57					563190	Human papillomavirus FA75/KI88-03					
EU627591	11226	3052556	skip_species_in_catalogue	target	species taxid 3052556 already catalogued	EU627591	EU627591.1	Human parainfluenza virus 4b	Orthorubulavirus	Paramyxoviridae	Viruses; Riboviria; Orthornavirae; Negarnaviricota; Haploviricotina; Monjiviricetes; Mononegavirales; Paramyxoviridae; Rubulavirinae; Orthorubulavirus; Orthorubulavirus hominis	cRNA	linear	17361			SKPIV4	false	ncbi-genbank	27348f9e6b33438286136010cbd226dc525dd8da08401b202fb13608163c8fa8					11226	Human parainfluenza virus 4b					
EU716175	602074	3431395	skip_species_in_catalogue	target	species taxid 3431395 already catalogued	EU716175	EU716175.1	Human parechovirus 8	Parechovirus	Picornaviridae	Viruses; Riboviria; Orthornavirae; Pisuviricota; Pisoniviricetes; Picornavirales; Picornaviridae; Paavivirinae; Parechovirus; Parechovirus ahumpari	RNA	linear	7353		Homo sapiens	BR/217/2006	false	ncbi-genbank	4b5234a6e6b5f5e9ecc868a679876e9e5f3d4b5ff3e1a4912c0d8f9bf9038922					602074	Human parechovirus 8					
EU918769	45240	337042	skip_species_in_catalogue	target	species taxid 337042 already catalogued	EU918769	EU918769.1	human papillomavirus 68	Alphapapillomavirus	Papillomaviridae	Viruses; Floreoviria; Shotokuvirae; Cossaviricota; Papovaviricetes; Zurhausenvirales; Papillomaviridae; Firstpapillomavirinae; Alphapapillomavirus; Alphapapillomavirus 7	DNA	circular	7834		Homo sapiens	LZod68-68	false	ncbi-genbank	b21b3be46380adb8daf763db6e7363a7a0b96d03ad17433bdde3da9f62752a04					45240	human papillomavirus 68					
FJ025899	585078	3241411	skip_species_in_catalogue	target	species taxid 3241411 already catalogued	FJ025899	FJ025899.1	Simian adenovirus 44	Mastadenovirus	Adenoviridae	Viruses; Varidnaviria; Bamfordvirae; Preplasmiviricota; Polisuviricotina; Pharingeaviricetes; Rowavirales; Adenoviridae; Mastadenovirus; Mastadenovirus caesari	DNA	linear	37711				false	ncbi-genbank	529ecf02e8ed4860bf6ddca506e867e32071d65163c14dc6e0e10530b1cce1e9					585078	Simian adenovirus 44					
FJ025900	585077	3241411	skip_species_in_catalogue	target	species taxid 3241411 already catalogued	FJ025900	FJ025900.1	Simian adenovirus 43	Mastadenovirus	Adenoviridae	Viruses; Varidnaviria; Bamfordvirae; Preplasmiviricota; Polisuviricotina; Pharingeaviricetes; Rowavirales; Adenoviridae; Mastadenovirus; Mastadenovirus caesari	DNA	linear	37188				false	ncbi-genbank	ae2ffb22d23d51c94b6b907e6599bc2978101c4ac02deec3aae27c0598122d87					585077	Simian adenovirus 43					
FJ025901	585079	3241411	skip_species_in_catalogue	target	species taxid 3241411 already catalogued	FJ025901	FJ025901.1	Simian adenovirus 45	Mastadenovirus	Adenoviridae	Viruses; Varidnaviria; Bamfordvirae; Preplasmiviricota; Polisuviricotina; Pharingeaviricetes; Rowavirales; Adenoviridae; Mastadenovirus; Mastadenovirus caesari	DNA	linear	37152				false	ncbi-genbank	4b418d9d81d54283891f7ba7d65ad624cfaf0087c1fbda47ac7742fe99214081					585079	Simian adenovirus 45					
FJ025902	585098	3241411	skip_species_in_catalogue	target	species taxid 3241411 already catalogued	FJ025902	FJ025902.1	Simian adenovirus 42.2	Mastadenovirus	Adenoviridae	Viruses; Varidnaviria; Bamfordvirae; Preplasmiviricota; Polisuviricotina; Pharingeaviricetes; Rowavirales; Adenoviridae; Mastadenovirus; Mastadenovirus caesari	DNA	linear	37820				false	ncbi-genbank	d42d9c07280d79f362ea48495275fdb65ff041f36aea6b7c2c1d082645877bba					585098	Simian adenovirus 42.2					
FJ025903	585097	3241411	skip_species_in_catalogue	target	species taxid 3241411 already catalogued	FJ025903	FJ025903.1	Simian adenovirus 42.1	Mastadenovirus	Adenoviridae	Viruses; Varidnaviria; Bamfordvirae; Preplasmiviricota; Polisuviricotina; Pharingeaviricetes; Rowavirales; Adenoviridae; Mastadenovirus; Mastadenovirus caesari	DNA	linear	37786				false	ncbi-genbank	88e896ff09e6c51cfef3149e5a63c6f0620d2a9f5e23cf60205da3f9cb4fbb81					585097	Simian adenovirus 42.1					
FJ025904	585088	3241411	skip_species_in_catalogue	target	species taxid 3241411 already catalogued	FJ025904	FJ025904.1	Simian adenovirus 31.2	Mastadenovirus	Adenoviridae	Viruses; Varidnaviria; Bamfordvirae; Preplasmiviricota; Polisuviricotina; Pharingeaviricetes; Rowavirales; Adenoviridae; Mastadenovirus; Mastadenovirus caesari	DNA	linear	37860				false	ncbi-genbank	9819de6a226969003687ee39872a621fa30e212b1c98c766a2fa88a77ae4ccaa					585088	Simian adenovirus 31.2					
FJ025905	585068	3241411	skip_species_in_catalogue	target	species taxid 3241411 already catalogued	FJ025905	FJ025905.1	Simian adenovirus 34	Mastadenovirus	Adenoviridae	Viruses; Varidnaviria; Bamfordvirae; Preplasmiviricota; Polisuviricotina; Pharingeaviricetes; Rowavirales; Adenoviridae; Mastadenovirus; Mastadenovirus caesari	DNA	linear	37799				false	ncbi-genbank	64233b8882814ad0b523d007d0feffebd2d68a69c3f276aef17830aed5a5755a					585068	Simian adenovirus 34					
FJ025906	585087	3241411	skip_species_in_catalogue	target	species taxid 3241411 already catalogued	FJ025906	FJ025906.1	Simian adenovirus 31.1	Mastadenovirus	Adenoviridae	Viruses; Varidnaviria; Bamfordvirae; Preplasmiviricota; Polisuviricotina; Pharingeaviricetes; Rowavirales; Adenoviridae; Mastadenovirus; Mastadenovirus caesari	DNA	linear	37828				false	ncbi-genbank	1f297e508fa22086b70ac8cfb922c196040027c152693c14bc0f0d19cea7ffbc					585087	Simian adenovirus 31.1					
FJ025907	585093	3241411	skip_species_in_catalogue	target	species taxid 3241411 already catalogued	FJ025907	FJ025907.1	Simian adenovirus 40.1	Mastadenovirus	Adenoviridae	Viruses; Varidnaviria; Bamfordvirae; Preplasmiviricota; Polisuviricotina; Pharingeaviricetes; Rowavirales; Adenoviridae; Mastadenovirus; Mastadenovirus caesari	DNA	linear	37718				false	ncbi-genbank	3f4cbb5e8effee53e960af696761f4b32c1fa48f6326d61c701b685e7bcd5865					585093	Simian adenovirus 40.1					
FJ025908	585067	3241406	skip_species_in_catalogue	target	species taxid 3241406 already catalogued	FJ025908	FJ025908.1	simian adenovirus 33	Mastadenovirus	Adenoviridae	Viruses; Varidnaviria; Bamfordvirae; Preplasmiviricota; Polisuviricotina; Pharingeaviricetes; Rowavirales; Adenoviridae; Mastadenovirus; Mastadenovirus blackbeardi	DNA	linear	35694				false	ncbi-genbank	9c6f15babc32fdfc0d99d4ff19437d0d342dcbdfbd27823e8b32c65cc9734253					585067	simian adenovirus 33					
FJ025909	585083	3241406	skip_species_in_catalogue	target	species taxid 3241406 already catalogued	FJ025909	FJ025909.1	simian adenovirus 27.1	Mastadenovirus	Adenoviridae	Viruses; Varidnaviria; Bamfordvirae; Preplasmiviricota; Polisuviricotina; Pharingeaviricetes; Rowavirales; Adenoviridae; Mastadenovirus; Mastadenovirus blackbeardi	DNA	linear	35592				false	ncbi-genbank	e6d9d01dc2240b833a56328cf691157be4f54e327f497ecb30c492ac59ba39a6					585083	simian adenovirus 27.1					
FJ025910	3132709	3241406	skip_species_in_catalogue	target	species taxid 3241406 already catalogued	FJ025910	FJ025910.1	simian adenovirus 35	Mastadenovirus	Adenoviridae	Viruses; Varidnaviria; Bamfordvirae; Preplasmiviricota; Polisuviricotina; Pharingeaviricetes; Rowavirales; Adenoviridae; Mastadenovirus; Mastadenovirus blackbeardi	DNA	linear	35620				false	ncbi-genbank	4c468e7f6e9dbfb0034c01cc6eb701ed4f80bf0d917955352c99fc614a16d4c4					3132709	simian adenovirus 35 (bonobo)					
FJ025911	585066	3241406	skip_species_in_catalogue	target	species taxid 3241406 already catalogued	FJ025911	FJ025911.1	simian adenovirus 32	Mastadenovirus	Adenoviridae	Viruses; Varidnaviria; Bamfordvirae; Preplasmiviricota; Polisuviricotina; Pharingeaviricetes; Rowavirales; Adenoviridae; Mastadenovirus; Mastadenovirus blackbeardi	DNA	linear	35588				false	ncbi-genbank	472a65ccecb1dc8169b0989dbbb0283d032a5fa541836150aff8828c7ddcd18d					585066	simian adenovirus 32					
FJ025912	585089	3241406	skip_species_in_catalogue	target	species taxid 3241406 already catalogued	FJ025912	FJ025912.1	simian adenovirus 35.1	Mastadenovirus	Adenoviridae	Viruses; Varidnaviria; Bamfordvirae; Preplasmiviricota; Polisuviricotina; Pharingeaviricetes; Rowavirales; Adenoviridae; Mastadenovirus; Mastadenovirus blackbeardi	DNA	linear	35606				false	ncbi-genbank	01686069ccc32e3b8371aad1907b57505e352a3cf0c6fbbf12f64fcdcceb8905					585089	simian adenovirus 35.1					
FJ025913	585095	3241406	skip_species_in_catalogue	target	species taxid 3241406 already catalogued	FJ025913	FJ025913.1	simian adenovirus 41.1	Mastadenovirus	Adenoviridae	Viruses; Varidnaviria; Bamfordvirae; Preplasmiviricota; Polisuviricotina; Pharingeaviricetes; Rowavirales; Adenoviridae; Mastadenovirus; Mastadenovirus blackbeardi	DNA	linear	35100				false	ncbi-genbank	0c7dd0dfbc87d4f30d2a558f3f63462a8d7dd479d81b42c78e536789b11bc524					585095	simian adenovirus 41.1					
FJ025914	585085	3241406	skip_species_in_catalogue	target	species taxid 3241406 already catalogued	FJ025914	FJ025914.1	simian adenovirus 28.1	Mastadenovirus	Adenoviridae	Viruses; Varidnaviria; Bamfordvirae; Preplasmiviricota; Polisuviricotina; Pharingeaviricetes; Rowavirales; Adenoviridae; Mastadenovirus; Mastadenovirus blackbeardi	DNA	linear	35610				false	ncbi-genbank	441f8d12189f83df856de033c5c2c1cf70340280535cdbedac81e5c4f72014a2					585085	simian adenovirus 28.1					
FJ025915	3132708	3241406	skip_species_in_catalogue	target	species taxid 3241406 already catalogued	FJ025915	FJ025915.1	simian adenovirus 28	Mastadenovirus	Adenoviridae	Viruses; Varidnaviria; Bamfordvirae; Preplasmiviricota; Polisuviricotina; Pharingeaviricetes; Rowavirales; Adenoviridae; Mastadenovirus; Mastadenovirus blackbeardi	DNA	linear	35612				false	ncbi-genbank	c2a1faa303d4ebd0a1a98a10087f6ee0bf73be6650eefa982ea74d4ffb4eeb32					3132708	simian adenovirus 28 (gorilla)					
FJ025916	585063	3241406	skip_species_in_catalogue	target	species taxid 3241406 already catalogued	FJ025916	FJ025916.1	simian adenovirus 29	Mastadenovirus	Adenoviridae	Viruses; Varidnaviria; Bamfordvirae; Preplasmiviricota; Polisuviricotina; Pharingeaviricetes; Rowavirales; Adenoviridae; Mastadenovirus; Mastadenovirus blackbeardi	DNA	linear	35646				false	ncbi-genbank	1b3111005232e3481f58f85b2de51a3757c4b0b6ab58233a1e24a288d0855b96					585063	simian adenovirus 29					
FJ025917	585070	3241425	skip_species_in_catalogue	target	species taxid 3241425 already catalogued	FJ025917	FJ025917.1	Simian adenovirus 36	Mastadenovirus	Adenoviridae	Viruses; Varidnaviria; Bamfordvirae; Preplasmiviricota; Polisuviricotina; Pharingeaviricetes; Rowavirales; Adenoviridae; Mastadenovirus; Mastadenovirus exoticum	DNA	linear	36556				false	ncbi-genbank	aadb2f6b793545d803f37f22c379ce6bc64b6762c527a43187be9667eb1d1331					585070	Simian adenovirus 36					
FJ025918	585082	3241425	skip_species_in_catalogue	target	species taxid 3241425 already catalogued	FJ025918	FJ025918.1	Simian adenovirus 25.2	Mastadenovirus	Adenoviridae	Viruses; Varidnaviria; Bamfordvirae; Preplasmiviricota; Polisuviricotina; Pharingeaviricetes; Rowavirales; Adenoviridae; Mastadenovirus; Mastadenovirus exoticum	DNA	linear	36629				false	ncbi-genbank	6b47293173008d488ec288131df9d85e2ced44a8d3cc6d03213353a194782da8					585082	Simian adenovirus 25.2					
FJ025919	585092	3241425	skip_species_in_catalogue	target	species taxid 3241425 already catalogued	FJ025919	FJ025919.1	Simian adenovirus 37.2	Mastadenovirus	Adenoviridae	Viruses; Varidnaviria; Bamfordvirae; Preplasmiviricota; Polisuviricotina; Pharingeaviricetes; Rowavirales; Adenoviridae; Mastadenovirus; Mastadenovirus exoticum	DNA	linear	36632				false	ncbi-genbank	853ac33a466135e1f7b86b089f064daf1f726c0709cf97baea851f00af2b17a3					585092	Simian adenovirus 37.2					
FJ025920	585064	3241425	skip_species_in_catalogue	target	species taxid 3241425 already catalogued	FJ025920	FJ025920.1	Simian adenovirus 30	Mastadenovirus	Adenoviridae	Viruses; Varidnaviria; Bamfordvirae; Preplasmiviricota; Polisuviricotina; Pharingeaviricetes; Rowavirales; Adenoviridae; Mastadenovirus; Mastadenovirus exoticum	DNA	linear	36621				false	ncbi-genbank	18b98ac49a433a8c754f7c66d3991c515db8974242be89b4b7f8119c6aefb209					585064	Simian adenovirus 30					
FJ025921	585091	3241425	skip_species_in_catalogue	target	species taxid 3241425 already catalogued	FJ025921	FJ025921.1	Simian adenovirus 37.1	Mastadenovirus	Adenoviridae	Viruses; Varidnaviria; Bamfordvirae; Preplasmiviricota; Polisuviricotina; Pharingeaviricetes; Rowavirales; Adenoviridae; Mastadenovirus; Mastadenovirus exoticum	DNA	linear	36635				false	ncbi-genbank	b2e2bfa266a897265f1d69e3b7e364c1aff5edcdee86344e552869030238e09d					585091	Simian adenovirus 37.1					
FJ025922	585072	3241425	skip_species_in_catalogue	target	species taxid 3241425 already catalogued	FJ025922	FJ025922.1	Simian adenovirus 38	Mastadenovirus	Adenoviridae	Viruses; Varidnaviria; Bamfordvirae; Preplasmiviricota; Polisuviricotina; Pharingeaviricetes; Rowavirales; Adenoviridae; Mastadenovirus; Mastadenovirus exoticum	DNA	linear	36494				false	ncbi-genbank	18a5bce1a2e38c1e2797ea0404df4d080fec06ab2c9c71ac6cc4d68548de1f4a					585072	Simian adenovirus 38					
FJ025923	585060	3241425	skip_species_in_catalogue	target	species taxid 3241425 already catalogued	FJ025923	FJ025923.1	Simian adenovirus 26	Mastadenovirus	Adenoviridae	Viruses; Varidnaviria; Bamfordvirae; Preplasmiviricota; Polisuviricotina; Pharingeaviricetes; Rowavirales; Adenoviridae; Mastadenovirus; Mastadenovirus exoticum	DNA	linear	36628				false	ncbi-genbank	8128ee9cad234e276b1085f6cc30a0fc97fee7906e9555cb6b7724b7147c711b					585060	Simian adenovirus 26					
FJ025924	585073	3241425	skip_species_in_catalogue	target	species taxid 3241425 already catalogued	FJ025924	FJ025924.1	Simian adenovirus 39	Mastadenovirus	Adenoviridae	Viruses; Varidnaviria; Bamfordvirae; Preplasmiviricota; Polisuviricotina; Pharingeaviricetes; Rowavirales; Adenoviridae; Mastadenovirus; Mastadenovirus exoticum	DNA	linear	36553				false	ncbi-genbank	b5361b60f265f0fa04e4042a97f6b1a0ef03b67dad8ed7c8fae1652ed1e5c728					585073	Simian adenovirus 39					
FJ025925	585099	3241411	skip_species_in_catalogue	target	species taxid 3241411 already catalogued	FJ025925	FJ025925.1	Simian adenovirus 42.3	Mastadenovirus	Adenoviridae	Viruses; Varidnaviria; Bamfordvirae; Preplasmiviricota; Polisuviricotina; Pharingeaviricetes; Rowavirales; Adenoviridae; Mastadenovirus; Mastadenovirus caesari	DNA	linear	37820				false	ncbi-genbank	619f044d5ba868a1a813cc0f0bc9887451c6a9b394c71892ee67b5b663c08331					585099	Simian adenovirus 42.3					
FJ025926	585094	3241411	skip_species_in_catalogue	target	species taxid 3241411 already catalogued	FJ025926	FJ025926.1	Simian adenovirus 40.2	Mastadenovirus	Adenoviridae	Viruses; Varidnaviria; Bamfordvirae; Preplasmiviricota; Polisuviricotina; Pharingeaviricetes; Rowavirales; Adenoviridae; Mastadenovirus; Mastadenovirus caesari	DNA	linear	37729				false	ncbi-genbank	7527d3c8a320c78186ab746d1268ebfbf42768cfe045ab4b269f704d5b3cd64c					585094	Simian adenovirus 40.2					
FJ025927	585096	3241406	skip_species_in_catalogue	target	species taxid 3241406 already catalogued	FJ025927	FJ025927.1	simian adenovirus 41.2	Mastadenovirus	Adenoviridae	Viruses; Varidnaviria; Bamfordvirae; Preplasmiviricota; Polisuviricotina; Pharingeaviricetes; Rowavirales; Adenoviridae; Mastadenovirus; Mastadenovirus blackbeardi	DNA	linear	35767				false	ncbi-genbank	91df88a63cba771282ff5aa9e3186a25a2468feb36adbe9295bda4e82f2f3009					585096	simian adenovirus 41.2					
FJ025928	585084	3241406	skip_species_in_catalogue	target	species taxid 3241406 already catalogued	FJ025928	FJ025928.1	simian adenovirus 27.2	Mastadenovirus	Adenoviridae	Viruses; Varidnaviria; Bamfordvirae; Preplasmiviricota; Polisuviricotina; Pharingeaviricetes; Rowavirales; Adenoviridae; Mastadenovirus; Mastadenovirus blackbeardi	DNA	linear	35672				false	ncbi-genbank	7d57bf663af0d60279328cffc818e0ff638d57795cec016449eb8f6c86082776					585084	simian adenovirus 27.2					
FJ025929	585081	3241406	skip_species_in_catalogue	target	species taxid 3241406 already catalogued	FJ025929	FJ025929.1	simian adenovirus 47	Mastadenovirus	Adenoviridae	Viruses; Varidnaviria; Bamfordvirae; Preplasmiviricota; Polisuviricotina; Pharingeaviricetes; Rowavirales; Adenoviridae; Mastadenovirus; Mastadenovirus blackbeardi	DNA	linear	35563				false	ncbi-genbank	0ded17dbf1e5293e67c873143210e40c9cde6660fc2703a935b5e2eaf2779c95					585081	simian adenovirus 47					
FJ025930	585080	3241406	skip_species_in_catalogue	target	species taxid 3241406 already catalogued	FJ025930	FJ025930.1	simian adenovirus 46	Mastadenovirus	Adenoviridae	Viruses; Varidnaviria; Bamfordvirae; Preplasmiviricota; Polisuviricotina; Pharingeaviricetes; Rowavirales; Adenoviridae; Mastadenovirus; Mastadenovirus blackbeardi	DNA	linear	35608				false	ncbi-genbank	31a36ddb9795b41acf1be5213c9cabda6fc054f52b2b06b50e429801556e4fcf					585080	simian adenovirus 46					
FJ169625	556926	3241420	skip_species_in_catalogue	target	species taxid 3241420 already catalogued	FJ169625	FJ169625.1	Human adenovirus 53	Mastadenovirus	Adenoviridae	Viruses; Varidnaviria; Bamfordvirae; Preplasmiviricota; Polisuviricotina; Pharingeaviricetes; Rowavirales; Adenoviridae; Mastadenovirus; Mastadenovirus dominans	DNA	linear	34909			human/DEU/IAI-1/2005/53[P37H22F8]	false	ncbi-genbank	3ca528e617d62e3eeec7e3fd86c46ef2019197b5a723744a70c0e71822779b62					556926	Human adenovirus 53	human/DEU/IAI-1/2005/53[P37H22F8]				
FJ170278	2773471	3052041	skip_species_in_catalogue	target	species taxid 3052041 already catalogued	FJ170278	FJ170278.1	human bocavirus 2c	Bocaparvovirus	Parvoviridae	Viruses; Floreoviria; Shotokuvirae; Cossaviricota; Quintoviricetes; Piccovirales; Parvoviridae; Parvovirinae; Bocaparvovirus; Bocaparvovirus primate2	DNA	linear	5196		Homo sapiens	PK-5510	false	ncbi-genbank	2ccb5be8b507251af1ddf6d06844d28253e0232a6340511a3ded194ba5381382					2773471	human bocavirus 2c					
FJ349096	10534	3241411	skip_species_in_catalogue	target	species taxid 3241411 already catalogued	FJ349096	FJ349096.1	Human adenovirus 6	Mastadenovirus	Adenoviridae	Viruses; Varidnaviria; Bamfordvirae; Preplasmiviricota; Polisuviricotina; Pharingeaviricetes; Rowavirales; Adenoviridae; Mastadenovirus; Mastadenovirus caesari	DNA	linear	35758		Homo sapiens	Tonsil 99 prototype	false	ncbi-genbank	dd0826a1aa21fdba97ddea64bc49b1c13747e6484f2140a112e5bd63aa1df8f0					10534	Human adenovirus 6	Tonsil 99 prototype				
FJ361772	621277	3431302	skip_species_in_catalogue	target	species taxid 3431302 already catalogued	FJ361772	FJ361772.1	Hepatitis B virus 146/Thailand	Orthohepadnavirus	Hepadnaviridae	Viruses; Riboviria; Pararnavirae; Artverviricota; Revtraviricetes; Blubervirales; Hepadnaviridae; Orthohepadnavirus; Orthohepadnavirus hominoidei	DNA	circular	3197				false	ncbi-genbank	70317960f9bf4b7813c93c805e16ef32a342a2653a0b87aaed6d78af0c92f44e					621277	Hepatitis B virus 146/Thailand					
FJ375129	1108927	3052041	skip_species_in_catalogue	target	species taxid 3052041 already catalogued	FJ375129	FJ375129.1	Human bocavirus isolate SH3	Bocaparvovirus	Parvoviridae	Viruses; Floreoviria; Shotokuvirae; Cossaviricota; Quintoviricetes; Piccovirales; Parvoviridae; Parvovirinae; Bocaparvovirus; Bocaparvovirus primate2	DNA	linear	5238		Homo sapiens	SH3	false	ncbi-genbank	9102bef4ee151bab887a920317d53ac8e944b9d751d3a27fbf24af41b354c682					1108927	Human bocavirus isolate SH3					
FJ404771	46924	3241420	skip_species_in_catalogue	target	species taxid 3241420 already catalogued	FJ404771	FJ404771.1	Human adenovirus 22	Mastadenovirus	Adenoviridae	Viruses; Varidnaviria; Bamfordvirae; Preplasmiviricota; Polisuviricotina; Pharingeaviricetes; Rowavirales; Adenoviridae; Mastadenovirus; Mastadenovirus dominans	DNA	linear	35166		Homo sapiens	AV-2711	false	ncbi-genbank	8f836e654a3595acc3c0a9fd808d571c438c034de2b70dd2fdcd451083a67ff2					46924	Human adenovirus 22		22			
FJ415324	166124	3433757	skip_species_in_catalogue	target	species taxid 3433757 already catalogued	FJ415324	FJ415324.1	Human enteric coronavirus 4408	Embecovirus	Coronaviridae	Viruses; Riboviria; Orthornavirae; Pisuviricota; Pisoniviricetes; Nidovirales; Cornidovirineae; Coronaviridae; Orthocoronavirinae; Betacoronavirus; Embecovirus; Betacoronavirus gravedinis	RNA	linear	31029		Homo sapiens	4408	false	ncbi-genbank	e87dfbb2da18aa3638f6f068ce3c97d1627a12fc86f72eafa6c86eddbed309b6					166124	Human enteric coronavirus 4408					
FJ445112	147714	3428503	skip_species_in_catalogue	target	species taxid 3428503 already catalogued	FJ445112	FJ445112.1	rhinovirus B5	Enterovirus	Picornaviridae	Viruses; Riboviria; Orthornavirae; Pisuviricota; Pisoniviricetes; Picornavirales; Picornaviridae; Ensavirinae; Enterovirus; Enterovirus betarhino	ss-RNA	linear	7212			ATCC VR-485	false	ncbi-genbank	bb849f6745ea6a865601864065619d766fdccf3bed97c4141f57688130d1bea9					147714	rhinovirus B5	ATCC VR-485				
FJ445113	185890	3428501	skip_species_in_catalogue	target	species taxid 3428501 already catalogued	FJ445113	FJ445113.1	rhinovirus A8	Enterovirus	Picornaviridae	Viruses; Riboviria; Orthornavirae; Pisuviricota; Pisoniviricetes; Picornavirales; Picornaviridae; Ensavirinae; Enterovirus; Enterovirus alpharhino	ss-RNA	linear	7108			ATCC VR-1118	false	ncbi-genbank	5e1d10f0815927a2652a5d2ca489b29b9804b2f1888a6e4662ece59f2e120e18					185890	rhinovirus A8	ATCC VR-1118				
FJ445114	185891	3428501	skip_species_in_catalogue	target	species taxid 3428501 already catalogued	FJ445114	FJ445114.1	rhinovirus A9	Enterovirus	Picornaviridae	Viruses; Riboviria; Orthornavirae; Pisuviricota; Pisoniviricetes; Picornavirales; Picornaviridae; Ensavirinae; Enterovirus; Enterovirus alpharhino	ss-RNA	linear	7134		Homo sapiens nasal	F01	false	ncbi-genbank	127a8ece832da6cd45396d61e82fdf454ae3f7eefa30e47ba95ebf240ee53fd8					185891	rhinovirus A9					
FJ445116	185893	3428501	skip_species_in_catalogue	target	species taxid 3428501 already catalogued	FJ445116	FJ445116.1	rhinovirus A13	Enterovirus	Picornaviridae	Viruses; Riboviria; Orthornavirae; Pisuviricota; Pisoniviricetes; Picornavirales; Picornaviridae; Ensavirinae; Enterovirus; Enterovirus alpharhino	ss-RNA	linear	7140			ATCC VR-1123	false	ncbi-genbank	bed0f5f73ccde5c96fd7dcdfb783e454b383be5b92e210eb1cb208bcedc124e2					185893	rhinovirus A13	ATCC VR-1123				
FJ445118	147674	3428501	skip_species_in_catalogue	target	species taxid 3428501 already catalogued	FJ445118	FJ445118.1	rhinovirus A18	Enterovirus	Picornaviridae	Viruses; Riboviria; Orthornavirae; Pisuviricota; Pisoniviricetes; Picornavirales; Picornaviridae; Ensavirinae; Enterovirus; Enterovirus alpharhino	ss-RNA	linear	7119			ATCC VR-1128	false	ncbi-genbank	281952c3a7af558ec4208eee24c6d3fba456cb40eda3d78e5cbb33776a0c48c6					147674	rhinovirus A18	ATCC VR-1128				
FJ445119	185895	3428501	skip_species_in_catalogue	target	species taxid 3428501 already catalogued	FJ445119	FJ445119.1	rhinovirus A19	Enterovirus	Picornaviridae	Viruses; Riboviria; Orthornavirae; Pisuviricota; Pisoniviricetes; Picornavirales; Picornaviridae; Ensavirinae; Enterovirus; Enterovirus alpharhino	ss-RNA	linear	7135			ATCC VR-1129	false	ncbi-genbank	7f3227e1e840008a7ff611637974c21e016845eaddad6a50ae2e58fcefcfbef8					185895	rhinovirus A19	ATCC VR-1129				
FJ445120	147675	3428501	skip_species_in_catalogue	target	species taxid 3428501 already catalogued	FJ445120	FJ445120.1	rhinovirus A20	Enterovirus	Picornaviridae	Viruses; Riboviria; Orthornavirae; Pisuviricota; Pisoniviricetes; Picornavirales; Picornaviridae; Ensavirinae; Enterovirus; Enterovirus alpharhino	ss-RNA	linear	7163			ATCC VR-1130	false	ncbi-genbank	c2b7588f49f74cd2f1a783809fb42ecf01f82d12a6764f3ca66a95320fb8c7d8					147675	rhinovirus A20	ATCC VR-1130				
FJ445121	44128	3428501	skip_species_in_catalogue	target	species taxid 3428501 already catalogued	FJ445121	FJ445121.1	rhinovirus A21	Enterovirus	Picornaviridae	Viruses; Riboviria; Orthornavirae; Pisuviricota; Pisoniviricetes; Picornavirales; Picornaviridae; Ensavirinae; Enterovirus; Enterovirus alpharhino	ss-RNA	linear	7134			ATCC VR-1131	false	ncbi-genbank	3db9452b89090902e35853ef26eb837f37ea810e9ab4f01fb71cb98aeba5b76a					44128	rhinovirus A21	ATCC VR-1131				
FJ445122	185896	3428501	skip_species_in_catalogue	target	species taxid 3428501 already catalogued	FJ445122	FJ445122.1	rhinovirus A22	Enterovirus	Picornaviridae	Viruses; Riboviria; Orthornavirae; Pisuviricota; Pisoniviricetes; Picornavirales; Picornaviridae; Ensavirinae; Enterovirus; Enterovirus alpharhino	ss-RNA	linear	7129			ATCC VR-1132	false	ncbi-genbank	ff48a96459d7abc63a86708447d30f7c4e486cc09e607aebeed1ea5f7ca7725c					185896	rhinovirus A22	ATCC VR-1132				
FJ445123	185898	3428501	skip_species_in_catalogue	target	species taxid 3428501 already catalogued	FJ445123	FJ445123.1	rhinovirus A25	Enterovirus	Picornaviridae	Viruses; Riboviria; Orthornavirae; Pisuviricota; Pisoniviricetes; Picornavirales; Picornaviridae; Ensavirinae; Enterovirus; Enterovirus alpharhino	ss-RNA	linear	7126			ATCC VR-1135	false	ncbi-genbank	eac2cf4c269e8fba4158dace3ace2f1c4b17f309b6bce6441d9fab80576b2730					185898	rhinovirus A25	ATCC VR-1135				
FJ445124	185899	3428503	skip_species_in_catalogue	target	species taxid 3428503 already catalogued	FJ445124	FJ445124.1	rhinovirus B26	Enterovirus	Picornaviridae	Viruses; Riboviria; Orthornavirae; Pisuviricota; Pisoniviricetes; Picornavirales; Picornaviridae; Ensavirinae; Enterovirus; Enterovirus betarhino	ss-RNA	linear	7211			ATCC VR-1136	false	ncbi-genbank	6ac3ee24881a98b25a2d6f377b322da09a5040ea15d16d5b34d3ac49ac9f571f					185899	rhinovirus B26	ATCC VR-1136				
FJ445125	44129	3428501	skip_species_in_catalogue	target	species taxid 3428501 already catalogued	FJ445125	FJ445125.1	rhinovirus A29	Enterovirus	Picornaviridae	Viruses; Riboviria; Orthornavirae; Pisuviricota; Pisoniviricetes; Picornavirales; Picornaviridae; Ensavirinae; Enterovirus; Enterovirus alpharhino	ss-RNA	linear	7123			ATCC VR-1139	false	ncbi-genbank	ccecdbdff326ead5acfba70732730af0cb80caa9dceb9b3949006550c76e2d0d					44129	rhinovirus A29	ATCC VR-1139				
FJ445126	185902	3428501	skip_species_in_catalogue	target	species taxid 3428501 already catalogued	FJ445126	FJ445126.1	rhinovirus A31	Enterovirus	Picornaviridae	Viruses; Riboviria; Orthornavirae; Pisuviricota; Pisoniviricetes; Picornavirales; Picornaviridae; Ensavirinae; Enterovirus; Enterovirus alpharhino	ss-RNA	linear	7131			ATCC VR-506	false	ncbi-genbank	46be5ab06233c67295849f00d26b464175a6fee987d47e8755e42b8828b08a49					185902	rhinovirus A31	ATCC VR-506				
FJ445127	185903	3428501	skip_species_in_catalogue	target	species taxid 3428501 already catalogued	FJ445127	FJ445127.1	rhinovirus A32	Enterovirus	Picornaviridae	Viruses; Riboviria; Orthornavirae; Pisuviricota; Pisoniviricetes; Picornavirales; Picornaviridae; Ensavirinae; Enterovirus; Enterovirus alpharhino	ss-RNA	linear	7133			ATCC VR-1142	false	ncbi-genbank	2b899aaeae6d677d33704513c0e6a5f4d659953199c39a31e1c8ecb77a89bbb0					185903	rhinovirus A32	ATCC VR-1142				
FJ445128	185904	3428501	skip_species_in_catalogue	target	species taxid 3428501 already catalogued	FJ445128	FJ445128.1	rhinovirus A33	Enterovirus	Picornaviridae	Viruses; Riboviria; Orthornavirae; Pisuviricota; Pisoniviricetes; Picornavirales; Picornaviridae; Ensavirinae; Enterovirus; Enterovirus alpharhino	ss-RNA	linear	7133			ATCC VR-330	false	ncbi-genbank	8938fcfcc02fc43b3f08802e4e7e5ffa44d0879f89893df13532167ebf198201					185904	rhinovirus A33	ATCC VR-330				
FJ445129	185908	3428501	skip_species_in_catalogue	target	species taxid 3428501 already catalogued	FJ445129	FJ445129.1	rhinovirus A40	Enterovirus	Picornaviridae	Viruses; Riboviria; Orthornavirae; Pisuviricota; Pisoniviricetes; Picornavirales; Picornaviridae; Ensavirinae; Enterovirus; Enterovirus alpharhino	ss-RNA	linear	7138			ATCC VR-341	false	ncbi-genbank	4b06c05a447a3bb63bd975596920e068a47b1dca26e7824f3e7af70ca9e56885					185908	rhinovirus A40	ATCC VR-341				
FJ445130	147683	3428503	skip_species_in_catalogue	target	species taxid 3428503 already catalogued	FJ445130	FJ445130.1	rhinovirus B42	Enterovirus	Picornaviridae	Viruses; Riboviria; Orthornavirae; Pisuviricota; Pisoniviricetes; Picornavirales; Picornaviridae; Ensavirinae; Enterovirus; Enterovirus betarhino	ss-RNA	linear	7223			ATCC VR-338	false	ncbi-genbank	153a6330b98afdfa44bbc3f625c9e219a2777e8a17e78666c6a2b720d0344c79					147683	rhinovirus B42	ATCC VR-338				
FJ445131	167321	3428501	skip_species_in_catalogue	target	species taxid 3428501 already catalogued	FJ445131	FJ445131.1	rhinovirus A43	Enterovirus	Picornaviridae	Viruses; Riboviria; Orthornavirae; Pisuviricota; Pisoniviricetes; Picornavirales; Picornaviridae; Ensavirinae; Enterovirus; Enterovirus alpharhino	ss-RNA	linear	7129			ATCC VR-1153	false	ncbi-genbank	647e1692c20fa3d9ba5f40c7391d48cac94bc248c1b1970f714a133204811e34					167321	rhinovirus A43	ATCC VR-1153				
FJ445132	147676	3428501	skip_species_in_catalogue	target	species taxid 3428501 already catalogued	FJ445132	FJ445132.1	rhinovirus A45	Enterovirus	Picornaviridae	Viruses; Riboviria; Orthornavirae; Pisuviricota; Pisoniviricetes; Picornavirales; Picornaviridae; Ensavirinae; Enterovirus; Enterovirus alpharhino	ss-RNA	linear	7114			ATCC VR-1155	false	ncbi-genbank	d418f494f4603a1eb55a8bcdb83646c58b2617c0345e062c9235d8b947493a8c					147676	rhinovirus A45	ATCC VR-1155				
FJ445133	185911	3428501	skip_species_in_catalogue	target	species taxid 3428501 already catalogued	FJ445133	FJ445133.1	rhinovirus A47	Enterovirus	Picornaviridae	Viruses; Riboviria; Orthornavirae; Pisuviricota; Pisoniviricetes; Picornavirales; Picornaviridae; Ensavirinae; Enterovirus; Enterovirus alpharhino	ss-RNA	linear	7132			ATCC VR-1157	false	ncbi-genbank	73b8c76cfc8b03740f0db865e35c7bf0e0b988498e8a71016717a826439772a6					185911	rhinovirus A47	ATCC VR-1157				
FJ445134	44131	3428501	skip_species_in_catalogue	target	species taxid 3428501 already catalogued	FJ445134	FJ445134.1	rhinovirus A49	Enterovirus	Picornaviridae	Viruses; Riboviria; Orthornavirae; Pisuviricota; Pisoniviricetes; Picornavirales; Picornaviridae; Ensavirinae; Enterovirus; Enterovirus alpharhino	ss-RNA	linear	7109		Homo sapiens nasal	F04	false	ncbi-genbank	47e1a935c00327f74788018af8029cd3978e5e57ee6625c2569c4dc282355eaf					44131	rhinovirus A49					
FJ445135	44132	3428501	skip_species_in_catalogue	target	species taxid 3428501 already catalogued	FJ445135	FJ445135.1	rhinovirus A50	Enterovirus	Picornaviridae	Viruses; Riboviria; Orthornavirae; Pisuviricota; Pisoniviricetes; Picornavirales; Picornaviridae; Ensavirinae; Enterovirus; Enterovirus alpharhino	ss-RNA	linear	7118			ATCC VR-517	false	ncbi-genbank	da66fd15ee870e3d96141763363f2486c2055b3316efa7b2cf269321a4406ecc					44132	rhinovirus A50	ATCC VR-517				
FJ445136	185912	3428501	skip_species_in_catalogue	target	species taxid 3428501 already catalogued	FJ445136	FJ445136.1	rhinovirus A51	Enterovirus	Picornaviridae	Viruses; Riboviria; Orthornavirae; Pisuviricota; Pisoniviricetes; Picornavirales; Picornaviridae; Ensavirinae; Enterovirus; Enterovirus alpharhino	ss-RNA	linear	7152			ATCC VR-1161	false	ncbi-genbank	6ba0418bd58e8242c63d79626cdd89b1caa7d75165d369930d111be6cf8412c8					185912	rhinovirus A51	ATCC VR-1161				
FJ445138	185914	3428501	skip_species_in_catalogue	target	species taxid 3428501 already catalogued	FJ445138	FJ445138.1	rhinovirus A54	Enterovirus	Picornaviridae	Viruses; Riboviria; Orthornavirae; Pisuviricota; Pisoniviricetes; Picornavirales; Picornaviridae; Ensavirinae; Enterovirus; Enterovirus alpharhino	ss-RNA	linear	7134			ATCC VR-1164	false	ncbi-genbank	f7e2d4555ce6bb02a49b36c82e7e1cf525c3fb1448c42ebe75eb3e1ba322e601					185914	rhinovirus A54	ATCC VR-1164				
FJ445140	185916	3428501	skip_species_in_catalogue	target	species taxid 3428501 already catalogued	FJ445140	FJ445140.1	rhinovirus A56	Enterovirus	Picornaviridae	Viruses; Riboviria; Orthornavirae; Pisuviricota; Pisoniviricetes; Picornavirales; Picornaviridae; Ensavirinae; Enterovirus; Enterovirus alpharhino	ss-RNA	linear	7136			ATCC VR-1166	false	ncbi-genbank	537fd81eaac4eb52921364acc8120da78fc8e92e75d0ec633c09fd09b5098f2d					185916	rhinovirus A56	ATCC VR-1166				
FJ445141	185917	3428501	skip_species_in_catalogue	target	species taxid 3428501 already catalogued	FJ445141	FJ445141.1	rhinovirus A57	Enterovirus	Picornaviridae	Viruses; Riboviria; Orthornavirae; Pisuviricota; Pisoniviricetes; Picornavirales; Picornaviridae; Ensavirinae; Enterovirus; Enterovirus alpharhino	ss-RNA	linear	7134		Homo sapiens nasal	fs ship#1-hrv-57	false	ncbi-genbank	2779c1defd96f0529ed5377341922efcae28378e6dd7fc5954cd48c363ef591e					185917	rhinovirus A57					
FJ445142	44133	3428501	skip_species_in_catalogue	target	species taxid 3428501 already catalogued	FJ445142	FJ445142.1	rhinovirus A58	Enterovirus	Picornaviridae	Viruses; Riboviria; Orthornavirae; Pisuviricota; Pisoniviricetes; Picornavirales; Picornaviridae; Ensavirinae; Enterovirus; Enterovirus alpharhino	ss-RNA	linear	7140			ATCC VR-1168	false	ncbi-genbank	5fe4c234520eab1fa50ca7f5352095d5883f186ea3408b955f1b70766d53048e					44133	rhinovirus A58	ATCC VR-1168				
FJ445143	185919	3428501	skip_species_in_catalogue	target	species taxid 3428501 already catalogued	FJ445143	FJ445143.1	rhinovirus A60	Enterovirus	Picornaviridae	Viruses; Riboviria; Orthornavirae; Pisuviricota; Pisoniviricetes; Picornavirales; Picornaviridae; Ensavirinae; Enterovirus; Enterovirus alpharhino	ss-RNA	linear	7139			ATCC VR-1473	false	ncbi-genbank	6f267b8ac8d38943673452d844477dbdf0beaf700c56a866077ed3cd176e8ebb					185919	rhinovirus A60	ATCC VR-1473				
FJ445144	185920	3428501	skip_species_in_catalogue	target	species taxid 3428501 already catalogued	FJ445144	FJ445144.1	rhinovirus A61	Enterovirus	Picornaviridae	Viruses; Riboviria; Orthornavirae; Pisuviricota; Pisoniviricetes; Picornavirales; Picornaviridae; Ensavirinae; Enterovirus; Enterovirus alpharhino	ss-RNA	linear	7139			ATCC VR-1171	false	ncbi-genbank	de17295a71bbb0a5d474d1e0f4c68fe75860e0cf4c6900858bb1f53b50e02017					185920	rhinovirus A61	ATCC VR-1171				
FJ445145	44134	3428501	skip_species_in_catalogue	target	species taxid 3428501 already catalogued	FJ445145	FJ445145.1	rhinovirus A62	Enterovirus	Picornaviridae	Viruses; Riboviria; Orthornavirae; Pisuviricota; Pisoniviricetes; Picornavirales; Picornaviridae; Ensavirinae; Enterovirus; Enterovirus alpharhino	ss-RNA	linear	7131			ATCC VR-1172	false	ncbi-genbank	e137a6c94c5b5f812ff3dcfc3d970d4ac5d99da933610daca36909e7dab8a81c					44134	rhinovirus A62	ATCC VR-1172				
FJ445146	185921	3428501	skip_species_in_catalogue	target	species taxid 3428501 already catalogued	FJ445146	FJ445146.1	rhinovirus A63	Enterovirus	Picornaviridae	Viruses; Riboviria; Orthornavirae; Pisuviricota; Pisoniviricetes; Picornavirales; Picornaviridae; Ensavirinae; Enterovirus; Enterovirus alpharhino	ss-RNA	linear	7141			ATCC VR-1173	false	ncbi-genbank	9201ee92598e6d104d6233be429decdfa15587ca2f5ff7703609849facb0b862					185921	rhinovirus A63	ATCC VR-1173				
FJ445147	44135	3428501	skip_species_in_catalogue	target	species taxid 3428501 already catalogued	FJ445147	FJ445147.1	rhinovirus A65	Enterovirus	Picornaviridae	Viruses; Riboviria; Orthornavirae; Pisuviricota; Pisoniviricetes; Picornavirales; Picornaviridae; Ensavirinae; Enterovirus; Enterovirus alpharhino	ss-RNA	linear	7162			ATCC VR-1175	false	ncbi-genbank	5ca8c95bcb89d43fe51fad1a87f769903c675320e5e649e85fb1eccb81921def					44135	rhinovirus A65	ATCC VR-1175				
FJ445148	185923	3428501	skip_species_in_catalogue	target	species taxid 3428501 already catalogued	FJ445148	FJ445148.1	rhinovirus A66	Enterovirus	Picornaviridae	Viruses; Riboviria; Orthornavirae; Pisuviricota; Pisoniviricetes; Picornavirales; Picornaviridae; Ensavirinae; Enterovirus; Enterovirus alpharhino	ss-RNA	linear	7139			ATCC VR-1176	false	ncbi-genbank	4e2cd7a0f8c851557dc934fb26cb9b700c475ab82139513ebc031f6e2434095a					185923	rhinovirus A66	ATCC VR-1176				
FJ445149	185924	3428501	skip_species_in_catalogue	target	species taxid 3428501 already catalogued	FJ445149	FJ445149.1	rhinovirus A67	Enterovirus	Picornaviridae	Viruses; Riboviria; Orthornavirae; Pisuviricota; Pisoniviricetes; Picornavirales; Picornaviridae; Ensavirinae; Enterovirus; Enterovirus alpharhino	ss-RNA	linear	7135			ATCC VR-1177	false	ncbi-genbank	57f980fcdf76a6a220e84554e5ace11057392817cbf44725bbcb45a4c60d9b18					185924	rhinovirus A67	ATCC VR-1177				
FJ445150	185925	3428501	skip_species_in_catalogue	target	species taxid 3428501 already catalogued	FJ445150	FJ445150.1	rhinovirus A68	Enterovirus	Picornaviridae	Viruses; Riboviria; Orthornavirae; Pisuviricota; Pisoniviricetes; Picornavirales; Picornaviridae; Ensavirinae; Enterovirus; Enterovirus alpharhino	ss-RNA	linear	7164			ATCC VR-1178	false	ncbi-genbank	0f0c7b1431af64c83e53133154ce6b51fd57f747fb393c67d2a7247a7f89fe67					185925	rhinovirus A68	ATCC VR-1178				
FJ445151	147678	3428503	skip_species_in_catalogue	target	species taxid 3428503 already catalogued	FJ445151	FJ445151.1	Rhinovirus B69	Enterovirus	Picornaviridae	Viruses; Riboviria; Orthornavirae; Pisuviricota; Pisoniviricetes; Picornavirales; Picornaviridae; Ensavirinae; Enterovirus; Enterovirus betarhino	ss-RNA	linear	7211			ATCC VR-1179	false	ncbi-genbank	7a79e742cf8fde1618565194c19cda7b136b36da44da5a2657febcfd37729410					147678	Rhinovirus B69	ATCC VR-1179				
FJ445152	185927	3428501	skip_species_in_catalogue	target	species taxid 3428501 already catalogued	FJ445152	FJ445152.1	rhinovirus A71	Enterovirus	Picornaviridae	Viruses; Riboviria; Orthornavirae; Pisuviricota; Pisoniviricetes; Picornavirales; Picornaviridae; Ensavirinae; Enterovirus; Enterovirus alpharhino	ss-RNA	linear	7161			ATCC VR-1181	false	ncbi-genbank	f9183c6e7f6ef94cf1bcc99d60bd89d08c984dae3b1cd3e024ba3135cbd0ffa4					185927	rhinovirus A71	ATCC VR-1181				
FJ445153	44137	3428503	skip_species_in_catalogue	target	species taxid 3428503 already catalogued	FJ445153	FJ445153.1	rhinovirus B72	Enterovirus	Picornaviridae	Viruses; Riboviria; Orthornavirae; Pisuviricota; Pisoniviricetes; Picornavirales; Picornaviridae; Ensavirinae; Enterovirus; Enterovirus betarhino	ss-RNA	linear	7216			ATCC VR-1182	false	ncbi-genbank	e70c0e5f979076225d15665a14d45712121e64c6a45b5731e8556fec7803de66					44137	rhinovirus B72	ATCC VR-1182				
FJ445154	185932	3428501	skip_species_in_catalogue	target	species taxid 3428501 already catalogued	FJ445154	FJ445154.1	rhinovirus A77	Enterovirus	Picornaviridae	Viruses; Riboviria; Orthornavirae; Pisuviricota; Pisoniviricetes; Picornavirales; Picornaviridae; Ensavirinae; Enterovirus; Enterovirus alpharhino	ss-RNA	linear	7136			ATCC VR-1187	false	ncbi-genbank	dac3008b0c21d34aff35b12658d76c018505fa309fdf0f66a9d482cc81eb9e07					185932	rhinovirus A77	ATCC VR-1187				
FJ445155	185933	3428503	skip_species_in_catalogue	target	species taxid 3428503 already catalogued	FJ445155	FJ445155.1	rhinovirus B79	Enterovirus	Picornaviridae	Viruses; Riboviria; Orthornavirae; Pisuviricota; Pisoniviricetes; Picornavirales; Picornaviridae; Ensavirinae; Enterovirus; Enterovirus betarhino	ss-RNA	linear	7224			ATCC VR-1189	false	ncbi-genbank	d7fddd768f2e368da11d9b62c1a8f8084b3d731f2842d1f76d67b428df9fd64b					185933	rhinovirus B79	ATCC VR-1189				
FJ445156	185934	3428501	skip_species_in_catalogue	target	species taxid 3428501 already catalogued	FJ445156	FJ445156.1	rhinovirus A80	Enterovirus	Picornaviridae	Viruses; Riboviria; Orthornavirae; Pisuviricota; Pisoniviricetes; Picornavirales; Picornaviridae; Ensavirinae; Enterovirus; Enterovirus alpharhino	ss-RNA	linear	7138			ATCC VR-1190	false	ncbi-genbank	cd6aa7cf377d0fdd81fdf7f599ca981f6e2f5717bfdbf4a3fd74cf9de1c1547c					185934	rhinovirus A80	ATCC VR-1190				
FJ445157	185935	3428501	skip_species_in_catalogue	target	species taxid 3428501 already catalogued	FJ445157	FJ445157.1	Rhinovirus A81	Enterovirus	Picornaviridae	Viruses; Riboviria; Orthornavirae; Pisuviricota; Pisoniviricetes; Picornavirales; Picornaviridae; Ensavirinae; Enterovirus; Enterovirus alpharhino	ss-RNA	linear	7116			ATCC VR-1191	false	ncbi-genbank	8a39a994587bfe490270aec710294f8b4b3d6e7c3781e9e115805c0d09910eb1					185935	Rhinovirus A81	ATCC VR-1191				
FJ445160	167322	3428501	skip_species_in_catalogue	target	species taxid 3428501 already catalogued	FJ445160	FJ445160.1	rhinovirus A82	Enterovirus	Picornaviridae	Viruses; Riboviria; Orthornavirae; Pisuviricota; Pisoniviricetes; Picornavirales; Picornaviridae; Ensavirinae; Enterovirus; Enterovirus alpharhino	ss-RNA	linear	7123			ATCC VR-1192	false	ncbi-genbank	e83dd3de74687c90c1c16fde495887f03135c690699b0f2ecd97cd893c11a12d					167322	rhinovirus A82	ATCC VR-1192				
FJ445161	185936	3428503	skip_species_in_catalogue	target	species taxid 3428503 already catalogued	FJ445161	FJ445161.1	rhinovirus B83	Enterovirus	Picornaviridae	Viruses; Riboviria; Orthornavirae; Pisuviricota; Pisoniviricetes; Picornavirales; Picornaviridae; Ensavirinae; Enterovirus; Enterovirus betarhino	ss-RNA	linear	7230			ATCC VR-1193	false	ncbi-genbank	31552f87c9b07fe51fbffafff8bfc40f8bad3ebb298d20865376c3f134036005					185936	rhinovirus B83	ATCC VR-1193				
FJ445162	167328	3428503	skip_species_in_catalogue	target	species taxid 3428503 already catalogued	FJ445162	FJ445162.1	rhinovirus B84	Enterovirus	Picornaviridae	Viruses; Riboviria; Orthornavirae; Pisuviricota; Pisoniviricetes; Picornavirales; Picornaviridae; Ensavirinae; Enterovirus; Enterovirus betarhino	ss-RNA	linear	7201			ATCC VR-1194	false	ncbi-genbank	128f04229827cac3dac63259bf8540f360670628503578aa06b292a9216510f8					167328	rhinovirus B84	ATCC VR-1194				
FJ445163	185937	3428501	skip_species_in_catalogue	target	species taxid 3428501 already catalogued	FJ445163	FJ445163.1	rhinovirus A85	Enterovirus	Picornaviridae	Viruses; Riboviria; Orthornavirae; Pisuviricota; Pisoniviricetes; Picornavirales; Picornaviridae; Ensavirinae; Enterovirus; Enterovirus alpharhino	ss-RNA	linear	7140			ATCC VR-1195	false	ncbi-genbank	ba8e777d337fa5b4eedf9022955eef3788017e8d8fc094de364ee56b9e364f61					185937	rhinovirus A85	ATCC VR-1195				
FJ445164	185938	3428503	skip_species_in_catalogue	target	species taxid 3428503 already catalogued	FJ445164	FJ445164.1	rhinovirus B86	Enterovirus	Picornaviridae	Viruses; Riboviria; Orthornavirae; Pisuviricota; Pisoniviricetes; Picornavirales; Picornaviridae; Ensavirinae; Enterovirus; Enterovirus betarhino	ss-RNA	linear	7213			ATCC VR-1196	false	ncbi-genbank	a1a6956314299f028cb10290b8ee417b7381202cf872b7424df53ba91659774e					185938	rhinovirus B86	ATCC VR-1196				
FJ445165	12132	3428501	skip_species_in_catalogue	target	species taxid 3428501 already catalogued	FJ445165	FJ445165.1	rhinovirus A89	Enterovirus	Picornaviridae	Viruses; Riboviria; Orthornavirae; Pisuviricota; Pisoniviricetes; Picornavirales; Picornaviridae; Ensavirinae; Enterovirus; Enterovirus alpharhino	ss-RNA	linear	7150		Homo sapiens nasal	F09	false	ncbi-genbank	4bf0e93d327d777d1bca57ed9ca776e620c484277164b9fb772471920ab4138b					12132	rhinovirus A89					
FJ445167	185940	3428501	skip_species_in_catalogue	target	species taxid 3428501 already catalogued	FJ445167	FJ445167.1	rhinovirus A90	Enterovirus	Picornaviridae	Viruses; Riboviria; Orthornavirae; Pisuviricota; Pisoniviricetes; Picornavirales; Picornaviridae; Ensavirinae; Enterovirus; Enterovirus alpharhino	ss-RNA	linear	7124			ATCC VR-1291	false	ncbi-genbank	150854c6cdad77b5dc0a08dae341e1252c3f17b4193247de23d888a52557be45					185940	rhinovirus A90	ATCC VR-1291				
FJ445168	167325	3428503	skip_species_in_catalogue	target	species taxid 3428503 already catalogued	FJ445168	FJ445168.1	rhinovirus B91	Enterovirus	Picornaviridae	Viruses; Riboviria; Orthornavirae; Pisuviricota; Pisoniviricetes; Picornavirales; Picornaviridae; Ensavirinae; Enterovirus; Enterovirus betarhino	ss-RNA	linear	7221			ATCC VR-1292	false	ncbi-genbank	ba54019a8e16a6a657799a774479f24eb6e437af8d5e9a39f8aca69cc1862366					167325	rhinovirus B91	ATCC VR-1292				
FJ445169	167326	3428503	skip_species_in_catalogue	target	species taxid 3428503 already catalogued	FJ445169	FJ445169.1	rhinovirus B92	Enterovirus	Picornaviridae	Viruses; Riboviria; Orthornavirae; Pisuviricota; Pisoniviricetes; Picornavirales; Picornaviridae; Ensavirinae; Enterovirus; Enterovirus betarhino	ss-RNA	linear	7233			ATCC VR-1293	false	ncbi-genbank	be636a40c0148f536caa03e2b0b27deb1ea28ad8beafef664f602b7eccfa9327					167326	rhinovirus B92	ATCC VR-1293				
FJ445170	185942	3428501	skip_species_in_catalogue	target	species taxid 3428501 already catalogued	FJ445170	FJ445170.1	Human rhinovirus A95	Enterovirus	Picornaviridae	Viruses; Riboviria; Orthornavirae; Pisuviricota; Pisoniviricetes; Picornavirales; Picornaviridae; Ensavirinae; Enterovirus; Enterovirus alpharhino	ss-RNA	linear	7110			ATCC VR-1301	false	ncbi-genbank	6aa8131d341e75fe7aa7deb6851816a6f5bb312d5e1afc5a89201201ac8522d1					185942	Human rhinovirus A95	ATCC VR-1301				
FJ445171	185943	3428501	skip_species_in_catalogue	target	species taxid 3428501 already catalogued	FJ445171	FJ445171.1	rhinovirus A96	Enterovirus	Picornaviridae	Viruses; Riboviria; Orthornavirae; Pisuviricota; Pisoniviricetes; Picornavirales; Picornaviridae; Ensavirinae; Enterovirus; Enterovirus alpharhino	ss-RNA	linear	7134			ATCC VR-1296	false	ncbi-genbank	be1ace404fb4f781b03e554d9db7ef0058606f8d3517a37e4e301db2ba7d799e					185943	rhinovirus A96	ATCC VR-1296				
FJ445172	167330	3428503	skip_species_in_catalogue	target	species taxid 3428503 already catalogued	FJ445172	FJ445172.1	rhinovirus B97	Enterovirus	Picornaviridae	Viruses; Riboviria; Orthornavirae; Pisuviricota; Pisoniviricetes; Picornavirales; Picornaviridae; Ensavirinae; Enterovirus; Enterovirus betarhino	ss-RNA	linear	7207			ATCC VR-1297	false	ncbi-genbank	885ab81e5bd8372c9f8ef03a0553bcdb9a5b83cc605a594bd0e3aefa40777b80					167330	rhinovirus B97	ATCC VR-1297				
FJ445173	185944	3428501	skip_species_in_catalogue	target	species taxid 3428501 already catalogued	FJ445173	FJ445173.1	rhinovirus A98	Enterovirus	Picornaviridae	Viruses; Riboviria; Orthornavirae; Pisuviricota; Pisoniviricetes; Picornavirales; Picornaviridae; Ensavirinae; Enterovirus; Enterovirus alpharhino	ss-RNA	linear	7133			ATCC VR-1298	false	ncbi-genbank	f4e8012ad852e76a853f2dade25574492cc494c14bb946bc3751753c4867230e					185944	rhinovirus A98	ATCC VR-1298				
FJ445174	185945	3428503	skip_species_in_catalogue	target	species taxid 3428503 already catalogued	FJ445174	FJ445174.1	rhinovirus B99	Enterovirus	Picornaviridae	Viruses; Riboviria; Orthornavirae; Pisuviricota; Pisoniviricetes; Picornavirales; Picornaviridae; Ensavirinae; Enterovirus; Enterovirus betarhino	ss-RNA	linear	7208			ATCC VR-1299	false	ncbi-genbank	d241146b7624dcca1f15f2dbd1744600f00a815426c4dfe2159fd4852f277690					185945	rhinovirus B99	ATCC VR-1299				
FJ445175	185946	3428501	skip_species_in_catalogue	target	species taxid 3428501 already catalogued	FJ445175	FJ445175.1	rhinovirus A100	Enterovirus	Picornaviridae	Viruses; Riboviria; Orthornavirae; Pisuviricota; Pisoniviricetes; Picornavirales; Picornaviridae; Ensavirinae; Enterovirus; Enterovirus alpharhino	ss-RNA	linear	7140			ATCC VR-1300	false	ncbi-genbank	98518dac8082da1344a68816cbe04d39cc647c44d2622e98417995339d14fd30					185946	rhinovirus A100	ATCC VR-1300				
FJ445176	44136	3428501	skip_species_in_catalogue	target	species taxid 3428501 already catalogued	FJ445176	FJ445176.1	rhinovirus A7	Enterovirus	Picornaviridae	Viruses; Riboviria; Orthornavirae; Pisuviricota; Pisoniviricetes; Picornavirales; Picornaviridae; Ensavirinae; Enterovirus; Enterovirus alpharhino	ss-RNA	linear	7146			ATCC VR-1117	false	ncbi-genbank	f948243c8d6af4b03a75d9772ee484b88bead43ae10fd552ee3341c10708ffce					44136	rhinovirus A7	ATCC VR-1117				
FJ445178	185892	3428501	skip_species_in_catalogue	target	species taxid 3428501 already catalogued	FJ445178	FJ445178.1	rhinovirus A10	Enterovirus	Picornaviridae	Viruses; Riboviria; Orthornavirae; Pisuviricota; Pisoniviricetes; Picornavirales; Picornaviridae; Ensavirinae; Enterovirus; Enterovirus alpharhino	ss-RNA	linear	7137			ATCC VR-1120	false	ncbi-genbank	ca964f2dc95bc95c1ebfca56ad4dac4a224a7e286424a33d01df33a79b5cec03					185892	rhinovirus A10	ATCC VR-1120				
FJ445179	185901	3428501	skip_species_in_catalogue	target	species taxid 3428501 already catalogued	FJ445179	FJ445179.1	rhinovirus A30	Enterovirus	Picornaviridae	Viruses; Riboviria; Orthornavirae; Pisuviricota; Pisoniviricetes; Picornavirales; Picornaviridae; Ensavirinae; Enterovirus; Enterovirus alpharhino	ss-RNA	linear	7093			ATCC VR-1140	false	ncbi-genbank	f260ed8fcba07cb15caf5ecb88f2ec86692612285178b04131c20b97f40ef24a					185901	rhinovirus A30	ATCC VR-1140				
FJ445180	185906	3428501	skip_species_in_catalogue	target	species taxid 3428501 already catalogued	FJ445180	FJ445180.1	rhinovirus A38	Enterovirus	Picornaviridae	Viruses; Riboviria; Orthornavirae; Pisuviricota; Pisoniviricetes; Picornavirales; Picornaviridae; Ensavirinae; Enterovirus; Enterovirus alpharhino	ss-RNA	linear	7136			ATCC VR-1148	false	ncbi-genbank	9b11d94185dea08dff6ad95907cca32c6afc00f2199958fb1da9654d0cd02a20					185906	rhinovirus A38	ATCC VR-1148				
FJ445181	185922	3428501	skip_species_in_catalogue	target	species taxid 3428501 already catalogued	FJ445181	FJ445181.1	rhinovirus A64	Enterovirus	Picornaviridae	Viruses; Riboviria; Orthornavirae; Pisuviricota; Pisoniviricetes; Picornavirales; Picornaviridae; Ensavirinae; Enterovirus; Enterovirus alpharhino	ss-RNA	linear	7129			ATCC VR-1174	false	ncbi-genbank	cc602b2049c3f527d9dbf5957e448c2b318ff682eb68a0edbfd7896a4ab6a44c					185922	rhinovirus A64	ATCC VR-1174				
FJ445182	185931	3428501	skip_species_in_catalogue	target	species taxid 3428501 already catalogued	FJ445182	FJ445182.1	rhinovirus A76	Enterovirus	Picornaviridae	Viruses; Riboviria; Orthornavirae; Pisuviricota; Pisoniviricetes; Picornavirales; Picornaviridae; Ensavirinae; Enterovirus; Enterovirus alpharhino	ss-RNA	linear	7128			ATCC VR-1186	false	ncbi-genbank	cf13b2d34e0cce4e2871de782d9936151a663580bf70ff4a4f6c86a8318d61df					185931	rhinovirus A76	ATCC VR-1186				
FJ445183	147685	3428501	skip_species_in_catalogue	target	species taxid 3428501 already catalogued	FJ445183	FJ445183.1	rhinovirus A78	Enterovirus	Picornaviridae	Viruses; Riboviria; Orthornavirae; Pisuviricota; Pisoniviricetes; Picornavirales; Picornaviridae; Ensavirinae; Enterovirus; Enterovirus alpharhino	ss-RNA	linear	7145			ATCC VR-1188	false	ncbi-genbank	b04c38525f507770d1fd06a13dd6f6ee8e937ab6407dd27d052be8cfcf237118					147685	rhinovirus A78	ATCC VR-1188				
FJ445185	185941	3428501	skip_species_in_catalogue	target	species taxid 3428501 already catalogued	FJ445185	FJ445185.1	rhinovirus A94	Enterovirus	Picornaviridae	Viruses; Riboviria; Orthornavirae; Pisuviricota; Pisoniviricetes; Picornavirales; Picornaviridae; Ensavirinae; Enterovirus; Enterovirus alpharhino	ss-RNA	linear	7132			ATCC VR-1295	false	ncbi-genbank	b9f289cf42a220eec0d517b886f8e4e836d8a3a1ba76a19712902c5530fd88a3					185941	rhinovirus A94	ATCC VR-1295				
FJ445186	185900	3428503	skip_species_in_catalogue	target	species taxid 3428503 already catalogued	FJ445186	FJ445186.1	rhinovirus B27	Enterovirus	Picornaviridae	Viruses; Riboviria; Orthornavirae; Pisuviricota; Pisoniviricetes; Picornavirales; Picornaviridae; Ensavirinae; Enterovirus; Enterovirus betarhino	ss-RNA	linear	7217			ATCC VR-1137	false	ncbi-genbank	a6b0106272479d1e5345a03a339a83e0af043729afbdf8fb92430c0169ff37d1					185900	rhinovirus B27	ATCC VR-1137				
FJ445187	167329	3428503	skip_species_in_catalogue	target	species taxid 3428503 already catalogued	FJ445187	FJ445187.1	rhinovirus B35	Enterovirus	Picornaviridae	Viruses; Riboviria; Orthornavirae; Pisuviricota; Pisoniviricetes; Picornavirales; Picornaviridae; Ensavirinae; Enterovirus; Enterovirus betarhino	ss-RNA	linear	7224			ATCC VR-1145	false	ncbi-genbank	220081045f24a21d54fd06f548604151b0b93eab931cbb95127f31cada45e1cc					167329	rhinovirus B35	ATCC VR-1145				
FJ445188	147677	3428503	skip_species_in_catalogue	target	species taxid 3428503 already catalogued	FJ445188	FJ445188.1	rhinovirus B52	Enterovirus	Picornaviridae	Viruses; Riboviria; Orthornavirae; Pisuviricota; Pisoniviricetes; Picornavirales; Picornaviridae; Ensavirinae; Enterovirus; Enterovirus betarhino	ss-RNA	linear	7216			ATCC VR-1162	false	ncbi-genbank	04a776c9ad8f6c29e38e801c93c1bb99b6696003e16dc8b5e9d8a06e515c034d					147677	rhinovirus B52	ATCC VR-1162				
FJ445189	185905	3428501	skip_species_in_catalogue	target	species taxid 3428501 already catalogued	FJ445189	FJ445189.1	rhinovirus A34	Enterovirus	Picornaviridae	Viruses; Riboviria; Orthornavirae; Pisuviricota; Pisoniviricetes; Picornavirales; Picornaviridae; Ensavirinae; Enterovirus; Enterovirus alpharhino	ss-RNA	linear	7119			ATCC VR-1144	false	ncbi-genbank	b838ded7618aa879e9ff4f6dc54336eced3fa7b388df3f1a07be3e4eba891df4					185905	rhinovirus A34	ATCC VR-1144				
FJ445190	185897	3428501	skip_species_in_catalogue	target	species taxid 3428501 already catalogued	FJ445190	FJ445190.1	rhinovirus A24	Enterovirus	Picornaviridae	Viruses; Riboviria; Orthornavirae; Pisuviricota; Pisoniviricetes; Picornavirales; Picornaviridae; Ensavirinae; Enterovirus; Enterovirus alpharhino	ss-RNA	linear	7132			ATCC VR-1134	false	ncbi-genbank	d83ae190efc5a1491d6f24371972130da8292caba07ae9de45a12c41c1bca19e					185897	rhinovirus A24	ATCC VR-1134				
FJ514242	587432	3431196	skip_species_in_catalogue	target	species taxid 3431196 already catalogued	FJ514242	FJ514242.1	Norovirus Hu/GII-4/CUK-3/2008/KR	Norovirus	Caliciviridae	Viruses; Riboviria; Orthornavirae; Pisuviricota; Pisoniviricetes; Picornavirales; Caliciviridae; Norovirus; Norovirus norwalkense	RNA	linear	7559		Homo sapiens	Hu/GII-4/CUK-3/2008/KR	false	ncbi-genbank	7274efa9683367ca4db6d025d5dd442d195d7bfb5bb7c748ffda7353e619176d					587432	Norovirus Hu/GII-4/CUK-3/2008/KR	Hu/GII-4/CUK-3/2008/KR				
FJ515294	658397	3431196	skip_species_in_catalogue	target	species taxid 3431196 already catalogued	FJ515294	FJ515294.1	Norovirus Hu/GI.2/Leuven/2003/BEL	Norovirus	Caliciviridae	Viruses; Riboviria; Orthornavirae; Pisuviricota; Pisoniviricetes; Picornavirales; Caliciviridae; Norovirus; Norovirus norwalkense	RNA	linear	7699		Homo sapiens	Hu/GI.2/Leuven/2003/BEL	false	ncbi-genbank	c4603b07e503cdd97e78f052ad3ba5744ff54bbba74ae3d6f374bc590f08bccb					658397	Norovirus Hu/GI.2/Leuven/2003/BEL	Hu/GI.2/Leuven/2003/BEL				
FJ537135	660656	3431196	skip_species_in_catalogue	target	species taxid 3431196 already catalogued	FJ537135	FJ537135.1	Norovirus Hu/GII.4/CHDC2094/1974/US	Norovirus	Caliciviridae	Viruses; Riboviria; Orthornavirae; Pisuviricota; Pisoniviricetes; Picornavirales; Caliciviridae; Norovirus; Norovirus norwalkense	RNA	linear	7576		Homo sapiens	Hu/GII.4/CHDC2094/1974/US	false	ncbi-genbank	f00e8e27050afc1afaceb842ef29f411c141a4f4799011a7da78c992250337a4					660656	Norovirus Hu/GII.4/CHDC2094/1974/US	Hu/GII.4/CHDC2094/1974/US				
FJ537136	660657	3431196	skip_species_in_catalogue	target	species taxid 3431196 already catalogued	FJ537136	FJ537136.1	Norovirus Hu/GII.4/CHDC3967/1988/US	Norovirus	Caliciviridae	Viruses; Riboviria; Orthornavirae; Pisuviricota; Pisoniviricetes; Picornavirales; Caliciviridae; Norovirus; Norovirus norwalkense	RNA	linear	7580		Homo sapiens	Hu/GII.4/CHDC3967/1988/US	false	ncbi-genbank	f6047c49d13049833543ccce1f7740e9aacfb6cf6b59d4f3c072a34c7444a370					660657	Norovirus Hu/GII.4/CHDC3967/1988/US	Hu/GII.4/CHDC3967/1988/US				
FJ537137	660658	3431196	skip_species_in_catalogue	target	species taxid 3431196 already catalogued	FJ537137	FJ537137.1	Norovirus Hu/GII.4/CHDC4108/1987/US	Norovirus	Caliciviridae	Viruses; Riboviria; Orthornavirae; Pisuviricota; Pisoniviricetes; Picornavirales; Caliciviridae; Norovirus; Norovirus norwalkense	RNA	linear	7580		Homo sapiens	Hu/GII.4/CHDC4108/1987/US	false	ncbi-genbank	7e96d1a02b95cc1edc7c62d1ab08f2e132efec37ee077635d477d2ddf3535bfb					660658	Norovirus Hu/GII.4/CHDC4108/1987/US	Hu/GII.4/CHDC4108/1987/US				
FJ537138	660659	3431196	skip_species_in_catalogue	target	species taxid 3431196 already catalogued	FJ537138	FJ537138.1	Norovirus Hu/GII.4/CHDC4871/1977/US	Norovirus	Caliciviridae	Viruses; Riboviria; Orthornavirae; Pisuviricota; Pisoniviricetes; Picornavirales; Caliciviridae; Norovirus; Norovirus norwalkense	RNA	linear	7580		Homo sapiens	Hu/GII.4/CHDC4871/1977/US	false	ncbi-genbank	e4ef5776a6ec3023210b000ce7f1229085589c94b01810c863a7731cc221a693					660659	Norovirus Hu/GII.4/CHDC4871/1977/US	Hu/GII.4/CHDC4871/1977/US				
FJ597732	343463	3241406	skip_species_in_catalogue	target	species taxid 3241406 already catalogued	FJ597732	FJ597732.1	Human adenovirus 11a	Mastadenovirus	Adenoviridae	Viruses; Varidnaviria; Bamfordvirae; Preplasmiviricota; Polisuviricotina; Pharingeaviricetes; Rowavirales; Adenoviridae; Mastadenovirus; Mastadenovirus blackbeardi	DNA	linear	34773		Homo sapiens	SGN1222	false	ncbi-genbank	430e62f82a301589216a57310726bcc453b652b12a44fd44d2eb6e187905cc2b					343463	Human adenovirus 11a	SGN1222				
FJ643676	714978	3241406	skip_species_in_catalogue	target	species taxid 3241406 already catalogued	FJ643676	FJ643676.1	Human adenovirus 55	Mastadenovirus	Adenoviridae	Viruses; Varidnaviria; Bamfordvirae; Preplasmiviricota; Polisuviricotina; Pharingeaviricetes; Rowavirales; Adenoviridae; Mastadenovirus; Mastadenovirus blackbeardi	DNA	linear	34755		Homo sapiens	QS-DLL	false	ncbi-genbank	9196a73856719e5ce1b3fc9d263d462bd3688f41cad2de84b1f75a0aebab7e16					714978	Human adenovirus 55	QS-DLL				
FJ654700	617102	3046277	skip_species_in_catalogue	target	species taxid 3046277 already catalogued	FJ654700	FJ654700.1	Yellow fever virus 17D/Tiantan	Euflavivirus	Flaviviridae	Viruses; Riboviria; Orthornavirae; Kitrinoviricota; Flasuviricetes; Amarillovirales; Flaviviridae; Orthoflavivirus; Euflavivirus; Orthoflavivirus flavi	RNA	linear	10862			17D-Tiantan	false	ncbi-genbank	6fcfc18e51232ca75a72b4d197f0f3a9d7da974928454b78ac09c13ccc37d7ed					617102	Yellow fever virus 17D/Tiantan	17D-Tiantan				
FJ824826	46930	3241420	skip_species_in_catalogue	target	species taxid 3241420 already catalogued	FJ824826	FJ824826.1	Human adenovirus 28	Mastadenovirus	Adenoviridae	Viruses; Varidnaviria; Bamfordvirae; Preplasmiviricota; Polisuviricotina; Pharingeaviricetes; Rowavirales; Adenoviridae; Mastadenovirus; Mastadenovirus dominans	DNA	linear	35130			BP-5; ATCC VR-226	false	ncbi-genbank	45ee0ca41d760e307b56faae520886bdccce91ab710e1965dfc96f6676898bcf					46930	Human adenovirus 28	BP-5; ATCC VR-226				
FJ882963	627442	3418604	skip_species_in_catalogue	target	species taxid 3418604 already catalogued	FJ882963	FJ882963.1	SARS coronavirus P2	Sarbecovirus	Coronaviridae	Viruses; Riboviria; Orthornavirae; Pisuviricota; Pisoniviricetes; Nidovirales; Cornidovirineae; Coronaviridae; Orthocoronavirinae; Betacoronavirus; Sarbecovirus; Betacoronavirus pandemicum	ss-RNA	linear	29682		Homo sapiens	P2	false	ncbi-genbank	c5d5af8f39529a95590662c569bf77d3a73264cfe0c3cbb27274ba24bab025c2					627442	SARS coronavirus P2	P2				
FJ966079	641501	2955291	skip_species_in_catalogue	target	species taxid 2955291 already catalogued	FJ966079	FJ966079.1	Influenza A virus	Alphainfluenzavirus	Orthomyxoviridae	Viruses; Riboviria; Orthornavirae; Negarnaviricota; Polyploviricotina; Insthoviricetes; Articulavirales; Orthomyxoviridae; Alphainfluenzavirus; Alphainfluenzavirus influenzae	cRNA	linear	2280	1	Homo sapiens: gender M; age 10	A/California/04/2009	false	ncbi-genbank	5cc06d7051c1bc5504f0bf4c289c9d835020257be926d7c780192d400422295c					641501	Influenza A virus (A/California/04/2009(H1N1))	A/California/04/2009	H1N1			
FJ966080	641501	2955291	skip_species_in_catalogue	target	species taxid 2955291 already catalogued	FJ966080	FJ966080.1	Influenza A virus	Alphainfluenzavirus	Orthomyxoviridae	Viruses; Riboviria; Orthornavirae; Negarnaviricota; Polyploviricotina; Insthoviricetes; Articulavirales; Orthomyxoviridae; Alphainfluenzavirus; Alphainfluenzavirus influenzae	cRNA	linear	2274	2	Homo sapiens: gender M; age 10	A/California/04/2009	false	ncbi-genbank	43a179f0a295c7ccf92a60d6b61d159ea28b2cff061b31138de31a137d1c955b					641501	Influenza A virus (A/California/04/2009(H1N1))	A/California/04/2009	H1N1			
FJ966081	641501	2955291	skip_species_in_catalogue	target	species taxid 2955291 already catalogued	FJ966081	FJ966081.1	Influenza A virus	Alphainfluenzavirus	Orthomyxoviridae	Viruses; Riboviria; Orthornavirae; Negarnaviricota; Polyploviricotina; Insthoviricetes; Articulavirales; Orthomyxoviridae; Alphainfluenzavirus; Alphainfluenzavirus influenzae	cRNA	linear	2151	3	Homo sapiens: gender M; age 10	A/California/04/2009	false	ncbi-genbank	15bdf7680fb615d5d35200230431815922bce70a9ea95b19e4eac38a7eec5a02					641501	Influenza A virus (A/California/04/2009(H1N1))	A/California/04/2009	H1N1			
FJ966082	641501	2955291	skip_species_in_catalogue	target	species taxid 2955291 already catalogued	FJ966082	FJ966082.1	Influenza A virus	Alphainfluenzavirus	Orthomyxoviridae	Viruses; Riboviria; Orthornavirae; Negarnaviricota; Polyploviricotina; Insthoviricetes; Articulavirales; Orthomyxoviridae; Alphainfluenzavirus; Alphainfluenzavirus influenzae	cRNA	linear	1701	4	Homo sapiens: gender M; age 10	A/California/04/2009	false	ncbi-genbank	7986bb237d65087dde441c647660706c05e0f4fe6373975472e5ba606233468d					641501	Influenza A virus (A/California/04/2009(H1N1))	A/California/04/2009	H1N1			
FJ966083	641501	2955291	skip_species_in_catalogue	target	species taxid 2955291 already catalogued	FJ966083	FJ966083.1	Influenza A virus	Alphainfluenzavirus	Orthomyxoviridae	Viruses; Riboviria; Orthornavirae; Negarnaviricota; Polyploviricotina; Insthoviricetes; Articulavirales; Orthomyxoviridae; Alphainfluenzavirus; Alphainfluenzavirus influenzae	cRNA	linear	1497	5	Homo sapiens: gender M; age 10	A/California/04/2009	false	ncbi-genbank	bda41e9d7a677ad99b747525f99b3fd555ca0f2f6dcfd597c33bfd533938bfe1					641501	Influenza A virus (A/California/04/2009(H1N1))	A/California/04/2009	H1N1			
FJ966084	641501	2955291	skip_species_in_catalogue	target	species taxid 2955291 already catalogued	FJ966084	FJ966084.1	Influenza A virus	Alphainfluenzavirus	Orthomyxoviridae	Viruses; Riboviria; Orthornavirae; Negarnaviricota; Polyploviricotina; Insthoviricetes; Articulavirales; Orthomyxoviridae; Alphainfluenzavirus; Alphainfluenzavirus influenzae	cRNA	linear	1410	6	Homo sapiens: gender M; age 10	A/California/04/2009	false	ncbi-genbank	6f0f8dbe1b855c218e865f41b3db5b46e84ed367e3846e97d10835abd010614e					641501	Influenza A virus (A/California/04/2009(H1N1))	A/California/04/2009	H1N1			
FJ966085	641501	2955291	skip_species_in_catalogue	target	species taxid 2955291 already catalogued	FJ966085	FJ966085.1	Influenza A virus	Alphainfluenzavirus	Orthomyxoviridae	Viruses; Riboviria; Orthornavirae; Negarnaviricota; Polyploviricotina; Insthoviricetes; Articulavirales; Orthomyxoviridae; Alphainfluenzavirus; Alphainfluenzavirus influenzae	cRNA	linear	972	7	Homo sapiens: gender M; age 10	A/California/04/2009	false	ncbi-genbank	3197b1fef476e80c806a5c0e88e32dd06bdbe08537ef36bad0d1148257a04f63					641501	Influenza A virus (A/California/04/2009(H1N1))	A/California/04/2009	H1N1			
FJ966086	641501	2955291	skip_species_in_catalogue	target	species taxid 2955291 already catalogued	FJ966086	FJ966086.1	Influenza A virus	Alphainfluenzavirus	Orthomyxoviridae	Viruses; Riboviria; Orthornavirae; Negarnaviricota; Polyploviricotina; Insthoviricetes; Articulavirales; Orthomyxoviridae; Alphainfluenzavirus; Alphainfluenzavirus influenzae	cRNA	linear	838	8	Homo sapiens: gender M; age 10	A/California/04/2009	false	ncbi-genbank	83cb9a9e4926133a978c88e17ff1ab41cc28a185e6831f7c8d7bca9172a93d55					641501	Influenza A virus (A/California/04/2009(H1N1))	A/California/04/2009	H1N1			
FM955278	42775	3428505	skip_species_in_catalogue	target	species taxid 3428505 already catalogued	FM955278	FM955278.1	Coxsackievirus A17	Enterovirus	Picornaviridae	Viruses; Riboviria; Orthornavirae; Pisuviricota; Pisoniviricetes; Picornavirales; Picornaviridae; Ensavirinae; Enterovirus; Enterovirus coxsackiepol	RNA	linear	7457			cCA17.67591	false	ncbi-genbank	db894e6857fdc19b3cf7f933abf9ec42cb5141d8974661c9cb186ba1a1a5d0f6					42775	Coxsackievirus A17		17			
FN692043	749340	99182	skip_species_in_catalogue	decoy	species taxid 99182 already catalogued	FN692043	FN692043.2	Xenotropic MuLV-related virus 22Rv1/CWR-R1	Murine leukemia-related retroviruses	Retroviridae	Viruses; Riboviria; Pararnavirae; Artverviricota; Revtraviricetes; Ortervirales; Retroviridae; Orthoretrovirinae; Gammaretrovirus; Murine leukemia-related retroviruses	DNA	linear	8185				false	ncbi-genbank	67a2424c15950006a391a93943ba615e95744e0946d7f2a05241073737ea7018					749340	Xenotropic MuLV-related virus 22Rv1/CWR-R1					
FR751039	940838	337042	skip_species_in_catalogue	target	species taxid 337042 already catalogued	FR751039	FR751039.1	Human papillomavirus type 68b	Alphapapillomavirus	Papillomaviridae	Viruses; Floreoviria; Shotokuvirae; Cossaviricota; Papovaviricetes; Zurhausenvirales; Papillomaviridae; Firstpapillomavirinae; Alphapapillomavirus; Alphapapillomavirus 7	DNA	circular	7836		Homo sapiens		false	ncbi-genbank	bac24c94c00e2ad8df0a16a944a31b755251bfb36fc2f460157bcf2a5dbf74e8					940838	Human papillomavirus type 68b					
FR823283	988776	2844800	skip_species_in_catalogue	target	species taxid 2844800 already catalogued	FR823283	FR823283.1	Human gyrovirus 1	Gyrovirus	Anelloviridae	Viruses; Floreoviria; Shotokuvirae; Commensaviricota; Cardeaviricetes; Sanitavirales; Anelloviridae; Gyrovirus; Gyrovirus galga1	DNA	circular	2315			915 F 06 007 FD	false	ncbi-genbank	0c1a0821840460e5342754714a3fd1c00dea074e9ec52488950584a806eaafa3					988776	Human gyrovirus 1					
GQ275355	356426	3052230	skip_species_in_catalogue	target	species taxid 3052230 already catalogued	GQ275355	GQ275355.1	Hepatitis C virus subtype 3a	Orthohepacivirus	Hepaciviridae	Viruses; Riboviria; Orthornavirae; Kitrinoviricota; Flasuviricetes; Amarillovirales; Hepaciviridae; Orthohepacivirus; Orthohepacivirus hominis	RNA	linear	9442		Homo sapiens		false	ncbi-genbank	1ca39f1182c51da00b3759e4d7aa8372217803cddb9e3ac7fc3a6db147d2d5a7					356426	Hepatitis C virus subtype 3a					
GQ384080	46936	3241420	skip_species_in_catalogue	target	species taxid 3241420 already catalogued	GQ384080	GQ384080.1	Human adenovirus 36	Mastadenovirus	Adenoviridae	Viruses; Varidnaviria; Bamfordvirae; Preplasmiviricota; Polisuviricotina; Pharingeaviricetes; Rowavirales; Adenoviridae; Mastadenovirus; Mastadenovirus dominans	DNA	linear	35152		Homo sapiens		false	ncbi-genbank	4b4abd3156adb30ac9faadd6f9062a983af20a5bd92c46348e5474cbdb70e03e					46936	Human adenovirus 36					
GQ415051	1219381	3428501	skip_species_in_catalogue	target	species taxid 3428501 already catalogued	GQ415051	GQ415051.1	rhinovirus A101	Enterovirus	Picornaviridae	Viruses; Riboviria; Orthornavirae; Pisuviricota; Pisoniviricetes; Picornavirales; Picornaviridae; Ensavirinae; Enterovirus; Enterovirus alpharhino	ss-RNA	linear	7130		Homo sapiens	hrv-A101	false	ncbi-genbank	abf8c93f5fd33282b9a63a7e9e9ac6bea2324d8edc7e0141dcd00b4036192fd3					1219381	rhinovirus A101					
GQ865517	861519	3428505	skip_species_in_catalogue	target	species taxid 3428505 already catalogued	GQ865517	GQ865517.1	Enterovirus C109	Enterovirus	Picornaviridae	Viruses; Riboviria; Orthornavirae; Pisuviricota; Pisoniviricetes; Picornavirales; Picornaviridae; Ensavirinae; Enterovirus; Enterovirus coxsackiepol	RNA	linear	7354		Homo sapiens	NICA08-4327	false	ncbi-genbank	d979b6edd55918d20bb9042f33af2c6289d0faf56de5706fe922de30eb955b77					861519	Enterovirus C109		109			
GU191019	10528	3241402	skip_species_in_catalogue	target	species taxid 3241402 already catalogued	GU191019	GU191019.1	Human adenovirus 18	Mastadenovirus	Adenoviridae	Viruses; Varidnaviria; Bamfordvirae; Preplasmiviricota; Polisuviricotina; Pharingeaviricetes; Rowavirales; Adenoviridae; Mastadenovirus; Mastadenovirus adami	DNA	linear	34177		Homo sapiens	D.C.	false	ncbi-genbank	9e537570d3a3b269dd6d21010f9bfe7b06009962fe1fa0916fb192321b2c5a7d					10528	Human adenovirus 18					
GU594162	748172	3431196	skip_species_in_catalogue	target	species taxid 3431196 already catalogued	GU594162	GU594162.1	Norovirus Hu/GII.14/8610/Saga/2008/JPN	Norovirus	Caliciviridae	Viruses; Riboviria; Orthornavirae; Pisuviricota; Pisoniviricetes; Picornavirales; Caliciviridae; Norovirus; Norovirus norwalkense	RNA	linear	7529		Homo sapiens	Hu/GII.14/8610/Saga/2008/JPN	false	ncbi-genbank	b02364e0da92e0f62658a9ac92a07c40137b6adc451ca9324230af65a1c95b13					748172	Norovirus Hu/GII.14/8610/Saga/2008/JPN	Hu/GII.14/8610/Saga/2008/JPN				
GU980585	863240	3431196	skip_species_in_catalogue	target	species taxid 3431196 already catalogued	GU980585	GU980585.1	Norovirus Hu/GII.3/CBNU1/2006/KOR	Norovirus	Caliciviridae	Viruses; Riboviria; Orthornavirae; Pisuviricota; Pisoniviricetes; Picornavirales; Caliciviridae; Norovirus; Norovirus norwalkense	RNA	linear	7577		Homo sapiens	CBNU1	false	ncbi-genbank	19bcaa05dc5693ceeb2e0eb755b6e88ae78178cbd2de2597c72687db3d3826e3					863240	Norovirus Hu/GII.3/CBNU1/2006/KOR					
GU991353	756495	3431196	skip_species_in_catalogue	target	species taxid 3431196 already catalogued	GU991353	GU991353.1	Norovirus Hu/GII/Shanghai/SH2/2008/CHN	Norovirus	Caliciviridae	Viruses; Riboviria; Orthornavirae; Pisuviricota; Pisoniviricetes; Picornavirales; Caliciviridae; Norovirus; Norovirus norwalkense	RNA	linear	7555		Homo sapiens	Hu/GII/Shanghai/SH2/2008/CHN	false	ncbi-genbank	638a29fd6198037fbacb17bda8e4fb70d857e250c84c6f1e6370cc6d3bf6790e					756495	Norovirus Hu/GII/Shanghai/SH2/2008/CHN					
GU991354	756496	3431196	skip_species_in_catalogue	target	species taxid 3431196 already catalogued	GU991354	GU991354.1	Norovirus Hu/Shanghai/SH5/2009/CHN	Norovirus	Caliciviridae	Viruses; Riboviria; Orthornavirae; Pisuviricota; Pisoniviricetes; Picornavirales; Caliciviridae; Norovirus; Norovirus norwalkense	RNA	linear	7511		Homo sapiens	Hu/Shanghai/SH5/2009/CHN	false	ncbi-genbank	4b569368c786b70b02ff4a3d97b50a959c6005d142985bc4e73b5f700e7c9285					756496	Norovirus Hu/Shanghai/SH5/2009/CHN					
GU991355	756497	3431196	skip_species_in_catalogue	target	species taxid 3431196 already catalogued	GU991355	GU991355.1	Norovirus Hu/Shanghai/SH312/2009/CHN	Norovirus	Caliciviridae	Viruses; Riboviria; Orthornavirae; Pisuviricota; Pisoniviricetes; Picornavirales; Caliciviridae; Norovirus; Norovirus norwalkense	RNA	linear	7544		Homo sapiens	Hu/Shanghai/SH312/2009/CHN	false	ncbi-genbank	993c03f48b3daffbc5a1d853b2a51d87ae8daf8e6cfd93c7638dd6e5e8d008b9					756497	Norovirus Hu/Shanghai/SH312/2009/CHN					
HE974364	489451	3431302	skip_species_in_catalogue	target	species taxid 3431302 already catalogued	HE974364	HE974364.1	HBV genotype A2	Orthohepadnavirus	Hepadnaviridae	Viruses; Riboviria; Pararnavirae; Artverviricota; Revtraviricetes; Blubervirales; Hepadnaviridae; Orthohepadnavirus; Orthohepadnavirus hominoidei	DNA	circular	3221			Mart-B15	false	ncbi-genbank	9b59ac8bfcb9a83ea5a886d73b130c84b17cce46d465a4d30a4cd40ac3e5456d					489451	HBV genotype A2					
HE974366	1219350	3431302	skip_species_in_catalogue	target	species taxid 3431302 already catalogued	HE974366	HE974366.1	HBV genotype F2	Orthohepadnavirus	Hepadnaviridae	Viruses; Riboviria; Pararnavirae; Artverviricota; Revtraviricetes; Blubervirales; Hepadnaviridae; Orthohepadnavirus; Orthohepadnavirus hominoidei	DNA	circular	3215			Mart-B18	false	ncbi-genbank	549bdcd5ed2405b1482f1c32177cd5549a3919dae3a6170fa0e51e381c68e6aa					1219350	HBV genotype F2					
HE974367	489451	3431302	skip_species_in_catalogue	target	species taxid 3431302 already catalogued	HE974367	HE974367.1	HBV genotype A2	Orthohepadnavirus	Hepadnaviridae	Viruses; Riboviria; Pararnavirae; Artverviricota; Revtraviricetes; Blubervirales; Hepadnaviridae; Orthohepadnavirus; Orthohepadnavirus hominoidei	DNA	circular	3221			Mart-B22	false	ncbi-genbank	bdd80bf9a9c350f3ccf26f2bb81e2510ebd9533ca29ab4c73c48c58b30025e5e					489451	HBV genotype A2					
HE974368	1219351	3431302	skip_species_in_catalogue	target	species taxid 3431302 already catalogued	HE974368	HE974368.1	HBV genotype F4	Orthohepadnavirus	Hepadnaviridae	Viruses; Riboviria; Pararnavirae; Artverviricota; Revtraviricetes; Blubervirales; Hepadnaviridae; Orthohepadnavirus; Orthohepadnavirus hominoidei	DNA	circular	3215			Mart-B24	false	ncbi-genbank	5ff9ba067e7abe150894d08d61dd36ae5a7e932c7610f33123a19670735752ea					1219351	HBV genotype F4					
HE974369	1219350	3431302	skip_species_in_catalogue	target	species taxid 3431302 already catalogued	HE974369	HE974369.1	HBV genotype F2	Orthohepadnavirus	Hepadnaviridae	Viruses; Riboviria; Pararnavirae; Artverviricota; Revtraviricetes; Blubervirales; Hepadnaviridae; Orthohepadnavirus; Orthohepadnavirus hominoidei	DNA	circular	3182			Mart-B26	false	ncbi-genbank	b9923071dfaec784a6b90b7c149929f40d141509870e861a1740b775effea820					1219350	HBV genotype F2					
HE974370	489450	3431302	skip_species_in_catalogue	target	species taxid 3431302 already catalogued	HE974370	HE974370.1	HBV genotype A1	Orthohepadnavirus	Hepadnaviridae	Viruses; Riboviria; Pararnavirae; Artverviricota; Revtraviricetes; Blubervirales; Hepadnaviridae; Orthohepadnavirus; Orthohepadnavirus hominoidei	DNA	circular	3221			Mart-B27	false	ncbi-genbank	1baeee7fb70a86c959a75447029783fdc8932f1fcce9e9043f0f2dc1e74b5ede					489450	HBV genotype A1					
HE974371	489451	3431302	skip_species_in_catalogue	target	species taxid 3431302 already catalogued	HE974371	HE974371.1	HBV genotype A2	Orthohepadnavirus	Hepadnaviridae	Viruses; Riboviria; Pararnavirae; Artverviricota; Revtraviricetes; Blubervirales; Hepadnaviridae; Orthohepadnavirus; Orthohepadnavirus hominoidei	DNA	circular	3221			Mart-B34	false	ncbi-genbank	01b03b9f7c995294443e136efb8a3e3c86b4f234c262cc624eede00a7d0e4601					489451	HBV genotype A2					
HE974372	1219352	3431302	skip_species_in_catalogue	target	species taxid 3431302 already catalogued	HE974372	HE974372.1	HBV genotype D4	Orthohepadnavirus	Hepadnaviridae	Viruses; Riboviria; Pararnavirae; Artverviricota; Revtraviricetes; Blubervirales; Hepadnaviridae; Orthohepadnavirus; Orthohepadnavirus hominoidei	DNA	circular	3182			Mart-B36	false	ncbi-genbank	bd5852655d26f88197bceb2df31e3c65e110c18099bd13db20dd71a5d200b319					1219352	HBV genotype D4					
HE974373	1219352	3431302	skip_species_in_catalogue	target	species taxid 3431302 already catalogued	HE974373	HE974373.1	HBV genotype D4	Orthohepadnavirus	Hepadnaviridae	Viruses; Riboviria; Pararnavirae; Artverviricota; Revtraviricetes; Blubervirales; Hepadnaviridae; Orthohepadnavirus; Orthohepadnavirus hominoidei	DNA	circular	3182			Mart-B37	false	ncbi-genbank	fa95fe67bd2da57fb157445be81b32f87a6002a3ef2d47cb7b36a637e57e3b3e					1219352	HBV genotype D4					
HE974374	489451	3431302	skip_species_in_catalogue	target	species taxid 3431302 already catalogued	HE974374	HE974374.1	HBV genotype A2	Orthohepadnavirus	Hepadnaviridae	Viruses; Riboviria; Pararnavirae; Artverviricota; Revtraviricetes; Blubervirales; Hepadnaviridae; Orthohepadnavirus; Orthohepadnavirus hominoidei	DNA	circular	3221			Mart-B42	false	ncbi-genbank	6fccbe06d15b8665bac0554a29dc29b2f701427ee6b3f1b65e471b0393484294					489451	HBV genotype A2					
HE974375	489450	3431302	skip_species_in_catalogue	target	species taxid 3431302 already catalogued	HE974375	HE974375.1	HBV genotype A1	Orthohepadnavirus	Hepadnaviridae	Viruses; Riboviria; Pararnavirae; Artverviricota; Revtraviricetes; Blubervirales; Hepadnaviridae; Orthohepadnavirus; Orthohepadnavirus hominoidei	DNA	circular	3218			Mart-B43	false	ncbi-genbank	763e6310194b05e2d14c8ee2dd27ca6f61ac7609a39945c85fc8715babf97229					489450	HBV genotype A1					
HE974376	489451	3431302	skip_species_in_catalogue	target	species taxid 3431302 already catalogued	HE974376	HE974376.1	HBV genotype A2	Orthohepadnavirus	Hepadnaviridae	Viruses; Riboviria; Pararnavirae; Artverviricota; Revtraviricetes; Blubervirales; Hepadnaviridae; Orthohepadnavirus; Orthohepadnavirus hominoidei	DNA	circular	3221			Mart-B45	false	ncbi-genbank	dfde9c247dc81a1352030126edda188944fefadf0091a90dc092faedf8cc1a7d					489451	HBV genotype A2					
HE974377	1219353	3431302	skip_species_in_catalogue	target	species taxid 3431302 already catalogued	HE974377	HE974377.1	HBV genotype D3	Orthohepadnavirus	Hepadnaviridae	Viruses; Riboviria; Pararnavirae; Artverviricota; Revtraviricetes; Blubervirales; Hepadnaviridae; Orthohepadnavirus; Orthohepadnavirus hominoidei	DNA	circular	3182			Mart-B47	false	ncbi-genbank	65a433811c3408d1c3336df234ad5a1ce6eea162f455bfedc487732eb476bfef					1219353	HBV genotype D3					
HE974378	1219352	3431302	skip_species_in_catalogue	target	species taxid 3431302 already catalogued	HE974378	HE974378.1	HBV genotype D4	Orthohepadnavirus	Hepadnaviridae	Viruses; Riboviria; Pararnavirae; Artverviricota; Revtraviricetes; Blubervirales; Hepadnaviridae; Orthohepadnavirus; Orthohepadnavirus hominoidei	DNA	circular	3182			Mart-B50	false	ncbi-genbank	e44f88d35826b7a6930795bc9c56546f2e1a452090d2fad6dc9512d3f3d562ab					1219352	HBV genotype D4					
HE974379	1219353	3431302	skip_species_in_catalogue	target	species taxid 3431302 already catalogued	HE974379	HE974379.1	HBV genotype D3	Orthohepadnavirus	Hepadnaviridae	Viruses; Riboviria; Pararnavirae; Artverviricota; Revtraviricetes; Blubervirales; Hepadnaviridae; Orthohepadnavirus; Orthohepadnavirus hominoidei	DNA	circular	3179			Mart-B58	false	ncbi-genbank	f2de32a502c22b678d0c96c6a746b131110840162ebebd6ab46c7d3aab0c54b9					1219353	HBV genotype D3					
HE974380	2847138	3431302	skip_species_in_catalogue	target	species taxid 3431302 already catalogued	HE974380	HE974380.1	hepatitis B virus genotype E	Orthohepadnavirus	Hepadnaviridae	Viruses; Riboviria; Pararnavirae; Artverviricota; Revtraviricetes; Blubervirales; Hepadnaviridae; Orthohepadnavirus; Orthohepadnavirus hominoidei	DNA	circular	3212			Mart-B63	false	ncbi-genbank	cb251fb805d8a4609ab5bfff8cb0bf8aade77280f2fcb99a50ffaeac569c366f					2847138	hepatitis B virus genotype E					
HE974381	489450	3431302	skip_species_in_catalogue	target	species taxid 3431302 already catalogued	HE974381	HE974381.1	HBV genotype A1	Orthohepadnavirus	Hepadnaviridae	Viruses; Riboviria; Pararnavirae; Artverviricota; Revtraviricetes; Blubervirales; Hepadnaviridae; Orthohepadnavirus; Orthohepadnavirus hominoidei	DNA	circular	3221			Mart-B64	false	ncbi-genbank	400d6d298ed46956537945efb821bb37710e53c5dd90bc31c270241be30c004e					489450	HBV genotype A1					
HE974382	1219352	3431302	skip_species_in_catalogue	target	species taxid 3431302 already catalogued	HE974382	HE974382.1	HBV genotype D4	Orthohepadnavirus	Hepadnaviridae	Viruses; Riboviria; Pararnavirae; Artverviricota; Revtraviricetes; Blubervirales; Hepadnaviridae; Orthohepadnavirus; Orthohepadnavirus hominoidei	DNA	circular	3182			Mart-B70	false	ncbi-genbank	9107d437aeff8d9e2490d27060355a3740946f69b50287583d8470247adc9763					1219352	HBV genotype D4					
HE974383	489451	3431302	skip_species_in_catalogue	target	species taxid 3431302 already catalogued	HE974383	HE974383.1	HBV genotype A2	Orthohepadnavirus	Hepadnaviridae	Viruses; Riboviria; Pararnavirae; Artverviricota; Revtraviricetes; Blubervirales; Hepadnaviridae; Orthohepadnavirus; Orthohepadnavirus hominoidei	DNA	circular	3221			Mart-B74	false	ncbi-genbank	61232c39dc9a44cb4224e12c5c965c679e2b55ad4135ba9ba5da68dd84fe4d32					489451	HBV genotype A2					
HE974384	2847138	3431302	skip_species_in_catalogue	target	species taxid 3431302 already catalogued	HE974384	HE974384.1	hepatitis B virus genotype E	Orthohepadnavirus	Hepadnaviridae	Viruses; Riboviria; Pararnavirae; Artverviricota; Revtraviricetes; Blubervirales; Hepadnaviridae; Orthohepadnavirus; Orthohepadnavirus hominoidei	DNA	circular	3212			Mart-B84	false	ncbi-genbank	95d6d85041b613d8f26c7296d6897f63c1c06d7b4a99e9464a1c6e10c12cfe6e					2847138	hepatitis B virus genotype E					
HF571060	1282342	3431302	skip_species_in_catalogue	target	species taxid 3431302 already catalogued	HF571060	HF571060.1	Hepatitis B virus subgenotype A3/genotype E	Orthohepadnavirus	Hepadnaviridae	Viruses; Riboviria; Pararnavirae; Artverviricota; Revtraviricetes; Blubervirales; Hepadnaviridae; Orthohepadnavirus; Orthohepadnavirus hominoidei	DNA	circular	3215			56325	false	ncbi-genbank	33306324cfd574a88091e9f8a3cb1a1c6f70b218a593becfc7a72b6c77667c56					1282342	Hepatitis B virus subgenotype A3/genotype E					
HF952119	1331832	3431196	skip_species_in_catalogue	target	species taxid 3431196 already catalogued	HF952119	HF952119.1	Norovirus Hu/GII.4/C00006631/2011/UK	Norovirus	Caliciviridae	Viruses; Riboviria; Orthornavirae; Pisuviricota; Pisoniviricetes; Picornavirales; Caliciviridae; Norovirus; Norovirus norwalkense	RNA	linear	7559			Hu/GII.4/C00007941/2011/UK	false	ncbi-genbank	a6ee8080222a821d63d5cccee8cd18c75e2abf4115dfa12c7a1ceaeb98cd0731					1331832	Norovirus Hu/GII.4/C00006631/2011/UK	Hu/GII.4/C00007941/2011/UK				
HF952120	1331833	3431196	skip_species_in_catalogue	target	species taxid 3431196 already catalogued	HF952120	HF952120.1	Norovirus Hu/GII.4/C00007876/2011/UK	Norovirus	Caliciviridae	Viruses; Riboviria; Orthornavirae; Pisuviricota; Pisoniviricetes; Picornavirales; Caliciviridae; Norovirus; Norovirus norwalkense	RNA	linear	7559			Hu/GII.4/C00007876/2011/UK	false	ncbi-genbank	1b3122a2b9b655643cecce0eba9139bd3ddad3f06fd8f270606a8af8e85b43fd					1331833	Norovirus Hu/GII.4/C00007876/2011/UK	Hu/GII.4/C00007876/2011/UK				
HF952121	1331834	3431196	skip_species_in_catalogue	target	species taxid 3431196 already catalogued	HF952121	HF952121.1	Norovirus Hu/GII.4/C00007879/2011/UK	Norovirus	Caliciviridae	Viruses; Riboviria; Orthornavirae; Pisuviricota; Pisoniviricetes; Picornavirales; Caliciviridae; Norovirus; Norovirus norwalkense	RNA	linear	7559			Hu/GII.4/C00007879/2011/UK	false	ncbi-genbank	b432aa9420ce146923b10b382febad5de31b2f90bd1a8213953e453d95b0d423					1331834	Norovirus Hu/GII.4/C00007879/2011/UK	Hu/GII.4/C00007879/2011/UK				
HF952122	1331835	3431196	skip_species_in_catalogue	target	species taxid 3431196 already catalogued	HF952122	HF952122.1	Norovirus Hu/GII.4/C00007880/2011/UK	Norovirus	Caliciviridae	Viruses; Riboviria; Orthornavirae; Pisuviricota; Pisoniviricetes; Picornavirales; Caliciviridae; Norovirus; Norovirus norwalkense	RNA	linear	7559			Hu/GII.4/C00007880/2011/UK	false	ncbi-genbank	c3832eb233e49be6daac8722df2d969950f3ae02ca38a62e5b19da6ac410102d					1331835	Norovirus Hu/GII.4/C00007880/2011/UK	Hu/GII.4/C00007880/2011/UK				
HF952123	1331836	3431196	skip_species_in_catalogue	target	species taxid 3431196 already catalogued	HF952123	HF952123.1	Norovirus Hu/GII.4/C00007881/2011/UK	Norovirus	Caliciviridae	Viruses; Riboviria; Orthornavirae; Pisuviricota; Pisoniviricetes; Picornavirales; Caliciviridae; Norovirus; Norovirus norwalkense	RNA	linear	7559			Hu/GII.4/C00007881/2011/UK	false	ncbi-genbank	a6f55f37f441aeff65514262f2e092671681b00aa341ff40a18701e15e3c083c					1331836	Norovirus Hu/GII.4/C00007881/2011/UK	Hu/GII.4/C00007881/2011/UK				
HF952124	1331837	3431196	skip_species_in_catalogue	target	species taxid 3431196 already catalogued	HF952124	HF952124.1	Norovirus Hu/GII.4/C00007892/2011/UK	Norovirus	Caliciviridae	Viruses; Riboviria; Orthornavirae; Pisuviricota; Pisoniviricetes; Picornavirales; Caliciviridae; Norovirus; Norovirus norwalkense	RNA	linear	7559			Hu/GII.4/C00007892/2011/UK	false	ncbi-genbank	46da3b66386ddc328c4e3cbe37627194bf849d78448a847857b6698227087400					1331837	Norovirus Hu/GII.4/C00007892/2011/UK	Hu/GII.4/C00007892/2011/UK				
HF952125	1331838	3431196	skip_species_in_catalogue	target	species taxid 3431196 already catalogued	HF952125	HF952125.1	Norovirus Hu/GII.4/C00007893/2011/UK	Norovirus	Caliciviridae	Viruses; Riboviria; Orthornavirae; Pisuviricota; Pisoniviricetes; Picornavirales; Caliciviridae; Norovirus; Norovirus norwalkense	RNA	linear	7559			Hu/GII.4/C00007893/2011/UK	false	ncbi-genbank	8b0d4de6f56ea368fbd5489b6de3491183edab0b08a1abc33d2aaf3519f00439					1331838	Norovirus Hu/GII.4/C00007893/2011/UK	Hu/GII.4/C00007893/2011/UK				
HF952126	1331839	3431196	skip_species_in_catalogue	target	species taxid 3431196 already catalogued	HF952126	HF952126.1	Norovirus Hu/GII.4/C00007904/2011/UK	Norovirus	Caliciviridae	Viruses; Riboviria; Orthornavirae; Pisuviricota; Pisoniviricetes; Picornavirales; Caliciviridae; Norovirus; Norovirus norwalkense	RNA	linear	7559			Hu/GII.4/C00007904/2011/UK	false	ncbi-genbank	fc46f3e8340fad9b8a2c7a8400ab43d5033d86f574fb491cbac667af498724f1					1331839	Norovirus Hu/GII.4/C00007904/2011/UK	Hu/GII.4/C00007904/2011/UK				
HF952127	1331840	3431196	skip_species_in_catalogue	target	species taxid 3431196 already catalogued	HF952127	HF952127.1	Norovirus Hu/GII.4/C00007905/2011/UK	Norovirus	Caliciviridae	Viruses; Riboviria; Orthornavirae; Pisuviricota; Pisoniviricetes; Picornavirales; Caliciviridae; Norovirus; Norovirus norwalkense	RNA	linear	7559			Hu/GII.4/C00007905/2011/UK	false	ncbi-genbank	4e718116852e0fd07fa0b8f88190d1d8dac38d7acda7255c1d75ec1e5d0b1232					1331840	Norovirus Hu/GII.4/C00007905/2011/UK	Hu/GII.4/C00007905/2011/UK				
HF952128	1331841	3431196	skip_species_in_catalogue	target	species taxid 3431196 already catalogued	HF952128	HF952128.1	Norovirus Hu/GII.4/C00007915/2010/UK	Norovirus	Caliciviridae	Viruses; Riboviria; Orthornavirae; Pisuviricota; Pisoniviricetes; Picornavirales; Caliciviridae; Norovirus; Norovirus norwalkense	RNA	linear	7559			Hu/GII.4/C00007915/2010/UK	false	ncbi-genbank	371d1cc9ffbdc312dd7bc18662b21926d753914e60023b4ee96586c8855a933e					1331841	Norovirus Hu/GII.4/C00007915/2010/UK	Hu/GII.4/C00007915/2010/UK				
HF952129	1331842	3431196	skip_species_in_catalogue	target	species taxid 3431196 already catalogued	HF952129	HF952129.1	Norovirus Hu/GII.4/C00007916/2011/UK	Norovirus	Caliciviridae	Viruses; Riboviria; Orthornavirae; Pisuviricota; Pisoniviricetes; Picornavirales; Caliciviridae; Norovirus; Norovirus norwalkense	RNA	linear	7548			Hu/GII.4/C00007916/2011/UK	false	ncbi-genbank	98cd308663629b5e7fa426436c1f1c97b54140e5b9b8fb955bd7aa50963fa7c7					1331842	Norovirus Hu/GII.4/C00007916/2011/UK	Hu/GII.4/C00007916/2011/UK				
HF952130	1331843	3431196	skip_species_in_catalogue	target	species taxid 3431196 already catalogued	HF952130	HF952130.1	Norovirus Hu/GII.4/C00007918/2011/UK	Norovirus	Caliciviridae	Viruses; Riboviria; Orthornavirae; Pisuviricota; Pisoniviricetes; Picornavirales; Caliciviridae; Norovirus; Norovirus norwalkense	RNA	linear	7559			Hu/GII.4/C00007918/2011/UK	false	ncbi-genbank	3532591428aa188363c4964eecbb4391c12ac059d5e64f1f60b58bd4ae34feaa					1331843	Norovirus Hu/GII.4/C00007918/2011/UK	Hu/GII.4/C00007918/2011/UK				
HF952131	1331844	3431196	skip_species_in_catalogue	target	species taxid 3431196 already catalogued	HF952131	HF952131.1	Norovirus Hu/GII.4/C00007927/2010/UK	Norovirus	Caliciviridae	Viruses; Riboviria; Orthornavirae; Pisuviricota; Pisoniviricetes; Picornavirales; Caliciviridae; Norovirus; Norovirus norwalkense	RNA	linear	7559			Hu/GII.4/C00007927/2010/UK	false	ncbi-genbank	5ca5557a99c91efd35d9564c3d43e4dbb5952cccd9a4058a95443c9acd31f1d2					1331844	Norovirus Hu/GII.4/C00007927/2010/UK	Hu/GII.4/C00007927/2010/UK				
HF952132	1331845	3431196	skip_species_in_catalogue	target	species taxid 3431196 already catalogued	HF952132	HF952132.1	Norovirus Hu/GII.4/C00007928/2011/UK	Norovirus	Caliciviridae	Viruses; Riboviria; Orthornavirae; Pisuviricota; Pisoniviricetes; Picornavirales; Caliciviridae; Norovirus; Norovirus norwalkense	RNA	linear	7559			Hu/GII.4/C00007928/2011/UK	false	ncbi-genbank	acf3076ce3abe56e53625798d492815f2f26f08afe1bdb8f83c04b48e4da5b93					1331845	Norovirus Hu/GII.4/C00007928/2011/UK	Hu/GII.4/C00007928/2011/UK				
HF952133	1331846	3431196	skip_species_in_catalogue	target	species taxid 3431196 already catalogued	HF952133	HF952133.1	Norovirus Hu/GII.4/C00007934/2010/UK	Norovirus	Caliciviridae	Viruses; Riboviria; Orthornavirae; Pisuviricota; Pisoniviricetes; Picornavirales; Caliciviridae; Norovirus; Norovirus norwalkense	RNA	linear	7559			Hu/GII.4/C00007934/2010/UK	false	ncbi-genbank	5ec48eef6c94630ae92dd2a177398e3c700b2bd92b2b31da5c3b10d9f03f2537					1331846	Norovirus Hu/GII.4/C00007934/2010/UK	Hu/GII.4/C00007934/2010/UK				
HF952134	1331847	3431196	skip_species_in_catalogue	target	species taxid 3431196 already catalogued	HF952134	HF952134.1	Norovirus Hu/GII.4/C00007941/2011/UK	Norovirus	Caliciviridae	Viruses; Riboviria; Orthornavirae; Pisuviricota; Pisoniviricetes; Picornavirales; Caliciviridae; Norovirus; Norovirus norwalkense	RNA	linear	7559			Hu/GII.4/C00007941/2011/UK	false	ncbi-genbank	06ee9513270aedfa2b218b45f7fbe5d19c849ed720a6cddd0e4b30dea5b15c58					1331847	Norovirus Hu/GII.4/C00007941/2011/UK	Hu/GII.4/C00007941/2011/UK				
HF952135	1331848	3431196	skip_species_in_catalogue	target	species taxid 3431196 already catalogued	HF952135	HF952135.1	Norovirus Hu/GII.4/C00007952/2011/UK	Norovirus	Caliciviridae	Viruses; Riboviria; Orthornavirae; Pisuviricota; Pisoniviricetes; Picornavirales; Caliciviridae; Norovirus; Norovirus norwalkense	RNA	linear	7559			Hu/GII.4/C00007952/2011/UK	false	ncbi-genbank	359e3aba94f0290c83a072b24bf7a6078440551b402e5feccdfc5d17ddf520b4					1331848	Norovirus Hu/GII.4/C00007952/2011/UK	Hu/GII.4/C00007952/2011/UK				
HG764413	1419710	1891763	skip_species_in_catalogue	target	species taxid 1891763 already catalogued	HG764413	HG764413.1	JC polyomavirus type 3A	Betapolyomavirus	Polyomaviridae	Viruses; Floreoviria; Shotokuvirae; Cossaviricota; Papovaviricetes; Sepolyvirales; Polyomaviridae; Betapolyomavirus; Betapolyomavirus secuhominis	DNA	circular	5121			QLD-01'	false	ncbi-genbank	33a3a2e879d690fe50020db0d048e548967fae4a82804430b0bc5c804e54da71					1419710	JC polyomavirus type 3A					
HM185056	12062	3428502	skip_species_in_catalogue	target	species taxid 3428502 already catalogued	HM185056	HM185056.1	Echovirus E6	Enterovirus	Picornaviridae	Viruses; Riboviria; Orthornavirae; Pisuviricota; Pisoniviricetes; Picornavirales; Picornaviridae; Ensavirinae; Enterovirus; Enterovirus betacoxsackie	RNA	linear	7385		Homo sapiens	Echo6/Henan/127/2008	false	ncbi-genbank	ddbcb7158ca426c8aeb66fc41b8a241dda3d633647833ea5f1217fbdd2dba0b3					12062	Echovirus E6	Echo6/Henan/127/2008				
HM770721	880565	3241420	skip_species_in_catalogue	target	species taxid 3241420 already catalogued	HM770721	HM770721.2	Human adenovirus 56	Mastadenovirus	Adenoviridae	Viruses; Varidnaviria; Bamfordvirae; Preplasmiviricota; Polisuviricotina; Pharingeaviricetes; Rowavirales; Adenoviridae; Mastadenovirus; Mastadenovirus dominans	DNA	linear	35066		Homo sapiens		false	ncbi-genbank	9e78e1fbaa64af4ae1cb7e266c537b1d89dd3337fc628cbc364843a6d2c76b7c					880565	Human adenovirus 56					
HM777023	47506	3428502	skip_species_in_catalogue	target	species taxid 3428502 already catalogued	HM777023	HM777023.1	Echovirus E18	Enterovirus	Picornaviridae	Viruses; Riboviria; Orthornavirae; Pisuviricota; Pisoniviricetes; Picornavirales; Picornaviridae; Ensavirinae; Enterovirus; Enterovirus betacoxsackie	RNA	linear	7413		Homo sapiens	Kor05-ECV18-054cn	false	ncbi-genbank	d4300e8e6c93a293def559ad98bf72e95dfbead524e6b676be9054594f5f4020					47506	Echovirus E18					
HQ009513	880562	3431196	skip_species_in_catalogue	target	species taxid 3431196 already catalogued	HQ009513	HQ009513.1	Norovirus Hu/GII.4/JB-15/KOR/2008	Norovirus	Caliciviridae	Viruses; Riboviria; Orthornavirae; Pisuviricota; Pisoniviricetes; Picornavirales; Caliciviridae; Norovirus; Norovirus norwalkense	RNA	linear	7558		Homo sapiens	Hu/GII.4/JB-15/KOR/2008	false	ncbi-genbank	e9145df1da8286d646cb108395eea96ccacb8448ee83e1de1a627aed01c83907					880562	Norovirus Hu/GII.4/JB-15/KOR/2008	Hu/GII.4/JB-15/KOR/2008				
HQ400942	1006008	3428500	skip_species_in_catalogue	target	species taxid 3428500 already catalogued	HQ400942	HQ400942.1	Human enterovirus 71 HZ08/Hangzhou/2008	Enterovirus	Picornaviridae	Viruses; Riboviria; Orthornavirae; Pisuviricota; Pisoniviricetes; Picornavirales; Picornaviridae; Ensavirinae; Enterovirus; Enterovirus alphacoxsackie	RNA	linear	7405		Homo sapiens	HZ08	false	ncbi-genbank	5c0c8a2f2e1a41261fcb4146cde3b7d9645024d90092407071b6fc89d22e3856					1006008	Human enterovirus 71 HZ08/Hangzhou/2008	HZ08				
HQ449728	934293	3431196	skip_species_in_catalogue	target	species taxid 3431196 already catalogued	HQ449728	HQ449728.1	Norovirus Hu/GII.12/HS210/2010/USA	Norovirus	Caliciviridae	Viruses; Riboviria; Orthornavirae; Pisuviricota; Pisoniviricetes; Picornavirales; Caliciviridae; Norovirus; Norovirus norwalkense	RNA	linear	7523		Homo sapiens	Hu/GII.12/HS210/2010/USA	false	ncbi-genbank	d0254d34fc944d6f6cb1a8c4fd267919d6e901d09c082d504108f56f353c90d6					934293	Norovirus Hu/GII.12/HS210/2010/USA	Hu/GII.12/HS210/2010/USA				
HQ664990	1046049	3431196	skip_species_in_catalogue	target	species taxid 3431196 already catalogued	HQ664990	HQ664990.1	Norovirus Hu/GII.12/HS206/2010/USA	Norovirus	Caliciviridae	Viruses; Riboviria; Orthornavirae; Pisuviricota; Pisoniviricetes; Picornavirales; Caliciviridae; Norovirus; Norovirus norwalkense	RNA	linear	7523		Homo sapiens	Hu/GII.12/HS206/2010/USA	false	ncbi-genbank	d2320a8609a0d9844830dc16a86d81a0fb9bfe37cc6d3114b0869346bdd0c22b					1046049	Norovirus Hu/GII.12/HS206/2010/USA	Hu/GII.12/HS206/2010/USA				
HQ728260	42785	3428500	skip_species_in_catalogue	target	species taxid 3428500 already catalogued	HQ728260	HQ728260.1	Coxsackievirus A4	Enterovirus	Picornaviridae	Viruses; Riboviria; Orthornavirae; Pisuviricota; Pisoniviricetes; Picornavirales; Picornaviridae; Ensavirinae; Enterovirus; Enterovirus alphacoxsackie	RNA	linear	7434		Homo sapiens	CVA4/SZ/CHN/09	false	ncbi-genbank	f3114c84b68773143e58a9333077229e752052919d68fd612817b189cf3ed6f6					42785	Coxsackievirus A4	CVA4/SZ/CHN/09				
HQ728261	42786	3428500	skip_species_in_catalogue	target	species taxid 3428500 already catalogued	HQ728261	HQ728261.1	Coxsackievirus A5	Enterovirus	Picornaviridae	Viruses; Riboviria; Orthornavirae; Pisuviricota; Pisoniviricetes; Picornavirales; Picornaviridae; Ensavirinae; Enterovirus; Enterovirus alphacoxsackie	RNA	linear	7406		Homo sapiens	CVA5/SD/CHN/09	false	ncbi-genbank	24aed0a145077df82055fe956c288d7618331b990c5f78d30c6d7da06f51c3e0					42786	Coxsackievirus A5	CVA5/SD/CHN/09				
HQ728262	42769	3428500	skip_species_in_catalogue	target	species taxid 3428500 already catalogued	HQ728262	HQ728262.1	Coxsackievirus A10	Enterovirus	Picornaviridae	Viruses; Riboviria; Orthornavirae; Pisuviricota; Pisoniviricetes; Picornavirales; Picornaviridae; Ensavirinae; Enterovirus; Enterovirus alphacoxsackie	RNA	linear	7412		Homo sapiens	CVA10/SD/CHN/09	false	ncbi-genbank	97622f6065cf990af5297674c9d4d00469a270347436a17a92b800476b88b3d1					42769	Coxsackievirus A10	CVA10/SD/CHN/09				
HQ883276	980087	3241420	skip_species_in_catalogue	target	species taxid 3241420 already catalogued	HQ883276	HQ883276.1	Human adenovirus 58	Mastadenovirus	Adenoviridae	Viruses; Varidnaviria; Bamfordvirae; Preplasmiviricota; Polisuviricotina; Pharingeaviricetes; Rowavirales; Adenoviridae; Mastadenovirus; Mastadenovirus dominans	DNA	linear	35217		Homo sapiens	human/ARG/AdCor-96-487/1996/58[P58H58F29]	false	ncbi-genbank	4905bce48a823485b0ae2cf85ee5af66584286a7be875e4fe7b7c97914a49a27					980087	Human adenovirus 58	human/ARG/AdCor-96-487/1996/58[P58H58F29]				
JF274252	1049224	99182	skip_species_in_catalogue	decoy	species taxid 99182 already catalogued	JF274252	JF274252.1	Xenotropic MuLV-related virus RKO	Murine leukemia-related retroviruses	Retroviridae	Viruses; Riboviria; Pararnavirae; Artverviricota; Revtraviricetes; Ortervirales; Retroviridae; Orthoretrovirinae; Gammaretrovirus; Murine leukemia-related retroviruses	DNA	linear	8172			RKO	false	ncbi-genbank	d1659d7ed6d7bc102f5b1e3870652cf1b70cbc9c133196bfe897cd3f10bfd968					1049224	Xenotropic MuLV-related virus RKO					
JF905564	306588	3428500	skip_species_in_catalogue	target	species taxid 3428500 already catalogued	JF905564	JF905564.1	Enterovirus A76	Enterovirus	Picornaviridae	Viruses; Riboviria; Orthornavirae; Pisuviricota; Pisoniviricetes; Picornavirales; Picornaviridae; Ensavirinae; Enterovirus; Enterovirus alphacoxsackie	RNA	linear	7441		Homo sapiens	04360/SD/CHN/2004/EV76	false	ncbi-genbank	0a8080c9891310fd7f5ca5218bf80e5520e6acda8351bf0ab598f8c19c20d022					306588	Enterovirus A76	04360/SD/CHN/2004/EV76				
JF908815	11837	3428959	skip_species_in_catalogue	decoy	species taxid 3428959 already catalogued	JF908815	JF908815.1	Xenotropic murine leukemia virus	Gammaretrovirus	Retroviridae	Viruses; Riboviria; Pararnavirae; Artverviricota; Revtraviricetes; Ortervirales; Retroviridae; Orthoretrovirinae; Gammaretrovirus; Gammaretrovirus murleu	DNA	linear	8657			VCaP	false	ncbi-genbank	0d4a9e59254e753733676a16a1202dcc346e37daa3170f91d55dd64955777b13					11837	Xenotropic murine leukemia virus					
JF964962	1069441	3241402	skip_species_in_catalogue	target	species taxid 3241402 already catalogued	JF964962	JF964962.1	Human adenovirus 61	Mastadenovirus	Adenoviridae	Viruses; Varidnaviria; Bamfordvirae; Preplasmiviricota; Polisuviricotina; Pharingeaviricetes; Rowavirales; Adenoviridae; Mastadenovirus; Mastadenovirus adami	DNA	linear	33776		Homo sapiens	JPN/2004/5082/[P31/H-NEW/F31]	false	ncbi-genbank	eaf05f83a7899b8e9cc2cddf6db9f7c511f1605bf23ee7914ce8e5bd9b5c0396					1069441	Human adenovirus 61	JPN/2004/5082/[P31/H-NEW/F31]				
JN400599	1195613	3431196	skip_species_in_catalogue	target	species taxid 3431196 already catalogued	JN400599	JN400599.1	Norovirus Hu/GII-4/CGMH01/2006/TW	Norovirus	Caliciviridae	Viruses; Riboviria; Orthornavirae; Pisuviricota; Pisoniviricetes; Picornavirales; Caliciviridae; Norovirus; Norovirus norwalkense	RNA	linear	7509		Homo sapiens		false	ncbi-genbank	874a33d34e327dac22024f3fcc4dc9e0e776c859415fa3f0e4376a3e5b6404c6					1195613	Norovirus Hu/GII-4/CGMH01/2006/TW					
JN400600	1195614	3431196	skip_species_in_catalogue	target	species taxid 3431196 already catalogued	JN400600	JN400600.1	Norovirus Hu/GII-4/CGMH02/2006/TW	Norovirus	Caliciviridae	Viruses; Riboviria; Orthornavirae; Pisuviricota; Pisoniviricetes; Picornavirales; Caliciviridae; Norovirus; Norovirus norwalkense	RNA	linear	7509		Homo sapiens		false	ncbi-genbank	5d59d35d62b2d85b1516d9715feef768491b5b5e0099b529b390b6f6f664152d					1195614	Norovirus Hu/GII-4/CGMH02/2006/TW					
JN400601	1195615	3431196	skip_species_in_catalogue	target	species taxid 3431196 already catalogued	JN400601	JN400601.1	Norovirus Hu/GII-4/CGMH03/2006/TW	Norovirus	Caliciviridae	Viruses; Riboviria; Orthornavirae; Pisuviricota; Pisoniviricetes; Picornavirales; Caliciviridae; Norovirus; Norovirus norwalkense	RNA	linear	7509		Homo sapiens		false	ncbi-genbank	496eee0d440943a9e490d6887392ce32c47fb0cba16a9452e2bfbfabf4bfac3a					1195615	Norovirus Hu/GII-4/CGMH03/2006/TW					
JN400602	1195616	3431196	skip_species_in_catalogue	target	species taxid 3431196 already catalogued	JN400602	JN400602.1	Norovirus Hu/GII-4/CGMH04/2006/TW	Norovirus	Caliciviridae	Viruses; Riboviria; Orthornavirae; Pisuviricota; Pisoniviricetes; Picornavirales; Caliciviridae; Norovirus; Norovirus norwalkense	RNA	linear	7509		Homo sapiens		false	ncbi-genbank	43c1004cfcb6e97674a8a697e9d612df8b510309b39f6cc52e3be446c4db94fa					1195616	Norovirus Hu/GII-4/CGMH04/2006/TW					
JN400603	1195617	3431196	skip_species_in_catalogue	target	species taxid 3431196 already catalogued	JN400603	JN400603.1	Norovirus Hu/GII-4/CGMH05/2006/TW	Norovirus	Caliciviridae	Viruses; Riboviria; Orthornavirae; Pisuviricota; Pisoniviricetes; Picornavirales; Caliciviridae; Norovirus; Norovirus norwalkense	RNA	linear	7509		Homo sapiens		false	ncbi-genbank	1be4ff8add6962c18c670dee7e578c623af66593a4ac64b1112a1884a61ae034					1195617	Norovirus Hu/GII-4/CGMH05/2006/TW					
JN400604	1195618	3431196	skip_species_in_catalogue	target	species taxid 3431196 already catalogued	JN400604	JN400604.1	Norovirus Hu/GII-4/CGMH06/2006/TW	Norovirus	Caliciviridae	Viruses; Riboviria; Orthornavirae; Pisuviricota; Pisoniviricetes; Picornavirales; Caliciviridae; Norovirus; Norovirus norwalkense	RNA	linear	7509		Homo sapiens		false	ncbi-genbank	8757783f535182d16b9c007f36aac0ca14df8eaf8f6e0cf893c4f7786f465f12					1195618	Norovirus Hu/GII-4/CGMH06/2006/TW					
JN400605	1195619	3431196	skip_species_in_catalogue	target	species taxid 3431196 already catalogued	JN400605	JN400605.1	Norovirus Hu/GII-4/CGMH07/2006/TW	Norovirus	Caliciviridae	Viruses; Riboviria; Orthornavirae; Pisuviricota; Pisoniviricetes; Picornavirales; Caliciviridae; Norovirus; Norovirus norwalkense	RNA	linear	7509		Homo sapiens		false	ncbi-genbank	ad057a2798e3d0bb4ca7f574d498e9ef5563afab5e5e9cb11b57397657e6aa35					1195619	Norovirus Hu/GII-4/CGMH07/2006/TW					
JN400606	1195620	3431196	skip_species_in_catalogue	target	species taxid 3431196 already catalogued	JN400606	JN400606.1	Norovirus Hu/GII-4/CGMH08/2006/TW	Norovirus	Caliciviridae	Viruses; Riboviria; Orthornavirae; Pisuviricota; Pisoniviricetes; Picornavirales; Caliciviridae; Norovirus; Norovirus norwalkense	RNA	linear	7509		Homo sapiens		false	ncbi-genbank	d13d56e13803c076a6dd8746fad1a4710ca60b9fbc0ca8747fef2f3665a146fe					1195620	Norovirus Hu/GII-4/CGMH08/2006/TW					
JN400607	1195621	3431196	skip_species_in_catalogue	target	species taxid 3431196 already catalogued	JN400607	JN400607.1	Norovirus Hu/GII-4/CGMH09/2006/TW	Norovirus	Caliciviridae	Viruses; Riboviria; Orthornavirae; Pisuviricota; Pisoniviricetes; Picornavirales; Caliciviridae; Norovirus; Norovirus norwalkense	RNA	linear	7509		Homo sapiens		false	ncbi-genbank	2ef6babb206703b3b225e073d46be797baec8917e2dcab744d2ce5fd6c5e01eb					1195621	Norovirus Hu/GII-4/CGMH09/2006/TW					
JN400608	1195622	3431196	skip_species_in_catalogue	target	species taxid 3431196 already catalogued	JN400608	JN400608.1	Norovirus Hu/GII-4/CGMH10/2006/TW	Norovirus	Caliciviridae	Viruses; Riboviria; Orthornavirae; Pisuviricota; Pisoniviricetes; Picornavirales; Caliciviridae; Norovirus; Norovirus norwalkense	RNA	linear	7509		Homo sapiens		false	ncbi-genbank	2960a67f6304fe41bcf2ad4f20ac495bde37c2bd8e7e39addb2f02c3893a7444					1195622	Norovirus Hu/GII-4/CGMH10/2006/TW					
JN400609	1195623	3431196	skip_species_in_catalogue	target	species taxid 3431196 already catalogued	JN400609	JN400609.1	Norovirus Hu/GII-4/CGMH11/2006/TW	Norovirus	Caliciviridae	Viruses; Riboviria; Orthornavirae; Pisuviricota; Pisoniviricetes; Picornavirales; Caliciviridae; Norovirus; Norovirus norwalkense	RNA	linear	7509		Homo sapiens		false	ncbi-genbank	b1883228c36423342efd1065fd6171b3b1684d87eb503276f0599c83acc4b605					1195623	Norovirus Hu/GII-4/CGMH11/2006/TW					
JN400610	1195624	3431196	skip_species_in_catalogue	target	species taxid 3431196 already catalogued	JN400610	JN400610.1	Norovirus Hu/GII-4/CGMH12/2007/TW	Norovirus	Caliciviridae	Viruses; Riboviria; Orthornavirae; Pisuviricota; Pisoniviricetes; Picornavirales; Caliciviridae; Norovirus; Norovirus norwalkense	RNA	linear	7509		Homo sapiens		false	ncbi-genbank	f32e9c68d90a87e607bd9c43d8a0357380960de61be1555a12827de25fe67c57					1195624	Norovirus Hu/GII-4/CGMH12/2007/TW					
JN400611	1195625	3431196	skip_species_in_catalogue	target	species taxid 3431196 already catalogued	JN400611	JN400611.1	Norovirus Hu/GII-4/CGMH13/2007/TW	Norovirus	Caliciviridae	Viruses; Riboviria; Orthornavirae; Pisuviricota; Pisoniviricetes; Picornavirales; Caliciviridae; Norovirus; Norovirus norwalkense	RNA	linear	7509		Homo sapiens		false	ncbi-genbank	d7af5ae4835b34e2afc8e97ca9e1f57da27a116d357bd9a1dbebd620aed6cefe					1195625	Norovirus Hu/GII-4/CGMH13/2007/TW					
JN400612	1195626	3431196	skip_species_in_catalogue	target	species taxid 3431196 already catalogued	JN400612	JN400612.1	Norovirus Hu/GII-4/CGMH14/2007/TW	Norovirus	Caliciviridae	Viruses; Riboviria; Orthornavirae; Pisuviricota; Pisoniviricetes; Picornavirales; Caliciviridae; Norovirus; Norovirus norwalkense	RNA	linear	7509		Homo sapiens		false	ncbi-genbank	4d7ee2d8ec3aabd05fede10b290f57b40693d1adfba63a379caaa17b7da2f891					1195626	Norovirus Hu/GII-4/CGMH14/2007/TW					
JN400613	1195627	3431196	skip_species_in_catalogue	target	species taxid 3431196 already catalogued	JN400613	JN400613.1	Norovirus Hu/GII-4/CGMH15/2007/TW	Norovirus	Caliciviridae	Viruses; Riboviria; Orthornavirae; Pisuviricota; Pisoniviricetes; Picornavirales; Caliciviridae; Norovirus; Norovirus norwalkense	RNA	linear	7509		Homo sapiens		false	ncbi-genbank	6514848012d1f86c28cf765a01460c031f72b84027298f243f3aa4f47d5fadd6					1195627	Norovirus Hu/GII-4/CGMH15/2007/TW					
JN400614	1195628	3431196	skip_species_in_catalogue	target	species taxid 3431196 already catalogued	JN400614	JN400614.1	Norovirus Hu/GII-4/CGMH16/2007/TW	Norovirus	Caliciviridae	Viruses; Riboviria; Orthornavirae; Pisuviricota; Pisoniviricetes; Picornavirales; Caliciviridae; Norovirus; Norovirus norwalkense	RNA	linear	7509		Homo sapiens		false	ncbi-genbank	080fb07cb67e7a03440e68762a3bbf6a769e29d10412806e3b4440198a9e8de5					1195628	Norovirus Hu/GII-4/CGMH16/2007/TW					
JN400615	1195629	3431196	skip_species_in_catalogue	target	species taxid 3431196 already catalogued	JN400615	JN400615.1	Norovirus Hu/GII-4/CGMH17/2007/TW	Norovirus	Caliciviridae	Viruses; Riboviria; Orthornavirae; Pisuviricota; Pisoniviricetes; Picornavirales; Caliciviridae; Norovirus; Norovirus norwalkense	RNA	linear	7509		Homo sapiens		false	ncbi-genbank	03d457696e7c88c6f94a1043e26c2e7d823d4d33a12fbf837a05bd9a62381f05					1195629	Norovirus Hu/GII-4/CGMH17/2007/TW					
JN400616	1195630	3431196	skip_species_in_catalogue	target	species taxid 3431196 already catalogued	JN400616	JN400616.1	Norovirus Hu/GII-4/CGMH18/2008/TW	Norovirus	Caliciviridae	Viruses; Riboviria; Orthornavirae; Pisuviricota; Pisoniviricetes; Picornavirales; Caliciviridae; Norovirus; Norovirus norwalkense	RNA	linear	7509		Homo sapiens		false	ncbi-genbank	58db71d81e447c8be840db6014195af9b9c6ad22d008aafcf2893893dcdc2037					1195630	Norovirus Hu/GII-4/CGMH18/2008/TW					
JN400617	1195631	3431196	skip_species_in_catalogue	target	species taxid 3431196 already catalogued	JN400617	JN400617.1	Norovirus Hu/GII-4/CGMH19/2009/TW	Norovirus	Caliciviridae	Viruses; Riboviria; Orthornavirae; Pisuviricota; Pisoniviricetes; Picornavirales; Caliciviridae; Norovirus; Norovirus norwalkense	RNA	linear	7509		Homo sapiens		false	ncbi-genbank	d46ff1f28d57de0edc7ddf57040d7f9f67a9c2de369a3027224b6aaf772fd815					1195631	Norovirus Hu/GII-4/CGMH19/2009/TW					
JN400618	1195632	3431196	skip_species_in_catalogue	target	species taxid 3431196 already catalogued	JN400618	JN400618.2	Norovirus Hu/GII-4/CGMH20/2009/TW	Norovirus	Caliciviridae	Viruses; Riboviria; Orthornavirae; Pisuviricota; Pisoniviricetes; Picornavirales; Caliciviridae; Norovirus; Norovirus norwalkense	RNA	linear	7479		Homo sapiens		false	ncbi-genbank	dca1865a8bc6a074b428801c553384bf8b7eb8c4e49849626e40c6f98853475a					1195632	Norovirus Hu/GII-4/CGMH20/2009/TW					
JN400619	1195633	3431196	skip_species_in_catalogue	target	species taxid 3431196 already catalogued	JN400619	JN400619.2	Norovirus Hu/GII-4/CGMH21/2010/TW	Norovirus	Caliciviridae	Viruses; Riboviria; Orthornavirae; Pisuviricota; Pisoniviricetes; Picornavirales; Caliciviridae; Norovirus; Norovirus norwalkense	RNA	linear	7509		Homo sapiens		false	ncbi-genbank	49e01473bb637cc615b8079b5f46dc6713fce5107ea6f56a99a3822d5c59607a					1195633	Norovirus Hu/GII-4/CGMH21/2010/TW					
JN400620	1195634	3431196	skip_species_in_catalogue	target	species taxid 3431196 already catalogued	JN400620	JN400620.1	Norovirus Hu/GII-4/CGMH22/2010/TW	Norovirus	Caliciviridae	Viruses; Riboviria; Orthornavirae; Pisuviricota; Pisoniviricetes; Picornavirales; Caliciviridae; Norovirus; Norovirus norwalkense	RNA	linear	7509		Homo sapiens		false	ncbi-genbank	26fe77ee393696ec45ed0e9890ff3555e57631b54afcf87487946036bf37f77a					1195634	Norovirus Hu/GII-4/CGMH22/2010/TW					
JN400621	1195635	3431196	skip_species_in_catalogue	target	species taxid 3431196 already catalogued	JN400621	JN400621.1	Norovirus Hu/GII-4/CGMH23/2010/TW	Norovirus	Caliciviridae	Viruses; Riboviria; Orthornavirae; Pisuviricota; Pisoniviricetes; Picornavirales; Caliciviridae; Norovirus; Norovirus norwalkense	RNA	linear	7509		Homo sapiens		false	ncbi-genbank	2a17ae9cb800d26f5e77be1b681b383a056a074101762bf52895b7abf4e4b475					1195635	Norovirus Hu/GII-4/CGMH23/2010/TW					
JN400622	1195636	3431196	skip_species_in_catalogue	target	species taxid 3431196 already catalogued	JN400622	JN400622.1	Norovirus Hu/GII-4/CGMH24/2010/TW	Norovirus	Caliciviridae	Viruses; Riboviria; Orthornavirae; Pisuviricota; Pisoniviricetes; Picornavirales; Caliciviridae; Norovirus; Norovirus norwalkense	RNA	linear	7509		Homo sapiens		false	ncbi-genbank	ac684b36f76ba424e297261eea4e5ec6caa6ba99d384bef5e3460744dc185f12					1195636	Norovirus Hu/GII-4/CGMH24/2010/TW					
JN400623	1195637	3431196	skip_species_in_catalogue	target	species taxid 3431196 already catalogued	JN400623	JN400623.1	Norovirus Hu/GII-4/CGMH25/2010/TW	Norovirus	Caliciviridae	Viruses; Riboviria; Orthornavirae; Pisuviricota; Pisoniviricetes; Picornavirales; Caliciviridae; Norovirus; Norovirus norwalkense	RNA	linear	7509		Homo sapiens		false	ncbi-genbank	2714e533a5f3d05c1ef9f8a9d0f0ee34f6b4c7ea3c1521c86bfa0fbff61712e0					1195637	Norovirus Hu/GII-4/CGMH25/2010/TW					
JN400624	1195638	3431196	skip_species_in_catalogue	target	species taxid 3431196 already catalogued	JN400624	JN400624.1	Norovirus Hu/GII-4/CGMH26/2010/TW	Norovirus	Caliciviridae	Viruses; Riboviria; Orthornavirae; Pisuviricota; Pisoniviricetes; Picornavirales; Caliciviridae; Norovirus; Norovirus norwalkense	RNA	linear	7509		Homo sapiens		false	ncbi-genbank	21ed3ddbf6196cea72326b5675f95e7270399f7b3ed1153cefe3dce25ebad037					1195638	Norovirus Hu/GII-4/CGMH26/2010/TW					
JN400625	1195639	3431196	skip_species_in_catalogue	target	species taxid 3431196 already catalogued	JN400625	JN400625.1	Norovirus Hu/GII-4/CGMH27/2010/TW	Norovirus	Caliciviridae	Viruses; Riboviria; Orthornavirae; Pisuviricota; Pisoniviricetes; Picornavirales; Caliciviridae; Norovirus; Norovirus norwalkense	RNA	linear	7509		Homo sapiens		false	ncbi-genbank	9c6c2bf934b281f08d45600fc40e01275cee947cb9b4a3ca064c76c4f0bc2b0d					1195639	Norovirus Hu/GII-4/CGMH27/2010/TW					
JN400626	1195640	3431196	skip_species_in_catalogue	target	species taxid 3431196 already catalogued	JN400626	JN400626.1	Norovirus Hu/GII-4/CGMH28/2010/TW	Norovirus	Caliciviridae	Viruses; Riboviria; Orthornavirae; Pisuviricota; Pisoniviricetes; Picornavirales; Caliciviridae; Norovirus; Norovirus norwalkense	RNA	linear	7509		Homo sapiens		false	ncbi-genbank	d90bd6337957ee9e41ef378184066a7b93a28691b6a1f1a595d806c7c4c5e7f3					1195640	Norovirus Hu/GII-4/CGMH28/2010/TW					
JN408064	1126254	3052505	skip_species_in_catalogue	target	species taxid 3052505 already catalogued	JN408064	JN408064.1	Lake Victoria marburgvirus - Leiden	Orthomarburgvirus	Filoviridae	Viruses; Riboviria; Orthornavirae; Negarnaviricota; Haploviricotina; Monjiviricetes; Mononegavirales; Filoviridae; Orthomarburgvirus; Orthomarburgvirus marburgense	cRNA	linear	19113		Homo sapiens	Leiden	false	ncbi-genbank	d73a5db657a7a38745e48abb992b41d33758ddf2adfcd656830b361043c56d23					1126254	Lake Victoria marburgvirus - Leiden	Leiden				
JN595867	1133122	3431196	skip_species_in_catalogue	target	species taxid 3431196 already catalogued	JN595867	JN595867.1	Norovirus Hu/GII.4/New Orleans/2010/USA	Norovirus	Caliciviridae	Viruses; Riboviria; Orthornavirae; Pisuviricota; Pisoniviricetes; Picornavirales; Caliciviridae; Norovirus; Norovirus norwalkense	RNA	linear	7559		Homo sapiens	Hu/GII.4/New Orleans/2010/USA	false	ncbi-genbank	a7c1e2a469f1089a7270b84170ee39ec7628a34d1bdfe721693aaeb6170a671e					1133122	Norovirus Hu/GII.4/New Orleans/2010/USA	Hu/GII.4/New Orleans/2010/USA				
JN635402	884093	3052345	skip_species_in_catalogue	target	species taxid 3052345 already catalogued	JN635402	JN635402.1	Measles virus strain MVi/New York.USA/26.09/3	Morbillivirus	Paramyxoviridae	Viruses; Riboviria; Orthornavirae; Negarnaviricota; Haploviricotina; Monjiviricetes; Mononegavirales; Paramyxoviridae; Orthoparamyxovirinae; Morbillivirus; Morbillivirus hominis	cRNA	linear	15900		Homo sapiens	MVi/New York.USA/26.09/3	false	ncbi-genbank	6f2e9a75835387aaa31a4e7b3c35c0b7d699e27acd4d793ef48a3636f5f28a03					884093	Measles virus strain MVi/New York.USA/26.09/3	MVi/New York.USA/26.09/3				
JN635403	884094	3052345	skip_species_in_catalogue	target	species taxid 3052345 already catalogued	JN635403	JN635403.1	Measles virus strain MVi/Florida.USA/19.09	Morbillivirus	Paramyxoviridae	Viruses; Riboviria; Orthornavirae; Negarnaviricota; Haploviricotina; Monjiviricetes; Mononegavirales; Paramyxoviridae; Orthoparamyxovirinae; Morbillivirus; Morbillivirus hominis	cRNA	linear	15900		Homo sapiens	MVi/Florida.USA/19.09	false	ncbi-genbank	43d2887c05f75b02cb00a0c61bd7c161f863b1aa46b23e1793ef2abe39c175d7					884094	Measles virus strain MVi/Florida.USA/19.09	MVi/Florida.USA/19.09				
JN635404	884095	3052345	skip_species_in_catalogue	target	species taxid 3052345 already catalogued	JN635404	JN635404.1	Measles virus strain MVi/Virginia.USA/15.09	Morbillivirus	Paramyxoviridae	Viruses; Riboviria; Orthornavirae; Negarnaviricota; Haploviricotina; Monjiviricetes; Mononegavirales; Paramyxoviridae; Orthoparamyxovirinae; Morbillivirus; Morbillivirus hominis	cRNA	linear	15894		Homo sapiens	MVi/Virginia.USA/15.09	false	ncbi-genbank	53a8106e207994251e53e93e2134c2bcdca082dd4620550fcdc6abba2a18d76f					884095	Measles virus strain MVi/Virginia.USA/15.09	MVi/Virginia.USA/15.09				
JN635405	1089795	3052345	skip_species_in_catalogue	target	species taxid 3052345 already catalogued	JN635405	JN635405.1	Measles virus strain MVi/Washington.USA/18.08/1	Morbillivirus	Paramyxoviridae	Viruses; Riboviria; Orthornavirae; Negarnaviricota; Haploviricotina; Monjiviricetes; Mononegavirales; Paramyxoviridae; Orthoparamyxovirinae; Morbillivirus; Morbillivirus hominis	cRNA	linear	15894		Homo sapiens	MVi/Washington.USA/18.08/1	false	ncbi-genbank	726856c28d97758015349a78dfed854f21b4af0404cc39f3f1f88321b0365473					1089795	Measles virus strain MVi/Washington.USA/18.08/1	MVi/Washington.USA/18.08/1				
JN635406	884096	3052345	skip_species_in_catalogue	target	species taxid 3052345 already catalogued	JN635406	JN635406.1	Measles virus strain MVi/Arizona.USA/11.08/2	Morbillivirus	Paramyxoviridae	Viruses; Riboviria; Orthornavirae; Negarnaviricota; Haploviricotina; Monjiviricetes; Mononegavirales; Paramyxoviridae; Orthoparamyxovirinae; Morbillivirus; Morbillivirus hominis	cRNA	linear	15894		Homo sapiens	MVi/Arizona.USA/11.08/2	false	ncbi-genbank	26fd9dfb244ed7b050600dab7bf169e9a9706ed8ca9266a6fe5c570993b67d71					884096	Measles virus strain MVi/Arizona.USA/11.08/2	MVi/Arizona.USA/11.08/2				
JN635407	884097	3052345	skip_species_in_catalogue	target	species taxid 3052345 already catalogued	JN635407	JN635407.1	Measles virus strain MVi/Texas.USA/4.07	Morbillivirus	Paramyxoviridae	Viruses; Riboviria; Orthornavirae; Negarnaviricota; Haploviricotina; Monjiviricetes; Mononegavirales; Paramyxoviridae; Orthoparamyxovirinae; Morbillivirus; Morbillivirus hominis	cRNA	linear	15894		Homo sapiens	MVi/Texas.USA/4.07	false	ncbi-genbank	587bcdaaaf18efac2bfe1c7efad753ec9adbf2a0ee9d0871a0942d151e64b94e					884097	Measles virus strain MVi/Texas.USA/4.07	MVi/Texas.USA/4.07				
JN635408	884098	3052345	skip_species_in_catalogue	target	species taxid 3052345 already catalogued	JN635408	JN635408.1	Measles virus strain MVi/New Jersey.USA/45.05	Morbillivirus	Paramyxoviridae	Viruses; Riboviria; Orthornavirae; Negarnaviricota; Haploviricotina; Monjiviricetes; Mononegavirales; Paramyxoviridae; Orthoparamyxovirinae; Morbillivirus; Morbillivirus hominis	cRNA	linear	15894		Homo sapiens	MVi/New Jersey.USA/45.05	false	ncbi-genbank	e0fa752a7138374b68eac31bd8e04c2fd099461b282f5e9dc84e934b89f048a1					884098	Measles virus strain MVi/New Jersey.USA/45.05	MVi/New Jersey.USA/45.05				
JN635409	884099	3052345	skip_species_in_catalogue	target	species taxid 3052345 already catalogued	JN635409	JN635409.1	Measles virus strain MVi/California.USA/8.04	Morbillivirus	Paramyxoviridae	Viruses; Riboviria; Orthornavirae; Negarnaviricota; Haploviricotina; Monjiviricetes; Mononegavirales; Paramyxoviridae; Orthoparamyxovirinae; Morbillivirus; Morbillivirus hominis	cRNA	linear	15894		Homo sapiens	MVi/California.USA/8.04	false	ncbi-genbank	a672b334e29b595812c05f5f0ecffe0f546aaf3a785777c16964fe21f1fda9a9					884099	Measles virus strain MVi/California.USA/8.04	MVi/California.USA/8.04				
JN635410	884100	3052345	skip_species_in_catalogue	target	species taxid 3052345 already catalogued	JN635410	JN635410.1	Measles virus strain MVi/California.USA/16.03	Morbillivirus	Paramyxoviridae	Viruses; Riboviria; Orthornavirae; Negarnaviricota; Haploviricotina; Monjiviricetes; Mononegavirales; Paramyxoviridae; Orthoparamyxovirinae; Morbillivirus; Morbillivirus hominis	cRNA	linear	15894		Homo sapiens	MVi/California.USA/16.03	false	ncbi-genbank	d5f9b23f393ff17eb37a63c74e7bbf2ab40fc7c7b25f783e06dd57c87e410e29					884100	Measles virus strain MVi/California.USA/16.03	MVi/California.USA/16.03				
JN635411	884101	3052345	skip_species_in_catalogue	target	species taxid 3052345 already catalogued	JN635411	JN635411.1	Measles virus strain MVi/Pennsylvania.USA/20.09	Morbillivirus	Paramyxoviridae	Viruses; Riboviria; Orthornavirae; Negarnaviricota; Haploviricotina; Monjiviricetes; Mononegavirales; Paramyxoviridae; Orthoparamyxovirinae; Morbillivirus; Morbillivirus hominis	cRNA	linear	15894		Homo sapiens	MVi/Pennsylvania.USA/20.09	false	ncbi-genbank	93e58ec0bd4b623dc716ee38eff29bdbac3b8047196b239bbfbaf5e54b1fdc33					884101	Measles virus strain MVi/Pennsylvania.USA/20.09	MVi/Pennsylvania.USA/20.09				
JN638998	1216927	3052460	skip_species_in_catalogue	target	species taxid 3052460 already catalogued	JN638998	JN638998.1	Sudan ebolavirus - Nakisamata	Orthoebolavirus	Filoviridae	Viruses; Riboviria; Orthornavirae; Negarnaviricota; Haploviricotina; Monjiviricetes; Mononegavirales; Filoviridae; Orthoebolavirus; Orthoebolavirus sudanense	cRNA	linear	18875		Homo sapiens	Sudan	false	ncbi-genbank	b73ec50239dde5c653ca97efdacd3eea3ea90871a9a1c97822fed5450b645c22					1216927	Sudan ebolavirus - Nakisamata	Sudan				
JN860676	1337398	3241406	skip_species_in_catalogue	target	species taxid 3241406 already catalogued	JN860676	JN860676.1	Human adenovirus 66	Mastadenovirus	Adenoviridae	Viruses; Varidnaviria; Bamfordvirae; Preplasmiviricota; Polisuviricotina; Pharingeaviricetes; Rowavirales; Adenoviridae; Mastadenovirus; Mastadenovirus blackbeardi	DNA	linear	35080		Homo sapiens	87-922	false	ncbi-genbank	dd94084db5dd78f83966f9fb4cf1b803d84262e2249de024b353915d7bf182e6					1337398	Human adenovirus 66	87-922				
JN860677	326124	3241406	skip_species_in_catalogue	target	species taxid 3241406 already catalogued	JN860677	JN860677.1	Human adenovirus 7d2	Mastadenovirus	Adenoviridae	Viruses; Varidnaviria; Bamfordvirae; Preplasmiviricota; Polisuviricotina; Pharingeaviricetes; Rowavirales; Adenoviridae; Mastadenovirus; Mastadenovirus blackbeardi	DNA	linear	35242		Homo sapiens	FS2154	false	ncbi-genbank	4d9e6b11fdb9a1d0150b2ce1121a6dba5673921e6a770c252ebeb5a144f85e9c					326124	Human adenovirus 7d2	FS2154				
JN860678	1096763	3241406	skip_species_in_catalogue	target	species taxid 3241406 already catalogued	JN860678	JN860678.1	Human adenovirus 68	Mastadenovirus	Adenoviridae	Viruses; Varidnaviria; Bamfordvirae; Preplasmiviricota; Polisuviricotina; Pharingeaviricetes; Rowavirales; Adenoviridae; Mastadenovirus; Mastadenovirus blackbeardi	DNA	linear	35538		Homo sapiens	Arg 827/04	false	ncbi-genbank	1faaea492c19830968f3753cd0899f1ddd7b88bac2bc33e52e0a680926d7f324					1096763	Human adenovirus 68	Arg 827/04				
JN860679	260047	3241406	skip_species_in_catalogue	target	species taxid 3241406 already catalogued	JN860679	JN860679.1	Human adenovirus 3+7	Mastadenovirus	Adenoviridae	Viruses; Varidnaviria; Bamfordvirae; Preplasmiviricota; Polisuviricotina; Pharingeaviricetes; Rowavirales; Adenoviridae; Mastadenovirus; Mastadenovirus blackbeardi	DNA	linear	35228		Homo sapiens	Takeuchi	false	ncbi-genbank	db085bc6574b5c7bd8951e883689f623d61ffbcde93fb6132610cc5f31fb45a0					260047	Human adenovirus 3+7	Takeuchi				
JN860680	31544	3241406	skip_species_in_catalogue	target	species taxid 3241406 already catalogued	JN860680	JN860680.1	Human adenovirus 16	Mastadenovirus	Adenoviridae	Viruses; Varidnaviria; Bamfordvirae; Preplasmiviricota; Polisuviricotina; Pharingeaviricetes; Rowavirales; Adenoviridae; Mastadenovirus; Mastadenovirus blackbeardi	DNA	linear	35384		Homo sapiens	E26	false	ncbi-genbank	978945eaf4665d5fdcb1525c96c69edcbe578b7e6ee6495db1ec3cbdf4514727					31544	Human adenovirus 16	E26				
JN935766	1124795	3241420	skip_species_in_catalogue	target	species taxid 3241420 already catalogued	JN935766	JN935766.1	Human adenovirus 63	Mastadenovirus	Adenoviridae	Viruses; Varidnaviria; Bamfordvirae; Preplasmiviricota; Polisuviricotina; Pharingeaviricetes; Rowavirales; Adenoviridae; Mastadenovirus; Mastadenovirus dominans	DNA	linear	35168		Homo sapiens	human/USA/BP-7-2/1959/63[P30H30F29]	false	ncbi-genbank	7822b0f29c06273bbca498aa8af29582d817d7a9a5c1befc164552a51a52af36					1124795	Human adenovirus 63	human/USA/BP-7-2/1959/63[P30H30F29]				
JQ326209	28278	3241420	skip_species_in_catalogue	target	species taxid 3241420 already catalogued	JQ326209	JQ326209.1	Human adenovirus 19	Mastadenovirus	Adenoviridae	Viruses; Varidnaviria; Bamfordvirae; Preplasmiviricota; Polisuviricotina; Pharingeaviricetes; Rowavirales; Adenoviridae; Mastadenovirus; Mastadenovirus dominans	DNA	linear	35153		Homo sapiens		false	ncbi-genbank	09a29a463585d44782035bc9f37701cea441837a3c641016a46ccb38f80b58d3					28278	Human adenovirus 19					
JQ388274	1173217	3431196	skip_species_in_catalogue	target	species taxid 3431196 already catalogued	JQ388274	JQ388274.1	Norovirus Hu/GI.6/Kingston/ACT160D/2010/AU	Norovirus	Caliciviridae	Viruses; Riboviria; Orthornavirae; Pisuviricota; Pisoniviricetes; Picornavirales; Caliciviridae; Norovirus; Norovirus norwalkense	RNA	linear	7691		Homo sapiens	Hu/GI.6/Kingston/ACT160D/2010/AU	false	ncbi-genbank	2d2e2655f83527772d17e7d4948240b9d9dfa6f7021bc93116cb7dd9bdd1de97					1173217	Norovirus Hu/GI.6/Kingston/ACT160D/2010/AU	Hu/GI.6/Kingston/ACT160D/2010/AU				
JQ613567	1183318	3431196	skip_species_in_catalogue	target	species taxid 3431196 already catalogued	JQ613567	JQ613567.1	Norovirus Hu/GIV.1/LakeMacquarie/NSW268O/2010/AU	Norovirus	Caliciviridae	Viruses; Riboviria; Orthornavirae; Pisuviricota; Pisoniviricetes; Picornavirales; Caliciviridae; Norovirus; Norovirus norwalkense	RNA	linear	7527		Homo sapiens	Hu/GIV.1/LakeMacquarie/NSW268O/2010/AU	false	ncbi-genbank	b3b8ceda2caea139a6a75179c7bfb60a412497789e90ab504c13db7164cf18d8					1183318	Norovirus Hu/GIV.1/LakeMacquarie/NSW268O/2010/AU	Hu/GIV.1/LakeMacquarie/NSW268O/2010/AU				
JQ613568	1183320	3431196	skip_species_in_catalogue	target	species taxid 3431196 already catalogued	JQ613568	JQ613568.1	Norovirus Hu/GII.g-GII.12/Wahroonga/NSW004P/2009/AU	Norovirus	Caliciviridae	Viruses; Riboviria; Orthornavirae; Pisuviricota; Pisoniviricetes; Picornavirales; Caliciviridae; Norovirus; Norovirus norwalkense	RNA	linear	7523		Homo sapiens	Hu/GII.g-GII.12/Wahroonga/NSW004P/2009/AU	false	ncbi-genbank	7f8db93a8ce8675fea336f449358b351ef2b21288ee9e924ad383a73798a97c3					1183320	Norovirus Hu/GII.g-GII.12/Wahroonga/NSW004P/2009/AU	Hu/GII.g-GII.12/Wahroonga/NSW004P/2009/AU				
JQ613569	1183319	3431196	skip_species_in_catalogue	target	species taxid 3431196 already catalogued	JQ613569	JQ613569.1	Norovirus Hu/GII.g-GII.12/Gunnedah/NSW895P/2010/AU	Norovirus	Caliciviridae	Viruses; Riboviria; Orthornavirae; Pisuviricota; Pisoniviricetes; Picornavirales; Caliciviridae; Norovirus; Norovirus norwalkense	RNA	linear	7523		Homo sapiens	Hu/GII.g-GII.12/Gunnedah/NSW895P/2010/AU	false	ncbi-genbank	9eb106e74c34c38c6d364653e78c0be18df9cc524b3e50448e83a5e54d86d07e					1183319	Norovirus Hu/GII.g-GII.12/Gunnedah/NSW895P/2010/AU	Hu/GII.g-GII.12/Gunnedah/NSW895P/2010/AU				
JQ613570	1183312	3431196	skip_species_in_catalogue	target	species taxid 3431196 already catalogued	JQ613570	JQ613570.1	Norovirus Hu/GII.4/Rockdale/NSW006D/2009/AU	Norovirus	Caliciviridae	Viruses; Riboviria; Orthornavirae; Pisuviricota; Pisoniviricetes; Picornavirales; Caliciviridae; Norovirus; Norovirus norwalkense	RNA	linear	7559		Homo sapiens	Hu/GII.4/Rockdale/NSW006D/2009/AU	false	ncbi-genbank	c9d923203d13d26e459e87318af600d1785fbf6b0b0446f31831bd8109765164					1183312	Norovirus Hu/GII.4/Rockdale/NSW006D/2009/AU	Hu/GII.4/Rockdale/NSW006D/2009/AU				
JQ622197	1184496	3431196	skip_species_in_catalogue	target	species taxid 3431196 already catalogued	JQ622197	JQ622197.1	Norovirus Hu/GII-4/CBNU2/2007/KR	Norovirus	Caliciviridae	Viruses; Riboviria; Orthornavirae; Pisuviricota; Pisoniviricetes; Picornavirales; Caliciviridae; Norovirus; Norovirus norwalkense	RNA	linear	7583		Homo sapiens	Hu/GII-4/CBNU2/KR/2007	false	ncbi-genbank	a225d87688045d996ceb332fdeca3f5bac0e2cbb79495a04d9e6ef23e3e3631c					1184496	Norovirus Hu/GII-4/CBNU2/2007/KR					
JQ798158	1195791	3431196	skip_species_in_catalogue	target	species taxid 3431196 already catalogued	JQ798158	JQ798158.1	Norovirus Hu/GII.4/5M/USA/2004	Norovirus	Caliciviridae	Viruses; Riboviria; Orthornavirae; Pisuviricota; Pisoniviricetes; Picornavirales; Caliciviridae; Norovirus; Norovirus norwalkense	RNA	linear	7558		Homo sapiens	5M	false	ncbi-genbank	69504849fcbffd5d6b0e2848aa2e1a0c0c420dda189aed3254391e8151d2dfaf					1195791	Norovirus Hu/GII.4/5M/USA/2004	Hu/GII.4/5M/USA/2004				
JQ898342	1224522	72149	skip_species_in_catalogue	target	species taxid 72149 already catalogued	JQ898342	JQ898342.1	Kobuvirus sewage Kathmandu	Kobuvirus	Picornaviridae	Viruses; Riboviria; Orthornavirae; Pisuviricota; Pisoniviricetes; Picornavirales; Picornaviridae; Kodimesavirinae; Kobuvirus; Kobuvirus aichi	RNA	linear	6939			KoV-SewKTM	false	ncbi-genbank	83ac42b7a03da807964583e2369884341bc8b78450a65afdb31897a4846f5863					1224522	Kobuvirus sewage Kathmandu					
JQ911594	1175308	3431196	skip_species_in_catalogue	target	species taxid 3431196 already catalogued	JQ911594	JQ911594.1	Norovirus Hu/GI/10360/2010/VNM	Norovirus	Caliciviridae	Viruses; Riboviria; Orthornavirae; Pisuviricota; Pisoniviricetes; Picornavirales; Caliciviridae; Norovirus; Norovirus norwalkense	ss-RNA	linear	7696		Homo sapiens; sex: F	Hu/GI/10360/2010/VNM	false	ncbi-genbank	8eb3d3799d83d9af92e2d88eb7b4b7e00820f2da7be873232d1b60d2052a9200					1175308	Norovirus Hu/GI/10360/2010/VNM	Hu/GI/10360/2010/VNM				
JQ911595	1175309	3431196	skip_species_in_catalogue	target	species taxid 3431196 already catalogued	JQ911595	JQ911595.1	Norovirus Hu/GII/10002/2009/VNM	Norovirus	Caliciviridae	Viruses; Riboviria; Orthornavirae; Pisuviricota; Pisoniviricetes; Picornavirales; Caliciviridae; Norovirus; Norovirus norwalkense	ss-RNA	linear	7511		Homo sapiens; sex: M	Hu/GII/10002/2009/VNM	false	ncbi-genbank	5183905248cbc35644b29eb18032ce08c1fa2af1967ef88f1f841c50b66620bf					1175309	Norovirus Hu/GII/10002/2009/VNM	Hu/GII/10002/2009/VNM				
JQ911596	1175310	3431196	skip_species_in_catalogue	target	species taxid 3431196 already catalogued	JQ911596	JQ911596.1	Norovirus Hu/GII/10003/2009/VNM	Norovirus	Caliciviridae	Viruses; Riboviria; Orthornavirae; Pisuviricota; Pisoniviricetes; Picornavirales; Caliciviridae; Norovirus; Norovirus norwalkense	ss-RNA	linear	7511		Homo sapiens; sex: F	Hu/GII/10003/2009/VNM	false	ncbi-genbank	d008c355da9b08d024b2a8d184e3700944b9a8488ca715aae0d952bc54306ace					1175310	Norovirus Hu/GII/10003/2009/VNM	Hu/GII/10003/2009/VNM				
JQ911597	1175311	3431196	skip_species_in_catalogue	target	species taxid 3431196 already catalogued	JQ911597	JQ911597.1	Norovirus Hu/GII/10012/2009/VNM	Norovirus	Caliciviridae	Viruses; Riboviria; Orthornavirae; Pisuviricota; Pisoniviricetes; Picornavirales; Caliciviridae; Norovirus; Norovirus norwalkense	ss-RNA	linear	7510		Homo sapiens; sex: F	Hu/GII/10012/2009/VNM	false	ncbi-genbank	d5261f336c8c726a678b5efc29f4b3984146d7eb73ca545d57ae32a34a8035b1					1175311	Norovirus Hu/GII/10012/2009/VNM	Hu/GII/10012/2009/VNM				
JQ911598	1175312	3431196	skip_species_in_catalogue	target	species taxid 3431196 already catalogued	JQ911598	JQ911598.1	Norovirus Hu/GII/10037/2009/VNM	Norovirus	Caliciviridae	Viruses; Riboviria; Orthornavirae; Pisuviricota; Pisoniviricetes; Picornavirales; Caliciviridae; Norovirus; Norovirus norwalkense	ss-RNA	linear	7511		Homo sapiens; sex: M	Hu/GII/10037/2009/VNM	false	ncbi-genbank	a18076120a8bac1e904f7ba9ac5a76b653b4872ec07b59654af8ae468284b990					1175312	Norovirus Hu/GII/10037/2009/VNM	Hu/GII/10037/2009/VNM				
JX023285	1184498	3431196	skip_species_in_catalogue	target	species taxid 3431196 already catalogued	JX023285	JX023285.1	Norovirus Hu/GI.1/8FIIa/1968/USA	Norovirus	Caliciviridae	Viruses; Riboviria; Orthornavirae; Pisuviricota; Pisoniviricetes; Picornavirales; Caliciviridae; Norovirus; Norovirus norwalkense	ss-RNA	linear	7633		Homo sapiens	Hu/GI.1/8FIIa/1968/USA	false	ncbi-genbank	44c4560d36526b273420105402b16d05c8e60f4ce86878166759fbbb1af50141					1184498	Norovirus Hu/GI.1/8FIIa/1968/USA	Hu/GI.1/8FIIa/1968/USA				
JX023286	1184497	3431196	skip_species_in_catalogue	target	species taxid 3431196 already catalogued	JX023286	JX023286.1	Norovirus Hu/GII.4/CHDC5191/1974/USA	Norovirus	Caliciviridae	Viruses; Riboviria; Orthornavirae; Pisuviricota; Pisoniviricetes; Picornavirales; Caliciviridae; Norovirus; Norovirus norwalkense	ss-RNA	linear	7549		Homo sapiens	Hu/GII.4/CHDC5191/1974/USA	false	ncbi-genbank	8656d68ca3f575f513815b2e3340b78a342015d4628f8fbf97fc88e0414871f7					1184497	Norovirus Hu/GII.4/CHDC5191/1974/USA	Hu/GII.4/CHDC5191/1974/USA				
JX050181	376148	3431395	skip_species_in_catalogue	target	species taxid 3431395 already catalogued	JX050181	JX050181.1	Human parechovirus 5	Parechovirus	Picornaviridae	Viruses; Riboviria; Orthornavirae; Pisuviricota; Pisoniviricetes; Picornavirales; Picornaviridae; Paavivirinae; Parechovirus; Parechovirus ahumpari	ss-RNA	linear	7298			CH-ZJ1	false	ncbi-genbank	0e52f624a74bdc546b7d573135fb13874bc9c190a1693927a8f7737152e46713					376148	Human parechovirus 5	CH-ZJ1				
JX126912	1221623	3431196	skip_species_in_catalogue	target	species taxid 3431196 already catalogued	JX126912	JX126912.1	Norovirus Hu/GII.4/Ohio/7I/2012/USA	Norovirus	Caliciviridae	Viruses; Riboviria; Orthornavirae; Pisuviricota; Pisoniviricetes; Picornavirales; Caliciviridae; Norovirus; Norovirus norwalkense	RNA	linear	7558		Homo sapiens	Hu/GII.4/Ohio/7I/2012/USA	false	ncbi-genbank	df141be4340658f69f30dab17234d9a314efc242fc12c5b9012876e1bf683dee					1221623	Norovirus Hu/GII.4/Ohio/7I/2012/USA	Hu/GII.4/Ohio/7I/2012/USA				
JX126913	1221622	3431196	skip_species_in_catalogue	target	species taxid 3431196 already catalogued	JX126913	JX126913.1	Norovirus Hu/GII.4/Ohio/7G/2012/USA	Norovirus	Caliciviridae	Viruses; Riboviria; Orthornavirae; Pisuviricota; Pisoniviricetes; Picornavirales; Caliciviridae; Norovirus; Norovirus norwalkense	RNA	linear	7559		Homo sapiens	Hu/GII.4/Ohio/7G/2012/USA	false	ncbi-genbank	3b41de7df167cfd5ad0d09cfba4ba42bc0baadd611d0678c09efbd358331eb24					1221622	Norovirus Hu/GII.4/Ohio/7G/2012/USA	Hu/GII.4/Ohio/7G/2012/USA				
JX174177	42779	3428505	skip_species_in_catalogue	target	species taxid 3428505 already catalogued	JX174177	JX174177.1	Coxsackievirus A1	Enterovirus	Picornaviridae	Viruses; Riboviria; Orthornavirae; Pisuviricota; Pisoniviricetes; Picornavirales; Picornaviridae; Ensavirinae; Enterovirus; Enterovirus coxsackiepol	RNA	linear	7398		Homo sapiens	KS-ZPH01F/XJ/CHN/2011	false	ncbi-genbank	1956231f0fd3e95ac4dbdb454c551b0dbf1716bcebeaa46f0743c904c4d14ef6					42779	Coxsackievirus A1		Coxsackievirus A1			
JX227952	1208063	3052230	skip_species_in_catalogue	target	species taxid 3052230 already catalogued	JX227952	JX227952.1	Hepatitis C virus subtype 2k/1b	Orthohepacivirus	Hepaciviridae	Viruses; Riboviria; Orthornavirae; Kitrinoviricota; Flasuviricetes; Amarillovirales; Hepaciviridae; Orthohepacivirus; Orthohepacivirus hominis	RNA	linear	9302		Homo sapiens	HCV-2k1b/GB/BID-G1241	false	ncbi-genbank	914db1234f2ba7ab38fb1c338e5e6720723b7c5e84824baa02d278a05a52640c					1208063	Hepatitis C virus subtype 2k/1b					
JX227953	356466	3052230	skip_species_in_catalogue	target	species taxid 3052230 already catalogued	JX227953	JX227953.1	Hepatitis C virus subtype 2k	Orthohepacivirus	Hepaciviridae	Viruses; Riboviria; Orthornavirae; Kitrinoviricota; Flasuviricetes; Amarillovirales; Hepaciviridae; Orthohepacivirus; Orthohepacivirus hominis	RNA	linear	9380		Homo sapiens	HCV-2k/GB/BID-G1242	false	ncbi-genbank	8f077e9be4460b57e54d2b9192c909b5fb9d64e7e65939b8eea18e0d2f394578					356466	Hepatitis C virus subtype 2k					
JX227954	42792	3052230	skip_species_in_catalogue	target	species taxid 3052230 already catalogued	JX227954	JX227954.1	Hepatitis C virus subtype 3g	Orthohepacivirus	Hepaciviridae	Viruses; Riboviria; Orthornavirae; Kitrinoviricota; Flasuviricetes; Amarillovirales; Hepaciviridae; Orthohepacivirus; Orthohepacivirus hominis	RNA	linear	9353		Homo sapiens	HCV-3g/GB/BID-G1243	false	ncbi-genbank	097f94527942754e47b5926d99f54ad0d1bd78b9102f9bf9949e605867d8a7db					42792	Hepatitis C virus subtype 3g					
JX227955	1094895	3052230	skip_species_in_catalogue	target	species taxid 3052230 already catalogued	JX227955	JX227955.1	Hepatitis C virus subtype 3i	Orthohepacivirus	Hepaciviridae	Viruses; Riboviria; Orthornavirae; Kitrinoviricota; Flasuviricetes; Amarillovirales; Hepaciviridae; Orthohepacivirus; Orthohepacivirus hominis	RNA	linear	9352		Homo sapiens	HCV-3i/GB/BID-G1244	false	ncbi-genbank	8c2964b59d5367a1ce8a27644fc0db6c940e58e319c641329079bd505326db31					1094895	Hepatitis C virus subtype 3i					
JX227958	1094898	3052230	skip_species_in_catalogue	target	species taxid 3052230 already catalogued	JX227958	JX227958.1	Hepatitis C virus subtype 4L	Orthohepacivirus	Hepaciviridae	Viruses; Riboviria; Orthornavirae; Kitrinoviricota; Flasuviricetes; Amarillovirales; Hepaciviridae; Orthohepacivirus; Orthohepacivirus hominis	RNA	linear	9322		Homo sapiens	HCV-4l/GB/BID-G1247	false	ncbi-genbank	35b4ea8c62bcc27bacb0926175b2053c739e91709422e16e0bc23cf0a3304126					1094898	Hepatitis C virus subtype 4L					
JX227960	1208062	3052230	skip_species_in_catalogue	target	species taxid 3052230 already catalogued	JX227960	JX227960.1	Hepatitis C virus subtype 4v	Orthohepacivirus	Hepaciviridae	Viruses; Riboviria; Orthornavirae; Kitrinoviricota; Flasuviricetes; Amarillovirales; Hepaciviridae; Orthohepacivirus; Orthohepacivirus hominis	RNA	linear	9270		Homo sapiens	HCV-4v/GB/BID-G1249	false	ncbi-genbank	8175995d03cd8a4cbdd42090959e700310db6ec83c2e54f1b1f5a5f0ca2e0696					1208062	Hepatitis C virus subtype 4v					
JX227962	693427	3052230	skip_species_in_catalogue	target	species taxid 3052230 already catalogued	JX227962	JX227962.1	Hepatitis C virus subtype 4r	Orthohepacivirus	Hepaciviridae	Viruses; Riboviria; Orthornavirae; Kitrinoviricota; Flasuviricetes; Amarillovirales; Hepaciviridae; Orthohepacivirus; Orthohepacivirus hominis	RNA	linear	9328		Homo sapiens	HCV-4r/GB/BID-G1251	false	ncbi-genbank	67bd84e9a3739dd7e0d6e8765db77afd0fdf7982bc53bf445b54991005f021a7					693427	Hepatitis C virus subtype 4r					
JX227963	1094899	3052230	skip_species_in_catalogue	target	species taxid 3052230 already catalogued	JX227963	JX227963.1	Hepatitis C virus subtype 4g	Orthohepacivirus	Hepaciviridae	Viruses; Riboviria; Orthornavirae; Kitrinoviricota; Flasuviricetes; Amarillovirales; Hepaciviridae; Orthohepacivirus; Orthohepacivirus hominis	RNA	linear	9314		Homo sapiens	HCV-4g/GB/BID-G1252	false	ncbi-genbank	24c186c16adbc56891a9cb6f6264de9bcca4d04a674f2956f4b8089e806a0191					1094899	Hepatitis C virus subtype 4g					
JX227965	31651	3052230	skip_species_in_catalogue	target	species taxid 3052230 already catalogued	JX227965	JX227965.1	Hepatitis C virus subtype 2c	Orthohepacivirus	Hepaciviridae	Viruses; Riboviria; Orthornavirae; Kitrinoviricota; Flasuviricetes; Amarillovirales; Hepaciviridae; Orthohepacivirus; Orthohepacivirus hominis	RNA	linear	9385		Homo sapiens	HCV-2c/GB/BID-G1293	false	ncbi-genbank	946503c06da6d830cdd90c31a38bc8fc56c02c61d7259d3ad9fc46dca4230587					31651	Hepatitis C virus subtype 2c					
JX227967	1094901	3052230	skip_species_in_catalogue	target	species taxid 3052230 already catalogued	JX227967	JX227967.1	Hepatitis C virus subtype 2m	Orthohepacivirus	Hepaciviridae	Viruses; Riboviria; Orthornavirae; Kitrinoviricota; Flasuviricetes; Amarillovirales; Hepaciviridae; Orthohepacivirus; Orthohepacivirus hominis	RNA	linear	9383		Homo sapiens	HCV-2m/CA/BID-G1314	false	ncbi-genbank	52c92737597232d2511c614a037ac5dce5d3781864f69cb8a5d14bbc52152327					1094901	Hepatitis C virus subtype 2m					
JX227970	693426	3052230	skip_species_in_catalogue	target	species taxid 3052230 already catalogued	JX227970	JX227970.1	Hepatitis C virus subtype 4n	Orthohepacivirus	Hepaciviridae	Viruses; Riboviria; Orthornavirae; Kitrinoviricota; Flasuviricetes; Amarillovirales; Hepaciviridae; Orthohepacivirus; Orthohepacivirus hominis	RNA	linear	9301		Homo sapiens	HCV-4n/GB/BID-G1655	false	ncbi-genbank	a9784a41fc63eabb8d8169837b7c6a8e0bc3b3fef3626a54777263dc0323c99b					693426	Hepatitis C virus subtype 4n					
JX227972	1094900	3052230	skip_species_in_catalogue	target	species taxid 3052230 already catalogued	JX227972	JX227972.1	Hepatitis C virus subtype 4m	Orthohepacivirus	Hepaciviridae	Viruses; Riboviria; Orthornavirae; Kitrinoviricota; Flasuviricetes; Amarillovirales; Hepaciviridae; Orthohepacivirus; Orthohepacivirus hominis	RNA	linear	9305		Homo sapiens	HCV-4m/GB/BID-G1657	false	ncbi-genbank	fe37815e5fcf7a98c93583014fafbff6cc2c5dd4799254cd1ba2d63fde6f0a3b					1094900	Hepatitis C virus subtype 4m					
JX227979	745709	3052230	skip_species_in_catalogue	target	species taxid 3052230 already catalogued	JX227979	JX227979.1	Hepatitis C virus subtype 4o	Orthohepacivirus	Hepaciviridae	Viruses; Riboviria; Orthornavirae; Kitrinoviricota; Flasuviricetes; Amarillovirales; Hepaciviridae; Orthohepacivirus; Orthohepacivirus hominis	RNA	linear	9255		Homo sapiens	HCV-4o/GB/BID-G2039	false	ncbi-genbank	a52bbf4d5a753cdf43909f67d720e67835531a873ae32551effd1fc181f1455f					745709	Hepatitis C virus subtype 4o					
JX262382	2760819	3428505	skip_species_in_catalogue	target	species taxid 3428505 already catalogued	JX262382	JX262382.1	enterovirus C117	Enterovirus	Picornaviridae	Viruses; Riboviria; Orthornavirae; Pisuviricota; Pisoniviricetes; Picornavirales; Picornaviridae; Ensavirinae; Enterovirus; Enterovirus coxsackiepol	RNA	linear	7363		Homo sapiens	LIT22	false	ncbi-genbank	52dc1978a06ca5bdefe54a34bd1f3fe5026f2717c8a54ef62ee5c5725dd39e00					2760819	enterovirus C117	LIT22				
JX439815	1336082	3431196	skip_species_in_catalogue	target	species taxid 3431196 already catalogued	JX439815	JX439815.1	Norovirus Hu/GII/Seoul1055/KOR/2010	Norovirus	Caliciviridae	Viruses; Riboviria; Orthornavirae; Pisuviricota; Pisoniviricetes; Picornavirales; Caliciviridae; Norovirus; Norovirus norwalkense	RNA	linear	7538		Homo sapiens	Hu/GII/Seoul1055/KOR/2010	false	ncbi-genbank	2c019ec763f3ca92050133ccc65c03df3e79da6719614b3f81c059c5e1120a20					1336082	Norovirus Hu/GII/Seoul1055/KOR/2010					
JX439816	1336084	3431196	skip_species_in_catalogue	target	species taxid 3431196 already catalogued	JX439816	JX439816.1	Norovirus Hu/GII/Seoul1072/KOR/2010	Norovirus	Caliciviridae	Viruses; Riboviria; Orthornavirae; Pisuviricota; Pisoniviricetes; Picornavirales; Caliciviridae; Norovirus; Norovirus norwalkense	RNA	linear	7537		Homo sapiens	Hu/GII/Seoul1072/KOR/2010	false	ncbi-genbank	222c86af3286539af620e155fc1e53babba7fadd97f71f3a4c2bd2395cd9feb6					1336084	Norovirus Hu/GII/Seoul1072/KOR/2010					
JX439817	1336095	3431196	skip_species_in_catalogue	target	species taxid 3431196 already catalogued	JX439817	JX439817.1	Norovirus Hu/GII/Seoul1282/KOR/2010	Norovirus	Caliciviridae	Viruses; Riboviria; Orthornavirae; Pisuviricota; Pisoniviricetes; Picornavirales; Caliciviridae; Norovirus; Norovirus norwalkense	RNA	linear	7538		Homo sapiens	Hu/GII/Seoul1282/KOR/2010	false	ncbi-genbank	8dd6a438273923868604c6a1365ef5e12a7f75f7d2cb590d973ee60d6c4cf1b2					1336095	Norovirus Hu/GII/Seoul1282/KOR/2010					
JX439818	1336100	3431196	skip_species_in_catalogue	target	species taxid 3431196 already catalogued	JX439818	JX439818.1	Norovirus Hu/GII/Seoul1367/KOR/2010	Norovirus	Caliciviridae	Viruses; Riboviria; Orthornavirae; Pisuviricota; Pisoniviricetes; Picornavirales; Caliciviridae; Norovirus; Norovirus norwalkense	RNA	linear	7537		Homo sapiens	Hu/GII/Seoul1367/KOR/2010	false	ncbi-genbank	031199f46c2a9a3edd004f3a1f4f5385c3d455c9349637752ca6de5842a08ac6					1336100	Norovirus Hu/GII/Seoul1367/KOR/2010					
JX439819	1336131	3431196	skip_species_in_catalogue	target	species taxid 3431196 already catalogued	JX439819	JX439819.1	Norovirus Hu/GII/Seoul1488/KOR/2011	Norovirus	Caliciviridae	Viruses; Riboviria; Orthornavirae; Pisuviricota; Pisoniviricetes; Picornavirales; Caliciviridae; Norovirus; Norovirus norwalkense	RNA	linear	7538		Homo sapiens	Hu/GII/Seoul1488/KOR/2011	false	ncbi-genbank	233c2f46e96ee10829e1062f6d7ab515ded6237daff0a2e1d298f880f332d550					1336131	Norovirus Hu/GII/Seoul1488/KOR/2011					
JX448566	1312076	3431196	skip_species_in_catalogue	target	species taxid 3431196 already catalogued	JX448566	JX448566.1	Norovirus Hu/GII.4/Seoul/1071/2010/KOR	Norovirus	Caliciviridae	Viruses; Riboviria; Orthornavirae; Pisuviricota; Pisoniviricetes; Picornavirales; Caliciviridae; Norovirus; Norovirus norwalkense	RNA	linear	7538		Homo sapiens	Hu/GII.4/Seoul/1071/2010/KOR	false	ncbi-genbank	8fac51aabb3f02dee2780441fcc2f68e9a6a83c5e1462c7fb9d6f930349bdafa					1312076	Norovirus Hu/GII.4/Seoul/1071/2010/KOR					
JX459900	1241971	3431196	skip_species_in_catalogue	target	species taxid 3431196 already catalogued	JX459900	JX459900.1	Norovirus Hu/GII.4/Randwick/NSW882J/2011/AU	Norovirus	Caliciviridae	Viruses; Riboviria; Orthornavirae; Pisuviricota; Pisoniviricetes; Picornavirales; Caliciviridae; Norovirus; Norovirus norwalkense	RNA	linear	7558		Homo sapiens	Hu/GII.4/Randwick/NSW882J/2011/AU	false	ncbi-genbank	22fdcb9a719ae99a60424a574b4e64c7f2b06255861e99d4fd1160cf718983b0					1241971	Norovirus Hu/GII.4/Randwick/NSW882J/2011/AU	Hu/GII.4/Randwick/NSW882J/2011/AU				
JX459901	1241967	3431196	skip_species_in_catalogue	target	species taxid 3431196 already catalogued	JX459901	JX459901.1	Norovirus Hu/GII.4/Caringbah/NSW409G/2011/AU	Norovirus	Caliciviridae	Viruses; Riboviria; Orthornavirae; Pisuviricota; Pisoniviricetes; Picornavirales; Caliciviridae; Norovirus; Norovirus norwalkense	RNA	linear	7559		Homo sapiens	Hu/GII.4/Caringbah/NSW409G/2011/AU	false	ncbi-genbank	7d879072bfcdaad4f6f50d231ac97b73ffafef8e6b4913f9820e7edfded0c886					1241967	Norovirus Hu/GII.4/Caringbah/NSW409G/2011/AU	Hu/GII.4/Caringbah/NSW409G/2011/AU				
JX459902	1241966	3431196	skip_species_in_catalogue	target	species taxid 3431196 already catalogued	JX459902	JX459902.1	Norovirus Hu/GII.4/Berowra/NSW767L/2012/AU	Norovirus	Caliciviridae	Viruses; Riboviria; Orthornavirae; Pisuviricota; Pisoniviricetes; Picornavirales; Caliciviridae; Norovirus; Norovirus norwalkense	RNA	linear	7559		Homo sapiens	Hu/GII.4/Berowra/NSW767L/2012/AU	false	ncbi-genbank	ece33262dae620030cf3e417d254e7e81d1e607bb70717e4cf84996eb8ab765b					1241966	Norovirus Hu/GII.4/Berowra/NSW767L/2012/AU	Hu/GII.4/Berowra/NSW767L/2012/AU				
JX459903	1241969	3431196	skip_species_in_catalogue	target	species taxid 3431196 already catalogued	JX459903	JX459903.1	Norovirus Hu/GII.4/Jannali/NSW774M/2011/AU	Norovirus	Caliciviridae	Viruses; Riboviria; Orthornavirae; Pisuviricota; Pisoniviricetes; Picornavirales; Caliciviridae; Norovirus; Norovirus norwalkense	RNA	linear	7559		Homo sapiens	Hu/GII.4/Jannali/NSW774M/2011/AU	false	ncbi-genbank	6e96f2c750ccaba44791f13d45ea1bb4646c6026f7eee40224ca21d36c851203					1241969	Norovirus Hu/GII.4/Jannali/NSW774M/2011/AU	Hu/GII.4/Jannali/NSW774M/2011/AU				
JX459904	1241968	3431196	skip_species_in_catalogue	target	species taxid 3431196 already catalogued	JX459904	JX459904.1	Norovirus Hu/GII.4/Doonside/NSW536I/2011/AU	Norovirus	Caliciviridae	Viruses; Riboviria; Orthornavirae; Pisuviricota; Pisoniviricetes; Picornavirales; Caliciviridae; Norovirus; Norovirus norwalkense	RNA	linear	7559		Homo sapiens	Hu/GII.4/Doonside/NSW536I/2011/AU	false	ncbi-genbank	15ee3bd69b11948394ff3158bcea214bb846eadc99b4d68d35e9c2596d5cc7a4					1241968	Norovirus Hu/GII.4/Doonside/NSW536I/2011/AU	Hu/GII.4/Doonside/NSW536I/2011/AU				
JX459905	1241972	3431196	skip_species_in_catalogue	target	species taxid 3431196 already catalogued	JX459905	JX459905.1	Norovirus Hu/GII.4/Randwick/NSW938K/2011/AU	Norovirus	Caliciviridae	Viruses; Riboviria; Orthornavirae; Pisuviricota; Pisoniviricetes; Picornavirales; Caliciviridae; Norovirus; Norovirus norwalkense	RNA	linear	7560		Homo sapiens	Hu/GII.4/Randwick/NSW938K/2011/AU	false	ncbi-genbank	71ca3526b3e6f9d6ba10ae33fb2346a35692220d2e77eaed0cdf4c32d0ead208					1241972	Norovirus Hu/GII.4/Randwick/NSW938K/2011/AU	Hu/GII.4/Randwick/NSW938K/2011/AU				
JX459906	1241970	3431196	skip_species_in_catalogue	target	species taxid 3431196 already catalogued	JX459906	JX459906.1	Norovirus Hu/GII.4/Miranda/NSW850K/2011/AU	Norovirus	Caliciviridae	Viruses; Riboviria; Orthornavirae; Pisuviricota; Pisoniviricetes; Picornavirales; Caliciviridae; Norovirus; Norovirus norwalkense	RNA	linear	7560		Homo sapiens	Hu/GII.4/Miranda/NSW850K/2011/AU	false	ncbi-genbank	9c043a081bc727ae9c517525ab6c7e417193b11205570af94ebb6da4735f4d60					1241970	Norovirus Hu/GII.4/Miranda/NSW850K/2011/AU	Hu/GII.4/Miranda/NSW850K/2011/AU				
JX459907	1241974	3431196	skip_species_in_catalogue	target	species taxid 3431196 already catalogued	JX459907	JX459907.1	Norovirus Hu/GII.4/Woonona/NSW3309/2012/AU	Norovirus	Caliciviridae	Viruses; Riboviria; Orthornavirae; Pisuviricota; Pisoniviricetes; Picornavirales; Caliciviridae; Norovirus; Norovirus norwalkense	RNA	linear	7560		Homo sapiens	Hu/GII.4/Woonona/NSW3309/2012/AU	false	ncbi-genbank	e8d538229b88ef863034737a864f4d6efd141cb5574e9c0884e6367d0eb3d669					1241974	Norovirus Hu/GII.4/Woonona/NSW3309/2012/AU	Hu/GII.4/Woonona/NSW3309/2012/AU				
JX459908	1241973	3431196	skip_species_in_catalogue	target	species taxid 3431196 already catalogued	JX459908	JX459908.1	Norovirus Hu/GII.4/Sydney/NSW0514/2012/AU	Norovirus	Caliciviridae	Viruses; Riboviria; Orthornavirae; Pisuviricota; Pisoniviricetes; Picornavirales; Caliciviridae; Norovirus; Norovirus norwalkense	RNA	linear	7564		Homo sapiens	Hu/GII.4/Sydney/NSW0514/2012/AU	false	ncbi-genbank	460c3e584df29ef4184d44cc272eb8cbd6547b1a5c71502c72105ed339ed027b					1241973	Norovirus Hu/GII.4/Sydney/NSW0514/2012/AU	Hu/GII.4/Sydney/NSW0514/2012/AU				
JX846924	1260941	3431196	skip_species_in_catalogue	target	species taxid 3431196 already catalogued	JX846924	JX846924.1	Norovirus Hu/GII.3/HK71/1978/CHN	Norovirus	Caliciviridae	Viruses; Riboviria; Orthornavirae; Pisuviricota; Pisoniviricetes; Picornavirales; Caliciviridae; Norovirus; Norovirus norwalkense	ss-RNA	linear	7527		Homo sapiens	Hu/GII.3/HK71/1978/CHN	false	ncbi-genbank	dccac4baa22f77af232aad47c3df746befff0349e5eab98f58ab50acd072ae53					1260941	Norovirus Hu/GII.3/HK71/1978/CHN	Hu/GII.3/HK71/1978/CHN				
JX846927	1260944	3431196	skip_species_in_catalogue	target	species taxid 3431196 already catalogued	JX846927	JX846927.1	Norovirus Hu/GII.6/CHDC4073/1984/USA	Norovirus	Caliciviridae	Viruses; Riboviria; Orthornavirae; Pisuviricota; Pisoniviricetes; Picornavirales; Caliciviridae; Norovirus; Norovirus norwalkense	ss-RNA	linear	7534		Homo sapiens	Hu/GII.6/CHDC4073/1984/USA	false	ncbi-genbank	880c27ec68be3c02eee480cc0d447295a79080a723486fc5ac0008a92cd43818					1260944	Norovirus Hu/GII.6/CHDC4073/1984/USA	Hu/GII.6/CHDC4073/1984/USA				
JX869059	1235996	3433633	skip_species_in_catalogue	target	species taxid 3433633 already catalogued	JX869059	JX869059.2	Human betacoronavirus 2c EMC/2012	Merbecovirus	Coronaviridae	Viruses; Riboviria; Orthornavirae; Pisuviricota; Pisoniviricetes; Nidovirales; Cornidovirineae; Coronaviridae; Orthocoronavirinae; Betacoronavirus; Merbecovirus; Betacoronavirus cameli	RNA	linear	30119		Homo sapiens	HCoV-EMC	false	ncbi-genbank	e241c9f638674e5d109c02721e5b3a6e49c280c264e056aff507db74cfca0ea0					1235996	Human betacoronavirus 2c EMC/2012	HCoV-EMC				
JX961709	2760820	3428505	skip_species_in_catalogue	target	species taxid 3428505 already catalogued	JX961709	JX961709.1	enterovirus C118	Enterovirus	Picornaviridae	Viruses; Riboviria; Orthornavirae; Pisuviricota; Pisoniviricetes; Picornavirales; Picornaviridae; Ensavirinae; Enterovirus; Enterovirus coxsackiepol	RNA	linear	7357		Homo sapiens	ISR38	false	ncbi-genbank	823f2447c62a54664b1b7609c7581a1b2ebe164e1e48026d94ddfb490551e46d					2760820	enterovirus C118	ISR38				
JX982257	2650411	3428505	skip_species_in_catalogue	target	species taxid 3428505 already catalogued	JX982257	JX982257.1	Enterovirus C104	Enterovirus	Picornaviridae	Viruses; Riboviria; Orthornavirae; Pisuviricota; Pisoniviricetes; Picornavirales; Picornaviridae; Ensavirinae; Enterovirus; Enterovirus coxsackiepol	cRNA	linear	7409		Homo sapiens	Pavia261-9570	false	ncbi-genbank	61a0da67672c5c3135557022f745a470e9410108b2566ed2b6ad80492877557b					2650411	Enterovirus C104	Pavia261-9570				
JX989073	1282423	3431196	skip_species_in_catalogue	target	species taxid 3431196 already catalogued	JX989073	JX989073.1	Norovirus Hu/GII.4/GZ2010-L26/Guangzhou/CHN/2010	Norovirus	Caliciviridae	Viruses; Riboviria; Orthornavirae; Pisuviricota; Pisoniviricetes; Picornavirales; Caliciviridae; Norovirus; Norovirus norwalkense	RNA	linear	7557		Homo sapiens	Hu/GII.4/GZ2010-L26/Guangzhou/CHN/2010	false	ncbi-genbank	9a780a449c7ef585661ce9a7f97bd7ceff4b4389ea7219ff30d33bd43a620233					1282423	Norovirus Hu/GII.4/GZ2010-L26/Guangzhou/CHN/2010					
JX989074	1282425	3431196	skip_species_in_catalogue	target	species taxid 3431196 already catalogued	JX989074	JX989074.1	Norovirus Hu/GII.4/GZ2010-L87/Guangzhou/CHN/2011	Norovirus	Caliciviridae	Viruses; Riboviria; Orthornavirae; Pisuviricota; Pisoniviricetes; Picornavirales; Caliciviridae; Norovirus; Norovirus norwalkense	RNA	linear	7559		Homo sapiens	Hu/GII.4/GZ2010-L87/Guangzhou/CHN/2011	false	ncbi-genbank	0cb74ac03f5444bc217491a62c24b35ff8581b1cedc721cbd98c471723732fa1					1282425	Norovirus Hu/GII.4/GZ2010-L87/Guangzhou/CHN/2011					
JX989075	1282430	3431196	skip_species_in_catalogue	target	species taxid 3431196 already catalogued	JX989075	JX989075.1	Norovirus Hu/GII.6/GZ2010-L96/Guangzhou/CHN/2011	Norovirus	Caliciviridae	Viruses; Riboviria; Orthornavirae; Pisuviricota; Pisoniviricetes; Picornavirales; Caliciviridae; Norovirus; Norovirus norwalkense	RNA	linear	7550		Homo sapiens	Hu/GII.6/GZ2010-L96/Guangzhou/CHN/2011	false	ncbi-genbank	a3fccd42d4bbf0c3bae3ca63103da8aa9cf6af52abb25b278e9259e565ab877e					1282430	Norovirus Hu/GII.6/GZ2010-L96/Guangzhou/CHN/2011					
JX993277	1346530	3432266	skip_species_in_catalogue	target	species taxid 3432266 already catalogued	JX993277	JX993277.1	Sapovirus Hu/G1/BE-HPI01/DE/2012	Sapovirus	Caliciviridae	Viruses; Riboviria; Orthornavirae; Pisuviricota; Pisoniviricetes; Picornavirales; Caliciviridae; Sapovirus; Sapovirus sapporoense	RNA	linear	7476		Homo sapiens; age: 2 years	BE-HPI01	false	ncbi-genbank	b680de00a364eba9a665338dc27b527367097c1572f3476fbf61632a6307cc99					1346530	Sapovirus Hu/G1/BE-HPI01/DE/2012	Hu/G1/BE-HPI01/DE/2012				
KC013592	1268361	3431196	skip_species_in_catalogue	target	species taxid 3431196 already catalogued	KC013592	KC013592.1	Norovirus Hu/GII.4/HS191/2004/USA	Norovirus	Caliciviridae	Viruses; Riboviria; Orthornavirae; Pisuviricota; Pisoniviricetes; Picornavirales; Caliciviridae; Norovirus; Norovirus norwalkense	RNA	linear	7556		Homo sapiens	Hu/GII.4/HS191/2004/USA	false	ncbi-genbank	9955dbe413aff2a3072914f5a678c7d437683ff7fca74bbddd82e45979c3bddc					1268361	Norovirus Hu/GII.4/HS191/2004/USA	Hu/GII.4/HS191/2004/USA				
KC164757	170525	3052345	skip_species_in_catalogue	target	species taxid 3052345 already catalogued	KC164757	KC164757.1	Measles virus genotype D4	Morbillivirus	Paramyxoviridae	Viruses; Riboviria; Orthornavirae; Negarnaviricota; Haploviricotina; Monjiviricetes; Mononegavirales; Paramyxoviridae; Orthoparamyxovirinae; Morbillivirus; Morbillivirus hominis	cRNA	linear	15900		Homo sapiens	MVi/Treviso.ITA/03.10/1[D4]	false	ncbi-genbank	f2020ad2e36f6c06aeb7c58b47b45936bd3f18701ed22b024a2a00fbfb128de6					170525	Measles virus genotype D4	MVi/Treviso.ITA/03.10/1[D4]				
KC164758	1056492	3052345	skip_species_in_catalogue	target	species taxid 3052345 already catalogued	KC164758	KC164758.1	Measles virus genotype G3	Morbillivirus	Paramyxoviridae	Viruses; Riboviria; Orthornavirae; Negarnaviricota; Haploviricotina; Monjiviricetes; Mononegavirales; Paramyxoviridae; Orthoparamyxovirinae; Morbillivirus; Morbillivirus hominis	cRNA	linear	15894		Homo sapiens	MVi/Venice.ITA/06.11/1[G3]	false	ncbi-genbank	586b366d8699d202f1752201ffbca8b8cde69315c75951726e5604d8e9c8742d					1056492	Measles virus genotype G3	MVi/Venice.ITA/06.11/1[G3]				
KC175323	1262401	3431196	skip_species_in_catalogue	target	species taxid 3431196 already catalogued	KC175323	KC175323.1	Norovirus Hu/GII.4/Hong Kong/CUHK3630/2012/CHN	Norovirus	Caliciviridae	Viruses; Riboviria; Orthornavirae; Pisuviricota; Pisoniviricetes; Picornavirales; Caliciviridae; Norovirus; Norovirus norwalkense	RNA	linear	7559		Homo sapiens	Hu/GII.4/Hong Kong/CUHK3630/2012/CHN	false	ncbi-genbank	5506cab09ff5eb4a07f5a3b225129707ef543d792a2c67863052d40aeb9886a5					1262401	Norovirus Hu/GII.4/Hong Kong/CUHK3630/2012/CHN	Hu/GII.4/Hong Kong/CUHK3630/2012/CHN				
KC175342	1261195	3431196	skip_species_in_catalogue	target	species taxid 3431196 already catalogued	KC175342	KC175342.1	Norovirus Hu/Norwalk/10034/2009/VNM	Norovirus	Caliciviridae	Viruses; Riboviria; Orthornavirae; Pisuviricota; Pisoniviricetes; Picornavirales; Caliciviridae; Norovirus; Norovirus norwalkense	ss-RNA	linear	7511		Homo sapiens; sex: M	Hu/Norwalk/10034/2009/VNM	false	ncbi-genbank	5c991a45e95126ebbe46148b5bc4691401b41df3ab0e9d7da901b280fa86e91a					1261195	Norovirus Hu/Norwalk/10034/2009/VNM	Hu/Norwalk/10034/2009/VNM				
KC175343	1261196	3431196	skip_species_in_catalogue	target	species taxid 3431196 already catalogued	KC175343	KC175343.1	Norovirus Hu/Norwalk/10051/2009/VNM	Norovirus	Caliciviridae	Viruses; Riboviria; Orthornavirae; Pisuviricota; Pisoniviricetes; Picornavirales; Caliciviridae; Norovirus; Norovirus norwalkense	ss-RNA	linear	7511		Homo sapiens; sex: M	Hu/Norwalk/10051/2009/VNM	false	ncbi-genbank	ba917861a449f942d8a5f2dd4c20b1a35692158cd66515fc66a869a5470478c3					1261196	Norovirus Hu/Norwalk/10051/2009/VNM	Hu/Norwalk/10051/2009/VNM				
KC175344	1261197	3431196	skip_species_in_catalogue	target	species taxid 3431196 already catalogued	KC175344	KC175344.1	Norovirus Hu/Norwalk/10054/2009/VNM	Norovirus	Caliciviridae	Viruses; Riboviria; Orthornavirae; Pisuviricota; Pisoniviricetes; Picornavirales; Caliciviridae; Norovirus; Norovirus norwalkense	ss-RNA	linear	7511		Homo sapiens; sex: M	Hu/Norwalk/10054/2009/VNM	false	ncbi-genbank	7407be782dc2025aa90e580cd4e7e94d51f0ffdfbbd681414cab917337774974					1261197	Norovirus Hu/Norwalk/10054/2009/VNM	Hu/Norwalk/10054/2009/VNM				
KC175345	1261198	3431196	skip_species_in_catalogue	target	species taxid 3431196 already catalogued	KC175345	KC175345.1	Norovirus Hu/Norwalk/10062/2009/VNM	Norovirus	Caliciviridae	Viruses; Riboviria; Orthornavirae; Pisuviricota; Pisoniviricetes; Picornavirales; Caliciviridae; Norovirus; Norovirus norwalkense	ss-RNA	linear	7511		Homo sapiens; sex: M	Hu/Norwalk/10062/2009/VNM	false	ncbi-genbank	d2fc9b357a0a150e1205cc8eb2e713fd91883bd33982296d602463b8445425d8					1261198	Norovirus Hu/Norwalk/10062/2009/VNM	Hu/Norwalk/10062/2009/VNM				
KC175346	1261199	3431196	skip_species_in_catalogue	target	species taxid 3431196 already catalogued	KC175346	KC175346.1	Norovirus Hu/Norwalk/10074/2009/VNM	Norovirus	Caliciviridae	Viruses; Riboviria; Orthornavirae; Pisuviricota; Pisoniviricetes; Picornavirales; Caliciviridae; Norovirus; Norovirus norwalkense	ss-RNA	linear	7511		Homo sapiens; sex: F	Hu/Norwalk/10074/2009/VNM	false	ncbi-genbank	166832c2f53524c340668e6c61994d8e1205ed200968293296db9dea55157250					1261199	Norovirus Hu/Norwalk/10074/2009/VNM	Hu/Norwalk/10074/2009/VNM				
KC175347	1261200	3431196	skip_species_in_catalogue	target	species taxid 3431196 already catalogued	KC175347	KC175347.1	Norovirus Hu/Norwalk/10075/2009/VNM	Norovirus	Caliciviridae	Viruses; Riboviria; Orthornavirae; Pisuviricota; Pisoniviricetes; Picornavirales; Caliciviridae; Norovirus; Norovirus norwalkense	ss-RNA	linear	7511		Homo sapiens; sex: M	Hu/Norwalk/10075/2009/VNM	false	ncbi-genbank	e022c2fe9d6ab7b47ae931b9f04302689e535176edbb37f7da351743fa321c31					1261200	Norovirus Hu/Norwalk/10075/2009/VNM	Hu/Norwalk/10075/2009/VNM				
KC175348	1261201	3431196	skip_species_in_catalogue	target	species taxid 3431196 already catalogued	KC175348	KC175348.1	Norovirus Hu/Norwalk/10078/2009/VNM	Norovirus	Caliciviridae	Viruses; Riboviria; Orthornavirae; Pisuviricota; Pisoniviricetes; Picornavirales; Caliciviridae; Norovirus; Norovirus norwalkense	ss-RNA	linear	7511		Homo sapiens; sex: M	Hu/Norwalk/10078/2009/VNM	false	ncbi-genbank	bffacbc66c74ebf05e8480f5a86d7afc8d73b89ed25d12005947dec7e2e887d3					1261201	Norovirus Hu/Norwalk/10078/2009/VNM	Hu/Norwalk/10078/2009/VNM				
KC175349	1261202	3431196	skip_species_in_catalogue	target	species taxid 3431196 already catalogued	KC175349	KC175349.1	Norovirus Hu/Norwalk/10079/2009/VNM	Norovirus	Caliciviridae	Viruses; Riboviria; Orthornavirae; Pisuviricota; Pisoniviricetes; Picornavirales; Caliciviridae; Norovirus; Norovirus norwalkense	ss-RNA	linear	7511		Homo sapiens; sex: F	Hu/Norwalk/10079/2009/VNM	false	ncbi-genbank	69ba68141003fdfa7fd0db64d5e0ef47f4d5e70b133eaf0c013eef08f44ef89f					1261202	Norovirus Hu/Norwalk/10079/2009/VNM	Hu/Norwalk/10079/2009/VNM				
KC175350	1261203	3431196	skip_species_in_catalogue	target	species taxid 3431196 already catalogued	KC175350	KC175350.1	Norovirus Hu/Norwalk/10110/2009/VNM	Norovirus	Caliciviridae	Viruses; Riboviria; Orthornavirae; Pisuviricota; Pisoniviricetes; Picornavirales; Caliciviridae; Norovirus; Norovirus norwalkense	ss-RNA	linear	7511		Homo sapiens; sex: F	Hu/Norwalk/10110/2009/VNM	false	ncbi-genbank	77f47bca740f67eb201ad7eaa8819d3a5cbdac7d2b3ed255e2d4fbbc3b839e70					1261203	Norovirus Hu/Norwalk/10110/2009/VNM	Hu/Norwalk/10110/2009/VNM				
KC175351	1261204	3431196	skip_species_in_catalogue	target	species taxid 3431196 already catalogued	KC175351	KC175351.1	Norovirus Hu/Norwalk/10114/2009/VNM	Norovirus	Caliciviridae	Viruses; Riboviria; Orthornavirae; Pisuviricota; Pisoniviricetes; Picornavirales; Caliciviridae; Norovirus; Norovirus norwalkense	ss-RNA	linear	7511		Homo sapiens; sex: M	Hu/Norwalk/10114/2009/VNM	false	ncbi-genbank	13d40e723fd4e4163079e8e2cc37367a156de4c569de9b5be9343b4a05091982					1261204	Norovirus Hu/Norwalk/10114/2009/VNM	Hu/Norwalk/10114/2009/VNM				
KC175352	1261205	3431196	skip_species_in_catalogue	target	species taxid 3431196 already catalogued	KC175352	KC175352.1	Norovirus Hu/Norwalk/10116/2009/VNM	Norovirus	Caliciviridae	Viruses; Riboviria; Orthornavirae; Pisuviricota; Pisoniviricetes; Picornavirales; Caliciviridae; Norovirus; Norovirus norwalkense	ss-RNA	linear	7511		Homo sapiens; sex: F	Hu/Norwalk/10116/2009/VNM	false	ncbi-genbank	d32574d30d8a2909c9c4761018cb70b5c7f77edd10876c1ef01e5d1550e0c1db					1261205	Norovirus Hu/Norwalk/10116/2009/VNM	Hu/Norwalk/10116/2009/VNM				
KC175353	1261206	3431196	skip_species_in_catalogue	target	species taxid 3431196 already catalogued	KC175353	KC175353.1	Norovirus Hu/Norwalk/10129/2009/VNM	Norovirus	Caliciviridae	Viruses; Riboviria; Orthornavirae; Pisuviricota; Pisoniviricetes; Picornavirales; Caliciviridae; Norovirus; Norovirus norwalkense	ss-RNA	linear	7511		Homo sapiens; sex: M	Hu/Norwalk/10129/2009/VNM	false	ncbi-genbank	bead2faefdbcc1363a580b86921b264e0302ee94e4a1ceb346613dbf80c98435					1261206	Norovirus Hu/Norwalk/10129/2009/VNM	Hu/Norwalk/10129/2009/VNM				
KC175354	1261207	3431196	skip_species_in_catalogue	target	species taxid 3431196 already catalogued	KC175354	KC175354.1	Norovirus Hu/Norwalk/10136/2009/VNM	Norovirus	Caliciviridae	Viruses; Riboviria; Orthornavirae; Pisuviricota; Pisoniviricetes; Picornavirales; Caliciviridae; Norovirus; Norovirus norwalkense	ss-RNA	linear	7511		Homo sapiens; sex: M	Hu/Norwalk/10136/2009/VNM	false	ncbi-genbank	2b6f6911b2fb20ec117843da8ff44eaaa11f59ed9b07e7a4a523d776a789834c					1261207	Norovirus Hu/Norwalk/10136/2009/VNM	Hu/Norwalk/10136/2009/VNM				
KC175355	1261208	3431196	skip_species_in_catalogue	target	species taxid 3431196 already catalogued	KC175355	KC175355.1	Norovirus Hu/Norwalk/10137/2009/VNM	Norovirus	Caliciviridae	Viruses; Riboviria; Orthornavirae; Pisuviricota; Pisoniviricetes; Picornavirales; Caliciviridae; Norovirus; Norovirus norwalkense	ss-RNA	linear	7511		Homo sapiens; sex: M	Hu/Norwalk/10137/2009/VNM	false	ncbi-genbank	ef985ba805bf2b4b910d09ae333261c9a914e45825a5415a4d05c6371f1c2e6b					1261208	Norovirus Hu/Norwalk/10137/2009/VNM	Hu/Norwalk/10137/2009/VNM				
KC175356	1261209	3431196	skip_species_in_catalogue	target	species taxid 3431196 already catalogued	KC175356	KC175356.1	Norovirus Hu/Norwalk/10145/2009/VNM	Norovirus	Caliciviridae	Viruses; Riboviria; Orthornavirae; Pisuviricota; Pisoniviricetes; Picornavirales; Caliciviridae; Norovirus; Norovirus norwalkense	ss-RNA	linear	7511		Homo sapiens; sex: M	Hu/Norwalk/10145/2009/VNM	false	ncbi-genbank	8e45d7dff321968ab9da91961011b66d0519e5ab5f18835cd9943fbe2eb62693					1261209	Norovirus Hu/Norwalk/10145/2009/VNM	Hu/Norwalk/10145/2009/VNM				
KC175357	1261210	3431196	skip_species_in_catalogue	target	species taxid 3431196 already catalogued	KC175357	KC175357.1	Norovirus Hu/Norwalk/10148/2009/VNM	Norovirus	Caliciviridae	Viruses; Riboviria; Orthornavirae; Pisuviricota; Pisoniviricetes; Picornavirales; Caliciviridae; Norovirus; Norovirus norwalkense	ss-RNA	linear	7511		Homo sapiens; sex: M	Hu/Norwalk/10148/2009/VNM	false	ncbi-genbank	f3241ea630b8977c70b56aa8057379820e0d05801cd3686fb1aa3a364588c841					1261210	Norovirus Hu/Norwalk/10148/2009/VNM	Hu/Norwalk/10148/2009/VNM				
KC175358	1261211	3431196	skip_species_in_catalogue	target	species taxid 3431196 already catalogued	KC175358	KC175358.1	Norovirus Hu/Norwalk/10158/2009/VNM	Norovirus	Caliciviridae	Viruses; Riboviria; Orthornavirae; Pisuviricota; Pisoniviricetes; Picornavirales; Caliciviridae; Norovirus; Norovirus norwalkense	ss-RNA	linear	7511		Homo sapiens; sex: M	Hu/Norwalk/10158/2009/VNM	false	ncbi-genbank	850cd42aa12b0264517f9b2d6d1dd5695e638c9600d810420dc8c57f82be3486					1261211	Norovirus Hu/Norwalk/10158/2009/VNM	Hu/Norwalk/10158/2009/VNM				
KC175359	1261212	3431196	skip_species_in_catalogue	target	species taxid 3431196 already catalogued	KC175359	KC175359.1	Norovirus Hu/Norwalk/10160/2009/VNM	Norovirus	Caliciviridae	Viruses; Riboviria; Orthornavirae; Pisuviricota; Pisoniviricetes; Picornavirales; Caliciviridae; Norovirus; Norovirus norwalkense	ss-RNA	linear	7511		Homo sapiens; sex: M	Hu/Norwalk/10160/2009/VNM	false	ncbi-genbank	f97a86dfd7e336de03f9bc3cc202b111a825e039e952dc97b9c21016c194459b					1261212	Norovirus Hu/Norwalk/10160/2009/VNM	Hu/Norwalk/10160/2009/VNM				
KC175360	1261213	3431196	skip_species_in_catalogue	target	species taxid 3431196 already catalogued	KC175360	KC175360.1	Norovirus Hu/Norwalk/10162/2009/VNM	Norovirus	Caliciviridae	Viruses; Riboviria; Orthornavirae; Pisuviricota; Pisoniviricetes; Picornavirales; Caliciviridae; Norovirus; Norovirus norwalkense	ss-RNA	linear	7511		Homo sapiens; sex: M	Hu/Norwalk/10162/2009/VNM	false	ncbi-genbank	7f5a72bed89a1655a61d6d1d76cf61648b8129adc9a54c383c5fd124fa9a2486					1261213	Norovirus Hu/Norwalk/10162/2009/VNM	Hu/Norwalk/10162/2009/VNM				
KC175361	1261214	3431196	skip_species_in_catalogue	target	species taxid 3431196 already catalogued	KC175361	KC175361.1	Norovirus Hu/Norwalk/10163/2009/VNM	Norovirus	Caliciviridae	Viruses; Riboviria; Orthornavirae; Pisuviricota; Pisoniviricetes; Picornavirales; Caliciviridae; Norovirus; Norovirus norwalkense	ss-RNA	linear	7511		Homo sapiens; sex: M	Hu/Norwalk/10163/2009/VNM	false	ncbi-genbank	9b297a143594efc84b56c2a12e2466052b610a3ae7d02983bcf5db2de704d496					1261214	Norovirus Hu/Norwalk/10163/2009/VNM	Hu/Norwalk/10163/2009/VNM				
KC175362	1261215	3431196	skip_species_in_catalogue	target	species taxid 3431196 already catalogued	KC175362	KC175362.1	Norovirus Hu/Norwalk/10169/2009/VNM	Norovirus	Caliciviridae	Viruses; Riboviria; Orthornavirae; Pisuviricota; Pisoniviricetes; Picornavirales; Caliciviridae; Norovirus; Norovirus norwalkense	ss-RNA	linear	7511		Homo sapiens; sex: M	Hu/Norwalk/10169/2009/VNM	false	ncbi-genbank	7568c24f6b15820beafda3b79dd802a1ae9b7dddcafb58ab69d8f24473a6098c					1261215	Norovirus Hu/Norwalk/10169/2009/VNM	Hu/Norwalk/10169/2009/VNM				
KC175363	1261216	3431196	skip_species_in_catalogue	target	species taxid 3431196 already catalogued	KC175363	KC175363.1	Norovirus Hu/Norwalk/10173/2009/VNM	Norovirus	Caliciviridae	Viruses; Riboviria; Orthornavirae; Pisuviricota; Pisoniviricetes; Picornavirales; Caliciviridae; Norovirus; Norovirus norwalkense	ss-RNA	linear	7511		Homo sapiens; sex: F	Hu/Norwalk/10173/2009/VNM	false	ncbi-genbank	6390cbec486c6dbd9d568b22fa99c475c60fa15af18e02af51224f0cf34ab6b7					1261216	Norovirus Hu/Norwalk/10173/2009/VNM	Hu/Norwalk/10173/2009/VNM				
KC175364	1261217	3431196	skip_species_in_catalogue	target	species taxid 3431196 already catalogued	KC175364	KC175364.1	Norovirus Hu/Norwalk/10176/2009/VNM	Norovirus	Caliciviridae	Viruses; Riboviria; Orthornavirae; Pisuviricota; Pisoniviricetes; Picornavirales; Caliciviridae; Norovirus; Norovirus norwalkense	ss-RNA	linear	7511		Homo sapiens; sex: F	Hu/Norwalk/10176/2009/VNM	false	ncbi-genbank	f5344d34de7f3932e3c614529299392eebd57bff4b117c052e8b00e613a17de2					1261217	Norovirus Hu/Norwalk/10176/2009/VNM	Hu/Norwalk/10176/2009/VNM				
KC175365	1261218	3431196	skip_species_in_catalogue	target	species taxid 3431196 already catalogued	KC175365	KC175365.1	Norovirus Hu/Norwalk/10177/2009/VNM	Norovirus	Caliciviridae	Viruses; Riboviria; Orthornavirae; Pisuviricota; Pisoniviricetes; Picornavirales; Caliciviridae; Norovirus; Norovirus norwalkense	ss-RNA	linear	7511		Homo sapiens; sex: M	Hu/Norwalk/10177/2009/VNM	false	ncbi-genbank	0af3d40199279f798c96639ba75617fa751e69833ac6082a42a224b6167e84b9					1261218	Norovirus Hu/Norwalk/10177/2009/VNM	Hu/Norwalk/10177/2009/VNM				
KC175366	1261219	3431196	skip_species_in_catalogue	target	species taxid 3431196 already catalogued	KC175366	KC175366.1	Norovirus Hu/Norwalk/10179/2009/VNM	Norovirus	Caliciviridae	Viruses; Riboviria; Orthornavirae; Pisuviricota; Pisoniviricetes; Picornavirales; Caliciviridae; Norovirus; Norovirus norwalkense	ss-RNA	linear	7511		Homo sapiens; sex: F	Hu/Norwalk/10179/2009/VNM	false	ncbi-genbank	66ccbe4b058fa34a0af257b312d61bb49f42ca5bb58691059d8eeddaa6f0191f					1261219	Norovirus Hu/Norwalk/10179/2009/VNM	Hu/Norwalk/10179/2009/VNM				
KC175367	1261220	3431196	skip_species_in_catalogue	target	species taxid 3431196 already catalogued	KC175367	KC175367.1	Norovirus Hu/Norwalk/10182/2009/VNM	Norovirus	Caliciviridae	Viruses; Riboviria; Orthornavirae; Pisuviricota; Pisoniviricetes; Picornavirales; Caliciviridae; Norovirus; Norovirus norwalkense	ss-RNA	linear	7511		Homo sapiens; sex: M	Hu/Norwalk/10182/2009/VNM	false	ncbi-genbank	d308decaa719e727efbf3de6786234de8b7facc4d8415dd66f6f46f280eb3a53					1261220	Norovirus Hu/Norwalk/10182/2009/VNM	Hu/Norwalk/10182/2009/VNM				
KC175368	1261221	3431196	skip_species_in_catalogue	target	species taxid 3431196 already catalogued	KC175368	KC175368.1	Norovirus Hu/Norwalk/10183/2009/VNM	Norovirus	Caliciviridae	Viruses; Riboviria; Orthornavirae; Pisuviricota; Pisoniviricetes; Picornavirales; Caliciviridae; Norovirus; Norovirus norwalkense	ss-RNA	linear	7511		Homo sapiens; sex: M	Hu/Norwalk/10183/2009/VNM	false	ncbi-genbank	09324aee6f092a768295b94532f57ccedfe11e9208756c1b6379f057f6b89d5c					1261221	Norovirus Hu/Norwalk/10183/2009/VNM	Hu/Norwalk/10183/2009/VNM				
KC175369	1261222	3431196	skip_species_in_catalogue	target	species taxid 3431196 already catalogued	KC175369	KC175369.1	Norovirus Hu/Norwalk/10194/2009/VNM	Norovirus	Caliciviridae	Viruses; Riboviria; Orthornavirae; Pisuviricota; Pisoniviricetes; Picornavirales; Caliciviridae; Norovirus; Norovirus norwalkense	ss-RNA	linear	7511		Homo sapiens; sex: M	Hu/Norwalk/10194/2009/VNM	false	ncbi-genbank	b49a3a7a25e2bc9df270565be681e944687f428d9823d0d4e3a5ea74f3d662c5					1261222	Norovirus Hu/Norwalk/10194/2009/VNM	Hu/Norwalk/10194/2009/VNM				
KC175370	1261223	3431196	skip_species_in_catalogue	target	species taxid 3431196 already catalogued	KC175370	KC175370.1	Norovirus Hu/Norwalk/10199/2009/VNM	Norovirus	Caliciviridae	Viruses; Riboviria; Orthornavirae; Pisuviricota; Pisoniviricetes; Picornavirales; Caliciviridae; Norovirus; Norovirus norwalkense	ss-RNA	linear	7511		Homo sapiens; sex: M	Hu/Norwalk/10199/2009/VNM	false	ncbi-genbank	28e487f88141ef8029ebecd5f762ab689b72b1ab4e61ede78e364e93b0c10042					1261223	Norovirus Hu/Norwalk/10199/2009/VNM	Hu/Norwalk/10199/2009/VNM				
KC175371	1261224	3431196	skip_species_in_catalogue	target	species taxid 3431196 already catalogued	KC175371	KC175371.1	Norovirus Hu/Norwalk/10203/2009/VNM	Norovirus	Caliciviridae	Viruses; Riboviria; Orthornavirae; Pisuviricota; Pisoniviricetes; Picornavirales; Caliciviridae; Norovirus; Norovirus norwalkense	ss-RNA	linear	7511		Homo sapiens; sex: F	Hu/Norwalk/10203/2009/VNM	false	ncbi-genbank	c7d68dbe21247dcdfb2fb161ad4b05845c09bbe66c9d8d82fe33fef0d2193a11					1261224	Norovirus Hu/Norwalk/10203/2009/VNM	Hu/Norwalk/10203/2009/VNM				
KC175372	1261225	3431196	skip_species_in_catalogue	target	species taxid 3431196 already catalogued	KC175372	KC175372.1	Norovirus Hu/Norwalk/10204/2009/VNM	Norovirus	Caliciviridae	Viruses; Riboviria; Orthornavirae; Pisuviricota; Pisoniviricetes; Picornavirales; Caliciviridae; Norovirus; Norovirus norwalkense	ss-RNA	linear	7511		Homo sapiens; sex: M	Hu/Norwalk/10204/2009/VNM	false	ncbi-genbank	994363e015f67f7386a7e25e201921df2d5d88340b0dc2658cd436c349f077f9					1261225	Norovirus Hu/Norwalk/10204/2009/VNM	Hu/Norwalk/10204/2009/VNM				
KC175373	1261226	3431196	skip_species_in_catalogue	target	species taxid 3431196 already catalogued	KC175373	KC175373.1	Norovirus Hu/Norwalk/10222/2009/VNM	Norovirus	Caliciviridae	Viruses; Riboviria; Orthornavirae; Pisuviricota; Pisoniviricetes; Picornavirales; Caliciviridae; Norovirus; Norovirus norwalkense	ss-RNA	linear	7511		Homo sapiens; sex: M	Hu/Norwalk/10222/2009/VNM	false	ncbi-genbank	4c73d6a6aee261a67b972e0e61267b28716eba264e241a463aa2b77de61d2fbf					1261226	Norovirus Hu/Norwalk/10222/2009/VNM	Hu/Norwalk/10222/2009/VNM				
KC175374	1261227	3431196	skip_species_in_catalogue	target	species taxid 3431196 already catalogued	KC175374	KC175374.1	Norovirus Hu/Norwalk/10223/2009/VNM	Norovirus	Caliciviridae	Viruses; Riboviria; Orthornavirae; Pisuviricota; Pisoniviricetes; Picornavirales; Caliciviridae; Norovirus; Norovirus norwalkense	ss-RNA	linear	7511		Homo sapiens; sex: M	Hu/Norwalk/10223/2009/VNM	false	ncbi-genbank	7398639fdbcc77258d7e2867ad95a76b7bf56273bf6f8d72a84ef2308e784021					1261227	Norovirus Hu/Norwalk/10223/2009/VNM	Hu/Norwalk/10223/2009/VNM				
KC175375	1261228	3431196	skip_species_in_catalogue	target	species taxid 3431196 already catalogued	KC175375	KC175375.1	Norovirus Hu/Norwalk/10235/2009/VNM	Norovirus	Caliciviridae	Viruses; Riboviria; Orthornavirae; Pisuviricota; Pisoniviricetes; Picornavirales; Caliciviridae; Norovirus; Norovirus norwalkense	ss-RNA	linear	7511		Homo sapiens; sex: F	Hu/Norwalk/10235/2009/VNM	false	ncbi-genbank	a9dedd687778837d4cd9536c910f155502ccd4f4f2a0a969ef55d4adc7d1fb6c					1261228	Norovirus Hu/Norwalk/10235/2009/VNM	Hu/Norwalk/10235/2009/VNM				
KC175376	1261229	3431196	skip_species_in_catalogue	target	species taxid 3431196 already catalogued	KC175376	KC175376.1	Norovirus Hu/Norwalk/10236/2009/VNM	Norovirus	Caliciviridae	Viruses; Riboviria; Orthornavirae; Pisuviricota; Pisoniviricetes; Picornavirales; Caliciviridae; Norovirus; Norovirus norwalkense	ss-RNA	linear	7511		Homo sapiens; sex: M	Hu/Norwalk/10236/2009/VNM	false	ncbi-genbank	dd29f9e82c1433eb32854b3bc601dd7ce08dc8cf487aa38571fe783f27c33d24					1261229	Norovirus Hu/Norwalk/10236/2009/VNM	Hu/Norwalk/10236/2009/VNM				
KC175377	1261230	3431196	skip_species_in_catalogue	target	species taxid 3431196 already catalogued	KC175377	KC175377.1	Norovirus Hu/Norwalk/10238/2009/VNM	Norovirus	Caliciviridae	Viruses; Riboviria; Orthornavirae; Pisuviricota; Pisoniviricetes; Picornavirales; Caliciviridae; Norovirus; Norovirus norwalkense	ss-RNA	linear	7511		Homo sapiens; sex: M	Hu/Norwalk/10238/2009/VNM	false	ncbi-genbank	dc0882706742ba69297261b31920c97b660f3e19263006f1a26f0f9bbea026fc					1261230	Norovirus Hu/Norwalk/10238/2009/VNM	Hu/Norwalk/10238/2009/VNM				
KC175378	1261231	3431196	skip_species_in_catalogue	target	species taxid 3431196 already catalogued	KC175378	KC175378.1	Norovirus Hu/Norwalk/10247/2009/VNM	Norovirus	Caliciviridae	Viruses; Riboviria; Orthornavirae; Pisuviricota; Pisoniviricetes; Picornavirales; Caliciviridae; Norovirus; Norovirus norwalkense	ss-RNA	linear	7511		Homo sapiens; sex: M	Hu/Norwalk/10247/2009/VNM	false	ncbi-genbank	dc578453ec2fbf8421730ac05c946776d62f3f96f2bcf1e1d24d1801c7e22d6c					1261231	Norovirus Hu/Norwalk/10247/2009/VNM	Hu/Norwalk/10247/2009/VNM				
KC175379	1261232	3431196	skip_species_in_catalogue	target	species taxid 3431196 already catalogued	KC175379	KC175379.1	Norovirus Hu/Norwalk/10255/2009/VNM	Norovirus	Caliciviridae	Viruses; Riboviria; Orthornavirae; Pisuviricota; Pisoniviricetes; Picornavirales; Caliciviridae; Norovirus; Norovirus norwalkense	ss-RNA	linear	7511		Homo sapiens; sex: M	Hu/Norwalk/10255/2009/VNM	false	ncbi-genbank	b51724aaacd2bed910d020ede71afac24f4b64674894d560be4f0cb4888926a3					1261232	Norovirus Hu/Norwalk/10255/2009/VNM	Hu/Norwalk/10255/2009/VNM				
KC175380	1261233	3431196	skip_species_in_catalogue	target	species taxid 3431196 already catalogued	KC175380	KC175380.1	Norovirus Hu/Norwalk/10285/2010/VNM	Norovirus	Caliciviridae	Viruses; Riboviria; Orthornavirae; Pisuviricota; Pisoniviricetes; Picornavirales; Caliciviridae; Norovirus; Norovirus norwalkense	ss-RNA	linear	7511		Homo sapiens; sex: M	Hu/Norwalk/10285/2010/VNM	false	ncbi-genbank	28d125fbf461138c71e5130e2852528719c27989b4329d8c53d44c02b3c8b886					1261233	Norovirus Hu/Norwalk/10285/2010/VNM	Hu/Norwalk/10285/2010/VNM				
KC175381	1261234	3431196	skip_species_in_catalogue	target	species taxid 3431196 already catalogued	KC175381	KC175381.1	Norovirus Hu/Norwalk/10296/2010/VNM	Norovirus	Caliciviridae	Viruses; Riboviria; Orthornavirae; Pisuviricota; Pisoniviricetes; Picornavirales; Caliciviridae; Norovirus; Norovirus norwalkense	ss-RNA	linear	7511		Homo sapiens; sex: M	Hu/Norwalk/10296/2010/VNM	false	ncbi-genbank	70832715a9af90a060728dff2c326226c6a099c85c0f3b89401446df0aa5c265					1261234	Norovirus Hu/Norwalk/10296/2010/VNM	Hu/Norwalk/10296/2010/VNM				
KC175382	1261235	3431196	skip_species_in_catalogue	target	species taxid 3431196 already catalogued	KC175382	KC175382.1	Norovirus Hu/Norwalk/10313/2010/VNM	Norovirus	Caliciviridae	Viruses; Riboviria; Orthornavirae; Pisuviricota; Pisoniviricetes; Picornavirales; Caliciviridae; Norovirus; Norovirus norwalkense	ss-RNA	linear	7511		Homo sapiens; sex: M	Hu/Norwalk/10313/2010/VNM	false	ncbi-genbank	258db83a3f1cf3125447726020e8be39cce245d972aef78a955eb31e30047608					1261235	Norovirus Hu/Norwalk/10313/2010/VNM	Hu/Norwalk/10313/2010/VNM				
KC175383	1261236	3431196	skip_species_in_catalogue	target	species taxid 3431196 already catalogued	KC175383	KC175383.1	Norovirus Hu/Norwalk/10325/2010/VNM	Norovirus	Caliciviridae	Viruses; Riboviria; Orthornavirae; Pisuviricota; Pisoniviricetes; Picornavirales; Caliciviridae; Norovirus; Norovirus norwalkense	ss-RNA	linear	7511		Homo sapiens; sex: F	Hu/Norwalk/10325/2010/VNM	false	ncbi-genbank	8788c9f24084cfd48ed9616ca1537063417c2236967f219838bbcafe7892d128					1261236	Norovirus Hu/Norwalk/10325/2010/VNM	Hu/Norwalk/10325/2010/VNM				
KC175384	1261237	3431196	skip_species_in_catalogue	target	species taxid 3431196 already catalogued	KC175384	KC175384.1	Norovirus Hu/Norwalk/10328/2010/VNM	Norovirus	Caliciviridae	Viruses; Riboviria; Orthornavirae; Pisuviricota; Pisoniviricetes; Picornavirales; Caliciviridae; Norovirus; Norovirus norwalkense	ss-RNA	linear	7511		Homo sapiens; sex: F	Hu/Norwalk/10328/2010/VNM	false	ncbi-genbank	362c1a46b3aaff118215acb2486f3344d6f1223a86fd6725d5b26f7211c16999					1261237	Norovirus Hu/Norwalk/10328/2010/VNM	Hu/Norwalk/10328/2010/VNM				
KC175385	1261238	3431196	skip_species_in_catalogue	target	species taxid 3431196 already catalogued	KC175385	KC175385.1	Norovirus Hu/Norwalk/10368/2010/VNM	Norovirus	Caliciviridae	Viruses; Riboviria; Orthornavirae; Pisuviricota; Pisoniviricetes; Picornavirales; Caliciviridae; Norovirus; Norovirus norwalkense	ss-RNA	linear	7511		Homo sapiens; sex: M	Hu/Norwalk/10368/2010/VNM	false	ncbi-genbank	e358f9606330b82c050227f4a5f2e2c4f78a9fb947484e64322a953919e5dc74					1261238	Norovirus Hu/Norwalk/10368/2010/VNM	Hu/Norwalk/10368/2010/VNM				
KC175386	1261239	3431196	skip_species_in_catalogue	target	species taxid 3431196 already catalogued	KC175386	KC175386.1	Norovirus Hu/Norwalk/10378/2010/VNM	Norovirus	Caliciviridae	Viruses; Riboviria; Orthornavirae; Pisuviricota; Pisoniviricetes; Picornavirales; Caliciviridae; Norovirus; Norovirus norwalkense	ss-RNA	linear	7511		Homo sapiens; sex: M	Hu/Norwalk/10378/2010/VNM	false	ncbi-genbank	b52b83e7ad82ace5492453b21b4dc9794290fdd40cc55a2ae04e73f5114f4b5c					1261239	Norovirus Hu/Norwalk/10378/2010/VNM	Hu/Norwalk/10378/2010/VNM				
KC175387	1261240	3431196	skip_species_in_catalogue	target	species taxid 3431196 already catalogued	KC175387	KC175387.1	Norovirus Hu/Norwalk/10386/2010/VNM	Norovirus	Caliciviridae	Viruses; Riboviria; Orthornavirae; Pisuviricota; Pisoniviricetes; Picornavirales; Caliciviridae; Norovirus; Norovirus norwalkense	ss-RNA	linear	7511		Homo sapiens; sex: F	Hu/Norwalk/10386/2010/VNM	false	ncbi-genbank	a9af34ea889fcfb40765f6c935cb1750ea5acf282a9911a4aad4c2ee50426cfd					1261240	Norovirus Hu/Norwalk/10386/2010/VNM	Hu/Norwalk/10386/2010/VNM				
KC175388	1261241	3431196	skip_species_in_catalogue	target	species taxid 3431196 already catalogued	KC175388	KC175388.1	Norovirus Hu/Norwalk/20008/2009/VNM	Norovirus	Caliciviridae	Viruses; Riboviria; Orthornavirae; Pisuviricota; Pisoniviricetes; Picornavirales; Caliciviridae; Norovirus; Norovirus norwalkense	ss-RNA	linear	7511		Homo sapiens; sex: F	Hu/Norwalk/20008/2009/VNM	false	ncbi-genbank	4a8107f88bcb589d7c3284d87b5b2de7e52accb4235f335c44f09f6297da35ba					1261241	Norovirus Hu/Norwalk/20008/2009/VNM	Hu/Norwalk/20008/2009/VNM				
KC175389	1261242	3431196	skip_species_in_catalogue	target	species taxid 3431196 already catalogued	KC175389	KC175389.1	Norovirus Hu/Norwalk/20010/2009/VNM	Norovirus	Caliciviridae	Viruses; Riboviria; Orthornavirae; Pisuviricota; Pisoniviricetes; Picornavirales; Caliciviridae; Norovirus; Norovirus norwalkense	ss-RNA	linear	7511		Homo sapiens; sex: F	Hu/Norwalk/20010/2009/VNM	false	ncbi-genbank	3601a3ce4ee16a300c99f24ce6bb46b0493344add16a6f23f960abc9c2d5efc7					1261242	Norovirus Hu/Norwalk/20010/2009/VNM	Hu/Norwalk/20010/2009/VNM				
KC175390	1261243	3431196	skip_species_in_catalogue	target	species taxid 3431196 already catalogued	KC175390	KC175390.1	Norovirus Hu/Norwalk/20014/2009/VNM	Norovirus	Caliciviridae	Viruses; Riboviria; Orthornavirae; Pisuviricota; Pisoniviricetes; Picornavirales; Caliciviridae; Norovirus; Norovirus norwalkense	ss-RNA	linear	7511		Homo sapiens; sex: M	Hu/Norwalk/20014/2009/VNM	false	ncbi-genbank	2df9df5900e083d0f36c1a4033cac76dffb9eaab0ba4f02364377aacce6a0d2a					1261243	Norovirus Hu/Norwalk/20014/2009/VNM	Hu/Norwalk/20014/2009/VNM				
KC175391	1261244	3431196	skip_species_in_catalogue	target	species taxid 3431196 already catalogued	KC175391	KC175391.1	Norovirus Hu/Norwalk/20016/2009/VNM	Norovirus	Caliciviridae	Viruses; Riboviria; Orthornavirae; Pisuviricota; Pisoniviricetes; Picornavirales; Caliciviridae; Norovirus; Norovirus norwalkense	ss-RNA	linear	7511		Homo sapiens; sex: F	Hu/Norwalk/20016/2009/VNM	false	ncbi-genbank	257752c2f3141bc56ea573550a47d9a97f041f563eb0f4356b6eabc6f2153f85					1261244	Norovirus Hu/Norwalk/20016/2009/VNM	Hu/Norwalk/20016/2009/VNM				
KC175392	1261245	3431196	skip_species_in_catalogue	target	species taxid 3431196 already catalogued	KC175392	KC175392.1	Norovirus Hu/Norwalk/20019/2009/VNM	Norovirus	Caliciviridae	Viruses; Riboviria; Orthornavirae; Pisuviricota; Pisoniviricetes; Picornavirales; Caliciviridae; Norovirus; Norovirus norwalkense	ss-RNA	linear	7511		Homo sapiens; sex: M	Hu/Norwalk/20019/2009/VNM	false	ncbi-genbank	33be6a624ff2f08502aab6a197bd68d42601c3829381f6e220e0e0e898b6298c					1261245	Norovirus Hu/Norwalk/20019/2009/VNM	Hu/Norwalk/20019/2009/VNM				
KC175393	1261246	3431196	skip_species_in_catalogue	target	species taxid 3431196 already catalogued	KC175393	KC175393.1	Norovirus Hu/Norwalk/20033/2009/VNM	Norovirus	Caliciviridae	Viruses; Riboviria; Orthornavirae; Pisuviricota; Pisoniviricetes; Picornavirales; Caliciviridae; Norovirus; Norovirus norwalkense	ss-RNA	linear	7511		Homo sapiens; sex: F	Hu/Norwalk/20033/2009/VNM	false	ncbi-genbank	c31b0e29bc0b2f56b734a376695f3efdcc90e3c3b3371f9de42f16b07115c5e2					1261246	Norovirus Hu/Norwalk/20033/2009/VNM	Hu/Norwalk/20033/2009/VNM				
KC175394	1261247	3431196	skip_species_in_catalogue	target	species taxid 3431196 already catalogued	KC175394	KC175394.1	Norovirus Hu/Norwalk/20035/2009/VNM	Norovirus	Caliciviridae	Viruses; Riboviria; Orthornavirae; Pisuviricota; Pisoniviricetes; Picornavirales; Caliciviridae; Norovirus; Norovirus norwalkense	ss-RNA	linear	7511		Homo sapiens; sex: F	Hu/Norwalk/20035/2009/VNM	false	ncbi-genbank	b9b0eefb5289ed3b646d23b89c371af15ab3a30732d99530904b12d48f155a5d					1261247	Norovirus Hu/Norwalk/20035/2009/VNM	Hu/Norwalk/20035/2009/VNM				
KC175395	1261248	3431196	skip_species_in_catalogue	target	species taxid 3431196 already catalogued	KC175395	KC175395.1	Norovirus Hu/Norwalk/20044/2009/VNM	Norovirus	Caliciviridae	Viruses; Riboviria; Orthornavirae; Pisuviricota; Pisoniviricetes; Picornavirales; Caliciviridae; Norovirus; Norovirus norwalkense	ss-RNA	linear	7511		Homo sapiens; sex: M	Hu/Norwalk/20044/2009/VNM	false	ncbi-genbank	f13d25803beff81e9c37a267ed5096592c6344f03c2c145789d68dd1d07cb8e8					1261248	Norovirus Hu/Norwalk/20044/2009/VNM	Hu/Norwalk/20044/2009/VNM				
KC175396	1261249	3431196	skip_species_in_catalogue	target	species taxid 3431196 already catalogued	KC175396	KC175396.1	Norovirus Hu/Norwalk/20047/2009/VNM	Norovirus	Caliciviridae	Viruses; Riboviria; Orthornavirae; Pisuviricota; Pisoniviricetes; Picornavirales; Caliciviridae; Norovirus; Norovirus norwalkense	ss-RNA	linear	7511		Homo sapiens; sex: F	Hu/Norwalk/20047/2009/VNM	false	ncbi-genbank	97c87ca2f8297dacc2438772eb720fa028cd5367afb5b95f3cf704d35fc782c0					1261249	Norovirus Hu/Norwalk/20047/2009/VNM	Hu/Norwalk/20047/2009/VNM				
KC175397	1261250	3431196	skip_species_in_catalogue	target	species taxid 3431196 already catalogued	KC175397	KC175397.1	Norovirus Hu/Norwalk/20066/2009/VNM	Norovirus	Caliciviridae	Viruses; Riboviria; Orthornavirae; Pisuviricota; Pisoniviricetes; Picornavirales; Caliciviridae; Norovirus; Norovirus norwalkense	ss-RNA	linear	7511		Homo sapiens; sex: F	Hu/Norwalk/20066/2009/VNM	false	ncbi-genbank	70ec1d85fe65b2d7375a9f0293a5463de4a1107e436cc2622b928de109b976c2					1261250	Norovirus Hu/Norwalk/20066/2009/VNM	Hu/Norwalk/20066/2009/VNM				
KC175398	1261251	3431196	skip_species_in_catalogue	target	species taxid 3431196 already catalogued	KC175398	KC175398.1	Norovirus Hu/Norwalk/20067/2009/VNM	Norovirus	Caliciviridae	Viruses; Riboviria; Orthornavirae; Pisuviricota; Pisoniviricetes; Picornavirales; Caliciviridae; Norovirus; Norovirus norwalkense	ss-RNA	linear	7511		Homo sapiens; sex: M	Hu/Norwalk/20067/2009/VNM	false	ncbi-genbank	81f89c7ab9323476d396681870058d5187d5c270f9ceb7da3e7a5236e00534f4					1261251	Norovirus Hu/Norwalk/20067/2009/VNM	Hu/Norwalk/20067/2009/VNM				
KC175399	1261252	3431196	skip_species_in_catalogue	target	species taxid 3431196 already catalogued	KC175399	KC175399.1	Norovirus Hu/Norwalk/20069/2009/VNM	Norovirus	Caliciviridae	Viruses; Riboviria; Orthornavirae; Pisuviricota; Pisoniviricetes; Picornavirales; Caliciviridae; Norovirus; Norovirus norwalkense	ss-RNA	linear	7511		Homo sapiens; sex: M	Hu/Norwalk/20069/2009/VNM	false	ncbi-genbank	60e56d99f1c218eb35e61745e6aef29f7c0333116b4dd59972b3f0b59fc92919					1261252	Norovirus Hu/Norwalk/20069/2009/VNM	Hu/Norwalk/20069/2009/VNM				
KC175400	1261253	3431196	skip_species_in_catalogue	target	species taxid 3431196 already catalogued	KC175400	KC175400.1	Norovirus Hu/Norwalk/20092/2009/VNM	Norovirus	Caliciviridae	Viruses; Riboviria; Orthornavirae; Pisuviricota; Pisoniviricetes; Picornavirales; Caliciviridae; Norovirus; Norovirus norwalkense	ss-RNA	linear	7511		Homo sapiens; sex: F	Hu/Norwalk/20092/2009/VNM	false	ncbi-genbank	cd85f5b82b58d877c31cb5b14d4cc022af20285aa4b17f0d589faec9bc0bad6d					1261253	Norovirus Hu/Norwalk/20092/2009/VNM	Hu/Norwalk/20092/2009/VNM				
KC175401	1261254	3431196	skip_species_in_catalogue	target	species taxid 3431196 already catalogued	KC175401	KC175401.1	Norovirus Hu/Norwalk/20093/2009/VNM	Norovirus	Caliciviridae	Viruses; Riboviria; Orthornavirae; Pisuviricota; Pisoniviricetes; Picornavirales; Caliciviridae; Norovirus; Norovirus norwalkense	ss-RNA	linear	7511		Homo sapiens; sex: M	Hu/Norwalk/20093/2009/VNM	false	ncbi-genbank	3174512e7186860bc006b08379cf62a0b5935b23a0d5fea85b2ed2b9c87ebb8d					1261254	Norovirus Hu/Norwalk/20093/2009/VNM	Hu/Norwalk/20093/2009/VNM				
KC175402	1261255	3431196	skip_species_in_catalogue	target	species taxid 3431196 already catalogued	KC175402	KC175402.1	Norovirus Hu/Norwalk/20094/2009/VNM	Norovirus	Caliciviridae	Viruses; Riboviria; Orthornavirae; Pisuviricota; Pisoniviricetes; Picornavirales; Caliciviridae; Norovirus; Norovirus norwalkense	ss-RNA	linear	7511		Homo sapiens; sex: M	Hu/Norwalk/20094/2009/VNM	false	ncbi-genbank	77e5e9ebabd69e7cfc88da2f2f9ff3171ff90864a772073678e0725e9406fc9e					1261255	Norovirus Hu/Norwalk/20094/2009/VNM	Hu/Norwalk/20094/2009/VNM				
KC175403	1261256	3431196	skip_species_in_catalogue	target	species taxid 3431196 already catalogued	KC175403	KC175403.1	Norovirus Hu/Norwalk/20118/2009/VNM	Norovirus	Caliciviridae	Viruses; Riboviria; Orthornavirae; Pisuviricota; Pisoniviricetes; Picornavirales; Caliciviridae; Norovirus; Norovirus norwalkense	ss-RNA	linear	7511		Homo sapiens; sex: F	Hu/Norwalk/20118/2009/VNM	false	ncbi-genbank	bcdb6bae9b91fa68da4086ba530add536c6a9f10dc927765ac0cd1f479f3d531					1261256	Norovirus Hu/Norwalk/20118/2009/VNM	Hu/Norwalk/20118/2009/VNM				
KC175404	1261257	3431196	skip_species_in_catalogue	target	species taxid 3431196 already catalogued	KC175404	KC175404.1	Norovirus Hu/Norwalk/20122/2009/VNM	Norovirus	Caliciviridae	Viruses; Riboviria; Orthornavirae; Pisuviricota; Pisoniviricetes; Picornavirales; Caliciviridae; Norovirus; Norovirus norwalkense	ss-RNA	linear	7511		Homo sapiens; sex: M	Hu/Norwalk/20122/2009/VNM	false	ncbi-genbank	d5967c424953f2123b334238f0bc06d5881059d5246c9353d8581ae2b132a41c					1261257	Norovirus Hu/Norwalk/20122/2009/VNM	Hu/Norwalk/20122/2009/VNM				
KC175405	1261258	3431196	skip_species_in_catalogue	target	species taxid 3431196 already catalogued	KC175405	KC175405.1	Norovirus Hu/Norwalk/20123/2009/VNM	Norovirus	Caliciviridae	Viruses; Riboviria; Orthornavirae; Pisuviricota; Pisoniviricetes; Picornavirales; Caliciviridae; Norovirus; Norovirus norwalkense	ss-RNA	linear	7511		Homo sapiens; sex: M	Hu/Norwalk/20123/2009/VNM	false	ncbi-genbank	6fc3a46a8fd07480c1935737f79f5208761c14be20f36aa313666fefa46c77ce					1261258	Norovirus Hu/Norwalk/20123/2009/VNM	Hu/Norwalk/20123/2009/VNM				
KC175406	1261259	3431196	skip_species_in_catalogue	target	species taxid 3431196 already catalogued	KC175406	KC175406.1	Norovirus Hu/Norwalk/20128/2009/VNM	Norovirus	Caliciviridae	Viruses; Riboviria; Orthornavirae; Pisuviricota; Pisoniviricetes; Picornavirales; Caliciviridae; Norovirus; Norovirus norwalkense	ss-RNA	linear	7511		Homo sapiens; sex: M	Hu/Norwalk/20128/2009/VNM	false	ncbi-genbank	a3b3f87ff17b033884a023ee472a73c03bb96b83ec34aedf666e97bdfb9a7803					1261259	Norovirus Hu/Norwalk/20128/2009/VNM	Hu/Norwalk/20128/2009/VNM				
KC175407	1261260	3431196	skip_species_in_catalogue	target	species taxid 3431196 already catalogued	KC175407	KC175407.1	Norovirus Hu/Norwalk/20135/2009/VNM	Norovirus	Caliciviridae	Viruses; Riboviria; Orthornavirae; Pisuviricota; Pisoniviricetes; Picornavirales; Caliciviridae; Norovirus; Norovirus norwalkense	ss-RNA	linear	7511		Homo sapiens; sex: M	Hu/Norwalk/20135/2009/VNM	false	ncbi-genbank	87b1a2fb75b51bad420cc7e8bfeb03d4d1d1456362f67b5c04c8d2120041ce2e					1261260	Norovirus Hu/Norwalk/20135/2009/VNM	Hu/Norwalk/20135/2009/VNM				
KC175408	1261261	3431196	skip_species_in_catalogue	target	species taxid 3431196 already catalogued	KC175408	KC175408.1	Norovirus Hu/Norwalk/20139/2009/VNM	Norovirus	Caliciviridae	Viruses; Riboviria; Orthornavirae; Pisuviricota; Pisoniviricetes; Picornavirales; Caliciviridae; Norovirus; Norovirus norwalkense	ss-RNA	linear	7511		Homo sapiens; sex: F	Hu/Norwalk/20139/2009/VNM	false	ncbi-genbank	36e9274a4fd4e0d8896c365bd3c47254ee1d7ade9696c4eb4d01665e751f62bb					1261261	Norovirus Hu/Norwalk/20139/2009/VNM	Hu/Norwalk/20139/2009/VNM				
KC175409	1261262	3431196	skip_species_in_catalogue	target	species taxid 3431196 already catalogued	KC175409	KC175409.1	Norovirus Hu/Norwalk/20140/2009/VNM	Norovirus	Caliciviridae	Viruses; Riboviria; Orthornavirae; Pisuviricota; Pisoniviricetes; Picornavirales; Caliciviridae; Norovirus; Norovirus norwalkense	ss-RNA	linear	7511		Homo sapiens; sex: M	Hu/Norwalk/20140/2009/VNM	false	ncbi-genbank	0e480c5c06c8667b98eb284031170197a1bda97a253ffdabcaf6400ff743ebeb					1261262	Norovirus Hu/Norwalk/20140/2009/VNM	Hu/Norwalk/20140/2009/VNM				
KC175410	1261263	3431196	skip_species_in_catalogue	target	species taxid 3431196 already catalogued	KC175410	KC175410.1	Norovirus Hu/Norwalk/20142/2009/VNM	Norovirus	Caliciviridae	Viruses; Riboviria; Orthornavirae; Pisuviricota; Pisoniviricetes; Picornavirales; Caliciviridae; Norovirus; Norovirus norwalkense	ss-RNA	linear	7511		Homo sapiens; sex: F	Hu/Norwalk/20142/2009/VNM	false	ncbi-genbank	979167a3e34682beb600a919626754ab9c569d9c905dd50187b163bf74510e21					1261263	Norovirus Hu/Norwalk/20142/2009/VNM	Hu/Norwalk/20142/2009/VNM				
KC409301	1291872	3431196	skip_species_in_catalogue	target	species taxid 3431196 already catalogued	KC409301	KC409301.1	Norovirus Hu/GII/20469/2010/VNM	Norovirus	Caliciviridae	Viruses; Riboviria; Orthornavirae; Pisuviricota; Pisoniviricetes; Picornavirales; Caliciviridae; Norovirus; Norovirus norwalkense	ss-RNA	linear	7535		Homo sapiens; sex: F	Hu/GII/20469/2010/VNM	false	ncbi-genbank	145e5a66fe267fa543e128e50d49a0fb58833993e711af61abb4b40969fa2cbe					1291872	Norovirus Hu/GII/20469/2010/VNM	Hu/GII/20469/2010/VNM				
KC409302	1291873	3431196	skip_species_in_catalogue	target	species taxid 3431196 already catalogued	KC409302	KC409302.1	Norovirus Hu/GII/20477/2010/VNM	Norovirus	Caliciviridae	Viruses; Riboviria; Orthornavirae; Pisuviricota; Pisoniviricetes; Picornavirales; Caliciviridae; Norovirus; Norovirus norwalkense	ss-RNA	linear	7533		Homo sapiens; sex: M	Hu/GII/20477/2010/VNM	false	ncbi-genbank	a510b87ca720aacdba3f4b24cce132098bb8f495a4a8d07c49d3d91bde985d1b					1291873	Norovirus Hu/GII/20477/2010/VNM	Hu/GII/20477/2010/VNM				
KC463910	1316726	3431196	skip_species_in_catalogue	target	species taxid 3431196 already catalogued	KC463910	KC463910.1	Norovirus Hu/GII.4/Ohio/684/USA	Norovirus	Caliciviridae	Viruses; Riboviria; Orthornavirae; Pisuviricota; Pisoniviricetes; Picornavirales; Caliciviridae; Norovirus; Norovirus norwalkense	RNA	linear	7559		Homo sapiens	684	false	ncbi-genbank	62cf7de24bcdcb75cb6800aa5760ce1a89f25166b11e8a48d6a2b353e0cd7d6e					1316726	Norovirus Hu/GII.4/Ohio/684/USA	684				
KC464496	1380573	3431196	skip_species_in_catalogue	target	species taxid 3431196 already catalogued	KC464496	KC464496.1	Norovirus Hu/GII.12/CGMH38/2010/TW	Norovirus	Caliciviridae	Viruses; Riboviria; Orthornavirae; Pisuviricota; Pisoniviricetes; Picornavirales; Caliciviridae; Norovirus; Norovirus norwalkense	RNA	linear	7519		Homo sapiens	Hu/GII.12/CGMH38/2010/TW	false	ncbi-genbank	7f01a4d5a935e1b7163f7bb2538ba7688e3bbdcd42d096e014dec722edf73c89					1380573	Norovirus Hu/GII.12/CGMH38/2010/TW					
KC464497	1380574	3431196	skip_species_in_catalogue	target	species taxid 3431196 already catalogued	KC464497	KC464497.1	Norovirus Hu/GII.12/CGMH39/2010/TW	Norovirus	Caliciviridae	Viruses; Riboviria; Orthornavirae; Pisuviricota; Pisoniviricetes; Picornavirales; Caliciviridae; Norovirus; Norovirus norwalkense	RNA	linear	7505		Homo sapiens	Hu/GII.12/CGMH39/2010/TW	false	ncbi-genbank	e19d47828662d5f391893a238daba1a1ea7e75978c98702bd71e4461e4fc6c1c					1380574	Norovirus Hu/GII.12/CGMH39/2010/TW					
KC464498	1380575	3431196	skip_species_in_catalogue	target	species taxid 3431196 already catalogued	KC464498	KC464498.1	Norovirus Hu/GII.12/CGMH40/2010/TW	Norovirus	Caliciviridae	Viruses; Riboviria; Orthornavirae; Pisuviricota; Pisoniviricetes; Picornavirales; Caliciviridae; Norovirus; Norovirus norwalkense	RNA	linear	7522		Homo sapiens	Hu/GII.12/CGMH40/2010/TW	false	ncbi-genbank	9433f32d3a87b914cc6ab650e045fa1b0a19a8071c2564366644e1530552c274					1380575	Norovirus Hu/GII.12/CGMH40/2010/TW					
KC464499	1380576	3431196	skip_species_in_catalogue	target	species taxid 3431196 already catalogued	KC464499	KC464499.1	Norovirus Hu/GII.12/CGMH41/2010/TW	Norovirus	Caliciviridae	Viruses; Riboviria; Orthornavirae; Pisuviricota; Pisoniviricetes; Picornavirales; Caliciviridae; Norovirus; Norovirus norwalkense	RNA	linear	7514		Homo sapiens	Hu/GII.12/CGMH41/2010/TW	false	ncbi-genbank	e1bcdd52972ef0fd2dd3a5e6ad25511aa4a159bfe9c748fcff20240050bd6eb6					1380576	Norovirus Hu/GII.12/CGMH41/2010/TW					
KC464500	1380577	3431196	skip_species_in_catalogue	target	species taxid 3431196 already catalogued	KC464500	KC464500.1	Norovirus Hu/GII.12/CGMH42/2010/TW	Norovirus	Caliciviridae	Viruses; Riboviria; Orthornavirae; Pisuviricota; Pisoniviricetes; Picornavirales; Caliciviridae; Norovirus; Norovirus norwalkense	RNA	linear	7519		Homo sapiens	Hu/GII.12/CGMH42/2010/TW	false	ncbi-genbank	76321bb22b2025a28bac42294d36a783cd137cd7682e6be4fb6f9dcd9194124f					1380577	Norovirus Hu/GII.12/CGMH42/2010/TW					
KC529648	46938	3241420	skip_species_in_catalogue	target	species taxid 3241420 already catalogued	KC529648	KC529648.1	Human adenovirus 43	Mastadenovirus	Adenoviridae	Viruses; Varidnaviria; Bamfordvirae; Preplasmiviricota; Polisuviricotina; Pharingeaviricetes; Rowavirales; Adenoviridae; Mastadenovirus; Mastadenovirus dominans	DNA	linear	35073		Homo sapiens	1309	false	ncbi-genbank	68110d9f483ded039929ddb0c3f24f1dfbb21d0aafbedd335fe9ed6b41bf782e					46938	Human adenovirus 43	1309				
KC577174	1432852	3431196	skip_species_in_catalogue	target	species taxid 3431196 already catalogued	KC577174	KC577174.1	Norovirus Hu/GII.4/Jiangsu1/2011/CHN	Norovirus	Caliciviridae	Viruses; Riboviria; Orthornavirae; Pisuviricota; Pisoniviricetes; Picornavirales; Caliciviridae; Norovirus; Norovirus norwalkense	RNA	linear	7548		Homo sapiens	Hu/GII.4/Jiangsu1/2011/CHN	false	ncbi-genbank	2e3616b5c0b862c9c171f3ba71a5464f34178ae8f10ba6a5a206852e3b9600bf					1432852	Norovirus Hu/GII.4/Jiangsu1/2011/CHN	Hu/GII.4/Jiangsu1/2011/CHN				
KC577175	1432853	3431196	skip_species_in_catalogue	target	species taxid 3431196 already catalogued	KC577175	KC577175.1	Norovirus Hu/GII.4/Jiangsu2/2012/CHN	Norovirus	Caliciviridae	Viruses; Riboviria; Orthornavirae; Pisuviricota; Pisoniviricetes; Picornavirales; Caliciviridae; Norovirus; Norovirus norwalkense	RNA	linear	7547		Homo sapiens	Hu/GII.4/Jiangsu2/2012/CHN	false	ncbi-genbank	9f17fdd51d951387445372068a23d32b1bb6ea6bef02e19ae846379105c391c8					1432853	Norovirus Hu/GII.4/Jiangsu2/2012/CHN	Hu/GII.4/Jiangsu2/2012/CHN				
KC631827	1337425	3431196	skip_species_in_catalogue	target	species taxid 3431196 already catalogued	KC631827	KC631827.1	Norovirus Hu/GII.4/Hong Kong/CUHK6080/2012/CHN	Norovirus	Caliciviridae	Viruses; Riboviria; Orthornavirae; Pisuviricota; Pisoniviricetes; Picornavirales; Caliciviridae; Norovirus; Norovirus norwalkense	RNA	linear	7559		Homo sapiens	Hu/GII.4/Hong Kong/CUHK6080/2012/CHN	false	ncbi-genbank	102bfd55efcf2f6ca0c8c7ee450ba67e904397df72a458a9d63c3c0f7a9125b3					1337425	Norovirus Hu/GII.4/Hong Kong/CUHK6080/2012/CHN	Hu/GII.4/Hong Kong/CUHK6080/2012/CHN				
KC667074	1298362	3433633	skip_species_in_catalogue	target	species taxid 3433633 already catalogued	KC667074	KC667074.1	Human betacoronavirus 2c England-Qatar/2012	Merbecovirus	Coronaviridae	Viruses; Riboviria; Orthornavirae; Pisuviricota; Pisoniviricetes; Nidovirales; Cornidovirineae; Coronaviridae; Orthocoronavirinae; Betacoronavirus; Merbecovirus; Betacoronavirus cameli	RNA	linear	30112		Homo sapiens	England/Qatar/2012	false	ncbi-genbank	5937092f180eb4d74da08f2e460b2d3ffe4d87d7be4e2d3b0065946d62fbbee0					1298362	Human betacoronavirus 2c England-Qatar/2012					
KC776174	1306931	3433633	skip_species_in_catalogue	target	species taxid 3433633 already catalogued	KC776174	KC776174.1	Human betacoronavirus 2c Jordan-N3/2012	Merbecovirus	Coronaviridae	Viruses; Riboviria; Orthornavirae; Pisuviricota; Pisoniviricetes; Nidovirales; Cornidovirineae; Coronaviridae; Orthocoronavirinae; Betacoronavirus; Merbecovirus; Betacoronavirus cameli	ss-RNA	linear	30030		Homo sapiens	Jordan-N3/2012	false	ncbi-genbank	3d890dbf70a8437cc1de67a9f8f5913804a185ce7ac6595bed3f758cc2f42586					1306931	Human betacoronavirus 2c Jordan-N3/2012	Jordan-N3/2012				
KC894731	1338688	3431196	skip_species_in_catalogue	target	species taxid 3431196 already catalogued	KC894731	KC894731.1	Norovirus Hu/GIV.1/CCDC GR1113-59/CHN/2011	Norovirus	Caliciviridae	Viruses; Riboviria; Orthornavirae; Pisuviricota; Pisoniviricetes; Picornavirales; Caliciviridae; Norovirus; Norovirus norwalkense	RNA	linear	7525		Homo sapiens	CCDC GR1113-59	false	ncbi-genbank	1be4805d8ff640461fc8ec55ea7b501814adb6cb38bfad524c2a6b7a8c83f259					1338688	Norovirus Hu/GIV.1/CCDC GR1113-59/CHN/2011	Hu/GIV.1/CCDC GR1113-59/CHN/2011				
KC894942	1379486	3431196	skip_species_in_catalogue	target	species taxid 3431196 already catalogued	KC894942	KC894942.1	Norovirus Hu/GII.4/Guangzhou/GZ2010-L88/CHN/2011	Norovirus	Caliciviridae	Viruses; Riboviria; Orthornavirae; Pisuviricota; Pisoniviricetes; Picornavirales; Caliciviridae; Norovirus; Norovirus norwalkense	RNA	linear	7556		Homo sapiens	Hu/Guangzhou/GZ2010-L88/CHN/2011	false	ncbi-genbank	da01459a97c50fbfc8b74a7825fd452dfedee2d4840eea5be03d74b894510dfd					1379486	Norovirus Hu/GII.4/Guangzhou/GZ2010-L88/CHN/2011					
KC894943	1379487	3431196	skip_species_in_catalogue	target	species taxid 3431196 already catalogued	KC894943	KC894943.1	Norovirus Hu/GII.4/Guangzhou/GZ2010-L91/CHN/2011	Norovirus	Caliciviridae	Viruses; Riboviria; Orthornavirae; Pisuviricota; Pisoniviricetes; Picornavirales; Caliciviridae; Norovirus; Norovirus norwalkense	RNA	linear	7556		Homo sapiens	Hu/Guangzhou/GZ2010-L91/CHN/2011	false	ncbi-genbank	45d97135eca25ba199f30877dfe51e7b7529083414924e04916fea6fb0c20612					1379487	Norovirus Hu/GII.4/Guangzhou/GZ2010-L91/CHN/2011					
KC960615	1325533	3431196	skip_species_in_catalogue	target	species taxid 3431196 already catalogued	KC960615	KC960615.1	Norovirus Hu/GII.4/20199/2009/VNM	Norovirus	Caliciviridae	Viruses; Riboviria; Orthornavirae; Pisuviricota; Pisoniviricetes; Picornavirales; Caliciviridae; Norovirus; Norovirus norwalkense	ss-RNA	linear	7511		Homo sapiens; sex: F; age: 19M	Hu/GII.4/20199/2009/VNM	false	ncbi-genbank	6f1651ee75f8981065263f99ebd18604bd1e742637c1dd2261e1fe7dadac45a5					1325533	Norovirus Hu/GII.4/20199/2009/VNM	Hu/GII.4/20199/2009/VNM				
KF268207	1643649	3241420	skip_species_in_catalogue	target	species taxid 3241420 already catalogued	KF268207	KF268207.1	Human adenovirus 71	Mastadenovirus	Adenoviridae	Viruses; Varidnaviria; Bamfordvirae; Preplasmiviricota; Polisuviricotina; Pharingeaviricetes; Rowavirales; Adenoviridae; Mastadenovirus; Mastadenovirus dominans	DNA	linear	35192		Homo sapiens	human/DEU/HEIM_00085/1987/71[P9H20F71]	false	ncbi-genbank	519261252af64c4ca01d89f4e991a2b1a255854873eeb1ca798a6def6fe3fcd8					1643649	Human adenovirus 71	human/DEU/HEIM_00085/1987/71[P9H20F71]				
KF279629	46925	3241420	skip_species_in_catalogue	target	species taxid 3241420 already catalogued	KF279629	KF279629.1	Human adenovirus 23	Mastadenovirus	Adenoviridae	Viruses; Varidnaviria; Bamfordvirae; Preplasmiviricota; Polisuviricotina; Pharingeaviricetes; Rowavirales; Adenoviridae; Mastadenovirus; Mastadenovirus dominans	DNA	linear	35029		Homo sapiens; AIDS patient	Aids32/Manchester/1993	false	ncbi-genbank	807fcf75baa62d8f86aeee0a49f09bdd1a834d74fe8ab608fdc065b8d3b2dd4a					46925	Human adenovirus 23					
KF306212	1406147	3431196	skip_species_in_catalogue	target	species taxid 3431196 already catalogued	KF306212	KF306212.1	Norovirus Hu/GI.2/Jingzhou/2013401/CHN	Norovirus	Caliciviridae	Viruses; Riboviria; Orthornavirae; Pisuviricota; Pisoniviricetes; Picornavirales; Caliciviridae; Norovirus; Norovirus norwalkense	RNA	linear	7740		Homo sapiens	Hu/GI.2/Jingzhou/2013401/CHN	false	ncbi-genbank	b15bee0914c7e847a327e380edc8ff485f47b3ade756d366b7b39ba5df90de75					1406147	Norovirus Hu/GI.2/Jingzhou/2013401/CHN	Hu/GI.2/Jingzhou/2013401/CHN				
KF306213	1406148	3431196	skip_species_in_catalogue	target	species taxid 3431196 already catalogued	KF306213	KF306213.1	Norovirus Hu/GII.3/Jingzhou/2013402/CHN	Norovirus	Caliciviridae	Viruses; Riboviria; Orthornavirae; Pisuviricota; Pisoniviricetes; Picornavirales; Caliciviridae; Norovirus; Norovirus norwalkense	RNA	linear	7578		Homo sapiens	Hu/GII.3/Jingzhou/2013402/CHN	false	ncbi-genbank	5baa3401e835ee53b010dff97b753e59c5a60042a8fdf1a93220185159642ca1					1406148	Norovirus Hu/GII.3/Jingzhou/2013402/CHN	Hu/GII.3/Jingzhou/2013402/CHN				
KF306214	1406149	3431196	skip_species_in_catalogue	target	species taxid 3431196 already catalogued	KF306214	KF306214.1	Norovirus Hu/GII.4/Jingzhou/2013403/CHN	Norovirus	Caliciviridae	Viruses; Riboviria; Orthornavirae; Pisuviricota; Pisoniviricetes; Picornavirales; Caliciviridae; Norovirus; Norovirus norwalkense	RNA	linear	7605		Homo sapiens	Hu/GII.4/Jingzhou/2013403/CHN	false	ncbi-genbank	6749074b995522cf93eabace2b7e753e6a5ac2262d6e88d4dcd021b5570b07d7					1406149	Norovirus Hu/GII.4/Jingzhou/2013403/CHN	Hu/GII.4/Jingzhou/2013403/CHN				
KF312882	1442164	3428502	skip_species_in_catalogue	target	species taxid 3428502 already catalogued	KF312882	KF312882.1	Enterovirus B111	Enterovirus	Picornaviridae	Viruses; Riboviria; Orthornavirae; Pisuviricota; Pisoniviricetes; Picornavirales; Picornaviridae; Ensavirinae; Enterovirus; Enterovirus betacoxsackie	RNA	linear	7428		Homo sapiens	Q0011/XZ/CHN/2000	false	ncbi-genbank	b13ede4833e9daa4b3d357e6f2c0b2cfb021f55c6714168c93fc688b3faefb39					1442164	Enterovirus B111	Q0011/XZ/CHN/2000	B111			
KF422142	42771	3428500	skip_species_in_catalogue	target	species taxid 3428500 already catalogued	KF422142	KF422142.1	Coxsackievirus A12	Enterovirus	Picornaviridae	Viruses; Riboviria; Orthornavirae; Pisuviricota; Pisoniviricetes; Picornavirales; Picornaviridae; Ensavirinae; Enterovirus; Enterovirus alphacoxsackie	ss-RNA	linear	7396		Homo sapiens	QD-LXH535/SD/CHN/2009	false	ncbi-genbank	cd5c6c6d29c45e6691ba5e34dda7b74ec35ba928737e66d8e20b6c02569dbfc4					42771	Coxsackievirus A12	QD-LXH535/SD/CHN/2009				
KF429760	1383609	3431196	skip_species_in_catalogue	target	species taxid 3431196 already catalogued	KF429760	KF429760.1	Norovirus Hu/GII.4/NIHIC28.4/2012/USA	Norovirus	Caliciviridae	Viruses; Riboviria; Orthornavirae; Pisuviricota; Pisoniviricetes; Picornavirales; Caliciviridae; Norovirus; Norovirus norwalkense	ss-RNA	linear	7506		Homo sapiens	Hu/GII.4/NIHIC28.4/2012/USA	false	ncbi-genbank	0c6c99063a1840d8f2f6e625642a7215c2be5183811a1e1325feec7688bd82a8					1383609	Norovirus Hu/GII.4/NIHIC28.4/2012/USA	Hu/GII.4/NIHIC28.4/2012/USA				
KF429761	1383581	3431196	skip_species_in_catalogue	target	species taxid 3431196 already catalogued	KF429761	KF429761.1	Norovirus Hu/GI.1/8MoIIIL/1972/USA	Norovirus	Caliciviridae	Viruses; Riboviria; Orthornavirae; Pisuviricota; Pisoniviricetes; Picornavirales; Caliciviridae; Norovirus; Norovirus norwalkense	ss-RNA	linear	7623		Homo sapiens	Hu/GI.1/8MoIIIL/1972/USA	false	ncbi-genbank	f853a812205ba73f5a65157fa3ea76a4b1c340d97b0821f4f5e7a4af30eb03b3					1383581	Norovirus Hu/GI.1/8MoIIIL/1972/USA	Hu/GI.1/8MoIIIL/1972/USA				
KF429765	1383583	3431196	skip_species_in_catalogue	target	species taxid 3431196 already catalogued	KF429765	KF429765.1	Norovirus Hu/GI.1/8W/1968/USA	Norovirus	Caliciviridae	Viruses; Riboviria; Orthornavirae; Pisuviricota; Pisoniviricetes; Picornavirales; Caliciviridae; Norovirus; Norovirus norwalkense	ss-RNA	linear	7617		Homo sapiens	Hu/GI.1/8W/1968/USA	false	ncbi-genbank	2a5b1d0f798a995ffcee4940902248003b8c86bd8fa4671546c7439498883544					1383583	Norovirus Hu/GI.1/8W/1968/USA	Hu/GI.1/8W/1968/USA				
KF429766	1383591	3431196	skip_species_in_catalogue	target	species taxid 3431196 already catalogued	KF429766	KF429766.1	Norovirus Hu/GII.4/NIHIC13/2011/USA	Norovirus	Caliciviridae	Viruses; Riboviria; Orthornavirae; Pisuviricota; Pisoniviricetes; Picornavirales; Caliciviridae; Norovirus; Norovirus norwalkense	ss-RNA	linear	7509		Homo sapiens	Hu/GII.4/NIHIC13/2011/USA	false	ncbi-genbank	64d815d6e0dd211901ebc170ff26ddc83e230f0c06dc3debe6dea81551a90da5					1383591	Norovirus Hu/GII.4/NIHIC13/2011/USA	Hu/GII.4/NIHIC13/2011/USA				
KF429768	1383602	3431196	skip_species_in_catalogue	target	species taxid 3431196 already catalogued	KF429768	KF429768.1	Norovirus Hu/GII.4/NIHIC1.13/2012/USA	Norovirus	Caliciviridae	Viruses; Riboviria; Orthornavirae; Pisuviricota; Pisoniviricetes; Picornavirales; Caliciviridae; Norovirus; Norovirus norwalkense	ss-RNA	linear	7503		Homo sapiens	Hu/GII.4/NIHIC1.13/2012/USA	false	ncbi-genbank	32b072946c66316289849d67b7c08cab4f57dd91624462549c347f3d796f7ab9					1383602	Norovirus Hu/GII.4/NIHIC1.13/2012/USA	Hu/GII.4/NIHIC1.13/2012/USA				
KF429770	1383580	3431196	skip_species_in_catalogue	target	species taxid 3431196 already catalogued	KF429770	KF429770.1	Norovirus Hu/GI.1/8McIII/1973/USA	Norovirus	Caliciviridae	Viruses; Riboviria; Orthornavirae; Pisuviricota; Pisoniviricetes; Picornavirales; Caliciviridae; Norovirus; Norovirus norwalkense	ss-RNA	linear	7626		Homo sapiens	Hu/GI.1/8McIII/1973/USA	false	ncbi-genbank	f61a452774d43d21319c7e8c10afe492f1e133cc3c8662635c9bfc243ff00b49					1383580	Norovirus Hu/GI.1/8McIII/1973/USA	Hu/GI.1/8McIII/1973/USA				
KF429773	1383577	3431196	skip_species_in_catalogue	target	species taxid 3431196 already catalogued	KF429773	KF429773.1	Norovirus Hu/GI.1/8CKIIIc/1974/USA	Norovirus	Caliciviridae	Viruses; Riboviria; Orthornavirae; Pisuviricota; Pisoniviricetes; Picornavirales; Caliciviridae; Norovirus; Norovirus norwalkense	ss-RNA	linear	7626		Homo sapiens	Hu/GI.1/8CKIIIc/1974/USA	false	ncbi-genbank	a5429ac0038d9192ad220d0f2d287e91c11c111345b76c404c5e1e7fccec73b0					1383577	Norovirus Hu/GI.1/8CKIIIc/1974/USA	Hu/GI.1/8CKIIIc/1974/USA				
KF429774	1383582	3431196	skip_species_in_catalogue	target	species taxid 3431196 already catalogued	KF429774	KF429774.1	Norovirus Hu/GI.1/8UIIIf/1973/USA	Norovirus	Caliciviridae	Viruses; Riboviria; Orthornavirae; Pisuviricota; Pisoniviricetes; Picornavirales; Caliciviridae; Norovirus; Norovirus norwalkense	ss-RNA	linear	7623		Homo sapiens	Hu/GI.1/8UIIIf/1973/USA	false	ncbi-genbank	4a508d45d308c463b27bc2581046981dc91f2c9e1e10716aa57073a47315f5b4					1383582	Norovirus Hu/GI.1/8UIIIf/1973/USA	Hu/GI.1/8UIIIf/1973/USA				
KF429776	1383599	3431196	skip_species_in_catalogue	target	species taxid 3431196 already catalogued	KF429776	KF429776.1	Norovirus Hu/GII.4/NIHIC17.1/2012/USA	Norovirus	Caliciviridae	Viruses; Riboviria; Orthornavirae; Pisuviricota; Pisoniviricetes; Picornavirales; Caliciviridae; Norovirus; Norovirus norwalkense	ss-RNA	linear	7509		Homo sapiens	Hu/GII.4/NIHIC17.1/2012/USA	false	ncbi-genbank	c46d30d24a2d892d69c1e4175a3051d442d1774437ad0972a80b6cadad95cce3					1383599	Norovirus Hu/GII.4/NIHIC17.1/2012/USA	Hu/GII.4/NIHIC17.1/2012/USA				
KF429777	1383596	3431196	skip_species_in_catalogue	target	species taxid 3431196 already catalogued	KF429777	KF429777.1	Norovirus Hu/GII.4/NIHIC27.1/2012/USA	Norovirus	Caliciviridae	Viruses; Riboviria; Orthornavirae; Pisuviricota; Pisoniviricetes; Picornavirales; Caliciviridae; Norovirus; Norovirus norwalkense	ss-RNA	linear	7509		Homo sapiens	Hu/GII.4/NIHIC27.1/2012/USA	false	ncbi-genbank	6e21ddcd65b230a86710079ae170a712e5b722b4ed9424e64444a380a8892f48					1383596	Norovirus Hu/GII.4/NIHIC27.1/2012/USA	Hu/GII.4/NIHIC27.1/2012/USA				
KF429778	1383590	3431196	skip_species_in_catalogue	target	species taxid 3431196 already catalogued	KF429778	KF429778.1	Norovirus Hu/GII.4/NIHIC18.1/2012/USA	Norovirus	Caliciviridae	Viruses; Riboviria; Orthornavirae; Pisuviricota; Pisoniviricetes; Picornavirales; Caliciviridae; Norovirus; Norovirus norwalkense	ss-RNA	linear	7509		Homo sapiens	Hu/GII.4/NIHIC18.1/2012/USA	false	ncbi-genbank	83b5de48b00db7c5c27275f587a9b04b9e7b8fa023020e62c63a03835d03e8fd					1383590	Norovirus Hu/GII.4/NIHIC18.1/2012/USA	Hu/GII.4/NIHIC18.1/2012/USA				
KF429783	1383578	3431196	skip_species_in_catalogue	target	species taxid 3431196 already catalogued	KF429783	KF429783.1	Norovirus Hu/GI.1/8K/1979/USA	Norovirus	Caliciviridae	Viruses; Riboviria; Orthornavirae; Pisuviricota; Pisoniviricetes; Picornavirales; Caliciviridae; Norovirus; Norovirus norwalkense	ss-RNA	linear	7617		Homo sapiens	Hu/GI.1/8K/1979/USA	false	ncbi-genbank	792f8a37b2228e7400d92d377e4fe3e13d46cd36597ead19275dbf62f837291d					1383578	Norovirus Hu/GI.1/8K/1979/USA	Hu/GI.1/8K/1979/USA				
KF429787	1383606	3431196	skip_species_in_catalogue	target	species taxid 3431196 already catalogued	KF429787	KF429787.1	Norovirus Hu/GII.4/NIHIC28.5/2012/USA	Norovirus	Caliciviridae	Viruses; Riboviria; Orthornavirae; Pisuviricota; Pisoniviricetes; Picornavirales; Caliciviridae; Norovirus; Norovirus norwalkense	ss-RNA	linear	7506		Homo sapiens	Hu/GII.4/NIHIC28.5/2012/USA	false	ncbi-genbank	f5f969d56f986b23205b245ac7d55d7a3b6f116f5dd5938a328dc32713add84b					1383606	Norovirus Hu/GII.4/NIHIC28.5/2012/USA	Hu/GII.4/NIHIC28.5/2012/USA				
KF429789	1383579	3431196	skip_species_in_catalogue	target	species taxid 3431196 already catalogued	KF429789	KF429789.1	Norovirus Hu/GI.1/8MC/1978/USA	Norovirus	Caliciviridae	Viruses; Riboviria; Orthornavirae; Pisuviricota; Pisoniviricetes; Picornavirales; Caliciviridae; Norovirus; Norovirus norwalkense	ss-RNA	linear	7623		Homo sapiens	Hu/GI.1/8MC/1978/USA	false	ncbi-genbank	15d8c4fc7bb631863cf34d1cac866f83a6a638dce672b07baa68295110e9e492					1383579	Norovirus Hu/GI.1/8MC/1978/USA	Hu/GI.1/8MC/1978/USA				
KF429790	1383601	3431196	skip_species_in_catalogue	target	species taxid 3431196 already catalogued	KF429790	KF429790.1	Norovirus Hu/GII.4/NIHIC17.5/2012/USA	Norovirus	Caliciviridae	Viruses; Riboviria; Orthornavirae; Pisuviricota; Pisoniviricetes; Picornavirales; Caliciviridae; Norovirus; Norovirus norwalkense	ss-RNA	linear	7509		Homo sapiens	Hu/GII.4/NIHIC17.5/2012/USA	false	ncbi-genbank	2cb9af8485f2e6faa307e3216fb1545a231d61fc44edb6ca598e8199f40ede3f					1383601	Norovirus Hu/GII.4/NIHIC17.5/2012/USA	Hu/GII.4/NIHIC17.5/2012/USA				
KF528688	32608	3241406	skip_species_in_catalogue	target	species taxid 3241406 already catalogued	KF528688	KF528688.1	Human adenovirus 21	Mastadenovirus	Adenoviridae	Viruses; Varidnaviria; Bamfordvirae; Preplasmiviricota; Polisuviricotina; Pharingeaviricetes; Rowavirales; Adenoviridae; Mastadenovirus; Mastadenovirus blackbeardi	DNA	linear	35415		Homo sapiens		false	ncbi-genbank	7856aa9ca09bb8b93c6ada35ff77d1585f5b09ef275bd93fc73249eab4bacbcb					32608	Human adenovirus 21		21			
KF712491	1406801	3431196	skip_species_in_catalogue	target	species taxid 3431196 already catalogued	KF712491	KF712491.1	Norovirus Hu/GII.4/NIHIC17.8/2013/USA	Norovirus	Caliciviridae	Viruses; Riboviria; Orthornavirae; Pisuviricota; Pisoniviricetes; Picornavirales; Caliciviridae; Norovirus; Norovirus norwalkense	ss-RNA	linear	7509		Homo sapiens	Hu/GII.4/NIHIC17.8/2013/USA	false	ncbi-genbank	3cd52aee1b40242aaad9f9f2b249aeb2c2400c82559301b47020021b1b4e15b9					1406801	Norovirus Hu/GII.4/NIHIC17.8/2013/USA	Hu/GII.4/NIHIC17.8/2013/USA				
KF712496	1406798	3431196	skip_species_in_catalogue	target	species taxid 3431196 already catalogued	KF712496	KF712496.1	Norovirus Hu/GII.4/NIHIC2.3/2010/USA	Norovirus	Caliciviridae	Viruses; Riboviria; Orthornavirae; Pisuviricota; Pisoniviricetes; Picornavirales; Caliciviridae; Norovirus; Norovirus norwalkense	ss-RNA	linear	7509		Homo sapiens	Hu/GII.4/NIHIC2.3/2010/USA	false	ncbi-genbank	5456d4faed0d5ea8d5e38f77157120e76cb773c72d411c1be2ffe41142ce94f2					1406798	Norovirus Hu/GII.4/NIHIC2.3/2010/USA	Hu/GII.4/NIHIC2.3/2010/USA				
KF712497	1406800	3431196	skip_species_in_catalogue	target	species taxid 3431196 already catalogued	KF712497	KF712497.1	Norovirus Hu/GII.4/NIHIC27.2/2012/USA	Norovirus	Caliciviridae	Viruses; Riboviria; Orthornavirae; Pisuviricota; Pisoniviricetes; Picornavirales; Caliciviridae; Norovirus; Norovirus norwalkense	ss-RNA	linear	7509		Homo sapiens	Hu/GII.4/NIHIC27.2/2012/USA	false	ncbi-genbank	f9d6d28f3e7c2b31dcea0dfa98f3cfc42672744d7c056d77e37abd55641253f5					1406800	Norovirus Hu/GII.4/NIHIC27.2/2012/USA	Hu/GII.4/NIHIC27.2/2012/USA				
KF712498	1406802	3431196	skip_species_in_catalogue	target	species taxid 3431196 already catalogued	KF712498	KF712498.1	Norovirus Hu/GII.4/NIHIC17.9/2013/USA	Norovirus	Caliciviridae	Viruses; Riboviria; Orthornavirae; Pisuviricota; Pisoniviricetes; Picornavirales; Caliciviridae; Norovirus; Norovirus norwalkense	ss-RNA	linear	7509		Homo sapiens	Hu/GII.4/NIHIC17.9/2013/USA	false	ncbi-genbank	068442d474438ca7d3badd06df0219119247631533a0a63154376b70b689f602					1406802	Norovirus Hu/GII.4/NIHIC17.9/2013/USA	Hu/GII.4/NIHIC17.9/2013/USA				
KF712499	1406809	3431196	skip_species_in_catalogue	target	species taxid 3431196 already catalogued	KF712499	KF712499.1	Norovirus Hu/GII.4/NIHIC1.16/2012/USA	Norovirus	Caliciviridae	Viruses; Riboviria; Orthornavirae; Pisuviricota; Pisoniviricetes; Picornavirales; Caliciviridae; Norovirus; Norovirus norwalkense	ss-RNA	linear	7503		Homo sapiens	Hu/GII.4/NIHIC1.16/2012/USA	false	ncbi-genbank	7197cbcebb5aa1279a5419cd8d2ed73a0177a8108aeda70cd4b10f45aa419166					1406809	Norovirus Hu/GII.4/NIHIC1.16/2012/USA	Hu/GII.4/NIHIC1.16/2012/USA				
KF712501	1406805	3431196	skip_species_in_catalogue	target	species taxid 3431196 already catalogued	KF712501	KF712501.1	Norovirus Hu/GII.4/NIHIC17.6/2012/USA	Norovirus	Caliciviridae	Viruses; Riboviria; Orthornavirae; Pisuviricota; Pisoniviricetes; Picornavirales; Caliciviridae; Norovirus; Norovirus norwalkense	ss-RNA	linear	7509		Homo sapiens	Hu/GII.4/NIHIC17.6/2012/USA	false	ncbi-genbank	21d0e48bd6437cb16a100531b1cf3bbeaaf49613d409a675459a0de20824ba43					1406805	Norovirus Hu/GII.4/NIHIC17.6/2012/USA	Hu/GII.4/NIHIC17.6/2012/USA				
KF712502	1406796	3431196	skip_species_in_catalogue	target	species taxid 3431196 already catalogued	KF712502	KF712502.1	Norovirus Hu/GII.4/NIHIC35/2013/USA	Norovirus	Caliciviridae	Viruses; Riboviria; Orthornavirae; Pisuviricota; Pisoniviricetes; Picornavirales; Caliciviridae; Norovirus; Norovirus norwalkense	ss-RNA	linear	7509		Homo sapiens	Hu/GII.4/NIHIC35/2013/USA	false	ncbi-genbank	ef9e5c7e22b1a2a2fd8d8bee8b9061bff710d20741da570dd03073ff53d40caf					1406796	Norovirus Hu/GII.4/NIHIC35/2013/USA	Hu/GII.4/NIHIC35/2013/USA				
KF712504	1406799	3431196	skip_species_in_catalogue	target	species taxid 3431196 already catalogued	KF712504	KF712504.1	Norovirus Hu/GII.4/NIHIC11.3/2013/USA	Norovirus	Caliciviridae	Viruses; Riboviria; Orthornavirae; Pisuviricota; Pisoniviricetes; Picornavirales; Caliciviridae; Norovirus; Norovirus norwalkense	ss-RNA	linear	7509		Homo sapiens	Hu/GII.4/NIHIC11.3/2013/USA	false	ncbi-genbank	872bac0ee51a3f18a8f93f1a423b83729815f8ca7fed8fc869c11a99fd63e7bf					1406799	Norovirus Hu/GII.4/NIHIC11.3/2013/USA	Hu/GII.4/NIHIC11.3/2013/USA				
KF712510	1406797	3431196	skip_species_in_catalogue	target	species taxid 3431196 already catalogued	KF712510	KF712510.1	Norovirus Hu/GII.4/NIHIC2.2/2010/USA	Norovirus	Caliciviridae	Viruses; Riboviria; Orthornavirae; Pisuviricota; Pisoniviricetes; Picornavirales; Caliciviridae; Norovirus; Norovirus norwalkense	ss-RNA	linear	7509		Homo sapiens	Hu/GII.4/NIHIC2.2/2010/USA	false	ncbi-genbank	75583b053a6dcac2f1924af0a5546458d14db65f1270f847591110620b2092f4					1406797	Norovirus Hu/GII.4/NIHIC2.2/2010/USA	Hu/GII.4/NIHIC2.2/2010/USA				
KF802426	1521028	3241406	skip_species_in_catalogue	target	species taxid 3241406 already catalogued	KF802426	KF802426.1	Human adenovirus 21a	Mastadenovirus	Adenoviridae	Viruses; Varidnaviria; Bamfordvirae; Preplasmiviricota; Polisuviricotina; Pharingeaviricetes; Rowavirales; Adenoviridae; Mastadenovirus; Mastadenovirus blackbeardi	DNA	linear	35327		Homo sapiens	LRTI-2	false	ncbi-genbank	f78e56074a7fe87f7bece54bcb53aebfcf1ce0935518f20ab12a73a5590a5229					1521028	Human adenovirus 21a		21			
KF874626	200154	3428502	skip_species_in_catalogue	target	species taxid 3428502 already catalogued	KF874626	KF874626.1	Enterovirus B73	Enterovirus	Picornaviridae	Viruses; Riboviria; Orthornavirae; Pisuviricota; Pisoniviricetes; Picornavirales; Picornaviridae; Ensavirinae; Enterovirus; Enterovirus betacoxsackie	RNA	linear	7412		Homo sapiens	088/SD/CHN/04	false	ncbi-genbank	8bac617a10fccdbe12d4feddb8e3ae8b0d3213bb33ee414f00d98063c64e6d0d					200154	Enterovirus B73					
KF906413	1461395	3241406	skip_species_in_catalogue	target	species taxid 3241406 already catalogued	KF906413	KF906413.1	Human adenovirus 11+34	Mastadenovirus	Adenoviridae	Viruses; Varidnaviria; Bamfordvirae; Preplasmiviricota; Polisuviricotina; Pharingeaviricetes; Rowavirales; Adenoviridae; Mastadenovirus; Mastadenovirus blackbeardi	DNA	linear	34780		Homo sapiens	IC763	false	ncbi-genbank	d96c5bfc05eb8e19a76a72aa3501fe15d112ca6b6ea6c0671c69d5903965c1d5					1461395	Human adenovirus 11+34	IC763				
KF907503	12637	3052464	skip_species_in_catalogue	target	species taxid 3052464 already catalogued	KF907503	KF907503.1	Dengue virus	Euflavivirus	Flaviviridae	Viruses; Riboviria; Orthornavirae; Kitrinoviricota; Flasuviricetes; Amarillovirales; Flaviviridae; Orthoflavivirus; Euflavivirus; Orthoflavivirus denguei	RNA	linear	10648		Homo sapiens	Dakar HD 34460	false	ncbi-genbank	b2fb94337b513acf1276770f807bf6b3544b45ddb36c36eb2c2ae3234d858258					12637	Dengue virus	Dakar HD 34460	4			
KF958308	147712	3428503	skip_species_in_catalogue	target	species taxid 3428503 already catalogued	KF958308	KF958308.1	Rhinovirus B	Enterovirus	Picornaviridae	Viruses; Riboviria; Orthornavirae; Pisuviricota; Pisoniviricetes; Picornavirales; Picornaviridae; Ensavirinae; Enterovirus; Enterovirus betarhino	ss-RNA	linear	7216		Homo sapiens	3039	false	ncbi-genbank	920dfbd2ddc243a92ef7b578d18fc9781c25cadb904fce301a7f24cd71476371					147712	Rhinovirus B					
KF990476	1248136	3428502	skip_species_in_catalogue	target	species taxid 3428502 already catalogued	KF990476	KF990476.1	Enterovirus B106	Enterovirus	Picornaviridae	Viruses; Riboviria; Orthornavirae; Pisuviricota; Pisoniviricetes; Picornavirales; Picornaviridae; Ensavirinae; Enterovirus; Enterovirus betacoxsackie	RNA	linear	7420		Homo sapiens	148/YN/CHN/12	false	ncbi-genbank	0cb2183894262ec68b76394f01d654f36e005009cff415204ce5b8d410149a5f					1248136	Enterovirus B106		106			
KJ018970	763792	3052345	skip_species_in_catalogue	target	species taxid 3052345 already catalogued	KJ018970	KJ018970.2	Measles virus genotype H1	Morbillivirus	Paramyxoviridae	Viruses; Riboviria; Orthornavirae; Negarnaviricota; Haploviricotina; Monjiviricetes; Mononegavirales; Paramyxoviridae; Orthoparamyxovirinae; Morbillivirus; Morbillivirus hominis	cRNA	linear	15894			MVi/BritishColumbia.CAN/12.10/1[H1]	false	ncbi-genbank	f94bdde23a2b0fa4d3c595622c9aa869dbd74b93c845620e1aca146f9836d92b					763792	Measles virus genotype H1	MVi/BritishColumbia.CAN/12.10/1[H1]				
KJ145795	1484958	333767	skip_species_in_catalogue	target	species taxid 333767 already catalogued	KJ145795	KJ145795.1	Human papillomavirus type 72b	Alphapapillomavirus	Papillomaviridae	Viruses; Floreoviria; Shotokuvirae; Cossaviricota; Papovaviricetes; Zurhausenvirales; Papillomaviridae; Firstpapillomavirinae; Alphapapillomavirus; Alphapapillomavirus 3	DNA	linear	8098				false	ncbi-genbank	6b479daeba3b047b838f903ac40dd941ea2f755a5a072b4ea6c619cf666ed4ac					1484958	Human papillomavirus type 72b					
KJ196276	1529915	3431196	skip_species_in_catalogue	target	species taxid 3431196 already catalogued	KJ196276	KJ196276.1	Norovirus GII/Hu/JP/2002/GII.P12_GII.13/Saitama/T80	Norovirus	Caliciviridae	Viruses; Riboviria; Orthornavirae; Pisuviricota; Pisoniviricetes; Picornavirales; Caliciviridae; Norovirus; Norovirus norwalkense	RNA	linear	7491		Homo sapiens	Saitama/T80	false	ncbi-genbank	7d577a88c37eaa44eeb6bb9785f5021526de4e7fb36aa25b9c5cf41b80c887d9					1529915	Norovirus GII/Hu/JP/2002/GII.P12_GII.13/Saitama/T80					
KJ196277	1529914	3431196	skip_species_in_catalogue	target	species taxid 3431196 already catalogued	KJ196277	KJ196277.1	Norovirus GII/Hu/JP/2001/GII.P22_GII.5/Saitama/T49	Norovirus	Caliciviridae	Viruses; Riboviria; Orthornavirae; Pisuviricota; Pisoniviricetes; Picornavirales; Caliciviridae; Norovirus; Norovirus norwalkense	RNA	linear	7554		Homo sapiens	Saitama/T49	false	ncbi-genbank	ba03de27514630acd826dfa7fa7a1112405eda6de255c7c96df2f46f2b2c2c37					1529914	Norovirus GII/Hu/JP/2001/GII.P22_GII.5/Saitama/T49					
KJ196278	1529921	3431196	skip_species_in_catalogue	target	species taxid 3431196 already catalogued	KJ196278	KJ196278.1	Norovirus GII/Hu/JP/2007/GII.P7_GII.14/Sendai/YG99	Norovirus	Caliciviridae	Viruses; Riboviria; Orthornavirae; Pisuviricota; Pisoniviricetes; Picornavirales; Caliciviridae; Norovirus; Norovirus norwalkense	RNA	linear	7529		Homo sapiens	Sendai/YG99	false	ncbi-genbank	e8d157e0e82632b4c385f61742f00037782cce33e1725e5ea7b6b609699b3093					1529921	Norovirus GII/Hu/JP/2007/GII.P7_GII.14/Sendai/YG99					
KJ196279	1529927	3431196	skip_species_in_catalogue	target	species taxid 3431196 already catalogued	KJ196279	KJ196279.1	Norovirus GII/Hu/JP/2012/GII.Pe_GII.4_Sydney2012/Fukuyama/3	Norovirus	Caliciviridae	Viruses; Riboviria; Orthornavirae; Pisuviricota; Pisoniviricetes; Picornavirales; Caliciviridae; Norovirus; Norovirus norwalkense	RNA	linear	7559		Homo sapiens	Fukuyama/3	false	ncbi-genbank	0932328e638228223fd280135aeb42d91d8a1653dc0fe00286d9f1197579edf0					1529927	Norovirus GII/Hu/JP/2012/GII.Pe_GII.4_Sydney2012/Fukuyama/3					
KJ196280	1529926	3431196	skip_species_in_catalogue	target	species taxid 3431196 already catalogued	KJ196280	KJ196280.1	Norovirus GII/Hu/JP/2012/GII.Pe_GII.4_Sydney2012/Fukuyama/2	Norovirus	Caliciviridae	Viruses; Riboviria; Orthornavirae; Pisuviricota; Pisoniviricetes; Picornavirales; Caliciviridae; Norovirus; Norovirus norwalkense	RNA	linear	7559		Homo sapiens	Fukuyama/2	false	ncbi-genbank	bec2226fb2d5ba16e1e98c692e4cb15b49d8479edf0670ca073bf5ac24a6cc37					1529926	Norovirus GII/Hu/JP/2012/GII.Pe_GII.4_Sydney2012/Fukuyama/2					
KJ196281	1529928	3431196	skip_species_in_catalogue	target	species taxid 3431196 already catalogued	KJ196281	KJ196281.1	Norovirus GII/Hu/JP/2012/GII.Pe_GII.4_Sydney2012/Fukuyama/5	Norovirus	Caliciviridae	Viruses; Riboviria; Orthornavirae; Pisuviricota; Pisoniviricetes; Picornavirales; Caliciviridae; Norovirus; Norovirus norwalkense	RNA	linear	7559		Homo sapiens	Fukuyama/5	false	ncbi-genbank	314ed9b559799ef7dff3359d534362f13cf39b560b6488dbd11c01f75c70a677					1529928	Norovirus GII/Hu/JP/2012/GII.Pe_GII.4_Sydney2012/Fukuyama/5					
KJ196282	1529912	3431196	skip_species_in_catalogue	target	species taxid 3431196 already catalogued	KJ196282	KJ196282.1	Norovirus GII/Hu/JP/2001/GII.P12_GII.12/Saitama/T15	Norovirus	Caliciviridae	Viruses; Riboviria; Orthornavirae; Pisuviricota; Pisoniviricetes; Picornavirales; Caliciviridae; Norovirus; Norovirus norwalkense	RNA	linear	7517		Homo sapiens	Saitama/T15	false	ncbi-genbank	8b9cdfc32b2eb7fec6621d54508b6f58e8172b52d77304c98a856421a75ed7a5					1529912	Norovirus GII/Hu/JP/2001/GII.P12_GII.12/Saitama/T15					
KJ196283	1529930	3431196	skip_species_in_catalogue	target	species taxid 3431196 already catalogued	KJ196283	KJ196283.1	Norovirus GII/Hu/TW/2012/GII.Pe_GII.4_Sydney2012/Taipei/106	Norovirus	Caliciviridae	Viruses; Riboviria; Orthornavirae; Pisuviricota; Pisoniviricetes; Picornavirales; Caliciviridae; Norovirus; Norovirus norwalkense	RNA	linear	7560		Homo sapiens	Taipei/106	false	ncbi-genbank	9a6473c3237e91cfaa6a6537dd4c3c124795d66b8e7ba16799e82f4189fee37c					1529930	Norovirus GII/Hu/TW/2012/GII.Pe_GII.4_Sydney2012/Taipei/106					
KJ196284	1529919	3431196	skip_species_in_catalogue	target	species taxid 3431196 already catalogued	KJ196284	KJ196284.1	Norovirus GII/Hu/JP/2007/GII.P21_GII.21/Kawasaki/YO284	Norovirus	Caliciviridae	Viruses; Riboviria; Orthornavirae; Pisuviricota; Pisoniviricetes; Picornavirales; Caliciviridae; Norovirus; Norovirus norwalkense	RNA	linear	7491		Homo sapiens	Kawasaki/YO284	false	ncbi-genbank	70d243801c276348f2e32bbfd663f709041c040a2d3f8301881723224fdf382c					1529919	Norovirus GII/Hu/JP/2007/GII.P21_GII.21/Kawasaki/YO284					
KJ196285	1529931	3431196	skip_species_in_catalogue	target	species taxid 3431196 already catalogued	KJ196285	KJ196285.1	Norovirus GII/Hu/TW/2012/GII.Pe_GII.4_Sydney2012/Taipei/108	Norovirus	Caliciviridae	Viruses; Riboviria; Orthornavirae; Pisuviricota; Pisoniviricetes; Picornavirales; Caliciviridae; Norovirus; Norovirus norwalkense	RNA	linear	7559		Homo sapiens	Taipei/108	false	ncbi-genbank	844a290598f357054ec4f9fce2b30960321b9ef6ce0d0d5844fad5df105e733b					1529931	Norovirus GII/Hu/TW/2012/GII.Pe_GII.4_Sydney2012/Taipei/108					
KJ196286	1529916	3431196	skip_species_in_catalogue	target	species taxid 3431196 already catalogued	KJ196286	KJ196286.1	Norovirus GII/Hu/JP/2002/GII.P16_GII.17/Saitama/T87	Norovirus	Caliciviridae	Viruses; Riboviria; Orthornavirae; Pisuviricota; Pisoniviricetes; Picornavirales; Caliciviridae; Norovirus; Norovirus norwalkense	RNA	linear	7535		Homo sapiens	Saitama/T87	false	ncbi-genbank	19cc42f031f5ccbb4e8fb81236cbbf268a01da13489c48aac89cc14b35b144e4					1529916	Norovirus GII/Hu/JP/2002/GII.P16_GII.17/Saitama/T87					
KJ196287	1529922	3431196	skip_species_in_catalogue	target	species taxid 3431196 already catalogued	KJ196287	KJ196287.1	Norovirus GII/Hu/JP/2010/GII.P4_GII.4/Shimada/ASC96	Norovirus	Caliciviridae	Viruses; Riboviria; Orthornavirae; Pisuviricota; Pisoniviricetes; Picornavirales; Caliciviridae; Norovirus; Norovirus norwalkense	RNA	linear	7568		Homo sapiens	Shimada/ASC96	false	ncbi-genbank	438f7fdad12e2087e2da10fb259f001b1c15c47ac75cd2381dabe1412c1bf19b					1529922	Norovirus GII/Hu/JP/2010/GII.P4_GII.4/Shimada/ASC96					
KJ196288	1529917	3431196	skip_species_in_catalogue	target	species taxid 3431196 already catalogued	KJ196288	KJ196288.1	Norovirus GII/Hu/JP/2002/GII.P5_GII.5/Saitama/T52	Norovirus	Caliciviridae	Viruses; Riboviria; Orthornavirae; Pisuviricota; Pisoniviricetes; Picornavirales; Caliciviridae; Norovirus; Norovirus norwalkense	RNA	linear	7512		Homo sapiens	Saitama/T52	false	ncbi-genbank	d91261836554b50629894e9e1518dea52041de107c38ef3a7f05fcc27e01f108					1529917	Norovirus GII/Hu/JP/2002/GII.P5_GII.5/Saitama/T52					
KJ196289	1529932	3431196	skip_species_in_catalogue	target	species taxid 3431196 already catalogued	KJ196289	KJ196289.1	Norovirus GII/Hu/TW/2012/GII.Pe_GII.4_Sydney2012/Taipei/109	Norovirus	Caliciviridae	Viruses; Riboviria; Orthornavirae; Pisuviricota; Pisoniviricetes; Picornavirales; Caliciviridae; Norovirus; Norovirus norwalkense	RNA	linear	7559		Homo sapiens	Taipei/109	false	ncbi-genbank	1e5336b8a0c8a17962aa5aaffbdef1380112f528badc15980ad0ef6b4d9ad430					1529932	Norovirus GII/Hu/TW/2012/GII.Pe_GII.4_Sydney2012/Taipei/109					
KJ196290	2779846	3431196	skip_species_in_catalogue	target	species taxid 3431196 already catalogued	KJ196290	KJ196290.1	Sapporo-HK299 virus	Norovirus	Caliciviridae	Viruses; Riboviria; Orthornavirae; Pisuviricota; Pisoniviricetes; Picornavirales; Caliciviridae; Norovirus; Norovirus norwalkense	RNA	linear	7551		Homo sapiens	Sapporo/HK299	false	ncbi-genbank	00388be7295c48e6826300be25c8ab187c0cbb2aaa834b0da2d0e7ec677c5bbf					2779846	Sapporo-HK299 virus					
KJ196293	1529925	3431196	skip_species_in_catalogue	target	species taxid 3431196 already catalogued	KJ196293	KJ196293.1	Norovirus GII/Hu/JP/2012/GII.Pe_GII.4_Sydney2012/Fukuyama/1	Norovirus	Caliciviridae	Viruses; Riboviria; Orthornavirae; Pisuviricota; Pisoniviricetes; Picornavirales; Caliciviridae; Norovirus; Norovirus norwalkense	RNA	linear	7559		Homo sapiens	Fukuyama/1	false	ncbi-genbank	1acf310a88cf0a7c5f9a1d0113870e0a3a7f0a6e30de1cbf679a4b1915d768c1					1529925	Norovirus GII/Hu/JP/2012/GII.Pe_GII.4_Sydney2012/Fukuyama/1					
KJ196294	1529911	3431196	skip_species_in_catalogue	target	species taxid 3431196 already catalogued	KJ196294	KJ196294.1	Norovirus GII/Hu/JP/2000/GII.P12_GII.12/Saitama/KU16	Norovirus	Caliciviridae	Viruses; Riboviria; Orthornavirae; Pisuviricota; Pisoniviricetes; Picornavirales; Caliciviridae; Norovirus; Norovirus norwalkense	RNA	linear	7521		Homo sapiens	Saitama/KU16	false	ncbi-genbank	3922a3892d604d71a40c340a860622be9b50ba84f046b0860fd6ff6e5fcabc7f					1529911	Norovirus GII/Hu/JP/2000/GII.P12_GII.12/Saitama/KU16					
KJ196295	1529923	3431196	skip_species_in_catalogue	target	species taxid 3431196 already catalogued	KJ196295	KJ196295.1	Norovirus GII/Hu/JP/2010/GII.P7_GII.7/Musashimurayama/TAKAsanKimchi	Norovirus	Caliciviridae	Viruses; Riboviria; Orthornavirae; Pisuviricota; Pisoniviricetes; Picornavirales; Caliciviridae; Norovirus; Norovirus norwalkense	RNA	linear	7543		Homo sapiens	Musashimurayama/TAKAsanKimchi	false	ncbi-genbank	07b3749cafb05e7f9d3a5e1ce973e02ea9267a6b5df473631c627a7c3922fa03					1529923	Norovirus GII/Hu/JP/2010/GII.P7_GII.7/Musashimurayama/TAKAsanKimchi					
KJ196296	1529929	3431196	skip_species_in_catalogue	target	species taxid 3431196 already catalogued	KJ196296	KJ196296.1	Norovirus GII/Hu/TW/2012/GII.Pe_GII.4_Sydney2012/Taipei/105	Norovirus	Caliciviridae	Viruses; Riboviria; Orthornavirae; Pisuviricota; Pisoniviricetes; Picornavirales; Caliciviridae; Norovirus; Norovirus norwalkense	RNA	linear	7560		Homo sapiens	Taipei/105	false	ncbi-genbank	0aba79572596b29762376dbc4befa0d187db1b754a214bac0a7d5ffc78727032					1529929	Norovirus GII/Hu/TW/2012/GII.Pe_GII.4_Sydney2012/Taipei/105					
KJ196297	1529920	3431196	skip_species_in_catalogue	target	species taxid 3431196 already catalogued	KJ196297	KJ196297.1	Norovirus GII/Hu/JP/2007/GII.P7_GII.14/Fukuoka/KK282	Norovirus	Caliciviridae	Viruses; Riboviria; Orthornavirae; Pisuviricota; Pisoniviricetes; Picornavirales; Caliciviridae; Norovirus; Norovirus norwalkense	RNA	linear	7529		Homo sapiens	Fukuoka/KK282	false	ncbi-genbank	a77657d56ee590b6318f6d58de9cc38b34a1152d38c879d538bd54b56b4341d7					1529920	Norovirus GII/Hu/JP/2007/GII.P7_GII.14/Fukuoka/KK282					
KJ196298	1529910	3431196	skip_species_in_catalogue	target	species taxid 3431196 already catalogued	KJ196298	KJ196298.1	Norovirus GI/Hu/JP/2007/GI.P8_GI.8/Nagoya/KY531	Norovirus	Caliciviridae	Viruses; Riboviria; Orthornavirae; Pisuviricota; Pisoniviricetes; Picornavirales; Caliciviridae; Norovirus; Norovirus norwalkense	RNA	linear	7745		Homo sapiens	Nagoya/KY531	false	ncbi-genbank	a0bc59d182eddea4c9d76ef8bbe12699b114e395f8d39d8276584db4b4c37e3f					1529910	Norovirus GI/Hu/JP/2007/GI.P8_GI.8/Nagoya/KY531					
KJ196299	1529913	3431196	skip_species_in_catalogue	target	species taxid 3431196 already catalogued	KJ196299	KJ196299.1	Norovirus GII/Hu/JP/2001/GII.P12_GII.12/Saitama/T18	Norovirus	Caliciviridae	Viruses; Riboviria; Orthornavirae; Pisuviricota; Pisoniviricetes; Picornavirales; Caliciviridae; Norovirus; Norovirus norwalkense	RNA	linear	7517		Homo sapiens	Saitama/T18	false	ncbi-genbank	92df2c17fb1d6c82f0c8fee80ba67a30c76f0f58fe2f80016c3709518cb1ef3a					1529913	Norovirus GII/Hu/JP/2001/GII.P12_GII.12/Saitama/T18					
KJ407072	1458705	3431196	skip_species_in_catalogue	target	species taxid 3431196 already catalogued	KJ407072	KJ407072.2	Norovirus Hu/GII.6/HS245/2010/USA	Norovirus	Caliciviridae	Viruses; Riboviria; Orthornavirae; Pisuviricota; Pisoniviricetes; Picornavirales; Caliciviridae; Norovirus; Norovirus norwalkense	ss-RNA	linear	7526		Homo sapiens; sex: M; age: 4Y	Hu/GII.6/HS245/2010/USA	false	ncbi-genbank	6cf4237fc615296360c1469ad29ed6b0c86f8d7c28691eca59e29b5b821b9109					1458705	Norovirus Hu/GII.6/HS245/2010/USA	Hu/GII.6/HS245/2010/USA				
KJ407073	1458703	3431196	skip_species_in_catalogue	target	species taxid 3431196 already catalogued	KJ407073	KJ407073.1	Norovirus Hu/GII.4/HS292/2012/USA	Norovirus	Caliciviridae	Viruses; Riboviria; Orthornavirae; Pisuviricota; Pisoniviricetes; Picornavirales; Caliciviridae; Norovirus; Norovirus norwalkense	ss-RNA	linear	7509		Homo sapiens; sex: M; age: 5Y	Hu/GII.4/HS292/2012/USA	false	ncbi-genbank	7b96cb6675ca193a69be25656212b6f19950bbd51cc7c3ea602d79ada94f9dba					1458703	Norovirus Hu/GII.4/HS292/2012/USA	Hu/GII.4/HS292/2012/USA				
KJ407074	1458701	3431196	skip_species_in_catalogue	target	species taxid 3431196 already catalogued	KJ407074	KJ407074.2	Norovirus Hu/GII.2/HS255/2011/USA	Norovirus	Caliciviridae	Viruses; Riboviria; Orthornavirae; Pisuviricota; Pisoniviricetes; Picornavirales; Caliciviridae; Norovirus; Norovirus norwalkense	ss-RNA	linear	7496		Homo sapiens; sex: M; age: 3Y	Hu/GII.2/HS255/2011/USA	false	ncbi-genbank	945137c44d31efe5b4242c452fe2535fc340612ac89257378d26348e0cd5d935					1458701	Norovirus Hu/GII.2/HS255/2011/USA	Hu/GII.2/HS255/2011/USA				
KJ407075	1458702	3431196	skip_species_in_catalogue	target	species taxid 3431196 already catalogued	KJ407075	KJ407075.1	Norovirus Hu/GII.4/HS288/2012/USA	Norovirus	Caliciviridae	Viruses; Riboviria; Orthornavirae; Pisuviricota; Pisoniviricetes; Picornavirales; Caliciviridae; Norovirus; Norovirus norwalkense	ss-RNA	linear	7509		Homo sapiens; sex: M; age: 2Y	Hu/GII.4/HS288/2012/USA	false	ncbi-genbank	a273e7f41ebd2006a57b67174de134986d9ada4b56e2e192ecf4ed5aa297cd16					1458702	Norovirus Hu/GII.4/HS288/2012/USA	Hu/GII.4/HS288/2012/USA				
KJ407076	1458704	3431196	skip_species_in_catalogue	target	species taxid 3431196 already catalogued	KJ407076	KJ407076.1	Norovirus Hu/GII.4/HS66/2001/USA	Norovirus	Caliciviridae	Viruses; Riboviria; Orthornavirae; Pisuviricota; Pisoniviricetes; Picornavirales; Caliciviridae; Norovirus; Norovirus norwalkense	ss-RNA	linear	7506		Homo sapiens; sex: F; age: 30Y	Hu/GII.4/HS66/2001/USA	false	ncbi-genbank	a64db46e35932bb157c764c04e9eec0ea997dd9d3096258e9f06fdfc503a590f					1458704	Norovirus Hu/GII.4/HS66/2001/USA	Hu/GII.4/HS66/2001/USA				
KJ410048	170528	3052345	skip_species_in_catalogue	target	species taxid 3052345 already catalogued	KJ410048	KJ410048.1	Measles virus genotype D8	Morbillivirus	Paramyxoviridae	Viruses; Riboviria; Orthornavirae; Negarnaviricota; Haploviricotina; Monjiviricetes; Mononegavirales; Paramyxoviridae; Orthoparamyxovirinae; Morbillivirus; Morbillivirus hominis	cRNA	linear	15894		Homo sapiens	MVi/Muenchen.DEU/19.13[D8]	false	ncbi-genbank	c872083def76b5eb90106b5308ace7d14355d57b76348c9e73480da19d0ff40b					170528	Measles virus genotype D8	MVi/Muenchen.DEU/19.13[D8]				
KJ541743	1498296	3431196	skip_species_in_catalogue	target	species taxid 3431196 already catalogued	KJ541743	KJ541743.1	Norovirus Hu/GII.4/SGU-110421/KOR/2011	Norovirus	Caliciviridae	Viruses; Riboviria; Orthornavirae; Pisuviricota; Pisoniviricetes; Picornavirales; Caliciviridae; Norovirus; Norovirus norwalkense	RNA	linear	7559		Homo sapiens	SGU-110421	false	ncbi-genbank	172d88793037036f9e3b11d559a7d3972b98fa4ea4afb850aafff4d29625952a					1498296	Norovirus Hu/GII.4/SGU-110421/KOR/2011	SGU-110421				
KJ627652	1439707	3049954	skip_species_in_catalogue	target	species taxid 3049954 already catalogued	KJ627652	KJ627652.1	Respiratory syncytial virus type A	Orthopneumovirus	Pneumoviridae	Viruses; Riboviria; Orthornavirae; Negarnaviricota; Haploviricotina; Monjiviricetes; Mononegavirales; Pneumoviridae; Orthopneumovirus; Orthopneumovirus hominis	cRNA	linear	15136		Homo sapiens; age: 1 month; sex: male	RSV-A/US/BID-V8320/2002	false	ncbi-genbank	b9c8d5d3b2e61e7400668e49b957e4b60ea9cab972162c797286e053257f1ad2					1439707	Respiratory syncytial virus type A					
KJ634207	689403	3052040	skip_species_in_catalogue	target	species taxid 3052040 already catalogued	KJ634207	KJ634207.1	Human bocavirus 1	Bocaparvovirus	Parvoviridae	Viruses; Floreoviria; Shotokuvirae; Cossaviricota; Quintoviricetes; Piccovirales; Parvoviridae; Parvovirinae; Bocaparvovirus; Bocaparvovirus primate1	DNA	linear	5099		Homo sapiens; 10 months of age	307AR09	false	ncbi-genbank	134741383f088784c71698ac411f87d798414ed3057183c879a0ce0be9a6cb9d					689403	Human bocavirus 1					
KJ649705	1514999	3431196	skip_species_in_catalogue	target	species taxid 3431196 already catalogued	KJ649705	KJ649705.1	Norovirus GII/Hu/HKG/2013/GII.4/CUHK-NS-141	Norovirus	Caliciviridae	Viruses; Riboviria; Orthornavirae; Pisuviricota; Pisoniviricetes; Picornavirales; Caliciviridae; Norovirus; Norovirus norwalkense	RNA	linear	7564		Homo sapiens	GII/Hu/HKG/2013/GII.4/CUHK-NS-141	false	ncbi-genbank	b8c5742fad53fa3701d7d6c59cd4e9c8b76fc8ae094e8a7352c0a088a9f2cbf3					1514999	Norovirus GII/Hu/HKG/2013/GII.4/CUHK-NS-141	GII/Hu/HKG/2013/GII.4/CUHK-NS-141				
KJ685403	1486687	3431196	skip_species_in_catalogue	target	species taxid 3431196 already catalogued	KJ685403	KJ685403.1	Norovirus Hu/GII/BG1C0204/2011/BGD	Norovirus	Caliciviridae	Viruses; Riboviria; Orthornavirae; Pisuviricota; Pisoniviricetes; Picornavirales; Caliciviridae; Norovirus; Norovirus norwalkense	ss-RNA	linear	7509		Homo sapiens; sex: M; age: 270D	Hu/GII/BG1C0204/2011/BGD	false	ncbi-genbank	e3af242f5b9b101b3396bcfb72b6114a686401312266fe5048174f106dcd66a1					1486687	Norovirus Hu/GII/BG1C0204/2011/BGD	Hu/GII/BG1C0204/2011/BGD				
KJ685405	1486692	3431196	skip_species_in_catalogue	target	species taxid 3431196 already catalogued	KJ685405	KJ685405.1	Norovirus Hu/GII/BG1C0282/2011/BGD	Norovirus	Caliciviridae	Viruses; Riboviria; Orthornavirae; Pisuviricota; Pisoniviricetes; Picornavirales; Caliciviridae; Norovirus; Norovirus norwalkense	ss-RNA	linear	7509		Homo sapiens; sex: M; age: 179D	Hu/GII/BG1C0282/2011/BGD	false	ncbi-genbank	640c1bf7f13a5df46d293d5da7fc5c5d1638ebb34efc30635cfc42d0fcf9b228					1486692	Norovirus Hu/GII/BG1C0282/2011/BGD	Hu/GII/BG1C0282/2011/BGD				
KJ685408	1486685	3431196	skip_species_in_catalogue	target	species taxid 3431196 already catalogued	KJ685408	KJ685408.1	Norovirus Hu/GII/BG1C0066/2011/BGD	Norovirus	Caliciviridae	Viruses; Riboviria; Orthornavirae; Pisuviricota; Pisoniviricetes; Picornavirales; Caliciviridae; Norovirus; Norovirus norwalkense	ss-RNA	linear	7509		Homo sapiens; sex: M; age: 295D	Hu/GII/BG1C0066/2011/BGD	false	ncbi-genbank	4a58eb4d72f9a57b27b1727e96b30a8ed85eafd97e5afd07356962317558ce73					1486685	Norovirus Hu/GII/BG1C0066/2011/BGD	Hu/GII/BG1C0066/2011/BGD				
KJ685412	1486697	3431196	skip_species_in_catalogue	target	species taxid 3431196 already catalogued	KJ685412	KJ685412.1	Norovirus Hu/GII/BG1C0405/2012/BGD	Norovirus	Caliciviridae	Viruses; Riboviria; Orthornavirae; Pisuviricota; Pisoniviricetes; Picornavirales; Caliciviridae; Norovirus; Norovirus norwalkense	ss-RNA	linear	7509		Homo sapiens; sex: F; age: 124D	Hu/GII/BG1C0405/2012/BGD	false	ncbi-genbank	6378c18b5c0e5e275720e98be3509e171e2b29d9bfb0ac471d99b76d657ef83f					1486697	Norovirus Hu/GII/BG1C0405/2012/BGD	Hu/GII/BG1C0405/2012/BGD				
KJ685413	1486694	3431196	skip_species_in_catalogue	target	species taxid 3431196 already catalogued	KJ685413	KJ685413.1	Norovirus Hu/GII/BG1C0317/2011/BGD	Norovirus	Caliciviridae	Viruses; Riboviria; Orthornavirae; Pisuviricota; Pisoniviricetes; Picornavirales; Caliciviridae; Norovirus; Norovirus norwalkense	ss-RNA	linear	7509		Homo sapiens; sex: F; age: 217D	Hu/GII/BG1C0317/2011/BGD	false	ncbi-genbank	c6ab265e9531224347b7776f7780f163352b3947fc372843e21cd78741e95ffe					1486694	Norovirus Hu/GII/BG1C0317/2011/BGD	Hu/GII/BG1C0317/2011/BGD				
KJ685414	1486684	3431196	skip_species_in_catalogue	target	species taxid 3431196 already catalogued	KJ685414	KJ685414.1	Norovirus Hu/GII/BG1C0004/2010/BGD	Norovirus	Caliciviridae	Viruses; Riboviria; Orthornavirae; Pisuviricota; Pisoniviricetes; Picornavirales; Caliciviridae; Norovirus; Norovirus norwalkense	ss-RNA	linear	7509		Homo sapiens; sex: F; age: 181D	Hu/GII/BG1C0004/2010/BGD	false	ncbi-genbank	e04902b310172d59bd754179c8c5ace5c0e2a4a386bc898a81d49389a94396eb					1486684	Norovirus Hu/GII/BG1C0004/2010/BGD	Hu/GII/BG1C0004/2010/BGD				
KJ685415	1486689	3431196	skip_species_in_catalogue	target	species taxid 3431196 already catalogued	KJ685415	KJ685415.1	Norovirus Hu/GII/BG1C0241-33/2011/BGD	Norovirus	Caliciviridae	Viruses; Riboviria; Orthornavirae; Pisuviricota; Pisoniviricetes; Picornavirales; Caliciviridae; Norovirus; Norovirus norwalkense	ss-RNA	linear	7509		Homo sapiens; sex: F; age: 210D	Hu/GII/BG1C0241-33/2011/BGD	false	ncbi-genbank	3a2cdbb336da5cbd39d8d76785e4a67cd7c007a80c9f7817a4138ce8a9c1f957					1486689	Norovirus Hu/GII/BG1C0241-33/2011/BGD	Hu/GII/BG1C0241-33/2011/BGD				
KJ685417	1486691	3431196	skip_species_in_catalogue	target	species taxid 3431196 already catalogued	KJ685417	KJ685417.1	Norovirus Hu/GII/BG1C0270/2011/BGD	Norovirus	Caliciviridae	Viruses; Riboviria; Orthornavirae; Pisuviricota; Pisoniviricetes; Picornavirales; Caliciviridae; Norovirus; Norovirus norwalkense	ss-RNA	linear	7509		Homo sapiens; sex: F; age: 274D	Hu/GII/BG1C0270/2011/BGD	false	ncbi-genbank	89db5b9bf0f12fa8326071bef01624430fde7c3d2388ef4bc6f943903fa950a7					1486691	Norovirus Hu/GII/BG1C0270/2011/BGD	Hu/GII/BG1C0270/2011/BGD				
KJ857508	1295563	3428505	skip_species_in_catalogue	target	species taxid 3428505 already catalogued	KJ857508	KJ857508.1	Enterovirus C99	Enterovirus	Picornaviridae	Viruses; Riboviria; Orthornavirae; Pisuviricota; Pisoniviricetes; Picornavirales; Picornaviridae; Ensavirinae; Enterovirus; Enterovirus coxsackiepol	RNA	linear	7456		Homo sapiens	YT31/SD/CHN/11	false	ncbi-genbank	afe1ebe011950c1346644ee34f820aa8f5547afa33998b1894fcbc729d438c48					1295563	Enterovirus C99					
KM023140	2847281	3432241	skip_species_in_catalogue	target	species taxid 3432241 already catalogued	KM023140	KM023140.1	salivirus A2	Salivirus	Picornaviridae	Viruses; Riboviria; Orthornavirae; Pisuviricota; Pisoniviricetes; Picornavirales; Picornaviridae; Kodimesavirinae; Salivirus; Salivirus aklasse	RNA	linear	7998		Homo sapiens; child	SaliV-FHB	false	ncbi-genbank	e433eb4dea4e2f5f63bfc497a3e18d1f4f9b08b0e1f9abf0baaae1880b6471b7					2847281	salivirus A2					
KM225263	44027	3048168	skip_species_in_catalogue	target	species taxid 3048168 already catalogued	KM225263	KM225263.1	Stratford virus	Euflavivirus	Flaviviridae	Viruses; Riboviria; Orthornavirae; Kitrinoviricota; Flasuviricetes; Amarillovirales; Flaviviridae; Orthoflavivirus; Euflavivirus; Orthoflavivirus kokoberaorum	RNA	linear	10560			C338	false	ncbi-genbank	31b56be0a45a92f9a62872d42b8233733ad468ecee4423b97d3b1d6416c1d9c7					44027	Stratford virus	C338				
KM272334	1566828	3431196	skip_species_in_catalogue	target	species taxid 3431196 already catalogued	KM272334	KM272334.1	Norovirus Hu/GII.4/gg-12-08-04/2012/KR	Norovirus	Caliciviridae	Viruses; Riboviria; Orthornavirae; Pisuviricota; Pisoniviricetes; Picornavirales; Caliciviridae; Norovirus; Norovirus norwalkense	RNA	linear	7558		Homo sapiens; male	Hu/GII.4/gg-12-08-04/2012/KR	false	ncbi-genbank	dbdee0e3fe59c067c2c2f84527d34099c8bc7233285877596115aa8521c2ad4e					1566828	Norovirus Hu/GII.4/gg-12-08-04/2012/KR	Hu/GII.4/gg-12-08-04/2012/KR				
KM597072	1384672	3052560	skip_species_in_catalogue	target	species taxid 3052560 already catalogued	KM597072	KM597072.1	Mumps virus genotype G	Orthorubulavirus	Paramyxoviridae	Viruses; Riboviria; Orthornavirae; Negarnaviricota; Haploviricotina; Monjiviricetes; Mononegavirales; Paramyxoviridae; Rubulavirinae; Orthorubulavirus; Orthorubulavirus parotitidis	cRNA	linear	15263		Homo sapiens	MuV/Gabon/13/2[G]	false	ncbi-genbank	4c1feb073cf28bdd4dedb6a45d6d586e26bfa8af468fd047358026100010370d					1384672	Mumps virus genotype G	MuV/Gabon/13/2[G]				
KM609480	42788	3428500	skip_species_in_catalogue	target	species taxid 3428500 already catalogued	KM609480	KM609480.1	Coxsackievirus A8	Enterovirus	Picornaviridae	Viruses; Riboviria; Orthornavirae; Pisuviricota; Pisoniviricetes; Picornavirales; Picornaviridae; Ensavirinae; Enterovirus; Enterovirus alphacoxsackie	RNA	linear	7396		Homo sapiens	CVA8/SZ39/CHN/2013	false	ncbi-genbank	8d376be05e9368c41e9cf4cb60097fdd467ad9a09ec5c248ae99cc8d424fc3d5					42788	Coxsackievirus A8					
KP036483	42773	3428500	skip_species_in_catalogue	target	species taxid 3428500 already catalogued	KP036483	KP036483.1	Coxsackievirus A14	Enterovirus	Picornaviridae	Viruses; Riboviria; Orthornavirae; Pisuviricota; Pisoniviricetes; Picornavirales; Picornaviridae; Ensavirinae; Enterovirus; Enterovirus alphacoxsackie	RNA	linear	7400			PZ15G/JS/2012	false	ncbi-genbank	2125e93f5c9a32ff95b7ddde6667e0fd9073e873f71d483e9954095d16b1f2a7					42773	Coxsackievirus A14					
L41216	37122	333754	skip_species_in_catalogue	target	species taxid 333754 already catalogued	L41216	L41216.1	Human papillomavirus type 6a	Alphapapillomavirus	Papillomaviridae	Viruses; Floreoviria; Shotokuvirae; Cossaviricota; Papovaviricetes; Zurhausenvirales; Papillomaviridae; Firstpapillomavirinae; Alphapapillomavirus; Alphapapillomavirus 10	DNA	circular	8010				false	ncbi-genbank	75ae4a72f4526dc0198e04ffd3747b538311b9b0e4fa32c0a46e4c54d90eb985					37122	Human papillomavirus type 6a					
LK021688	1435148	3428500	skip_species_in_catalogue	target	species taxid 3428500 already catalogued	LK021688	LK021688.1	Enterovirus A120	Enterovirus	Picornaviridae	Viruses; Riboviria; Orthornavirae; Pisuviricota; Pisoniviricetes; Picornavirales; Picornaviridae; Ensavirinae; Enterovirus; Enterovirus alphacoxsackie	RNA	linear	7407		Homo sapiens	MAD-2741-11	false	ncbi-genbank	98191acbd109e0ba6c325cb7d05a8a720916b28abccf6006bb6793efe8adc6e0					1435148	Enterovirus A120	MAD-2741-11	EV-A120			
M12197	12083	3428505	skip_species_in_catalogue	target	species taxid 3428505 already catalogued	M12197	M12197.1	Poliovirus 2	Enterovirus	Picornaviridae	Viruses; Riboviria; Orthornavirae; Pisuviricota; Pisoniviricetes; Picornavirales; Picornaviridae; Ensavirinae; Enterovirus; Enterovirus coxsackiepol	ss-RNA	linear	7440			Lansing	false	ncbi-genbank	cdf81dfd028be9c4375d21a1497689fd967e1175940a917963aed3bb9ae25932					12083	Poliovirus 2	Lansing				
M16560	12071	3428502	skip_species_in_catalogue	target	species taxid 3428502 already catalogued	M16560	M16560.1	Coxsackievirus B1	Enterovirus	Picornaviridae	Viruses; Riboviria; Orthornavirae; Pisuviricota; Pisoniviricetes; Picornavirales; Picornaviridae; Ensavirinae; Enterovirus; Enterovirus betacoxsackie	ss-RNA	linear	7389				false	ncbi-genbank	63cd0475752b213c7d1a8b830668beea77fdd84a9a01f5fd42d7a6941b936bec					12071	Coxsackievirus B1					
M35027	10249	10245	skip_species_in_catalogue	target	species taxid 10245 already catalogued	M35027	M35027.1	Vaccinia virus Copenhagen	Orthopoxvirus	Poxviridae	Viruses; Varidnaviria; Bamfordvirae; Nucleocytoviricota; Pokkesviricetes; Chitovirales; Poxviridae; Chordopoxvirinae; Orthopoxvirus; Orthopoxvirus vaccinia	DNA	linear	191737			Copenhagen	false	ncbi-genbank	708527503f34e24d336d5c267ad580f9ce0d6751cd7dd9f485fb2a2795253d6a					10249	Vaccinia virus Copenhagen	Copenhagen				
M69205	31699	3426318	skip_species_in_catalogue	target	species taxid 3426318 already catalogued	M69205	M69205.1	Ockelbo virus	Alphavirus	Togaviridae	Viruses; Riboviria; Orthornavirae; Kitrinoviricota; Alsuviricetes; Martellivirales; Togaviridae; Alphavirus; Alphavirus sindbis	ss-RNA	linear	11708			Ockelbo 82	false	ncbi-genbank	fd18881b462182429296afd4f0ab16ee892a1907c5e2aaa1b4295bc65cf31651					31699	Ockelbo virus	Edsbyn 82-5				
NC_005889	256548	1511892	skip_species_in_catalogue	target	species taxid 1511892 already catalogued	NC_005889	NC_005889.1	Bovine adeno-associated virus	Dependoparvovirus	Parvoviridae	Viruses; Floreoviria; Shotokuvirae; Cossaviricota; Quintoviricetes; Piccovirales; Parvoviridae; Parvovirinae; Dependoparvovirus; Dependoparvovirus mammalian1	DNA	circular	4693				true	ncbi-genbank	cea5bb1aeb9b3fa8e08e116ce474a7b02c30af8dfe5f6e386dbf2ff8495d596c					256548	Bovine adeno-associated virus					
NC_012986	1330524	3432241	skip_species_in_catalogue	target	species taxid 3432241 already catalogued	NC_012986	NC_012986.1	Salivirus A	Salivirus	Picornaviridae	Viruses; Riboviria; Orthornavirae; Pisuviricota; Pisoniviricetes; Picornavirales; Picornaviridae; Kodimesavirinae; Salivirus; Salivirus aklasse	RNA	linear	7989		Homo sapiens	02394-01	true	ncbi-genbank	3212547fee945d558ae6db01a0735e374229eab2f1113e74f0955f7045d4f987					1330524	Salivirus A		1			
NC_026422	1332244	2955291	skip_species_in_catalogue	target	species taxid 2955291 already catalogued	NC_026422	NC_026422.1	Influenza A virus	Alphainfluenzavirus	Orthomyxoviridae	Viruses; Riboviria; Orthornavirae; Negarnaviricota; Polyploviricotina; Insthoviricetes; Articulavirales; Orthomyxoviridae; Alphainfluenzavirus; Alphainfluenzavirus influenzae	cRNA	linear	2280	1	Homo sapiens	A/Shanghai/02/2013	true	ncbi-genbank	c0b8523fab2069a8a45b3543bbba1762bc6f021e521d1bf0c2afd4cef446eaa2					1332244	Influenza A virus (A/Shanghai/02/2013(H7N9))	A/Shanghai/02/2013	H7N9			
NC_026423	1332244	2955291	skip_species_in_catalogue	target	species taxid 2955291 already catalogued	NC_026423	NC_026423.1	Influenza A virus	Alphainfluenzavirus	Orthomyxoviridae	Viruses; Riboviria; Orthornavirae; Negarnaviricota; Polyploviricotina; Insthoviricetes; Articulavirales; Orthomyxoviridae; Alphainfluenzavirus; Alphainfluenzavirus influenzae	cRNA	linear	2297	2	Homo sapiens	A/Shanghai/02/2013	true	ncbi-genbank	a8af4d491088419ecca9b371148ae61d72bebe36eb176f03bdd853213d71db66					1332244	Influenza A virus (A/Shanghai/02/2013(H7N9))	A/Shanghai/02/2013	H7N9			
NC_026424	1332244	2955291	skip_species_in_catalogue	target	species taxid 2955291 already catalogued	NC_026424	NC_026424.1	Influenza A virus	Alphainfluenzavirus	Orthomyxoviridae	Viruses; Riboviria; Orthornavirae; Negarnaviricota; Polyploviricotina; Insthoviricetes; Articulavirales; Orthomyxoviridae; Alphainfluenzavirus; Alphainfluenzavirus influenzae	cRNA	linear	2176	3	Homo sapiens	A/Shanghai/02/2013	true	ncbi-genbank	c96a7812b386939ad017d3cbc158487219e804896d1cb84d06666ab9b35d8bf6					1332244	Influenza A virus (A/Shanghai/02/2013(H7N9))	A/Shanghai/02/2013	H7N9			
NC_026425	1332244	2955291	skip_species_in_catalogue	target	species taxid 2955291 already catalogued	NC_026425	NC_026425.1	Influenza A virus	Alphainfluenzavirus	Orthomyxoviridae	Viruses; Riboviria; Orthornavirae; Negarnaviricota; Polyploviricotina; Insthoviricetes; Articulavirales; Orthomyxoviridae; Alphainfluenzavirus; Alphainfluenzavirus influenzae	cRNA	linear	1708	4	Homo sapiens	A/Shanghai/02/2013	true	ncbi-genbank	af458a9bace62148409779aeb7c31755c026fbd22131bfe9ad286313af2a1847					1332244	Influenza A virus (A/Shanghai/02/2013(H7N9))	A/Shanghai/02/2013	H7N9			
NC_026426	1332244	2955291	skip_species_in_catalogue	target	species taxid 2955291 already catalogued	NC_026426	NC_026426.1	Influenza A virus	Alphainfluenzavirus	Orthomyxoviridae	Viruses; Riboviria; Orthornavirae; Negarnaviricota; Polyploviricotina; Insthoviricetes; Articulavirales; Orthomyxoviridae; Alphainfluenzavirus; Alphainfluenzavirus influenzae	cRNA	linear	1506	5	Homo sapiens	A/Shanghai/02/2013	true	ncbi-genbank	5868fcc27befdd7402dd674a6ef7c59254d67d3807a0fa85877b28ec3143cca8					1332244	Influenza A virus (A/Shanghai/02/2013(H7N9))	A/Shanghai/02/2013	H7N9			
NC_026427	1332244	2955291	skip_species_in_catalogue	target	species taxid 2955291 already catalogued	NC_026427	NC_026427.1	Influenza A virus	Alphainfluenzavirus	Orthomyxoviridae	Viruses; Riboviria; Orthornavirae; Negarnaviricota; Polyploviricotina; Insthoviricetes; Articulavirales; Orthomyxoviridae; Alphainfluenzavirus; Alphainfluenzavirus influenzae	cRNA	linear	985	7	Homo sapiens	A/Shanghai/02/2013	true	ncbi-genbank	2f90679eba1418294547f402e05c95500dc59d9ca7c18c26ab632afec2d548a5					1332244	Influenza A virus (A/Shanghai/02/2013(H7N9))	A/Shanghai/02/2013	H7N9			
NC_026428	1332244	2955291	skip_species_in_catalogue	target	species taxid 2955291 already catalogued	NC_026428	NC_026428.1	Influenza A virus	Alphainfluenzavirus	Orthomyxoviridae	Viruses; Riboviria; Orthornavirae; Negarnaviricota; Polyploviricotina; Insthoviricetes; Articulavirales; Orthomyxoviridae; Alphainfluenzavirus; Alphainfluenzavirus influenzae	cRNA	linear	841	8	Homo sapiens	A/Shanghai/02/2013	true	ncbi-genbank	62aa0fa288d1ae58a2b4e0fc79e9f6eb84ae2abadc577bdd255c713c543dc9e3					1332244	Influenza A virus (A/Shanghai/02/2013(H7N9))	A/Shanghai/02/2013	H7N9			
NC_026429	1332244	2955291	skip_species_in_catalogue	target	species taxid 2955291 already catalogued	NC_026429	NC_026429.1	Influenza A virus	Alphainfluenzavirus	Orthomyxoviridae	Viruses; Riboviria; Orthornavirae; Negarnaviricota; Polyploviricotina; Insthoviricetes; Articulavirales; Orthomyxoviridae; Alphainfluenzavirus; Alphainfluenzavirus influenzae	cRNA	linear	1398	6	Homo sapiens	A/Shanghai/02/2013	true	ncbi-genbank	40b0a82e5ed49ab04dcbc58024cf02beea015da879de0fdb86bccacbbd7c57f6					1332244	Influenza A virus (A/Shanghai/02/2013(H7N9))	A/Shanghai/02/2013	H7N9			
NC_027026	1280920	3432266	skip_species_in_catalogue	target	species taxid 3432266 already catalogued	NC_027026	NC_027026.1	Sapovirus Hu/Nagoya/NGY-1/2012/JPN	Sapovirus	Caliciviridae	Viruses; Riboviria; Orthornavirae; Pisuviricota; Pisoniviricetes; Picornavirales; Caliciviridae; Sapovirus; Sapovirus sapporoense	RNA	linear	7521			Hu/SaV/Nagoya/NGY-1/2012/JPN	true	ncbi-genbank	c3518654c0c381b3daf6ca8bb8d22b93a47fd9ee39ecbe966a1067e58b7d4b54					1280920	Sapovirus Hu/Nagoya/NGY-1/2012/JPN	Hu/SaV/Nagoya/NGY-1/2012/JPN				
NC_029646	95340	3431196	skip_species_in_catalogue	target	species taxid 3431196 already catalogued	NC_029646	NC_029646.1	Norwalk-like virus	Norovirus	Caliciviridae	Viruses; Riboviria; Orthornavirae; Pisuviricota; Pisoniviricetes; Picornavirales; Caliciviridae; Norovirus; Norovirus norwalkense	RNA	linear	7518			Hu/Norovirus/hiroshima/1999/JP(9912-02F)	true	ncbi-genbank	333d2b4d6749e40588a5d3c2b424189edb91611780fae7c98fb08d1513c8bb5a					95340	Norwalk-like virus	Hu/Norovirus/hiroshima/1999/JP(9912-02F)				
NC_029647	262897	3431196	skip_species_in_catalogue	target	species taxid 3431196 already catalogued	NC_029647	NC_029647.1	Norovirus GIV	Norovirus	Caliciviridae	Viruses; Riboviria; Orthornavirae; Pisuviricota; Pisoniviricetes; Picornavirales; Caliciviridae; Norovirus; Norovirus norwalkense	RNA	linear	7527		Homo sapiens	Hu/GIV.1/LakeMacquarie/NSW268O/2010/AU	true	ncbi-genbank	b82cc8fbb723d1bf98ef10825c8c977f14a906fba1738bb4fa68abf2fa240dab					262897	Norovirus GIV	Hu/GIV.1/LakeMacquarie/NSW268O/2010/AU				
NC_030454	2760809	3428500	skip_species_in_catalogue	target	species taxid 3428500 already catalogued	NC_030454	NC_030454.1	enterovirus A114	Enterovirus	Picornaviridae	Viruses; Riboviria; Orthornavirae; Pisuviricota; Pisoniviricetes; Picornavirales; Picornaviridae; Ensavirinae; Enterovirus; Enterovirus alphacoxsackie	RNA	linear	7317		Homo sapiens	V13-0285	true	ncbi-genbank	8120b389717eeb52ca9196a03ae4068ebac573b733d59fca23574d6238366b91					2760809	enterovirus A114	V13-0285	EV-A114			
NC_030791	1544901	3052230	skip_species_in_catalogue	target	species taxid 3052230 already catalogued	NC_030791	NC_030791.1	Hepatitis C virus genotype 7	Orthohepacivirus	Hepaciviridae	Viruses; Riboviria; Orthornavirae; Kitrinoviricota; Flasuviricetes; Amarillovirales; Hepaciviridae; Orthohepacivirus; Orthohepacivirus hominis	RNA	linear	9443		Homo sapiens	QC69	true	ncbi-genbank	b89ccf75919a7eb39a3923cf3942f066872ffb7bf0f0e3a307f850142da646ca					1544901	Hepatitis C virus genotype 7					
NC_038306	33757	3428500	skip_species_in_catalogue	target	species taxid 3428500 already catalogued	NC_038306	NC_038306.1	Coxsackievirus A2	Enterovirus	Picornaviridae	Viruses; Riboviria; Orthornavirae; Pisuviricota; Pisoniviricetes; Picornavirales; Picornaviridae; Ensavirinae; Enterovirus; Enterovirus alphacoxsackie	ss-RNA	linear	7398			CA2	true	ncbi-genbank	082f081d5841c02e91029a620e87bc231736b1d1de42a2158717460603d6c3be					33757	Coxsackievirus A2	Fleetwood				
NC_038307	12072	3428502	skip_species_in_catalogue	target	species taxid 3428502 already catalogued	NC_038307	NC_038307.1	Coxsackievirus B3	Enterovirus	Picornaviridae	Viruses; Riboviria; Orthornavirae; Pisuviricota; Pisoniviricetes; Picornavirales; Picornaviridae; Ensavirinae; Enterovirus; Enterovirus betacoxsackie	ss-RNA	linear	7399				true	ncbi-genbank	084be69526ea9e9c95b50197ffa0b6a2b6a93900358123b53e1c7cf0bb75651d					12072	Coxsackievirus B3					
NC_038308	42789	3428506	skip_species_in_catalogue	target	species taxid 3428506 already catalogued	NC_038308	NC_038308.1	enterovirus D68	Enterovirus	Picornaviridae	Viruses; Riboviria; Orthornavirae; Pisuviricota; Pisoniviricetes; Picornavirales; Picornaviridae; Ensavirinae; Enterovirus; Enterovirus deconjuncti	RNA	linear	7367			Fermon	true	ncbi-genbank	4e6397e1cc96077e81e0ea0020149b50ab2259f9e0918476e1b6e53c34c3e47f					42789	enterovirus D68	Fermon				
NC_038312	44130	3428503	skip_species_in_catalogue	target	species taxid 3428503 already catalogued	NC_038312	NC_038312.1	rhinovirus B3	Enterovirus	Picornaviridae	Viruses; Riboviria; Orthornavirae; Pisuviricota; Pisoniviricetes; Picornavirales; Picornaviridae; Ensavirinae; Enterovirus; Enterovirus betarhino	RNA	linear	7208				true	ncbi-genbank	733f7674e88bcb10bf7a8f72e3018db353aa33447e308bdeb1a521343ae81224					44130	rhinovirus B3		3			
NC_038319	12063	3431395	skip_species_in_catalogue	target	species taxid 3431395 already catalogued	NC_038319	NC_038319.1	parechovirus A1	Parechovirus	Picornaviridae	Viruses; Riboviria; Orthornavirae; Pisuviricota; Pisoniviricetes; Picornavirales; Picornaviridae; Paavivirinae; Parechovirus; Parechovirus ahumpari	RNA	linear	7339				true	ncbi-genbank	5e3ee4d0613a0930c6441985cc26daefbc8718e27a7b32853885daccf6c38e87					12063	parechovirus A1					
NC_038882	63746	3052230	skip_species_in_catalogue	target	species taxid 3052230 already catalogued	NC_038882	NC_038882.1	Hepatitis C virus	Orthohepacivirus	Hepaciviridae	Viruses; Riboviria; Orthornavirae; Kitrinoviricota; Flasuviricetes; Amarillovirales; Hepaciviridae; Orthohepacivirus; Orthohepacivirus hominis	RNA	linear	9599			H77	true	ncbi-genbank	f499f92ea1c4fea00746006c4baf8d4dcca203ae96e7fbffbc188d8c43490a39					63746	Hepatitis C virus (isolate H77)	H77				
NC_039218	33743	3048170	skip_species_in_catalogue	target	species taxid 3048170 already catalogued	NC_039218	NC_039218.1	Kyasanur Forest disease virus	Euflavivirus	Flaviviridae	Viruses; Riboviria; Orthornavirae; Kitrinoviricota; Flasuviricetes; Amarillovirales; Flaviviridae; Orthoflavivirus; Euflavivirus; Orthoflavivirus kyasanurense	RNA	linear	10376				true	ncbi-genbank	9a0931fffb68f374d73843962268cd94e3ba4c2413ad82774d1a3cd994367d0e					33743	Kyasanur Forest disease virus					
NC_039475	552592	3431196	skip_species_in_catalogue	target	species taxid 3431196 already catalogued	NC_039475	NC_039475.1	Norovirus GII.17	Norovirus	Caliciviridae	Viruses; Riboviria; Orthornavirae; Pisuviricota; Pisoniviricetes; Picornavirales; Caliciviridae; Norovirus; Norovirus norwalkense	RNA	linear	7556		Homo sapiens	Hu/GII.P17_GII.17/KR/2015/CAU-267	true	ncbi-genbank	d6b58bc76d7d214bbd0608b4c2197361acb897aab32dfcd19ae929371fb75fd6					552592	Norovirus GII.17	Hu/GII.P17_GII.17/KR/2015/CAU-267				
NC_039476	490039	3431196	skip_species_in_catalogue	target	species taxid 3431196 already catalogued	NC_039476	NC_039476.1	Norovirus GII.2	Norovirus	Caliciviridae	Viruses; Riboviria; Orthornavirae; Pisuviricota; Pisoniviricetes; Picornavirales; Caliciviridae; Norovirus; Norovirus norwalkense	RNA	linear	7536			BJSMQ	true	ncbi-genbank	47c0523ecc0cdeef5bfc174f7a2f3548e926620af5ff65bc7b9f5563aae9065b					490039	Norovirus GII.2					
NC_039477	122929	3431196	skip_species_in_catalogue	target	species taxid 3431196 already catalogued	NC_039477	NC_039477.1	Norovirus GII	Norovirus	Caliciviridae	Viruses; Riboviria; Orthornavirae; Pisuviricota; Pisoniviricetes; Picornavirales; Caliciviridae; Norovirus; Norovirus norwalkense	RNA	linear	7567		Homo sapiens	NORO_226_06_01_2016	true	ncbi-genbank	eed088276446299fe469d0c54750d34184c1bae042e8c74f0119ecdbc9636a7b					122929	Norovirus GII					
NC_039897	1529909	3431196	skip_species_in_catalogue	target	species taxid 3431196 already catalogued	NC_039897	NC_039897.1	Norovirus GI/Hu/JP/2007/GI.P3_GI.3/Shimizu/KK2866	Norovirus	Caliciviridae	Viruses; Riboviria; Orthornavirae; Pisuviricota; Pisoniviricetes; Picornavirales; Caliciviridae; Norovirus; Norovirus norwalkense	RNA	linear	7745		Homo sapiens	Shimizu/KK2866	true	ncbi-genbank	4cdc7ed8e7309eb0b641ff6fd0d26ddd08eb1b150ce10668159b5fc1411b0b2f					1529909	Norovirus GI/Hu/JP/2007/GI.P3_GI.3/Shimizu/KK2866					
NC_040776	64315	3052466	skip_species_in_catalogue	target	species taxid 3052466 already catalogued	NC_040776	NC_040776.1	Rocio virus	Euflavivirus	Flaviviridae	Viruses; Riboviria; Orthornavirae; Kitrinoviricota; Flasuviricetes; Amarillovirales; Flaviviridae; Orthoflavivirus; Euflavivirus; Orthoflavivirus ilheusense	RNA	linear	10794			SPH 34675	true	ncbi-genbank	96711614d538d5f876f3dbe6dd95b3a2486d5fb343546f20e812d6057001d71b					64315	Rocio virus	SPH 34675				
NC_040876	122929	3431196	skip_species_in_catalogue	target	species taxid 3431196 already catalogued	NC_040876	NC_040876.1	Norovirus GII	Norovirus	Caliciviridae	Viruses; Riboviria; Orthornavirae; Pisuviricota; Pisoniviricetes; Picornavirales; Caliciviridae; Norovirus; Norovirus norwalkense	RNA	linear	7521		Homo sapiens	NORO_176-1_17_12_2015	true	ncbi-genbank	e32a62c41353e0ae642909c50f2701a140ce075695b2784fdfc20a0a7a913307					122929	Norovirus GII					
NC_043415	687361	3048424	skip_species_in_catalogue	target	species taxid 3048424 already catalogued	NC_043415	NC_043415.1	Torque teno virus 22	Alphatorquevirus	Anelloviridae	Viruses; Floreoviria; Shotokuvirae; Commensaviricota; Cardeaviricetes; Sanitavirales; Anelloviridae; Alphatorquevirus; Alphatorquevirus homin24	DNA	linear	3847				true	ncbi-genbank	9d77111ede7b6a5e46a85bbfba5a7c5a4c77e1e66199de9b7cafdbb8c79e3135					687361	Torque teno virus 22					
NC_043450	1003835	2748958	skip_species_in_catalogue	target	species taxid 2748958 already catalogued	NC_043450	NC_043450.1	Severe fever with thrombocytopenia syndrome virus	Bandavirus	Phenuiviridae	Viruses; Riboviria; Orthornavirae; Negarnaviricota; Polyploviricotina; Bunyaviricetes; Hareavirales; Phenuiviridae; Bandavirus; Bandavirus dabieense	RNA	linear	6255	L	Homo sapiens	HNXH	true	ncbi-genbank	536b6fe86c05dda18236145f2c63b88be3d0011c98c83849cc3e08134af5346e					1003835	Severe fever with thrombocytopenia syndrome virus	HNXH				
NC_043451	1003835	2748958	skip_species_in_catalogue	target	species taxid 2748958 already catalogued	NC_043451	NC_043451.1	Severe fever with thrombocytopenia syndrome virus	Bandavirus	Phenuiviridae	Viruses; Riboviria; Orthornavirae; Negarnaviricota; Polyploviricotina; Bunyaviricetes; Hareavirales; Phenuiviridae; Bandavirus; Bandavirus dabieense	RNA	linear	3336	M	Homo sapiens	HNXH	true	ncbi-genbank	642179cbec52e7470d6a7d534e479c8d5ef1fdb682b621784796ffd02816498a					1003835	Severe fever with thrombocytopenia syndrome virus	HNXH				
NC_043452	1003835	2748958	skip_species_in_catalogue	target	species taxid 2748958 already catalogued	NC_043452	NC_043452.1	Severe fever with thrombocytopenia syndrome virus	Bandavirus	Phenuiviridae	Viruses; Riboviria; Orthornavirae; Negarnaviricota; Polyploviricotina; Bunyaviricetes; Hareavirales; Phenuiviridae; Bandavirus; Bandavirus dabieense	RNA	linear	1681	S	Homo sapiens	HNXH	true	ncbi-genbank	f989ef44cfe2071c8052f55b9b2f5b7361038ff4fb8414a0c117659f63e45afc					1003835	Severe fever with thrombocytopenia syndrome virus	HNXH				
NC_044045	1529918	3431196	skip_species_in_catalogue	target	species taxid 3431196 already catalogued	NC_044045	NC_044045.1	Norovirus GII/Hu/JP/2007/GII.P15_GII.15/Sapporo/HK299	Norovirus	Caliciviridae	Viruses; Riboviria; Orthornavirae; Pisuviricota; Pisoniviricetes; Picornavirales; Caliciviridae; Norovirus; Norovirus norwalkense	RNA	linear	7551		Homo sapiens	Sapporo/HK299	true	ncbi-genbank	e4270404a0e19cb016fd1f9e5a044957b91385309e6e558a186c892d5bc2e359					1529918	Norovirus GII/Hu/JP/2007/GII.P15_GII.15/Sapporo/HK299					
NC_044046	1529924	3431196	skip_species_in_catalogue	target	species taxid 3431196 already catalogued	NC_044046	NC_044046.1	Norovirus GII/Hu/JP/2011/GII/Yuzawa/Gira2HS	Norovirus	Caliciviridae	Viruses; Riboviria; Orthornavirae; Pisuviricota; Pisoniviricetes; Picornavirales; Caliciviridae; Norovirus; Norovirus norwalkense	RNA	linear	7543		Homo sapiens	Yuzawa/Gira2HS	true	ncbi-genbank	2c914ea876b0555d4a2bfc78fd9e36e8cf86f7877ea91b24c493a8825db924ec					1529924	Norovirus GII/Hu/JP/2011/GII/Yuzawa/Gira2HS					
NC_044855	262897	3431196	skip_species_in_catalogue	target	species taxid 3431196 already catalogued	NC_044855	NC_044855.1	Norovirus GIV	Norovirus	Caliciviridae	Viruses; Riboviria; Orthornavirae; Pisuviricota; Pisoniviricetes; Picornavirales; Caliciviridae; Norovirus; Norovirus norwalkense	RNA	linear	7419		Homo sapiens	Hu/US/2016/GIV.NA1[PNA1]/WI7002	true	ncbi-genbank	f3e5daed75ad716de97870a993786967abd30dbd690141de07d9be7bb0d65487					262897	Norovirus GIV	Hu/US/2016/GIV.NA1[PNA1]/WI7002				
NC_044932	122929	3431196	skip_species_in_catalogue	target	species taxid 3431196 already catalogued	NC_044932	NC_044932.1	Norovirus GII	Norovirus	Caliciviridae	Viruses; Riboviria; Orthornavirae; Pisuviricota; Pisoniviricetes; Picornavirales; Caliciviridae; Norovirus; Norovirus norwalkense	RNA	linear	7525		Homo sapiens	Hu/GII.PNA4-GII.NA4/PNV06929/2008/PER	true	ncbi-genbank	5adddd5561f71af437944e8c86b8aeaadadc66cf7e5189e92acda808a7f58a89					122929	Norovirus GII					
NC_059681	2847173	2844074	skip_species_in_catalogue	target	species taxid 2844074 already catalogued	NC_059681	NC_059681.1	hepatitis D virus 1	Deltavirus	Kolmioviridae	Viruses; Ribozyviria; Kolmioviridae; Deltavirus; Deltavirus italiense	RNA	circular	1676			TW2667	true	ncbi-genbank	5256ef9437ba7f9b2b04891158c9019571f486b13ef1a22132c08e4383afd35d					2847173	hepatitis D virus 1	TW2667				
NC_075724	758863	3432266	skip_species_in_catalogue	target	species taxid 3432266 already catalogued	NC_075724	NC_075724.1	Sapovirus Hu/GI/Sapporo/MT-2010/1982	Sapovirus	Caliciviridae	Viruses; Riboviria; Orthornavirae; Pisuviricota; Pisoniviricetes; Picornavirales; Caliciviridae; Sapovirus; Sapovirus sapporoense	RNA	linear	7433		Homo sapiens	Hu/GI/Sapporo/MT-2010/1982	true	ncbi-genbank	ecb4580f8405824d33636a7155827cd35ec36850c0790570fe3abd576e17cf9f					758863	Sapovirus Hu/GI/Sapporo/MT-2010/1982	Hu/GI/Sapporo/MT-2010/1982				
S47716	12557	3052498	skip_species_in_catalogue	target	species taxid 3052498 already catalogued	S47716	S47716.1	Seoul virus 80-39	Orthohantavirus	Hantaviridae	Viruses; Riboviria; Orthornavirae; Negarnaviricota; Polyploviricotina; Bunyaviricetes; Elliovirales; Hantaviridae; Mammantavirinae; Orthohantavirus; Orthohantavirus seoulense	RNA	linear	3651	M			false	ncbi-genbank	f198a23299aeba02f3992cfae82cac2180bd8a7a42220cd3b25acee106437953					12557	Seoul virus 80-39					
U05876	31704	3428500	skip_species_in_catalogue	target	species taxid 3428500 already catalogued	U05876	U05876.1	Coxsackievirus A16	Enterovirus	Picornaviridae	Viruses; Riboviria; Orthornavirae; Pisuviricota; Pisoniviricetes; Picornavirales; Picornaviridae; Ensavirinae; Enterovirus; Enterovirus alphacoxsackie	RNA	linear	7413		Homo sapiens	G-10	false	ncbi-genbank	12854aec3a297c6faf4cee2f5a1f89592b8d29e9044a2ea5c19c3f94136b671f					31704	Coxsackievirus A16	G-10				
U06714	10583	334203	skip_species_in_catalogue	target	species taxid 334203 already catalogued	U06714	U06714.1	Human papillomavirus type 1a	Mupapillomavirus	Papillomaviridae	Viruses; Floreoviria; Shotokuvirae; Cossaviricota; Papovaviricetes; Zurhausenvirales; Papillomaviridae; Firstpapillomavirinae; Mupapillomavirus; Mupapillomavirus 1	DNA	linear	7801			HPV-1A (3-3)	false	ncbi-genbank	e22a76e7f223f209eddd282cc01c164c065296920fff68ccc7407f5b198d25ed					10583	Human papillomavirus type 1a	HPV-1A (3-3)				
U16283	12062	3428502	skip_species_in_catalogue	target	species taxid 3428502 already catalogued	U16283	U16283.1	Echovirus E6	Enterovirus	Picornaviridae	Viruses; Riboviria; Orthornavirae; Pisuviricota; Pisoniviricetes; Picornavirales; Picornaviridae; Ensavirinae; Enterovirus; Enterovirus betacoxsackie	RNA	linear	7417		Homo sapiens	Charles	false	ncbi-genbank	755e10ab6a387c6e57ef6c84ae695ce274d92b9ce98050fc51d939581ee5a6b3					12062	Echovirus E6	lytic				
U22521	39054	3428500	skip_species_in_catalogue	target	species taxid 3428500 already catalogued	U22521	U22521.1	Enterovirus A71	Enterovirus	Picornaviridae	Viruses; Riboviria; Orthornavirae; Pisuviricota; Pisoniviricetes; Picornavirales; Picornaviridae; Ensavirinae; Enterovirus; Enterovirus alphacoxsackie	RNA	linear	7408		Homo sapiens	BrCr	false	ncbi-genbank	acb7d7f8c160dcf6ef9853a09c92f4825c355860c2faf80c92a4476284780d56					39054	Enterovirus A71	BrCr				
U31791	37114	333754	skip_species_in_catalogue	target	species taxid 333754 already catalogued	U31791	U31791.1	Human papillomavirus type 55	Alphapapillomavirus	Papillomaviridae	Viruses; Floreoviria; Shotokuvirae; Cossaviricota; Papovaviricetes; Zurhausenvirales; Papillomaviridae; Firstpapillomavirinae; Alphapapillomavirus; Alphapapillomavirus 10	DNA	linear	7822				false	ncbi-genbank	3052220b04de91e550ea66e3accdc1cf8c9fdf374b8ea7660ff7132cae87930f					37114	Human papillomavirus type 55					
U31793	37116	333767	skip_species_in_catalogue	target	species taxid 333767 already catalogued	U31793	U31793.1	Human papillomavirus type 61	Alphapapillomavirus	Papillomaviridae	Viruses; Floreoviria; Shotokuvirae; Cossaviricota; Papovaviricetes; Zurhausenvirales; Papillomaviridae; Firstpapillomavirinae; Alphapapillomavirus; Alphapapillomavirus 3	DNA	linear	7989				false	ncbi-genbank	522aa78bd7ff13b2b688efebd9c65c23385436d95c12ad59abcaf2886306c661					37116	Human papillomavirus type 61					
U37537	186160	337043	skip_species_in_catalogue	target	species taxid 337043 already catalogued	U37537	U37537.1	Human papillomavirus type 57b	Alphapapillomavirus	Papillomaviridae	Viruses; Floreoviria; Shotokuvirae; Cossaviricota; Papovaviricetes; Zurhausenvirales; Papillomaviridae; Firstpapillomavirinae; Alphapapillomavirus; Alphapapillomavirus 4	DNA	linear	7868			HPV-57b	false	ncbi-genbank	1d4ddc511ac7fdb2305aa376049f0d7d3822de2fc559ae2b489ecb79f556d690					186160	Human papillomavirus type 57b	HPV-57b				
U38304	44419	3426318	skip_species_in_catalogue	target	species taxid 3426318 already catalogued	U38304	U38304.1	Sindbis-like virus	Alphavirus	Togaviridae	Viruses; Riboviria; Orthornavirae; Kitrinoviricota; Alsuviricetes; Martellivirales; Togaviridae; Alphavirus; Alphavirus sindbis	RNA	linear	11717			Girdwood S.A.	false	ncbi-genbank	6d0451f9a20a41ff43d225d210ae4d7b18dd69c88f44ff716949db6a312d7ec1					44419	Sindbis-like virus					
U38305	44419	3426318	skip_species_in_catalogue	target	species taxid 3426318 already catalogued	U38305	U38305.1	Sindbis-like virus	Alphavirus	Togaviridae	Viruses; Riboviria; Orthornavirae; Kitrinoviricota; Alsuviricetes; Martellivirales; Togaviridae; Alphavirus; Alphavirus sindbis	RNA	linear	11663			S.A.AR86	false	ncbi-genbank	626c1637337df103b944fb3ebc0aa5a670c51516750d0e6c8ca159f5fdd2e252					44419	Sindbis-like virus					
V01149	12081	3428505	skip_species_in_catalogue	target	species taxid 3428505 already catalogued	V01149	V01149.1	Human poliovirus 1 Mahoney	Enterovirus	Picornaviridae	Viruses; Riboviria; Orthornavirae; Pisuviricota; Pisoniviricetes; Picornavirales; Picornaviridae; Ensavirinae; Enterovirus; Enterovirus coxsackiepol	RNA	linear	7440			Mahoney	false	ncbi-genbank	876284142081b1015060228879288b2217e21f98befe4e8a5f4bca2a1f8af809					12081	Human poliovirus 1 Mahoney	Mahoney				
X00925	12086	3428505	skip_species_in_catalogue	target	species taxid 3428505 already catalogued	X00925	X00925.1	Poliovirus 3	Enterovirus	Picornaviridae	Viruses; Riboviria; Orthornavirae; Pisuviricota; Pisoniviricetes; Picornavirales; Picornaviridae; Ensavirinae; Enterovirus; Enterovirus coxsackiepol	RNA	linear	7432				false	ncbi-genbank	e679d94d95223bd56c2eb974e695854182bd14021ad316be8e4874e9bfde6afb					12086	Poliovirus 3					
X04370	10338	3050294	skip_species_in_catalogue	target	species taxid 3050294 already catalogued	X04370	X04370.1	Human herpesvirus 3 strain Dumas	Varicellovirus	Orthoherpesviridae	Viruses; Duplodnaviria; Heunggongvirae; Peploviricota; Herviviricetes; Herpesvirales; Orthoherpesviridae; Alphaherpesvirinae; Varicellovirus; Varicellovirus humanalpha3	DNA	linear	124884			Dumas	false	ncbi-genbank	25f9e16b16505e599314dad7faccac0d294d71ca18b2ecca945adf51fae43242					10338	Human herpesvirus 3 strain Dumas	Dumas				
X05690	12073	3428502	skip_species_in_catalogue	target	species taxid 3428502 already catalogued	X05690	X05690.1	Coxsackievirus B4	Enterovirus	Picornaviridae	Viruses; Riboviria; Orthornavirae; Pisuviricota; Pisoniviricetes; Picornavirales; Picornaviridae; Ensavirinae; Enterovirus; Enterovirus betacoxsackie	RNA	linear	7395			J.V.B. Benschoten	false	ncbi-genbank	a4e6742d7a871eb43c9698b1cc16b0fb84566bd587621fe383a12458bf975c04					12073	Coxsackievirus B4	J.V.B. Benschoten				
X53794	11590	3052686	skip_species_in_catalogue	target	organism/species name already catalogued	X53794	X53794.1	Toscana virus	Phlebovirus	Phenuiviridae	Viruses; Riboviria; Orthornavirae; Negarnaviricota; Polyploviricotina; Bunyaviricetes; Hareavirales; Phenuiviridae; Phlebovirus; Phlebovirus toscanaense	RNA	linear	1869				false	ncbi-genbank	ffd299543ac06f7b888bc8422e571a54560b9144425363a515e950d933b2e3de					11590	Toscana virus					
X55964	10584	337043	skip_species_in_catalogue	target	species taxid 337043 already catalogued	X55964	X55964.1	Human papillomavirus type 2a	Alphapapillomavirus	Papillomaviridae	Viruses; Floreoviria; Shotokuvirae; Cossaviricota; Papovaviricetes; Zurhausenvirales; Papillomaviridae; Firstpapillomavirinae; Alphapapillomavirus; Alphapapillomavirus 4	DNA	linear	7860				false	ncbi-genbank	e7b4f2b757a07b4262a87c297ae0c888c7974f4155292ee96e94b418c8d6ae71					10584	Human papillomavirus type 2a					
X56492	12557	3052498	skip_species_in_catalogue	target	species taxid 3052498 already catalogued	X56492	X56492.1	Seoul virus 80-39	Orthohantavirus	Hantaviridae	Viruses; Riboviria; Orthornavirae; Negarnaviricota; Polyploviricotina; Bunyaviricetes; Elliovirales; Hantaviridae; Mammantavirinae; Orthohantavirus; Orthohantavirus seoulense	RNA	linear	6530	L		Seoul 80-39	false	ncbi-genbank	0c7e7b04ad5477e9157c81995d4bb9934eff042c892587696cde980df7d38da4					12557	Seoul virus 80-39	Seoul 80-39				
X67706	12074	3428502	skip_species_in_catalogue	target	species taxid 3428502 already catalogued	X67706	X67706.1	Coxsackievirus B5	Enterovirus	Picornaviridae	Viruses; Riboviria; Orthornavirae; Pisuviricota; Pisoniviricetes; Picornavirales; Picornaviridae; Ensavirinae; Enterovirus; Enterovirus betacoxsackie	RNA	linear	7402			1954/85/UK	false	ncbi-genbank	c9b3b70cf1ea042a1c002d15a6beb7180e26738f3594952d16042d2109f914ec					12074	Coxsackievirus B5					
X73487	28282	3241402	skip_species_in_catalogue	target	species taxid 3241402 already catalogued	X73487	X73487.1	Human adenovirus 12	Mastadenovirus	Adenoviridae	Viruses; Varidnaviria; Bamfordvirae; Preplasmiviricota; Polisuviricotina; Pharingeaviricetes; Rowavirales; Adenoviridae; Mastadenovirus; Mastadenovirus adami	DNA	linear	34125				false	ncbi-genbank	a09cdaef54d3dff7353e00f5195aece025c250206c58e9548f9525e3c99a16b1					28282	Human adenovirus 12					
X77708	35293	3428502	skip_species_in_catalogue	target	species taxid 3428502 already catalogued	X77708	X77708.1	Echovirus E12	Enterovirus	Picornaviridae	Viruses; Riboviria; Orthornavirae; Pisuviricota; Pisoniviricetes; Picornavirales; Picornaviridae; Ensavirinae; Enterovirus; Enterovirus betacoxsackie	RNA	linear	7501				false	ncbi-genbank	4541ecae6d2c53f5ff03960afa5ae3195e7079bb433254bd706bc2ffa4e4295d					35293	Echovirus E12					
X84981	103915	3428502	skip_species_in_catalogue	target	species taxid 3428502 already catalogued	X84981	X84981.1	Echovirus 9 strain Hill	Enterovirus	Picornaviridae	Viruses; Riboviria; Orthornavirae; Pisuviricota; Pisoniviricetes; Picornavirales; Picornaviridae; Ensavirinae; Enterovirus; Enterovirus betacoxsackie	RNA	linear	7420		Homo sapiens	prototype: Hill	false	ncbi-genbank	7da5a001a6c617910b7bb0546f65ea1de0ec46f86ad5ca371fbf35573d1565fb					103915	Echovirus 9 strain Hill	prototype: Hill				
X86557	82658	3431196	skip_species_in_catalogue	target	species taxid 3431196 already catalogued	X86557	X86557.1	Lordsdale virus	Norovirus	Caliciviridae	Viruses; Riboviria; Orthornavirae; Pisuviricota; Pisoniviricetes; Picornavirales; Caliciviridae; Norovirus; Norovirus norwalkense	RNA	linear	7555				false	ncbi-genbank	d2358435538b8742989df83ab1421fbae730177f2e05070c77180fb6a4950f0b					82658	Lordsdale virus					
X89628	11590	3052686	skip_species_in_catalogue	target	organism/species name already catalogued	X89628	X89628.1	Toscana virus	Phlebovirus	Phenuiviridae	Viruses; Riboviria; Orthornavirae; Negarnaviricota; Polyploviricotina; Bunyaviricetes; Hareavirales; Phenuiviridae; Phlebovirus; Phlebovirus toscanaense	RNA	linear	4215	M		toscana	false	ncbi-genbank	cb30a868a22b138f0bcbc298a6a309e40e602c480d5010d3079ccaad327fe534					11590	Toscana virus	toscana				
X92886	103914	3428502	skip_species_in_catalogue	target	species taxid 3428502 already catalogued	X92886	X92886.1	Echovirus 9 strain Barty	Enterovirus	Picornaviridae	Viruses; Riboviria; Orthornavirae; Pisuviricota; Pisoniviricetes; Picornavirales; Picornaviridae; Ensavirinae; Enterovirus; Enterovirus betacoxsackie	RNA	linear	7451		Homo sapiens	Barty	false	ncbi-genbank	cdd1e3c0577b32258f131daaa25465205dada209334a6925837de9bb1018d8e0					103914	Echovirus 9 strain Barty	Barty				
Y13051	36368	3428213	skip_species_in_catalogue	target	species taxid 3428213 already catalogued	Y13051	Y13051.1	Human T-cell lymphotropic virus type 2b	Deltaretrovirus	Retroviridae	Viruses; Riboviria; Pararnavirae; Artverviricota; Revtraviricetes; Ortervirales; Retroviridae; Orthoretrovirinae; Deltaretrovirus; Deltaretrovirus priTlym2	DNA	linear	8960				false	ncbi-genbank	23567ecf4d7af18a8308918eb7272ececa46f8cae05437fc11bf45aaee03bcb0					36368	Human T-cell lymphotropic virus type 2b					
