run_id	logical_id	row_status	virus_name	n_features	v3_unique	v3_equal	v3_host_conservative
SRR12682296__SRR12682296	SRR12682296	success	ADENO_AAV2gp01	1	0.0	0.0	0.0
SRR12682296__SRR12682296	SRR12682296	success	ADENO_AAV2gp02	1	0.0	0.0	0.0
SRR12682296__SRR12682296	SRR12682296	success	ADENO_AAV2gp03	1	0.0	0.0	0.0
SRR12682296__SRR12682296	SRR12682296	success	ADENO_AAV2gp04	1	0.0	0.0	0.0
SRR12682296__SRR12682296	SRR12682296	success	ADENO_AAV2gp05	1	0.0	0.0	0.0
SRR12682296__SRR12682296	SRR12682296	success	ADENO_AAV2gp06	1	0.0	0.0	0.0
SRR12682296__SRR12682296	SRR12682296	success	ADENO_AAV2gp07	1	0.0	0.0	0.0
SRR12682296__SRR12682296	SRR12682296	success	ADENO_AAV2gp08	1	0.0	0.0	0.0
SRR12682296__SRR12682296	SRR12682296	success	ADENO_AAV2gs01	1	0.0	0.0	0.0
SRR12682296__SRR12682296	SRR12682296	success	ADENO_AAV2gs02	1	0.0	0.0	0.0
SRR12682296__SRR12682296	SRR12682296	success	ADENO_AAV2gs03	1	0.0	0.0	0.0
SRR12682296__SRR12682296	SRR12682296	success	Aichi virus	1	0.0	0.0	0.0
SRR12682296__SRR12682296	SRR12682296	success	Australian Bat Lyssavirus	5	0.0	0.0	0.0
SRR12682296__SRR12682296	SRR12682296	success	BK polyomavirus	6	0.0	0.0	0.0
SRR12682296__SRR12682296	SRR12682296	success	Banna virus	11	0.0	0.0	0.0
SRR12682296__SRR12682296	SRR12682296	success	Barmah forest virus	4	0.0	0.0	0.0
SRR12682296__SRR12682296	SRR12682296	success	Bunyamwera virus	4	0.0	0.0	0.0
SRR12682296__SRR12682296	SRR12682296	success	Bunyavirus La Crosse	4	0.0	0.0	0.0
SRR12682296__SRR12682296	SRR12682296	success	Cercopithecine herpesvirus	75	0.0	1.0	1.0
SRR12682296__SRR12682296	SRR12682296	success	Chikungunya virus	2	0.0	0.0	0.0
SRR12682296__SRR12682296	SRR12682296	success	Cosavirus A	1	0.0	0.0	0.0
SRR12682296__SRR12682296	SRR12682296	success	Cowpox virus	233	0.0	0.0	0.0
SRR12682296__SRR12682296	SRR12682296	success	Coxsackievirus	1	0.0	0.0	0.0
SRR12682296__SRR12682296	SRR12682296	success	Crimean Congo hemorrhagic fever virus	3	0.0	0.0	0.0
SRR12682296__SRR12682296	SRR12682296	success	DENV_DV1_gp1	1	0.0	0.0	0.0
SRR12682296__SRR12682296	SRR12682296	success	DENV_unassigned_gene_1	1	0.0	0.0	0.0
SRR12682296__SRR12682296	SRR12682296	success	DENV_unassigned_gene_2	1	0.0	0.0	0.0
SRR12682296__SRR12682296	SRR12682296	success	DENV_unassigned_gene_3	1	0.0	0.0	0.0
SRR12682296__SRR12682296	SRR12682296	success	DENV_unassigned_gene_4	1	0.0	0.0	0.0
SRR12682296__SRR12682296	SRR12682296	success	Eastern_equine_encephalitis_virus	4	0.0	0.0	0.0
SRR12682296__SRR12682296	SRR12682296	success	Ebolavirus	7	0.0	0.0	0.0
SRR12682296__SRR12682296	SRR12682296	success	Echovirus	1	0.0	0.0	0.0
SRR12682296__SRR12682296	SRR12682296	success	Encephalomyocarditis virus	2	0.0	0.0	0.0
SRR12682296__SRR12682296	SRR12682296	success	Epstein-Barr virus	96	256487.0	874038.9999999936	874038.9999999936
SRR12682296__SRR12682296	SRR12682296	success	European bat lyssavirus	5	0.0	0.0	0.0
SRR12682296__SRR12682296	SRR12682296	success	Human SARS coronavirus	13	0.0	0.0	0.0
SRR12682296__SRR12682296	SRR12682296	success	Human adenovirus	18	0.0	0.0	0.0
SRR12682296__SRR12682296	SRR12682296	success	Human astrovirus	2	0.0	0.0	0.0
SRR12682296__SRR12682296	SRR12682296	success	Human coronavirus	7	0.0	0.0	0.0
SRR12682296__SRR12682296	SRR12682296	success	Human cytomegalovirus	187	0.0	0.0	0.0
SRR12682296__SRR12682296	SRR12682296	success	Human enterovirus 68, 70	1	0.0	0.0	0.0
SRR12682296__SRR12682296	SRR12682296	success	Human herpesvirus 1	79	0.0	0.0	0.0
SRR12682296__SRR12682296	SRR12682296	success	Human herpesvirus 2	79	0.0	0.0	0.0
SRR12682296__SRR12682296	SRR12682296	success	Human herpesvirus 6	88	0.0	0.0	0.0
SRR12682296__SRR12682296	SRR12682296	success	Human herpesvirus 6b	97	0.0	0.0	0.0
SRR12682296__SRR12682296	SRR12682296	success	Human herpesvirus 7	86	0.0	0.0	0.0
SRR12682296__SRR12682296	SRR12682296	success	Human herpesvirus 8	98	0.0	0.0	0.0
SRR12682296__SRR12682296	SRR12682296	success	Human papillomavirus 1	7	0.0	0.0	0.0
SRR12682296__SRR12682296	SRR12682296	success	Human papillomavirus 16,18	8	0.0	0.0	0.0
SRR12682296__SRR12682296	SRR12682296	success	Human papillomavirus 2	7	0.0	0.0	0.0
SRR12682296__SRR12682296	SRR12682296	success	Human parainfluenza	10	0.0	0.0	0.0
SRR12682296__SRR12682296	SRR12682296	success	Human parvovirus B19	6	0.0	0.0	0.0
SRR12682296__SRR12682296	SRR12682296	success	Human respiratory syncytial virus	10	0.0	0.0	0.0
SRR12682296__SRR12682296	SRR12682296	success	Human rhinovirus	1	0.0	0.0	0.0
SRR12682296__SRR12682296	SRR12682296	success	Influenza A virus	12	0.0	0.0	0.0
SRR12682296__SRR12682296	SRR12682296	success	Influenza B virus	10	0.0	0.0	0.0
SRR12682296__SRR12682296	SRR12682296	success	Influenza C virus	7	0.0	0.0	0.0
SRR12682296__SRR12682296	SRR12682296	success	JC polyomavirus	6	0.0	0.0	0.0
SRR12682296__SRR12682296	SRR12682296	success	Japanese encephalitis virus	2	0.0	0.0	0.0
SRR12682296__SRR12682296	SRR12682296	success	KI Polyomavirus	5	0.0	0.0	0.0
SRR12682296__SRR12682296	SRR12682296	success	Lake Victoria marburgvirus	7	0.0	0.0	0.0
SRR12682296__SRR12682296	SRR12682296	success	Langat virus	1	0.0	0.0	0.0
SRR12682296__SRR12682296	SRR12682296	success	Lassa virus	4	0.0	0.0	0.0
SRR12682296__SRR12682296	SRR12682296	success	Louping ill virus	1	0.0	0.0	0.0
SRR12682296__SRR12682296	SRR12682296	success	Lymphocytic choriomeningitis virus	4	0.0	0.0	0.0
SRR12682296__SRR12682296	SRR12682296	success	MERS coronavirus	10	0.0	0.0	0.0
SRR12682296__SRR12682296	SRR12682296	success	Mayaro virus	4	0.0	0.0	0.0
SRR12682296__SRR12682296	SRR12682296	success	Measles virus	6	0.0	0.0	0.0
SRR12682296__SRR12682296	SRR12682296	success	Merkel cell polyomavirus	4	0.0	0.0	0.0
SRR12682296__SRR12682296	SRR12682296	success	Molluscum contagiosum virus	163	0.0	0.0	0.0
SRR12682296__SRR12682296	SRR12682296	success	Monkeypox virus	180	0.0	0.0	0.0
SRR12682296__SRR12682296	SRR12682296	success	Mumps virus	7	0.0	0.0	0.0
SRR12682296__SRR12682296	SRR12682296	success	Murray valley encephalitis virus	2	0.0	0.0	0.0
SRR12682296__SRR12682296	SRR12682296	success	Nipah virus	6	0.0	0.0	0.0
SRR12682296__SRR12682296	SRR12682296	success	Norwalk virus	3	0.0	0.0	0.0
SRR12682296__SRR12682296	SRR12682296	success	O'nyong-nyong virus	4	0.0	0.0	0.0
SRR12682296__SRR12682296	SRR12682296	success	Orf virus	130	0.0	0.0	0.0
SRR12682296__SRR12682296	SRR12682296	success	Oropouche virus	4	0.0	0.0	0.0
SRR12682296__SRR12682296	SRR12682296	success	Poliovirus	5	0.0	0.0	0.0
SRR12682296__SRR12682296	SRR12682296	success	Rabies virus	5	0.0	0.0	0.0
SRR12682296__SRR12682296	SRR12682296	success	Rosavirus A	1	0.0	0.0	0.0
SRR12682296__SRR12682296	SRR12682296	success	Ross river virus	4	0.0	0.0	0.0
SRR12682296__SRR12682296	SRR12682296	success	Rotavirus A	10	0.0	0.0	0.0
SRR12682296__SRR12682296	SRR12682296	success	Rotavirus B	11	0.0	0.0	0.0
SRR12682296__SRR12682296	SRR12682296	success	Rotavirus C	11	0.0	0.0	0.0
SRR12682296__SRR12682296	SRR12682296	success	Rubella virus	2	0.0	0.0	0.0
SRR12682296__SRR12682296	SRR12682296	success	Salivirus A	1	0.0	0.0	0.0
SRR12682296__SRR12682296	SRR12682296	success	Sapporo virus	2	0.0	0.0	0.0
SRR12682296__SRR12682296	SRR12682296	success	Semliki forest virus	3	0.0	0.0	0.0
SRR12682296__SRR12682296	SRR12682296	success	Seoul virus	3	0.0	0.0	0.0
SRR12682296__SRR12682296	SRR12682296	success	Sindbis virus	4	0.0	0.0	0.0
SRR12682296__SRR12682296	SRR12682296	success	St. louis encephalitis virus	1	0.0	0.0	0.0
SRR12682296__SRR12682296	SRR12682296	success	Tick-borne powassan virus	1	0.0	0.0	0.0
SRR12682296__SRR12682296	SRR12682296	success	Torque teno virus	3	0.0	0.0	0.0
SRR12682296__SRR12682296	SRR12682296	success	Toscana virus	4	0.0	0.0	0.0
SRR12682296__SRR12682296	SRR12682296	success	Vaccinia virus	223	0.0	0.0	0.0
SRR12682296__SRR12682296	SRR12682296	success	Varicella-zoster virus	73	0.0	0.0	0.0
SRR12682296__SRR12682296	SRR12682296	success	Variola virus	197	0.0	0.0	0.0
SRR12682296__SRR12682296	SRR12682296	success	Venezuelan equine encephalitis virus	4	0.0	0.0	0.0
SRR12682296__SRR12682296	SRR12682296	success	Vesicular stomatitis virus	5	0.0	0.0	0.0
SRR12682296__SRR12682296	SRR12682296	success	WU polyomavirus	5	0.0	0.0	0.0
SRR12682296__SRR12682296	SRR12682296	success	West Nile virus	1	0.0	0.0	0.0
SRR12682296__SRR12682296	SRR12682296	success	Western equine encephalitis virus	3	0.0	0.0	0.0
SRR12682296__SRR12682296	SRR12682296	success	Yaba-like disease virus	152	0.0	0.0	0.0
SRR12682296__SRR12682296	SRR12682296	success	Yellow fever virus	1	0.0	0.0	0.0
SRR12682296__SRR12682296	SRR12682296	success	Zika virus	1	0.0	0.0	0.0
SRR12682297__SRR12682297	SRR12682297	success	ADENO_AAV2gp01	1	0.0	0.0	0.0
SRR12682297__SRR12682297	SRR12682297	success	ADENO_AAV2gp02	1	0.0	0.0	0.0
SRR12682297__SRR12682297	SRR12682297	success	ADENO_AAV2gp03	1	0.0	0.0	0.0
SRR12682297__SRR12682297	SRR12682297	success	ADENO_AAV2gp04	1	0.0	0.0	0.0
SRR12682297__SRR12682297	SRR12682297	success	ADENO_AAV2gp05	1	0.0	0.0	0.0
SRR12682297__SRR12682297	SRR12682297	success	ADENO_AAV2gp06	1	0.0	0.0	0.0
SRR12682297__SRR12682297	SRR12682297	success	ADENO_AAV2gp07	1	0.0	0.0	0.0
SRR12682297__SRR12682297	SRR12682297	success	ADENO_AAV2gp08	1	0.0	0.0	0.0
SRR12682297__SRR12682297	SRR12682297	success	ADENO_AAV2gs01	1	0.0	0.0	0.0
SRR12682297__SRR12682297	SRR12682297	success	ADENO_AAV2gs02	1	0.0	0.0	0.0
SRR12682297__SRR12682297	SRR12682297	success	ADENO_AAV2gs03	1	0.0	0.0	0.0
SRR12682297__SRR12682297	SRR12682297	success	Aichi virus	1	0.0	0.0	0.0
SRR12682297__SRR12682297	SRR12682297	success	Australian Bat Lyssavirus	5	0.0	0.0	0.0
SRR12682297__SRR12682297	SRR12682297	success	BK polyomavirus	6	0.0	0.0	0.0
SRR12682297__SRR12682297	SRR12682297	success	Banna virus	11	0.0	0.0	0.0
SRR12682297__SRR12682297	SRR12682297	success	Barmah forest virus	4	0.0	0.0	0.0
SRR12682297__SRR12682297	SRR12682297	success	Bunyamwera virus	4	0.0	0.0	0.0
SRR12682297__SRR12682297	SRR12682297	success	Bunyavirus La Crosse	4	0.0	0.0	0.0
SRR12682297__SRR12682297	SRR12682297	success	Cercopithecine herpesvirus	75	0.0	0.0	0.0
SRR12682297__SRR12682297	SRR12682297	success	Chikungunya virus	2	0.0	0.0	0.0
SRR12682297__SRR12682297	SRR12682297	success	Cosavirus A	1	0.0	0.0	0.0
SRR12682297__SRR12682297	SRR12682297	success	Cowpox virus	233	0.0	0.0	0.0
SRR12682297__SRR12682297	SRR12682297	success	Coxsackievirus	1	0.0	0.0	0.0
SRR12682297__SRR12682297	SRR12682297	success	Crimean Congo hemorrhagic fever virus	3	0.0	0.0	0.0
SRR12682297__SRR12682297	SRR12682297	success	DENV_DV1_gp1	1	0.0	0.0	0.0
SRR12682297__SRR12682297	SRR12682297	success	DENV_unassigned_gene_1	1	0.0	0.0	0.0
SRR12682297__SRR12682297	SRR12682297	success	DENV_unassigned_gene_2	1	0.0	0.0	0.0
SRR12682297__SRR12682297	SRR12682297	success	DENV_unassigned_gene_3	1	0.0	0.0	0.0
SRR12682297__SRR12682297	SRR12682297	success	DENV_unassigned_gene_4	1	0.0	0.0	0.0
SRR12682297__SRR12682297	SRR12682297	success	Eastern_equine_encephalitis_virus	4	0.0	0.0	0.0
SRR12682297__SRR12682297	SRR12682297	success	Ebolavirus	7	0.0	0.0	0.0
SRR12682297__SRR12682297	SRR12682297	success	Echovirus	1	0.0	0.0	0.0
SRR12682297__SRR12682297	SRR12682297	success	Encephalomyocarditis virus	2	0.0	0.0	0.0
SRR12682297__SRR12682297	SRR12682297	success	Epstein-Barr virus	96	36287.0	121748.99999999993	121748.99999999993
SRR12682297__SRR12682297	SRR12682297	success	European bat lyssavirus	5	0.0	0.0	0.0
SRR12682297__SRR12682297	SRR12682297	success	Human SARS coronavirus	13	0.0	0.0	0.0
SRR12682297__SRR12682297	SRR12682297	success	Human adenovirus	18	0.0	0.0	0.0
SRR12682297__SRR12682297	SRR12682297	success	Human astrovirus	2	0.0	0.0	0.0
SRR12682297__SRR12682297	SRR12682297	success	Human coronavirus	7	0.0	0.0	0.0
SRR12682297__SRR12682297	SRR12682297	success	Human cytomegalovirus	187	0.0	0.0	0.0
SRR12682297__SRR12682297	SRR12682297	success	Human enterovirus 68, 70	1	0.0	0.0	0.0
SRR12682297__SRR12682297	SRR12682297	success	Human herpesvirus 1	79	0.0	0.0	0.0
SRR12682297__SRR12682297	SRR12682297	success	Human herpesvirus 2	79	0.0	0.0	0.0
SRR12682297__SRR12682297	SRR12682297	success	Human herpesvirus 6	88	0.0	0.0	0.0
SRR12682297__SRR12682297	SRR12682297	success	Human herpesvirus 6b	97	0.0	0.0	0.0
SRR12682297__SRR12682297	SRR12682297	success	Human herpesvirus 7	86	0.0	0.0	0.0
SRR12682297__SRR12682297	SRR12682297	success	Human herpesvirus 8	98	0.0	0.0	0.0
SRR12682297__SRR12682297	SRR12682297	success	Human papillomavirus 1	7	0.0	0.0	0.0
SRR12682297__SRR12682297	SRR12682297	success	Human papillomavirus 16,18	8	0.0	0.0	0.0
SRR12682297__SRR12682297	SRR12682297	success	Human papillomavirus 2	7	0.0	0.0	0.0
SRR12682297__SRR12682297	SRR12682297	success	Human parainfluenza	10	0.0	0.0	0.0
SRR12682297__SRR12682297	SRR12682297	success	Human parvovirus B19	6	0.0	0.0	0.0
SRR12682297__SRR12682297	SRR12682297	success	Human respiratory syncytial virus	10	0.0	0.0	0.0
SRR12682297__SRR12682297	SRR12682297	success	Human rhinovirus	1	0.0	0.0	0.0
SRR12682297__SRR12682297	SRR12682297	success	Influenza A virus	12	0.0	0.0	0.0
SRR12682297__SRR12682297	SRR12682297	success	Influenza B virus	10	0.0	0.0	0.0
SRR12682297__SRR12682297	SRR12682297	success	Influenza C virus	7	0.0	0.0	0.0
SRR12682297__SRR12682297	SRR12682297	success	JC polyomavirus	6	0.0	0.0	0.0
SRR12682297__SRR12682297	SRR12682297	success	Japanese encephalitis virus	2	0.0	0.0	0.0
SRR12682297__SRR12682297	SRR12682297	success	KI Polyomavirus	5	0.0	0.0	0.0
SRR12682297__SRR12682297	SRR12682297	success	Lake Victoria marburgvirus	7	0.0	0.0	0.0
SRR12682297__SRR12682297	SRR12682297	success	Langat virus	1	0.0	0.0	0.0
SRR12682297__SRR12682297	SRR12682297	success	Lassa virus	4	0.0	0.0	0.0
SRR12682297__SRR12682297	SRR12682297	success	Louping ill virus	1	0.0	0.0	0.0
SRR12682297__SRR12682297	SRR12682297	success	Lymphocytic choriomeningitis virus	4	0.0	0.0	0.0
SRR12682297__SRR12682297	SRR12682297	success	MERS coronavirus	10	0.0	0.0	0.0
SRR12682297__SRR12682297	SRR12682297	success	Mayaro virus	4	0.0	0.0	0.0
SRR12682297__SRR12682297	SRR12682297	success	Measles virus	6	0.0	0.0	0.0
SRR12682297__SRR12682297	SRR12682297	success	Merkel cell polyomavirus	4	0.0	0.0	0.0
SRR12682297__SRR12682297	SRR12682297	success	Molluscum contagiosum virus	163	0.0	0.0	0.0
SRR12682297__SRR12682297	SRR12682297	success	Monkeypox virus	180	0.0	0.0	0.0
SRR12682297__SRR12682297	SRR12682297	success	Mumps virus	7	0.0	0.0	0.0
SRR12682297__SRR12682297	SRR12682297	success	Murray valley encephalitis virus	2	0.0	0.0	0.0
SRR12682297__SRR12682297	SRR12682297	success	Nipah virus	6	0.0	0.0	0.0
SRR12682297__SRR12682297	SRR12682297	success	Norwalk virus	3	0.0	0.0	0.0
SRR12682297__SRR12682297	SRR12682297	success	O'nyong-nyong virus	4	0.0	0.0	0.0
SRR12682297__SRR12682297	SRR12682297	success	Orf virus	130	0.0	0.0	0.0
SRR12682297__SRR12682297	SRR12682297	success	Oropouche virus	4	0.0	0.0	0.0
SRR12682297__SRR12682297	SRR12682297	success	Poliovirus	5	0.0	0.0	0.0
SRR12682297__SRR12682297	SRR12682297	success	Rabies virus	5	0.0	0.0	0.0
SRR12682297__SRR12682297	SRR12682297	success	Rosavirus A	1	0.0	0.0	0.0
SRR12682297__SRR12682297	SRR12682297	success	Ross river virus	4	0.0	0.0	0.0
SRR12682297__SRR12682297	SRR12682297	success	Rotavirus A	10	0.0	0.0	0.0
SRR12682297__SRR12682297	SRR12682297	success	Rotavirus B	11	0.0	0.0	0.0
SRR12682297__SRR12682297	SRR12682297	success	Rotavirus C	11	0.0	0.0	0.0
SRR12682297__SRR12682297	SRR12682297	success	Rubella virus	2	0.0	0.0	0.0
SRR12682297__SRR12682297	SRR12682297	success	Salivirus A	1	0.0	0.0	0.0
SRR12682297__SRR12682297	SRR12682297	success	Sapporo virus	2	0.0	0.0	0.0
SRR12682297__SRR12682297	SRR12682297	success	Semliki forest virus	3	0.0	0.0	0.0
SRR12682297__SRR12682297	SRR12682297	success	Seoul virus	3	0.0	0.0	0.0
SRR12682297__SRR12682297	SRR12682297	success	Sindbis virus	4	0.0	0.0	0.0
SRR12682297__SRR12682297	SRR12682297	success	St. louis encephalitis virus	1	0.0	0.0	0.0
SRR12682297__SRR12682297	SRR12682297	success	Tick-borne powassan virus	1	0.0	0.0	0.0
SRR12682297__SRR12682297	SRR12682297	success	Torque teno virus	3	0.0	0.0	0.0
SRR12682297__SRR12682297	SRR12682297	success	Toscana virus	4	0.0	0.0	0.0
SRR12682297__SRR12682297	SRR12682297	success	Vaccinia virus	223	0.0	0.0	0.0
SRR12682297__SRR12682297	SRR12682297	success	Varicella-zoster virus	73	0.0	0.0	0.0
SRR12682297__SRR12682297	SRR12682297	success	Variola virus	197	0.0	0.0	0.0
SRR12682297__SRR12682297	SRR12682297	success	Venezuelan equine encephalitis virus	4	0.0	0.0	0.0
SRR12682297__SRR12682297	SRR12682297	success	Vesicular stomatitis virus	5	0.0	0.0	0.0
SRR12682297__SRR12682297	SRR12682297	success	WU polyomavirus	5	0.0	0.0	0.0
SRR12682297__SRR12682297	SRR12682297	success	West Nile virus	1	0.0	0.0	0.0
SRR12682297__SRR12682297	SRR12682297	success	Western equine encephalitis virus	3	0.0	0.0	0.0
SRR12682297__SRR12682297	SRR12682297	success	Yaba-like disease virus	152	0.0	0.0	0.0
SRR12682297__SRR12682297	SRR12682297	success	Yellow fever virus	1	0.0	0.0	0.0
SRR12682297__SRR12682297	SRR12682297	success	Zika virus	1	0.0	0.0	0.0
SRR12682298__SRR12682298	SRR12682298	success	ADENO_AAV2gp01	1	0.0	0.0	0.0
SRR12682298__SRR12682298	SRR12682298	success	ADENO_AAV2gp02	1	0.0	0.0	0.0
SRR12682298__SRR12682298	SRR12682298	success	ADENO_AAV2gp03	1	0.0	0.0	0.0
SRR12682298__SRR12682298	SRR12682298	success	ADENO_AAV2gp04	1	0.0	0.0	0.0
SRR12682298__SRR12682298	SRR12682298	success	ADENO_AAV2gp05	1	0.0	0.0	0.0
SRR12682298__SRR12682298	SRR12682298	success	ADENO_AAV2gp06	1	0.0	0.0	0.0
SRR12682298__SRR12682298	SRR12682298	success	ADENO_AAV2gp07	1	0.0	0.0	0.0
SRR12682298__SRR12682298	SRR12682298	success	ADENO_AAV2gp08	1	0.0	0.0	0.0
SRR12682298__SRR12682298	SRR12682298	success	ADENO_AAV2gs01	1	0.0	0.0	0.0
SRR12682298__SRR12682298	SRR12682298	success	ADENO_AAV2gs02	1	0.0	0.0	0.0
SRR12682298__SRR12682298	SRR12682298	success	ADENO_AAV2gs03	1	0.0	0.0	0.0
SRR12682298__SRR12682298	SRR12682298	success	Aichi virus	1	0.0	0.0	0.0
SRR12682298__SRR12682298	SRR12682298	success	Australian Bat Lyssavirus	5	0.0	0.0	0.0
SRR12682298__SRR12682298	SRR12682298	success	BK polyomavirus	6	0.0	0.0	0.0
SRR12682298__SRR12682298	SRR12682298	success	Banna virus	11	0.0	0.0	0.0
SRR12682298__SRR12682298	SRR12682298	success	Barmah forest virus	4	0.0	0.0	0.0
SRR12682298__SRR12682298	SRR12682298	success	Bunyamwera virus	4	0.0	0.0	0.0
SRR12682298__SRR12682298	SRR12682298	success	Bunyavirus La Crosse	4	0.0	0.0	0.0
SRR12682298__SRR12682298	SRR12682298	success	Cercopithecine herpesvirus	75	0.0	5.0	5.0
SRR12682298__SRR12682298	SRR12682298	success	Chikungunya virus	2	0.0	0.0	0.0
SRR12682298__SRR12682298	SRR12682298	success	Cosavirus A	1	0.0	0.0	0.0
SRR12682298__SRR12682298	SRR12682298	success	Cowpox virus	233	0.0	0.0	0.0
SRR12682298__SRR12682298	SRR12682298	success	Coxsackievirus	1	0.0	0.0	0.0
SRR12682298__SRR12682298	SRR12682298	success	Crimean Congo hemorrhagic fever virus	3	0.0	0.0	0.0
SRR12682298__SRR12682298	SRR12682298	success	DENV_DV1_gp1	1	0.0	0.0	0.0
SRR12682298__SRR12682298	SRR12682298	success	DENV_unassigned_gene_1	1	0.0	0.0	0.0
SRR12682298__SRR12682298	SRR12682298	success	DENV_unassigned_gene_2	1	0.0	0.0	0.0
SRR12682298__SRR12682298	SRR12682298	success	DENV_unassigned_gene_3	1	0.0	0.0	0.0
SRR12682298__SRR12682298	SRR12682298	success	DENV_unassigned_gene_4	1	0.0	0.0	0.0
SRR12682298__SRR12682298	SRR12682298	success	Eastern_equine_encephalitis_virus	4	0.0	0.0	0.0
SRR12682298__SRR12682298	SRR12682298	success	Ebolavirus	7	0.0	0.0	0.0
SRR12682298__SRR12682298	SRR12682298	success	Echovirus	1	0.0	0.0	0.0
SRR12682298__SRR12682298	SRR12682298	success	Encephalomyocarditis virus	2	0.0	0.0	0.0
SRR12682298__SRR12682298	SRR12682298	success	Epstein-Barr virus	96	4501.0	18344.999999999964	18344.999999999964
SRR12682298__SRR12682298	SRR12682298	success	European bat lyssavirus	5	0.0	0.0	0.0
SRR12682298__SRR12682298	SRR12682298	success	Human SARS coronavirus	13	0.0	0.0	0.0
SRR12682298__SRR12682298	SRR12682298	success	Human adenovirus	18	0.0	0.0	0.0
SRR12682298__SRR12682298	SRR12682298	success	Human astrovirus	2	0.0	0.0	0.0
SRR12682298__SRR12682298	SRR12682298	success	Human coronavirus	7	0.0	0.0	0.0
SRR12682298__SRR12682298	SRR12682298	success	Human cytomegalovirus	187	0.0	0.0	0.0
SRR12682298__SRR12682298	SRR12682298	success	Human enterovirus 68, 70	1	0.0	0.0	0.0
SRR12682298__SRR12682298	SRR12682298	success	Human herpesvirus 1	79	0.0	0.0	0.0
SRR12682298__SRR12682298	SRR12682298	success	Human herpesvirus 2	79	0.0	0.0	0.0
SRR12682298__SRR12682298	SRR12682298	success	Human herpesvirus 6	88	0.0	0.0	0.0
SRR12682298__SRR12682298	SRR12682298	success	Human herpesvirus 6b	97	0.0	0.0	0.0
SRR12682298__SRR12682298	SRR12682298	success	Human herpesvirus 7	86	0.0	0.0	0.0
SRR12682298__SRR12682298	SRR12682298	success	Human herpesvirus 8	98	0.0	0.0	0.0
SRR12682298__SRR12682298	SRR12682298	success	Human papillomavirus 1	7	0.0	0.0	0.0
SRR12682298__SRR12682298	SRR12682298	success	Human papillomavirus 16,18	8	0.0	0.0	0.0
SRR12682298__SRR12682298	SRR12682298	success	Human papillomavirus 2	7	0.0	0.0	0.0
SRR12682298__SRR12682298	SRR12682298	success	Human parainfluenza	10	0.0	0.0	0.0
SRR12682298__SRR12682298	SRR12682298	success	Human parvovirus B19	6	0.0	0.0	0.0
SRR12682298__SRR12682298	SRR12682298	success	Human respiratory syncytial virus	10	0.0	0.0	0.0
SRR12682298__SRR12682298	SRR12682298	success	Human rhinovirus	1	0.0	0.0	0.0
SRR12682298__SRR12682298	SRR12682298	success	Influenza A virus	12	0.0	0.0	0.0
SRR12682298__SRR12682298	SRR12682298	success	Influenza B virus	10	0.0	0.0	0.0
SRR12682298__SRR12682298	SRR12682298	success	Influenza C virus	7	0.0	0.0	0.0
SRR12682298__SRR12682298	SRR12682298	success	JC polyomavirus	6	0.0	0.0	0.0
SRR12682298__SRR12682298	SRR12682298	success	Japanese encephalitis virus	2	0.0	0.0	0.0
SRR12682298__SRR12682298	SRR12682298	success	KI Polyomavirus	5	0.0	0.0	0.0
SRR12682298__SRR12682298	SRR12682298	success	Lake Victoria marburgvirus	7	0.0	0.0	0.0
SRR12682298__SRR12682298	SRR12682298	success	Langat virus	1	0.0	0.0	0.0
SRR12682298__SRR12682298	SRR12682298	success	Lassa virus	4	0.0	0.0	0.0
SRR12682298__SRR12682298	SRR12682298	success	Louping ill virus	1	0.0	0.0	0.0
SRR12682298__SRR12682298	SRR12682298	success	Lymphocytic choriomeningitis virus	4	0.0	0.0	0.0
SRR12682298__SRR12682298	SRR12682298	success	MERS coronavirus	10	0.0	0.0	0.0
SRR12682298__SRR12682298	SRR12682298	success	Mayaro virus	4	0.0	0.0	0.0
SRR12682298__SRR12682298	SRR12682298	success	Measles virus	6	0.0	0.0	0.0
SRR12682298__SRR12682298	SRR12682298	success	Merkel cell polyomavirus	4	0.0	0.0	0.0
SRR12682298__SRR12682298	SRR12682298	success	Molluscum contagiosum virus	163	0.0	0.0	0.0
SRR12682298__SRR12682298	SRR12682298	success	Monkeypox virus	180	0.0	0.0	0.0
SRR12682298__SRR12682298	SRR12682298	success	Mumps virus	7	0.0	0.0	0.0
SRR12682298__SRR12682298	SRR12682298	success	Murray valley encephalitis virus	2	0.0	0.0	0.0
SRR12682298__SRR12682298	SRR12682298	success	Nipah virus	6	0.0	0.0	0.0
SRR12682298__SRR12682298	SRR12682298	success	Norwalk virus	3	0.0	0.0	0.0
SRR12682298__SRR12682298	SRR12682298	success	O'nyong-nyong virus	4	0.0	0.0	0.0
SRR12682298__SRR12682298	SRR12682298	success	Orf virus	130	0.0	0.0	0.0
SRR12682298__SRR12682298	SRR12682298	success	Oropouche virus	4	0.0	0.0	0.0
SRR12682298__SRR12682298	SRR12682298	success	Poliovirus	5	0.0	0.0	0.0
SRR12682298__SRR12682298	SRR12682298	success	Rabies virus	5	0.0	0.0	0.0
SRR12682298__SRR12682298	SRR12682298	success	Rosavirus A	1	0.0	0.0	0.0
SRR12682298__SRR12682298	SRR12682298	success	Ross river virus	4	0.0	0.0	0.0
SRR12682298__SRR12682298	SRR12682298	success	Rotavirus A	10	0.0	0.0	0.0
SRR12682298__SRR12682298	SRR12682298	success	Rotavirus B	11	0.0	0.0	0.0
SRR12682298__SRR12682298	SRR12682298	success	Rotavirus C	11	0.0	0.0	0.0
SRR12682298__SRR12682298	SRR12682298	success	Rubella virus	2	0.0	0.0	0.0
SRR12682298__SRR12682298	SRR12682298	success	Salivirus A	1	0.0	0.0	0.0
SRR12682298__SRR12682298	SRR12682298	success	Sapporo virus	2	0.0	0.0	0.0
SRR12682298__SRR12682298	SRR12682298	success	Semliki forest virus	3	0.0	0.0	0.0
SRR12682298__SRR12682298	SRR12682298	success	Seoul virus	3	0.0	0.0	0.0
SRR12682298__SRR12682298	SRR12682298	success	Sindbis virus	4	0.0	0.0	0.0
SRR12682298__SRR12682298	SRR12682298	success	St. louis encephalitis virus	1	0.0	0.0	0.0
SRR12682298__SRR12682298	SRR12682298	success	Tick-borne powassan virus	1	0.0	0.0	0.0
SRR12682298__SRR12682298	SRR12682298	success	Torque teno virus	3	0.0	0.0	0.0
SRR12682298__SRR12682298	SRR12682298	success	Toscana virus	4	0.0	0.0	0.0
SRR12682298__SRR12682298	SRR12682298	success	Vaccinia virus	223	0.0	0.0	0.0
SRR12682298__SRR12682298	SRR12682298	success	Varicella-zoster virus	73	0.0	0.0	0.0
SRR12682298__SRR12682298	SRR12682298	success	Variola virus	197	0.0	0.0	0.0
SRR12682298__SRR12682298	SRR12682298	success	Venezuelan equine encephalitis virus	4	0.0	0.0	0.0
SRR12682298__SRR12682298	SRR12682298	success	Vesicular stomatitis virus	5	0.0	0.0	0.0
SRR12682298__SRR12682298	SRR12682298	success	WU polyomavirus	5	0.0	0.0	0.0
SRR12682298__SRR12682298	SRR12682298	success	West Nile virus	1	0.0	0.0	0.0
SRR12682298__SRR12682298	SRR12682298	success	Western equine encephalitis virus	3	0.0	0.0	0.0
SRR12682298__SRR12682298	SRR12682298	success	Yaba-like disease virus	152	0.0	0.0	0.0
SRR12682298__SRR12682298	SRR12682298	success	Yellow fever virus	1	0.0	0.0	0.0
SRR12682298__SRR12682298	SRR12682298	success	Zika virus	1	0.0	0.0	0.0
SRR6825024__SRR6825024	SRR6825024	success	ADENO_AAV2gp01	1	0.0	0.0	0.0
SRR6825024__SRR6825024	SRR6825024	success	ADENO_AAV2gp02	1	0.0	0.0	0.0
SRR6825024__SRR6825024	SRR6825024	success	ADENO_AAV2gp03	1	0.0	0.0	0.0
SRR6825024__SRR6825024	SRR6825024	success	ADENO_AAV2gp04	1	0.0	0.0	0.0
SRR6825024__SRR6825024	SRR6825024	success	ADENO_AAV2gp05	1	0.0	0.0	0.0
SRR6825024__SRR6825024	SRR6825024	success	ADENO_AAV2gp06	1	0.0	0.0	0.0
SRR6825024__SRR6825024	SRR6825024	success	ADENO_AAV2gp07	1	0.0	0.0	0.0
SRR6825024__SRR6825024	SRR6825024	success	ADENO_AAV2gp08	1	0.0	0.0	0.0
SRR6825024__SRR6825024	SRR6825024	success	ADENO_AAV2gs01	1	0.0	0.0	0.0
SRR6825024__SRR6825024	SRR6825024	success	ADENO_AAV2gs02	1	0.0	0.0	0.0
SRR6825024__SRR6825024	SRR6825024	success	ADENO_AAV2gs03	1	0.0	0.0	0.0
SRR6825024__SRR6825024	SRR6825024	success	Aichi virus	1	0.0	0.0	0.0
SRR6825024__SRR6825024	SRR6825024	success	Australian Bat Lyssavirus	5	0.0	0.0	0.0
SRR6825024__SRR6825024	SRR6825024	success	BK polyomavirus	6	0.0	0.0	0.0
SRR6825024__SRR6825024	SRR6825024	success	Banna virus	11	0.0	0.0	0.0
SRR6825024__SRR6825024	SRR6825024	success	Barmah forest virus	4	0.0	0.0	0.0
SRR6825024__SRR6825024	SRR6825024	success	Bunyamwera virus	4	0.0	0.0	0.0
SRR6825024__SRR6825024	SRR6825024	success	Bunyavirus La Crosse	4	0.0	0.0	0.0
SRR6825024__SRR6825024	SRR6825024	success	Cercopithecine herpesvirus	75	0.0	1.6666666666666665	1.0
SRR6825024__SRR6825024	SRR6825024	success	Chikungunya virus	2	0.0	0.0	0.0
SRR6825024__SRR6825024	SRR6825024	success	Cosavirus A	1	0.0	0.0	0.0
SRR6825024__SRR6825024	SRR6825024	success	Cowpox virus	233	0.0	0.0	0.0
SRR6825024__SRR6825024	SRR6825024	success	Coxsackievirus	1	0.0	0.0	0.0
SRR6825024__SRR6825024	SRR6825024	success	Crimean Congo hemorrhagic fever virus	3	0.0	0.0	0.0
SRR6825024__SRR6825024	SRR6825024	success	DENV_DV1_gp1	1	0.0	0.0	0.0
SRR6825024__SRR6825024	SRR6825024	success	DENV_unassigned_gene_1	1	0.0	0.0	0.0
SRR6825024__SRR6825024	SRR6825024	success	DENV_unassigned_gene_2	1	0.0	0.0	0.0
SRR6825024__SRR6825024	SRR6825024	success	DENV_unassigned_gene_3	1	0.0	0.0	0.0
SRR6825024__SRR6825024	SRR6825024	success	DENV_unassigned_gene_4	1	0.0	0.0	0.0
SRR6825024__SRR6825024	SRR6825024	success	Eastern_equine_encephalitis_virus	4	0.0	0.0	0.0
SRR6825024__SRR6825024	SRR6825024	success	Ebolavirus	7	0.0	0.0	0.0
SRR6825024__SRR6825024	SRR6825024	success	Echovirus	1	0.0	0.0	0.0
SRR6825024__SRR6825024	SRR6825024	success	Encephalomyocarditis virus	2	0.0	0.0	0.0
SRR6825024__SRR6825024	SRR6825024	success	Epstein-Barr virus	96	0.0	0.0	0.0
SRR6825024__SRR6825024	SRR6825024	success	European bat lyssavirus	5	0.0	0.0	0.0
SRR6825024__SRR6825024	SRR6825024	success	Human SARS coronavirus	13	0.0	0.0	0.0
SRR6825024__SRR6825024	SRR6825024	success	Human adenovirus	18	0.0	0.0	0.0
SRR6825024__SRR6825024	SRR6825024	success	Human astrovirus	2	0.0	0.0	0.0
SRR6825024__SRR6825024	SRR6825024	success	Human coronavirus	7	0.0	0.0	0.0
SRR6825024__SRR6825024	SRR6825024	success	Human cytomegalovirus	187	0.0	0.0	0.0
SRR6825024__SRR6825024	SRR6825024	success	Human enterovirus 68, 70	1	0.0	0.0	0.0
SRR6825024__SRR6825024	SRR6825024	success	Human herpesvirus 1	79	0.0	0.0	0.0
SRR6825024__SRR6825024	SRR6825024	success	Human herpesvirus 2	79	0.0	0.0	0.0
SRR6825024__SRR6825024	SRR6825024	success	Human herpesvirus 6	88	0.0	0.0	0.0
SRR6825024__SRR6825024	SRR6825024	success	Human herpesvirus 6b	97	2.0	2.0	2.0
SRR6825024__SRR6825024	SRR6825024	success	Human herpesvirus 7	86	0.0	0.0	0.0
SRR6825024__SRR6825024	SRR6825024	success	Human herpesvirus 8	98	0.0	0.0	0.0
SRR6825024__SRR6825024	SRR6825024	success	Human papillomavirus 1	7	0.0	0.0	0.0
SRR6825024__SRR6825024	SRR6825024	success	Human papillomavirus 16,18	8	0.0	0.0	0.0
SRR6825024__SRR6825024	SRR6825024	success	Human papillomavirus 2	7	0.0	0.0	0.0
SRR6825024__SRR6825024	SRR6825024	success	Human parainfluenza	10	0.0	0.0	0.0
SRR6825024__SRR6825024	SRR6825024	success	Human parvovirus B19	6	0.0	0.0	0.0
SRR6825024__SRR6825024	SRR6825024	success	Human respiratory syncytial virus	10	0.0	0.0	0.0
SRR6825024__SRR6825024	SRR6825024	success	Human rhinovirus	1	0.0	0.0	0.0
SRR6825024__SRR6825024	SRR6825024	success	Influenza A virus	12	0.0	0.0	0.0
SRR6825024__SRR6825024	SRR6825024	success	Influenza B virus	10	0.0	0.0	0.0
SRR6825024__SRR6825024	SRR6825024	success	Influenza C virus	7	0.0	0.0	0.0
SRR6825024__SRR6825024	SRR6825024	success	JC polyomavirus	6	0.0	0.0	0.0
SRR6825024__SRR6825024	SRR6825024	success	Japanese encephalitis virus	2	0.0	0.0	0.0
SRR6825024__SRR6825024	SRR6825024	success	KI Polyomavirus	5	0.0	0.0	0.0
SRR6825024__SRR6825024	SRR6825024	success	Lake Victoria marburgvirus	7	0.0	0.0	0.0
SRR6825024__SRR6825024	SRR6825024	success	Langat virus	1	0.0	0.0	0.0
SRR6825024__SRR6825024	SRR6825024	success	Lassa virus	4	0.0	0.0	0.0
SRR6825024__SRR6825024	SRR6825024	success	Louping ill virus	1	0.0	0.0	0.0
SRR6825024__SRR6825024	SRR6825024	success	Lymphocytic choriomeningitis virus	4	0.0	0.0	0.0
SRR6825024__SRR6825024	SRR6825024	success	MERS coronavirus	10	0.0	0.0	0.0
SRR6825024__SRR6825024	SRR6825024	success	Mayaro virus	4	0.0	0.0	0.0
SRR6825024__SRR6825024	SRR6825024	success	Measles virus	6	0.0	0.0	0.0
SRR6825024__SRR6825024	SRR6825024	success	Merkel cell polyomavirus	4	0.0	0.0	0.0
SRR6825024__SRR6825024	SRR6825024	success	Molluscum contagiosum virus	163	0.0	0.0	0.0
SRR6825024__SRR6825024	SRR6825024	success	Monkeypox virus	180	1.0	1.0	1.0
SRR6825024__SRR6825024	SRR6825024	success	Mumps virus	7	0.0	0.0	0.0
SRR6825024__SRR6825024	SRR6825024	success	Murray valley encephalitis virus	2	0.0	0.0	0.0
SRR6825024__SRR6825024	SRR6825024	success	Nipah virus	6	0.0	0.0	0.0
SRR6825024__SRR6825024	SRR6825024	success	Norwalk virus	3	0.0	0.0	0.0
SRR6825024__SRR6825024	SRR6825024	success	O'nyong-nyong virus	4	0.0	0.0	0.0
SRR6825024__SRR6825024	SRR6825024	success	Orf virus	130	0.0	0.0	0.0
SRR6825024__SRR6825024	SRR6825024	success	Oropouche virus	4	0.0	0.0	0.0
SRR6825024__SRR6825024	SRR6825024	success	Poliovirus	5	0.0	0.0	0.0
SRR6825024__SRR6825024	SRR6825024	success	Rabies virus	5	0.0	0.0	0.0
SRR6825024__SRR6825024	SRR6825024	success	Rosavirus A	1	0.0	0.0	0.0
SRR6825024__SRR6825024	SRR6825024	success	Ross river virus	4	0.0	0.0	0.0
SRR6825024__SRR6825024	SRR6825024	success	Rotavirus A	10	0.0	0.0	0.0
SRR6825024__SRR6825024	SRR6825024	success	Rotavirus B	11	0.0	0.0	0.0
SRR6825024__SRR6825024	SRR6825024	success	Rotavirus C	11	0.0	0.0	0.0
SRR6825024__SRR6825024	SRR6825024	success	Rubella virus	2	0.0	0.0	0.0
SRR6825024__SRR6825024	SRR6825024	success	Salivirus A	1	0.0	0.0	0.0
SRR6825024__SRR6825024	SRR6825024	success	Sapporo virus	2	0.0	0.0	0.0
SRR6825024__SRR6825024	SRR6825024	success	Semliki forest virus	3	0.0	0.0	0.0
SRR6825024__SRR6825024	SRR6825024	success	Seoul virus	3	0.0	0.0	0.0
SRR6825024__SRR6825024	SRR6825024	success	Sindbis virus	4	0.0	0.0	0.0
SRR6825024__SRR6825024	SRR6825024	success	St. louis encephalitis virus	1	0.0	0.0	0.0
SRR6825024__SRR6825024	SRR6825024	success	Tick-borne powassan virus	1	0.0	0.0	0.0
SRR6825024__SRR6825024	SRR6825024	success	Torque teno virus	3	0.0	0.0	0.0
SRR6825024__SRR6825024	SRR6825024	success	Toscana virus	4	0.0	0.0	0.0
SRR6825024__SRR6825024	SRR6825024	success	Vaccinia virus	223	0.0	0.0	0.0
SRR6825024__SRR6825024	SRR6825024	success	Varicella-zoster virus	73	0.0	0.0	0.0
SRR6825024__SRR6825024	SRR6825024	success	Variola virus	197	0.0	0.0	0.0
SRR6825024__SRR6825024	SRR6825024	success	Venezuelan equine encephalitis virus	4	0.0	0.0	0.0
SRR6825024__SRR6825024	SRR6825024	success	Vesicular stomatitis virus	5	6.0	6.0	6.0
SRR6825024__SRR6825024	SRR6825024	success	WU polyomavirus	5	0.0	0.0	0.0
SRR6825024__SRR6825024	SRR6825024	success	West Nile virus	1	0.0	0.0	0.0
SRR6825024__SRR6825024	SRR6825024	success	Western equine encephalitis virus	3	0.0	0.0	0.0
SRR6825024__SRR6825024	SRR6825024	success	Yaba-like disease virus	152	0.0	0.0	0.0
SRR6825024__SRR6825024	SRR6825024	success	Yellow fever virus	1	0.0	0.0	0.0
SRR6825024__SRR6825024	SRR6825024	success	Zika virus	1	0.0	0.0	0.0
SRR6825025__SRR6825025	SRR6825025	success	ADENO_AAV2gp01	1	0.0	0.0	0.0
SRR6825025__SRR6825025	SRR6825025	success	ADENO_AAV2gp02	1	0.0	0.0	0.0
SRR6825025__SRR6825025	SRR6825025	success	ADENO_AAV2gp03	1	0.0	0.0	0.0
SRR6825025__SRR6825025	SRR6825025	success	ADENO_AAV2gp04	1	0.0	0.0	0.0
SRR6825025__SRR6825025	SRR6825025	success	ADENO_AAV2gp05	1	0.0	0.0	0.0
SRR6825025__SRR6825025	SRR6825025	success	ADENO_AAV2gp06	1	0.0	0.0	0.0
SRR6825025__SRR6825025	SRR6825025	success	ADENO_AAV2gp07	1	0.0	0.0	0.0
SRR6825025__SRR6825025	SRR6825025	success	ADENO_AAV2gp08	1	0.0	0.0	0.0
SRR6825025__SRR6825025	SRR6825025	success	ADENO_AAV2gs01	1	0.0	0.0	0.0
SRR6825025__SRR6825025	SRR6825025	success	ADENO_AAV2gs02	1	0.0	0.0	0.0
SRR6825025__SRR6825025	SRR6825025	success	ADENO_AAV2gs03	1	0.0	0.0	0.0
SRR6825025__SRR6825025	SRR6825025	success	Aichi virus	1	0.0	0.0	0.0
SRR6825025__SRR6825025	SRR6825025	success	Australian Bat Lyssavirus	5	0.0	0.0	0.0
SRR6825025__SRR6825025	SRR6825025	success	BK polyomavirus	6	0.0	0.0	0.0
SRR6825025__SRR6825025	SRR6825025	success	Banna virus	11	0.0	0.0	0.0
SRR6825025__SRR6825025	SRR6825025	success	Barmah forest virus	4	0.0	0.0	0.0
SRR6825025__SRR6825025	SRR6825025	success	Bunyamwera virus	4	0.0	0.0	0.0
SRR6825025__SRR6825025	SRR6825025	success	Bunyavirus La Crosse	4	0.0	0.0	0.0
SRR6825025__SRR6825025	SRR6825025	success	Cercopithecine herpesvirus	75	0.0	1.0	1.0
SRR6825025__SRR6825025	SRR6825025	success	Chikungunya virus	2	0.0	0.0	0.0
SRR6825025__SRR6825025	SRR6825025	success	Cosavirus A	1	0.0	0.0	0.0
SRR6825025__SRR6825025	SRR6825025	success	Cowpox virus	233	0.0	0.0	0.0
SRR6825025__SRR6825025	SRR6825025	success	Coxsackievirus	1	0.0	0.0	0.0
SRR6825025__SRR6825025	SRR6825025	success	Crimean Congo hemorrhagic fever virus	3	0.0	0.0	0.0
SRR6825025__SRR6825025	SRR6825025	success	DENV_DV1_gp1	1	0.0	0.0	0.0
SRR6825025__SRR6825025	SRR6825025	success	DENV_unassigned_gene_1	1	0.0	0.0	0.0
SRR6825025__SRR6825025	SRR6825025	success	DENV_unassigned_gene_2	1	0.0	0.0	0.0
SRR6825025__SRR6825025	SRR6825025	success	DENV_unassigned_gene_3	1	0.0	0.0	0.0
SRR6825025__SRR6825025	SRR6825025	success	DENV_unassigned_gene_4	1	0.0	0.0	0.0
SRR6825025__SRR6825025	SRR6825025	success	Eastern_equine_encephalitis_virus	4	0.0	0.0	0.0
SRR6825025__SRR6825025	SRR6825025	success	Ebolavirus	7	0.0	0.0	0.0
SRR6825025__SRR6825025	SRR6825025	success	Echovirus	1	0.0	0.0	0.0
SRR6825025__SRR6825025	SRR6825025	success	Encephalomyocarditis virus	2	0.0	0.0	0.0
SRR6825025__SRR6825025	SRR6825025	success	Epstein-Barr virus	96	0.0	0.0	0.0
SRR6825025__SRR6825025	SRR6825025	success	European bat lyssavirus	5	0.0	0.0	0.0
SRR6825025__SRR6825025	SRR6825025	success	Human SARS coronavirus	13	0.0	0.0	0.0
SRR6825025__SRR6825025	SRR6825025	success	Human adenovirus	18	0.0	0.0	0.0
SRR6825025__SRR6825025	SRR6825025	success	Human astrovirus	2	0.0	0.0	0.0
SRR6825025__SRR6825025	SRR6825025	success	Human coronavirus	7	0.0	0.0	0.0
SRR6825025__SRR6825025	SRR6825025	success	Human cytomegalovirus	187	0.0	0.0	0.0
SRR6825025__SRR6825025	SRR6825025	success	Human enterovirus 68, 70	1	0.0	0.0	0.0
SRR6825025__SRR6825025	SRR6825025	success	Human herpesvirus 1	79	0.0	0.0	0.0
SRR6825025__SRR6825025	SRR6825025	success	Human herpesvirus 2	79	0.0	0.0	0.0
SRR6825025__SRR6825025	SRR6825025	success	Human herpesvirus 6	88	0.0	0.0	0.0
SRR6825025__SRR6825025	SRR6825025	success	Human herpesvirus 6b	97	3.0	3.0	3.0
SRR6825025__SRR6825025	SRR6825025	success	Human herpesvirus 7	86	0.0	0.0	0.0
SRR6825025__SRR6825025	SRR6825025	success	Human herpesvirus 8	98	0.0	0.0	0.0
SRR6825025__SRR6825025	SRR6825025	success	Human papillomavirus 1	7	0.0	0.0	0.0
SRR6825025__SRR6825025	SRR6825025	success	Human papillomavirus 16,18	8	0.0	0.0	0.0
SRR6825025__SRR6825025	SRR6825025	success	Human papillomavirus 2	7	0.0	0.0	0.0
SRR6825025__SRR6825025	SRR6825025	success	Human parainfluenza	10	0.0	0.0	0.0
SRR6825025__SRR6825025	SRR6825025	success	Human parvovirus B19	6	0.0	0.0	0.0
SRR6825025__SRR6825025	SRR6825025	success	Human respiratory syncytial virus	10	0.0	0.0	0.0
SRR6825025__SRR6825025	SRR6825025	success	Human rhinovirus	1	0.0	0.0	0.0
SRR6825025__SRR6825025	SRR6825025	success	Influenza A virus	12	0.0	0.0	0.0
SRR6825025__SRR6825025	SRR6825025	success	Influenza B virus	10	0.0	0.0	0.0
SRR6825025__SRR6825025	SRR6825025	success	Influenza C virus	7	0.0	0.0	0.0
SRR6825025__SRR6825025	SRR6825025	success	JC polyomavirus	6	0.0	0.0	0.0
SRR6825025__SRR6825025	SRR6825025	success	Japanese encephalitis virus	2	0.0	0.0	0.0
SRR6825025__SRR6825025	SRR6825025	success	KI Polyomavirus	5	0.0	0.0	0.0
SRR6825025__SRR6825025	SRR6825025	success	Lake Victoria marburgvirus	7	0.0	0.0	0.0
SRR6825025__SRR6825025	SRR6825025	success	Langat virus	1	0.0	0.0	0.0
SRR6825025__SRR6825025	SRR6825025	success	Lassa virus	4	0.0	0.0	0.0
SRR6825025__SRR6825025	SRR6825025	success	Louping ill virus	1	0.0	0.0	0.0
SRR6825025__SRR6825025	SRR6825025	success	Lymphocytic choriomeningitis virus	4	0.0	0.0	0.0
SRR6825025__SRR6825025	SRR6825025	success	MERS coronavirus	10	0.0	0.0	0.0
SRR6825025__SRR6825025	SRR6825025	success	Mayaro virus	4	0.0	0.0	0.0
SRR6825025__SRR6825025	SRR6825025	success	Measles virus	6	0.0	0.0	0.0
SRR6825025__SRR6825025	SRR6825025	success	Merkel cell polyomavirus	4	0.0	0.0	0.0
SRR6825025__SRR6825025	SRR6825025	success	Molluscum contagiosum virus	163	1.0	1.0	1.0
SRR6825025__SRR6825025	SRR6825025	success	Monkeypox virus	180	0.0	0.0	0.0
SRR6825025__SRR6825025	SRR6825025	success	Mumps virus	7	0.0	0.0	0.0
SRR6825025__SRR6825025	SRR6825025	success	Murray valley encephalitis virus	2	0.0	0.0	0.0
SRR6825025__SRR6825025	SRR6825025	success	Nipah virus	6	0.0	0.0	0.0
SRR6825025__SRR6825025	SRR6825025	success	Norwalk virus	3	0.0	0.0	0.0
SRR6825025__SRR6825025	SRR6825025	success	O'nyong-nyong virus	4	0.0	0.0	0.0
SRR6825025__SRR6825025	SRR6825025	success	Orf virus	130	0.0	0.0	0.0
SRR6825025__SRR6825025	SRR6825025	success	Oropouche virus	4	0.0	0.0	0.0
SRR6825025__SRR6825025	SRR6825025	success	Poliovirus	5	0.0	0.0	0.0
SRR6825025__SRR6825025	SRR6825025	success	Rabies virus	5	0.0	0.0	0.0
SRR6825025__SRR6825025	SRR6825025	success	Rosavirus A	1	0.0	0.0	0.0
SRR6825025__SRR6825025	SRR6825025	success	Ross river virus	4	0.0	0.0	0.0
SRR6825025__SRR6825025	SRR6825025	success	Rotavirus A	10	0.0	0.0	0.0
SRR6825025__SRR6825025	SRR6825025	success	Rotavirus B	11	0.0	0.0	0.0
SRR6825025__SRR6825025	SRR6825025	success	Rotavirus C	11	0.0	0.0	0.0
SRR6825025__SRR6825025	SRR6825025	success	Rubella virus	2	0.0	0.0	0.0
SRR6825025__SRR6825025	SRR6825025	success	Salivirus A	1	0.0	0.0	0.0
SRR6825025__SRR6825025	SRR6825025	success	Sapporo virus	2	0.0	0.0	0.0
SRR6825025__SRR6825025	SRR6825025	success	Semliki forest virus	3	0.0	0.0	0.0
SRR6825025__SRR6825025	SRR6825025	success	Seoul virus	3	0.0	0.0	0.0
SRR6825025__SRR6825025	SRR6825025	success	Sindbis virus	4	0.0	0.0	0.0
SRR6825025__SRR6825025	SRR6825025	success	St. louis encephalitis virus	1	0.0	0.0	0.0
SRR6825025__SRR6825025	SRR6825025	success	Tick-borne powassan virus	1	0.0	0.0	0.0
SRR6825025__SRR6825025	SRR6825025	success	Torque teno virus	3	0.0	0.0	0.0
SRR6825025__SRR6825025	SRR6825025	success	Toscana virus	4	0.0	0.0	0.0
SRR6825025__SRR6825025	SRR6825025	success	Vaccinia virus	223	0.0	0.0	0.0
SRR6825025__SRR6825025	SRR6825025	success	Varicella-zoster virus	73	0.0	0.0	0.0
SRR6825025__SRR6825025	SRR6825025	success	Variola virus	197	0.0	0.0	0.0
SRR6825025__SRR6825025	SRR6825025	success	Venezuelan equine encephalitis virus	4	0.0	0.0	0.0
SRR6825025__SRR6825025	SRR6825025	success	Vesicular stomatitis virus	5	0.0	0.0	0.0
SRR6825025__SRR6825025	SRR6825025	success	WU polyomavirus	5	0.0	0.0	0.0
SRR6825025__SRR6825025	SRR6825025	success	West Nile virus	1	0.0	0.0	0.0
SRR6825025__SRR6825025	SRR6825025	success	Western equine encephalitis virus	3	0.0	0.0	0.0
SRR6825025__SRR6825025	SRR6825025	success	Yaba-like disease virus	152	0.0	0.0	0.0
SRR6825025__SRR6825025	SRR6825025	success	Yellow fever virus	1	0.0	0.0	0.0
SRR6825025__SRR6825025	SRR6825025	success	Zika virus	1	0.0	0.0	0.0
WS_SKN_KCL10525738__S1__L001__WS	WS_SKN_KCL10525738_S1_L001	success	ADENO_AAV2gp01	1	0.0	0.0	0.0
WS_SKN_KCL10525738__S1__L001__WS	WS_SKN_KCL10525738_S1_L001	success	ADENO_AAV2gp02	1	0.0	0.0	0.0
WS_SKN_KCL10525738__S1__L001__WS	WS_SKN_KCL10525738_S1_L001	success	ADENO_AAV2gp03	1	0.0	0.0	0.0
WS_SKN_KCL10525738__S1__L001__WS	WS_SKN_KCL10525738_S1_L001	success	ADENO_AAV2gp04	1	0.0	0.0	0.0
WS_SKN_KCL10525738__S1__L001__WS	WS_SKN_KCL10525738_S1_L001	success	ADENO_AAV2gp05	1	0.0	0.0	0.0
WS_SKN_KCL10525738__S1__L001__WS	WS_SKN_KCL10525738_S1_L001	success	ADENO_AAV2gp06	1	0.0	0.0	0.0
WS_SKN_KCL10525738__S1__L001__WS	WS_SKN_KCL10525738_S1_L001	success	ADENO_AAV2gp07	1	0.0	0.0	0.0
WS_SKN_KCL10525738__S1__L001__WS	WS_SKN_KCL10525738_S1_L001	success	ADENO_AAV2gp08	1	0.0	0.0	0.0
WS_SKN_KCL10525738__S1__L001__WS	WS_SKN_KCL10525738_S1_L001	success	ADENO_AAV2gs01	1	0.0	0.0	0.0
WS_SKN_KCL10525738__S1__L001__WS	WS_SKN_KCL10525738_S1_L001	success	ADENO_AAV2gs02	1	0.0	0.0	0.0
WS_SKN_KCL10525738__S1__L001__WS	WS_SKN_KCL10525738_S1_L001	success	ADENO_AAV2gs03	1	0.0	0.0	0.0
WS_SKN_KCL10525738__S1__L001__WS	WS_SKN_KCL10525738_S1_L001	success	Aichi virus	1	0.0	0.0	0.0
WS_SKN_KCL10525738__S1__L001__WS	WS_SKN_KCL10525738_S1_L001	success	Australian Bat Lyssavirus	5	0.0	0.0	0.0
WS_SKN_KCL10525738__S1__L001__WS	WS_SKN_KCL10525738_S1_L001	success	BK polyomavirus	6	0.0	0.0	0.0
WS_SKN_KCL10525738__S1__L001__WS	WS_SKN_KCL10525738_S1_L001	success	Banna virus	11	0.0	0.0	0.0
WS_SKN_KCL10525738__S1__L001__WS	WS_SKN_KCL10525738_S1_L001	success	Barmah forest virus	4	0.0	0.0	0.0
WS_SKN_KCL10525738__S1__L001__WS	WS_SKN_KCL10525738_S1_L001	success	Bunyamwera virus	4	0.0	0.0	0.0
WS_SKN_KCL10525738__S1__L001__WS	WS_SKN_KCL10525738_S1_L001	success	Bunyavirus La Crosse	4	0.0	0.0	0.0
WS_SKN_KCL10525738__S1__L001__WS	WS_SKN_KCL10525738_S1_L001	success	Cercopithecine herpesvirus	75	0.0	0.1722049151955694	0.0
WS_SKN_KCL10525738__S1__L001__WS	WS_SKN_KCL10525738_S1_L001	success	Chikungunya virus	2	0.0	0.0	0.0
WS_SKN_KCL10525738__S1__L001__WS	WS_SKN_KCL10525738_S1_L001	success	Cosavirus A	1	0.0	0.0	0.0
WS_SKN_KCL10525738__S1__L001__WS	WS_SKN_KCL10525738_S1_L001	success	Cowpox virus	233	0.0	0.07692307692307693	0.0
WS_SKN_KCL10525738__S1__L001__WS	WS_SKN_KCL10525738_S1_L001	success	Coxsackievirus	1	0.0	0.0	0.0
WS_SKN_KCL10525738__S1__L001__WS	WS_SKN_KCL10525738_S1_L001	success	Crimean Congo hemorrhagic fever virus	3	0.0	0.0	0.0
WS_SKN_KCL10525738__S1__L001__WS	WS_SKN_KCL10525738_S1_L001	success	DENV_DV1_gp1	1	0.0	0.0	0.0
WS_SKN_KCL10525738__S1__L001__WS	WS_SKN_KCL10525738_S1_L001	success	DENV_unassigned_gene_1	1	0.0	0.0	0.0
WS_SKN_KCL10525738__S1__L001__WS	WS_SKN_KCL10525738_S1_L001	success	DENV_unassigned_gene_2	1	0.0	0.0	0.0
WS_SKN_KCL10525738__S1__L001__WS	WS_SKN_KCL10525738_S1_L001	success	DENV_unassigned_gene_3	1	0.0	0.0	0.0
WS_SKN_KCL10525738__S1__L001__WS	WS_SKN_KCL10525738_S1_L001	success	DENV_unassigned_gene_4	1	0.0	0.0	0.0
WS_SKN_KCL10525738__S1__L001__WS	WS_SKN_KCL10525738_S1_L001	success	Eastern_equine_encephalitis_virus	4	0.0	0.0	0.0
WS_SKN_KCL10525738__S1__L001__WS	WS_SKN_KCL10525738_S1_L001	success	Ebolavirus	7	0.0	0.0	0.0
WS_SKN_KCL10525738__S1__L001__WS	WS_SKN_KCL10525738_S1_L001	success	Echovirus	1	0.0	0.0	0.0
WS_SKN_KCL10525738__S1__L001__WS	WS_SKN_KCL10525738_S1_L001	success	Encephalomyocarditis virus	2	0.0	0.0	0.0
WS_SKN_KCL10525738__S1__L001__WS	WS_SKN_KCL10525738_S1_L001	success	Epstein-Barr virus	96	0.0	0.0	0.0
WS_SKN_KCL10525738__S1__L001__WS	WS_SKN_KCL10525738_S1_L001	success	European bat lyssavirus	5	0.0	0.0	0.0
WS_SKN_KCL10525738__S1__L001__WS	WS_SKN_KCL10525738_S1_L001	success	Human SARS coronavirus	13	0.0	0.0	0.0
WS_SKN_KCL10525738__S1__L001__WS	WS_SKN_KCL10525738_S1_L001	success	Human adenovirus	18	0.0	0.0	0.0
WS_SKN_KCL10525738__S1__L001__WS	WS_SKN_KCL10525738_S1_L001	success	Human astrovirus	2	0.0	0.0	0.0
WS_SKN_KCL10525738__S1__L001__WS	WS_SKN_KCL10525738_S1_L001	success	Human coronavirus	7	0.0	0.0	0.0
WS_SKN_KCL10525738__S1__L001__WS	WS_SKN_KCL10525738_S1_L001	success	Human cytomegalovirus	187	0.0	0.0	0.0
WS_SKN_KCL10525738__S1__L001__WS	WS_SKN_KCL10525738_S1_L001	success	Human enterovirus 68, 70	1	0.0	0.0	0.0
WS_SKN_KCL10525738__S1__L001__WS	WS_SKN_KCL10525738_S1_L001	success	Human herpesvirus 1	79	0.0	0.0	0.0
WS_SKN_KCL10525738__S1__L001__WS	WS_SKN_KCL10525738_S1_L001	success	Human herpesvirus 2	79	0.0	0.0	0.0
WS_SKN_KCL10525738__S1__L001__WS	WS_SKN_KCL10525738_S1_L001	success	Human herpesvirus 6	88	0.0	0.0	0.0
WS_SKN_KCL10525738__S1__L001__WS	WS_SKN_KCL10525738_S1_L001	success	Human herpesvirus 6b	97	0.0	0.0	0.0
WS_SKN_KCL10525738__S1__L001__WS	WS_SKN_KCL10525738_S1_L001	success	Human herpesvirus 7	86	0.0	0.0	0.0
WS_SKN_KCL10525738__S1__L001__WS	WS_SKN_KCL10525738_S1_L001	success	Human herpesvirus 8	98	0.0	0.0	0.0
WS_SKN_KCL10525738__S1__L001__WS	WS_SKN_KCL10525738_S1_L001	success	Human papillomavirus 1	7	0.0	0.0	0.0
WS_SKN_KCL10525738__S1__L001__WS	WS_SKN_KCL10525738_S1_L001	success	Human papillomavirus 16,18	8	0.0	0.0	0.0
WS_SKN_KCL10525738__S1__L001__WS	WS_SKN_KCL10525738_S1_L001	success	Human papillomavirus 2	7	0.0	0.0	0.0
WS_SKN_KCL10525738__S1__L001__WS	WS_SKN_KCL10525738_S1_L001	success	Human parainfluenza	10	0.0	0.0	0.0
WS_SKN_KCL10525738__S1__L001__WS	WS_SKN_KCL10525738_S1_L001	success	Human parvovirus B19	6	0.0	0.0	0.0
WS_SKN_KCL10525738__S1__L001__WS	WS_SKN_KCL10525738_S1_L001	success	Human respiratory syncytial virus	10	0.0	0.0	0.0
WS_SKN_KCL10525738__S1__L001__WS	WS_SKN_KCL10525738_S1_L001	success	Human rhinovirus	1	0.0	0.0	0.0
WS_SKN_KCL10525738__S1__L001__WS	WS_SKN_KCL10525738_S1_L001	success	Influenza A virus	12	0.0	0.0	0.0
WS_SKN_KCL10525738__S1__L001__WS	WS_SKN_KCL10525738_S1_L001	success	Influenza B virus	10	0.0	0.0	0.0
WS_SKN_KCL10525738__S1__L001__WS	WS_SKN_KCL10525738_S1_L001	success	Influenza C virus	7	0.0	0.0	0.0
WS_SKN_KCL10525738__S1__L001__WS	WS_SKN_KCL10525738_S1_L001	success	JC polyomavirus	6	0.0	0.0	0.0
WS_SKN_KCL10525738__S1__L001__WS	WS_SKN_KCL10525738_S1_L001	success	Japanese encephalitis virus	2	0.0	0.0	0.0
WS_SKN_KCL10525738__S1__L001__WS	WS_SKN_KCL10525738_S1_L001	success	KI Polyomavirus	5	0.0	0.0	0.0
WS_SKN_KCL10525738__S1__L001__WS	WS_SKN_KCL10525738_S1_L001	success	Lake Victoria marburgvirus	7	0.0	0.0	0.0
WS_SKN_KCL10525738__S1__L001__WS	WS_SKN_KCL10525738_S1_L001	success	Langat virus	1	0.0	0.0	0.0
WS_SKN_KCL10525738__S1__L001__WS	WS_SKN_KCL10525738_S1_L001	success	Lassa virus	4	0.0	0.0	0.0
WS_SKN_KCL10525738__S1__L001__WS	WS_SKN_KCL10525738_S1_L001	success	Louping ill virus	1	0.0	0.0	0.0
WS_SKN_KCL10525738__S1__L001__WS	WS_SKN_KCL10525738_S1_L001	success	Lymphocytic choriomeningitis virus	4	0.0	0.0	0.0
WS_SKN_KCL10525738__S1__L001__WS	WS_SKN_KCL10525738_S1_L001	success	MERS coronavirus	10	0.0	0.0	0.0
WS_SKN_KCL10525738__S1__L001__WS	WS_SKN_KCL10525738_S1_L001	success	Mayaro virus	4	0.0	0.0	0.0
WS_SKN_KCL10525738__S1__L001__WS	WS_SKN_KCL10525738_S1_L001	success	Measles virus	6	0.0	0.0	0.0
WS_SKN_KCL10525738__S1__L001__WS	WS_SKN_KCL10525738_S1_L001	success	Merkel cell polyomavirus	4	0.0	0.0	0.0
WS_SKN_KCL10525738__S1__L001__WS	WS_SKN_KCL10525738_S1_L001	success	Molluscum contagiosum virus	163	0.0	0.0	0.0
WS_SKN_KCL10525738__S1__L001__WS	WS_SKN_KCL10525738_S1_L001	success	Monkeypox virus	180	0.0	0.07692307692307693	0.0
WS_SKN_KCL10525738__S1__L001__WS	WS_SKN_KCL10525738_S1_L001	success	Mumps virus	7	0.0	0.0	0.0
WS_SKN_KCL10525738__S1__L001__WS	WS_SKN_KCL10525738_S1_L001	success	Murray valley encephalitis virus	2	0.0	0.0	0.0
WS_SKN_KCL10525738__S1__L001__WS	WS_SKN_KCL10525738_S1_L001	success	Nipah virus	6	0.0	0.0	0.0
WS_SKN_KCL10525738__S1__L001__WS	WS_SKN_KCL10525738_S1_L001	success	Norwalk virus	3	0.0	0.0	0.0
WS_SKN_KCL10525738__S1__L001__WS	WS_SKN_KCL10525738_S1_L001	success	O'nyong-nyong virus	4	0.0	0.0	0.0
WS_SKN_KCL10525738__S1__L001__WS	WS_SKN_KCL10525738_S1_L001	success	Orf virus	130	0.0	0.0	0.0
WS_SKN_KCL10525738__S1__L001__WS	WS_SKN_KCL10525738_S1_L001	success	Oropouche virus	4	0.0	0.0	0.0
WS_SKN_KCL10525738__S1__L001__WS	WS_SKN_KCL10525738_S1_L001	success	Poliovirus	5	0.0	0.0	0.0
WS_SKN_KCL10525738__S1__L001__WS	WS_SKN_KCL10525738_S1_L001	success	Rabies virus	5	0.0	0.0	0.0
WS_SKN_KCL10525738__S1__L001__WS	WS_SKN_KCL10525738_S1_L001	success	Rosavirus A	1	0.0	0.0	0.0
WS_SKN_KCL10525738__S1__L001__WS	WS_SKN_KCL10525738_S1_L001	success	Ross river virus	4	0.0	0.0	0.0
WS_SKN_KCL10525738__S1__L001__WS	WS_SKN_KCL10525738_S1_L001	success	Rotavirus A	10	0.0	0.0	0.0
WS_SKN_KCL10525738__S1__L001__WS	WS_SKN_KCL10525738_S1_L001	success	Rotavirus B	11	0.0	0.0	0.0
WS_SKN_KCL10525738__S1__L001__WS	WS_SKN_KCL10525738_S1_L001	success	Rotavirus C	11	0.0	0.0	0.0
WS_SKN_KCL10525738__S1__L001__WS	WS_SKN_KCL10525738_S1_L001	success	Rubella virus	2	0.0	0.0	0.0
WS_SKN_KCL10525738__S1__L001__WS	WS_SKN_KCL10525738_S1_L001	success	Salivirus A	1	0.0	0.0	0.0
WS_SKN_KCL10525738__S1__L001__WS	WS_SKN_KCL10525738_S1_L001	success	Sapporo virus	2	0.0	0.0	0.0
WS_SKN_KCL10525738__S1__L001__WS	WS_SKN_KCL10525738_S1_L001	success	Semliki forest virus	3	0.0	0.0	0.0
WS_SKN_KCL10525738__S1__L001__WS	WS_SKN_KCL10525738_S1_L001	success	Seoul virus	3	0.0	0.0	0.0
WS_SKN_KCL10525738__S1__L001__WS	WS_SKN_KCL10525738_S1_L001	success	Sindbis virus	4	0.0	0.0	0.0
WS_SKN_KCL10525738__S1__L001__WS	WS_SKN_KCL10525738_S1_L001	success	St. louis encephalitis virus	1	0.0	0.0	0.0
WS_SKN_KCL10525738__S1__L001__WS	WS_SKN_KCL10525738_S1_L001	success	Tick-borne powassan virus	1	0.0	0.0	0.0
WS_SKN_KCL10525738__S1__L001__WS	WS_SKN_KCL10525738_S1_L001	success	Torque teno virus	3	0.0	0.0	0.0
WS_SKN_KCL10525738__S1__L001__WS	WS_SKN_KCL10525738_S1_L001	success	Toscana virus	4	0.0	0.0	0.0
WS_SKN_KCL10525738__S1__L001__WS	WS_SKN_KCL10525738_S1_L001	success	Vaccinia virus	223	0.0	0.0	0.0
WS_SKN_KCL10525738__S1__L001__WS	WS_SKN_KCL10525738_S1_L001	success	Varicella-zoster virus	73	0.0	0.0	0.0
WS_SKN_KCL10525738__S1__L001__WS	WS_SKN_KCL10525738_S1_L001	success	Variola virus	197	0.0	0.0	0.0
WS_SKN_KCL10525738__S1__L001__WS	WS_SKN_KCL10525738_S1_L001	success	Venezuelan equine encephalitis virus	4	0.0	0.0	0.0
WS_SKN_KCL10525738__S1__L001__WS	WS_SKN_KCL10525738_S1_L001	success	Vesicular stomatitis virus	5	0.0	0.0	0.0
WS_SKN_KCL10525738__S1__L001__WS	WS_SKN_KCL10525738_S1_L001	success	WU polyomavirus	5	0.0	0.0	0.0
WS_SKN_KCL10525738__S1__L001__WS	WS_SKN_KCL10525738_S1_L001	success	West Nile virus	1	0.0	0.0	0.0
WS_SKN_KCL10525738__S1__L001__WS	WS_SKN_KCL10525738_S1_L001	success	Western equine encephalitis virus	3	0.0	0.0	0.0
WS_SKN_KCL10525738__S1__L001__WS	WS_SKN_KCL10525738_S1_L001	success	Yaba-like disease virus	152	0.0	0.0	0.0
WS_SKN_KCL10525738__S1__L001__WS	WS_SKN_KCL10525738_S1_L001	success	Yellow fever virus	1	0.0	0.0	0.0
WS_SKN_KCL10525738__S1__L001__WS	WS_SKN_KCL10525738_S1_L001	success	Zika virus	1	0.0	0.0	0.0
WS_SKN_KCL10525738__S1__L002__WS	WS_SKN_KCL10525738_S1_L002	success	ADENO_AAV2gp01	1	0.0	0.0	0.0
WS_SKN_KCL10525738__S1__L002__WS	WS_SKN_KCL10525738_S1_L002	success	ADENO_AAV2gp02	1	0.0	0.0	0.0
WS_SKN_KCL10525738__S1__L002__WS	WS_SKN_KCL10525738_S1_L002	success	ADENO_AAV2gp03	1	0.0	0.0	0.0
WS_SKN_KCL10525738__S1__L002__WS	WS_SKN_KCL10525738_S1_L002	success	ADENO_AAV2gp04	1	0.0	0.0	0.0
WS_SKN_KCL10525738__S1__L002__WS	WS_SKN_KCL10525738_S1_L002	success	ADENO_AAV2gp05	1	0.0	0.0	0.0
WS_SKN_KCL10525738__S1__L002__WS	WS_SKN_KCL10525738_S1_L002	success	ADENO_AAV2gp06	1	0.0	0.0	0.0
WS_SKN_KCL10525738__S1__L002__WS	WS_SKN_KCL10525738_S1_L002	success	ADENO_AAV2gp07	1	0.0	0.0	0.0
WS_SKN_KCL10525738__S1__L002__WS	WS_SKN_KCL10525738_S1_L002	success	ADENO_AAV2gp08	1	0.0	0.0	0.0
WS_SKN_KCL10525738__S1__L002__WS	WS_SKN_KCL10525738_S1_L002	success	ADENO_AAV2gs01	1	0.0	0.0	0.0
WS_SKN_KCL10525738__S1__L002__WS	WS_SKN_KCL10525738_S1_L002	success	ADENO_AAV2gs02	1	0.0	0.0	0.0
WS_SKN_KCL10525738__S1__L002__WS	WS_SKN_KCL10525738_S1_L002	success	ADENO_AAV2gs03	1	0.0	0.0	0.0
WS_SKN_KCL10525738__S1__L002__WS	WS_SKN_KCL10525738_S1_L002	success	Aichi virus	1	0.0	0.0	0.0
WS_SKN_KCL10525738__S1__L002__WS	WS_SKN_KCL10525738_S1_L002	success	Australian Bat Lyssavirus	5	0.0	0.0	0.0
WS_SKN_KCL10525738__S1__L002__WS	WS_SKN_KCL10525738_S1_L002	success	BK polyomavirus	6	0.0	0.0	0.0
WS_SKN_KCL10525738__S1__L002__WS	WS_SKN_KCL10525738_S1_L002	success	Banna virus	11	0.0	0.0	0.0
WS_SKN_KCL10525738__S1__L002__WS	WS_SKN_KCL10525738_S1_L002	success	Barmah forest virus	4	0.0	0.0	0.0
WS_SKN_KCL10525738__S1__L002__WS	WS_SKN_KCL10525738_S1_L002	success	Bunyamwera virus	4	0.0	0.0	0.0
WS_SKN_KCL10525738__S1__L002__WS	WS_SKN_KCL10525738_S1_L002	success	Bunyavirus La Crosse	4	0.0	0.0	0.0
WS_SKN_KCL10525738__S1__L002__WS	WS_SKN_KCL10525738_S1_L002	success	Cercopithecine herpesvirus	75	0.0	1.0700934579439256	1.0
WS_SKN_KCL10525738__S1__L002__WS	WS_SKN_KCL10525738_S1_L002	success	Chikungunya virus	2	0.0	0.0	0.0
WS_SKN_KCL10525738__S1__L002__WS	WS_SKN_KCL10525738_S1_L002	success	Cosavirus A	1	0.0	0.0	0.0
WS_SKN_KCL10525738__S1__L002__WS	WS_SKN_KCL10525738_S1_L002	success	Cowpox virus	233	0.0	0.15384615384615385	0.0
WS_SKN_KCL10525738__S1__L002__WS	WS_SKN_KCL10525738_S1_L002	success	Coxsackievirus	1	0.0	0.0	0.0
WS_SKN_KCL10525738__S1__L002__WS	WS_SKN_KCL10525738_S1_L002	success	Crimean Congo hemorrhagic fever virus	3	0.0	0.0	0.0
WS_SKN_KCL10525738__S1__L002__WS	WS_SKN_KCL10525738_S1_L002	success	DENV_DV1_gp1	1	0.0	0.0	0.0
WS_SKN_KCL10525738__S1__L002__WS	WS_SKN_KCL10525738_S1_L002	success	DENV_unassigned_gene_1	1	0.0	0.0	0.0
WS_SKN_KCL10525738__S1__L002__WS	WS_SKN_KCL10525738_S1_L002	success	DENV_unassigned_gene_2	1	0.0	0.0	0.0
WS_SKN_KCL10525738__S1__L002__WS	WS_SKN_KCL10525738_S1_L002	success	DENV_unassigned_gene_3	1	0.0	0.0	0.0
WS_SKN_KCL10525738__S1__L002__WS	WS_SKN_KCL10525738_S1_L002	success	DENV_unassigned_gene_4	1	0.0	0.0	0.0
WS_SKN_KCL10525738__S1__L002__WS	WS_SKN_KCL10525738_S1_L002	success	Eastern_equine_encephalitis_virus	4	0.0	0.0	0.0
WS_SKN_KCL10525738__S1__L002__WS	WS_SKN_KCL10525738_S1_L002	success	Ebolavirus	7	0.0	0.0	0.0
WS_SKN_KCL10525738__S1__L002__WS	WS_SKN_KCL10525738_S1_L002	success	Echovirus	1	0.0	0.0	0.0
WS_SKN_KCL10525738__S1__L002__WS	WS_SKN_KCL10525738_S1_L002	success	Encephalomyocarditis virus	2	0.0	0.0	0.0
WS_SKN_KCL10525738__S1__L002__WS	WS_SKN_KCL10525738_S1_L002	success	Epstein-Barr virus	96	1.0	2.0	2.0
WS_SKN_KCL10525738__S1__L002__WS	WS_SKN_KCL10525738_S1_L002	success	European bat lyssavirus	5	0.0	0.0	0.0
WS_SKN_KCL10525738__S1__L002__WS	WS_SKN_KCL10525738_S1_L002	success	Human SARS coronavirus	13	0.0	0.0	0.0
WS_SKN_KCL10525738__S1__L002__WS	WS_SKN_KCL10525738_S1_L002	success	Human adenovirus	18	0.0	0.0	0.0
WS_SKN_KCL10525738__S1__L002__WS	WS_SKN_KCL10525738_S1_L002	success	Human astrovirus	2	0.0	0.0	0.0
WS_SKN_KCL10525738__S1__L002__WS	WS_SKN_KCL10525738_S1_L002	success	Human coronavirus	7	0.0	0.0	0.0
WS_SKN_KCL10525738__S1__L002__WS	WS_SKN_KCL10525738_S1_L002	success	Human cytomegalovirus	187	0.0	0.0	0.0
WS_SKN_KCL10525738__S1__L002__WS	WS_SKN_KCL10525738_S1_L002	success	Human enterovirus 68, 70	1	0.0	0.0	0.0
WS_SKN_KCL10525738__S1__L002__WS	WS_SKN_KCL10525738_S1_L002	success	Human herpesvirus 1	79	0.0	0.0	0.0
WS_SKN_KCL10525738__S1__L002__WS	WS_SKN_KCL10525738_S1_L002	success	Human herpesvirus 2	79	0.0	0.0	0.0
WS_SKN_KCL10525738__S1__L002__WS	WS_SKN_KCL10525738_S1_L002	success	Human herpesvirus 6	88	0.0	0.0	0.0
WS_SKN_KCL10525738__S1__L002__WS	WS_SKN_KCL10525738_S1_L002	success	Human herpesvirus 6b	97	0.0	0.0	0.0
WS_SKN_KCL10525738__S1__L002__WS	WS_SKN_KCL10525738_S1_L002	success	Human herpesvirus 7	86	0.0	0.0	0.0
WS_SKN_KCL10525738__S1__L002__WS	WS_SKN_KCL10525738_S1_L002	success	Human herpesvirus 8	98	0.0	0.0	0.0
WS_SKN_KCL10525738__S1__L002__WS	WS_SKN_KCL10525738_S1_L002	success	Human papillomavirus 1	7	0.0	0.0	0.0
WS_SKN_KCL10525738__S1__L002__WS	WS_SKN_KCL10525738_S1_L002	success	Human papillomavirus 16,18	8	0.0	0.0	0.0
WS_SKN_KCL10525738__S1__L002__WS	WS_SKN_KCL10525738_S1_L002	success	Human papillomavirus 2	7	0.0	0.0	0.0
WS_SKN_KCL10525738__S1__L002__WS	WS_SKN_KCL10525738_S1_L002	success	Human parainfluenza	10	0.0	0.0	0.0
WS_SKN_KCL10525738__S1__L002__WS	WS_SKN_KCL10525738_S1_L002	success	Human parvovirus B19	6	0.0	0.0	0.0
WS_SKN_KCL10525738__S1__L002__WS	WS_SKN_KCL10525738_S1_L002	success	Human respiratory syncytial virus	10	0.0	0.0	0.0
WS_SKN_KCL10525738__S1__L002__WS	WS_SKN_KCL10525738_S1_L002	success	Human rhinovirus	1	0.0	0.0	0.0
WS_SKN_KCL10525738__S1__L002__WS	WS_SKN_KCL10525738_S1_L002	success	Influenza A virus	12	0.0	0.0	0.0
WS_SKN_KCL10525738__S1__L002__WS	WS_SKN_KCL10525738_S1_L002	success	Influenza B virus	10	0.0	0.0	0.0
WS_SKN_KCL10525738__S1__L002__WS	WS_SKN_KCL10525738_S1_L002	success	Influenza C virus	7	0.0	0.0	0.0
WS_SKN_KCL10525738__S1__L002__WS	WS_SKN_KCL10525738_S1_L002	success	JC polyomavirus	6	0.0	0.0	0.0
WS_SKN_KCL10525738__S1__L002__WS	WS_SKN_KCL10525738_S1_L002	success	Japanese encephalitis virus	2	0.0	0.0	0.0
WS_SKN_KCL10525738__S1__L002__WS	WS_SKN_KCL10525738_S1_L002	success	KI Polyomavirus	5	0.0	0.0	0.0
WS_SKN_KCL10525738__S1__L002__WS	WS_SKN_KCL10525738_S1_L002	success	Lake Victoria marburgvirus	7	0.0	0.0	0.0
WS_SKN_KCL10525738__S1__L002__WS	WS_SKN_KCL10525738_S1_L002	success	Langat virus	1	0.0	0.0	0.0
WS_SKN_KCL10525738__S1__L002__WS	WS_SKN_KCL10525738_S1_L002	success	Lassa virus	4	0.0	0.0	0.0
WS_SKN_KCL10525738__S1__L002__WS	WS_SKN_KCL10525738_S1_L002	success	Louping ill virus	1	0.0	0.0	0.0
WS_SKN_KCL10525738__S1__L002__WS	WS_SKN_KCL10525738_S1_L002	success	Lymphocytic choriomeningitis virus	4	0.0	0.0	0.0
WS_SKN_KCL10525738__S1__L002__WS	WS_SKN_KCL10525738_S1_L002	success	MERS coronavirus	10	0.0	0.0	0.0
WS_SKN_KCL10525738__S1__L002__WS	WS_SKN_KCL10525738_S1_L002	success	Mayaro virus	4	0.0	0.0	0.0
WS_SKN_KCL10525738__S1__L002__WS	WS_SKN_KCL10525738_S1_L002	success	Measles virus	6	0.0	0.0	0.0
WS_SKN_KCL10525738__S1__L002__WS	WS_SKN_KCL10525738_S1_L002	success	Merkel cell polyomavirus	4	0.0	0.0	0.0
WS_SKN_KCL10525738__S1__L002__WS	WS_SKN_KCL10525738_S1_L002	success	Molluscum contagiosum virus	163	0.0	0.0	0.0
WS_SKN_KCL10525738__S1__L002__WS	WS_SKN_KCL10525738_S1_L002	success	Monkeypox virus	180	0.0	0.15384615384615385	0.0
WS_SKN_KCL10525738__S1__L002__WS	WS_SKN_KCL10525738_S1_L002	success	Mumps virus	7	0.0	0.0	0.0
WS_SKN_KCL10525738__S1__L002__WS	WS_SKN_KCL10525738_S1_L002	success	Murray valley encephalitis virus	2	0.0	0.0	0.0
WS_SKN_KCL10525738__S1__L002__WS	WS_SKN_KCL10525738_S1_L002	success	Nipah virus	6	0.0	0.0	0.0
WS_SKN_KCL10525738__S1__L002__WS	WS_SKN_KCL10525738_S1_L002	success	Norwalk virus	3	0.0	0.0	0.0
WS_SKN_KCL10525738__S1__L002__WS	WS_SKN_KCL10525738_S1_L002	success	O'nyong-nyong virus	4	0.0	0.0	0.0
WS_SKN_KCL10525738__S1__L002__WS	WS_SKN_KCL10525738_S1_L002	success	Orf virus	130	0.0	0.0	0.0
WS_SKN_KCL10525738__S1__L002__WS	WS_SKN_KCL10525738_S1_L002	success	Oropouche virus	4	0.0	0.0	0.0
WS_SKN_KCL10525738__S1__L002__WS	WS_SKN_KCL10525738_S1_L002	success	Poliovirus	5	0.0	0.0	0.0
WS_SKN_KCL10525738__S1__L002__WS	WS_SKN_KCL10525738_S1_L002	success	Rabies virus	5	0.0	0.0	0.0
WS_SKN_KCL10525738__S1__L002__WS	WS_SKN_KCL10525738_S1_L002	success	Rosavirus A	1	0.0	0.0	0.0
WS_SKN_KCL10525738__S1__L002__WS	WS_SKN_KCL10525738_S1_L002	success	Ross river virus	4	0.0	0.0	0.0
WS_SKN_KCL10525738__S1__L002__WS	WS_SKN_KCL10525738_S1_L002	success	Rotavirus A	10	0.0	0.0	0.0
WS_SKN_KCL10525738__S1__L002__WS	WS_SKN_KCL10525738_S1_L002	success	Rotavirus B	11	0.0	0.0	0.0
WS_SKN_KCL10525738__S1__L002__WS	WS_SKN_KCL10525738_S1_L002	success	Rotavirus C	11	0.0	0.0	0.0
WS_SKN_KCL10525738__S1__L002__WS	WS_SKN_KCL10525738_S1_L002	success	Rubella virus	2	0.0	0.0	0.0
WS_SKN_KCL10525738__S1__L002__WS	WS_SKN_KCL10525738_S1_L002	success	Salivirus A	1	0.0	0.0	0.0
WS_SKN_KCL10525738__S1__L002__WS	WS_SKN_KCL10525738_S1_L002	success	Sapporo virus	2	0.0	0.0	0.0
WS_SKN_KCL10525738__S1__L002__WS	WS_SKN_KCL10525738_S1_L002	success	Semliki forest virus	3	0.0	0.0	0.0
WS_SKN_KCL10525738__S1__L002__WS	WS_SKN_KCL10525738_S1_L002	success	Seoul virus	3	0.0	0.0	0.0
WS_SKN_KCL10525738__S1__L002__WS	WS_SKN_KCL10525738_S1_L002	success	Sindbis virus	4	0.0	0.0	0.0
WS_SKN_KCL10525738__S1__L002__WS	WS_SKN_KCL10525738_S1_L002	success	St. louis encephalitis virus	1	0.0	0.0	0.0
WS_SKN_KCL10525738__S1__L002__WS	WS_SKN_KCL10525738_S1_L002	success	Tick-borne powassan virus	1	0.0	0.0	0.0
WS_SKN_KCL10525738__S1__L002__WS	WS_SKN_KCL10525738_S1_L002	success	Torque teno virus	3	0.0	0.0	0.0
WS_SKN_KCL10525738__S1__L002__WS	WS_SKN_KCL10525738_S1_L002	success	Toscana virus	4	0.0	0.0	0.0
WS_SKN_KCL10525738__S1__L002__WS	WS_SKN_KCL10525738_S1_L002	success	Vaccinia virus	223	0.0	0.0	0.0
WS_SKN_KCL10525738__S1__L002__WS	WS_SKN_KCL10525738_S1_L002	success	Varicella-zoster virus	73	0.0	0.0	0.0
WS_SKN_KCL10525738__S1__L002__WS	WS_SKN_KCL10525738_S1_L002	success	Variola virus	197	0.0	0.0	0.0
WS_SKN_KCL10525738__S1__L002__WS	WS_SKN_KCL10525738_S1_L002	success	Venezuelan equine encephalitis virus	4	0.0	0.0	0.0
WS_SKN_KCL10525738__S1__L002__WS	WS_SKN_KCL10525738_S1_L002	success	Vesicular stomatitis virus	5	0.0	0.0	0.0
WS_SKN_KCL10525738__S1__L002__WS	WS_SKN_KCL10525738_S1_L002	success	WU polyomavirus	5	0.0	0.0	0.0
WS_SKN_KCL10525738__S1__L002__WS	WS_SKN_KCL10525738_S1_L002	success	West Nile virus	1	0.0	0.0	0.0
WS_SKN_KCL10525738__S1__L002__WS	WS_SKN_KCL10525738_S1_L002	success	Western equine encephalitis virus	3	0.0	0.0	0.0
WS_SKN_KCL10525738__S1__L002__WS	WS_SKN_KCL10525738_S1_L002	success	Yaba-like disease virus	152	0.0	0.0	0.0
WS_SKN_KCL10525738__S1__L002__WS	WS_SKN_KCL10525738_S1_L002	success	Yellow fever virus	1	0.0	0.0	0.0
WS_SKN_KCL10525738__S1__L002__WS	WS_SKN_KCL10525738_S1_L002	success	Zika virus	1	0.0	0.0	0.0
WS_SKN_KCL10525738__S2__L001__WS	WS_SKN_KCL10525738_S2_L001	success	ADENO_AAV2gp01	1	0.0	0.0	0.0
WS_SKN_KCL10525738__S2__L001__WS	WS_SKN_KCL10525738_S2_L001	success	ADENO_AAV2gp02	1	0.0	0.0	0.0
WS_SKN_KCL10525738__S2__L001__WS	WS_SKN_KCL10525738_S2_L001	success	ADENO_AAV2gp03	1	0.0	0.0	0.0
WS_SKN_KCL10525738__S2__L001__WS	WS_SKN_KCL10525738_S2_L001	success	ADENO_AAV2gp04	1	0.0	0.0	0.0
WS_SKN_KCL10525738__S2__L001__WS	WS_SKN_KCL10525738_S2_L001	success	ADENO_AAV2gp05	1	0.0	0.0	0.0
WS_SKN_KCL10525738__S2__L001__WS	WS_SKN_KCL10525738_S2_L001	success	ADENO_AAV2gp06	1	0.0	0.0	0.0
WS_SKN_KCL10525738__S2__L001__WS	WS_SKN_KCL10525738_S2_L001	success	ADENO_AAV2gp07	1	0.0	0.0	0.0
WS_SKN_KCL10525738__S2__L001__WS	WS_SKN_KCL10525738_S2_L001	success	ADENO_AAV2gp08	1	0.0	0.0	0.0
WS_SKN_KCL10525738__S2__L001__WS	WS_SKN_KCL10525738_S2_L001	success	ADENO_AAV2gs01	1	0.0	0.0	0.0
WS_SKN_KCL10525738__S2__L001__WS	WS_SKN_KCL10525738_S2_L001	success	ADENO_AAV2gs02	1	0.0	0.0	0.0
WS_SKN_KCL10525738__S2__L001__WS	WS_SKN_KCL10525738_S2_L001	success	ADENO_AAV2gs03	1	0.0	0.0	0.0
WS_SKN_KCL10525738__S2__L001__WS	WS_SKN_KCL10525738_S2_L001	success	Aichi virus	1	0.0	0.0	0.0
WS_SKN_KCL10525738__S2__L001__WS	WS_SKN_KCL10525738_S2_L001	success	Australian Bat Lyssavirus	5	0.0	0.0	0.0
WS_SKN_KCL10525738__S2__L001__WS	WS_SKN_KCL10525738_S2_L001	success	BK polyomavirus	6	0.0	0.0	0.0
WS_SKN_KCL10525738__S2__L001__WS	WS_SKN_KCL10525738_S2_L001	success	Banna virus	11	0.0	0.0	0.0
WS_SKN_KCL10525738__S2__L001__WS	WS_SKN_KCL10525738_S2_L001	success	Barmah forest virus	4	0.0	0.0	0.0
WS_SKN_KCL10525738__S2__L001__WS	WS_SKN_KCL10525738_S2_L001	success	Bunyamwera virus	4	0.0	0.0	0.0
WS_SKN_KCL10525738__S2__L001__WS	WS_SKN_KCL10525738_S2_L001	success	Bunyavirus La Crosse	4	0.0	0.0	0.0
WS_SKN_KCL10525738__S2__L001__WS	WS_SKN_KCL10525738_S2_L001	success	Cercopithecine herpesvirus	75	0.0	2.1074766355140184	2.0
WS_SKN_KCL10525738__S2__L001__WS	WS_SKN_KCL10525738_S2_L001	success	Chikungunya virus	2	0.0	0.0	0.0
WS_SKN_KCL10525738__S2__L001__WS	WS_SKN_KCL10525738_S2_L001	success	Cosavirus A	1	0.0	0.0	0.0
WS_SKN_KCL10525738__S2__L001__WS	WS_SKN_KCL10525738_S2_L001	success	Cowpox virus	233	0.0	0.07692307692307693	0.0
WS_SKN_KCL10525738__S2__L001__WS	WS_SKN_KCL10525738_S2_L001	success	Coxsackievirus	1	0.0	0.0	0.0
WS_SKN_KCL10525738__S2__L001__WS	WS_SKN_KCL10525738_S2_L001	success	Crimean Congo hemorrhagic fever virus	3	0.0	0.0	0.0
WS_SKN_KCL10525738__S2__L001__WS	WS_SKN_KCL10525738_S2_L001	success	DENV_DV1_gp1	1	0.0	0.0	0.0
WS_SKN_KCL10525738__S2__L001__WS	WS_SKN_KCL10525738_S2_L001	success	DENV_unassigned_gene_1	1	0.0	0.0	0.0
WS_SKN_KCL10525738__S2__L001__WS	WS_SKN_KCL10525738_S2_L001	success	DENV_unassigned_gene_2	1	0.0	0.0	0.0
WS_SKN_KCL10525738__S2__L001__WS	WS_SKN_KCL10525738_S2_L001	success	DENV_unassigned_gene_3	1	0.0	0.0	0.0
WS_SKN_KCL10525738__S2__L001__WS	WS_SKN_KCL10525738_S2_L001	success	DENV_unassigned_gene_4	1	0.0	0.0	0.0
WS_SKN_KCL10525738__S2__L001__WS	WS_SKN_KCL10525738_S2_L001	success	Eastern_equine_encephalitis_virus	4	0.0	0.0	0.0
WS_SKN_KCL10525738__S2__L001__WS	WS_SKN_KCL10525738_S2_L001	success	Ebolavirus	7	0.0	0.0	0.0
WS_SKN_KCL10525738__S2__L001__WS	WS_SKN_KCL10525738_S2_L001	success	Echovirus	1	0.0	0.0	0.0
WS_SKN_KCL10525738__S2__L001__WS	WS_SKN_KCL10525738_S2_L001	success	Encephalomyocarditis virus	2	0.0	0.0	0.0
WS_SKN_KCL10525738__S2__L001__WS	WS_SKN_KCL10525738_S2_L001	success	Epstein-Barr virus	96	0.0	0.0	0.0
WS_SKN_KCL10525738__S2__L001__WS	WS_SKN_KCL10525738_S2_L001	success	European bat lyssavirus	5	0.0	0.0	0.0
WS_SKN_KCL10525738__S2__L001__WS	WS_SKN_KCL10525738_S2_L001	success	Human SARS coronavirus	13	0.0	0.0	0.0
WS_SKN_KCL10525738__S2__L001__WS	WS_SKN_KCL10525738_S2_L001	success	Human adenovirus	18	0.0	0.0	0.0
WS_SKN_KCL10525738__S2__L001__WS	WS_SKN_KCL10525738_S2_L001	success	Human astrovirus	2	0.0	0.0	0.0
WS_SKN_KCL10525738__S2__L001__WS	WS_SKN_KCL10525738_S2_L001	success	Human coronavirus	7	0.0	0.0	0.0
WS_SKN_KCL10525738__S2__L001__WS	WS_SKN_KCL10525738_S2_L001	success	Human cytomegalovirus	187	0.0	0.0	0.0
WS_SKN_KCL10525738__S2__L001__WS	WS_SKN_KCL10525738_S2_L001	success	Human enterovirus 68, 70	1	0.0	0.0	0.0
WS_SKN_KCL10525738__S2__L001__WS	WS_SKN_KCL10525738_S2_L001	success	Human herpesvirus 1	79	0.0	0.0	0.0
WS_SKN_KCL10525738__S2__L001__WS	WS_SKN_KCL10525738_S2_L001	success	Human herpesvirus 2	79	0.0	0.0	0.0
WS_SKN_KCL10525738__S2__L001__WS	WS_SKN_KCL10525738_S2_L001	success	Human herpesvirus 6	88	0.0	0.0	0.0
WS_SKN_KCL10525738__S2__L001__WS	WS_SKN_KCL10525738_S2_L001	success	Human herpesvirus 6b	97	1.0	1.0	1.0
WS_SKN_KCL10525738__S2__L001__WS	WS_SKN_KCL10525738_S2_L001	success	Human herpesvirus 7	86	0.0	0.0	0.0
WS_SKN_KCL10525738__S2__L001__WS	WS_SKN_KCL10525738_S2_L001	success	Human herpesvirus 8	98	0.0	0.0	0.0
WS_SKN_KCL10525738__S2__L001__WS	WS_SKN_KCL10525738_S2_L001	success	Human papillomavirus 1	7	0.0	0.0	0.0
WS_SKN_KCL10525738__S2__L001__WS	WS_SKN_KCL10525738_S2_L001	success	Human papillomavirus 16,18	8	0.0	0.0	0.0
WS_SKN_KCL10525738__S2__L001__WS	WS_SKN_KCL10525738_S2_L001	success	Human papillomavirus 2	7	0.0	0.0	0.0
WS_SKN_KCL10525738__S2__L001__WS	WS_SKN_KCL10525738_S2_L001	success	Human parainfluenza	10	0.0	0.0	0.0
WS_SKN_KCL10525738__S2__L001__WS	WS_SKN_KCL10525738_S2_L001	success	Human parvovirus B19	6	0.0	0.0	0.0
WS_SKN_KCL10525738__S2__L001__WS	WS_SKN_KCL10525738_S2_L001	success	Human respiratory syncytial virus	10	0.0	0.0	0.0
WS_SKN_KCL10525738__S2__L001__WS	WS_SKN_KCL10525738_S2_L001	success	Human rhinovirus	1	0.0	0.0	0.0
WS_SKN_KCL10525738__S2__L001__WS	WS_SKN_KCL10525738_S2_L001	success	Influenza A virus	12	0.0	0.0	0.0
WS_SKN_KCL10525738__S2__L001__WS	WS_SKN_KCL10525738_S2_L001	success	Influenza B virus	10	0.0	0.0	0.0
WS_SKN_KCL10525738__S2__L001__WS	WS_SKN_KCL10525738_S2_L001	success	Influenza C virus	7	0.0	0.0	0.0
WS_SKN_KCL10525738__S2__L001__WS	WS_SKN_KCL10525738_S2_L001	success	JC polyomavirus	6	0.0	0.0	0.0
WS_SKN_KCL10525738__S2__L001__WS	WS_SKN_KCL10525738_S2_L001	success	Japanese encephalitis virus	2	0.0	0.0	0.0
WS_SKN_KCL10525738__S2__L001__WS	WS_SKN_KCL10525738_S2_L001	success	KI Polyomavirus	5	0.0	0.0	0.0
WS_SKN_KCL10525738__S2__L001__WS	WS_SKN_KCL10525738_S2_L001	success	Lake Victoria marburgvirus	7	0.0	0.0	0.0
WS_SKN_KCL10525738__S2__L001__WS	WS_SKN_KCL10525738_S2_L001	success	Langat virus	1	0.0	0.0	0.0
WS_SKN_KCL10525738__S2__L001__WS	WS_SKN_KCL10525738_S2_L001	success	Lassa virus	4	0.0	0.0	0.0
WS_SKN_KCL10525738__S2__L001__WS	WS_SKN_KCL10525738_S2_L001	success	Louping ill virus	1	0.0	0.0	0.0
WS_SKN_KCL10525738__S2__L001__WS	WS_SKN_KCL10525738_S2_L001	success	Lymphocytic choriomeningitis virus	4	0.0	0.0	0.0
WS_SKN_KCL10525738__S2__L001__WS	WS_SKN_KCL10525738_S2_L001	success	MERS coronavirus	10	0.0	0.0	0.0
WS_SKN_KCL10525738__S2__L001__WS	WS_SKN_KCL10525738_S2_L001	success	Mayaro virus	4	0.0	0.0	0.0
WS_SKN_KCL10525738__S2__L001__WS	WS_SKN_KCL10525738_S2_L001	success	Measles virus	6	0.0	0.0	0.0
WS_SKN_KCL10525738__S2__L001__WS	WS_SKN_KCL10525738_S2_L001	success	Merkel cell polyomavirus	4	0.0	0.0	0.0
WS_SKN_KCL10525738__S2__L001__WS	WS_SKN_KCL10525738_S2_L001	success	Molluscum contagiosum virus	163	0.0	0.0	0.0
WS_SKN_KCL10525738__S2__L001__WS	WS_SKN_KCL10525738_S2_L001	success	Monkeypox virus	180	0.0	0.07692307692307693	0.0
WS_SKN_KCL10525738__S2__L001__WS	WS_SKN_KCL10525738_S2_L001	success	Mumps virus	7	0.0	0.0	0.0
WS_SKN_KCL10525738__S2__L001__WS	WS_SKN_KCL10525738_S2_L001	success	Murray valley encephalitis virus	2	0.0	0.0	0.0
WS_SKN_KCL10525738__S2__L001__WS	WS_SKN_KCL10525738_S2_L001	success	Nipah virus	6	0.0	0.0	0.0
WS_SKN_KCL10525738__S2__L001__WS	WS_SKN_KCL10525738_S2_L001	success	Norwalk virus	3	0.0	0.0	0.0
WS_SKN_KCL10525738__S2__L001__WS	WS_SKN_KCL10525738_S2_L001	success	O'nyong-nyong virus	4	0.0	0.0	0.0
WS_SKN_KCL10525738__S2__L001__WS	WS_SKN_KCL10525738_S2_L001	success	Orf virus	130	0.0	0.0	0.0
WS_SKN_KCL10525738__S2__L001__WS	WS_SKN_KCL10525738_S2_L001	success	Oropouche virus	4	0.0	0.0	0.0
WS_SKN_KCL10525738__S2__L001__WS	WS_SKN_KCL10525738_S2_L001	success	Poliovirus	5	0.0	0.0	0.0
WS_SKN_KCL10525738__S2__L001__WS	WS_SKN_KCL10525738_S2_L001	success	Rabies virus	5	0.0	0.0	0.0
WS_SKN_KCL10525738__S2__L001__WS	WS_SKN_KCL10525738_S2_L001	success	Rosavirus A	1	0.0	0.0	0.0
WS_SKN_KCL10525738__S2__L001__WS	WS_SKN_KCL10525738_S2_L001	success	Ross river virus	4	0.0	0.0	0.0
WS_SKN_KCL10525738__S2__L001__WS	WS_SKN_KCL10525738_S2_L001	success	Rotavirus A	10	0.0	0.0	0.0
WS_SKN_KCL10525738__S2__L001__WS	WS_SKN_KCL10525738_S2_L001	success	Rotavirus B	11	0.0	0.0	0.0
WS_SKN_KCL10525738__S2__L001__WS	WS_SKN_KCL10525738_S2_L001	success	Rotavirus C	11	0.0	0.0	0.0
WS_SKN_KCL10525738__S2__L001__WS	WS_SKN_KCL10525738_S2_L001	success	Rubella virus	2	0.0	0.0	0.0
WS_SKN_KCL10525738__S2__L001__WS	WS_SKN_KCL10525738_S2_L001	success	Salivirus A	1	0.0	0.0	0.0
WS_SKN_KCL10525738__S2__L001__WS	WS_SKN_KCL10525738_S2_L001	success	Sapporo virus	2	0.0	0.0	0.0
WS_SKN_KCL10525738__S2__L001__WS	WS_SKN_KCL10525738_S2_L001	success	Semliki forest virus	3	0.0	0.0	0.0
WS_SKN_KCL10525738__S2__L001__WS	WS_SKN_KCL10525738_S2_L001	success	Seoul virus	3	0.0	0.0	0.0
WS_SKN_KCL10525738__S2__L001__WS	WS_SKN_KCL10525738_S2_L001	success	Sindbis virus	4	0.0	0.0	0.0
WS_SKN_KCL10525738__S2__L001__WS	WS_SKN_KCL10525738_S2_L001	success	St. louis encephalitis virus	1	0.0	0.0	0.0
WS_SKN_KCL10525738__S2__L001__WS	WS_SKN_KCL10525738_S2_L001	success	Tick-borne powassan virus	1	0.0	0.0	0.0
WS_SKN_KCL10525738__S2__L001__WS	WS_SKN_KCL10525738_S2_L001	success	Torque teno virus	3	0.0	0.0	0.0
WS_SKN_KCL10525738__S2__L001__WS	WS_SKN_KCL10525738_S2_L001	success	Toscana virus	4	0.0	0.0	0.0
WS_SKN_KCL10525738__S2__L001__WS	WS_SKN_KCL10525738_S2_L001	success	Vaccinia virus	223	0.0	0.0	0.0
WS_SKN_KCL10525738__S2__L001__WS	WS_SKN_KCL10525738_S2_L001	success	Varicella-zoster virus	73	0.0	0.0	0.0
WS_SKN_KCL10525738__S2__L001__WS	WS_SKN_KCL10525738_S2_L001	success	Variola virus	197	0.0	0.0	0.0
WS_SKN_KCL10525738__S2__L001__WS	WS_SKN_KCL10525738_S2_L001	success	Venezuelan equine encephalitis virus	4	0.0	0.0	0.0
WS_SKN_KCL10525738__S2__L001__WS	WS_SKN_KCL10525738_S2_L001	success	Vesicular stomatitis virus	5	0.0	0.0	0.0
WS_SKN_KCL10525738__S2__L001__WS	WS_SKN_KCL10525738_S2_L001	success	WU polyomavirus	5	0.0	0.0	0.0
WS_SKN_KCL10525738__S2__L001__WS	WS_SKN_KCL10525738_S2_L001	success	West Nile virus	1	0.0	0.0	0.0
WS_SKN_KCL10525738__S2__L001__WS	WS_SKN_KCL10525738_S2_L001	success	Western equine encephalitis virus	3	0.0	0.0	0.0
WS_SKN_KCL10525738__S2__L001__WS	WS_SKN_KCL10525738_S2_L001	success	Yaba-like disease virus	152	0.0	0.0	0.0
WS_SKN_KCL10525738__S2__L001__WS	WS_SKN_KCL10525738_S2_L001	success	Yellow fever virus	1	0.0	0.0	0.0
WS_SKN_KCL10525738__S2__L001__WS	WS_SKN_KCL10525738_S2_L001	success	Zika virus	1	0.0	0.0	0.0
WS_SKN_KCL10525738__S2__L002__WS	WS_SKN_KCL10525738_S2_L002	success	ADENO_AAV2gp01	1	0.0	0.0	0.0
WS_SKN_KCL10525738__S2__L002__WS	WS_SKN_KCL10525738_S2_L002	success	ADENO_AAV2gp02	1	0.0	0.0	0.0
WS_SKN_KCL10525738__S2__L002__WS	WS_SKN_KCL10525738_S2_L002	success	ADENO_AAV2gp03	1	0.0	0.0	0.0
WS_SKN_KCL10525738__S2__L002__WS	WS_SKN_KCL10525738_S2_L002	success	ADENO_AAV2gp04	1	0.0	0.0	0.0
WS_SKN_KCL10525738__S2__L002__WS	WS_SKN_KCL10525738_S2_L002	success	ADENO_AAV2gp05	1	0.0	0.0	0.0
WS_SKN_KCL10525738__S2__L002__WS	WS_SKN_KCL10525738_S2_L002	success	ADENO_AAV2gp06	1	0.0	0.0	0.0
WS_SKN_KCL10525738__S2__L002__WS	WS_SKN_KCL10525738_S2_L002	success	ADENO_AAV2gp07	1	0.0	0.0	0.0
WS_SKN_KCL10525738__S2__L002__WS	WS_SKN_KCL10525738_S2_L002	success	ADENO_AAV2gp08	1	0.0	0.0	0.0
WS_SKN_KCL10525738__S2__L002__WS	WS_SKN_KCL10525738_S2_L002	success	ADENO_AAV2gs01	1	0.0	0.0	0.0
WS_SKN_KCL10525738__S2__L002__WS	WS_SKN_KCL10525738_S2_L002	success	ADENO_AAV2gs02	1	0.0	0.0	0.0
WS_SKN_KCL10525738__S2__L002__WS	WS_SKN_KCL10525738_S2_L002	success	ADENO_AAV2gs03	1	0.0	0.0	0.0
WS_SKN_KCL10525738__S2__L002__WS	WS_SKN_KCL10525738_S2_L002	success	Aichi virus	1	0.0	0.0	0.0
WS_SKN_KCL10525738__S2__L002__WS	WS_SKN_KCL10525738_S2_L002	success	Australian Bat Lyssavirus	5	0.0	0.0	0.0
WS_SKN_KCL10525738__S2__L002__WS	WS_SKN_KCL10525738_S2_L002	success	BK polyomavirus	6	0.0	0.0	0.0
WS_SKN_KCL10525738__S2__L002__WS	WS_SKN_KCL10525738_S2_L002	success	Banna virus	11	0.0	0.0	0.0
WS_SKN_KCL10525738__S2__L002__WS	WS_SKN_KCL10525738_S2_L002	success	Barmah forest virus	4	0.0	0.0	0.0
WS_SKN_KCL10525738__S2__L002__WS	WS_SKN_KCL10525738_S2_L002	success	Bunyamwera virus	4	0.0	0.0	0.0
WS_SKN_KCL10525738__S2__L002__WS	WS_SKN_KCL10525738_S2_L002	success	Bunyavirus La Crosse	4	0.0	0.0	0.0
WS_SKN_KCL10525738__S2__L002__WS	WS_SKN_KCL10525738_S2_L002	success	Cercopithecine herpesvirus	75	0.0	1.0514018691588787	1.0
WS_SKN_KCL10525738__S2__L002__WS	WS_SKN_KCL10525738_S2_L002	success	Chikungunya virus	2	0.0	0.0	0.0
WS_SKN_KCL10525738__S2__L002__WS	WS_SKN_KCL10525738_S2_L002	success	Cosavirus A	1	0.0	0.0	0.0
WS_SKN_KCL10525738__S2__L002__WS	WS_SKN_KCL10525738_S2_L002	success	Cowpox virus	233	0.0	0.15384615384615385	0.0
WS_SKN_KCL10525738__S2__L002__WS	WS_SKN_KCL10525738_S2_L002	success	Coxsackievirus	1	0.0	0.0	0.0
WS_SKN_KCL10525738__S2__L002__WS	WS_SKN_KCL10525738_S2_L002	success	Crimean Congo hemorrhagic fever virus	3	0.0	0.0	0.0
WS_SKN_KCL10525738__S2__L002__WS	WS_SKN_KCL10525738_S2_L002	success	DENV_DV1_gp1	1	0.0	0.0	0.0
WS_SKN_KCL10525738__S2__L002__WS	WS_SKN_KCL10525738_S2_L002	success	DENV_unassigned_gene_1	1	0.0	0.0	0.0
WS_SKN_KCL10525738__S2__L002__WS	WS_SKN_KCL10525738_S2_L002	success	DENV_unassigned_gene_2	1	0.0	0.0	0.0
WS_SKN_KCL10525738__S2__L002__WS	WS_SKN_KCL10525738_S2_L002	success	DENV_unassigned_gene_3	1	0.0	0.0	0.0
WS_SKN_KCL10525738__S2__L002__WS	WS_SKN_KCL10525738_S2_L002	success	DENV_unassigned_gene_4	1	0.0	0.0	0.0
WS_SKN_KCL10525738__S2__L002__WS	WS_SKN_KCL10525738_S2_L002	success	Eastern_equine_encephalitis_virus	4	0.0	0.0	0.0
WS_SKN_KCL10525738__S2__L002__WS	WS_SKN_KCL10525738_S2_L002	success	Ebolavirus	7	0.0	0.0	0.0
WS_SKN_KCL10525738__S2__L002__WS	WS_SKN_KCL10525738_S2_L002	success	Echovirus	1	0.0	0.0	0.0
WS_SKN_KCL10525738__S2__L002__WS	WS_SKN_KCL10525738_S2_L002	success	Encephalomyocarditis virus	2	0.0	0.0	0.0
WS_SKN_KCL10525738__S2__L002__WS	WS_SKN_KCL10525738_S2_L002	success	Epstein-Barr virus	96	0.0	1.0	1.0
WS_SKN_KCL10525738__S2__L002__WS	WS_SKN_KCL10525738_S2_L002	success	European bat lyssavirus	5	0.0	0.0	0.0
WS_SKN_KCL10525738__S2__L002__WS	WS_SKN_KCL10525738_S2_L002	success	Human SARS coronavirus	13	0.0	0.0	0.0
WS_SKN_KCL10525738__S2__L002__WS	WS_SKN_KCL10525738_S2_L002	success	Human adenovirus	18	0.0	0.0	0.0
WS_SKN_KCL10525738__S2__L002__WS	WS_SKN_KCL10525738_S2_L002	success	Human astrovirus	2	0.0	0.0	0.0
WS_SKN_KCL10525738__S2__L002__WS	WS_SKN_KCL10525738_S2_L002	success	Human coronavirus	7	0.0	0.0	0.0
WS_SKN_KCL10525738__S2__L002__WS	WS_SKN_KCL10525738_S2_L002	success	Human cytomegalovirus	187	0.0	0.0	0.0
WS_SKN_KCL10525738__S2__L002__WS	WS_SKN_KCL10525738_S2_L002	success	Human enterovirus 68, 70	1	0.0	0.0	0.0
WS_SKN_KCL10525738__S2__L002__WS	WS_SKN_KCL10525738_S2_L002	success	Human herpesvirus 1	79	0.0	0.0	0.0
WS_SKN_KCL10525738__S2__L002__WS	WS_SKN_KCL10525738_S2_L002	success	Human herpesvirus 2	79	0.0	0.0	0.0
WS_SKN_KCL10525738__S2__L002__WS	WS_SKN_KCL10525738_S2_L002	success	Human herpesvirus 6	88	0.0	0.0	0.0
WS_SKN_KCL10525738__S2__L002__WS	WS_SKN_KCL10525738_S2_L002	success	Human herpesvirus 6b	97	0.0	0.0	0.0
WS_SKN_KCL10525738__S2__L002__WS	WS_SKN_KCL10525738_S2_L002	success	Human herpesvirus 7	86	0.0	0.0	0.0
WS_SKN_KCL10525738__S2__L002__WS	WS_SKN_KCL10525738_S2_L002	success	Human herpesvirus 8	98	0.0	0.0	0.0
WS_SKN_KCL10525738__S2__L002__WS	WS_SKN_KCL10525738_S2_L002	success	Human papillomavirus 1	7	0.0	0.0	0.0
WS_SKN_KCL10525738__S2__L002__WS	WS_SKN_KCL10525738_S2_L002	success	Human papillomavirus 16,18	8	0.0	0.0	0.0
WS_SKN_KCL10525738__S2__L002__WS	WS_SKN_KCL10525738_S2_L002	success	Human papillomavirus 2	7	0.0	0.0	0.0
WS_SKN_KCL10525738__S2__L002__WS	WS_SKN_KCL10525738_S2_L002	success	Human parainfluenza	10	0.0	0.0	0.0
WS_SKN_KCL10525738__S2__L002__WS	WS_SKN_KCL10525738_S2_L002	success	Human parvovirus B19	6	0.0	0.0	0.0
WS_SKN_KCL10525738__S2__L002__WS	WS_SKN_KCL10525738_S2_L002	success	Human respiratory syncytial virus	10	0.0	0.0	0.0
WS_SKN_KCL10525738__S2__L002__WS	WS_SKN_KCL10525738_S2_L002	success	Human rhinovirus	1	0.0	0.0	0.0
WS_SKN_KCL10525738__S2__L002__WS	WS_SKN_KCL10525738_S2_L002	success	Influenza A virus	12	0.0	0.0	0.0
WS_SKN_KCL10525738__S2__L002__WS	WS_SKN_KCL10525738_S2_L002	success	Influenza B virus	10	0.0	0.0	0.0
WS_SKN_KCL10525738__S2__L002__WS	WS_SKN_KCL10525738_S2_L002	success	Influenza C virus	7	0.0	0.0	0.0
WS_SKN_KCL10525738__S2__L002__WS	WS_SKN_KCL10525738_S2_L002	success	JC polyomavirus	6	0.0	0.0	0.0
WS_SKN_KCL10525738__S2__L002__WS	WS_SKN_KCL10525738_S2_L002	success	Japanese encephalitis virus	2	0.0	0.0	0.0
WS_SKN_KCL10525738__S2__L002__WS	WS_SKN_KCL10525738_S2_L002	success	KI Polyomavirus	5	0.0	0.0	0.0
WS_SKN_KCL10525738__S2__L002__WS	WS_SKN_KCL10525738_S2_L002	success	Lake Victoria marburgvirus	7	0.0	0.0	0.0
WS_SKN_KCL10525738__S2__L002__WS	WS_SKN_KCL10525738_S2_L002	success	Langat virus	1	0.0	0.0	0.0
WS_SKN_KCL10525738__S2__L002__WS	WS_SKN_KCL10525738_S2_L002	success	Lassa virus	4	0.0	0.0	0.0
WS_SKN_KCL10525738__S2__L002__WS	WS_SKN_KCL10525738_S2_L002	success	Louping ill virus	1	0.0	0.0	0.0
WS_SKN_KCL10525738__S2__L002__WS	WS_SKN_KCL10525738_S2_L002	success	Lymphocytic choriomeningitis virus	4	0.0	0.0	0.0
WS_SKN_KCL10525738__S2__L002__WS	WS_SKN_KCL10525738_S2_L002	success	MERS coronavirus	10	0.0	0.0	0.0
WS_SKN_KCL10525738__S2__L002__WS	WS_SKN_KCL10525738_S2_L002	success	Mayaro virus	4	0.0	0.0	0.0
WS_SKN_KCL10525738__S2__L002__WS	WS_SKN_KCL10525738_S2_L002	success	Measles virus	6	0.0	0.0	0.0
WS_SKN_KCL10525738__S2__L002__WS	WS_SKN_KCL10525738_S2_L002	success	Merkel cell polyomavirus	4	0.0	0.0	0.0
WS_SKN_KCL10525738__S2__L002__WS	WS_SKN_KCL10525738_S2_L002	success	Molluscum contagiosum virus	163	0.0	0.0	0.0
WS_SKN_KCL10525738__S2__L002__WS	WS_SKN_KCL10525738_S2_L002	success	Monkeypox virus	180	0.0	0.15384615384615385	0.0
WS_SKN_KCL10525738__S2__L002__WS	WS_SKN_KCL10525738_S2_L002	success	Mumps virus	7	0.0	0.0	0.0
WS_SKN_KCL10525738__S2__L002__WS	WS_SKN_KCL10525738_S2_L002	success	Murray valley encephalitis virus	2	0.0	0.0	0.0
WS_SKN_KCL10525738__S2__L002__WS	WS_SKN_KCL10525738_S2_L002	success	Nipah virus	6	0.0	0.0	0.0
WS_SKN_KCL10525738__S2__L002__WS	WS_SKN_KCL10525738_S2_L002	success	Norwalk virus	3	0.0	0.0	0.0
WS_SKN_KCL10525738__S2__L002__WS	WS_SKN_KCL10525738_S2_L002	success	O'nyong-nyong virus	4	0.0	0.0	0.0
WS_SKN_KCL10525738__S2__L002__WS	WS_SKN_KCL10525738_S2_L002	success	Orf virus	130	0.0	0.0	0.0
WS_SKN_KCL10525738__S2__L002__WS	WS_SKN_KCL10525738_S2_L002	success	Oropouche virus	4	0.0	0.0	0.0
WS_SKN_KCL10525738__S2__L002__WS	WS_SKN_KCL10525738_S2_L002	success	Poliovirus	5	0.0	0.0	0.0
WS_SKN_KCL10525738__S2__L002__WS	WS_SKN_KCL10525738_S2_L002	success	Rabies virus	5	0.0	0.0	0.0
WS_SKN_KCL10525738__S2__L002__WS	WS_SKN_KCL10525738_S2_L002	success	Rosavirus A	1	0.0	0.0	0.0
WS_SKN_KCL10525738__S2__L002__WS	WS_SKN_KCL10525738_S2_L002	success	Ross river virus	4	0.0	0.0	0.0
WS_SKN_KCL10525738__S2__L002__WS	WS_SKN_KCL10525738_S2_L002	success	Rotavirus A	10	0.0	0.0	0.0
WS_SKN_KCL10525738__S2__L002__WS	WS_SKN_KCL10525738_S2_L002	success	Rotavirus B	11	0.0	0.0	0.0
WS_SKN_KCL10525738__S2__L002__WS	WS_SKN_KCL10525738_S2_L002	success	Rotavirus C	11	0.0	0.0	0.0
WS_SKN_KCL10525738__S2__L002__WS	WS_SKN_KCL10525738_S2_L002	success	Rubella virus	2	0.0	0.0	0.0
WS_SKN_KCL10525738__S2__L002__WS	WS_SKN_KCL10525738_S2_L002	success	Salivirus A	1	0.0	0.0	0.0
WS_SKN_KCL10525738__S2__L002__WS	WS_SKN_KCL10525738_S2_L002	success	Sapporo virus	2	0.0	0.0	0.0
WS_SKN_KCL10525738__S2__L002__WS	WS_SKN_KCL10525738_S2_L002	success	Semliki forest virus	3	0.0	0.0	0.0
WS_SKN_KCL10525738__S2__L002__WS	WS_SKN_KCL10525738_S2_L002	success	Seoul virus	3	0.0	0.0	0.0
WS_SKN_KCL10525738__S2__L002__WS	WS_SKN_KCL10525738_S2_L002	success	Sindbis virus	4	0.0	0.0	0.0
WS_SKN_KCL10525738__S2__L002__WS	WS_SKN_KCL10525738_S2_L002	success	St. louis encephalitis virus	1	0.0	0.0	0.0
WS_SKN_KCL10525738__S2__L002__WS	WS_SKN_KCL10525738_S2_L002	success	Tick-borne powassan virus	1	0.0	0.0	0.0
WS_SKN_KCL10525738__S2__L002__WS	WS_SKN_KCL10525738_S2_L002	success	Torque teno virus	3	0.0	0.0	0.0
WS_SKN_KCL10525738__S2__L002__WS	WS_SKN_KCL10525738_S2_L002	success	Toscana virus	4	0.0	0.0	0.0
WS_SKN_KCL10525738__S2__L002__WS	WS_SKN_KCL10525738_S2_L002	success	Vaccinia virus	223	0.0	0.0	0.0
WS_SKN_KCL10525738__S2__L002__WS	WS_SKN_KCL10525738_S2_L002	success	Varicella-zoster virus	73	0.0	0.0	0.0
WS_SKN_KCL10525738__S2__L002__WS	WS_SKN_KCL10525738_S2_L002	success	Variola virus	197	0.0	0.0	0.0
WS_SKN_KCL10525738__S2__L002__WS	WS_SKN_KCL10525738_S2_L002	success	Venezuelan equine encephalitis virus	4	0.0	0.0	0.0
WS_SKN_KCL10525738__S2__L002__WS	WS_SKN_KCL10525738_S2_L002	success	Vesicular stomatitis virus	5	0.0	0.0	0.0
WS_SKN_KCL10525738__S2__L002__WS	WS_SKN_KCL10525738_S2_L002	success	WU polyomavirus	5	0.0	0.0	0.0
WS_SKN_KCL10525738__S2__L002__WS	WS_SKN_KCL10525738_S2_L002	success	West Nile virus	1	0.0	0.0	0.0
WS_SKN_KCL10525738__S2__L002__WS	WS_SKN_KCL10525738_S2_L002	success	Western equine encephalitis virus	3	0.0	0.0	0.0
WS_SKN_KCL10525738__S2__L002__WS	WS_SKN_KCL10525738_S2_L002	success	Yaba-like disease virus	152	0.0	0.0	0.0
WS_SKN_KCL10525738__S2__L002__WS	WS_SKN_KCL10525738_S2_L002	success	Yellow fever virus	1	0.0	0.0	0.0
WS_SKN_KCL10525738__S2__L002__WS	WS_SKN_KCL10525738_S2_L002	success	Zika virus	1	0.0	0.0	0.0
WS_SKN_KCL10525738__S3__L001__WS	WS_SKN_KCL10525738_S3_L001	success	ADENO_AAV2gp01	1	0.0	0.0	0.0
WS_SKN_KCL10525738__S3__L001__WS	WS_SKN_KCL10525738_S3_L001	success	ADENO_AAV2gp02	1	0.0	0.0	0.0
WS_SKN_KCL10525738__S3__L001__WS	WS_SKN_KCL10525738_S3_L001	success	ADENO_AAV2gp03	1	0.0	0.0	0.0
WS_SKN_KCL10525738__S3__L001__WS	WS_SKN_KCL10525738_S3_L001	success	ADENO_AAV2gp04	1	0.0	0.0	0.0
WS_SKN_KCL10525738__S3__L001__WS	WS_SKN_KCL10525738_S3_L001	success	ADENO_AAV2gp05	1	0.0	0.0	0.0
WS_SKN_KCL10525738__S3__L001__WS	WS_SKN_KCL10525738_S3_L001	success	ADENO_AAV2gp06	1	0.0	0.0	0.0
WS_SKN_KCL10525738__S3__L001__WS	WS_SKN_KCL10525738_S3_L001	success	ADENO_AAV2gp07	1	0.0	0.0	0.0
WS_SKN_KCL10525738__S3__L001__WS	WS_SKN_KCL10525738_S3_L001	success	ADENO_AAV2gp08	1	0.0	0.0	0.0
WS_SKN_KCL10525738__S3__L001__WS	WS_SKN_KCL10525738_S3_L001	success	ADENO_AAV2gs01	1	0.0	0.0	0.0
WS_SKN_KCL10525738__S3__L001__WS	WS_SKN_KCL10525738_S3_L001	success	ADENO_AAV2gs02	1	0.0	0.0	0.0
WS_SKN_KCL10525738__S3__L001__WS	WS_SKN_KCL10525738_S3_L001	success	ADENO_AAV2gs03	1	0.0	0.0	0.0
WS_SKN_KCL10525738__S3__L001__WS	WS_SKN_KCL10525738_S3_L001	success	Aichi virus	1	0.0	0.0	0.0
WS_SKN_KCL10525738__S3__L001__WS	WS_SKN_KCL10525738_S3_L001	success	Australian Bat Lyssavirus	5	0.0	0.0	0.0
WS_SKN_KCL10525738__S3__L001__WS	WS_SKN_KCL10525738_S3_L001	success	BK polyomavirus	6	0.0	0.0	0.0
WS_SKN_KCL10525738__S3__L001__WS	WS_SKN_KCL10525738_S3_L001	success	Banna virus	11	0.0	0.0	0.0
WS_SKN_KCL10525738__S3__L001__WS	WS_SKN_KCL10525738_S3_L001	success	Barmah forest virus	4	0.0	0.0	0.0
WS_SKN_KCL10525738__S3__L001__WS	WS_SKN_KCL10525738_S3_L001	success	Bunyamwera virus	4	0.0	0.0	0.0
WS_SKN_KCL10525738__S3__L001__WS	WS_SKN_KCL10525738_S3_L001	success	Bunyavirus La Crosse	4	0.0	0.0	0.0
WS_SKN_KCL10525738__S3__L001__WS	WS_SKN_KCL10525738_S3_L001	success	Cercopithecine herpesvirus	75	0.0	0.0514018691588785	0.0
WS_SKN_KCL10525738__S3__L001__WS	WS_SKN_KCL10525738_S3_L001	success	Chikungunya virus	2	0.0	0.0	0.0
WS_SKN_KCL10525738__S3__L001__WS	WS_SKN_KCL10525738_S3_L001	success	Cosavirus A	1	0.0	0.0	0.0
WS_SKN_KCL10525738__S3__L001__WS	WS_SKN_KCL10525738_S3_L001	success	Cowpox virus	233	0.0	0.07692307692307693	0.0
WS_SKN_KCL10525738__S3__L001__WS	WS_SKN_KCL10525738_S3_L001	success	Coxsackievirus	1	0.0	0.0	0.0
WS_SKN_KCL10525738__S3__L001__WS	WS_SKN_KCL10525738_S3_L001	success	Crimean Congo hemorrhagic fever virus	3	0.0	0.0	0.0
WS_SKN_KCL10525738__S3__L001__WS	WS_SKN_KCL10525738_S3_L001	success	DENV_DV1_gp1	1	0.0	0.0	0.0
WS_SKN_KCL10525738__S3__L001__WS	WS_SKN_KCL10525738_S3_L001	success	DENV_unassigned_gene_1	1	0.0	0.0	0.0
WS_SKN_KCL10525738__S3__L001__WS	WS_SKN_KCL10525738_S3_L001	success	DENV_unassigned_gene_2	1	0.0	0.0	0.0
WS_SKN_KCL10525738__S3__L001__WS	WS_SKN_KCL10525738_S3_L001	success	DENV_unassigned_gene_3	1	0.0	0.0	0.0
WS_SKN_KCL10525738__S3__L001__WS	WS_SKN_KCL10525738_S3_L001	success	DENV_unassigned_gene_4	1	0.0	0.0	0.0
WS_SKN_KCL10525738__S3__L001__WS	WS_SKN_KCL10525738_S3_L001	success	Eastern_equine_encephalitis_virus	4	0.0	0.0	0.0
WS_SKN_KCL10525738__S3__L001__WS	WS_SKN_KCL10525738_S3_L001	success	Ebolavirus	7	0.0	0.0	0.0
WS_SKN_KCL10525738__S3__L001__WS	WS_SKN_KCL10525738_S3_L001	success	Echovirus	1	0.0	0.0	0.0
WS_SKN_KCL10525738__S3__L001__WS	WS_SKN_KCL10525738_S3_L001	success	Encephalomyocarditis virus	2	0.0	0.0	0.0
WS_SKN_KCL10525738__S3__L001__WS	WS_SKN_KCL10525738_S3_L001	success	Epstein-Barr virus	96	0.0	0.0	0.0
WS_SKN_KCL10525738__S3__L001__WS	WS_SKN_KCL10525738_S3_L001	success	European bat lyssavirus	5	0.0	0.0	0.0
WS_SKN_KCL10525738__S3__L001__WS	WS_SKN_KCL10525738_S3_L001	success	Human SARS coronavirus	13	0.0	0.0	0.0
WS_SKN_KCL10525738__S3__L001__WS	WS_SKN_KCL10525738_S3_L001	success	Human adenovirus	18	0.0	0.0	0.0
WS_SKN_KCL10525738__S3__L001__WS	WS_SKN_KCL10525738_S3_L001	success	Human astrovirus	2	0.0	0.0	0.0
WS_SKN_KCL10525738__S3__L001__WS	WS_SKN_KCL10525738_S3_L001	success	Human coronavirus	7	0.0	0.0	0.0
WS_SKN_KCL10525738__S3__L001__WS	WS_SKN_KCL10525738_S3_L001	success	Human cytomegalovirus	187	0.0	0.0	0.0
WS_SKN_KCL10525738__S3__L001__WS	WS_SKN_KCL10525738_S3_L001	success	Human enterovirus 68, 70	1	0.0	0.0	0.0
WS_SKN_KCL10525738__S3__L001__WS	WS_SKN_KCL10525738_S3_L001	success	Human herpesvirus 1	79	0.0	0.0	0.0
WS_SKN_KCL10525738__S3__L001__WS	WS_SKN_KCL10525738_S3_L001	success	Human herpesvirus 2	79	0.0	0.0	0.0
WS_SKN_KCL10525738__S3__L001__WS	WS_SKN_KCL10525738_S3_L001	success	Human herpesvirus 6	88	0.0	0.0	0.0
WS_SKN_KCL10525738__S3__L001__WS	WS_SKN_KCL10525738_S3_L001	success	Human herpesvirus 6b	97	0.0	0.0	0.0
WS_SKN_KCL10525738__S3__L001__WS	WS_SKN_KCL10525738_S3_L001	success	Human herpesvirus 7	86	0.0	0.0	0.0
WS_SKN_KCL10525738__S3__L001__WS	WS_SKN_KCL10525738_S3_L001	success	Human herpesvirus 8	98	0.0	0.0	0.0
WS_SKN_KCL10525738__S3__L001__WS	WS_SKN_KCL10525738_S3_L001	success	Human papillomavirus 1	7	0.0	0.0	0.0
WS_SKN_KCL10525738__S3__L001__WS	WS_SKN_KCL10525738_S3_L001	success	Human papillomavirus 16,18	8	0.0	0.0	0.0
WS_SKN_KCL10525738__S3__L001__WS	WS_SKN_KCL10525738_S3_L001	success	Human papillomavirus 2	7	0.0	0.0	0.0
WS_SKN_KCL10525738__S3__L001__WS	WS_SKN_KCL10525738_S3_L001	success	Human parainfluenza	10	0.0	0.0	0.0
WS_SKN_KCL10525738__S3__L001__WS	WS_SKN_KCL10525738_S3_L001	success	Human parvovirus B19	6	0.0	0.0	0.0
WS_SKN_KCL10525738__S3__L001__WS	WS_SKN_KCL10525738_S3_L001	success	Human respiratory syncytial virus	10	0.0	0.0	0.0
WS_SKN_KCL10525738__S3__L001__WS	WS_SKN_KCL10525738_S3_L001	success	Human rhinovirus	1	0.0	0.0	0.0
WS_SKN_KCL10525738__S3__L001__WS	WS_SKN_KCL10525738_S3_L001	success	Influenza A virus	12	0.0	0.0	0.0
WS_SKN_KCL10525738__S3__L001__WS	WS_SKN_KCL10525738_S3_L001	success	Influenza B virus	10	0.0	0.0	0.0
WS_SKN_KCL10525738__S3__L001__WS	WS_SKN_KCL10525738_S3_L001	success	Influenza C virus	7	0.0	0.0	0.0
WS_SKN_KCL10525738__S3__L001__WS	WS_SKN_KCL10525738_S3_L001	success	JC polyomavirus	6	0.0	0.0	0.0
WS_SKN_KCL10525738__S3__L001__WS	WS_SKN_KCL10525738_S3_L001	success	Japanese encephalitis virus	2	0.0	0.0	0.0
WS_SKN_KCL10525738__S3__L001__WS	WS_SKN_KCL10525738_S3_L001	success	KI Polyomavirus	5	0.0	0.0	0.0
WS_SKN_KCL10525738__S3__L001__WS	WS_SKN_KCL10525738_S3_L001	success	Lake Victoria marburgvirus	7	0.0	0.0	0.0
WS_SKN_KCL10525738__S3__L001__WS	WS_SKN_KCL10525738_S3_L001	success	Langat virus	1	0.0	0.0	0.0
WS_SKN_KCL10525738__S3__L001__WS	WS_SKN_KCL10525738_S3_L001	success	Lassa virus	4	0.0	0.0	0.0
WS_SKN_KCL10525738__S3__L001__WS	WS_SKN_KCL10525738_S3_L001	success	Louping ill virus	1	0.0	0.0	0.0
WS_SKN_KCL10525738__S3__L001__WS	WS_SKN_KCL10525738_S3_L001	success	Lymphocytic choriomeningitis virus	4	0.0	0.0	0.0
WS_SKN_KCL10525738__S3__L001__WS	WS_SKN_KCL10525738_S3_L001	success	MERS coronavirus	10	0.0	0.0	0.0
WS_SKN_KCL10525738__S3__L001__WS	WS_SKN_KCL10525738_S3_L001	success	Mayaro virus	4	0.0	0.0	0.0
WS_SKN_KCL10525738__S3__L001__WS	WS_SKN_KCL10525738_S3_L001	success	Measles virus	6	0.0	0.0	0.0
WS_SKN_KCL10525738__S3__L001__WS	WS_SKN_KCL10525738_S3_L001	success	Merkel cell polyomavirus	4	0.0	0.0	0.0
WS_SKN_KCL10525738__S3__L001__WS	WS_SKN_KCL10525738_S3_L001	success	Molluscum contagiosum virus	163	1.0	1.0	1.0
WS_SKN_KCL10525738__S3__L001__WS	WS_SKN_KCL10525738_S3_L001	success	Monkeypox virus	180	0.0	0.07692307692307693	0.0
WS_SKN_KCL10525738__S3__L001__WS	WS_SKN_KCL10525738_S3_L001	success	Mumps virus	7	0.0	0.0	0.0
WS_SKN_KCL10525738__S3__L001__WS	WS_SKN_KCL10525738_S3_L001	success	Murray valley encephalitis virus	2	0.0	0.0	0.0
WS_SKN_KCL10525738__S3__L001__WS	WS_SKN_KCL10525738_S3_L001	success	Nipah virus	6	0.0	0.0	0.0
WS_SKN_KCL10525738__S3__L001__WS	WS_SKN_KCL10525738_S3_L001	success	Norwalk virus	3	0.0	0.0	0.0
WS_SKN_KCL10525738__S3__L001__WS	WS_SKN_KCL10525738_S3_L001	success	O'nyong-nyong virus	4	0.0	0.0	0.0
WS_SKN_KCL10525738__S3__L001__WS	WS_SKN_KCL10525738_S3_L001	success	Orf virus	130	0.0	0.0	0.0
WS_SKN_KCL10525738__S3__L001__WS	WS_SKN_KCL10525738_S3_L001	success	Oropouche virus	4	0.0	0.0	0.0
WS_SKN_KCL10525738__S3__L001__WS	WS_SKN_KCL10525738_S3_L001	success	Poliovirus	5	0.0	0.0	0.0
WS_SKN_KCL10525738__S3__L001__WS	WS_SKN_KCL10525738_S3_L001	success	Rabies virus	5	0.0	0.0	0.0
WS_SKN_KCL10525738__S3__L001__WS	WS_SKN_KCL10525738_S3_L001	success	Rosavirus A	1	0.0	0.0	0.0
WS_SKN_KCL10525738__S3__L001__WS	WS_SKN_KCL10525738_S3_L001	success	Ross river virus	4	0.0	0.0	0.0
WS_SKN_KCL10525738__S3__L001__WS	WS_SKN_KCL10525738_S3_L001	success	Rotavirus A	10	0.0	0.0	0.0
WS_SKN_KCL10525738__S3__L001__WS	WS_SKN_KCL10525738_S3_L001	success	Rotavirus B	11	0.0	0.0	0.0
WS_SKN_KCL10525738__S3__L001__WS	WS_SKN_KCL10525738_S3_L001	success	Rotavirus C	11	0.0	0.0	0.0
WS_SKN_KCL10525738__S3__L001__WS	WS_SKN_KCL10525738_S3_L001	success	Rubella virus	2	0.0	0.0	0.0
WS_SKN_KCL10525738__S3__L001__WS	WS_SKN_KCL10525738_S3_L001	success	Salivirus A	1	0.0	0.0	0.0
WS_SKN_KCL10525738__S3__L001__WS	WS_SKN_KCL10525738_S3_L001	success	Sapporo virus	2	0.0	0.0	0.0
WS_SKN_KCL10525738__S3__L001__WS	WS_SKN_KCL10525738_S3_L001	success	Semliki forest virus	3	0.0	0.0	0.0
WS_SKN_KCL10525738__S3__L001__WS	WS_SKN_KCL10525738_S3_L001	success	Seoul virus	3	0.0	0.0	0.0
WS_SKN_KCL10525738__S3__L001__WS	WS_SKN_KCL10525738_S3_L001	success	Sindbis virus	4	0.0	0.0	0.0
WS_SKN_KCL10525738__S3__L001__WS	WS_SKN_KCL10525738_S3_L001	success	St. louis encephalitis virus	1	0.0	0.0	0.0
WS_SKN_KCL10525738__S3__L001__WS	WS_SKN_KCL10525738_S3_L001	success	Tick-borne powassan virus	1	0.0	0.0	0.0
WS_SKN_KCL10525738__S3__L001__WS	WS_SKN_KCL10525738_S3_L001	success	Torque teno virus	3	0.0	0.0	0.0
WS_SKN_KCL10525738__S3__L001__WS	WS_SKN_KCL10525738_S3_L001	success	Toscana virus	4	0.0	0.0	0.0
WS_SKN_KCL10525738__S3__L001__WS	WS_SKN_KCL10525738_S3_L001	success	Vaccinia virus	223	0.0	0.0	0.0
WS_SKN_KCL10525738__S3__L001__WS	WS_SKN_KCL10525738_S3_L001	success	Varicella-zoster virus	73	0.0	0.0	0.0
WS_SKN_KCL10525738__S3__L001__WS	WS_SKN_KCL10525738_S3_L001	success	Variola virus	197	0.0	0.0	0.0
WS_SKN_KCL10525738__S3__L001__WS	WS_SKN_KCL10525738_S3_L001	success	Venezuelan equine encephalitis virus	4	0.0	0.0	0.0
WS_SKN_KCL10525738__S3__L001__WS	WS_SKN_KCL10525738_S3_L001	success	Vesicular stomatitis virus	5	0.0	0.0	0.0
WS_SKN_KCL10525738__S3__L001__WS	WS_SKN_KCL10525738_S3_L001	success	WU polyomavirus	5	0.0	0.0	0.0
WS_SKN_KCL10525738__S3__L001__WS	WS_SKN_KCL10525738_S3_L001	success	West Nile virus	1	0.0	0.0	0.0
WS_SKN_KCL10525738__S3__L001__WS	WS_SKN_KCL10525738_S3_L001	success	Western equine encephalitis virus	3	0.0	0.0	0.0
WS_SKN_KCL10525738__S3__L001__WS	WS_SKN_KCL10525738_S3_L001	success	Yaba-like disease virus	152	0.0	0.0	0.0
WS_SKN_KCL10525738__S3__L001__WS	WS_SKN_KCL10525738_S3_L001	success	Yellow fever virus	1	0.0	0.0	0.0
WS_SKN_KCL10525738__S3__L001__WS	WS_SKN_KCL10525738_S3_L001	success	Zika virus	1	0.0	0.0	0.0
WS_SKN_KCL10525738__S4__L001__WS	WS_SKN_KCL10525738_S4_L001	success	ADENO_AAV2gp01	1	0.0	0.0	0.0
WS_SKN_KCL10525738__S4__L001__WS	WS_SKN_KCL10525738_S4_L001	success	ADENO_AAV2gp02	1	0.0	0.0	0.0
WS_SKN_KCL10525738__S4__L001__WS	WS_SKN_KCL10525738_S4_L001	success	ADENO_AAV2gp03	1	0.0	0.0	0.0
WS_SKN_KCL10525738__S4__L001__WS	WS_SKN_KCL10525738_S4_L001	success	ADENO_AAV2gp04	1	0.0	0.0	0.0
WS_SKN_KCL10525738__S4__L001__WS	WS_SKN_KCL10525738_S4_L001	success	ADENO_AAV2gp05	1	0.0	0.0	0.0
WS_SKN_KCL10525738__S4__L001__WS	WS_SKN_KCL10525738_S4_L001	success	ADENO_AAV2gp06	1	0.0	0.0	0.0
WS_SKN_KCL10525738__S4__L001__WS	WS_SKN_KCL10525738_S4_L001	success	ADENO_AAV2gp07	1	0.0	0.0	0.0
WS_SKN_KCL10525738__S4__L001__WS	WS_SKN_KCL10525738_S4_L001	success	ADENO_AAV2gp08	1	0.0	0.0	0.0
WS_SKN_KCL10525738__S4__L001__WS	WS_SKN_KCL10525738_S4_L001	success	ADENO_AAV2gs01	1	0.0	0.0	0.0
WS_SKN_KCL10525738__S4__L001__WS	WS_SKN_KCL10525738_S4_L001	success	ADENO_AAV2gs02	1	0.0	0.0	0.0
WS_SKN_KCL10525738__S4__L001__WS	WS_SKN_KCL10525738_S4_L001	success	ADENO_AAV2gs03	1	0.0	0.0	0.0
WS_SKN_KCL10525738__S4__L001__WS	WS_SKN_KCL10525738_S4_L001	success	Aichi virus	1	0.0	0.0	0.0
WS_SKN_KCL10525738__S4__L001__WS	WS_SKN_KCL10525738_S4_L001	success	Australian Bat Lyssavirus	5	0.0	0.0	0.0
WS_SKN_KCL10525738__S4__L001__WS	WS_SKN_KCL10525738_S4_L001	success	BK polyomavirus	6	0.0	0.0	0.0
WS_SKN_KCL10525738__S4__L001__WS	WS_SKN_KCL10525738_S4_L001	success	Banna virus	11	0.0	0.0	0.0
WS_SKN_KCL10525738__S4__L001__WS	WS_SKN_KCL10525738_S4_L001	success	Barmah forest virus	4	0.0	0.0	0.0
WS_SKN_KCL10525738__S4__L001__WS	WS_SKN_KCL10525738_S4_L001	success	Bunyamwera virus	4	0.0	0.0	0.0
WS_SKN_KCL10525738__S4__L001__WS	WS_SKN_KCL10525738_S4_L001	success	Bunyavirus La Crosse	4	0.0	0.0	0.0
WS_SKN_KCL10525738__S4__L001__WS	WS_SKN_KCL10525738_S4_L001	success	Cercopithecine herpesvirus	75	0.0	2.746105919003113	2.0
WS_SKN_KCL10525738__S4__L001__WS	WS_SKN_KCL10525738_S4_L001	success	Chikungunya virus	2	0.0	0.0	0.0
WS_SKN_KCL10525738__S4__L001__WS	WS_SKN_KCL10525738_S4_L001	success	Cosavirus A	1	0.0	0.0	0.0
WS_SKN_KCL10525738__S4__L001__WS	WS_SKN_KCL10525738_S4_L001	success	Cowpox virus	233	0.0	0.23076923076923078	0.0
WS_SKN_KCL10525738__S4__L001__WS	WS_SKN_KCL10525738_S4_L001	success	Coxsackievirus	1	0.0	0.0	0.0
WS_SKN_KCL10525738__S4__L001__WS	WS_SKN_KCL10525738_S4_L001	success	Crimean Congo hemorrhagic fever virus	3	0.0	0.0	0.0
WS_SKN_KCL10525738__S4__L001__WS	WS_SKN_KCL10525738_S4_L001	success	DENV_DV1_gp1	1	0.0	0.0	0.0
WS_SKN_KCL10525738__S4__L001__WS	WS_SKN_KCL10525738_S4_L001	success	DENV_unassigned_gene_1	1	0.0	0.0	0.0
WS_SKN_KCL10525738__S4__L001__WS	WS_SKN_KCL10525738_S4_L001	success	DENV_unassigned_gene_2	1	0.0	0.0	0.0
WS_SKN_KCL10525738__S4__L001__WS	WS_SKN_KCL10525738_S4_L001	success	DENV_unassigned_gene_3	1	0.0	0.0	0.0
WS_SKN_KCL10525738__S4__L001__WS	WS_SKN_KCL10525738_S4_L001	success	DENV_unassigned_gene_4	1	0.0	0.0	0.0
WS_SKN_KCL10525738__S4__L001__WS	WS_SKN_KCL10525738_S4_L001	success	Eastern_equine_encephalitis_virus	4	0.0	0.0	0.0
WS_SKN_KCL10525738__S4__L001__WS	WS_SKN_KCL10525738_S4_L001	success	Ebolavirus	7	0.0	0.0	0.0
WS_SKN_KCL10525738__S4__L001__WS	WS_SKN_KCL10525738_S4_L001	success	Echovirus	1	0.0	0.0	0.0
WS_SKN_KCL10525738__S4__L001__WS	WS_SKN_KCL10525738_S4_L001	success	Encephalomyocarditis virus	2	0.0	0.0	0.0
WS_SKN_KCL10525738__S4__L001__WS	WS_SKN_KCL10525738_S4_L001	success	Epstein-Barr virus	96	0.0	0.0	0.0
WS_SKN_KCL10525738__S4__L001__WS	WS_SKN_KCL10525738_S4_L001	success	European bat lyssavirus	5	0.0	0.0	0.0
WS_SKN_KCL10525738__S4__L001__WS	WS_SKN_KCL10525738_S4_L001	success	Human SARS coronavirus	13	0.0	0.0	0.0
WS_SKN_KCL10525738__S4__L001__WS	WS_SKN_KCL10525738_S4_L001	success	Human adenovirus	18	0.0	0.0	0.0
WS_SKN_KCL10525738__S4__L001__WS	WS_SKN_KCL10525738_S4_L001	success	Human astrovirus	2	0.0	0.0	0.0
WS_SKN_KCL10525738__S4__L001__WS	WS_SKN_KCL10525738_S4_L001	success	Human coronavirus	7	0.0	0.0	0.0
WS_SKN_KCL10525738__S4__L001__WS	WS_SKN_KCL10525738_S4_L001	success	Human cytomegalovirus	187	0.0	0.0	0.0
WS_SKN_KCL10525738__S4__L001__WS	WS_SKN_KCL10525738_S4_L001	success	Human enterovirus 68, 70	1	0.0	0.0	0.0
WS_SKN_KCL10525738__S4__L001__WS	WS_SKN_KCL10525738_S4_L001	success	Human herpesvirus 1	79	0.0	0.0	0.0
WS_SKN_KCL10525738__S4__L001__WS	WS_SKN_KCL10525738_S4_L001	success	Human herpesvirus 2	79	0.0	0.0	0.0
WS_SKN_KCL10525738__S4__L001__WS	WS_SKN_KCL10525738_S4_L001	success	Human herpesvirus 6	88	0.0	0.0	0.0
WS_SKN_KCL10525738__S4__L001__WS	WS_SKN_KCL10525738_S4_L001	success	Human herpesvirus 6b	97	1.0	1.0	1.0
WS_SKN_KCL10525738__S4__L001__WS	WS_SKN_KCL10525738_S4_L001	success	Human herpesvirus 7	86	0.0	0.0	0.0
WS_SKN_KCL10525738__S4__L001__WS	WS_SKN_KCL10525738_S4_L001	success	Human herpesvirus 8	98	0.0	0.0	0.0
WS_SKN_KCL10525738__S4__L001__WS	WS_SKN_KCL10525738_S4_L001	success	Human papillomavirus 1	7	0.0	0.0	0.0
WS_SKN_KCL10525738__S4__L001__WS	WS_SKN_KCL10525738_S4_L001	success	Human papillomavirus 16,18	8	0.0	0.0	0.0
WS_SKN_KCL10525738__S4__L001__WS	WS_SKN_KCL10525738_S4_L001	success	Human papillomavirus 2	7	0.0	0.0	0.0
WS_SKN_KCL10525738__S4__L001__WS	WS_SKN_KCL10525738_S4_L001	success	Human parainfluenza	10	0.0	0.0	0.0
WS_SKN_KCL10525738__S4__L001__WS	WS_SKN_KCL10525738_S4_L001	success	Human parvovirus B19	6	0.0	0.0	0.0
WS_SKN_KCL10525738__S4__L001__WS	WS_SKN_KCL10525738_S4_L001	success	Human respiratory syncytial virus	10	0.0	0.0	0.0
WS_SKN_KCL10525738__S4__L001__WS	WS_SKN_KCL10525738_S4_L001	success	Human rhinovirus	1	0.0	0.0	0.0
WS_SKN_KCL10525738__S4__L001__WS	WS_SKN_KCL10525738_S4_L001	success	Influenza A virus	12	0.0	0.0	0.0
WS_SKN_KCL10525738__S4__L001__WS	WS_SKN_KCL10525738_S4_L001	success	Influenza B virus	10	0.0	0.0	0.0
WS_SKN_KCL10525738__S4__L001__WS	WS_SKN_KCL10525738_S4_L001	success	Influenza C virus	7	0.0	0.0	0.0
WS_SKN_KCL10525738__S4__L001__WS	WS_SKN_KCL10525738_S4_L001	success	JC polyomavirus	6	0.0	0.0	0.0
WS_SKN_KCL10525738__S4__L001__WS	WS_SKN_KCL10525738_S4_L001	success	Japanese encephalitis virus	2	0.0	0.0	0.0
WS_SKN_KCL10525738__S4__L001__WS	WS_SKN_KCL10525738_S4_L001	success	KI Polyomavirus	5	0.0	0.0	0.0
WS_SKN_KCL10525738__S4__L001__WS	WS_SKN_KCL10525738_S4_L001	success	Lake Victoria marburgvirus	7	0.0	0.0	0.0
WS_SKN_KCL10525738__S4__L001__WS	WS_SKN_KCL10525738_S4_L001	success	Langat virus	1	0.0	0.0	0.0
WS_SKN_KCL10525738__S4__L001__WS	WS_SKN_KCL10525738_S4_L001	success	Lassa virus	4	0.0	0.0	0.0
WS_SKN_KCL10525738__S4__L001__WS	WS_SKN_KCL10525738_S4_L001	success	Louping ill virus	1	0.0	0.0	0.0
WS_SKN_KCL10525738__S4__L001__WS	WS_SKN_KCL10525738_S4_L001	success	Lymphocytic choriomeningitis virus	4	0.0	0.0	0.0
WS_SKN_KCL10525738__S4__L001__WS	WS_SKN_KCL10525738_S4_L001	success	MERS coronavirus	10	0.0	0.0	0.0
WS_SKN_KCL10525738__S4__L001__WS	WS_SKN_KCL10525738_S4_L001	success	Mayaro virus	4	0.0	0.0	0.0
WS_SKN_KCL10525738__S4__L001__WS	WS_SKN_KCL10525738_S4_L001	success	Measles virus	6	0.0	0.0	0.0
WS_SKN_KCL10525738__S4__L001__WS	WS_SKN_KCL10525738_S4_L001	success	Merkel cell polyomavirus	4	0.0	0.0	0.0
WS_SKN_KCL10525738__S4__L001__WS	WS_SKN_KCL10525738_S4_L001	success	Molluscum contagiosum virus	163	0.0	0.0	0.0
WS_SKN_KCL10525738__S4__L001__WS	WS_SKN_KCL10525738_S4_L001	success	Monkeypox virus	180	0.0	0.23076923076923078	0.0
WS_SKN_KCL10525738__S4__L001__WS	WS_SKN_KCL10525738_S4_L001	success	Mumps virus	7	0.0	0.0	0.0
WS_SKN_KCL10525738__S4__L001__WS	WS_SKN_KCL10525738_S4_L001	success	Murray valley encephalitis virus	2	0.0	0.0	0.0
WS_SKN_KCL10525738__S4__L001__WS	WS_SKN_KCL10525738_S4_L001	success	Nipah virus	6	0.0	0.0	0.0
WS_SKN_KCL10525738__S4__L001__WS	WS_SKN_KCL10525738_S4_L001	success	Norwalk virus	3	0.0	0.0	0.0
WS_SKN_KCL10525738__S4__L001__WS	WS_SKN_KCL10525738_S4_L001	success	O'nyong-nyong virus	4	0.0	0.0	0.0
WS_SKN_KCL10525738__S4__L001__WS	WS_SKN_KCL10525738_S4_L001	success	Orf virus	130	0.0	0.0	0.0
WS_SKN_KCL10525738__S4__L001__WS	WS_SKN_KCL10525738_S4_L001	success	Oropouche virus	4	0.0	0.0	0.0
WS_SKN_KCL10525738__S4__L001__WS	WS_SKN_KCL10525738_S4_L001	success	Poliovirus	5	0.0	0.0	0.0
WS_SKN_KCL10525738__S4__L001__WS	WS_SKN_KCL10525738_S4_L001	success	Rabies virus	5	0.0	0.0	0.0
WS_SKN_KCL10525738__S4__L001__WS	WS_SKN_KCL10525738_S4_L001	success	Rosavirus A	1	0.0	0.0	0.0
WS_SKN_KCL10525738__S4__L001__WS	WS_SKN_KCL10525738_S4_L001	success	Ross river virus	4	0.0	0.0	0.0
WS_SKN_KCL10525738__S4__L001__WS	WS_SKN_KCL10525738_S4_L001	success	Rotavirus A	10	0.0	0.0	0.0
WS_SKN_KCL10525738__S4__L001__WS	WS_SKN_KCL10525738_S4_L001	success	Rotavirus B	11	0.0	0.0	0.0
WS_SKN_KCL10525738__S4__L001__WS	WS_SKN_KCL10525738_S4_L001	success	Rotavirus C	11	0.0	0.0	0.0
WS_SKN_KCL10525738__S4__L001__WS	WS_SKN_KCL10525738_S4_L001	success	Rubella virus	2	0.0	0.0	0.0
WS_SKN_KCL10525738__S4__L001__WS	WS_SKN_KCL10525738_S4_L001	success	Salivirus A	1	0.0	0.0	0.0
WS_SKN_KCL10525738__S4__L001__WS	WS_SKN_KCL10525738_S4_L001	success	Sapporo virus	2	0.0	0.0	0.0
WS_SKN_KCL10525738__S4__L001__WS	WS_SKN_KCL10525738_S4_L001	success	Semliki forest virus	3	0.0	0.0	0.0
WS_SKN_KCL10525738__S4__L001__WS	WS_SKN_KCL10525738_S4_L001	success	Seoul virus	3	0.0	0.0	0.0
WS_SKN_KCL10525738__S4__L001__WS	WS_SKN_KCL10525738_S4_L001	success	Sindbis virus	4	0.0	0.0	0.0
WS_SKN_KCL10525738__S4__L001__WS	WS_SKN_KCL10525738_S4_L001	success	St. louis encephalitis virus	1	0.0	0.0	0.0
WS_SKN_KCL10525738__S4__L001__WS	WS_SKN_KCL10525738_S4_L001	success	Tick-borne powassan virus	1	0.0	0.0	0.0
WS_SKN_KCL10525738__S4__L001__WS	WS_SKN_KCL10525738_S4_L001	success	Torque teno virus	3	0.0	0.0	0.0
WS_SKN_KCL10525738__S4__L001__WS	WS_SKN_KCL10525738_S4_L001	success	Toscana virus	4	0.0	0.0	0.0
WS_SKN_KCL10525738__S4__L001__WS	WS_SKN_KCL10525738_S4_L001	success	Vaccinia virus	223	0.0	0.0	0.0
WS_SKN_KCL10525738__S4__L001__WS	WS_SKN_KCL10525738_S4_L001	success	Varicella-zoster virus	73	0.0	0.0	0.0
WS_SKN_KCL10525738__S4__L001__WS	WS_SKN_KCL10525738_S4_L001	success	Variola virus	197	0.0	0.0	0.0
WS_SKN_KCL10525738__S4__L001__WS	WS_SKN_KCL10525738_S4_L001	success	Venezuelan equine encephalitis virus	4	0.0	0.0	0.0
WS_SKN_KCL10525738__S4__L001__WS	WS_SKN_KCL10525738_S4_L001	success	Vesicular stomatitis virus	5	0.0	0.0	0.0
WS_SKN_KCL10525738__S4__L001__WS	WS_SKN_KCL10525738_S4_L001	success	WU polyomavirus	5	0.0	0.0	0.0
WS_SKN_KCL10525738__S4__L001__WS	WS_SKN_KCL10525738_S4_L001	success	West Nile virus	1	0.0	0.0	0.0
WS_SKN_KCL10525738__S4__L001__WS	WS_SKN_KCL10525738_S4_L001	success	Western equine encephalitis virus	3	0.0	0.0	0.0
WS_SKN_KCL10525738__S4__L001__WS	WS_SKN_KCL10525738_S4_L001	success	Yaba-like disease virus	152	0.0	0.0	0.0
WS_SKN_KCL10525738__S4__L001__WS	WS_SKN_KCL10525738_S4_L001	success	Yellow fever virus	1	0.0	0.0	0.0
WS_SKN_KCL10525738__S4__L001__WS	WS_SKN_KCL10525738_S4_L001	success	Zika virus	1	0.0	0.0	0.0
WS_SKN_KCL10525738__S4__L002__WS	WS_SKN_KCL10525738_S4_L002	success	ADENO_AAV2gp01	1	0.0	0.0	0.0
WS_SKN_KCL10525738__S4__L002__WS	WS_SKN_KCL10525738_S4_L002	success	ADENO_AAV2gp02	1	0.0	0.0	0.0
WS_SKN_KCL10525738__S4__L002__WS	WS_SKN_KCL10525738_S4_L002	success	ADENO_AAV2gp03	1	0.0	0.0	0.0
WS_SKN_KCL10525738__S4__L002__WS	WS_SKN_KCL10525738_S4_L002	success	ADENO_AAV2gp04	1	0.0	0.0	0.0
WS_SKN_KCL10525738__S4__L002__WS	WS_SKN_KCL10525738_S4_L002	success	ADENO_AAV2gp05	1	0.0	0.0	0.0
WS_SKN_KCL10525738__S4__L002__WS	WS_SKN_KCL10525738_S4_L002	success	ADENO_AAV2gp06	1	0.0	0.0	0.0
WS_SKN_KCL10525738__S4__L002__WS	WS_SKN_KCL10525738_S4_L002	success	ADENO_AAV2gp07	1	0.0	0.0	0.0
WS_SKN_KCL10525738__S4__L002__WS	WS_SKN_KCL10525738_S4_L002	success	ADENO_AAV2gp08	1	0.0	0.0	0.0
WS_SKN_KCL10525738__S4__L002__WS	WS_SKN_KCL10525738_S4_L002	success	ADENO_AAV2gs01	1	0.0	0.0	0.0
WS_SKN_KCL10525738__S4__L002__WS	WS_SKN_KCL10525738_S4_L002	success	ADENO_AAV2gs02	1	0.0	0.0	0.0
WS_SKN_KCL10525738__S4__L002__WS	WS_SKN_KCL10525738_S4_L002	success	ADENO_AAV2gs03	1	0.0	0.0	0.0
WS_SKN_KCL10525738__S4__L002__WS	WS_SKN_KCL10525738_S4_L002	success	Aichi virus	1	0.0	0.0	0.0
WS_SKN_KCL10525738__S4__L002__WS	WS_SKN_KCL10525738_S4_L002	success	Australian Bat Lyssavirus	5	0.0	0.0	0.0
WS_SKN_KCL10525738__S4__L002__WS	WS_SKN_KCL10525738_S4_L002	success	BK polyomavirus	6	0.0	0.0	0.0
WS_SKN_KCL10525738__S4__L002__WS	WS_SKN_KCL10525738_S4_L002	success	Banna virus	11	0.0	0.0	0.0
WS_SKN_KCL10525738__S4__L002__WS	WS_SKN_KCL10525738_S4_L002	success	Barmah forest virus	4	0.0	0.0	0.0
WS_SKN_KCL10525738__S4__L002__WS	WS_SKN_KCL10525738_S4_L002	success	Bunyamwera virus	4	0.0	0.0	0.0
WS_SKN_KCL10525738__S4__L002__WS	WS_SKN_KCL10525738_S4_L002	success	Bunyavirus La Crosse	4	0.0	0.0	0.0
WS_SKN_KCL10525738__S4__L002__WS	WS_SKN_KCL10525738_S4_L002	success	Cercopithecine herpesvirus	75	0.0	0.06074766355140187	0.0
WS_SKN_KCL10525738__S4__L002__WS	WS_SKN_KCL10525738_S4_L002	success	Chikungunya virus	2	0.0	0.0	0.0
WS_SKN_KCL10525738__S4__L002__WS	WS_SKN_KCL10525738_S4_L002	success	Cosavirus A	1	0.0	0.0	0.0
WS_SKN_KCL10525738__S4__L002__WS	WS_SKN_KCL10525738_S4_L002	success	Cowpox virus	233	0.0	0.07692307692307693	0.0
WS_SKN_KCL10525738__S4__L002__WS	WS_SKN_KCL10525738_S4_L002	success	Coxsackievirus	1	0.0	0.0	0.0
WS_SKN_KCL10525738__S4__L002__WS	WS_SKN_KCL10525738_S4_L002	success	Crimean Congo hemorrhagic fever virus	3	0.0	0.0	0.0
WS_SKN_KCL10525738__S4__L002__WS	WS_SKN_KCL10525738_S4_L002	success	DENV_DV1_gp1	1	0.0	0.0	0.0
WS_SKN_KCL10525738__S4__L002__WS	WS_SKN_KCL10525738_S4_L002	success	DENV_unassigned_gene_1	1	0.0	0.0	0.0
WS_SKN_KCL10525738__S4__L002__WS	WS_SKN_KCL10525738_S4_L002	success	DENV_unassigned_gene_2	1	0.0	0.0	0.0
WS_SKN_KCL10525738__S4__L002__WS	WS_SKN_KCL10525738_S4_L002	success	DENV_unassigned_gene_3	1	0.0	0.0	0.0
WS_SKN_KCL10525738__S4__L002__WS	WS_SKN_KCL10525738_S4_L002	success	DENV_unassigned_gene_4	1	0.0	0.0	0.0
WS_SKN_KCL10525738__S4__L002__WS	WS_SKN_KCL10525738_S4_L002	success	Eastern_equine_encephalitis_virus	4	0.0	0.0	0.0
WS_SKN_KCL10525738__S4__L002__WS	WS_SKN_KCL10525738_S4_L002	success	Ebolavirus	7	0.0	0.0	0.0
WS_SKN_KCL10525738__S4__L002__WS	WS_SKN_KCL10525738_S4_L002	success	Echovirus	1	0.0	0.0	0.0
WS_SKN_KCL10525738__S4__L002__WS	WS_SKN_KCL10525738_S4_L002	success	Encephalomyocarditis virus	2	0.0	0.0	0.0
WS_SKN_KCL10525738__S4__L002__WS	WS_SKN_KCL10525738_S4_L002	success	Epstein-Barr virus	96	0.0	0.0	0.0
WS_SKN_KCL10525738__S4__L002__WS	WS_SKN_KCL10525738_S4_L002	success	European bat lyssavirus	5	0.0	0.0	0.0
WS_SKN_KCL10525738__S4__L002__WS	WS_SKN_KCL10525738_S4_L002	success	Human SARS coronavirus	13	0.0	0.0	0.0
WS_SKN_KCL10525738__S4__L002__WS	WS_SKN_KCL10525738_S4_L002	success	Human adenovirus	18	0.0	0.0	0.0
WS_SKN_KCL10525738__S4__L002__WS	WS_SKN_KCL10525738_S4_L002	success	Human astrovirus	2	0.0	0.0	0.0
WS_SKN_KCL10525738__S4__L002__WS	WS_SKN_KCL10525738_S4_L002	success	Human coronavirus	7	0.0	0.0	0.0
WS_SKN_KCL10525738__S4__L002__WS	WS_SKN_KCL10525738_S4_L002	success	Human cytomegalovirus	187	0.0	0.0	0.0
WS_SKN_KCL10525738__S4__L002__WS	WS_SKN_KCL10525738_S4_L002	success	Human enterovirus 68, 70	1	0.0	0.0	0.0
WS_SKN_KCL10525738__S4__L002__WS	WS_SKN_KCL10525738_S4_L002	success	Human herpesvirus 1	79	0.0	0.0	0.0
WS_SKN_KCL10525738__S4__L002__WS	WS_SKN_KCL10525738_S4_L002	success	Human herpesvirus 2	79	0.0	0.0	0.0
WS_SKN_KCL10525738__S4__L002__WS	WS_SKN_KCL10525738_S4_L002	success	Human herpesvirus 6	88	0.0	0.0	0.0
WS_SKN_KCL10525738__S4__L002__WS	WS_SKN_KCL10525738_S4_L002	success	Human herpesvirus 6b	97	0.0	0.0	0.0
WS_SKN_KCL10525738__S4__L002__WS	WS_SKN_KCL10525738_S4_L002	success	Human herpesvirus 7	86	0.0	0.0	0.0
WS_SKN_KCL10525738__S4__L002__WS	WS_SKN_KCL10525738_S4_L002	success	Human herpesvirus 8	98	0.0	0.0	0.0
WS_SKN_KCL10525738__S4__L002__WS	WS_SKN_KCL10525738_S4_L002	success	Human papillomavirus 1	7	0.0	0.0	0.0
WS_SKN_KCL10525738__S4__L002__WS	WS_SKN_KCL10525738_S4_L002	success	Human papillomavirus 16,18	8	0.0	0.0	0.0
WS_SKN_KCL10525738__S4__L002__WS	WS_SKN_KCL10525738_S4_L002	success	Human papillomavirus 2	7	0.0	0.0	0.0
WS_SKN_KCL10525738__S4__L002__WS	WS_SKN_KCL10525738_S4_L002	success	Human parainfluenza	10	0.0	0.0	0.0
WS_SKN_KCL10525738__S4__L002__WS	WS_SKN_KCL10525738_S4_L002	success	Human parvovirus B19	6	0.0	0.0	0.0
WS_SKN_KCL10525738__S4__L002__WS	WS_SKN_KCL10525738_S4_L002	success	Human respiratory syncytial virus	10	0.0	0.0	0.0
WS_SKN_KCL10525738__S4__L002__WS	WS_SKN_KCL10525738_S4_L002	success	Human rhinovirus	1	0.0	0.0	0.0
WS_SKN_KCL10525738__S4__L002__WS	WS_SKN_KCL10525738_S4_L002	success	Influenza A virus	12	0.0	0.0	0.0
WS_SKN_KCL10525738__S4__L002__WS	WS_SKN_KCL10525738_S4_L002	success	Influenza B virus	10	0.0	0.0	0.0
WS_SKN_KCL10525738__S4__L002__WS	WS_SKN_KCL10525738_S4_L002	success	Influenza C virus	7	0.0	0.0	0.0
WS_SKN_KCL10525738__S4__L002__WS	WS_SKN_KCL10525738_S4_L002	success	JC polyomavirus	6	0.0	0.0	0.0
WS_SKN_KCL10525738__S4__L002__WS	WS_SKN_KCL10525738_S4_L002	success	Japanese encephalitis virus	2	0.0	0.0	0.0
WS_SKN_KCL10525738__S4__L002__WS	WS_SKN_KCL10525738_S4_L002	success	KI Polyomavirus	5	0.0	0.0	0.0
WS_SKN_KCL10525738__S4__L002__WS	WS_SKN_KCL10525738_S4_L002	success	Lake Victoria marburgvirus	7	0.0	0.0	0.0
WS_SKN_KCL10525738__S4__L002__WS	WS_SKN_KCL10525738_S4_L002	success	Langat virus	1	0.0	0.0	0.0
WS_SKN_KCL10525738__S4__L002__WS	WS_SKN_KCL10525738_S4_L002	success	Lassa virus	4	0.0	0.0	0.0
WS_SKN_KCL10525738__S4__L002__WS	WS_SKN_KCL10525738_S4_L002	success	Louping ill virus	1	0.0	0.0	0.0
WS_SKN_KCL10525738__S4__L002__WS	WS_SKN_KCL10525738_S4_L002	success	Lymphocytic choriomeningitis virus	4	0.0	0.0	0.0
WS_SKN_KCL10525738__S4__L002__WS	WS_SKN_KCL10525738_S4_L002	success	MERS coronavirus	10	0.0	0.0	0.0
WS_SKN_KCL10525738__S4__L002__WS	WS_SKN_KCL10525738_S4_L002	success	Mayaro virus	4	0.0	0.0	0.0
WS_SKN_KCL10525738__S4__L002__WS	WS_SKN_KCL10525738_S4_L002	success	Measles virus	6	0.0	0.0	0.0
WS_SKN_KCL10525738__S4__L002__WS	WS_SKN_KCL10525738_S4_L002	success	Merkel cell polyomavirus	4	0.0	0.0	0.0
WS_SKN_KCL10525738__S4__L002__WS	WS_SKN_KCL10525738_S4_L002	success	Molluscum contagiosum virus	163	0.0	0.0	0.0
WS_SKN_KCL10525738__S4__L002__WS	WS_SKN_KCL10525738_S4_L002	success	Monkeypox virus	180	0.0	0.07692307692307693	0.0
WS_SKN_KCL10525738__S4__L002__WS	WS_SKN_KCL10525738_S4_L002	success	Mumps virus	7	0.0	0.0	0.0
WS_SKN_KCL10525738__S4__L002__WS	WS_SKN_KCL10525738_S4_L002	success	Murray valley encephalitis virus	2	0.0	0.0	0.0
WS_SKN_KCL10525738__S4__L002__WS	WS_SKN_KCL10525738_S4_L002	success	Nipah virus	6	0.0	0.0	0.0
WS_SKN_KCL10525738__S4__L002__WS	WS_SKN_KCL10525738_S4_L002	success	Norwalk virus	3	0.0	0.0	0.0
WS_SKN_KCL10525738__S4__L002__WS	WS_SKN_KCL10525738_S4_L002	success	O'nyong-nyong virus	4	0.0	0.0	0.0
WS_SKN_KCL10525738__S4__L002__WS	WS_SKN_KCL10525738_S4_L002	success	Orf virus	130	0.0	0.0	0.0
WS_SKN_KCL10525738__S4__L002__WS	WS_SKN_KCL10525738_S4_L002	success	Oropouche virus	4	0.0	0.0	0.0
WS_SKN_KCL10525738__S4__L002__WS	WS_SKN_KCL10525738_S4_L002	success	Poliovirus	5	0.0	0.0	0.0
WS_SKN_KCL10525738__S4__L002__WS	WS_SKN_KCL10525738_S4_L002	success	Rabies virus	5	0.0	0.0	0.0
WS_SKN_KCL10525738__S4__L002__WS	WS_SKN_KCL10525738_S4_L002	success	Rosavirus A	1	0.0	0.0	0.0
WS_SKN_KCL10525738__S4__L002__WS	WS_SKN_KCL10525738_S4_L002	success	Ross river virus	4	0.0	0.0	0.0
WS_SKN_KCL10525738__S4__L002__WS	WS_SKN_KCL10525738_S4_L002	success	Rotavirus A	10	0.0	0.0	0.0
WS_SKN_KCL10525738__S4__L002__WS	WS_SKN_KCL10525738_S4_L002	success	Rotavirus B	11	0.0	0.0	0.0
WS_SKN_KCL10525738__S4__L002__WS	WS_SKN_KCL10525738_S4_L002	success	Rotavirus C	11	0.0	0.0	0.0
WS_SKN_KCL10525738__S4__L002__WS	WS_SKN_KCL10525738_S4_L002	success	Rubella virus	2	0.0	0.0	0.0
WS_SKN_KCL10525738__S4__L002__WS	WS_SKN_KCL10525738_S4_L002	success	Salivirus A	1	0.0	0.0	0.0
WS_SKN_KCL10525738__S4__L002__WS	WS_SKN_KCL10525738_S4_L002	success	Sapporo virus	2	0.0	0.0	0.0
WS_SKN_KCL10525738__S4__L002__WS	WS_SKN_KCL10525738_S4_L002	success	Semliki forest virus	3	0.0	0.0	0.0
WS_SKN_KCL10525738__S4__L002__WS	WS_SKN_KCL10525738_S4_L002	success	Seoul virus	3	0.0	0.0	0.0
WS_SKN_KCL10525738__S4__L002__WS	WS_SKN_KCL10525738_S4_L002	success	Sindbis virus	4	0.0	0.0	0.0
WS_SKN_KCL10525738__S4__L002__WS	WS_SKN_KCL10525738_S4_L002	success	St. louis encephalitis virus	1	0.0	0.0	0.0
WS_SKN_KCL10525738__S4__L002__WS	WS_SKN_KCL10525738_S4_L002	success	Tick-borne powassan virus	1	0.0	0.0	0.0
WS_SKN_KCL10525738__S4__L002__WS	WS_SKN_KCL10525738_S4_L002	success	Torque teno virus	3	0.0	0.0	0.0
WS_SKN_KCL10525738__S4__L002__WS	WS_SKN_KCL10525738_S4_L002	success	Toscana virus	4	0.0	0.0	0.0
WS_SKN_KCL10525738__S4__L002__WS	WS_SKN_KCL10525738_S4_L002	success	Vaccinia virus	223	0.0	0.0	0.0
WS_SKN_KCL10525738__S4__L002__WS	WS_SKN_KCL10525738_S4_L002	success	Varicella-zoster virus	73	0.0	0.0	0.0
WS_SKN_KCL10525738__S4__L002__WS	WS_SKN_KCL10525738_S4_L002	success	Variola virus	197	0.0	0.0	0.0
WS_SKN_KCL10525738__S4__L002__WS	WS_SKN_KCL10525738_S4_L002	success	Venezuelan equine encephalitis virus	4	0.0	0.0	0.0
WS_SKN_KCL10525738__S4__L002__WS	WS_SKN_KCL10525738_S4_L002	success	Vesicular stomatitis virus	5	0.0	0.0	0.0
WS_SKN_KCL10525738__S4__L002__WS	WS_SKN_KCL10525738_S4_L002	success	WU polyomavirus	5	0.0	0.0	0.0
WS_SKN_KCL10525738__S4__L002__WS	WS_SKN_KCL10525738_S4_L002	success	West Nile virus	1	0.0	0.0	0.0
WS_SKN_KCL10525738__S4__L002__WS	WS_SKN_KCL10525738_S4_L002	success	Western equine encephalitis virus	3	0.0	0.0	0.0
WS_SKN_KCL10525738__S4__L002__WS	WS_SKN_KCL10525738_S4_L002	success	Yaba-like disease virus	152	0.0	0.0	0.0
WS_SKN_KCL10525738__S4__L002__WS	WS_SKN_KCL10525738_S4_L002	success	Yellow fever virus	1	0.0	0.0	0.0
WS_SKN_KCL10525738__S4__L002__WS	WS_SKN_KCL10525738_S4_L002	success	Zika virus	1	0.0	0.0	0.0
WS_SKN_KCL10525739__S1__L001__WS	WS_SKN_KCL10525739_S1_L001	success	ADENO_AAV2gp01	1	0.0	0.0	0.0
WS_SKN_KCL10525739__S1__L001__WS	WS_SKN_KCL10525739_S1_L001	success	ADENO_AAV2gp02	1	0.0	0.0	0.0
WS_SKN_KCL10525739__S1__L001__WS	WS_SKN_KCL10525739_S1_L001	success	ADENO_AAV2gp03	1	0.0	0.0	0.0
WS_SKN_KCL10525739__S1__L001__WS	WS_SKN_KCL10525739_S1_L001	success	ADENO_AAV2gp04	1	0.0	0.0	0.0
WS_SKN_KCL10525739__S1__L001__WS	WS_SKN_KCL10525739_S1_L001	success	ADENO_AAV2gp05	1	0.0	0.0	0.0
WS_SKN_KCL10525739__S1__L001__WS	WS_SKN_KCL10525739_S1_L001	success	ADENO_AAV2gp06	1	0.0	0.0	0.0
WS_SKN_KCL10525739__S1__L001__WS	WS_SKN_KCL10525739_S1_L001	success	ADENO_AAV2gp07	1	0.0	0.0	0.0
WS_SKN_KCL10525739__S1__L001__WS	WS_SKN_KCL10525739_S1_L001	success	ADENO_AAV2gp08	1	0.0	0.0	0.0
WS_SKN_KCL10525739__S1__L001__WS	WS_SKN_KCL10525739_S1_L001	success	ADENO_AAV2gs01	1	0.0	0.0	0.0
WS_SKN_KCL10525739__S1__L001__WS	WS_SKN_KCL10525739_S1_L001	success	ADENO_AAV2gs02	1	0.0	0.0	0.0
WS_SKN_KCL10525739__S1__L001__WS	WS_SKN_KCL10525739_S1_L001	success	ADENO_AAV2gs03	1	0.0	0.0	0.0
WS_SKN_KCL10525739__S1__L001__WS	WS_SKN_KCL10525739_S1_L001	success	Aichi virus	1	0.0	0.0	0.0
WS_SKN_KCL10525739__S1__L001__WS	WS_SKN_KCL10525739_S1_L001	success	Australian Bat Lyssavirus	5	0.0	0.0	0.0
WS_SKN_KCL10525739__S1__L001__WS	WS_SKN_KCL10525739_S1_L001	success	BK polyomavirus	6	0.0	0.0	0.0
WS_SKN_KCL10525739__S1__L001__WS	WS_SKN_KCL10525739_S1_L001	success	Banna virus	11	0.0	0.0	0.0
WS_SKN_KCL10525739__S1__L001__WS	WS_SKN_KCL10525739_S1_L001	success	Barmah forest virus	4	0.0	0.0	0.0
WS_SKN_KCL10525739__S1__L001__WS	WS_SKN_KCL10525739_S1_L001	success	Bunyamwera virus	4	0.0	0.0	0.0
WS_SKN_KCL10525739__S1__L001__WS	WS_SKN_KCL10525739_S1_L001	success	Bunyavirus La Crosse	4	0.0	0.0	0.0
WS_SKN_KCL10525739__S1__L001__WS	WS_SKN_KCL10525739_S1_L001	success	Cercopithecine herpesvirus	75	0.0	1.0809496837534223	1.0
WS_SKN_KCL10525739__S1__L001__WS	WS_SKN_KCL10525739_S1_L001	success	Chikungunya virus	2	0.0	0.0	0.0
WS_SKN_KCL10525739__S1__L001__WS	WS_SKN_KCL10525739_S1_L001	success	Cosavirus A	1	0.0	0.0	0.0
WS_SKN_KCL10525739__S1__L001__WS	WS_SKN_KCL10525739_S1_L001	success	Cowpox virus	233	0.0	0.0	0.0
WS_SKN_KCL10525739__S1__L001__WS	WS_SKN_KCL10525739_S1_L001	success	Coxsackievirus	1	0.0	0.0	0.0
WS_SKN_KCL10525739__S1__L001__WS	WS_SKN_KCL10525739_S1_L001	success	Crimean Congo hemorrhagic fever virus	3	0.0	0.0	0.0
WS_SKN_KCL10525739__S1__L001__WS	WS_SKN_KCL10525739_S1_L001	success	DENV_DV1_gp1	1	0.0	0.0	0.0
WS_SKN_KCL10525739__S1__L001__WS	WS_SKN_KCL10525739_S1_L001	success	DENV_unassigned_gene_1	1	0.0	0.0	0.0
WS_SKN_KCL10525739__S1__L001__WS	WS_SKN_KCL10525739_S1_L001	success	DENV_unassigned_gene_2	1	0.0	0.0	0.0
WS_SKN_KCL10525739__S1__L001__WS	WS_SKN_KCL10525739_S1_L001	success	DENV_unassigned_gene_3	1	0.0	0.0	0.0
WS_SKN_KCL10525739__S1__L001__WS	WS_SKN_KCL10525739_S1_L001	success	DENV_unassigned_gene_4	1	0.0	0.0	0.0
WS_SKN_KCL10525739__S1__L001__WS	WS_SKN_KCL10525739_S1_L001	success	Eastern_equine_encephalitis_virus	4	0.0	0.0	0.0
WS_SKN_KCL10525739__S1__L001__WS	WS_SKN_KCL10525739_S1_L001	success	Ebolavirus	7	0.0	0.0	0.0
WS_SKN_KCL10525739__S1__L001__WS	WS_SKN_KCL10525739_S1_L001	success	Echovirus	1	0.0	0.0	0.0
WS_SKN_KCL10525739__S1__L001__WS	WS_SKN_KCL10525739_S1_L001	success	Encephalomyocarditis virus	2	0.0	0.0	0.0
WS_SKN_KCL10525739__S1__L001__WS	WS_SKN_KCL10525739_S1_L001	success	Epstein-Barr virus	96	0.0	0.0	0.0
WS_SKN_KCL10525739__S1__L001__WS	WS_SKN_KCL10525739_S1_L001	success	European bat lyssavirus	5	0.0	0.0	0.0
WS_SKN_KCL10525739__S1__L001__WS	WS_SKN_KCL10525739_S1_L001	success	Human SARS coronavirus	13	0.0	0.0	0.0
WS_SKN_KCL10525739__S1__L001__WS	WS_SKN_KCL10525739_S1_L001	success	Human adenovirus	18	0.0	0.0	0.0
WS_SKN_KCL10525739__S1__L001__WS	WS_SKN_KCL10525739_S1_L001	success	Human astrovirus	2	0.0	0.0	0.0
WS_SKN_KCL10525739__S1__L001__WS	WS_SKN_KCL10525739_S1_L001	success	Human coronavirus	7	0.0	0.0	0.0
WS_SKN_KCL10525739__S1__L001__WS	WS_SKN_KCL10525739_S1_L001	success	Human cytomegalovirus	187	0.0	0.0	0.0
WS_SKN_KCL10525739__S1__L001__WS	WS_SKN_KCL10525739_S1_L001	success	Human enterovirus 68, 70	1	0.0	0.0	0.0
WS_SKN_KCL10525739__S1__L001__WS	WS_SKN_KCL10525739_S1_L001	success	Human herpesvirus 1	79	0.0	0.0	0.0
WS_SKN_KCL10525739__S1__L001__WS	WS_SKN_KCL10525739_S1_L001	success	Human herpesvirus 2	79	0.0	0.0	0.0
WS_SKN_KCL10525739__S1__L001__WS	WS_SKN_KCL10525739_S1_L001	success	Human herpesvirus 6	88	1.0	1.0	1.0
WS_SKN_KCL10525739__S1__L001__WS	WS_SKN_KCL10525739_S1_L001	success	Human herpesvirus 6b	97	0.0	0.0	0.0
WS_SKN_KCL10525739__S1__L001__WS	WS_SKN_KCL10525739_S1_L001	success	Human herpesvirus 7	86	0.0	0.0	0.0
WS_SKN_KCL10525739__S1__L001__WS	WS_SKN_KCL10525739_S1_L001	success	Human herpesvirus 8	98	1.0	1.0	1.0
WS_SKN_KCL10525739__S1__L001__WS	WS_SKN_KCL10525739_S1_L001	success	Human papillomavirus 1	7	0.0	0.0	0.0
WS_SKN_KCL10525739__S1__L001__WS	WS_SKN_KCL10525739_S1_L001	success	Human papillomavirus 16,18	8	0.0	0.0	0.0
WS_SKN_KCL10525739__S1__L001__WS	WS_SKN_KCL10525739_S1_L001	success	Human papillomavirus 2	7	0.0	0.0	0.0
WS_SKN_KCL10525739__S1__L001__WS	WS_SKN_KCL10525739_S1_L001	success	Human parainfluenza	10	0.0	0.0	0.0
WS_SKN_KCL10525739__S1__L001__WS	WS_SKN_KCL10525739_S1_L001	success	Human parvovirus B19	6	0.0	0.0	0.0
WS_SKN_KCL10525739__S1__L001__WS	WS_SKN_KCL10525739_S1_L001	success	Human respiratory syncytial virus	10	0.0	0.0	0.0
WS_SKN_KCL10525739__S1__L001__WS	WS_SKN_KCL10525739_S1_L001	success	Human rhinovirus	1	0.0	0.0	0.0
WS_SKN_KCL10525739__S1__L001__WS	WS_SKN_KCL10525739_S1_L001	success	Influenza A virus	12	0.0	0.0	0.0
WS_SKN_KCL10525739__S1__L001__WS	WS_SKN_KCL10525739_S1_L001	success	Influenza B virus	10	0.0	0.0	0.0
WS_SKN_KCL10525739__S1__L001__WS	WS_SKN_KCL10525739_S1_L001	success	Influenza C virus	7	0.0	0.0	0.0
WS_SKN_KCL10525739__S1__L001__WS	WS_SKN_KCL10525739_S1_L001	success	JC polyomavirus	6	0.0	0.0	0.0
WS_SKN_KCL10525739__S1__L001__WS	WS_SKN_KCL10525739_S1_L001	success	Japanese encephalitis virus	2	0.0	0.0	0.0
WS_SKN_KCL10525739__S1__L001__WS	WS_SKN_KCL10525739_S1_L001	success	KI Polyomavirus	5	0.0	0.0	0.0
WS_SKN_KCL10525739__S1__L001__WS	WS_SKN_KCL10525739_S1_L001	success	Lake Victoria marburgvirus	7	0.0	0.0	0.0
WS_SKN_KCL10525739__S1__L001__WS	WS_SKN_KCL10525739_S1_L001	success	Langat virus	1	0.0	0.0	0.0
WS_SKN_KCL10525739__S1__L001__WS	WS_SKN_KCL10525739_S1_L001	success	Lassa virus	4	0.0	0.0	0.0
WS_SKN_KCL10525739__S1__L001__WS	WS_SKN_KCL10525739_S1_L001	success	Louping ill virus	1	0.0	0.0	0.0
WS_SKN_KCL10525739__S1__L001__WS	WS_SKN_KCL10525739_S1_L001	success	Lymphocytic choriomeningitis virus	4	0.0	0.0	0.0
WS_SKN_KCL10525739__S1__L001__WS	WS_SKN_KCL10525739_S1_L001	success	MERS coronavirus	10	0.0	0.0	0.0
WS_SKN_KCL10525739__S1__L001__WS	WS_SKN_KCL10525739_S1_L001	success	Mayaro virus	4	0.0	0.0	0.0
WS_SKN_KCL10525739__S1__L001__WS	WS_SKN_KCL10525739_S1_L001	success	Measles virus	6	0.0	0.0	0.0
WS_SKN_KCL10525739__S1__L001__WS	WS_SKN_KCL10525739_S1_L001	success	Merkel cell polyomavirus	4	0.0	0.0	0.0
WS_SKN_KCL10525739__S1__L001__WS	WS_SKN_KCL10525739_S1_L001	success	Molluscum contagiosum virus	163	0.0	0.0	0.0
WS_SKN_KCL10525739__S1__L001__WS	WS_SKN_KCL10525739_S1_L001	success	Monkeypox virus	180	0.0	0.0	0.0
WS_SKN_KCL10525739__S1__L001__WS	WS_SKN_KCL10525739_S1_L001	success	Mumps virus	7	0.0	0.0	0.0
WS_SKN_KCL10525739__S1__L001__WS	WS_SKN_KCL10525739_S1_L001	success	Murray valley encephalitis virus	2	0.0	0.0	0.0
WS_SKN_KCL10525739__S1__L001__WS	WS_SKN_KCL10525739_S1_L001	success	Nipah virus	6	0.0	0.0	0.0
WS_SKN_KCL10525739__S1__L001__WS	WS_SKN_KCL10525739_S1_L001	success	Norwalk virus	3	0.0	0.0	0.0
WS_SKN_KCL10525739__S1__L001__WS	WS_SKN_KCL10525739_S1_L001	success	O'nyong-nyong virus	4	0.0	0.0	0.0
WS_SKN_KCL10525739__S1__L001__WS	WS_SKN_KCL10525739_S1_L001	success	Orf virus	130	0.0	0.0	0.0
WS_SKN_KCL10525739__S1__L001__WS	WS_SKN_KCL10525739_S1_L001	success	Oropouche virus	4	0.0	0.0	0.0
WS_SKN_KCL10525739__S1__L001__WS	WS_SKN_KCL10525739_S1_L001	success	Poliovirus	5	0.0	0.0	0.0
WS_SKN_KCL10525739__S1__L001__WS	WS_SKN_KCL10525739_S1_L001	success	Rabies virus	5	0.0	0.0	0.0
WS_SKN_KCL10525739__S1__L001__WS	WS_SKN_KCL10525739_S1_L001	success	Rosavirus A	1	0.0	0.0	0.0
WS_SKN_KCL10525739__S1__L001__WS	WS_SKN_KCL10525739_S1_L001	success	Ross river virus	4	0.0	0.0	0.0
WS_SKN_KCL10525739__S1__L001__WS	WS_SKN_KCL10525739_S1_L001	success	Rotavirus A	10	0.0	0.0	0.0
WS_SKN_KCL10525739__S1__L001__WS	WS_SKN_KCL10525739_S1_L001	success	Rotavirus B	11	0.0	0.0	0.0
WS_SKN_KCL10525739__S1__L001__WS	WS_SKN_KCL10525739_S1_L001	success	Rotavirus C	11	0.0	0.0	0.0
WS_SKN_KCL10525739__S1__L001__WS	WS_SKN_KCL10525739_S1_L001	success	Rubella virus	2	0.0	0.0	0.0
WS_SKN_KCL10525739__S1__L001__WS	WS_SKN_KCL10525739_S1_L001	success	Salivirus A	1	0.0	0.0	0.0
WS_SKN_KCL10525739__S1__L001__WS	WS_SKN_KCL10525739_S1_L001	success	Sapporo virus	2	0.0	0.0	0.0
WS_SKN_KCL10525739__S1__L001__WS	WS_SKN_KCL10525739_S1_L001	success	Semliki forest virus	3	0.0	0.0	0.0
WS_SKN_KCL10525739__S1__L001__WS	WS_SKN_KCL10525739_S1_L001	success	Seoul virus	3	0.0	0.0	0.0
WS_SKN_KCL10525739__S1__L001__WS	WS_SKN_KCL10525739_S1_L001	success	Sindbis virus	4	0.0	0.0	0.0
WS_SKN_KCL10525739__S1__L001__WS	WS_SKN_KCL10525739_S1_L001	success	St. louis encephalitis virus	1	0.0	0.0	0.0
WS_SKN_KCL10525739__S1__L001__WS	WS_SKN_KCL10525739_S1_L001	success	Tick-borne powassan virus	1	0.0	0.0	0.0
WS_SKN_KCL10525739__S1__L001__WS	WS_SKN_KCL10525739_S1_L001	success	Torque teno virus	3	0.0	0.0	0.0
WS_SKN_KCL10525739__S1__L001__WS	WS_SKN_KCL10525739_S1_L001	success	Toscana virus	4	0.0	0.0	0.0
WS_SKN_KCL10525739__S1__L001__WS	WS_SKN_KCL10525739_S1_L001	success	Vaccinia virus	223	0.0	0.0	0.0
WS_SKN_KCL10525739__S1__L001__WS	WS_SKN_KCL10525739_S1_L001	success	Varicella-zoster virus	73	0.0	0.0	0.0
WS_SKN_KCL10525739__S1__L001__WS	WS_SKN_KCL10525739_S1_L001	success	Variola virus	197	0.0	0.0	0.0
WS_SKN_KCL10525739__S1__L001__WS	WS_SKN_KCL10525739_S1_L001	success	Venezuelan equine encephalitis virus	4	0.0	0.0	0.0
WS_SKN_KCL10525739__S1__L001__WS	WS_SKN_KCL10525739_S1_L001	success	Vesicular stomatitis virus	5	0.0	0.0	0.0
WS_SKN_KCL10525739__S1__L001__WS	WS_SKN_KCL10525739_S1_L001	success	WU polyomavirus	5	0.0	0.0	0.0
WS_SKN_KCL10525739__S1__L001__WS	WS_SKN_KCL10525739_S1_L001	success	West Nile virus	1	0.0	0.0	0.0
WS_SKN_KCL10525739__S1__L001__WS	WS_SKN_KCL10525739_S1_L001	success	Western equine encephalitis virus	3	0.0	0.0	0.0
WS_SKN_KCL10525739__S1__L001__WS	WS_SKN_KCL10525739_S1_L001	success	Yaba-like disease virus	152	0.0	0.0	0.0
WS_SKN_KCL10525739__S1__L001__WS	WS_SKN_KCL10525739_S1_L001	success	Yellow fever virus	1	0.0	0.0	0.0
WS_SKN_KCL10525739__S1__L001__WS	WS_SKN_KCL10525739_S1_L001	success	Zika virus	1	0.0	0.0	0.0
WS_SKN_KCL10525739__S1__L002__WS	WS_SKN_KCL10525739_S1_L002	success	ADENO_AAV2gp01	1	0.0	0.0	0.0
WS_SKN_KCL10525739__S1__L002__WS	WS_SKN_KCL10525739_S1_L002	success	ADENO_AAV2gp02	1	0.0	0.0	0.0
WS_SKN_KCL10525739__S1__L002__WS	WS_SKN_KCL10525739_S1_L002	success	ADENO_AAV2gp03	1	0.0	0.0	0.0
WS_SKN_KCL10525739__S1__L002__WS	WS_SKN_KCL10525739_S1_L002	success	ADENO_AAV2gp04	1	0.0	0.0	0.0
WS_SKN_KCL10525739__S1__L002__WS	WS_SKN_KCL10525739_S1_L002	success	ADENO_AAV2gp05	1	0.0	0.0	0.0
WS_SKN_KCL10525739__S1__L002__WS	WS_SKN_KCL10525739_S1_L002	success	ADENO_AAV2gp06	1	0.0	0.0	0.0
WS_SKN_KCL10525739__S1__L002__WS	WS_SKN_KCL10525739_S1_L002	success	ADENO_AAV2gp07	1	0.0	0.0	0.0
WS_SKN_KCL10525739__S1__L002__WS	WS_SKN_KCL10525739_S1_L002	success	ADENO_AAV2gp08	1	0.0	0.0	0.0
WS_SKN_KCL10525739__S1__L002__WS	WS_SKN_KCL10525739_S1_L002	success	ADENO_AAV2gs01	1	0.0	0.0	0.0
WS_SKN_KCL10525739__S1__L002__WS	WS_SKN_KCL10525739_S1_L002	success	ADENO_AAV2gs02	1	0.0	0.0	0.0
WS_SKN_KCL10525739__S1__L002__WS	WS_SKN_KCL10525739_S1_L002	success	ADENO_AAV2gs03	1	0.0	0.0	0.0
WS_SKN_KCL10525739__S1__L002__WS	WS_SKN_KCL10525739_S1_L002	success	Aichi virus	1	0.0	0.0	0.0
WS_SKN_KCL10525739__S1__L002__WS	WS_SKN_KCL10525739_S1_L002	success	Australian Bat Lyssavirus	5	0.0	0.0	0.0
WS_SKN_KCL10525739__S1__L002__WS	WS_SKN_KCL10525739_S1_L002	success	BK polyomavirus	6	0.0	0.0	0.0
WS_SKN_KCL10525739__S1__L002__WS	WS_SKN_KCL10525739_S1_L002	success	Banna virus	11	0.0	0.0	0.0
WS_SKN_KCL10525739__S1__L002__WS	WS_SKN_KCL10525739_S1_L002	success	Barmah forest virus	4	0.0	0.0	0.0
WS_SKN_KCL10525739__S1__L002__WS	WS_SKN_KCL10525739_S1_L002	success	Bunyamwera virus	4	0.0	0.0	0.0
WS_SKN_KCL10525739__S1__L002__WS	WS_SKN_KCL10525739_S1_L002	success	Bunyavirus La Crosse	4	0.0	0.0	0.0
WS_SKN_KCL10525739__S1__L002__WS	WS_SKN_KCL10525739_S1_L002	success	Cercopithecine herpesvirus	75	0.0	2.1534267912772584	2.0
WS_SKN_KCL10525739__S1__L002__WS	WS_SKN_KCL10525739_S1_L002	success	Chikungunya virus	2	0.0	0.0	0.0
WS_SKN_KCL10525739__S1__L002__WS	WS_SKN_KCL10525739_S1_L002	success	Cosavirus A	1	0.0	0.0	0.0
WS_SKN_KCL10525739__S1__L002__WS	WS_SKN_KCL10525739_S1_L002	success	Cowpox virus	233	0.0	0.0	0.0
WS_SKN_KCL10525739__S1__L002__WS	WS_SKN_KCL10525739_S1_L002	success	Coxsackievirus	1	0.0	0.0	0.0
WS_SKN_KCL10525739__S1__L002__WS	WS_SKN_KCL10525739_S1_L002	success	Crimean Congo hemorrhagic fever virus	3	0.0	0.0	0.0
WS_SKN_KCL10525739__S1__L002__WS	WS_SKN_KCL10525739_S1_L002	success	DENV_DV1_gp1	1	0.0	0.0	0.0
WS_SKN_KCL10525739__S1__L002__WS	WS_SKN_KCL10525739_S1_L002	success	DENV_unassigned_gene_1	1	0.0	0.0	0.0
WS_SKN_KCL10525739__S1__L002__WS	WS_SKN_KCL10525739_S1_L002	success	DENV_unassigned_gene_2	1	0.0	0.0	0.0
WS_SKN_KCL10525739__S1__L002__WS	WS_SKN_KCL10525739_S1_L002	success	DENV_unassigned_gene_3	1	0.0	0.0	0.0
WS_SKN_KCL10525739__S1__L002__WS	WS_SKN_KCL10525739_S1_L002	success	DENV_unassigned_gene_4	1	0.0	0.0	0.0
WS_SKN_KCL10525739__S1__L002__WS	WS_SKN_KCL10525739_S1_L002	success	Eastern_equine_encephalitis_virus	4	0.0	0.0	0.0
WS_SKN_KCL10525739__S1__L002__WS	WS_SKN_KCL10525739_S1_L002	success	Ebolavirus	7	0.0	0.0	0.0
WS_SKN_KCL10525739__S1__L002__WS	WS_SKN_KCL10525739_S1_L002	success	Echovirus	1	0.0	0.0	0.0
WS_SKN_KCL10525739__S1__L002__WS	WS_SKN_KCL10525739_S1_L002	success	Encephalomyocarditis virus	2	0.0	0.0	0.0
WS_SKN_KCL10525739__S1__L002__WS	WS_SKN_KCL10525739_S1_L002	success	Epstein-Barr virus	96	0.0	0.0	0.0
WS_SKN_KCL10525739__S1__L002__WS	WS_SKN_KCL10525739_S1_L002	success	European bat lyssavirus	5	0.0	0.0	0.0
WS_SKN_KCL10525739__S1__L002__WS	WS_SKN_KCL10525739_S1_L002	success	Human SARS coronavirus	13	0.0	0.0	0.0
WS_SKN_KCL10525739__S1__L002__WS	WS_SKN_KCL10525739_S1_L002	success	Human adenovirus	18	0.0	0.0	0.0
WS_SKN_KCL10525739__S1__L002__WS	WS_SKN_KCL10525739_S1_L002	success	Human astrovirus	2	0.0	0.0	0.0
WS_SKN_KCL10525739__S1__L002__WS	WS_SKN_KCL10525739_S1_L002	success	Human coronavirus	7	0.0	0.0	0.0
WS_SKN_KCL10525739__S1__L002__WS	WS_SKN_KCL10525739_S1_L002	success	Human cytomegalovirus	187	0.0	0.0	0.0
WS_SKN_KCL10525739__S1__L002__WS	WS_SKN_KCL10525739_S1_L002	success	Human enterovirus 68, 70	1	0.0	0.0	0.0
WS_SKN_KCL10525739__S1__L002__WS	WS_SKN_KCL10525739_S1_L002	success	Human herpesvirus 1	79	0.0	0.0	0.0
WS_SKN_KCL10525739__S1__L002__WS	WS_SKN_KCL10525739_S1_L002	success	Human herpesvirus 2	79	0.0	0.0	0.0
WS_SKN_KCL10525739__S1__L002__WS	WS_SKN_KCL10525739_S1_L002	success	Human herpesvirus 6	88	0.0	0.0	0.0
WS_SKN_KCL10525739__S1__L002__WS	WS_SKN_KCL10525739_S1_L002	success	Human herpesvirus 6b	97	0.0	0.0	0.0
WS_SKN_KCL10525739__S1__L002__WS	WS_SKN_KCL10525739_S1_L002	success	Human herpesvirus 7	86	0.0	0.0	0.0
WS_SKN_KCL10525739__S1__L002__WS	WS_SKN_KCL10525739_S1_L002	success	Human herpesvirus 8	98	0.0	0.0	0.0
WS_SKN_KCL10525739__S1__L002__WS	WS_SKN_KCL10525739_S1_L002	success	Human papillomavirus 1	7	0.0	0.0	0.0
WS_SKN_KCL10525739__S1__L002__WS	WS_SKN_KCL10525739_S1_L002	success	Human papillomavirus 16,18	8	0.0	0.0	0.0
WS_SKN_KCL10525739__S1__L002__WS	WS_SKN_KCL10525739_S1_L002	success	Human papillomavirus 2	7	0.0	0.0	0.0
WS_SKN_KCL10525739__S1__L002__WS	WS_SKN_KCL10525739_S1_L002	success	Human parainfluenza	10	0.0	0.0	0.0
WS_SKN_KCL10525739__S1__L002__WS	WS_SKN_KCL10525739_S1_L002	success	Human parvovirus B19	6	0.0	0.0	0.0
WS_SKN_KCL10525739__S1__L002__WS	WS_SKN_KCL10525739_S1_L002	success	Human respiratory syncytial virus	10	0.0	0.0	0.0
WS_SKN_KCL10525739__S1__L002__WS	WS_SKN_KCL10525739_S1_L002	success	Human rhinovirus	1	0.0	0.0	0.0
WS_SKN_KCL10525739__S1__L002__WS	WS_SKN_KCL10525739_S1_L002	success	Influenza A virus	12	0.0	0.0	0.0
WS_SKN_KCL10525739__S1__L002__WS	WS_SKN_KCL10525739_S1_L002	success	Influenza B virus	10	0.0	0.0	0.0
WS_SKN_KCL10525739__S1__L002__WS	WS_SKN_KCL10525739_S1_L002	success	Influenza C virus	7	0.0	0.0	0.0
WS_SKN_KCL10525739__S1__L002__WS	WS_SKN_KCL10525739_S1_L002	success	JC polyomavirus	6	0.0	0.0	0.0
WS_SKN_KCL10525739__S1__L002__WS	WS_SKN_KCL10525739_S1_L002	success	Japanese encephalitis virus	2	0.0	0.0	0.0
WS_SKN_KCL10525739__S1__L002__WS	WS_SKN_KCL10525739_S1_L002	success	KI Polyomavirus	5	0.0	0.0	0.0
WS_SKN_KCL10525739__S1__L002__WS	WS_SKN_KCL10525739_S1_L002	success	Lake Victoria marburgvirus	7	0.0	0.0	0.0
WS_SKN_KCL10525739__S1__L002__WS	WS_SKN_KCL10525739_S1_L002	success	Langat virus	1	0.0	0.0	0.0
WS_SKN_KCL10525739__S1__L002__WS	WS_SKN_KCL10525739_S1_L002	success	Lassa virus	4	0.0	0.0	0.0
WS_SKN_KCL10525739__S1__L002__WS	WS_SKN_KCL10525739_S1_L002	success	Louping ill virus	1	0.0	0.0	0.0
WS_SKN_KCL10525739__S1__L002__WS	WS_SKN_KCL10525739_S1_L002	success	Lymphocytic choriomeningitis virus	4	0.0	0.0	0.0
WS_SKN_KCL10525739__S1__L002__WS	WS_SKN_KCL10525739_S1_L002	success	MERS coronavirus	10	0.0	0.0	0.0
WS_SKN_KCL10525739__S1__L002__WS	WS_SKN_KCL10525739_S1_L002	success	Mayaro virus	4	0.0	0.0	0.0
WS_SKN_KCL10525739__S1__L002__WS	WS_SKN_KCL10525739_S1_L002	success	Measles virus	6	0.0	0.0	0.0
WS_SKN_KCL10525739__S1__L002__WS	WS_SKN_KCL10525739_S1_L002	success	Merkel cell polyomavirus	4	0.0	0.0	0.0
WS_SKN_KCL10525739__S1__L002__WS	WS_SKN_KCL10525739_S1_L002	success	Molluscum contagiosum virus	163	0.0	0.0	0.0
WS_SKN_KCL10525739__S1__L002__WS	WS_SKN_KCL10525739_S1_L002	success	Monkeypox virus	180	0.0	0.0	0.0
WS_SKN_KCL10525739__S1__L002__WS	WS_SKN_KCL10525739_S1_L002	success	Mumps virus	7	0.0	0.0	0.0
WS_SKN_KCL10525739__S1__L002__WS	WS_SKN_KCL10525739_S1_L002	success	Murray valley encephalitis virus	2	0.0	0.0	0.0
WS_SKN_KCL10525739__S1__L002__WS	WS_SKN_KCL10525739_S1_L002	success	Nipah virus	6	0.0	0.0	0.0
WS_SKN_KCL10525739__S1__L002__WS	WS_SKN_KCL10525739_S1_L002	success	Norwalk virus	3	0.0	0.0	0.0
WS_SKN_KCL10525739__S1__L002__WS	WS_SKN_KCL10525739_S1_L002	success	O'nyong-nyong virus	4	0.0	0.0	0.0
WS_SKN_KCL10525739__S1__L002__WS	WS_SKN_KCL10525739_S1_L002	success	Orf virus	130	0.0	0.0	0.0
WS_SKN_KCL10525739__S1__L002__WS	WS_SKN_KCL10525739_S1_L002	success	Oropouche virus	4	0.0	0.0	0.0
WS_SKN_KCL10525739__S1__L002__WS	WS_SKN_KCL10525739_S1_L002	success	Poliovirus	5	0.0	0.0	0.0
WS_SKN_KCL10525739__S1__L002__WS	WS_SKN_KCL10525739_S1_L002	success	Rabies virus	5	0.0	0.0	0.0
WS_SKN_KCL10525739__S1__L002__WS	WS_SKN_KCL10525739_S1_L002	success	Rosavirus A	1	0.0	0.0	0.0
WS_SKN_KCL10525739__S1__L002__WS	WS_SKN_KCL10525739_S1_L002	success	Ross river virus	4	0.0	0.0	0.0
WS_SKN_KCL10525739__S1__L002__WS	WS_SKN_KCL10525739_S1_L002	success	Rotavirus A	10	0.0	0.0	0.0
WS_SKN_KCL10525739__S1__L002__WS	WS_SKN_KCL10525739_S1_L002	success	Rotavirus B	11	0.0	0.0	0.0
WS_SKN_KCL10525739__S1__L002__WS	WS_SKN_KCL10525739_S1_L002	success	Rotavirus C	11	0.0	0.0	0.0
WS_SKN_KCL10525739__S1__L002__WS	WS_SKN_KCL10525739_S1_L002	success	Rubella virus	2	0.0	0.0	0.0
WS_SKN_KCL10525739__S1__L002__WS	WS_SKN_KCL10525739_S1_L002	success	Salivirus A	1	0.0	0.0	0.0
WS_SKN_KCL10525739__S1__L002__WS	WS_SKN_KCL10525739_S1_L002	success	Sapporo virus	2	0.0	0.0	0.0
WS_SKN_KCL10525739__S1__L002__WS	WS_SKN_KCL10525739_S1_L002	success	Semliki forest virus	3	0.0	0.0	0.0
WS_SKN_KCL10525739__S1__L002__WS	WS_SKN_KCL10525739_S1_L002	success	Seoul virus	3	0.0	0.0	0.0
WS_SKN_KCL10525739__S1__L002__WS	WS_SKN_KCL10525739_S1_L002	success	Sindbis virus	4	0.0	0.0	0.0
WS_SKN_KCL10525739__S1__L002__WS	WS_SKN_KCL10525739_S1_L002	success	St. louis encephalitis virus	1	0.0	0.0	0.0
WS_SKN_KCL10525739__S1__L002__WS	WS_SKN_KCL10525739_S1_L002	success	Tick-borne powassan virus	1	0.0	0.0	0.0
WS_SKN_KCL10525739__S1__L002__WS	WS_SKN_KCL10525739_S1_L002	success	Torque teno virus	3	0.0	0.0	0.0
WS_SKN_KCL10525739__S1__L002__WS	WS_SKN_KCL10525739_S1_L002	success	Toscana virus	4	0.0	0.0	0.0
WS_SKN_KCL10525739__S1__L002__WS	WS_SKN_KCL10525739_S1_L002	success	Vaccinia virus	223	0.0	0.0	0.0
WS_SKN_KCL10525739__S1__L002__WS	WS_SKN_KCL10525739_S1_L002	success	Varicella-zoster virus	73	0.0	0.0	0.0
WS_SKN_KCL10525739__S1__L002__WS	WS_SKN_KCL10525739_S1_L002	success	Variola virus	197	0.0	0.0	0.0
WS_SKN_KCL10525739__S1__L002__WS	WS_SKN_KCL10525739_S1_L002	success	Venezuelan equine encephalitis virus	4	0.0	0.0	0.0
WS_SKN_KCL10525739__S1__L002__WS	WS_SKN_KCL10525739_S1_L002	success	Vesicular stomatitis virus	5	0.0	0.0	0.0
WS_SKN_KCL10525739__S1__L002__WS	WS_SKN_KCL10525739_S1_L002	success	WU polyomavirus	5	0.0	0.0	0.0
WS_SKN_KCL10525739__S1__L002__WS	WS_SKN_KCL10525739_S1_L002	success	West Nile virus	1	0.0	0.0	0.0
WS_SKN_KCL10525739__S1__L002__WS	WS_SKN_KCL10525739_S1_L002	success	Western equine encephalitis virus	3	0.0	0.0	0.0
WS_SKN_KCL10525739__S1__L002__WS	WS_SKN_KCL10525739_S1_L002	success	Yaba-like disease virus	152	0.0	0.0	0.0
WS_SKN_KCL10525739__S1__L002__WS	WS_SKN_KCL10525739_S1_L002	success	Yellow fever virus	1	0.0	0.0	0.0
WS_SKN_KCL10525739__S1__L002__WS	WS_SKN_KCL10525739_S1_L002	success	Zika virus	1	0.0	0.0	0.0
WS_SKN_KCL10525739__S2__L001__WS	WS_SKN_KCL10525739_S2_L001	success	ADENO_AAV2gp01	1	0.0	0.0	0.0
WS_SKN_KCL10525739__S2__L001__WS	WS_SKN_KCL10525739_S2_L001	success	ADENO_AAV2gp02	1	0.0	0.0	0.0
WS_SKN_KCL10525739__S2__L001__WS	WS_SKN_KCL10525739_S2_L001	success	ADENO_AAV2gp03	1	0.0	0.0	0.0
WS_SKN_KCL10525739__S2__L001__WS	WS_SKN_KCL10525739_S2_L001	success	ADENO_AAV2gp04	1	0.0	0.0	0.0
WS_SKN_KCL10525739__S2__L001__WS	WS_SKN_KCL10525739_S2_L001	success	ADENO_AAV2gp05	1	0.0	0.0	0.0
WS_SKN_KCL10525739__S2__L001__WS	WS_SKN_KCL10525739_S2_L001	success	ADENO_AAV2gp06	1	0.0	0.0	0.0
WS_SKN_KCL10525739__S2__L001__WS	WS_SKN_KCL10525739_S2_L001	success	ADENO_AAV2gp07	1	0.0	0.0	0.0
WS_SKN_KCL10525739__S2__L001__WS	WS_SKN_KCL10525739_S2_L001	success	ADENO_AAV2gp08	1	0.0	0.0	0.0
WS_SKN_KCL10525739__S2__L001__WS	WS_SKN_KCL10525739_S2_L001	success	ADENO_AAV2gs01	1	0.0	0.0	0.0
WS_SKN_KCL10525739__S2__L001__WS	WS_SKN_KCL10525739_S2_L001	success	ADENO_AAV2gs02	1	0.0	0.0	0.0
WS_SKN_KCL10525739__S2__L001__WS	WS_SKN_KCL10525739_S2_L001	success	ADENO_AAV2gs03	1	0.0	0.0	0.0
WS_SKN_KCL10525739__S2__L001__WS	WS_SKN_KCL10525739_S2_L001	success	Aichi virus	1	0.0	0.0	0.0
WS_SKN_KCL10525739__S2__L001__WS	WS_SKN_KCL10525739_S2_L001	success	Australian Bat Lyssavirus	5	0.0	0.0	0.0
WS_SKN_KCL10525739__S2__L001__WS	WS_SKN_KCL10525739_S2_L001	success	BK polyomavirus	6	0.0	0.0	0.0
WS_SKN_KCL10525739__S2__L001__WS	WS_SKN_KCL10525739_S2_L001	success	Banna virus	11	0.0	0.0	0.0
WS_SKN_KCL10525739__S2__L001__WS	WS_SKN_KCL10525739_S2_L001	success	Barmah forest virus	4	0.0	0.0	0.0
WS_SKN_KCL10525739__S2__L001__WS	WS_SKN_KCL10525739_S2_L001	success	Bunyamwera virus	4	0.0	0.0	0.0
WS_SKN_KCL10525739__S2__L001__WS	WS_SKN_KCL10525739_S2_L001	success	Bunyavirus La Crosse	4	0.0	0.0	0.0
WS_SKN_KCL10525739__S2__L001__WS	WS_SKN_KCL10525739_S2_L001	success	Cercopithecine herpesvirus	75	0.0	1.093457943925234	1.0
WS_SKN_KCL10525739__S2__L001__WS	WS_SKN_KCL10525739_S2_L001	success	Chikungunya virus	2	0.0	0.0	0.0
WS_SKN_KCL10525739__S2__L001__WS	WS_SKN_KCL10525739_S2_L001	success	Cosavirus A	1	0.0	0.0	0.0
WS_SKN_KCL10525739__S2__L001__WS	WS_SKN_KCL10525739_S2_L001	success	Cowpox virus	233	0.0	0.0	0.0
WS_SKN_KCL10525739__S2__L001__WS	WS_SKN_KCL10525739_S2_L001	success	Coxsackievirus	1	0.0	0.0	0.0
WS_SKN_KCL10525739__S2__L001__WS	WS_SKN_KCL10525739_S2_L001	success	Crimean Congo hemorrhagic fever virus	3	0.0	0.0	0.0
WS_SKN_KCL10525739__S2__L001__WS	WS_SKN_KCL10525739_S2_L001	success	DENV_DV1_gp1	1	0.0	0.0	0.0
WS_SKN_KCL10525739__S2__L001__WS	WS_SKN_KCL10525739_S2_L001	success	DENV_unassigned_gene_1	1	0.0	0.0	0.0
WS_SKN_KCL10525739__S2__L001__WS	WS_SKN_KCL10525739_S2_L001	success	DENV_unassigned_gene_2	1	0.0	0.0	0.0
WS_SKN_KCL10525739__S2__L001__WS	WS_SKN_KCL10525739_S2_L001	success	DENV_unassigned_gene_3	1	0.0	0.0	0.0
WS_SKN_KCL10525739__S2__L001__WS	WS_SKN_KCL10525739_S2_L001	success	DENV_unassigned_gene_4	1	0.0	0.0	0.0
WS_SKN_KCL10525739__S2__L001__WS	WS_SKN_KCL10525739_S2_L001	success	Eastern_equine_encephalitis_virus	4	0.0	0.0	0.0
WS_SKN_KCL10525739__S2__L001__WS	WS_SKN_KCL10525739_S2_L001	success	Ebolavirus	7	0.0	0.0	0.0
WS_SKN_KCL10525739__S2__L001__WS	WS_SKN_KCL10525739_S2_L001	success	Echovirus	1	0.0	0.0	0.0
WS_SKN_KCL10525739__S2__L001__WS	WS_SKN_KCL10525739_S2_L001	success	Encephalomyocarditis virus	2	0.0	0.0	0.0
WS_SKN_KCL10525739__S2__L001__WS	WS_SKN_KCL10525739_S2_L001	success	Epstein-Barr virus	96	0.0	0.0	0.0
WS_SKN_KCL10525739__S2__L001__WS	WS_SKN_KCL10525739_S2_L001	success	European bat lyssavirus	5	0.0	0.0	0.0
WS_SKN_KCL10525739__S2__L001__WS	WS_SKN_KCL10525739_S2_L001	success	Human SARS coronavirus	13	0.0	0.0	0.0
WS_SKN_KCL10525739__S2__L001__WS	WS_SKN_KCL10525739_S2_L001	success	Human adenovirus	18	0.0	0.0	0.0
WS_SKN_KCL10525739__S2__L001__WS	WS_SKN_KCL10525739_S2_L001	success	Human astrovirus	2	0.0	0.0	0.0
WS_SKN_KCL10525739__S2__L001__WS	WS_SKN_KCL10525739_S2_L001	success	Human coronavirus	7	0.0	0.0	0.0
WS_SKN_KCL10525739__S2__L001__WS	WS_SKN_KCL10525739_S2_L001	success	Human cytomegalovirus	187	0.0	0.0	0.0
WS_SKN_KCL10525739__S2__L001__WS	WS_SKN_KCL10525739_S2_L001	success	Human enterovirus 68, 70	1	0.0	0.0	0.0
WS_SKN_KCL10525739__S2__L001__WS	WS_SKN_KCL10525739_S2_L001	success	Human herpesvirus 1	79	1.0	1.0	1.0
WS_SKN_KCL10525739__S2__L001__WS	WS_SKN_KCL10525739_S2_L001	success	Human herpesvirus 2	79	0.0	0.0	0.0
WS_SKN_KCL10525739__S2__L001__WS	WS_SKN_KCL10525739_S2_L001	success	Human herpesvirus 6	88	0.0	0.0	0.0
WS_SKN_KCL10525739__S2__L001__WS	WS_SKN_KCL10525739_S2_L001	success	Human herpesvirus 6b	97	1.0	1.0	1.0
WS_SKN_KCL10525739__S2__L001__WS	WS_SKN_KCL10525739_S2_L001	success	Human herpesvirus 7	86	0.0	0.0	0.0
WS_SKN_KCL10525739__S2__L001__WS	WS_SKN_KCL10525739_S2_L001	success	Human herpesvirus 8	98	2.0	2.0	2.0
WS_SKN_KCL10525739__S2__L001__WS	WS_SKN_KCL10525739_S2_L001	success	Human papillomavirus 1	7	0.0	0.0	0.0
WS_SKN_KCL10525739__S2__L001__WS	WS_SKN_KCL10525739_S2_L001	success	Human papillomavirus 16,18	8	0.0	0.0	0.0
WS_SKN_KCL10525739__S2__L001__WS	WS_SKN_KCL10525739_S2_L001	success	Human papillomavirus 2	7	0.0	0.0	0.0
WS_SKN_KCL10525739__S2__L001__WS	WS_SKN_KCL10525739_S2_L001	success	Human parainfluenza	10	0.0	0.0	0.0
WS_SKN_KCL10525739__S2__L001__WS	WS_SKN_KCL10525739_S2_L001	success	Human parvovirus B19	6	0.0	0.0	0.0
WS_SKN_KCL10525739__S2__L001__WS	WS_SKN_KCL10525739_S2_L001	success	Human respiratory syncytial virus	10	0.0	0.0	0.0
WS_SKN_KCL10525739__S2__L001__WS	WS_SKN_KCL10525739_S2_L001	success	Human rhinovirus	1	0.0	0.0	0.0
WS_SKN_KCL10525739__S2__L001__WS	WS_SKN_KCL10525739_S2_L001	success	Influenza A virus	12	0.0	0.0	0.0
WS_SKN_KCL10525739__S2__L001__WS	WS_SKN_KCL10525739_S2_L001	success	Influenza B virus	10	0.0	0.0	0.0
WS_SKN_KCL10525739__S2__L001__WS	WS_SKN_KCL10525739_S2_L001	success	Influenza C virus	7	0.0	0.0	0.0
WS_SKN_KCL10525739__S2__L001__WS	WS_SKN_KCL10525739_S2_L001	success	JC polyomavirus	6	0.0	0.0	0.0
WS_SKN_KCL10525739__S2__L001__WS	WS_SKN_KCL10525739_S2_L001	success	Japanese encephalitis virus	2	0.0	0.0	0.0
WS_SKN_KCL10525739__S2__L001__WS	WS_SKN_KCL10525739_S2_L001	success	KI Polyomavirus	5	0.0	0.0	0.0
WS_SKN_KCL10525739__S2__L001__WS	WS_SKN_KCL10525739_S2_L001	success	Lake Victoria marburgvirus	7	0.0	0.0	0.0
WS_SKN_KCL10525739__S2__L001__WS	WS_SKN_KCL10525739_S2_L001	success	Langat virus	1	0.0	0.0	0.0
WS_SKN_KCL10525739__S2__L001__WS	WS_SKN_KCL10525739_S2_L001	success	Lassa virus	4	0.0	0.0	0.0
WS_SKN_KCL10525739__S2__L001__WS	WS_SKN_KCL10525739_S2_L001	success	Louping ill virus	1	0.0	0.0	0.0
WS_SKN_KCL10525739__S2__L001__WS	WS_SKN_KCL10525739_S2_L001	success	Lymphocytic choriomeningitis virus	4	0.0	0.0	0.0
WS_SKN_KCL10525739__S2__L001__WS	WS_SKN_KCL10525739_S2_L001	success	MERS coronavirus	10	0.0	0.0	0.0
WS_SKN_KCL10525739__S2__L001__WS	WS_SKN_KCL10525739_S2_L001	success	Mayaro virus	4	0.0	0.0	0.0
WS_SKN_KCL10525739__S2__L001__WS	WS_SKN_KCL10525739_S2_L001	success	Measles virus	6	0.0	0.0	0.0
WS_SKN_KCL10525739__S2__L001__WS	WS_SKN_KCL10525739_S2_L001	success	Merkel cell polyomavirus	4	0.0	0.0	0.0
WS_SKN_KCL10525739__S2__L001__WS	WS_SKN_KCL10525739_S2_L001	success	Molluscum contagiosum virus	163	0.0	0.0	0.0
WS_SKN_KCL10525739__S2__L001__WS	WS_SKN_KCL10525739_S2_L001	success	Monkeypox virus	180	0.0	0.0	0.0
WS_SKN_KCL10525739__S2__L001__WS	WS_SKN_KCL10525739_S2_L001	success	Mumps virus	7	0.0	0.0	0.0
WS_SKN_KCL10525739__S2__L001__WS	WS_SKN_KCL10525739_S2_L001	success	Murray valley encephalitis virus	2	0.0	0.0	0.0
WS_SKN_KCL10525739__S2__L001__WS	WS_SKN_KCL10525739_S2_L001	success	Nipah virus	6	0.0	0.0	0.0
WS_SKN_KCL10525739__S2__L001__WS	WS_SKN_KCL10525739_S2_L001	success	Norwalk virus	3	0.0	0.0	0.0
WS_SKN_KCL10525739__S2__L001__WS	WS_SKN_KCL10525739_S2_L001	success	O'nyong-nyong virus	4	0.0	0.0	0.0
WS_SKN_KCL10525739__S2__L001__WS	WS_SKN_KCL10525739_S2_L001	success	Orf virus	130	0.0	0.0	0.0
WS_SKN_KCL10525739__S2__L001__WS	WS_SKN_KCL10525739_S2_L001	success	Oropouche virus	4	0.0	0.0	0.0
WS_SKN_KCL10525739__S2__L001__WS	WS_SKN_KCL10525739_S2_L001	success	Poliovirus	5	0.0	0.0	0.0
WS_SKN_KCL10525739__S2__L001__WS	WS_SKN_KCL10525739_S2_L001	success	Rabies virus	5	0.0	0.0	0.0
WS_SKN_KCL10525739__S2__L001__WS	WS_SKN_KCL10525739_S2_L001	success	Rosavirus A	1	0.0	0.0	0.0
WS_SKN_KCL10525739__S2__L001__WS	WS_SKN_KCL10525739_S2_L001	success	Ross river virus	4	0.0	0.0	0.0
WS_SKN_KCL10525739__S2__L001__WS	WS_SKN_KCL10525739_S2_L001	success	Rotavirus A	10	0.0	0.0	0.0
WS_SKN_KCL10525739__S2__L001__WS	WS_SKN_KCL10525739_S2_L001	success	Rotavirus B	11	0.0	0.0	0.0
WS_SKN_KCL10525739__S2__L001__WS	WS_SKN_KCL10525739_S2_L001	success	Rotavirus C	11	0.0	0.0	0.0
WS_SKN_KCL10525739__S2__L001__WS	WS_SKN_KCL10525739_S2_L001	success	Rubella virus	2	0.0	0.0	0.0
WS_SKN_KCL10525739__S2__L001__WS	WS_SKN_KCL10525739_S2_L001	success	Salivirus A	1	0.0	0.0	0.0
WS_SKN_KCL10525739__S2__L001__WS	WS_SKN_KCL10525739_S2_L001	success	Sapporo virus	2	0.0	0.0	0.0
WS_SKN_KCL10525739__S2__L001__WS	WS_SKN_KCL10525739_S2_L001	success	Semliki forest virus	3	0.0	0.0	0.0
WS_SKN_KCL10525739__S2__L001__WS	WS_SKN_KCL10525739_S2_L001	success	Seoul virus	3	0.0	0.0	0.0
WS_SKN_KCL10525739__S2__L001__WS	WS_SKN_KCL10525739_S2_L001	success	Sindbis virus	4	0.0	0.0	0.0
WS_SKN_KCL10525739__S2__L001__WS	WS_SKN_KCL10525739_S2_L001	success	St. louis encephalitis virus	1	0.0	0.0	0.0
WS_SKN_KCL10525739__S2__L001__WS	WS_SKN_KCL10525739_S2_L001	success	Tick-borne powassan virus	1	0.0	0.0	0.0
WS_SKN_KCL10525739__S2__L001__WS	WS_SKN_KCL10525739_S2_L001	success	Torque teno virus	3	0.0	0.0	0.0
WS_SKN_KCL10525739__S2__L001__WS	WS_SKN_KCL10525739_S2_L001	success	Toscana virus	4	0.0	0.0	0.0
WS_SKN_KCL10525739__S2__L001__WS	WS_SKN_KCL10525739_S2_L001	success	Vaccinia virus	223	0.0	0.0	0.0
WS_SKN_KCL10525739__S2__L001__WS	WS_SKN_KCL10525739_S2_L001	success	Varicella-zoster virus	73	0.0	0.0	0.0
WS_SKN_KCL10525739__S2__L001__WS	WS_SKN_KCL10525739_S2_L001	success	Variola virus	197	0.0	0.0	0.0
WS_SKN_KCL10525739__S2__L001__WS	WS_SKN_KCL10525739_S2_L001	success	Venezuelan equine encephalitis virus	4	0.0	0.0	0.0
WS_SKN_KCL10525739__S2__L001__WS	WS_SKN_KCL10525739_S2_L001	success	Vesicular stomatitis virus	5	0.0	0.0	0.0
WS_SKN_KCL10525739__S2__L001__WS	WS_SKN_KCL10525739_S2_L001	success	WU polyomavirus	5	0.0	0.0	0.0
WS_SKN_KCL10525739__S2__L001__WS	WS_SKN_KCL10525739_S2_L001	success	West Nile virus	1	0.0	0.0	0.0
WS_SKN_KCL10525739__S2__L001__WS	WS_SKN_KCL10525739_S2_L001	success	Western equine encephalitis virus	3	0.0	0.0	0.0
WS_SKN_KCL10525739__S2__L001__WS	WS_SKN_KCL10525739_S2_L001	success	Yaba-like disease virus	152	0.0	0.0	0.0
WS_SKN_KCL10525739__S2__L001__WS	WS_SKN_KCL10525739_S2_L001	success	Yellow fever virus	1	0.0	0.0	0.0
WS_SKN_KCL10525739__S2__L001__WS	WS_SKN_KCL10525739_S2_L001	success	Zika virus	1	0.0	0.0	0.0
WS_SKN_KCL10525739__S3__L002__WS	WS_SKN_KCL10525739_S3_L002	success	ADENO_AAV2gp01	1	0.0	0.0	0.0
WS_SKN_KCL10525739__S3__L002__WS	WS_SKN_KCL10525739_S3_L002	success	ADENO_AAV2gp02	1	0.0	0.0	0.0
WS_SKN_KCL10525739__S3__L002__WS	WS_SKN_KCL10525739_S3_L002	success	ADENO_AAV2gp03	1	0.0	0.0	0.0
WS_SKN_KCL10525739__S3__L002__WS	WS_SKN_KCL10525739_S3_L002	success	ADENO_AAV2gp04	1	0.0	0.0	0.0
WS_SKN_KCL10525739__S3__L002__WS	WS_SKN_KCL10525739_S3_L002	success	ADENO_AAV2gp05	1	0.0	0.0	0.0
WS_SKN_KCL10525739__S3__L002__WS	WS_SKN_KCL10525739_S3_L002	success	ADENO_AAV2gp06	1	0.0	0.0	0.0
WS_SKN_KCL10525739__S3__L002__WS	WS_SKN_KCL10525739_S3_L002	success	ADENO_AAV2gp07	1	0.0	0.0	0.0
WS_SKN_KCL10525739__S3__L002__WS	WS_SKN_KCL10525739_S3_L002	success	ADENO_AAV2gp08	1	0.0	0.0	0.0
WS_SKN_KCL10525739__S3__L002__WS	WS_SKN_KCL10525739_S3_L002	success	ADENO_AAV2gs01	1	0.0	0.0	0.0
WS_SKN_KCL10525739__S3__L002__WS	WS_SKN_KCL10525739_S3_L002	success	ADENO_AAV2gs02	1	0.0	0.0	0.0
WS_SKN_KCL10525739__S3__L002__WS	WS_SKN_KCL10525739_S3_L002	success	ADENO_AAV2gs03	1	0.0	0.0	0.0
WS_SKN_KCL10525739__S3__L002__WS	WS_SKN_KCL10525739_S3_L002	success	Aichi virus	1	0.0	0.0	0.0
WS_SKN_KCL10525739__S3__L002__WS	WS_SKN_KCL10525739_S3_L002	success	Australian Bat Lyssavirus	5	0.0	0.0	0.0
WS_SKN_KCL10525739__S3__L002__WS	WS_SKN_KCL10525739_S3_L002	success	BK polyomavirus	6	0.0	0.0	0.0
WS_SKN_KCL10525739__S3__L002__WS	WS_SKN_KCL10525739_S3_L002	success	Banna virus	11	0.0	0.0	0.0
WS_SKN_KCL10525739__S3__L002__WS	WS_SKN_KCL10525739_S3_L002	success	Barmah forest virus	4	0.0	0.0	0.0
WS_SKN_KCL10525739__S3__L002__WS	WS_SKN_KCL10525739_S3_L002	success	Bunyamwera virus	4	0.0	0.0	0.0
WS_SKN_KCL10525739__S3__L002__WS	WS_SKN_KCL10525739_S3_L002	success	Bunyavirus La Crosse	4	0.0	0.0	0.0
WS_SKN_KCL10525739__S3__L002__WS	WS_SKN_KCL10525739_S3_L002	success	Cercopithecine herpesvirus	75	0.0	0.1704899461908808	0.0
WS_SKN_KCL10525739__S3__L002__WS	WS_SKN_KCL10525739_S3_L002	success	Chikungunya virus	2	0.0	0.0	0.0
WS_SKN_KCL10525739__S3__L002__WS	WS_SKN_KCL10525739_S3_L002	success	Cosavirus A	1	0.0	0.0	0.0
WS_SKN_KCL10525739__S3__L002__WS	WS_SKN_KCL10525739_S3_L002	success	Cowpox virus	233	0.0	0.07692307692307693	0.0
WS_SKN_KCL10525739__S3__L002__WS	WS_SKN_KCL10525739_S3_L002	success	Coxsackievirus	1	0.0	0.0	0.0
WS_SKN_KCL10525739__S3__L002__WS	WS_SKN_KCL10525739_S3_L002	success	Crimean Congo hemorrhagic fever virus	3	0.0	0.0	0.0
WS_SKN_KCL10525739__S3__L002__WS	WS_SKN_KCL10525739_S3_L002	success	DENV_DV1_gp1	1	0.0	0.0	0.0
WS_SKN_KCL10525739__S3__L002__WS	WS_SKN_KCL10525739_S3_L002	success	DENV_unassigned_gene_1	1	0.0	0.0	0.0
WS_SKN_KCL10525739__S3__L002__WS	WS_SKN_KCL10525739_S3_L002	success	DENV_unassigned_gene_2	1	0.0	0.0	0.0
WS_SKN_KCL10525739__S3__L002__WS	WS_SKN_KCL10525739_S3_L002	success	DENV_unassigned_gene_3	1	0.0	0.0	0.0
WS_SKN_KCL10525739__S3__L002__WS	WS_SKN_KCL10525739_S3_L002	success	DENV_unassigned_gene_4	1	0.0	0.0	0.0
WS_SKN_KCL10525739__S3__L002__WS	WS_SKN_KCL10525739_S3_L002	success	Eastern_equine_encephalitis_virus	4	0.0	0.0	0.0
WS_SKN_KCL10525739__S3__L002__WS	WS_SKN_KCL10525739_S3_L002	success	Ebolavirus	7	0.0	0.0	0.0
WS_SKN_KCL10525739__S3__L002__WS	WS_SKN_KCL10525739_S3_L002	success	Echovirus	1	0.0	0.0	0.0
WS_SKN_KCL10525739__S3__L002__WS	WS_SKN_KCL10525739_S3_L002	success	Encephalomyocarditis virus	2	0.0	0.0	0.0
WS_SKN_KCL10525739__S3__L002__WS	WS_SKN_KCL10525739_S3_L002	success	Epstein-Barr virus	96	0.0	0.0	0.0
WS_SKN_KCL10525739__S3__L002__WS	WS_SKN_KCL10525739_S3_L002	success	European bat lyssavirus	5	0.0	0.0	0.0
WS_SKN_KCL10525739__S3__L002__WS	WS_SKN_KCL10525739_S3_L002	success	Human SARS coronavirus	13	0.0	0.0	0.0
WS_SKN_KCL10525739__S3__L002__WS	WS_SKN_KCL10525739_S3_L002	success	Human adenovirus	18	0.0	0.0	0.0
WS_SKN_KCL10525739__S3__L002__WS	WS_SKN_KCL10525739_S3_L002	success	Human astrovirus	2	0.0	0.0	0.0
WS_SKN_KCL10525739__S3__L002__WS	WS_SKN_KCL10525739_S3_L002	success	Human coronavirus	7	0.0	0.0	0.0
WS_SKN_KCL10525739__S3__L002__WS	WS_SKN_KCL10525739_S3_L002	success	Human cytomegalovirus	187	0.0	0.0	0.0
WS_SKN_KCL10525739__S3__L002__WS	WS_SKN_KCL10525739_S3_L002	success	Human enterovirus 68, 70	1	0.0	0.0	0.0
WS_SKN_KCL10525739__S3__L002__WS	WS_SKN_KCL10525739_S3_L002	success	Human herpesvirus 1	79	0.0	0.0	0.0
WS_SKN_KCL10525739__S3__L002__WS	WS_SKN_KCL10525739_S3_L002	success	Human herpesvirus 2	79	0.0	0.0	0.0
WS_SKN_KCL10525739__S3__L002__WS	WS_SKN_KCL10525739_S3_L002	success	Human herpesvirus 6	88	0.0	0.0	0.0
WS_SKN_KCL10525739__S3__L002__WS	WS_SKN_KCL10525739_S3_L002	success	Human herpesvirus 6b	97	0.0	0.0	0.0
WS_SKN_KCL10525739__S3__L002__WS	WS_SKN_KCL10525739_S3_L002	success	Human herpesvirus 7	86	0.0	0.0	0.0
WS_SKN_KCL10525739__S3__L002__WS	WS_SKN_KCL10525739_S3_L002	success	Human herpesvirus 8	98	0.0	0.0	0.0
WS_SKN_KCL10525739__S3__L002__WS	WS_SKN_KCL10525739_S3_L002	success	Human papillomavirus 1	7	0.0	0.0	0.0
WS_SKN_KCL10525739__S3__L002__WS	WS_SKN_KCL10525739_S3_L002	success	Human papillomavirus 16,18	8	0.0	0.0	0.0
WS_SKN_KCL10525739__S3__L002__WS	WS_SKN_KCL10525739_S3_L002	success	Human papillomavirus 2	7	0.0	0.0	0.0
WS_SKN_KCL10525739__S3__L002__WS	WS_SKN_KCL10525739_S3_L002	success	Human parainfluenza	10	0.0	0.0	0.0
WS_SKN_KCL10525739__S3__L002__WS	WS_SKN_KCL10525739_S3_L002	success	Human parvovirus B19	6	0.0	0.0	0.0
WS_SKN_KCL10525739__S3__L002__WS	WS_SKN_KCL10525739_S3_L002	success	Human respiratory syncytial virus	10	0.0	0.0	0.0
WS_SKN_KCL10525739__S3__L002__WS	WS_SKN_KCL10525739_S3_L002	success	Human rhinovirus	1	0.0	0.0	0.0
WS_SKN_KCL10525739__S3__L002__WS	WS_SKN_KCL10525739_S3_L002	success	Influenza A virus	12	0.0	0.0	0.0
WS_SKN_KCL10525739__S3__L002__WS	WS_SKN_KCL10525739_S3_L002	success	Influenza B virus	10	0.0	0.0	0.0
WS_SKN_KCL10525739__S3__L002__WS	WS_SKN_KCL10525739_S3_L002	success	Influenza C virus	7	0.0	0.0	0.0
WS_SKN_KCL10525739__S3__L002__WS	WS_SKN_KCL10525739_S3_L002	success	JC polyomavirus	6	0.0	0.0	0.0
WS_SKN_KCL10525739__S3__L002__WS	WS_SKN_KCL10525739_S3_L002	success	Japanese encephalitis virus	2	0.0	0.0	0.0
WS_SKN_KCL10525739__S3__L002__WS	WS_SKN_KCL10525739_S3_L002	success	KI Polyomavirus	5	0.0	0.0	0.0
WS_SKN_KCL10525739__S3__L002__WS	WS_SKN_KCL10525739_S3_L002	success	Lake Victoria marburgvirus	7	0.0	0.0	0.0
WS_SKN_KCL10525739__S3__L002__WS	WS_SKN_KCL10525739_S3_L002	success	Langat virus	1	0.0	0.0	0.0
WS_SKN_KCL10525739__S3__L002__WS	WS_SKN_KCL10525739_S3_L002	success	Lassa virus	4	0.0	0.0	0.0
WS_SKN_KCL10525739__S3__L002__WS	WS_SKN_KCL10525739_S3_L002	success	Louping ill virus	1	0.0	0.0	0.0
WS_SKN_KCL10525739__S3__L002__WS	WS_SKN_KCL10525739_S3_L002	success	Lymphocytic choriomeningitis virus	4	0.0	0.0	0.0
WS_SKN_KCL10525739__S3__L002__WS	WS_SKN_KCL10525739_S3_L002	success	MERS coronavirus	10	0.0	0.0	0.0
WS_SKN_KCL10525739__S3__L002__WS	WS_SKN_KCL10525739_S3_L002	success	Mayaro virus	4	0.0	0.0	0.0
WS_SKN_KCL10525739__S3__L002__WS	WS_SKN_KCL10525739_S3_L002	success	Measles virus	6	0.0	0.0	0.0
WS_SKN_KCL10525739__S3__L002__WS	WS_SKN_KCL10525739_S3_L002	success	Merkel cell polyomavirus	4	0.0	0.0	0.0
WS_SKN_KCL10525739__S3__L002__WS	WS_SKN_KCL10525739_S3_L002	success	Molluscum contagiosum virus	163	0.0	0.0	0.0
WS_SKN_KCL10525739__S3__L002__WS	WS_SKN_KCL10525739_S3_L002	success	Monkeypox virus	180	0.0	0.07692307692307693	0.0
WS_SKN_KCL10525739__S3__L002__WS	WS_SKN_KCL10525739_S3_L002	success	Mumps virus	7	0.0	0.0	0.0
WS_SKN_KCL10525739__S3__L002__WS	WS_SKN_KCL10525739_S3_L002	success	Murray valley encephalitis virus	2	0.0	0.0	0.0
WS_SKN_KCL10525739__S3__L002__WS	WS_SKN_KCL10525739_S3_L002	success	Nipah virus	6	0.0	0.0	0.0
WS_SKN_KCL10525739__S3__L002__WS	WS_SKN_KCL10525739_S3_L002	success	Norwalk virus	3	0.0	0.0	0.0
WS_SKN_KCL10525739__S3__L002__WS	WS_SKN_KCL10525739_S3_L002	success	O'nyong-nyong virus	4	0.0	0.0	0.0
WS_SKN_KCL10525739__S3__L002__WS	WS_SKN_KCL10525739_S3_L002	success	Orf virus	130	0.0	0.0	0.0
WS_SKN_KCL10525739__S3__L002__WS	WS_SKN_KCL10525739_S3_L002	success	Oropouche virus	4	0.0	0.0	0.0
WS_SKN_KCL10525739__S3__L002__WS	WS_SKN_KCL10525739_S3_L002	success	Poliovirus	5	0.0	0.0	0.0
WS_SKN_KCL10525739__S3__L002__WS	WS_SKN_KCL10525739_S3_L002	success	Rabies virus	5	0.0	0.0	0.0
WS_SKN_KCL10525739__S3__L002__WS	WS_SKN_KCL10525739_S3_L002	success	Rosavirus A	1	0.0	0.0	0.0
WS_SKN_KCL10525739__S3__L002__WS	WS_SKN_KCL10525739_S3_L002	success	Ross river virus	4	0.0	0.0	0.0
WS_SKN_KCL10525739__S3__L002__WS	WS_SKN_KCL10525739_S3_L002	success	Rotavirus A	10	0.0	0.0	0.0
WS_SKN_KCL10525739__S3__L002__WS	WS_SKN_KCL10525739_S3_L002	success	Rotavirus B	11	0.0	0.0	0.0
WS_SKN_KCL10525739__S3__L002__WS	WS_SKN_KCL10525739_S3_L002	success	Rotavirus C	11	0.0	0.0	0.0
WS_SKN_KCL10525739__S3__L002__WS	WS_SKN_KCL10525739_S3_L002	success	Rubella virus	2	0.0	0.0	0.0
WS_SKN_KCL10525739__S3__L002__WS	WS_SKN_KCL10525739_S3_L002	success	Salivirus A	1	0.0	0.0	0.0
WS_SKN_KCL10525739__S3__L002__WS	WS_SKN_KCL10525739_S3_L002	success	Sapporo virus	2	0.0	0.0	0.0
WS_SKN_KCL10525739__S3__L002__WS	WS_SKN_KCL10525739_S3_L002	success	Semliki forest virus	3	0.0	0.0	0.0
WS_SKN_KCL10525739__S3__L002__WS	WS_SKN_KCL10525739_S3_L002	success	Seoul virus	3	0.0	0.0	0.0
WS_SKN_KCL10525739__S3__L002__WS	WS_SKN_KCL10525739_S3_L002	success	Sindbis virus	4	0.0	0.0	0.0
WS_SKN_KCL10525739__S3__L002__WS	WS_SKN_KCL10525739_S3_L002	success	St. louis encephalitis virus	1	0.0	0.0	0.0
WS_SKN_KCL10525739__S3__L002__WS	WS_SKN_KCL10525739_S3_L002	success	Tick-borne powassan virus	1	0.0	0.0	0.0
WS_SKN_KCL10525739__S3__L002__WS	WS_SKN_KCL10525739_S3_L002	success	Torque teno virus	3	0.0	0.0	0.0
WS_SKN_KCL10525739__S3__L002__WS	WS_SKN_KCL10525739_S3_L002	success	Toscana virus	4	0.0	0.0	0.0
WS_SKN_KCL10525739__S3__L002__WS	WS_SKN_KCL10525739_S3_L002	success	Vaccinia virus	223	0.0	0.0	0.0
WS_SKN_KCL10525739__S3__L002__WS	WS_SKN_KCL10525739_S3_L002	success	Varicella-zoster virus	73	0.0	0.0	0.0
WS_SKN_KCL10525739__S3__L002__WS	WS_SKN_KCL10525739_S3_L002	success	Variola virus	197	0.0	0.0	0.0
WS_SKN_KCL10525739__S3__L002__WS	WS_SKN_KCL10525739_S3_L002	success	Venezuelan equine encephalitis virus	4	0.0	0.0	0.0
WS_SKN_KCL10525739__S3__L002__WS	WS_SKN_KCL10525739_S3_L002	success	Vesicular stomatitis virus	5	0.0	0.0	0.0
WS_SKN_KCL10525739__S3__L002__WS	WS_SKN_KCL10525739_S3_L002	success	WU polyomavirus	5	0.0	0.0	0.0
WS_SKN_KCL10525739__S3__L002__WS	WS_SKN_KCL10525739_S3_L002	success	West Nile virus	1	0.0	0.0	0.0
WS_SKN_KCL10525739__S3__L002__WS	WS_SKN_KCL10525739_S3_L002	success	Western equine encephalitis virus	3	0.0	0.0	0.0
WS_SKN_KCL10525739__S3__L002__WS	WS_SKN_KCL10525739_S3_L002	success	Yaba-like disease virus	152	0.0	0.0	0.0
WS_SKN_KCL10525739__S3__L002__WS	WS_SKN_KCL10525739_S3_L002	success	Yellow fever virus	1	0.0	0.0	0.0
WS_SKN_KCL10525739__S3__L002__WS	WS_SKN_KCL10525739_S3_L002	success	Zika virus	1	0.0	0.0	0.0
WS_SKN_KCL10525739__S4__L001__WS	WS_SKN_KCL10525739_S4_L001	success	ADENO_AAV2gp01	1	0.0	0.0	0.0
WS_SKN_KCL10525739__S4__L001__WS	WS_SKN_KCL10525739_S4_L001	success	ADENO_AAV2gp02	1	0.0	0.0	0.0
WS_SKN_KCL10525739__S4__L001__WS	WS_SKN_KCL10525739_S4_L001	success	ADENO_AAV2gp03	1	0.0	0.0	0.0
WS_SKN_KCL10525739__S4__L001__WS	WS_SKN_KCL10525739_S4_L001	success	ADENO_AAV2gp04	1	0.0	0.0	0.0
WS_SKN_KCL10525739__S4__L001__WS	WS_SKN_KCL10525739_S4_L001	success	ADENO_AAV2gp05	1	0.0	0.0	0.0
WS_SKN_KCL10525739__S4__L001__WS	WS_SKN_KCL10525739_S4_L001	success	ADENO_AAV2gp06	1	0.0	0.0	0.0
WS_SKN_KCL10525739__S4__L001__WS	WS_SKN_KCL10525739_S4_L001	success	ADENO_AAV2gp07	1	0.0	0.0	0.0
WS_SKN_KCL10525739__S4__L001__WS	WS_SKN_KCL10525739_S4_L001	success	ADENO_AAV2gp08	1	0.0	0.0	0.0
WS_SKN_KCL10525739__S4__L001__WS	WS_SKN_KCL10525739_S4_L001	success	ADENO_AAV2gs01	1	0.0	0.0	0.0
WS_SKN_KCL10525739__S4__L001__WS	WS_SKN_KCL10525739_S4_L001	success	ADENO_AAV2gs02	1	0.0	0.0	0.0
WS_SKN_KCL10525739__S4__L001__WS	WS_SKN_KCL10525739_S4_L001	success	ADENO_AAV2gs03	1	0.0	0.0	0.0
WS_SKN_KCL10525739__S4__L001__WS	WS_SKN_KCL10525739_S4_L001	success	Aichi virus	1	0.0	0.0	0.0
WS_SKN_KCL10525739__S4__L001__WS	WS_SKN_KCL10525739_S4_L001	success	Australian Bat Lyssavirus	5	0.0	0.0	0.0
WS_SKN_KCL10525739__S4__L001__WS	WS_SKN_KCL10525739_S4_L001	success	BK polyomavirus	6	0.0	0.0	0.0
WS_SKN_KCL10525739__S4__L001__WS	WS_SKN_KCL10525739_S4_L001	success	Banna virus	11	0.0	0.0	0.0
WS_SKN_KCL10525739__S4__L001__WS	WS_SKN_KCL10525739_S4_L001	success	Barmah forest virus	4	0.0	0.0	0.0
WS_SKN_KCL10525739__S4__L001__WS	WS_SKN_KCL10525739_S4_L001	success	Bunyamwera virus	4	0.0	0.0	0.0
WS_SKN_KCL10525739__S4__L001__WS	WS_SKN_KCL10525739_S4_L001	success	Bunyavirus La Crosse	4	0.0	0.0	0.0
WS_SKN_KCL10525739__S4__L001__WS	WS_SKN_KCL10525739_S4_L001	success	Cercopithecine herpesvirus	75	0.0	0.0514018691588785	0.0
WS_SKN_KCL10525739__S4__L001__WS	WS_SKN_KCL10525739_S4_L001	success	Chikungunya virus	2	0.0	0.0	0.0
WS_SKN_KCL10525739__S4__L001__WS	WS_SKN_KCL10525739_S4_L001	success	Cosavirus A	1	0.0	0.0	0.0
WS_SKN_KCL10525739__S4__L001__WS	WS_SKN_KCL10525739_S4_L001	success	Cowpox virus	233	0.0	0.0	0.0
WS_SKN_KCL10525739__S4__L001__WS	WS_SKN_KCL10525739_S4_L001	success	Coxsackievirus	1	0.0	0.0	0.0
WS_SKN_KCL10525739__S4__L001__WS	WS_SKN_KCL10525739_S4_L001	success	Crimean Congo hemorrhagic fever virus	3	0.0	0.0	0.0
WS_SKN_KCL10525739__S4__L001__WS	WS_SKN_KCL10525739_S4_L001	success	DENV_DV1_gp1	1	0.0	0.0	0.0
WS_SKN_KCL10525739__S4__L001__WS	WS_SKN_KCL10525739_S4_L001	success	DENV_unassigned_gene_1	1	0.0	0.0	0.0
WS_SKN_KCL10525739__S4__L001__WS	WS_SKN_KCL10525739_S4_L001	success	DENV_unassigned_gene_2	1	0.0	0.0	0.0
WS_SKN_KCL10525739__S4__L001__WS	WS_SKN_KCL10525739_S4_L001	success	DENV_unassigned_gene_3	1	0.0	0.0	0.0
WS_SKN_KCL10525739__S4__L001__WS	WS_SKN_KCL10525739_S4_L001	success	DENV_unassigned_gene_4	1	0.0	0.0	0.0
WS_SKN_KCL10525739__S4__L001__WS	WS_SKN_KCL10525739_S4_L001	success	Eastern_equine_encephalitis_virus	4	0.0	0.0	0.0
WS_SKN_KCL10525739__S4__L001__WS	WS_SKN_KCL10525739_S4_L001	success	Ebolavirus	7	0.0	0.0	0.0
WS_SKN_KCL10525739__S4__L001__WS	WS_SKN_KCL10525739_S4_L001	success	Echovirus	1	0.0	0.0	0.0
WS_SKN_KCL10525739__S4__L001__WS	WS_SKN_KCL10525739_S4_L001	success	Encephalomyocarditis virus	2	0.0	0.0	0.0
WS_SKN_KCL10525739__S4__L001__WS	WS_SKN_KCL10525739_S4_L001	success	Epstein-Barr virus	96	0.0	0.0	0.0
WS_SKN_KCL10525739__S4__L001__WS	WS_SKN_KCL10525739_S4_L001	success	European bat lyssavirus	5	0.0	0.0	0.0
WS_SKN_KCL10525739__S4__L001__WS	WS_SKN_KCL10525739_S4_L001	success	Human SARS coronavirus	13	0.0	0.0	0.0
WS_SKN_KCL10525739__S4__L001__WS	WS_SKN_KCL10525739_S4_L001	success	Human adenovirus	18	0.0	0.0	0.0
WS_SKN_KCL10525739__S4__L001__WS	WS_SKN_KCL10525739_S4_L001	success	Human astrovirus	2	0.0	0.0	0.0
WS_SKN_KCL10525739__S4__L001__WS	WS_SKN_KCL10525739_S4_L001	success	Human coronavirus	7	0.0	0.0	0.0
WS_SKN_KCL10525739__S4__L001__WS	WS_SKN_KCL10525739_S4_L001	success	Human cytomegalovirus	187	0.0	0.0	0.0
WS_SKN_KCL10525739__S4__L001__WS	WS_SKN_KCL10525739_S4_L001	success	Human enterovirus 68, 70	1	0.0	0.0	0.0
WS_SKN_KCL10525739__S4__L001__WS	WS_SKN_KCL10525739_S4_L001	success	Human herpesvirus 1	79	1.0	1.0	1.0
WS_SKN_KCL10525739__S4__L001__WS	WS_SKN_KCL10525739_S4_L001	success	Human herpesvirus 2	79	0.0	0.0	0.0
WS_SKN_KCL10525739__S4__L001__WS	WS_SKN_KCL10525739_S4_L001	success	Human herpesvirus 6	88	0.0	0.0	0.0
WS_SKN_KCL10525739__S4__L001__WS	WS_SKN_KCL10525739_S4_L001	success	Human herpesvirus 6b	97	0.0	0.0	0.0
WS_SKN_KCL10525739__S4__L001__WS	WS_SKN_KCL10525739_S4_L001	success	Human herpesvirus 7	86	0.0	0.0	0.0
WS_SKN_KCL10525739__S4__L001__WS	WS_SKN_KCL10525739_S4_L001	success	Human herpesvirus 8	98	1.0	1.0	1.0
WS_SKN_KCL10525739__S4__L001__WS	WS_SKN_KCL10525739_S4_L001	success	Human papillomavirus 1	7	0.0	0.0	0.0
WS_SKN_KCL10525739__S4__L001__WS	WS_SKN_KCL10525739_S4_L001	success	Human papillomavirus 16,18	8	0.0	0.0	0.0
WS_SKN_KCL10525739__S4__L001__WS	WS_SKN_KCL10525739_S4_L001	success	Human papillomavirus 2	7	0.0	0.0	0.0
WS_SKN_KCL10525739__S4__L001__WS	WS_SKN_KCL10525739_S4_L001	success	Human parainfluenza	10	0.0	0.0	0.0
WS_SKN_KCL10525739__S4__L001__WS	WS_SKN_KCL10525739_S4_L001	success	Human parvovirus B19	6	0.0	0.0	0.0
WS_SKN_KCL10525739__S4__L001__WS	WS_SKN_KCL10525739_S4_L001	success	Human respiratory syncytial virus	10	0.0	0.0	0.0
WS_SKN_KCL10525739__S4__L001__WS	WS_SKN_KCL10525739_S4_L001	success	Human rhinovirus	1	0.0	0.0	0.0
WS_SKN_KCL10525739__S4__L001__WS	WS_SKN_KCL10525739_S4_L001	success	Influenza A virus	12	0.0	0.0	0.0
WS_SKN_KCL10525739__S4__L001__WS	WS_SKN_KCL10525739_S4_L001	success	Influenza B virus	10	0.0	0.0	0.0
WS_SKN_KCL10525739__S4__L001__WS	WS_SKN_KCL10525739_S4_L001	success	Influenza C virus	7	0.0	0.0	0.0
WS_SKN_KCL10525739__S4__L001__WS	WS_SKN_KCL10525739_S4_L001	success	JC polyomavirus	6	0.0	0.0	0.0
WS_SKN_KCL10525739__S4__L001__WS	WS_SKN_KCL10525739_S4_L001	success	Japanese encephalitis virus	2	0.0	0.0	0.0
WS_SKN_KCL10525739__S4__L001__WS	WS_SKN_KCL10525739_S4_L001	success	KI Polyomavirus	5	0.0	0.0	0.0
WS_SKN_KCL10525739__S4__L001__WS	WS_SKN_KCL10525739_S4_L001	success	Lake Victoria marburgvirus	7	0.0	0.0	0.0
WS_SKN_KCL10525739__S4__L001__WS	WS_SKN_KCL10525739_S4_L001	success	Langat virus	1	0.0	0.0	0.0
WS_SKN_KCL10525739__S4__L001__WS	WS_SKN_KCL10525739_S4_L001	success	Lassa virus	4	0.0	0.0	0.0
WS_SKN_KCL10525739__S4__L001__WS	WS_SKN_KCL10525739_S4_L001	success	Louping ill virus	1	0.0	0.0	0.0
WS_SKN_KCL10525739__S4__L001__WS	WS_SKN_KCL10525739_S4_L001	success	Lymphocytic choriomeningitis virus	4	0.0	0.0	0.0
WS_SKN_KCL10525739__S4__L001__WS	WS_SKN_KCL10525739_S4_L001	success	MERS coronavirus	10	0.0	0.0	0.0
WS_SKN_KCL10525739__S4__L001__WS	WS_SKN_KCL10525739_S4_L001	success	Mayaro virus	4	0.0	0.0	0.0
WS_SKN_KCL10525739__S4__L001__WS	WS_SKN_KCL10525739_S4_L001	success	Measles virus	6	0.0	0.0	0.0
WS_SKN_KCL10525739__S4__L001__WS	WS_SKN_KCL10525739_S4_L001	success	Merkel cell polyomavirus	4	0.0	0.0	0.0
WS_SKN_KCL10525739__S4__L001__WS	WS_SKN_KCL10525739_S4_L001	success	Molluscum contagiosum virus	163	0.0	0.0	0.0
WS_SKN_KCL10525739__S4__L001__WS	WS_SKN_KCL10525739_S4_L001	success	Monkeypox virus	180	0.0	0.0	0.0
WS_SKN_KCL10525739__S4__L001__WS	WS_SKN_KCL10525739_S4_L001	success	Mumps virus	7	0.0	0.0	0.0
WS_SKN_KCL10525739__S4__L001__WS	WS_SKN_KCL10525739_S4_L001	success	Murray valley encephalitis virus	2	0.0	0.0	0.0
WS_SKN_KCL10525739__S4__L001__WS	WS_SKN_KCL10525739_S4_L001	success	Nipah virus	6	0.0	0.0	0.0
WS_SKN_KCL10525739__S4__L001__WS	WS_SKN_KCL10525739_S4_L001	success	Norwalk virus	3	0.0	0.0	0.0
WS_SKN_KCL10525739__S4__L001__WS	WS_SKN_KCL10525739_S4_L001	success	O'nyong-nyong virus	4	0.0	0.0	0.0
WS_SKN_KCL10525739__S4__L001__WS	WS_SKN_KCL10525739_S4_L001	success	Orf virus	130	0.0	0.0	0.0
WS_SKN_KCL10525739__S4__L001__WS	WS_SKN_KCL10525739_S4_L001	success	Oropouche virus	4	0.0	0.0	0.0
WS_SKN_KCL10525739__S4__L001__WS	WS_SKN_KCL10525739_S4_L001	success	Poliovirus	5	0.0	0.0	0.0
WS_SKN_KCL10525739__S4__L001__WS	WS_SKN_KCL10525739_S4_L001	success	Rabies virus	5	0.0	0.0	0.0
WS_SKN_KCL10525739__S4__L001__WS	WS_SKN_KCL10525739_S4_L001	success	Rosavirus A	1	0.0	0.0	0.0
WS_SKN_KCL10525739__S4__L001__WS	WS_SKN_KCL10525739_S4_L001	success	Ross river virus	4	0.0	0.0	0.0
WS_SKN_KCL10525739__S4__L001__WS	WS_SKN_KCL10525739_S4_L001	success	Rotavirus A	10	0.0	0.0	0.0
WS_SKN_KCL10525739__S4__L001__WS	WS_SKN_KCL10525739_S4_L001	success	Rotavirus B	11	0.0	0.0	0.0
WS_SKN_KCL10525739__S4__L001__WS	WS_SKN_KCL10525739_S4_L001	success	Rotavirus C	11	0.0	0.0	0.0
WS_SKN_KCL10525739__S4__L001__WS	WS_SKN_KCL10525739_S4_L001	success	Rubella virus	2	0.0	0.0	0.0
WS_SKN_KCL10525739__S4__L001__WS	WS_SKN_KCL10525739_S4_L001	success	Salivirus A	1	0.0	0.0	0.0
WS_SKN_KCL10525739__S4__L001__WS	WS_SKN_KCL10525739_S4_L001	success	Sapporo virus	2	0.0	0.0	0.0
WS_SKN_KCL10525739__S4__L001__WS	WS_SKN_KCL10525739_S4_L001	success	Semliki forest virus	3	0.0	0.0	0.0
WS_SKN_KCL10525739__S4__L001__WS	WS_SKN_KCL10525739_S4_L001	success	Seoul virus	3	0.0	0.0	0.0
WS_SKN_KCL10525739__S4__L001__WS	WS_SKN_KCL10525739_S4_L001	success	Sindbis virus	4	0.0	0.0	0.0
WS_SKN_KCL10525739__S4__L001__WS	WS_SKN_KCL10525739_S4_L001	success	St. louis encephalitis virus	1	0.0	0.0	0.0
WS_SKN_KCL10525739__S4__L001__WS	WS_SKN_KCL10525739_S4_L001	success	Tick-borne powassan virus	1	0.0	0.0	0.0
WS_SKN_KCL10525739__S4__L001__WS	WS_SKN_KCL10525739_S4_L001	success	Torque teno virus	3	0.0	0.0	0.0
WS_SKN_KCL10525739__S4__L001__WS	WS_SKN_KCL10525739_S4_L001	success	Toscana virus	4	0.0	0.0	0.0
WS_SKN_KCL10525739__S4__L001__WS	WS_SKN_KCL10525739_S4_L001	success	Vaccinia virus	223	0.0	0.0	0.0
WS_SKN_KCL10525739__S4__L001__WS	WS_SKN_KCL10525739_S4_L001	success	Varicella-zoster virus	73	0.0	0.0	0.0
WS_SKN_KCL10525739__S4__L001__WS	WS_SKN_KCL10525739_S4_L001	success	Variola virus	197	0.0	0.0	0.0
WS_SKN_KCL10525739__S4__L001__WS	WS_SKN_KCL10525739_S4_L001	success	Venezuelan equine encephalitis virus	4	0.0	0.0	0.0
WS_SKN_KCL10525739__S4__L001__WS	WS_SKN_KCL10525739_S4_L001	success	Vesicular stomatitis virus	5	0.0	0.0	0.0
WS_SKN_KCL10525739__S4__L001__WS	WS_SKN_KCL10525739_S4_L001	success	WU polyomavirus	5	0.0	0.0	0.0
WS_SKN_KCL10525739__S4__L001__WS	WS_SKN_KCL10525739_S4_L001	success	West Nile virus	1	0.0	0.0	0.0
WS_SKN_KCL10525739__S4__L001__WS	WS_SKN_KCL10525739_S4_L001	success	Western equine encephalitis virus	3	0.0	0.0	0.0
WS_SKN_KCL10525739__S4__L001__WS	WS_SKN_KCL10525739_S4_L001	success	Yaba-like disease virus	152	1.0	1.0	1.0
WS_SKN_KCL10525739__S4__L001__WS	WS_SKN_KCL10525739_S4_L001	success	Yellow fever virus	1	0.0	0.0	0.0
WS_SKN_KCL10525739__S4__L001__WS	WS_SKN_KCL10525739_S4_L001	success	Zika virus	1	0.0	0.0	0.0
WS_SKN_KCL10525739__S4__L002__WS	WS_SKN_KCL10525739_S4_L002	success	ADENO_AAV2gp01	1	0.0	0.0	0.0
WS_SKN_KCL10525739__S4__L002__WS	WS_SKN_KCL10525739_S4_L002	success	ADENO_AAV2gp02	1	0.0	0.0	0.0
WS_SKN_KCL10525739__S4__L002__WS	WS_SKN_KCL10525739_S4_L002	success	ADENO_AAV2gp03	1	0.0	0.0	0.0
WS_SKN_KCL10525739__S4__L002__WS	WS_SKN_KCL10525739_S4_L002	success	ADENO_AAV2gp04	1	0.0	0.0	0.0
WS_SKN_KCL10525739__S4__L002__WS	WS_SKN_KCL10525739_S4_L002	success	ADENO_AAV2gp05	1	0.0	0.0	0.0
WS_SKN_KCL10525739__S4__L002__WS	WS_SKN_KCL10525739_S4_L002	success	ADENO_AAV2gp06	1	0.0	0.0	0.0
WS_SKN_KCL10525739__S4__L002__WS	WS_SKN_KCL10525739_S4_L002	success	ADENO_AAV2gp07	1	0.0	0.0	0.0
WS_SKN_KCL10525739__S4__L002__WS	WS_SKN_KCL10525739_S4_L002	success	ADENO_AAV2gp08	1	0.0	0.0	0.0
WS_SKN_KCL10525739__S4__L002__WS	WS_SKN_KCL10525739_S4_L002	success	ADENO_AAV2gs01	1	0.0	0.0	0.0
WS_SKN_KCL10525739__S4__L002__WS	WS_SKN_KCL10525739_S4_L002	success	ADENO_AAV2gs02	1	0.0	0.0	0.0
WS_SKN_KCL10525739__S4__L002__WS	WS_SKN_KCL10525739_S4_L002	success	ADENO_AAV2gs03	1	0.0	0.0	0.0
WS_SKN_KCL10525739__S4__L002__WS	WS_SKN_KCL10525739_S4_L002	success	Aichi virus	1	0.0	0.0	0.0
WS_SKN_KCL10525739__S4__L002__WS	WS_SKN_KCL10525739_S4_L002	success	Australian Bat Lyssavirus	5	0.0	0.0	0.0
WS_SKN_KCL10525739__S4__L002__WS	WS_SKN_KCL10525739_S4_L002	success	BK polyomavirus	6	0.0	0.0	0.0
WS_SKN_KCL10525739__S4__L002__WS	WS_SKN_KCL10525739_S4_L002	success	Banna virus	11	0.0	0.0	0.0
WS_SKN_KCL10525739__S4__L002__WS	WS_SKN_KCL10525739_S4_L002	success	Barmah forest virus	4	0.0	0.0	0.0
WS_SKN_KCL10525739__S4__L002__WS	WS_SKN_KCL10525739_S4_L002	success	Bunyamwera virus	4	0.0	0.0	0.0
WS_SKN_KCL10525739__S4__L002__WS	WS_SKN_KCL10525739_S4_L002	success	Bunyavirus La Crosse	4	0.0	0.0	0.0
WS_SKN_KCL10525739__S4__L002__WS	WS_SKN_KCL10525739_S4_L002	success	Cercopithecine herpesvirus	75	0.0	0.0514018691588785	0.0
WS_SKN_KCL10525739__S4__L002__WS	WS_SKN_KCL10525739_S4_L002	success	Chikungunya virus	2	0.0	0.0	0.0
WS_SKN_KCL10525739__S4__L002__WS	WS_SKN_KCL10525739_S4_L002	success	Cosavirus A	1	0.0	0.0	0.0
WS_SKN_KCL10525739__S4__L002__WS	WS_SKN_KCL10525739_S4_L002	success	Cowpox virus	233	0.0	0.0	0.0
WS_SKN_KCL10525739__S4__L002__WS	WS_SKN_KCL10525739_S4_L002	success	Coxsackievirus	1	0.0	0.0	0.0
WS_SKN_KCL10525739__S4__L002__WS	WS_SKN_KCL10525739_S4_L002	success	Crimean Congo hemorrhagic fever virus	3	0.0	0.0	0.0
WS_SKN_KCL10525739__S4__L002__WS	WS_SKN_KCL10525739_S4_L002	success	DENV_DV1_gp1	1	0.0	0.0	0.0
WS_SKN_KCL10525739__S4__L002__WS	WS_SKN_KCL10525739_S4_L002	success	DENV_unassigned_gene_1	1	0.0	0.0	0.0
WS_SKN_KCL10525739__S4__L002__WS	WS_SKN_KCL10525739_S4_L002	success	DENV_unassigned_gene_2	1	0.0	0.0	0.0
WS_SKN_KCL10525739__S4__L002__WS	WS_SKN_KCL10525739_S4_L002	success	DENV_unassigned_gene_3	1	0.0	0.0	0.0
WS_SKN_KCL10525739__S4__L002__WS	WS_SKN_KCL10525739_S4_L002	success	DENV_unassigned_gene_4	1	0.0	0.0	0.0
WS_SKN_KCL10525739__S4__L002__WS	WS_SKN_KCL10525739_S4_L002	success	Eastern_equine_encephalitis_virus	4	0.0	0.0	0.0
WS_SKN_KCL10525739__S4__L002__WS	WS_SKN_KCL10525739_S4_L002	success	Ebolavirus	7	0.0	0.0	0.0
WS_SKN_KCL10525739__S4__L002__WS	WS_SKN_KCL10525739_S4_L002	success	Echovirus	1	0.0	0.0	0.0
WS_SKN_KCL10525739__S4__L002__WS	WS_SKN_KCL10525739_S4_L002	success	Encephalomyocarditis virus	2	0.0	0.0	0.0
WS_SKN_KCL10525739__S4__L002__WS	WS_SKN_KCL10525739_S4_L002	success	Epstein-Barr virus	96	0.0	0.0	0.0
WS_SKN_KCL10525739__S4__L002__WS	WS_SKN_KCL10525739_S4_L002	success	European bat lyssavirus	5	0.0	0.0	0.0
WS_SKN_KCL10525739__S4__L002__WS	WS_SKN_KCL10525739_S4_L002	success	Human SARS coronavirus	13	0.0	0.0	0.0
WS_SKN_KCL10525739__S4__L002__WS	WS_SKN_KCL10525739_S4_L002	success	Human adenovirus	18	0.0	0.0	0.0
WS_SKN_KCL10525739__S4__L002__WS	WS_SKN_KCL10525739_S4_L002	success	Human astrovirus	2	0.0	0.0	0.0
WS_SKN_KCL10525739__S4__L002__WS	WS_SKN_KCL10525739_S4_L002	success	Human coronavirus	7	0.0	0.0	0.0
WS_SKN_KCL10525739__S4__L002__WS	WS_SKN_KCL10525739_S4_L002	success	Human cytomegalovirus	187	0.0	0.0	0.0
WS_SKN_KCL10525739__S4__L002__WS	WS_SKN_KCL10525739_S4_L002	success	Human enterovirus 68, 70	1	0.0	0.0	0.0
WS_SKN_KCL10525739__S4__L002__WS	WS_SKN_KCL10525739_S4_L002	success	Human herpesvirus 1	79	0.0	0.0	0.0
WS_SKN_KCL10525739__S4__L002__WS	WS_SKN_KCL10525739_S4_L002	success	Human herpesvirus 2	79	0.0	0.0	0.0
WS_SKN_KCL10525739__S4__L002__WS	WS_SKN_KCL10525739_S4_L002	success	Human herpesvirus 6	88	0.0	0.0	0.0
WS_SKN_KCL10525739__S4__L002__WS	WS_SKN_KCL10525739_S4_L002	success	Human herpesvirus 6b	97	1.0	1.0	1.0
WS_SKN_KCL10525739__S4__L002__WS	WS_SKN_KCL10525739_S4_L002	success	Human herpesvirus 7	86	0.0	0.0	0.0
WS_SKN_KCL10525739__S4__L002__WS	WS_SKN_KCL10525739_S4_L002	success	Human herpesvirus 8	98	0.0	0.0	0.0
WS_SKN_KCL10525739__S4__L002__WS	WS_SKN_KCL10525739_S4_L002	success	Human papillomavirus 1	7	0.0	0.0	0.0
WS_SKN_KCL10525739__S4__L002__WS	WS_SKN_KCL10525739_S4_L002	success	Human papillomavirus 16,18	8	0.0	0.0	0.0
WS_SKN_KCL10525739__S4__L002__WS	WS_SKN_KCL10525739_S4_L002	success	Human papillomavirus 2	7	0.0	0.0	0.0
WS_SKN_KCL10525739__S4__L002__WS	WS_SKN_KCL10525739_S4_L002	success	Human parainfluenza	10	0.0	0.0	0.0
WS_SKN_KCL10525739__S4__L002__WS	WS_SKN_KCL10525739_S4_L002	success	Human parvovirus B19	6	0.0	0.0	0.0
WS_SKN_KCL10525739__S4__L002__WS	WS_SKN_KCL10525739_S4_L002	success	Human respiratory syncytial virus	10	0.0	0.0	0.0
WS_SKN_KCL10525739__S4__L002__WS	WS_SKN_KCL10525739_S4_L002	success	Human rhinovirus	1	0.0	0.0	0.0
WS_SKN_KCL10525739__S4__L002__WS	WS_SKN_KCL10525739_S4_L002	success	Influenza A virus	12	0.0	0.0	0.0
WS_SKN_KCL10525739__S4__L002__WS	WS_SKN_KCL10525739_S4_L002	success	Influenza B virus	10	0.0	0.0	0.0
WS_SKN_KCL10525739__S4__L002__WS	WS_SKN_KCL10525739_S4_L002	success	Influenza C virus	7	0.0	0.0	0.0
WS_SKN_KCL10525739__S4__L002__WS	WS_SKN_KCL10525739_S4_L002	success	JC polyomavirus	6	0.0	0.0	0.0
WS_SKN_KCL10525739__S4__L002__WS	WS_SKN_KCL10525739_S4_L002	success	Japanese encephalitis virus	2	0.0	0.0	0.0
WS_SKN_KCL10525739__S4__L002__WS	WS_SKN_KCL10525739_S4_L002	success	KI Polyomavirus	5	0.0	0.0	0.0
WS_SKN_KCL10525739__S4__L002__WS	WS_SKN_KCL10525739_S4_L002	success	Lake Victoria marburgvirus	7	0.0	0.0	0.0
WS_SKN_KCL10525739__S4__L002__WS	WS_SKN_KCL10525739_S4_L002	success	Langat virus	1	0.0	0.0	0.0
WS_SKN_KCL10525739__S4__L002__WS	WS_SKN_KCL10525739_S4_L002	success	Lassa virus	4	0.0	0.0	0.0
WS_SKN_KCL10525739__S4__L002__WS	WS_SKN_KCL10525739_S4_L002	success	Louping ill virus	1	0.0	0.0	0.0
WS_SKN_KCL10525739__S4__L002__WS	WS_SKN_KCL10525739_S4_L002	success	Lymphocytic choriomeningitis virus	4	0.0	0.0	0.0
WS_SKN_KCL10525739__S4__L002__WS	WS_SKN_KCL10525739_S4_L002	success	MERS coronavirus	10	0.0	0.0	0.0
WS_SKN_KCL10525739__S4__L002__WS	WS_SKN_KCL10525739_S4_L002	success	Mayaro virus	4	0.0	0.0	0.0
WS_SKN_KCL10525739__S4__L002__WS	WS_SKN_KCL10525739_S4_L002	success	Measles virus	6	0.0	0.0	0.0
WS_SKN_KCL10525739__S4__L002__WS	WS_SKN_KCL10525739_S4_L002	success	Merkel cell polyomavirus	4	0.0	0.0	0.0
WS_SKN_KCL10525739__S4__L002__WS	WS_SKN_KCL10525739_S4_L002	success	Molluscum contagiosum virus	163	1.0	1.0	1.0
WS_SKN_KCL10525739__S4__L002__WS	WS_SKN_KCL10525739_S4_L002	success	Monkeypox virus	180	0.0	0.0	0.0
WS_SKN_KCL10525739__S4__L002__WS	WS_SKN_KCL10525739_S4_L002	success	Mumps virus	7	0.0	0.0	0.0
WS_SKN_KCL10525739__S4__L002__WS	WS_SKN_KCL10525739_S4_L002	success	Murray valley encephalitis virus	2	0.0	0.0	0.0
WS_SKN_KCL10525739__S4__L002__WS	WS_SKN_KCL10525739_S4_L002	success	Nipah virus	6	0.0	0.0	0.0
WS_SKN_KCL10525739__S4__L002__WS	WS_SKN_KCL10525739_S4_L002	success	Norwalk virus	3	0.0	0.0	0.0
WS_SKN_KCL10525739__S4__L002__WS	WS_SKN_KCL10525739_S4_L002	success	O'nyong-nyong virus	4	0.0	0.0	0.0
WS_SKN_KCL10525739__S4__L002__WS	WS_SKN_KCL10525739_S4_L002	success	Orf virus	130	0.0	0.0	0.0
WS_SKN_KCL10525739__S4__L002__WS	WS_SKN_KCL10525739_S4_L002	success	Oropouche virus	4	0.0	0.0	0.0
WS_SKN_KCL10525739__S4__L002__WS	WS_SKN_KCL10525739_S4_L002	success	Poliovirus	5	0.0	0.0	0.0
WS_SKN_KCL10525739__S4__L002__WS	WS_SKN_KCL10525739_S4_L002	success	Rabies virus	5	0.0	0.0	0.0
WS_SKN_KCL10525739__S4__L002__WS	WS_SKN_KCL10525739_S4_L002	success	Rosavirus A	1	0.0	0.0	0.0
WS_SKN_KCL10525739__S4__L002__WS	WS_SKN_KCL10525739_S4_L002	success	Ross river virus	4	0.0	0.0	0.0
WS_SKN_KCL10525739__S4__L002__WS	WS_SKN_KCL10525739_S4_L002	success	Rotavirus A	10	0.0	0.0	0.0
WS_SKN_KCL10525739__S4__L002__WS	WS_SKN_KCL10525739_S4_L002	success	Rotavirus B	11	0.0	0.0	0.0
WS_SKN_KCL10525739__S4__L002__WS	WS_SKN_KCL10525739_S4_L002	success	Rotavirus C	11	0.0	0.0	0.0
WS_SKN_KCL10525739__S4__L002__WS	WS_SKN_KCL10525739_S4_L002	success	Rubella virus	2	0.0	0.0	0.0
WS_SKN_KCL10525739__S4__L002__WS	WS_SKN_KCL10525739_S4_L002	success	Salivirus A	1	0.0	0.0	0.0
WS_SKN_KCL10525739__S4__L002__WS	WS_SKN_KCL10525739_S4_L002	success	Sapporo virus	2	0.0	0.0	0.0
WS_SKN_KCL10525739__S4__L002__WS	WS_SKN_KCL10525739_S4_L002	success	Semliki forest virus	3	0.0	0.0	0.0
WS_SKN_KCL10525739__S4__L002__WS	WS_SKN_KCL10525739_S4_L002	success	Seoul virus	3	0.0	0.0	0.0
WS_SKN_KCL10525739__S4__L002__WS	WS_SKN_KCL10525739_S4_L002	success	Sindbis virus	4	0.0	0.0	0.0
WS_SKN_KCL10525739__S4__L002__WS	WS_SKN_KCL10525739_S4_L002	success	St. louis encephalitis virus	1	0.0	0.0	0.0
WS_SKN_KCL10525739__S4__L002__WS	WS_SKN_KCL10525739_S4_L002	success	Tick-borne powassan virus	1	0.0	0.0	0.0
WS_SKN_KCL10525739__S4__L002__WS	WS_SKN_KCL10525739_S4_L002	success	Torque teno virus	3	0.0	0.0	0.0
WS_SKN_KCL10525739__S4__L002__WS	WS_SKN_KCL10525739_S4_L002	success	Toscana virus	4	0.0	0.0	0.0
WS_SKN_KCL10525739__S4__L002__WS	WS_SKN_KCL10525739_S4_L002	success	Vaccinia virus	223	0.0	0.0	0.0
WS_SKN_KCL10525739__S4__L002__WS	WS_SKN_KCL10525739_S4_L002	success	Varicella-zoster virus	73	0.0	0.0	0.0
WS_SKN_KCL10525739__S4__L002__WS	WS_SKN_KCL10525739_S4_L002	success	Variola virus	197	0.0	0.0	0.0
WS_SKN_KCL10525739__S4__L002__WS	WS_SKN_KCL10525739_S4_L002	success	Venezuelan equine encephalitis virus	4	0.0	0.0	0.0
WS_SKN_KCL10525739__S4__L002__WS	WS_SKN_KCL10525739_S4_L002	success	Vesicular stomatitis virus	5	0.0	0.0	0.0
WS_SKN_KCL10525739__S4__L002__WS	WS_SKN_KCL10525739_S4_L002	success	WU polyomavirus	5	0.0	0.0	0.0
WS_SKN_KCL10525739__S4__L002__WS	WS_SKN_KCL10525739_S4_L002	success	West Nile virus	1	0.0	0.0	0.0
WS_SKN_KCL10525739__S4__L002__WS	WS_SKN_KCL10525739_S4_L002	success	Western equine encephalitis virus	3	0.0	0.0	0.0
WS_SKN_KCL10525739__S4__L002__WS	WS_SKN_KCL10525739_S4_L002	success	Yaba-like disease virus	152	0.0	0.0	0.0
WS_SKN_KCL10525739__S4__L002__WS	WS_SKN_KCL10525739_S4_L002	success	Yellow fever virus	1	0.0	0.0	0.0
WS_SKN_KCL10525739__S4__L002__WS	WS_SKN_KCL10525739_S4_L002	success	Zika virus	1	0.0	0.0	0.0
WS_SKN_KCL10525740__S1__L002__WS	WS_SKN_KCL10525740_S1_L002	success	ADENO_AAV2gp01	1	0.0	0.0	0.0
WS_SKN_KCL10525740__S1__L002__WS	WS_SKN_KCL10525740_S1_L002	success	ADENO_AAV2gp02	1	0.0	0.0	0.0
WS_SKN_KCL10525740__S1__L002__WS	WS_SKN_KCL10525740_S1_L002	success	ADENO_AAV2gp03	1	0.0	0.0	0.0
WS_SKN_KCL10525740__S1__L002__WS	WS_SKN_KCL10525740_S1_L002	success	ADENO_AAV2gp04	1	0.0	0.0	0.0
WS_SKN_KCL10525740__S1__L002__WS	WS_SKN_KCL10525740_S1_L002	success	ADENO_AAV2gp05	1	0.0	0.0	0.0
WS_SKN_KCL10525740__S1__L002__WS	WS_SKN_KCL10525740_S1_L002	success	ADENO_AAV2gp06	1	0.0	0.0	0.0
WS_SKN_KCL10525740__S1__L002__WS	WS_SKN_KCL10525740_S1_L002	success	ADENO_AAV2gp07	1	0.0	0.0	0.0
WS_SKN_KCL10525740__S1__L002__WS	WS_SKN_KCL10525740_S1_L002	success	ADENO_AAV2gp08	1	0.0	0.0	0.0
WS_SKN_KCL10525740__S1__L002__WS	WS_SKN_KCL10525740_S1_L002	success	ADENO_AAV2gs01	1	0.0	0.0	0.0
WS_SKN_KCL10525740__S1__L002__WS	WS_SKN_KCL10525740_S1_L002	success	ADENO_AAV2gs02	1	0.0	0.0	0.0
WS_SKN_KCL10525740__S1__L002__WS	WS_SKN_KCL10525740_S1_L002	success	ADENO_AAV2gs03	1	0.0	0.0	0.0
WS_SKN_KCL10525740__S1__L002__WS	WS_SKN_KCL10525740_S1_L002	success	Aichi virus	1	0.0	0.0	0.0
WS_SKN_KCL10525740__S1__L002__WS	WS_SKN_KCL10525740_S1_L002	success	Australian Bat Lyssavirus	5	0.0	0.0	0.0
WS_SKN_KCL10525740__S1__L002__WS	WS_SKN_KCL10525740_S1_L002	success	BK polyomavirus	6	0.0	0.0	0.0
WS_SKN_KCL10525740__S1__L002__WS	WS_SKN_KCL10525740_S1_L002	success	Banna virus	11	0.0	0.0	0.0
WS_SKN_KCL10525740__S1__L002__WS	WS_SKN_KCL10525740_S1_L002	success	Barmah forest virus	4	0.0	0.0	0.0
WS_SKN_KCL10525740__S1__L002__WS	WS_SKN_KCL10525740_S1_L002	success	Bunyamwera virus	4	0.0	0.0	0.0
WS_SKN_KCL10525740__S1__L002__WS	WS_SKN_KCL10525740_S1_L002	success	Bunyavirus La Crosse	4	0.0	0.0	0.0
WS_SKN_KCL10525740__S1__L002__WS	WS_SKN_KCL10525740_S1_L002	success	Cercopithecine herpesvirus	75	0.0	0.05366751628433872	0.0
WS_SKN_KCL10525740__S1__L002__WS	WS_SKN_KCL10525740_S1_L002	success	Chikungunya virus	2	0.0	0.0	0.0
WS_SKN_KCL10525740__S1__L002__WS	WS_SKN_KCL10525740_S1_L002	success	Cosavirus A	1	0.0	0.0	0.0
WS_SKN_KCL10525740__S1__L002__WS	WS_SKN_KCL10525740_S1_L002	success	Cowpox virus	233	0.0	0.0	0.0
WS_SKN_KCL10525740__S1__L002__WS	WS_SKN_KCL10525740_S1_L002	success	Coxsackievirus	1	0.0	0.0	0.0
WS_SKN_KCL10525740__S1__L002__WS	WS_SKN_KCL10525740_S1_L002	success	Crimean Congo hemorrhagic fever virus	3	0.0	0.0	0.0
WS_SKN_KCL10525740__S1__L002__WS	WS_SKN_KCL10525740_S1_L002	success	DENV_DV1_gp1	1	0.0	0.0	0.0
WS_SKN_KCL10525740__S1__L002__WS	WS_SKN_KCL10525740_S1_L002	success	DENV_unassigned_gene_1	1	0.0	0.0	0.0
WS_SKN_KCL10525740__S1__L002__WS	WS_SKN_KCL10525740_S1_L002	success	DENV_unassigned_gene_2	1	0.0	0.0	0.0
WS_SKN_KCL10525740__S1__L002__WS	WS_SKN_KCL10525740_S1_L002	success	DENV_unassigned_gene_3	1	0.0	0.0	0.0
WS_SKN_KCL10525740__S1__L002__WS	WS_SKN_KCL10525740_S1_L002	success	DENV_unassigned_gene_4	1	0.0	0.0	0.0
WS_SKN_KCL10525740__S1__L002__WS	WS_SKN_KCL10525740_S1_L002	success	Eastern_equine_encephalitis_virus	4	0.0	0.0	0.0
WS_SKN_KCL10525740__S1__L002__WS	WS_SKN_KCL10525740_S1_L002	success	Ebolavirus	7	0.0	0.0	0.0
WS_SKN_KCL10525740__S1__L002__WS	WS_SKN_KCL10525740_S1_L002	success	Echovirus	1	0.0	0.0	0.0
WS_SKN_KCL10525740__S1__L002__WS	WS_SKN_KCL10525740_S1_L002	success	Encephalomyocarditis virus	2	0.0	0.0	0.0
WS_SKN_KCL10525740__S1__L002__WS	WS_SKN_KCL10525740_S1_L002	success	Epstein-Barr virus	96	0.0	0.0	0.0
WS_SKN_KCL10525740__S1__L002__WS	WS_SKN_KCL10525740_S1_L002	success	European bat lyssavirus	5	0.0	0.0	0.0
WS_SKN_KCL10525740__S1__L002__WS	WS_SKN_KCL10525740_S1_L002	success	Human SARS coronavirus	13	0.0	0.0	0.0
WS_SKN_KCL10525740__S1__L002__WS	WS_SKN_KCL10525740_S1_L002	success	Human adenovirus	18	0.0	0.0	0.0
WS_SKN_KCL10525740__S1__L002__WS	WS_SKN_KCL10525740_S1_L002	success	Human astrovirus	2	0.0	0.0	0.0
WS_SKN_KCL10525740__S1__L002__WS	WS_SKN_KCL10525740_S1_L002	success	Human coronavirus	7	0.0	0.0	0.0
WS_SKN_KCL10525740__S1__L002__WS	WS_SKN_KCL10525740_S1_L002	success	Human cytomegalovirus	187	0.0	0.0	0.0
WS_SKN_KCL10525740__S1__L002__WS	WS_SKN_KCL10525740_S1_L002	success	Human enterovirus 68, 70	1	0.0	0.0	0.0
WS_SKN_KCL10525740__S1__L002__WS	WS_SKN_KCL10525740_S1_L002	success	Human herpesvirus 1	79	0.0	0.0	0.0
WS_SKN_KCL10525740__S1__L002__WS	WS_SKN_KCL10525740_S1_L002	success	Human herpesvirus 2	79	0.0	0.0	0.0
WS_SKN_KCL10525740__S1__L002__WS	WS_SKN_KCL10525740_S1_L002	success	Human herpesvirus 6	88	0.0	0.0	0.0
WS_SKN_KCL10525740__S1__L002__WS	WS_SKN_KCL10525740_S1_L002	success	Human herpesvirus 6b	97	1.0	1.0	1.0
WS_SKN_KCL10525740__S1__L002__WS	WS_SKN_KCL10525740_S1_L002	success	Human herpesvirus 7	86	0.0	0.0	0.0
WS_SKN_KCL10525740__S1__L002__WS	WS_SKN_KCL10525740_S1_L002	success	Human herpesvirus 8	98	0.0	0.0	0.0
WS_SKN_KCL10525740__S1__L002__WS	WS_SKN_KCL10525740_S1_L002	success	Human papillomavirus 1	7	0.0	0.0	0.0
WS_SKN_KCL10525740__S1__L002__WS	WS_SKN_KCL10525740_S1_L002	success	Human papillomavirus 16,18	8	0.0	0.0	0.0
WS_SKN_KCL10525740__S1__L002__WS	WS_SKN_KCL10525740_S1_L002	success	Human papillomavirus 2	7	0.0	0.0	0.0
WS_SKN_KCL10525740__S1__L002__WS	WS_SKN_KCL10525740_S1_L002	success	Human parainfluenza	10	0.0	0.0	0.0
WS_SKN_KCL10525740__S1__L002__WS	WS_SKN_KCL10525740_S1_L002	success	Human parvovirus B19	6	0.0	0.0	0.0
WS_SKN_KCL10525740__S1__L002__WS	WS_SKN_KCL10525740_S1_L002	success	Human respiratory syncytial virus	10	0.0	0.0	0.0
WS_SKN_KCL10525740__S1__L002__WS	WS_SKN_KCL10525740_S1_L002	success	Human rhinovirus	1	0.0	0.0	0.0
WS_SKN_KCL10525740__S1__L002__WS	WS_SKN_KCL10525740_S1_L002	success	Influenza A virus	12	0.0	0.0	0.0
WS_SKN_KCL10525740__S1__L002__WS	WS_SKN_KCL10525740_S1_L002	success	Influenza B virus	10	0.0	0.0	0.0
WS_SKN_KCL10525740__S1__L002__WS	WS_SKN_KCL10525740_S1_L002	success	Influenza C virus	7	0.0	0.0	0.0
WS_SKN_KCL10525740__S1__L002__WS	WS_SKN_KCL10525740_S1_L002	success	JC polyomavirus	6	0.0	0.0	0.0
WS_SKN_KCL10525740__S1__L002__WS	WS_SKN_KCL10525740_S1_L002	success	Japanese encephalitis virus	2	0.0	0.0	0.0
WS_SKN_KCL10525740__S1__L002__WS	WS_SKN_KCL10525740_S1_L002	success	KI Polyomavirus	5	0.0	0.0	0.0
WS_SKN_KCL10525740__S1__L002__WS	WS_SKN_KCL10525740_S1_L002	success	Lake Victoria marburgvirus	7	0.0	0.0	0.0
WS_SKN_KCL10525740__S1__L002__WS	WS_SKN_KCL10525740_S1_L002	success	Langat virus	1	0.0	0.0	0.0
WS_SKN_KCL10525740__S1__L002__WS	WS_SKN_KCL10525740_S1_L002	success	Lassa virus	4	0.0	0.0	0.0
WS_SKN_KCL10525740__S1__L002__WS	WS_SKN_KCL10525740_S1_L002	success	Louping ill virus	1	0.0	0.0	0.0
WS_SKN_KCL10525740__S1__L002__WS	WS_SKN_KCL10525740_S1_L002	success	Lymphocytic choriomeningitis virus	4	0.0	0.0	0.0
WS_SKN_KCL10525740__S1__L002__WS	WS_SKN_KCL10525740_S1_L002	success	MERS coronavirus	10	0.0	0.0	0.0
WS_SKN_KCL10525740__S1__L002__WS	WS_SKN_KCL10525740_S1_L002	success	Mayaro virus	4	0.0	0.0	0.0
WS_SKN_KCL10525740__S1__L002__WS	WS_SKN_KCL10525740_S1_L002	success	Measles virus	6	0.0	0.0	0.0
WS_SKN_KCL10525740__S1__L002__WS	WS_SKN_KCL10525740_S1_L002	success	Merkel cell polyomavirus	4	0.0	0.0	0.0
WS_SKN_KCL10525740__S1__L002__WS	WS_SKN_KCL10525740_S1_L002	success	Molluscum contagiosum virus	163	0.0	0.0	0.0
WS_SKN_KCL10525740__S1__L002__WS	WS_SKN_KCL10525740_S1_L002	success	Monkeypox virus	180	0.0	0.0	0.0
WS_SKN_KCL10525740__S1__L002__WS	WS_SKN_KCL10525740_S1_L002	success	Mumps virus	7	0.0	0.0	0.0
WS_SKN_KCL10525740__S1__L002__WS	WS_SKN_KCL10525740_S1_L002	success	Murray valley encephalitis virus	2	0.0	0.0	0.0
WS_SKN_KCL10525740__S1__L002__WS	WS_SKN_KCL10525740_S1_L002	success	Nipah virus	6	0.0	0.0	0.0
WS_SKN_KCL10525740__S1__L002__WS	WS_SKN_KCL10525740_S1_L002	success	Norwalk virus	3	0.0	0.0	0.0
WS_SKN_KCL10525740__S1__L002__WS	WS_SKN_KCL10525740_S1_L002	success	O'nyong-nyong virus	4	0.0	0.0	0.0
WS_SKN_KCL10525740__S1__L002__WS	WS_SKN_KCL10525740_S1_L002	success	Orf virus	130	0.0	0.0	0.0
WS_SKN_KCL10525740__S1__L002__WS	WS_SKN_KCL10525740_S1_L002	success	Oropouche virus	4	0.0	0.0	0.0
WS_SKN_KCL10525740__S1__L002__WS	WS_SKN_KCL10525740_S1_L002	success	Poliovirus	5	0.0	0.0	0.0
WS_SKN_KCL10525740__S1__L002__WS	WS_SKN_KCL10525740_S1_L002	success	Rabies virus	5	0.0	0.0	0.0
WS_SKN_KCL10525740__S1__L002__WS	WS_SKN_KCL10525740_S1_L002	success	Rosavirus A	1	0.0	0.0	0.0
WS_SKN_KCL10525740__S1__L002__WS	WS_SKN_KCL10525740_S1_L002	success	Ross river virus	4	0.0	0.0	0.0
WS_SKN_KCL10525740__S1__L002__WS	WS_SKN_KCL10525740_S1_L002	success	Rotavirus A	10	0.0	0.0	0.0
WS_SKN_KCL10525740__S1__L002__WS	WS_SKN_KCL10525740_S1_L002	success	Rotavirus B	11	0.0	0.0	0.0
WS_SKN_KCL10525740__S1__L002__WS	WS_SKN_KCL10525740_S1_L002	success	Rotavirus C	11	0.0	0.0	0.0
WS_SKN_KCL10525740__S1__L002__WS	WS_SKN_KCL10525740_S1_L002	success	Rubella virus	2	0.0	0.0	0.0
WS_SKN_KCL10525740__S1__L002__WS	WS_SKN_KCL10525740_S1_L002	success	Salivirus A	1	0.0	0.0	0.0
WS_SKN_KCL10525740__S1__L002__WS	WS_SKN_KCL10525740_S1_L002	success	Sapporo virus	2	0.0	0.0	0.0
WS_SKN_KCL10525740__S1__L002__WS	WS_SKN_KCL10525740_S1_L002	success	Semliki forest virus	3	0.0	0.0	0.0
WS_SKN_KCL10525740__S1__L002__WS	WS_SKN_KCL10525740_S1_L002	success	Seoul virus	3	0.0	0.0	0.0
WS_SKN_KCL10525740__S1__L002__WS	WS_SKN_KCL10525740_S1_L002	success	Sindbis virus	4	0.0	0.0	0.0
WS_SKN_KCL10525740__S1__L002__WS	WS_SKN_KCL10525740_S1_L002	success	St. louis encephalitis virus	1	0.0	0.0	0.0
WS_SKN_KCL10525740__S1__L002__WS	WS_SKN_KCL10525740_S1_L002	success	Tick-borne powassan virus	1	0.0	0.0	0.0
WS_SKN_KCL10525740__S1__L002__WS	WS_SKN_KCL10525740_S1_L002	success	Torque teno virus	3	0.0	0.0	0.0
WS_SKN_KCL10525740__S1__L002__WS	WS_SKN_KCL10525740_S1_L002	success	Toscana virus	4	0.0	0.0	0.0
WS_SKN_KCL10525740__S1__L002__WS	WS_SKN_KCL10525740_S1_L002	success	Vaccinia virus	223	0.0	0.0	0.0
WS_SKN_KCL10525740__S1__L002__WS	WS_SKN_KCL10525740_S1_L002	success	Varicella-zoster virus	73	0.0	0.0	0.0
WS_SKN_KCL10525740__S1__L002__WS	WS_SKN_KCL10525740_S1_L002	success	Variola virus	197	0.0	0.0	0.0
WS_SKN_KCL10525740__S1__L002__WS	WS_SKN_KCL10525740_S1_L002	success	Venezuelan equine encephalitis virus	4	0.0	0.0	0.0
WS_SKN_KCL10525740__S1__L002__WS	WS_SKN_KCL10525740_S1_L002	success	Vesicular stomatitis virus	5	0.0	0.0	0.0
WS_SKN_KCL10525740__S1__L002__WS	WS_SKN_KCL10525740_S1_L002	success	WU polyomavirus	5	0.0	0.0	0.0
WS_SKN_KCL10525740__S1__L002__WS	WS_SKN_KCL10525740_S1_L002	success	West Nile virus	1	0.0	0.0	0.0
WS_SKN_KCL10525740__S1__L002__WS	WS_SKN_KCL10525740_S1_L002	success	Western equine encephalitis virus	3	0.0	0.0	0.0
WS_SKN_KCL10525740__S1__L002__WS	WS_SKN_KCL10525740_S1_L002	success	Yaba-like disease virus	152	0.0	0.0	0.0
WS_SKN_KCL10525740__S1__L002__WS	WS_SKN_KCL10525740_S1_L002	success	Yellow fever virus	1	0.0	0.0	0.0
WS_SKN_KCL10525740__S1__L002__WS	WS_SKN_KCL10525740_S1_L002	success	Zika virus	1	0.0	0.0	0.0
WS_SKN_KCL10525740__S2__L002__WS	WS_SKN_KCL10525740_S2_L002	success	ADENO_AAV2gp01	1	0.0	0.0	0.0
WS_SKN_KCL10525740__S2__L002__WS	WS_SKN_KCL10525740_S2_L002	success	ADENO_AAV2gp02	1	0.0	0.0	0.0
WS_SKN_KCL10525740__S2__L002__WS	WS_SKN_KCL10525740_S2_L002	success	ADENO_AAV2gp03	1	0.0	0.0	0.0
WS_SKN_KCL10525740__S2__L002__WS	WS_SKN_KCL10525740_S2_L002	success	ADENO_AAV2gp04	1	0.0	0.0	0.0
WS_SKN_KCL10525740__S2__L002__WS	WS_SKN_KCL10525740_S2_L002	success	ADENO_AAV2gp05	1	0.0	0.0	0.0
WS_SKN_KCL10525740__S2__L002__WS	WS_SKN_KCL10525740_S2_L002	success	ADENO_AAV2gp06	1	0.0	0.0	0.0
WS_SKN_KCL10525740__S2__L002__WS	WS_SKN_KCL10525740_S2_L002	success	ADENO_AAV2gp07	1	0.0	0.0	0.0
WS_SKN_KCL10525740__S2__L002__WS	WS_SKN_KCL10525740_S2_L002	success	ADENO_AAV2gp08	1	0.0	0.0	0.0
WS_SKN_KCL10525740__S2__L002__WS	WS_SKN_KCL10525740_S2_L002	success	ADENO_AAV2gs01	1	0.0	0.0	0.0
WS_SKN_KCL10525740__S2__L002__WS	WS_SKN_KCL10525740_S2_L002	success	ADENO_AAV2gs02	1	0.0	0.0	0.0
WS_SKN_KCL10525740__S2__L002__WS	WS_SKN_KCL10525740_S2_L002	success	ADENO_AAV2gs03	1	0.0	0.0	0.0
WS_SKN_KCL10525740__S2__L002__WS	WS_SKN_KCL10525740_S2_L002	success	Aichi virus	1	0.0	0.0	0.0
WS_SKN_KCL10525740__S2__L002__WS	WS_SKN_KCL10525740_S2_L002	success	Australian Bat Lyssavirus	5	0.0	0.0	0.0
WS_SKN_KCL10525740__S2__L002__WS	WS_SKN_KCL10525740_S2_L002	success	BK polyomavirus	6	0.0	0.0	0.0
WS_SKN_KCL10525740__S2__L002__WS	WS_SKN_KCL10525740_S2_L002	success	Banna virus	11	0.0	0.0	0.0
WS_SKN_KCL10525740__S2__L002__WS	WS_SKN_KCL10525740_S2_L002	success	Barmah forest virus	4	0.0	0.0	0.0
WS_SKN_KCL10525740__S2__L002__WS	WS_SKN_KCL10525740_S2_L002	success	Bunyamwera virus	4	0.0	0.0	0.0
WS_SKN_KCL10525740__S2__L002__WS	WS_SKN_KCL10525740_S2_L002	success	Bunyavirus La Crosse	4	0.0	0.0	0.0
WS_SKN_KCL10525740__S2__L002__WS	WS_SKN_KCL10525740_S2_L002	success	Cercopithecine herpesvirus	75	0.0	0.014018691588785045	0.0
WS_SKN_KCL10525740__S2__L002__WS	WS_SKN_KCL10525740_S2_L002	success	Chikungunya virus	2	0.0	0.0	0.0
WS_SKN_KCL10525740__S2__L002__WS	WS_SKN_KCL10525740_S2_L002	success	Cosavirus A	1	0.0	0.0	0.0
WS_SKN_KCL10525740__S2__L002__WS	WS_SKN_KCL10525740_S2_L002	success	Cowpox virus	233	0.0	0.0	0.0
WS_SKN_KCL10525740__S2__L002__WS	WS_SKN_KCL10525740_S2_L002	success	Coxsackievirus	1	0.0	0.0	0.0
WS_SKN_KCL10525740__S2__L002__WS	WS_SKN_KCL10525740_S2_L002	success	Crimean Congo hemorrhagic fever virus	3	0.0	0.0	0.0
WS_SKN_KCL10525740__S2__L002__WS	WS_SKN_KCL10525740_S2_L002	success	DENV_DV1_gp1	1	0.0	0.0	0.0
WS_SKN_KCL10525740__S2__L002__WS	WS_SKN_KCL10525740_S2_L002	success	DENV_unassigned_gene_1	1	0.0	0.0	0.0
WS_SKN_KCL10525740__S2__L002__WS	WS_SKN_KCL10525740_S2_L002	success	DENV_unassigned_gene_2	1	0.0	0.0	0.0
WS_SKN_KCL10525740__S2__L002__WS	WS_SKN_KCL10525740_S2_L002	success	DENV_unassigned_gene_3	1	0.0	0.0	0.0
WS_SKN_KCL10525740__S2__L002__WS	WS_SKN_KCL10525740_S2_L002	success	DENV_unassigned_gene_4	1	0.0	0.0	0.0
WS_SKN_KCL10525740__S2__L002__WS	WS_SKN_KCL10525740_S2_L002	success	Eastern_equine_encephalitis_virus	4	0.0	0.0	0.0
WS_SKN_KCL10525740__S2__L002__WS	WS_SKN_KCL10525740_S2_L002	success	Ebolavirus	7	0.0	0.0	0.0
WS_SKN_KCL10525740__S2__L002__WS	WS_SKN_KCL10525740_S2_L002	success	Echovirus	1	0.0	0.0	0.0
WS_SKN_KCL10525740__S2__L002__WS	WS_SKN_KCL10525740_S2_L002	success	Encephalomyocarditis virus	2	0.0	0.0	0.0
WS_SKN_KCL10525740__S2__L002__WS	WS_SKN_KCL10525740_S2_L002	success	Epstein-Barr virus	96	0.0	0.0	0.0
WS_SKN_KCL10525740__S2__L002__WS	WS_SKN_KCL10525740_S2_L002	success	European bat lyssavirus	5	0.0	0.0	0.0
WS_SKN_KCL10525740__S2__L002__WS	WS_SKN_KCL10525740_S2_L002	success	Human SARS coronavirus	13	0.0	0.0	0.0
WS_SKN_KCL10525740__S2__L002__WS	WS_SKN_KCL10525740_S2_L002	success	Human adenovirus	18	0.0	0.0	0.0
WS_SKN_KCL10525740__S2__L002__WS	WS_SKN_KCL10525740_S2_L002	success	Human astrovirus	2	0.0	0.0	0.0
WS_SKN_KCL10525740__S2__L002__WS	WS_SKN_KCL10525740_S2_L002	success	Human coronavirus	7	0.0	0.0	0.0
WS_SKN_KCL10525740__S2__L002__WS	WS_SKN_KCL10525740_S2_L002	success	Human cytomegalovirus	187	0.0	0.0	0.0
WS_SKN_KCL10525740__S2__L002__WS	WS_SKN_KCL10525740_S2_L002	success	Human enterovirus 68, 70	1	0.0	0.0	0.0
WS_SKN_KCL10525740__S2__L002__WS	WS_SKN_KCL10525740_S2_L002	success	Human herpesvirus 1	79	0.0	0.0	0.0
WS_SKN_KCL10525740__S2__L002__WS	WS_SKN_KCL10525740_S2_L002	success	Human herpesvirus 2	79	0.0	0.0	0.0
WS_SKN_KCL10525740__S2__L002__WS	WS_SKN_KCL10525740_S2_L002	success	Human herpesvirus 6	88	0.0	0.0	0.0
WS_SKN_KCL10525740__S2__L002__WS	WS_SKN_KCL10525740_S2_L002	success	Human herpesvirus 6b	97	1.0	1.0	1.0
WS_SKN_KCL10525740__S2__L002__WS	WS_SKN_KCL10525740_S2_L002	success	Human herpesvirus 7	86	0.0	0.0	0.0
WS_SKN_KCL10525740__S2__L002__WS	WS_SKN_KCL10525740_S2_L002	success	Human herpesvirus 8	98	0.0	0.0	0.0
WS_SKN_KCL10525740__S2__L002__WS	WS_SKN_KCL10525740_S2_L002	success	Human papillomavirus 1	7	0.0	0.0	0.0
WS_SKN_KCL10525740__S2__L002__WS	WS_SKN_KCL10525740_S2_L002	success	Human papillomavirus 16,18	8	0.0	0.0	0.0
WS_SKN_KCL10525740__S2__L002__WS	WS_SKN_KCL10525740_S2_L002	success	Human papillomavirus 2	7	0.0	0.0	0.0
WS_SKN_KCL10525740__S2__L002__WS	WS_SKN_KCL10525740_S2_L002	success	Human parainfluenza	10	0.0	0.0	0.0
WS_SKN_KCL10525740__S2__L002__WS	WS_SKN_KCL10525740_S2_L002	success	Human parvovirus B19	6	0.0	0.0	0.0
WS_SKN_KCL10525740__S2__L002__WS	WS_SKN_KCL10525740_S2_L002	success	Human respiratory syncytial virus	10	0.0	0.0	0.0
WS_SKN_KCL10525740__S2__L002__WS	WS_SKN_KCL10525740_S2_L002	success	Human rhinovirus	1	0.0	0.0	0.0
WS_SKN_KCL10525740__S2__L002__WS	WS_SKN_KCL10525740_S2_L002	success	Influenza A virus	12	0.0	0.0	0.0
WS_SKN_KCL10525740__S2__L002__WS	WS_SKN_KCL10525740_S2_L002	success	Influenza B virus	10	0.0	0.0	0.0
WS_SKN_KCL10525740__S2__L002__WS	WS_SKN_KCL10525740_S2_L002	success	Influenza C virus	7	0.0	0.0	0.0
WS_SKN_KCL10525740__S2__L002__WS	WS_SKN_KCL10525740_S2_L002	success	JC polyomavirus	6	0.0	0.0	0.0
WS_SKN_KCL10525740__S2__L002__WS	WS_SKN_KCL10525740_S2_L002	success	Japanese encephalitis virus	2	0.0	0.0	0.0
WS_SKN_KCL10525740__S2__L002__WS	WS_SKN_KCL10525740_S2_L002	success	KI Polyomavirus	5	0.0	0.0	0.0
WS_SKN_KCL10525740__S2__L002__WS	WS_SKN_KCL10525740_S2_L002	success	Lake Victoria marburgvirus	7	0.0	0.0	0.0
WS_SKN_KCL10525740__S2__L002__WS	WS_SKN_KCL10525740_S2_L002	success	Langat virus	1	0.0	0.0	0.0
WS_SKN_KCL10525740__S2__L002__WS	WS_SKN_KCL10525740_S2_L002	success	Lassa virus	4	0.0	0.0	0.0
WS_SKN_KCL10525740__S2__L002__WS	WS_SKN_KCL10525740_S2_L002	success	Louping ill virus	1	0.0	0.0	0.0
WS_SKN_KCL10525740__S2__L002__WS	WS_SKN_KCL10525740_S2_L002	success	Lymphocytic choriomeningitis virus	4	0.0	0.0	0.0
WS_SKN_KCL10525740__S2__L002__WS	WS_SKN_KCL10525740_S2_L002	success	MERS coronavirus	10	0.0	0.0	0.0
WS_SKN_KCL10525740__S2__L002__WS	WS_SKN_KCL10525740_S2_L002	success	Mayaro virus	4	0.0	0.0	0.0
WS_SKN_KCL10525740__S2__L002__WS	WS_SKN_KCL10525740_S2_L002	success	Measles virus	6	0.0	0.0	0.0
WS_SKN_KCL10525740__S2__L002__WS	WS_SKN_KCL10525740_S2_L002	success	Merkel cell polyomavirus	4	0.0	0.0	0.0
WS_SKN_KCL10525740__S2__L002__WS	WS_SKN_KCL10525740_S2_L002	success	Molluscum contagiosum virus	163	0.0	0.0	0.0
WS_SKN_KCL10525740__S2__L002__WS	WS_SKN_KCL10525740_S2_L002	success	Monkeypox virus	180	0.0	0.0	0.0
WS_SKN_KCL10525740__S2__L002__WS	WS_SKN_KCL10525740_S2_L002	success	Mumps virus	7	0.0	0.0	0.0
WS_SKN_KCL10525740__S2__L002__WS	WS_SKN_KCL10525740_S2_L002	success	Murray valley encephalitis virus	2	0.0	0.0	0.0
WS_SKN_KCL10525740__S2__L002__WS	WS_SKN_KCL10525740_S2_L002	success	Nipah virus	6	0.0	0.0	0.0
WS_SKN_KCL10525740__S2__L002__WS	WS_SKN_KCL10525740_S2_L002	success	Norwalk virus	3	0.0	0.0	0.0
WS_SKN_KCL10525740__S2__L002__WS	WS_SKN_KCL10525740_S2_L002	success	O'nyong-nyong virus	4	0.0	0.0	0.0
WS_SKN_KCL10525740__S2__L002__WS	WS_SKN_KCL10525740_S2_L002	success	Orf virus	130	0.0	0.0	0.0
WS_SKN_KCL10525740__S2__L002__WS	WS_SKN_KCL10525740_S2_L002	success	Oropouche virus	4	0.0	0.0	0.0
WS_SKN_KCL10525740__S2__L002__WS	WS_SKN_KCL10525740_S2_L002	success	Poliovirus	5	0.0	0.0	0.0
WS_SKN_KCL10525740__S2__L002__WS	WS_SKN_KCL10525740_S2_L002	success	Rabies virus	5	0.0	0.0	0.0
WS_SKN_KCL10525740__S2__L002__WS	WS_SKN_KCL10525740_S2_L002	success	Rosavirus A	1	0.0	0.0	0.0
WS_SKN_KCL10525740__S2__L002__WS	WS_SKN_KCL10525740_S2_L002	success	Ross river virus	4	0.0	0.0	0.0
WS_SKN_KCL10525740__S2__L002__WS	WS_SKN_KCL10525740_S2_L002	success	Rotavirus A	10	0.0	0.0	0.0
WS_SKN_KCL10525740__S2__L002__WS	WS_SKN_KCL10525740_S2_L002	success	Rotavirus B	11	0.0	0.0	0.0
WS_SKN_KCL10525740__S2__L002__WS	WS_SKN_KCL10525740_S2_L002	success	Rotavirus C	11	0.0	0.0	0.0
WS_SKN_KCL10525740__S2__L002__WS	WS_SKN_KCL10525740_S2_L002	success	Rubella virus	2	0.0	0.0	0.0
WS_SKN_KCL10525740__S2__L002__WS	WS_SKN_KCL10525740_S2_L002	success	Salivirus A	1	0.0	0.0	0.0
WS_SKN_KCL10525740__S2__L002__WS	WS_SKN_KCL10525740_S2_L002	success	Sapporo virus	2	0.0	0.0	0.0
WS_SKN_KCL10525740__S2__L002__WS	WS_SKN_KCL10525740_S2_L002	success	Semliki forest virus	3	0.0	0.0	0.0
WS_SKN_KCL10525740__S2__L002__WS	WS_SKN_KCL10525740_S2_L002	success	Seoul virus	3	0.0	0.0	0.0
WS_SKN_KCL10525740__S2__L002__WS	WS_SKN_KCL10525740_S2_L002	success	Sindbis virus	4	0.0	0.0	0.0
WS_SKN_KCL10525740__S2__L002__WS	WS_SKN_KCL10525740_S2_L002	success	St. louis encephalitis virus	1	0.0	0.0	0.0
WS_SKN_KCL10525740__S2__L002__WS	WS_SKN_KCL10525740_S2_L002	success	Tick-borne powassan virus	1	0.0	0.0	0.0
WS_SKN_KCL10525740__S2__L002__WS	WS_SKN_KCL10525740_S2_L002	success	Torque teno virus	3	0.0	0.0	0.0
WS_SKN_KCL10525740__S2__L002__WS	WS_SKN_KCL10525740_S2_L002	success	Toscana virus	4	0.0	0.0	0.0
WS_SKN_KCL10525740__S2__L002__WS	WS_SKN_KCL10525740_S2_L002	success	Vaccinia virus	223	0.0	0.0	0.0
WS_SKN_KCL10525740__S2__L002__WS	WS_SKN_KCL10525740_S2_L002	success	Varicella-zoster virus	73	0.0	0.0	0.0
WS_SKN_KCL10525740__S2__L002__WS	WS_SKN_KCL10525740_S2_L002	success	Variola virus	197	0.0	0.0	0.0
WS_SKN_KCL10525740__S2__L002__WS	WS_SKN_KCL10525740_S2_L002	success	Venezuelan equine encephalitis virus	4	0.0	0.0	0.0
WS_SKN_KCL10525740__S2__L002__WS	WS_SKN_KCL10525740_S2_L002	success	Vesicular stomatitis virus	5	0.0	0.0	0.0
WS_SKN_KCL10525740__S2__L002__WS	WS_SKN_KCL10525740_S2_L002	success	WU polyomavirus	5	0.0	0.0	0.0
WS_SKN_KCL10525740__S2__L002__WS	WS_SKN_KCL10525740_S2_L002	success	West Nile virus	1	0.0	0.0	0.0
WS_SKN_KCL10525740__S2__L002__WS	WS_SKN_KCL10525740_S2_L002	success	Western equine encephalitis virus	3	0.0	0.0	0.0
WS_SKN_KCL10525740__S2__L002__WS	WS_SKN_KCL10525740_S2_L002	success	Yaba-like disease virus	152	0.0	0.0	0.0
WS_SKN_KCL10525740__S2__L002__WS	WS_SKN_KCL10525740_S2_L002	success	Yellow fever virus	1	0.0	0.0	0.0
WS_SKN_KCL10525740__S2__L002__WS	WS_SKN_KCL10525740_S2_L002	success	Zika virus	1	0.0	0.0	0.0
WS_SKN_KCL10525740__S3__L002__WS	WS_SKN_KCL10525740_S3_L002	success	ADENO_AAV2gp01	1	0.0	0.0	0.0
WS_SKN_KCL10525740__S3__L002__WS	WS_SKN_KCL10525740_S3_L002	success	ADENO_AAV2gp02	1	0.0	0.0	0.0
WS_SKN_KCL10525740__S3__L002__WS	WS_SKN_KCL10525740_S3_L002	success	ADENO_AAV2gp03	1	0.0	0.0	0.0
WS_SKN_KCL10525740__S3__L002__WS	WS_SKN_KCL10525740_S3_L002	success	ADENO_AAV2gp04	1	0.0	0.0	0.0
WS_SKN_KCL10525740__S3__L002__WS	WS_SKN_KCL10525740_S3_L002	success	ADENO_AAV2gp05	1	0.0	0.0	0.0
WS_SKN_KCL10525740__S3__L002__WS	WS_SKN_KCL10525740_S3_L002	success	ADENO_AAV2gp06	1	0.0	0.0	0.0
WS_SKN_KCL10525740__S3__L002__WS	WS_SKN_KCL10525740_S3_L002	success	ADENO_AAV2gp07	1	0.0	0.0	0.0
WS_SKN_KCL10525740__S3__L002__WS	WS_SKN_KCL10525740_S3_L002	success	ADENO_AAV2gp08	1	0.0	0.0	0.0
WS_SKN_KCL10525740__S3__L002__WS	WS_SKN_KCL10525740_S3_L002	success	ADENO_AAV2gs01	1	0.0	0.0	0.0
WS_SKN_KCL10525740__S3__L002__WS	WS_SKN_KCL10525740_S3_L002	success	ADENO_AAV2gs02	1	0.0	0.0	0.0
WS_SKN_KCL10525740__S3__L002__WS	WS_SKN_KCL10525740_S3_L002	success	ADENO_AAV2gs03	1	0.0	0.0	0.0
WS_SKN_KCL10525740__S3__L002__WS	WS_SKN_KCL10525740_S3_L002	success	Aichi virus	1	0.0	0.0	0.0
WS_SKN_KCL10525740__S3__L002__WS	WS_SKN_KCL10525740_S3_L002	success	Australian Bat Lyssavirus	5	0.0	0.0	0.0
WS_SKN_KCL10525740__S3__L002__WS	WS_SKN_KCL10525740_S3_L002	success	BK polyomavirus	6	0.0	0.0	0.0
WS_SKN_KCL10525740__S3__L002__WS	WS_SKN_KCL10525740_S3_L002	success	Banna virus	11	0.0	0.0	0.0
WS_SKN_KCL10525740__S3__L002__WS	WS_SKN_KCL10525740_S3_L002	success	Barmah forest virus	4	0.0	0.0	0.0
WS_SKN_KCL10525740__S3__L002__WS	WS_SKN_KCL10525740_S3_L002	success	Bunyamwera virus	4	0.0	0.0	0.0
WS_SKN_KCL10525740__S3__L002__WS	WS_SKN_KCL10525740_S3_L002	success	Bunyavirus La Crosse	4	0.0	0.0	0.0
WS_SKN_KCL10525740__S3__L002__WS	WS_SKN_KCL10525740_S3_L002	success	Cercopithecine herpesvirus	75	0.0	2.037383177570094	2.0
WS_SKN_KCL10525740__S3__L002__WS	WS_SKN_KCL10525740_S3_L002	success	Chikungunya virus	2	0.0	0.0	0.0
WS_SKN_KCL10525740__S3__L002__WS	WS_SKN_KCL10525740_S3_L002	success	Cosavirus A	1	0.0	0.0	0.0
WS_SKN_KCL10525740__S3__L002__WS	WS_SKN_KCL10525740_S3_L002	success	Cowpox virus	233	0.0	0.07692307692307693	0.0
WS_SKN_KCL10525740__S3__L002__WS	WS_SKN_KCL10525740_S3_L002	success	Coxsackievirus	1	0.0	0.0	0.0
WS_SKN_KCL10525740__S3__L002__WS	WS_SKN_KCL10525740_S3_L002	success	Crimean Congo hemorrhagic fever virus	3	0.0	0.0	0.0
WS_SKN_KCL10525740__S3__L002__WS	WS_SKN_KCL10525740_S3_L002	success	DENV_DV1_gp1	1	0.0	0.0	0.0
WS_SKN_KCL10525740__S3__L002__WS	WS_SKN_KCL10525740_S3_L002	success	DENV_unassigned_gene_1	1	0.0	0.0	0.0
WS_SKN_KCL10525740__S3__L002__WS	WS_SKN_KCL10525740_S3_L002	success	DENV_unassigned_gene_2	1	0.0	0.0	0.0
WS_SKN_KCL10525740__S3__L002__WS	WS_SKN_KCL10525740_S3_L002	success	DENV_unassigned_gene_3	1	0.0	0.0	0.0
WS_SKN_KCL10525740__S3__L002__WS	WS_SKN_KCL10525740_S3_L002	success	DENV_unassigned_gene_4	1	0.0	0.0	0.0
WS_SKN_KCL10525740__S3__L002__WS	WS_SKN_KCL10525740_S3_L002	success	Eastern_equine_encephalitis_virus	4	0.0	0.0	0.0
WS_SKN_KCL10525740__S3__L002__WS	WS_SKN_KCL10525740_S3_L002	success	Ebolavirus	7	0.0	0.0	0.0
WS_SKN_KCL10525740__S3__L002__WS	WS_SKN_KCL10525740_S3_L002	success	Echovirus	1	0.0	0.0	0.0
WS_SKN_KCL10525740__S3__L002__WS	WS_SKN_KCL10525740_S3_L002	success	Encephalomyocarditis virus	2	0.0	0.0	0.0
WS_SKN_KCL10525740__S3__L002__WS	WS_SKN_KCL10525740_S3_L002	success	Epstein-Barr virus	96	0.0	0.0	0.0
WS_SKN_KCL10525740__S3__L002__WS	WS_SKN_KCL10525740_S3_L002	success	European bat lyssavirus	5	0.0	0.0	0.0
WS_SKN_KCL10525740__S3__L002__WS	WS_SKN_KCL10525740_S3_L002	success	Human SARS coronavirus	13	0.0	0.0	0.0
WS_SKN_KCL10525740__S3__L002__WS	WS_SKN_KCL10525740_S3_L002	success	Human adenovirus	18	0.0	0.0	0.0
WS_SKN_KCL10525740__S3__L002__WS	WS_SKN_KCL10525740_S3_L002	success	Human astrovirus	2	0.0	0.0	0.0
WS_SKN_KCL10525740__S3__L002__WS	WS_SKN_KCL10525740_S3_L002	success	Human coronavirus	7	0.0	0.0	0.0
WS_SKN_KCL10525740__S3__L002__WS	WS_SKN_KCL10525740_S3_L002	success	Human cytomegalovirus	187	0.0	0.0	0.0
WS_SKN_KCL10525740__S3__L002__WS	WS_SKN_KCL10525740_S3_L002	success	Human enterovirus 68, 70	1	0.0	0.0	0.0
WS_SKN_KCL10525740__S3__L002__WS	WS_SKN_KCL10525740_S3_L002	success	Human herpesvirus 1	79	0.0	0.0	0.0
WS_SKN_KCL10525740__S3__L002__WS	WS_SKN_KCL10525740_S3_L002	success	Human herpesvirus 2	79	0.0	0.0	0.0
WS_SKN_KCL10525740__S3__L002__WS	WS_SKN_KCL10525740_S3_L002	success	Human herpesvirus 6	88	0.0	0.0	0.0
WS_SKN_KCL10525740__S3__L002__WS	WS_SKN_KCL10525740_S3_L002	success	Human herpesvirus 6b	97	0.0	0.0	0.0
WS_SKN_KCL10525740__S3__L002__WS	WS_SKN_KCL10525740_S3_L002	success	Human herpesvirus 7	86	0.0	0.0	0.0
WS_SKN_KCL10525740__S3__L002__WS	WS_SKN_KCL10525740_S3_L002	success	Human herpesvirus 8	98	0.0	0.0	0.0
WS_SKN_KCL10525740__S3__L002__WS	WS_SKN_KCL10525740_S3_L002	success	Human papillomavirus 1	7	0.0	0.0	0.0
WS_SKN_KCL10525740__S3__L002__WS	WS_SKN_KCL10525740_S3_L002	success	Human papillomavirus 16,18	8	0.0	0.0	0.0
WS_SKN_KCL10525740__S3__L002__WS	WS_SKN_KCL10525740_S3_L002	success	Human papillomavirus 2	7	0.0	0.0	0.0
WS_SKN_KCL10525740__S3__L002__WS	WS_SKN_KCL10525740_S3_L002	success	Human parainfluenza	10	0.0	0.0	0.0
WS_SKN_KCL10525740__S3__L002__WS	WS_SKN_KCL10525740_S3_L002	success	Human parvovirus B19	6	0.0	0.0	0.0
WS_SKN_KCL10525740__S3__L002__WS	WS_SKN_KCL10525740_S3_L002	success	Human respiratory syncytial virus	10	0.0	0.0	0.0
WS_SKN_KCL10525740__S3__L002__WS	WS_SKN_KCL10525740_S3_L002	success	Human rhinovirus	1	0.0	0.0	0.0
WS_SKN_KCL10525740__S3__L002__WS	WS_SKN_KCL10525740_S3_L002	success	Influenza A virus	12	0.0	0.0	0.0
WS_SKN_KCL10525740__S3__L002__WS	WS_SKN_KCL10525740_S3_L002	success	Influenza B virus	10	0.0	0.0	0.0
WS_SKN_KCL10525740__S3__L002__WS	WS_SKN_KCL10525740_S3_L002	success	Influenza C virus	7	0.0	0.0	0.0
WS_SKN_KCL10525740__S3__L002__WS	WS_SKN_KCL10525740_S3_L002	success	JC polyomavirus	6	0.0	0.0	0.0
WS_SKN_KCL10525740__S3__L002__WS	WS_SKN_KCL10525740_S3_L002	success	Japanese encephalitis virus	2	0.0	0.0	0.0
WS_SKN_KCL10525740__S3__L002__WS	WS_SKN_KCL10525740_S3_L002	success	KI Polyomavirus	5	0.0	0.0	0.0
WS_SKN_KCL10525740__S3__L002__WS	WS_SKN_KCL10525740_S3_L002	success	Lake Victoria marburgvirus	7	0.0	0.0	0.0
WS_SKN_KCL10525740__S3__L002__WS	WS_SKN_KCL10525740_S3_L002	success	Langat virus	1	0.0	0.0	0.0
WS_SKN_KCL10525740__S3__L002__WS	WS_SKN_KCL10525740_S3_L002	success	Lassa virus	4	0.0	0.0	0.0
WS_SKN_KCL10525740__S3__L002__WS	WS_SKN_KCL10525740_S3_L002	success	Louping ill virus	1	0.0	0.0	0.0
WS_SKN_KCL10525740__S3__L002__WS	WS_SKN_KCL10525740_S3_L002	success	Lymphocytic choriomeningitis virus	4	0.0	0.0	0.0
WS_SKN_KCL10525740__S3__L002__WS	WS_SKN_KCL10525740_S3_L002	success	MERS coronavirus	10	0.0	0.0	0.0
WS_SKN_KCL10525740__S3__L002__WS	WS_SKN_KCL10525740_S3_L002	success	Mayaro virus	4	0.0	0.0	0.0
WS_SKN_KCL10525740__S3__L002__WS	WS_SKN_KCL10525740_S3_L002	success	Measles virus	6	0.0	0.0	0.0
WS_SKN_KCL10525740__S3__L002__WS	WS_SKN_KCL10525740_S3_L002	success	Merkel cell polyomavirus	4	0.0	0.0	0.0
WS_SKN_KCL10525740__S3__L002__WS	WS_SKN_KCL10525740_S3_L002	success	Molluscum contagiosum virus	163	0.0	0.0	0.0
WS_SKN_KCL10525740__S3__L002__WS	WS_SKN_KCL10525740_S3_L002	success	Monkeypox virus	180	0.0	0.07692307692307693	0.0
WS_SKN_KCL10525740__S3__L002__WS	WS_SKN_KCL10525740_S3_L002	success	Mumps virus	7	0.0	0.0	0.0
WS_SKN_KCL10525740__S3__L002__WS	WS_SKN_KCL10525740_S3_L002	success	Murray valley encephalitis virus	2	0.0	0.0	0.0
WS_SKN_KCL10525740__S3__L002__WS	WS_SKN_KCL10525740_S3_L002	success	Nipah virus	6	0.0	0.0	0.0
WS_SKN_KCL10525740__S3__L002__WS	WS_SKN_KCL10525740_S3_L002	success	Norwalk virus	3	0.0	0.0	0.0
WS_SKN_KCL10525740__S3__L002__WS	WS_SKN_KCL10525740_S3_L002	success	O'nyong-nyong virus	4	0.0	0.0	0.0
WS_SKN_KCL10525740__S3__L002__WS	WS_SKN_KCL10525740_S3_L002	success	Orf virus	130	0.0	0.0	0.0
WS_SKN_KCL10525740__S3__L002__WS	WS_SKN_KCL10525740_S3_L002	success	Oropouche virus	4	0.0	0.0	0.0
WS_SKN_KCL10525740__S3__L002__WS	WS_SKN_KCL10525740_S3_L002	success	Poliovirus	5	0.0	0.0	0.0
WS_SKN_KCL10525740__S3__L002__WS	WS_SKN_KCL10525740_S3_L002	success	Rabies virus	5	0.0	0.0	0.0
WS_SKN_KCL10525740__S3__L002__WS	WS_SKN_KCL10525740_S3_L002	success	Rosavirus A	1	0.0	0.0	0.0
WS_SKN_KCL10525740__S3__L002__WS	WS_SKN_KCL10525740_S3_L002	success	Ross river virus	4	0.0	0.0	0.0
WS_SKN_KCL10525740__S3__L002__WS	WS_SKN_KCL10525740_S3_L002	success	Rotavirus A	10	0.0	0.0	0.0
WS_SKN_KCL10525740__S3__L002__WS	WS_SKN_KCL10525740_S3_L002	success	Rotavirus B	11	0.0	0.0	0.0
WS_SKN_KCL10525740__S3__L002__WS	WS_SKN_KCL10525740_S3_L002	success	Rotavirus C	11	0.0	0.0	0.0
WS_SKN_KCL10525740__S3__L002__WS	WS_SKN_KCL10525740_S3_L002	success	Rubella virus	2	0.0	0.0	0.0
WS_SKN_KCL10525740__S3__L002__WS	WS_SKN_KCL10525740_S3_L002	success	Salivirus A	1	0.0	0.0	0.0
WS_SKN_KCL10525740__S3__L002__WS	WS_SKN_KCL10525740_S3_L002	success	Sapporo virus	2	0.0	0.0	0.0
WS_SKN_KCL10525740__S3__L002__WS	WS_SKN_KCL10525740_S3_L002	success	Semliki forest virus	3	0.0	0.0	0.0
WS_SKN_KCL10525740__S3__L002__WS	WS_SKN_KCL10525740_S3_L002	success	Seoul virus	3	0.0	0.0	0.0
WS_SKN_KCL10525740__S3__L002__WS	WS_SKN_KCL10525740_S3_L002	success	Sindbis virus	4	0.0	0.0	0.0
WS_SKN_KCL10525740__S3__L002__WS	WS_SKN_KCL10525740_S3_L002	success	St. louis encephalitis virus	1	0.0	0.0	0.0
WS_SKN_KCL10525740__S3__L002__WS	WS_SKN_KCL10525740_S3_L002	success	Tick-borne powassan virus	1	0.0	0.0	0.0
WS_SKN_KCL10525740__S3__L002__WS	WS_SKN_KCL10525740_S3_L002	success	Torque teno virus	3	0.0	0.0	0.0
WS_SKN_KCL10525740__S3__L002__WS	WS_SKN_KCL10525740_S3_L002	success	Toscana virus	4	0.0	0.0	0.0
WS_SKN_KCL10525740__S3__L002__WS	WS_SKN_KCL10525740_S3_L002	success	Vaccinia virus	223	0.0	0.0	0.0
WS_SKN_KCL10525740__S3__L002__WS	WS_SKN_KCL10525740_S3_L002	success	Varicella-zoster virus	73	0.0	0.0	0.0
WS_SKN_KCL10525740__S3__L002__WS	WS_SKN_KCL10525740_S3_L002	success	Variola virus	197	0.0	0.0	0.0
WS_SKN_KCL10525740__S3__L002__WS	WS_SKN_KCL10525740_S3_L002	success	Venezuelan equine encephalitis virus	4	0.0	0.0	0.0
WS_SKN_KCL10525740__S3__L002__WS	WS_SKN_KCL10525740_S3_L002	success	Vesicular stomatitis virus	5	0.0	0.0	0.0
WS_SKN_KCL10525740__S3__L002__WS	WS_SKN_KCL10525740_S3_L002	success	WU polyomavirus	5	0.0	0.0	0.0
WS_SKN_KCL10525740__S3__L002__WS	WS_SKN_KCL10525740_S3_L002	success	West Nile virus	1	0.0	0.0	0.0
WS_SKN_KCL10525740__S3__L002__WS	WS_SKN_KCL10525740_S3_L002	success	Western equine encephalitis virus	3	0.0	0.0	0.0
WS_SKN_KCL10525740__S3__L002__WS	WS_SKN_KCL10525740_S3_L002	success	Yaba-like disease virus	152	0.0	0.0	0.0
WS_SKN_KCL10525740__S3__L002__WS	WS_SKN_KCL10525740_S3_L002	success	Yellow fever virus	1	0.0	0.0	0.0
WS_SKN_KCL10525740__S3__L002__WS	WS_SKN_KCL10525740_S3_L002	success	Zika virus	1	0.0	0.0	0.0
WS_SKN_KCL10525740__S4__L002__WS	WS_SKN_KCL10525740_S4_L002	success	ADENO_AAV2gp01	1	0.0	0.0	0.0
WS_SKN_KCL10525740__S4__L002__WS	WS_SKN_KCL10525740_S4_L002	success	ADENO_AAV2gp02	1	0.0	0.0	0.0
WS_SKN_KCL10525740__S4__L002__WS	WS_SKN_KCL10525740_S4_L002	success	ADENO_AAV2gp03	1	0.0	0.0	0.0
WS_SKN_KCL10525740__S4__L002__WS	WS_SKN_KCL10525740_S4_L002	success	ADENO_AAV2gp04	1	0.0	0.0	0.0
WS_SKN_KCL10525740__S4__L002__WS	WS_SKN_KCL10525740_S4_L002	success	ADENO_AAV2gp05	1	0.0	0.0	0.0
WS_SKN_KCL10525740__S4__L002__WS	WS_SKN_KCL10525740_S4_L002	success	ADENO_AAV2gp06	1	0.0	0.0	0.0
WS_SKN_KCL10525740__S4__L002__WS	WS_SKN_KCL10525740_S4_L002	success	ADENO_AAV2gp07	1	0.0	0.0	0.0
WS_SKN_KCL10525740__S4__L002__WS	WS_SKN_KCL10525740_S4_L002	success	ADENO_AAV2gp08	1	0.0	0.0	0.0
WS_SKN_KCL10525740__S4__L002__WS	WS_SKN_KCL10525740_S4_L002	success	ADENO_AAV2gs01	1	0.0	0.0	0.0
WS_SKN_KCL10525740__S4__L002__WS	WS_SKN_KCL10525740_S4_L002	success	ADENO_AAV2gs02	1	0.0	0.0	0.0
WS_SKN_KCL10525740__S4__L002__WS	WS_SKN_KCL10525740_S4_L002	success	ADENO_AAV2gs03	1	0.0	0.0	0.0
WS_SKN_KCL10525740__S4__L002__WS	WS_SKN_KCL10525740_S4_L002	success	Aichi virus	1	0.0	0.0	0.0
WS_SKN_KCL10525740__S4__L002__WS	WS_SKN_KCL10525740_S4_L002	success	Australian Bat Lyssavirus	5	0.0	0.0	0.0
WS_SKN_KCL10525740__S4__L002__WS	WS_SKN_KCL10525740_S4_L002	success	BK polyomavirus	6	0.0	0.0	0.0
WS_SKN_KCL10525740__S4__L002__WS	WS_SKN_KCL10525740_S4_L002	success	Banna virus	11	0.0	0.0	0.0
WS_SKN_KCL10525740__S4__L002__WS	WS_SKN_KCL10525740_S4_L002	success	Barmah forest virus	4	0.0	0.0	0.0
WS_SKN_KCL10525740__S4__L002__WS	WS_SKN_KCL10525740_S4_L002	success	Bunyamwera virus	4	0.0	0.0	0.0
WS_SKN_KCL10525740__S4__L002__WS	WS_SKN_KCL10525740_S4_L002	success	Bunyavirus La Crosse	4	0.0	0.0	0.0
WS_SKN_KCL10525740__S4__L002__WS	WS_SKN_KCL10525740_S4_L002	success	Cercopithecine herpesvirus	75	0.0	0.028037383177570093	0.0
WS_SKN_KCL10525740__S4__L002__WS	WS_SKN_KCL10525740_S4_L002	success	Chikungunya virus	2	0.0	0.0	0.0
WS_SKN_KCL10525740__S4__L002__WS	WS_SKN_KCL10525740_S4_L002	success	Cosavirus A	1	0.0	0.0	0.0
WS_SKN_KCL10525740__S4__L002__WS	WS_SKN_KCL10525740_S4_L002	success	Cowpox virus	233	0.0	0.0	0.0
WS_SKN_KCL10525740__S4__L002__WS	WS_SKN_KCL10525740_S4_L002	success	Coxsackievirus	1	0.0	0.0	0.0
WS_SKN_KCL10525740__S4__L002__WS	WS_SKN_KCL10525740_S4_L002	success	Crimean Congo hemorrhagic fever virus	3	0.0	0.0	0.0
WS_SKN_KCL10525740__S4__L002__WS	WS_SKN_KCL10525740_S4_L002	success	DENV_DV1_gp1	1	0.0	0.0	0.0
WS_SKN_KCL10525740__S4__L002__WS	WS_SKN_KCL10525740_S4_L002	success	DENV_unassigned_gene_1	1	0.0	0.0	0.0
WS_SKN_KCL10525740__S4__L002__WS	WS_SKN_KCL10525740_S4_L002	success	DENV_unassigned_gene_2	1	0.0	0.0	0.0
WS_SKN_KCL10525740__S4__L002__WS	WS_SKN_KCL10525740_S4_L002	success	DENV_unassigned_gene_3	1	0.0	0.0	0.0
WS_SKN_KCL10525740__S4__L002__WS	WS_SKN_KCL10525740_S4_L002	success	DENV_unassigned_gene_4	1	0.0	0.0	0.0
WS_SKN_KCL10525740__S4__L002__WS	WS_SKN_KCL10525740_S4_L002	success	Eastern_equine_encephalitis_virus	4	0.0	0.0	0.0
WS_SKN_KCL10525740__S4__L002__WS	WS_SKN_KCL10525740_S4_L002	success	Ebolavirus	7	0.0	0.0	0.0
WS_SKN_KCL10525740__S4__L002__WS	WS_SKN_KCL10525740_S4_L002	success	Echovirus	1	0.0	0.0	0.0
WS_SKN_KCL10525740__S4__L002__WS	WS_SKN_KCL10525740_S4_L002	success	Encephalomyocarditis virus	2	0.0	0.0	0.0
WS_SKN_KCL10525740__S4__L002__WS	WS_SKN_KCL10525740_S4_L002	success	Epstein-Barr virus	96	0.0	0.0	0.0
WS_SKN_KCL10525740__S4__L002__WS	WS_SKN_KCL10525740_S4_L002	success	European bat lyssavirus	5	0.0	0.0	0.0
WS_SKN_KCL10525740__S4__L002__WS	WS_SKN_KCL10525740_S4_L002	success	Human SARS coronavirus	13	0.0	0.0	0.0
WS_SKN_KCL10525740__S4__L002__WS	WS_SKN_KCL10525740_S4_L002	success	Human adenovirus	18	0.0	0.0	0.0
WS_SKN_KCL10525740__S4__L002__WS	WS_SKN_KCL10525740_S4_L002	success	Human astrovirus	2	0.0	0.0	0.0
WS_SKN_KCL10525740__S4__L002__WS	WS_SKN_KCL10525740_S4_L002	success	Human coronavirus	7	0.0	0.0	0.0
WS_SKN_KCL10525740__S4__L002__WS	WS_SKN_KCL10525740_S4_L002	success	Human cytomegalovirus	187	0.0	0.0	0.0
WS_SKN_KCL10525740__S4__L002__WS	WS_SKN_KCL10525740_S4_L002	success	Human enterovirus 68, 70	1	0.0	0.0	0.0
WS_SKN_KCL10525740__S4__L002__WS	WS_SKN_KCL10525740_S4_L002	success	Human herpesvirus 1	79	0.0	0.0	0.0
WS_SKN_KCL10525740__S4__L002__WS	WS_SKN_KCL10525740_S4_L002	success	Human herpesvirus 2	79	0.0	0.0	0.0
WS_SKN_KCL10525740__S4__L002__WS	WS_SKN_KCL10525740_S4_L002	success	Human herpesvirus 6	88	0.0	0.0	0.0
WS_SKN_KCL10525740__S4__L002__WS	WS_SKN_KCL10525740_S4_L002	success	Human herpesvirus 6b	97	0.0	0.0	0.0
WS_SKN_KCL10525740__S4__L002__WS	WS_SKN_KCL10525740_S4_L002	success	Human herpesvirus 7	86	0.0	0.0	0.0
WS_SKN_KCL10525740__S4__L002__WS	WS_SKN_KCL10525740_S4_L002	success	Human herpesvirus 8	98	0.0	0.0	0.0
WS_SKN_KCL10525740__S4__L002__WS	WS_SKN_KCL10525740_S4_L002	success	Human papillomavirus 1	7	0.0	0.0	0.0
WS_SKN_KCL10525740__S4__L002__WS	WS_SKN_KCL10525740_S4_L002	success	Human papillomavirus 16,18	8	0.0	0.0	0.0
WS_SKN_KCL10525740__S4__L002__WS	WS_SKN_KCL10525740_S4_L002	success	Human papillomavirus 2	7	0.0	0.0	0.0
WS_SKN_KCL10525740__S4__L002__WS	WS_SKN_KCL10525740_S4_L002	success	Human parainfluenza	10	0.0	0.0	0.0
WS_SKN_KCL10525740__S4__L002__WS	WS_SKN_KCL10525740_S4_L002	success	Human parvovirus B19	6	0.0	0.0	0.0
WS_SKN_KCL10525740__S4__L002__WS	WS_SKN_KCL10525740_S4_L002	success	Human respiratory syncytial virus	10	0.0	0.0	0.0
WS_SKN_KCL10525740__S4__L002__WS	WS_SKN_KCL10525740_S4_L002	success	Human rhinovirus	1	0.0	0.0	0.0
WS_SKN_KCL10525740__S4__L002__WS	WS_SKN_KCL10525740_S4_L002	success	Influenza A virus	12	0.0	0.0	0.0
WS_SKN_KCL10525740__S4__L002__WS	WS_SKN_KCL10525740_S4_L002	success	Influenza B virus	10	0.0	0.0	0.0
WS_SKN_KCL10525740__S4__L002__WS	WS_SKN_KCL10525740_S4_L002	success	Influenza C virus	7	0.0	0.0	0.0
WS_SKN_KCL10525740__S4__L002__WS	WS_SKN_KCL10525740_S4_L002	success	JC polyomavirus	6	0.0	0.0	0.0
WS_SKN_KCL10525740__S4__L002__WS	WS_SKN_KCL10525740_S4_L002	success	Japanese encephalitis virus	2	0.0	0.0	0.0
WS_SKN_KCL10525740__S4__L002__WS	WS_SKN_KCL10525740_S4_L002	success	KI Polyomavirus	5	0.0	0.0	0.0
WS_SKN_KCL10525740__S4__L002__WS	WS_SKN_KCL10525740_S4_L002	success	Lake Victoria marburgvirus	7	0.0	0.0	0.0
WS_SKN_KCL10525740__S4__L002__WS	WS_SKN_KCL10525740_S4_L002	success	Langat virus	1	0.0	0.0	0.0
WS_SKN_KCL10525740__S4__L002__WS	WS_SKN_KCL10525740_S4_L002	success	Lassa virus	4	0.0	0.0	0.0
WS_SKN_KCL10525740__S4__L002__WS	WS_SKN_KCL10525740_S4_L002	success	Louping ill virus	1	0.0	0.0	0.0
WS_SKN_KCL10525740__S4__L002__WS	WS_SKN_KCL10525740_S4_L002	success	Lymphocytic choriomeningitis virus	4	0.0	0.0	0.0
WS_SKN_KCL10525740__S4__L002__WS	WS_SKN_KCL10525740_S4_L002	success	MERS coronavirus	10	0.0	0.0	0.0
WS_SKN_KCL10525740__S4__L002__WS	WS_SKN_KCL10525740_S4_L002	success	Mayaro virus	4	0.0	0.0	0.0
WS_SKN_KCL10525740__S4__L002__WS	WS_SKN_KCL10525740_S4_L002	success	Measles virus	6	0.0	0.0	0.0
WS_SKN_KCL10525740__S4__L002__WS	WS_SKN_KCL10525740_S4_L002	success	Merkel cell polyomavirus	4	0.0	0.0	0.0
WS_SKN_KCL10525740__S4__L002__WS	WS_SKN_KCL10525740_S4_L002	success	Molluscum contagiosum virus	163	0.0	0.0	0.0
WS_SKN_KCL10525740__S4__L002__WS	WS_SKN_KCL10525740_S4_L002	success	Monkeypox virus	180	0.0	0.0	0.0
WS_SKN_KCL10525740__S4__L002__WS	WS_SKN_KCL10525740_S4_L002	success	Mumps virus	7	0.0	0.0	0.0
WS_SKN_KCL10525740__S4__L002__WS	WS_SKN_KCL10525740_S4_L002	success	Murray valley encephalitis virus	2	0.0	0.0	0.0
WS_SKN_KCL10525740__S4__L002__WS	WS_SKN_KCL10525740_S4_L002	success	Nipah virus	6	0.0	0.0	0.0
WS_SKN_KCL10525740__S4__L002__WS	WS_SKN_KCL10525740_S4_L002	success	Norwalk virus	3	0.0	0.0	0.0
WS_SKN_KCL10525740__S4__L002__WS	WS_SKN_KCL10525740_S4_L002	success	O'nyong-nyong virus	4	0.0	0.0	0.0
WS_SKN_KCL10525740__S4__L002__WS	WS_SKN_KCL10525740_S4_L002	success	Orf virus	130	0.0	0.0	0.0
WS_SKN_KCL10525740__S4__L002__WS	WS_SKN_KCL10525740_S4_L002	success	Oropouche virus	4	0.0	0.0	0.0
WS_SKN_KCL10525740__S4__L002__WS	WS_SKN_KCL10525740_S4_L002	success	Poliovirus	5	0.0	0.0	0.0
WS_SKN_KCL10525740__S4__L002__WS	WS_SKN_KCL10525740_S4_L002	success	Rabies virus	5	0.0	0.0	0.0
WS_SKN_KCL10525740__S4__L002__WS	WS_SKN_KCL10525740_S4_L002	success	Rosavirus A	1	0.0	0.0	0.0
WS_SKN_KCL10525740__S4__L002__WS	WS_SKN_KCL10525740_S4_L002	success	Ross river virus	4	0.0	0.0	0.0
WS_SKN_KCL10525740__S4__L002__WS	WS_SKN_KCL10525740_S4_L002	success	Rotavirus A	10	0.0	0.0	0.0
WS_SKN_KCL10525740__S4__L002__WS	WS_SKN_KCL10525740_S4_L002	success	Rotavirus B	11	0.0	0.0	0.0
WS_SKN_KCL10525740__S4__L002__WS	WS_SKN_KCL10525740_S4_L002	success	Rotavirus C	11	0.0	0.0	0.0
WS_SKN_KCL10525740__S4__L002__WS	WS_SKN_KCL10525740_S4_L002	success	Rubella virus	2	0.0	0.0	0.0
WS_SKN_KCL10525740__S4__L002__WS	WS_SKN_KCL10525740_S4_L002	success	Salivirus A	1	0.0	0.0	0.0
WS_SKN_KCL10525740__S4__L002__WS	WS_SKN_KCL10525740_S4_L002	success	Sapporo virus	2	0.0	0.0	0.0
WS_SKN_KCL10525740__S4__L002__WS	WS_SKN_KCL10525740_S4_L002	success	Semliki forest virus	3	0.0	0.0	0.0
WS_SKN_KCL10525740__S4__L002__WS	WS_SKN_KCL10525740_S4_L002	success	Seoul virus	3	0.0	0.0	0.0
WS_SKN_KCL10525740__S4__L002__WS	WS_SKN_KCL10525740_S4_L002	success	Sindbis virus	4	0.0	0.0	0.0
WS_SKN_KCL10525740__S4__L002__WS	WS_SKN_KCL10525740_S4_L002	success	St. louis encephalitis virus	1	0.0	0.0	0.0
WS_SKN_KCL10525740__S4__L002__WS	WS_SKN_KCL10525740_S4_L002	success	Tick-borne powassan virus	1	0.0	0.0	0.0
WS_SKN_KCL10525740__S4__L002__WS	WS_SKN_KCL10525740_S4_L002	success	Torque teno virus	3	0.0	0.0	0.0
WS_SKN_KCL10525740__S4__L002__WS	WS_SKN_KCL10525740_S4_L002	success	Toscana virus	4	0.0	0.0	0.0
WS_SKN_KCL10525740__S4__L002__WS	WS_SKN_KCL10525740_S4_L002	success	Vaccinia virus	223	0.0	0.0	0.0
WS_SKN_KCL10525740__S4__L002__WS	WS_SKN_KCL10525740_S4_L002	success	Varicella-zoster virus	73	0.0	0.0	0.0
WS_SKN_KCL10525740__S4__L002__WS	WS_SKN_KCL10525740_S4_L002	success	Variola virus	197	0.0	0.0	0.0
WS_SKN_KCL10525740__S4__L002__WS	WS_SKN_KCL10525740_S4_L002	success	Venezuelan equine encephalitis virus	4	0.0	0.0	0.0
WS_SKN_KCL10525740__S4__L002__WS	WS_SKN_KCL10525740_S4_L002	success	Vesicular stomatitis virus	5	0.0	0.0	0.0
WS_SKN_KCL10525740__S4__L002__WS	WS_SKN_KCL10525740_S4_L002	success	WU polyomavirus	5	0.0	0.0	0.0
WS_SKN_KCL10525740__S4__L002__WS	WS_SKN_KCL10525740_S4_L002	success	West Nile virus	1	0.0	0.0	0.0
WS_SKN_KCL10525740__S4__L002__WS	WS_SKN_KCL10525740_S4_L002	success	Western equine encephalitis virus	3	0.0	0.0	0.0
WS_SKN_KCL10525740__S4__L002__WS	WS_SKN_KCL10525740_S4_L002	success	Yaba-like disease virus	152	0.0	0.0	0.0
WS_SKN_KCL10525740__S4__L002__WS	WS_SKN_KCL10525740_S4_L002	success	Yellow fever virus	1	0.0	0.0	0.0
WS_SKN_KCL10525740__S4__L002__WS	WS_SKN_KCL10525740_S4_L002	success	Zika virus	1	0.0	0.0	0.0
WS_SKN_KCL10525741__S1__L001__WS	WS_SKN_KCL10525741_S1_L001	success	ADENO_AAV2gp01	1	0.0	0.0	0.0
WS_SKN_KCL10525741__S1__L001__WS	WS_SKN_KCL10525741_S1_L001	success	ADENO_AAV2gp02	1	0.0	0.0	0.0
WS_SKN_KCL10525741__S1__L001__WS	WS_SKN_KCL10525741_S1_L001	success	ADENO_AAV2gp03	1	0.0	0.0	0.0
WS_SKN_KCL10525741__S1__L001__WS	WS_SKN_KCL10525741_S1_L001	success	ADENO_AAV2gp04	1	0.0	0.0	0.0
WS_SKN_KCL10525741__S1__L001__WS	WS_SKN_KCL10525741_S1_L001	success	ADENO_AAV2gp05	1	0.0	0.0	0.0
WS_SKN_KCL10525741__S1__L001__WS	WS_SKN_KCL10525741_S1_L001	success	ADENO_AAV2gp06	1	0.0	0.0	0.0
WS_SKN_KCL10525741__S1__L001__WS	WS_SKN_KCL10525741_S1_L001	success	ADENO_AAV2gp07	1	0.0	0.0	0.0
WS_SKN_KCL10525741__S1__L001__WS	WS_SKN_KCL10525741_S1_L001	success	ADENO_AAV2gp08	1	0.0	0.0	0.0
WS_SKN_KCL10525741__S1__L001__WS	WS_SKN_KCL10525741_S1_L001	success	ADENO_AAV2gs01	1	0.0	0.0	0.0
WS_SKN_KCL10525741__S1__L001__WS	WS_SKN_KCL10525741_S1_L001	success	ADENO_AAV2gs02	1	0.0	0.0	0.0
WS_SKN_KCL10525741__S1__L001__WS	WS_SKN_KCL10525741_S1_L001	success	ADENO_AAV2gs03	1	0.0	0.0	0.0
WS_SKN_KCL10525741__S1__L001__WS	WS_SKN_KCL10525741_S1_L001	success	Aichi virus	1	0.0	0.0	0.0
WS_SKN_KCL10525741__S1__L001__WS	WS_SKN_KCL10525741_S1_L001	success	Australian Bat Lyssavirus	5	0.0	0.0	0.0
WS_SKN_KCL10525741__S1__L001__WS	WS_SKN_KCL10525741_S1_L001	success	BK polyomavirus	6	0.0	0.0	0.0
WS_SKN_KCL10525741__S1__L001__WS	WS_SKN_KCL10525741_S1_L001	success	Banna virus	11	0.0	0.0	0.0
WS_SKN_KCL10525741__S1__L001__WS	WS_SKN_KCL10525741_S1_L001	success	Barmah forest virus	4	0.0	0.0	0.0
WS_SKN_KCL10525741__S1__L001__WS	WS_SKN_KCL10525741_S1_L001	success	Bunyamwera virus	4	0.0	0.0	0.0
WS_SKN_KCL10525741__S1__L001__WS	WS_SKN_KCL10525741_S1_L001	success	Bunyavirus La Crosse	4	0.0	0.0	0.0
WS_SKN_KCL10525741__S1__L001__WS	WS_SKN_KCL10525741_S1_L001	success	Cercopithecine herpesvirus	75	0.0	0.16506183328613236	0.0
WS_SKN_KCL10525741__S1__L001__WS	WS_SKN_KCL10525741_S1_L001	success	Chikungunya virus	2	0.0	0.0	0.0
WS_SKN_KCL10525741__S1__L001__WS	WS_SKN_KCL10525741_S1_L001	success	Cosavirus A	1	0.0	0.0	0.0
WS_SKN_KCL10525741__S1__L001__WS	WS_SKN_KCL10525741_S1_L001	success	Cowpox virus	233	0.0	0.0	0.0
WS_SKN_KCL10525741__S1__L001__WS	WS_SKN_KCL10525741_S1_L001	success	Coxsackievirus	1	0.0	0.0	0.0
WS_SKN_KCL10525741__S1__L001__WS	WS_SKN_KCL10525741_S1_L001	success	Crimean Congo hemorrhagic fever virus	3	0.0	0.0	0.0
WS_SKN_KCL10525741__S1__L001__WS	WS_SKN_KCL10525741_S1_L001	success	DENV_DV1_gp1	1	0.0	0.0	0.0
WS_SKN_KCL10525741__S1__L001__WS	WS_SKN_KCL10525741_S1_L001	success	DENV_unassigned_gene_1	1	0.0	0.0	0.0
WS_SKN_KCL10525741__S1__L001__WS	WS_SKN_KCL10525741_S1_L001	success	DENV_unassigned_gene_2	1	0.0	0.0	0.0
WS_SKN_KCL10525741__S1__L001__WS	WS_SKN_KCL10525741_S1_L001	success	DENV_unassigned_gene_3	1	0.0	0.0	0.0
WS_SKN_KCL10525741__S1__L001__WS	WS_SKN_KCL10525741_S1_L001	success	DENV_unassigned_gene_4	1	0.0	0.0	0.0
WS_SKN_KCL10525741__S1__L001__WS	WS_SKN_KCL10525741_S1_L001	success	Eastern_equine_encephalitis_virus	4	0.0	0.0	0.0
WS_SKN_KCL10525741__S1__L001__WS	WS_SKN_KCL10525741_S1_L001	success	Ebolavirus	7	0.0	0.0	0.0
WS_SKN_KCL10525741__S1__L001__WS	WS_SKN_KCL10525741_S1_L001	success	Echovirus	1	0.0	0.0	0.0
WS_SKN_KCL10525741__S1__L001__WS	WS_SKN_KCL10525741_S1_L001	success	Encephalomyocarditis virus	2	0.0	0.0	0.0
WS_SKN_KCL10525741__S1__L001__WS	WS_SKN_KCL10525741_S1_L001	success	Epstein-Barr virus	96	0.0	0.0	0.0
WS_SKN_KCL10525741__S1__L001__WS	WS_SKN_KCL10525741_S1_L001	success	European bat lyssavirus	5	0.0	0.0	0.0
WS_SKN_KCL10525741__S1__L001__WS	WS_SKN_KCL10525741_S1_L001	success	Human SARS coronavirus	13	0.0	0.0	0.0
WS_SKN_KCL10525741__S1__L001__WS	WS_SKN_KCL10525741_S1_L001	success	Human adenovirus	18	0.0	0.0	0.0
WS_SKN_KCL10525741__S1__L001__WS	WS_SKN_KCL10525741_S1_L001	success	Human astrovirus	2	0.0	0.0	0.0
WS_SKN_KCL10525741__S1__L001__WS	WS_SKN_KCL10525741_S1_L001	success	Human coronavirus	7	0.0	0.0	0.0
WS_SKN_KCL10525741__S1__L001__WS	WS_SKN_KCL10525741_S1_L001	success	Human cytomegalovirus	187	0.0	0.0	0.0
WS_SKN_KCL10525741__S1__L001__WS	WS_SKN_KCL10525741_S1_L001	success	Human enterovirus 68, 70	1	0.0	0.0	0.0
WS_SKN_KCL10525741__S1__L001__WS	WS_SKN_KCL10525741_S1_L001	success	Human herpesvirus 1	79	0.0	0.0	0.0
WS_SKN_KCL10525741__S1__L001__WS	WS_SKN_KCL10525741_S1_L001	success	Human herpesvirus 2	79	0.0	0.0	0.0
WS_SKN_KCL10525741__S1__L001__WS	WS_SKN_KCL10525741_S1_L001	success	Human herpesvirus 6	88	0.0	0.0	0.0
WS_SKN_KCL10525741__S1__L001__WS	WS_SKN_KCL10525741_S1_L001	success	Human herpesvirus 6b	97	0.0	0.0	0.0
WS_SKN_KCL10525741__S1__L001__WS	WS_SKN_KCL10525741_S1_L001	success	Human herpesvirus 7	86	0.0	0.0	0.0
WS_SKN_KCL10525741__S1__L001__WS	WS_SKN_KCL10525741_S1_L001	success	Human herpesvirus 8	98	0.0	0.0	0.0
WS_SKN_KCL10525741__S1__L001__WS	WS_SKN_KCL10525741_S1_L001	success	Human papillomavirus 1	7	0.0	0.0	0.0
WS_SKN_KCL10525741__S1__L001__WS	WS_SKN_KCL10525741_S1_L001	success	Human papillomavirus 16,18	8	0.0	0.0	0.0
WS_SKN_KCL10525741__S1__L001__WS	WS_SKN_KCL10525741_S1_L001	success	Human papillomavirus 2	7	0.0	0.0	0.0
WS_SKN_KCL10525741__S1__L001__WS	WS_SKN_KCL10525741_S1_L001	success	Human parainfluenza	10	0.0	0.0	0.0
WS_SKN_KCL10525741__S1__L001__WS	WS_SKN_KCL10525741_S1_L001	success	Human parvovirus B19	6	0.0	0.0	0.0
WS_SKN_KCL10525741__S1__L001__WS	WS_SKN_KCL10525741_S1_L001	success	Human respiratory syncytial virus	10	0.0	0.0	0.0
WS_SKN_KCL10525741__S1__L001__WS	WS_SKN_KCL10525741_S1_L001	success	Human rhinovirus	1	0.0	0.0	0.0
WS_SKN_KCL10525741__S1__L001__WS	WS_SKN_KCL10525741_S1_L001	success	Influenza A virus	12	0.0	0.0	0.0
WS_SKN_KCL10525741__S1__L001__WS	WS_SKN_KCL10525741_S1_L001	success	Influenza B virus	10	0.0	0.0	0.0
WS_SKN_KCL10525741__S1__L001__WS	WS_SKN_KCL10525741_S1_L001	success	Influenza C virus	7	0.0	0.0	0.0
WS_SKN_KCL10525741__S1__L001__WS	WS_SKN_KCL10525741_S1_L001	success	JC polyomavirus	6	0.0	0.0	0.0
WS_SKN_KCL10525741__S1__L001__WS	WS_SKN_KCL10525741_S1_L001	success	Japanese encephalitis virus	2	0.0	0.0	0.0
WS_SKN_KCL10525741__S1__L001__WS	WS_SKN_KCL10525741_S1_L001	success	KI Polyomavirus	5	0.0	0.0	0.0
WS_SKN_KCL10525741__S1__L001__WS	WS_SKN_KCL10525741_S1_L001	success	Lake Victoria marburgvirus	7	0.0	0.0	0.0
WS_SKN_KCL10525741__S1__L001__WS	WS_SKN_KCL10525741_S1_L001	success	Langat virus	1	0.0	0.0	0.0
WS_SKN_KCL10525741__S1__L001__WS	WS_SKN_KCL10525741_S1_L001	success	Lassa virus	4	0.0	0.0	0.0
WS_SKN_KCL10525741__S1__L001__WS	WS_SKN_KCL10525741_S1_L001	success	Louping ill virus	1	0.0	0.0	0.0
WS_SKN_KCL10525741__S1__L001__WS	WS_SKN_KCL10525741_S1_L001	success	Lymphocytic choriomeningitis virus	4	0.0	0.0	0.0
WS_SKN_KCL10525741__S1__L001__WS	WS_SKN_KCL10525741_S1_L001	success	MERS coronavirus	10	0.0	0.0	0.0
WS_SKN_KCL10525741__S1__L001__WS	WS_SKN_KCL10525741_S1_L001	success	Mayaro virus	4	0.0	0.0	0.0
WS_SKN_KCL10525741__S1__L001__WS	WS_SKN_KCL10525741_S1_L001	success	Measles virus	6	0.0	0.0	0.0
WS_SKN_KCL10525741__S1__L001__WS	WS_SKN_KCL10525741_S1_L001	success	Merkel cell polyomavirus	4	0.0	0.0	0.0
WS_SKN_KCL10525741__S1__L001__WS	WS_SKN_KCL10525741_S1_L001	success	Molluscum contagiosum virus	163	0.0	0.0	0.0
WS_SKN_KCL10525741__S1__L001__WS	WS_SKN_KCL10525741_S1_L001	success	Monkeypox virus	180	0.0	0.0	0.0
WS_SKN_KCL10525741__S1__L001__WS	WS_SKN_KCL10525741_S1_L001	success	Mumps virus	7	0.0	0.0	0.0
WS_SKN_KCL10525741__S1__L001__WS	WS_SKN_KCL10525741_S1_L001	success	Murray valley encephalitis virus	2	0.0	0.0	0.0
WS_SKN_KCL10525741__S1__L001__WS	WS_SKN_KCL10525741_S1_L001	success	Nipah virus	6	0.0	0.0	0.0
WS_SKN_KCL10525741__S1__L001__WS	WS_SKN_KCL10525741_S1_L001	success	Norwalk virus	3	0.0	0.0	0.0
WS_SKN_KCL10525741__S1__L001__WS	WS_SKN_KCL10525741_S1_L001	success	O'nyong-nyong virus	4	0.0	0.0	0.0
WS_SKN_KCL10525741__S1__L001__WS	WS_SKN_KCL10525741_S1_L001	success	Orf virus	130	0.0	0.0	0.0
WS_SKN_KCL10525741__S1__L001__WS	WS_SKN_KCL10525741_S1_L001	success	Oropouche virus	4	0.0	0.0	0.0
WS_SKN_KCL10525741__S1__L001__WS	WS_SKN_KCL10525741_S1_L001	success	Poliovirus	5	0.0	0.0	0.0
WS_SKN_KCL10525741__S1__L001__WS	WS_SKN_KCL10525741_S1_L001	success	Rabies virus	5	0.0	0.0	0.0
WS_SKN_KCL10525741__S1__L001__WS	WS_SKN_KCL10525741_S1_L001	success	Rosavirus A	1	0.0	0.0	0.0
WS_SKN_KCL10525741__S1__L001__WS	WS_SKN_KCL10525741_S1_L001	success	Ross river virus	4	0.0	0.0	0.0
WS_SKN_KCL10525741__S1__L001__WS	WS_SKN_KCL10525741_S1_L001	success	Rotavirus A	10	0.0	0.0	0.0
WS_SKN_KCL10525741__S1__L001__WS	WS_SKN_KCL10525741_S1_L001	success	Rotavirus B	11	0.0	0.0	0.0
WS_SKN_KCL10525741__S1__L001__WS	WS_SKN_KCL10525741_S1_L001	success	Rotavirus C	11	0.0	0.0	0.0
WS_SKN_KCL10525741__S1__L001__WS	WS_SKN_KCL10525741_S1_L001	success	Rubella virus	2	0.0	0.0	0.0
WS_SKN_KCL10525741__S1__L001__WS	WS_SKN_KCL10525741_S1_L001	success	Salivirus A	1	0.0	0.0	0.0
WS_SKN_KCL10525741__S1__L001__WS	WS_SKN_KCL10525741_S1_L001	success	Sapporo virus	2	0.0	0.0	0.0
WS_SKN_KCL10525741__S1__L001__WS	WS_SKN_KCL10525741_S1_L001	success	Semliki forest virus	3	0.0	0.0	0.0
WS_SKN_KCL10525741__S1__L001__WS	WS_SKN_KCL10525741_S1_L001	success	Seoul virus	3	0.0	0.0	0.0
WS_SKN_KCL10525741__S1__L001__WS	WS_SKN_KCL10525741_S1_L001	success	Sindbis virus	4	0.0	0.0	0.0
WS_SKN_KCL10525741__S1__L001__WS	WS_SKN_KCL10525741_S1_L001	success	St. louis encephalitis virus	1	0.0	0.0	0.0
WS_SKN_KCL10525741__S1__L001__WS	WS_SKN_KCL10525741_S1_L001	success	Tick-borne powassan virus	1	0.0	0.0	0.0
WS_SKN_KCL10525741__S1__L001__WS	WS_SKN_KCL10525741_S1_L001	success	Torque teno virus	3	0.0	0.0	0.0
WS_SKN_KCL10525741__S1__L001__WS	WS_SKN_KCL10525741_S1_L001	success	Toscana virus	4	0.0	0.0	0.0
WS_SKN_KCL10525741__S1__L001__WS	WS_SKN_KCL10525741_S1_L001	success	Vaccinia virus	223	0.0	0.0	0.0
WS_SKN_KCL10525741__S1__L001__WS	WS_SKN_KCL10525741_S1_L001	success	Varicella-zoster virus	73	0.0	0.0	0.0
WS_SKN_KCL10525741__S1__L001__WS	WS_SKN_KCL10525741_S1_L001	success	Variola virus	197	0.0	0.0	0.0
WS_SKN_KCL10525741__S1__L001__WS	WS_SKN_KCL10525741_S1_L001	success	Venezuelan equine encephalitis virus	4	0.0	0.0	0.0
WS_SKN_KCL10525741__S1__L001__WS	WS_SKN_KCL10525741_S1_L001	success	Vesicular stomatitis virus	5	0.0	0.0	0.0
WS_SKN_KCL10525741__S1__L001__WS	WS_SKN_KCL10525741_S1_L001	success	WU polyomavirus	5	0.0	0.0	0.0
WS_SKN_KCL10525741__S1__L001__WS	WS_SKN_KCL10525741_S1_L001	success	West Nile virus	1	0.0	0.0	0.0
WS_SKN_KCL10525741__S1__L001__WS	WS_SKN_KCL10525741_S1_L001	success	Western equine encephalitis virus	3	0.0	0.0	0.0
WS_SKN_KCL10525741__S1__L001__WS	WS_SKN_KCL10525741_S1_L001	success	Yaba-like disease virus	152	0.0	0.0	0.0
WS_SKN_KCL10525741__S1__L001__WS	WS_SKN_KCL10525741_S1_L001	success	Yellow fever virus	1	0.0	0.0	0.0
WS_SKN_KCL10525741__S1__L001__WS	WS_SKN_KCL10525741_S1_L001	success	Zika virus	1	0.0	0.0	0.0
WS_SKN_KCL10525741__S1__L002__WS	WS_SKN_KCL10525741_S1_L002	success	ADENO_AAV2gp01	1	0.0	0.0	0.0
WS_SKN_KCL10525741__S1__L002__WS	WS_SKN_KCL10525741_S1_L002	success	ADENO_AAV2gp02	1	0.0	0.0	0.0
WS_SKN_KCL10525741__S1__L002__WS	WS_SKN_KCL10525741_S1_L002	success	ADENO_AAV2gp03	1	0.0	0.0	0.0
WS_SKN_KCL10525741__S1__L002__WS	WS_SKN_KCL10525741_S1_L002	success	ADENO_AAV2gp04	1	0.0	0.0	0.0
WS_SKN_KCL10525741__S1__L002__WS	WS_SKN_KCL10525741_S1_L002	success	ADENO_AAV2gp05	1	0.0	0.0	0.0
WS_SKN_KCL10525741__S1__L002__WS	WS_SKN_KCL10525741_S1_L002	success	ADENO_AAV2gp06	1	0.0	0.0	0.0
WS_SKN_KCL10525741__S1__L002__WS	WS_SKN_KCL10525741_S1_L002	success	ADENO_AAV2gp07	1	0.0	0.0	0.0
WS_SKN_KCL10525741__S1__L002__WS	WS_SKN_KCL10525741_S1_L002	success	ADENO_AAV2gp08	1	0.0	0.0	0.0
WS_SKN_KCL10525741__S1__L002__WS	WS_SKN_KCL10525741_S1_L002	success	ADENO_AAV2gs01	1	0.0	0.0	0.0
WS_SKN_KCL10525741__S1__L002__WS	WS_SKN_KCL10525741_S1_L002	success	ADENO_AAV2gs02	1	0.0	0.0	0.0
WS_SKN_KCL10525741__S1__L002__WS	WS_SKN_KCL10525741_S1_L002	success	ADENO_AAV2gs03	1	0.0	0.0	0.0
WS_SKN_KCL10525741__S1__L002__WS	WS_SKN_KCL10525741_S1_L002	success	Aichi virus	1	0.0	0.0	0.0
WS_SKN_KCL10525741__S1__L002__WS	WS_SKN_KCL10525741_S1_L002	success	Australian Bat Lyssavirus	5	0.0	0.0	0.0
WS_SKN_KCL10525741__S1__L002__WS	WS_SKN_KCL10525741_S1_L002	success	BK polyomavirus	6	0.0	0.0	0.0
WS_SKN_KCL10525741__S1__L002__WS	WS_SKN_KCL10525741_S1_L002	success	Banna virus	11	0.0	0.0	0.0
WS_SKN_KCL10525741__S1__L002__WS	WS_SKN_KCL10525741_S1_L002	success	Barmah forest virus	4	0.0	0.0	0.0
WS_SKN_KCL10525741__S1__L002__WS	WS_SKN_KCL10525741_S1_L002	success	Bunyamwera virus	4	0.0	0.0	0.0
WS_SKN_KCL10525741__S1__L002__WS	WS_SKN_KCL10525741_S1_L002	success	Bunyavirus La Crosse	4	0.0	0.0	0.0
WS_SKN_KCL10525741__S1__L002__WS	WS_SKN_KCL10525741_S1_L002	success	Cercopithecine herpesvirus	75	0.0	2.778816199376944	2.0
WS_SKN_KCL10525741__S1__L002__WS	WS_SKN_KCL10525741_S1_L002	success	Chikungunya virus	2	0.0	0.0	0.0
WS_SKN_KCL10525741__S1__L002__WS	WS_SKN_KCL10525741_S1_L002	success	Cosavirus A	1	0.0	0.0	0.0
WS_SKN_KCL10525741__S1__L002__WS	WS_SKN_KCL10525741_S1_L002	success	Cowpox virus	233	0.0	0.0	0.0
WS_SKN_KCL10525741__S1__L002__WS	WS_SKN_KCL10525741_S1_L002	success	Coxsackievirus	1	0.0	0.0	0.0
WS_SKN_KCL10525741__S1__L002__WS	WS_SKN_KCL10525741_S1_L002	success	Crimean Congo hemorrhagic fever virus	3	0.0	0.0	0.0
WS_SKN_KCL10525741__S1__L002__WS	WS_SKN_KCL10525741_S1_L002	success	DENV_DV1_gp1	1	0.0	0.0	0.0
WS_SKN_KCL10525741__S1__L002__WS	WS_SKN_KCL10525741_S1_L002	success	DENV_unassigned_gene_1	1	0.0	0.0	0.0
WS_SKN_KCL10525741__S1__L002__WS	WS_SKN_KCL10525741_S1_L002	success	DENV_unassigned_gene_2	1	0.0	0.0	0.0
WS_SKN_KCL10525741__S1__L002__WS	WS_SKN_KCL10525741_S1_L002	success	DENV_unassigned_gene_3	1	0.0	0.0	0.0
WS_SKN_KCL10525741__S1__L002__WS	WS_SKN_KCL10525741_S1_L002	success	DENV_unassigned_gene_4	1	0.0	0.0	0.0
WS_SKN_KCL10525741__S1__L002__WS	WS_SKN_KCL10525741_S1_L002	success	Eastern_equine_encephalitis_virus	4	0.0	0.0	0.0
WS_SKN_KCL10525741__S1__L002__WS	WS_SKN_KCL10525741_S1_L002	success	Ebolavirus	7	0.0	0.0	0.0
WS_SKN_KCL10525741__S1__L002__WS	WS_SKN_KCL10525741_S1_L002	success	Echovirus	1	0.0	0.0	0.0
WS_SKN_KCL10525741__S1__L002__WS	WS_SKN_KCL10525741_S1_L002	success	Encephalomyocarditis virus	2	0.0	0.0	0.0
WS_SKN_KCL10525741__S1__L002__WS	WS_SKN_KCL10525741_S1_L002	success	Epstein-Barr virus	96	0.0	0.0	0.0
WS_SKN_KCL10525741__S1__L002__WS	WS_SKN_KCL10525741_S1_L002	success	European bat lyssavirus	5	0.0	0.0	0.0
WS_SKN_KCL10525741__S1__L002__WS	WS_SKN_KCL10525741_S1_L002	success	Human SARS coronavirus	13	0.0	0.0	0.0
WS_SKN_KCL10525741__S1__L002__WS	WS_SKN_KCL10525741_S1_L002	success	Human adenovirus	18	0.0	0.0	0.0
WS_SKN_KCL10525741__S1__L002__WS	WS_SKN_KCL10525741_S1_L002	success	Human astrovirus	2	0.0	0.0	0.0
WS_SKN_KCL10525741__S1__L002__WS	WS_SKN_KCL10525741_S1_L002	success	Human coronavirus	7	0.0	0.0	0.0
WS_SKN_KCL10525741__S1__L002__WS	WS_SKN_KCL10525741_S1_L002	success	Human cytomegalovirus	187	0.0	0.0	0.0
WS_SKN_KCL10525741__S1__L002__WS	WS_SKN_KCL10525741_S1_L002	success	Human enterovirus 68, 70	1	0.0	0.0	0.0
WS_SKN_KCL10525741__S1__L002__WS	WS_SKN_KCL10525741_S1_L002	success	Human herpesvirus 1	79	0.0	0.0	0.0
WS_SKN_KCL10525741__S1__L002__WS	WS_SKN_KCL10525741_S1_L002	success	Human herpesvirus 2	79	0.0	0.0	0.0
WS_SKN_KCL10525741__S1__L002__WS	WS_SKN_KCL10525741_S1_L002	success	Human herpesvirus 6	88	0.0	0.0	0.0
WS_SKN_KCL10525741__S1__L002__WS	WS_SKN_KCL10525741_S1_L002	success	Human herpesvirus 6b	97	0.0	0.0	0.0
WS_SKN_KCL10525741__S1__L002__WS	WS_SKN_KCL10525741_S1_L002	success	Human herpesvirus 7	86	0.0	0.0	0.0
WS_SKN_KCL10525741__S1__L002__WS	WS_SKN_KCL10525741_S1_L002	success	Human herpesvirus 8	98	0.0	0.0	0.0
WS_SKN_KCL10525741__S1__L002__WS	WS_SKN_KCL10525741_S1_L002	success	Human papillomavirus 1	7	0.0	0.0	0.0
WS_SKN_KCL10525741__S1__L002__WS	WS_SKN_KCL10525741_S1_L002	success	Human papillomavirus 16,18	8	0.0	0.0	0.0
WS_SKN_KCL10525741__S1__L002__WS	WS_SKN_KCL10525741_S1_L002	success	Human papillomavirus 2	7	0.0	0.0	0.0
WS_SKN_KCL10525741__S1__L002__WS	WS_SKN_KCL10525741_S1_L002	success	Human parainfluenza	10	0.0	0.0	0.0
WS_SKN_KCL10525741__S1__L002__WS	WS_SKN_KCL10525741_S1_L002	success	Human parvovirus B19	6	0.0	0.0	0.0
WS_SKN_KCL10525741__S1__L002__WS	WS_SKN_KCL10525741_S1_L002	success	Human respiratory syncytial virus	10	0.0	0.0	0.0
WS_SKN_KCL10525741__S1__L002__WS	WS_SKN_KCL10525741_S1_L002	success	Human rhinovirus	1	0.0	0.0	0.0
WS_SKN_KCL10525741__S1__L002__WS	WS_SKN_KCL10525741_S1_L002	success	Influenza A virus	12	0.0	0.0	0.0
WS_SKN_KCL10525741__S1__L002__WS	WS_SKN_KCL10525741_S1_L002	success	Influenza B virus	10	0.0	0.0	0.0
WS_SKN_KCL10525741__S1__L002__WS	WS_SKN_KCL10525741_S1_L002	success	Influenza C virus	7	0.0	0.0	0.0
WS_SKN_KCL10525741__S1__L002__WS	WS_SKN_KCL10525741_S1_L002	success	JC polyomavirus	6	0.0	0.0	0.0
WS_SKN_KCL10525741__S1__L002__WS	WS_SKN_KCL10525741_S1_L002	success	Japanese encephalitis virus	2	0.0	0.0	0.0
WS_SKN_KCL10525741__S1__L002__WS	WS_SKN_KCL10525741_S1_L002	success	KI Polyomavirus	5	0.0	0.0	0.0
WS_SKN_KCL10525741__S1__L002__WS	WS_SKN_KCL10525741_S1_L002	success	Lake Victoria marburgvirus	7	0.0	0.0	0.0
WS_SKN_KCL10525741__S1__L002__WS	WS_SKN_KCL10525741_S1_L002	success	Langat virus	1	0.0	0.0	0.0
WS_SKN_KCL10525741__S1__L002__WS	WS_SKN_KCL10525741_S1_L002	success	Lassa virus	4	0.0	0.0	0.0
WS_SKN_KCL10525741__S1__L002__WS	WS_SKN_KCL10525741_S1_L002	success	Louping ill virus	1	0.0	0.0	0.0
WS_SKN_KCL10525741__S1__L002__WS	WS_SKN_KCL10525741_S1_L002	success	Lymphocytic choriomeningitis virus	4	0.0	0.0	0.0
WS_SKN_KCL10525741__S1__L002__WS	WS_SKN_KCL10525741_S1_L002	success	MERS coronavirus	10	0.0	0.0	0.0
WS_SKN_KCL10525741__S1__L002__WS	WS_SKN_KCL10525741_S1_L002	success	Mayaro virus	4	0.0	0.0	0.0
WS_SKN_KCL10525741__S1__L002__WS	WS_SKN_KCL10525741_S1_L002	success	Measles virus	6	0.0	0.0	0.0
WS_SKN_KCL10525741__S1__L002__WS	WS_SKN_KCL10525741_S1_L002	success	Merkel cell polyomavirus	4	0.0	0.0	0.0
WS_SKN_KCL10525741__S1__L002__WS	WS_SKN_KCL10525741_S1_L002	success	Molluscum contagiosum virus	163	0.0	0.0	0.0
WS_SKN_KCL10525741__S1__L002__WS	WS_SKN_KCL10525741_S1_L002	success	Monkeypox virus	180	0.0	0.0	0.0
WS_SKN_KCL10525741__S1__L002__WS	WS_SKN_KCL10525741_S1_L002	success	Mumps virus	7	0.0	0.0	0.0
WS_SKN_KCL10525741__S1__L002__WS	WS_SKN_KCL10525741_S1_L002	success	Murray valley encephalitis virus	2	0.0	0.0	0.0
WS_SKN_KCL10525741__S1__L002__WS	WS_SKN_KCL10525741_S1_L002	success	Nipah virus	6	0.0	0.0	0.0
WS_SKN_KCL10525741__S1__L002__WS	WS_SKN_KCL10525741_S1_L002	success	Norwalk virus	3	0.0	0.0	0.0
WS_SKN_KCL10525741__S1__L002__WS	WS_SKN_KCL10525741_S1_L002	success	O'nyong-nyong virus	4	0.0	0.0	0.0
WS_SKN_KCL10525741__S1__L002__WS	WS_SKN_KCL10525741_S1_L002	success	Orf virus	130	0.0	0.0	0.0
WS_SKN_KCL10525741__S1__L002__WS	WS_SKN_KCL10525741_S1_L002	success	Oropouche virus	4	0.0	0.0	0.0
WS_SKN_KCL10525741__S1__L002__WS	WS_SKN_KCL10525741_S1_L002	success	Poliovirus	5	0.0	0.0	0.0
WS_SKN_KCL10525741__S1__L002__WS	WS_SKN_KCL10525741_S1_L002	success	Rabies virus	5	0.0	0.0	0.0
WS_SKN_KCL10525741__S1__L002__WS	WS_SKN_KCL10525741_S1_L002	success	Rosavirus A	1	0.0	0.0	0.0
WS_SKN_KCL10525741__S1__L002__WS	WS_SKN_KCL10525741_S1_L002	success	Ross river virus	4	0.0	0.0	0.0
WS_SKN_KCL10525741__S1__L002__WS	WS_SKN_KCL10525741_S1_L002	success	Rotavirus A	10	0.0	0.0	0.0
WS_SKN_KCL10525741__S1__L002__WS	WS_SKN_KCL10525741_S1_L002	success	Rotavirus B	11	0.0	0.0	0.0
WS_SKN_KCL10525741__S1__L002__WS	WS_SKN_KCL10525741_S1_L002	success	Rotavirus C	11	0.0	0.0	0.0
WS_SKN_KCL10525741__S1__L002__WS	WS_SKN_KCL10525741_S1_L002	success	Rubella virus	2	0.0	0.0	0.0
WS_SKN_KCL10525741__S1__L002__WS	WS_SKN_KCL10525741_S1_L002	success	Salivirus A	1	0.0	0.0	0.0
WS_SKN_KCL10525741__S1__L002__WS	WS_SKN_KCL10525741_S1_L002	success	Sapporo virus	2	0.0	0.0	0.0
WS_SKN_KCL10525741__S1__L002__WS	WS_SKN_KCL10525741_S1_L002	success	Semliki forest virus	3	0.0	0.0	0.0
WS_SKN_KCL10525741__S1__L002__WS	WS_SKN_KCL10525741_S1_L002	success	Seoul virus	3	0.0	0.0	0.0
WS_SKN_KCL10525741__S1__L002__WS	WS_SKN_KCL10525741_S1_L002	success	Sindbis virus	4	0.0	0.0	0.0
WS_SKN_KCL10525741__S1__L002__WS	WS_SKN_KCL10525741_S1_L002	success	St. louis encephalitis virus	1	0.0	0.0	0.0
WS_SKN_KCL10525741__S1__L002__WS	WS_SKN_KCL10525741_S1_L002	success	Tick-borne powassan virus	1	0.0	0.0	0.0
WS_SKN_KCL10525741__S1__L002__WS	WS_SKN_KCL10525741_S1_L002	success	Torque teno virus	3	0.0	0.0	0.0
WS_SKN_KCL10525741__S1__L002__WS	WS_SKN_KCL10525741_S1_L002	success	Toscana virus	4	0.0	0.0	0.0
WS_SKN_KCL10525741__S1__L002__WS	WS_SKN_KCL10525741_S1_L002	success	Vaccinia virus	223	0.0	0.0	0.0
WS_SKN_KCL10525741__S1__L002__WS	WS_SKN_KCL10525741_S1_L002	success	Varicella-zoster virus	73	0.0	0.0	0.0
WS_SKN_KCL10525741__S1__L002__WS	WS_SKN_KCL10525741_S1_L002	success	Variola virus	197	0.0	0.0	0.0
WS_SKN_KCL10525741__S1__L002__WS	WS_SKN_KCL10525741_S1_L002	success	Venezuelan equine encephalitis virus	4	0.0	0.0	0.0
WS_SKN_KCL10525741__S1__L002__WS	WS_SKN_KCL10525741_S1_L002	success	Vesicular stomatitis virus	5	0.0	0.0	0.0
WS_SKN_KCL10525741__S1__L002__WS	WS_SKN_KCL10525741_S1_L002	success	WU polyomavirus	5	0.0	0.0	0.0
WS_SKN_KCL10525741__S1__L002__WS	WS_SKN_KCL10525741_S1_L002	success	West Nile virus	1	0.0	0.0	0.0
WS_SKN_KCL10525741__S1__L002__WS	WS_SKN_KCL10525741_S1_L002	success	Western equine encephalitis virus	3	0.0	0.0	0.0
WS_SKN_KCL10525741__S1__L002__WS	WS_SKN_KCL10525741_S1_L002	success	Yaba-like disease virus	152	0.0	0.0	0.0
WS_SKN_KCL10525741__S1__L002__WS	WS_SKN_KCL10525741_S1_L002	success	Yellow fever virus	1	0.0	0.0	0.0
WS_SKN_KCL10525741__S1__L002__WS	WS_SKN_KCL10525741_S1_L002	success	Zika virus	1	0.0	0.0	0.0
WS_SKN_KCL10525741__S2__L001__WS	WS_SKN_KCL10525741_S2_L001	success	ADENO_AAV2gp01	1	0.0	0.0	0.0
WS_SKN_KCL10525741__S2__L001__WS	WS_SKN_KCL10525741_S2_L001	success	ADENO_AAV2gp02	1	0.0	0.0	0.0
WS_SKN_KCL10525741__S2__L001__WS	WS_SKN_KCL10525741_S2_L001	success	ADENO_AAV2gp03	1	0.0	0.0	0.0
WS_SKN_KCL10525741__S2__L001__WS	WS_SKN_KCL10525741_S2_L001	success	ADENO_AAV2gp04	1	0.0	0.0	0.0
WS_SKN_KCL10525741__S2__L001__WS	WS_SKN_KCL10525741_S2_L001	success	ADENO_AAV2gp05	1	0.0	0.0	0.0
WS_SKN_KCL10525741__S2__L001__WS	WS_SKN_KCL10525741_S2_L001	success	ADENO_AAV2gp06	1	0.0	0.0	0.0
WS_SKN_KCL10525741__S2__L001__WS	WS_SKN_KCL10525741_S2_L001	success	ADENO_AAV2gp07	1	0.0	0.0	0.0
WS_SKN_KCL10525741__S2__L001__WS	WS_SKN_KCL10525741_S2_L001	success	ADENO_AAV2gp08	1	0.0	0.0	0.0
WS_SKN_KCL10525741__S2__L001__WS	WS_SKN_KCL10525741_S2_L001	success	ADENO_AAV2gs01	1	0.0	0.0	0.0
WS_SKN_KCL10525741__S2__L001__WS	WS_SKN_KCL10525741_S2_L001	success	ADENO_AAV2gs02	1	0.0	0.0	0.0
WS_SKN_KCL10525741__S2__L001__WS	WS_SKN_KCL10525741_S2_L001	success	ADENO_AAV2gs03	1	0.0	0.0	0.0
WS_SKN_KCL10525741__S2__L001__WS	WS_SKN_KCL10525741_S2_L001	success	Aichi virus	1	0.0	0.0	0.0
WS_SKN_KCL10525741__S2__L001__WS	WS_SKN_KCL10525741_S2_L001	success	Australian Bat Lyssavirus	5	0.0	0.0	0.0
WS_SKN_KCL10525741__S2__L001__WS	WS_SKN_KCL10525741_S2_L001	success	BK polyomavirus	6	0.0	0.0	0.0
WS_SKN_KCL10525741__S2__L001__WS	WS_SKN_KCL10525741_S2_L001	success	Banna virus	11	0.0	0.0	0.0
WS_SKN_KCL10525741__S2__L001__WS	WS_SKN_KCL10525741_S2_L001	success	Barmah forest virus	4	0.0	0.0	0.0
WS_SKN_KCL10525741__S2__L001__WS	WS_SKN_KCL10525741_S2_L001	success	Bunyamwera virus	4	0.0	0.0	0.0
WS_SKN_KCL10525741__S2__L001__WS	WS_SKN_KCL10525741_S2_L001	success	Bunyavirus La Crosse	4	0.0	0.0	0.0
WS_SKN_KCL10525741__S2__L001__WS	WS_SKN_KCL10525741_S2_L001	success	Cercopithecine herpesvirus	75	0.0	1.1487538940809976	1.0
WS_SKN_KCL10525741__S2__L001__WS	WS_SKN_KCL10525741_S2_L001	success	Chikungunya virus	2	0.0	0.0	0.0
WS_SKN_KCL10525741__S2__L001__WS	WS_SKN_KCL10525741_S2_L001	success	Cosavirus A	1	0.0	0.0	0.0
WS_SKN_KCL10525741__S2__L001__WS	WS_SKN_KCL10525741_S2_L001	success	Cowpox virus	233	0.0	0.0	0.0
WS_SKN_KCL10525741__S2__L001__WS	WS_SKN_KCL10525741_S2_L001	success	Coxsackievirus	1	0.0	0.0	0.0
WS_SKN_KCL10525741__S2__L001__WS	WS_SKN_KCL10525741_S2_L001	success	Crimean Congo hemorrhagic fever virus	3	0.0	0.0	0.0
WS_SKN_KCL10525741__S2__L001__WS	WS_SKN_KCL10525741_S2_L001	success	DENV_DV1_gp1	1	0.0	0.0	0.0
WS_SKN_KCL10525741__S2__L001__WS	WS_SKN_KCL10525741_S2_L001	success	DENV_unassigned_gene_1	1	0.0	0.0	0.0
WS_SKN_KCL10525741__S2__L001__WS	WS_SKN_KCL10525741_S2_L001	success	DENV_unassigned_gene_2	1	0.0	0.0	0.0
WS_SKN_KCL10525741__S2__L001__WS	WS_SKN_KCL10525741_S2_L001	success	DENV_unassigned_gene_3	1	0.0	0.0	0.0
WS_SKN_KCL10525741__S2__L001__WS	WS_SKN_KCL10525741_S2_L001	success	DENV_unassigned_gene_4	1	0.0	0.0	0.0
WS_SKN_KCL10525741__S2__L001__WS	WS_SKN_KCL10525741_S2_L001	success	Eastern_equine_encephalitis_virus	4	0.0	0.0	0.0
WS_SKN_KCL10525741__S2__L001__WS	WS_SKN_KCL10525741_S2_L001	success	Ebolavirus	7	0.0	0.0	0.0
WS_SKN_KCL10525741__S2__L001__WS	WS_SKN_KCL10525741_S2_L001	success	Echovirus	1	0.0	0.0	0.0
WS_SKN_KCL10525741__S2__L001__WS	WS_SKN_KCL10525741_S2_L001	success	Encephalomyocarditis virus	2	0.0	0.0	0.0
WS_SKN_KCL10525741__S2__L001__WS	WS_SKN_KCL10525741_S2_L001	success	Epstein-Barr virus	96	0.0	0.0	0.0
WS_SKN_KCL10525741__S2__L001__WS	WS_SKN_KCL10525741_S2_L001	success	European bat lyssavirus	5	0.0	0.0	0.0
WS_SKN_KCL10525741__S2__L001__WS	WS_SKN_KCL10525741_S2_L001	success	Human SARS coronavirus	13	0.0	0.0	0.0
WS_SKN_KCL10525741__S2__L001__WS	WS_SKN_KCL10525741_S2_L001	success	Human adenovirus	18	0.0	0.0	0.0
WS_SKN_KCL10525741__S2__L001__WS	WS_SKN_KCL10525741_S2_L001	success	Human astrovirus	2	0.0	0.0	0.0
WS_SKN_KCL10525741__S2__L001__WS	WS_SKN_KCL10525741_S2_L001	success	Human coronavirus	7	0.0	0.0	0.0
WS_SKN_KCL10525741__S2__L001__WS	WS_SKN_KCL10525741_S2_L001	success	Human cytomegalovirus	187	0.0	0.0	0.0
WS_SKN_KCL10525741__S2__L001__WS	WS_SKN_KCL10525741_S2_L001	success	Human enterovirus 68, 70	1	0.0	0.0	0.0
WS_SKN_KCL10525741__S2__L001__WS	WS_SKN_KCL10525741_S2_L001	success	Human herpesvirus 1	79	0.0	0.0	0.0
WS_SKN_KCL10525741__S2__L001__WS	WS_SKN_KCL10525741_S2_L001	success	Human herpesvirus 2	79	0.0	0.0	0.0
WS_SKN_KCL10525741__S2__L001__WS	WS_SKN_KCL10525741_S2_L001	success	Human herpesvirus 6	88	0.0	0.0	0.0
WS_SKN_KCL10525741__S2__L001__WS	WS_SKN_KCL10525741_S2_L001	success	Human herpesvirus 6b	97	0.0	0.0	0.0
WS_SKN_KCL10525741__S2__L001__WS	WS_SKN_KCL10525741_S2_L001	success	Human herpesvirus 7	86	0.0	0.0	0.0
WS_SKN_KCL10525741__S2__L001__WS	WS_SKN_KCL10525741_S2_L001	success	Human herpesvirus 8	98	1.0	1.0	1.0
WS_SKN_KCL10525741__S2__L001__WS	WS_SKN_KCL10525741_S2_L001	success	Human papillomavirus 1	7	0.0	0.0	0.0
WS_SKN_KCL10525741__S2__L001__WS	WS_SKN_KCL10525741_S2_L001	success	Human papillomavirus 16,18	8	0.0	0.0	0.0
WS_SKN_KCL10525741__S2__L001__WS	WS_SKN_KCL10525741_S2_L001	success	Human papillomavirus 2	7	0.0	0.0	0.0
WS_SKN_KCL10525741__S2__L001__WS	WS_SKN_KCL10525741_S2_L001	success	Human parainfluenza	10	0.0	0.0	0.0
WS_SKN_KCL10525741__S2__L001__WS	WS_SKN_KCL10525741_S2_L001	success	Human parvovirus B19	6	0.0	0.0	0.0
WS_SKN_KCL10525741__S2__L001__WS	WS_SKN_KCL10525741_S2_L001	success	Human respiratory syncytial virus	10	0.0	0.0	0.0
WS_SKN_KCL10525741__S2__L001__WS	WS_SKN_KCL10525741_S2_L001	success	Human rhinovirus	1	0.0	0.0	0.0
WS_SKN_KCL10525741__S2__L001__WS	WS_SKN_KCL10525741_S2_L001	success	Influenza A virus	12	0.0	0.0	0.0
WS_SKN_KCL10525741__S2__L001__WS	WS_SKN_KCL10525741_S2_L001	success	Influenza B virus	10	0.0	0.0	0.0
WS_SKN_KCL10525741__S2__L001__WS	WS_SKN_KCL10525741_S2_L001	success	Influenza C virus	7	0.0	0.0	0.0
WS_SKN_KCL10525741__S2__L001__WS	WS_SKN_KCL10525741_S2_L001	success	JC polyomavirus	6	0.0	0.0	0.0
WS_SKN_KCL10525741__S2__L001__WS	WS_SKN_KCL10525741_S2_L001	success	Japanese encephalitis virus	2	0.0	0.0	0.0
WS_SKN_KCL10525741__S2__L001__WS	WS_SKN_KCL10525741_S2_L001	success	KI Polyomavirus	5	0.0	0.0	0.0
WS_SKN_KCL10525741__S2__L001__WS	WS_SKN_KCL10525741_S2_L001	success	Lake Victoria marburgvirus	7	0.0	0.0	0.0
WS_SKN_KCL10525741__S2__L001__WS	WS_SKN_KCL10525741_S2_L001	success	Langat virus	1	0.0	0.0	0.0
WS_SKN_KCL10525741__S2__L001__WS	WS_SKN_KCL10525741_S2_L001	success	Lassa virus	4	0.0	0.0	0.0
WS_SKN_KCL10525741__S2__L001__WS	WS_SKN_KCL10525741_S2_L001	success	Louping ill virus	1	0.0	0.0	0.0
WS_SKN_KCL10525741__S2__L001__WS	WS_SKN_KCL10525741_S2_L001	success	Lymphocytic choriomeningitis virus	4	0.0	0.0	0.0
WS_SKN_KCL10525741__S2__L001__WS	WS_SKN_KCL10525741_S2_L001	success	MERS coronavirus	10	0.0	0.0	0.0
WS_SKN_KCL10525741__S2__L001__WS	WS_SKN_KCL10525741_S2_L001	success	Mayaro virus	4	0.0	0.0	0.0
WS_SKN_KCL10525741__S2__L001__WS	WS_SKN_KCL10525741_S2_L001	success	Measles virus	6	0.0	0.0	0.0
WS_SKN_KCL10525741__S2__L001__WS	WS_SKN_KCL10525741_S2_L001	success	Merkel cell polyomavirus	4	0.0	0.0	0.0
WS_SKN_KCL10525741__S2__L001__WS	WS_SKN_KCL10525741_S2_L001	success	Molluscum contagiosum virus	163	0.0	0.0	0.0
WS_SKN_KCL10525741__S2__L001__WS	WS_SKN_KCL10525741_S2_L001	success	Monkeypox virus	180	0.0	0.0	0.0
WS_SKN_KCL10525741__S2__L001__WS	WS_SKN_KCL10525741_S2_L001	success	Mumps virus	7	0.0	0.0	0.0
WS_SKN_KCL10525741__S2__L001__WS	WS_SKN_KCL10525741_S2_L001	success	Murray valley encephalitis virus	2	0.0	0.0	0.0
WS_SKN_KCL10525741__S2__L001__WS	WS_SKN_KCL10525741_S2_L001	success	Nipah virus	6	0.0	0.0	0.0
WS_SKN_KCL10525741__S2__L001__WS	WS_SKN_KCL10525741_S2_L001	success	Norwalk virus	3	0.0	0.0	0.0
WS_SKN_KCL10525741__S2__L001__WS	WS_SKN_KCL10525741_S2_L001	success	O'nyong-nyong virus	4	0.0	0.0	0.0
WS_SKN_KCL10525741__S2__L001__WS	WS_SKN_KCL10525741_S2_L001	success	Orf virus	130	0.0	0.0	0.0
WS_SKN_KCL10525741__S2__L001__WS	WS_SKN_KCL10525741_S2_L001	success	Oropouche virus	4	0.0	0.0	0.0
WS_SKN_KCL10525741__S2__L001__WS	WS_SKN_KCL10525741_S2_L001	success	Poliovirus	5	0.0	0.0	0.0
WS_SKN_KCL10525741__S2__L001__WS	WS_SKN_KCL10525741_S2_L001	success	Rabies virus	5	0.0	0.0	0.0
WS_SKN_KCL10525741__S2__L001__WS	WS_SKN_KCL10525741_S2_L001	success	Rosavirus A	1	0.0	0.0	0.0
WS_SKN_KCL10525741__S2__L001__WS	WS_SKN_KCL10525741_S2_L001	success	Ross river virus	4	0.0	0.0	0.0
WS_SKN_KCL10525741__S2__L001__WS	WS_SKN_KCL10525741_S2_L001	success	Rotavirus A	10	0.0	0.0	0.0
WS_SKN_KCL10525741__S2__L001__WS	WS_SKN_KCL10525741_S2_L001	success	Rotavirus B	11	0.0	0.0	0.0
WS_SKN_KCL10525741__S2__L001__WS	WS_SKN_KCL10525741_S2_L001	success	Rotavirus C	11	0.0	0.0	0.0
WS_SKN_KCL10525741__S2__L001__WS	WS_SKN_KCL10525741_S2_L001	success	Rubella virus	2	0.0	0.0	0.0
WS_SKN_KCL10525741__S2__L001__WS	WS_SKN_KCL10525741_S2_L001	success	Salivirus A	1	0.0	0.0	0.0
WS_SKN_KCL10525741__S2__L001__WS	WS_SKN_KCL10525741_S2_L001	success	Sapporo virus	2	0.0	0.0	0.0
WS_SKN_KCL10525741__S2__L001__WS	WS_SKN_KCL10525741_S2_L001	success	Semliki forest virus	3	0.0	0.0	0.0
WS_SKN_KCL10525741__S2__L001__WS	WS_SKN_KCL10525741_S2_L001	success	Seoul virus	3	0.0	0.0	0.0
WS_SKN_KCL10525741__S2__L001__WS	WS_SKN_KCL10525741_S2_L001	success	Sindbis virus	4	0.0	0.0	0.0
WS_SKN_KCL10525741__S2__L001__WS	WS_SKN_KCL10525741_S2_L001	success	St. louis encephalitis virus	1	0.0	0.0	0.0
WS_SKN_KCL10525741__S2__L001__WS	WS_SKN_KCL10525741_S2_L001	success	Tick-borne powassan virus	1	0.0	0.0	0.0
WS_SKN_KCL10525741__S2__L001__WS	WS_SKN_KCL10525741_S2_L001	success	Torque teno virus	3	0.0	0.0	0.0
WS_SKN_KCL10525741__S2__L001__WS	WS_SKN_KCL10525741_S2_L001	success	Toscana virus	4	0.0	0.0	0.0
WS_SKN_KCL10525741__S2__L001__WS	WS_SKN_KCL10525741_S2_L001	success	Vaccinia virus	223	0.0	0.0	0.0
WS_SKN_KCL10525741__S2__L001__WS	WS_SKN_KCL10525741_S2_L001	success	Varicella-zoster virus	73	0.0	0.0	0.0
WS_SKN_KCL10525741__S2__L001__WS	WS_SKN_KCL10525741_S2_L001	success	Variola virus	197	0.0	0.0	0.0
WS_SKN_KCL10525741__S2__L001__WS	WS_SKN_KCL10525741_S2_L001	success	Venezuelan equine encephalitis virus	4	0.0	0.0	0.0
WS_SKN_KCL10525741__S2__L001__WS	WS_SKN_KCL10525741_S2_L001	success	Vesicular stomatitis virus	5	0.0	0.0	0.0
WS_SKN_KCL10525741__S2__L001__WS	WS_SKN_KCL10525741_S2_L001	success	WU polyomavirus	5	0.0	0.0	0.0
WS_SKN_KCL10525741__S2__L001__WS	WS_SKN_KCL10525741_S2_L001	success	West Nile virus	1	0.0	0.0	0.0
WS_SKN_KCL10525741__S2__L001__WS	WS_SKN_KCL10525741_S2_L001	success	Western equine encephalitis virus	3	0.0	0.0	0.0
WS_SKN_KCL10525741__S2__L001__WS	WS_SKN_KCL10525741_S2_L001	success	Yaba-like disease virus	152	0.0	0.0	0.0
WS_SKN_KCL10525741__S2__L001__WS	WS_SKN_KCL10525741_S2_L001	success	Yellow fever virus	1	0.0	0.0	0.0
WS_SKN_KCL10525741__S2__L001__WS	WS_SKN_KCL10525741_S2_L001	success	Zika virus	1	0.0	0.0	0.0
WS_SKN_KCL10525741__S2__L002__WS	WS_SKN_KCL10525741_S2_L002	success	ADENO_AAV2gp01	1	0.0	0.0	0.0
WS_SKN_KCL10525741__S2__L002__WS	WS_SKN_KCL10525741_S2_L002	success	ADENO_AAV2gp02	1	0.0	0.0	0.0
WS_SKN_KCL10525741__S2__L002__WS	WS_SKN_KCL10525741_S2_L002	success	ADENO_AAV2gp03	1	0.0	0.0	0.0
WS_SKN_KCL10525741__S2__L002__WS	WS_SKN_KCL10525741_S2_L002	success	ADENO_AAV2gp04	1	0.0	0.0	0.0
WS_SKN_KCL10525741__S2__L002__WS	WS_SKN_KCL10525741_S2_L002	success	ADENO_AAV2gp05	1	0.0	0.0	0.0
WS_SKN_KCL10525741__S2__L002__WS	WS_SKN_KCL10525741_S2_L002	success	ADENO_AAV2gp06	1	0.0	0.0	0.0
WS_SKN_KCL10525741__S2__L002__WS	WS_SKN_KCL10525741_S2_L002	success	ADENO_AAV2gp07	1	0.0	0.0	0.0
WS_SKN_KCL10525741__S2__L002__WS	WS_SKN_KCL10525741_S2_L002	success	ADENO_AAV2gp08	1	0.0	0.0	0.0
WS_SKN_KCL10525741__S2__L002__WS	WS_SKN_KCL10525741_S2_L002	success	ADENO_AAV2gs01	1	0.0	0.0	0.0
WS_SKN_KCL10525741__S2__L002__WS	WS_SKN_KCL10525741_S2_L002	success	ADENO_AAV2gs02	1	0.0	0.0	0.0
WS_SKN_KCL10525741__S2__L002__WS	WS_SKN_KCL10525741_S2_L002	success	ADENO_AAV2gs03	1	0.0	0.0	0.0
WS_SKN_KCL10525741__S2__L002__WS	WS_SKN_KCL10525741_S2_L002	success	Aichi virus	1	0.0	0.0	0.0
WS_SKN_KCL10525741__S2__L002__WS	WS_SKN_KCL10525741_S2_L002	success	Australian Bat Lyssavirus	5	0.0	0.0	0.0
WS_SKN_KCL10525741__S2__L002__WS	WS_SKN_KCL10525741_S2_L002	success	BK polyomavirus	6	0.0	0.0	0.0
WS_SKN_KCL10525741__S2__L002__WS	WS_SKN_KCL10525741_S2_L002	success	Banna virus	11	0.0	0.0	0.0
WS_SKN_KCL10525741__S2__L002__WS	WS_SKN_KCL10525741_S2_L002	success	Barmah forest virus	4	0.0	0.0	0.0
WS_SKN_KCL10525741__S2__L002__WS	WS_SKN_KCL10525741_S2_L002	success	Bunyamwera virus	4	0.0	0.0	0.0
WS_SKN_KCL10525741__S2__L002__WS	WS_SKN_KCL10525741_S2_L002	success	Bunyavirus La Crosse	4	0.0	0.0	0.0
WS_SKN_KCL10525741__S2__L002__WS	WS_SKN_KCL10525741_S2_L002	success	Cercopithecine herpesvirus	75	0.0	1.0841121495327106	1.0
WS_SKN_KCL10525741__S2__L002__WS	WS_SKN_KCL10525741_S2_L002	success	Chikungunya virus	2	0.0	0.0	0.0
WS_SKN_KCL10525741__S2__L002__WS	WS_SKN_KCL10525741_S2_L002	success	Cosavirus A	1	0.0	0.0	0.0
WS_SKN_KCL10525741__S2__L002__WS	WS_SKN_KCL10525741_S2_L002	success	Cowpox virus	233	0.0	0.0	0.0
WS_SKN_KCL10525741__S2__L002__WS	WS_SKN_KCL10525741_S2_L002	success	Coxsackievirus	1	0.0	0.0	0.0
WS_SKN_KCL10525741__S2__L002__WS	WS_SKN_KCL10525741_S2_L002	success	Crimean Congo hemorrhagic fever virus	3	0.0	0.0	0.0
WS_SKN_KCL10525741__S2__L002__WS	WS_SKN_KCL10525741_S2_L002	success	DENV_DV1_gp1	1	0.0	0.0	0.0
WS_SKN_KCL10525741__S2__L002__WS	WS_SKN_KCL10525741_S2_L002	success	DENV_unassigned_gene_1	1	0.0	0.0	0.0
WS_SKN_KCL10525741__S2__L002__WS	WS_SKN_KCL10525741_S2_L002	success	DENV_unassigned_gene_2	1	0.0	0.0	0.0
WS_SKN_KCL10525741__S2__L002__WS	WS_SKN_KCL10525741_S2_L002	success	DENV_unassigned_gene_3	1	0.0	0.0	0.0
WS_SKN_KCL10525741__S2__L002__WS	WS_SKN_KCL10525741_S2_L002	success	DENV_unassigned_gene_4	1	0.0	0.0	0.0
WS_SKN_KCL10525741__S2__L002__WS	WS_SKN_KCL10525741_S2_L002	success	Eastern_equine_encephalitis_virus	4	0.0	0.0	0.0
WS_SKN_KCL10525741__S2__L002__WS	WS_SKN_KCL10525741_S2_L002	success	Ebolavirus	7	0.0	0.0	0.0
WS_SKN_KCL10525741__S2__L002__WS	WS_SKN_KCL10525741_S2_L002	success	Echovirus	1	0.0	0.0	0.0
WS_SKN_KCL10525741__S2__L002__WS	WS_SKN_KCL10525741_S2_L002	success	Encephalomyocarditis virus	2	0.0	0.0	0.0
WS_SKN_KCL10525741__S2__L002__WS	WS_SKN_KCL10525741_S2_L002	success	Epstein-Barr virus	96	0.0	0.0	0.0
WS_SKN_KCL10525741__S2__L002__WS	WS_SKN_KCL10525741_S2_L002	success	European bat lyssavirus	5	0.0	0.0	0.0
WS_SKN_KCL10525741__S2__L002__WS	WS_SKN_KCL10525741_S2_L002	success	Human SARS coronavirus	13	0.0	0.0	0.0
WS_SKN_KCL10525741__S2__L002__WS	WS_SKN_KCL10525741_S2_L002	success	Human adenovirus	18	0.0	0.0	0.0
WS_SKN_KCL10525741__S2__L002__WS	WS_SKN_KCL10525741_S2_L002	success	Human astrovirus	2	0.0	0.0	0.0
WS_SKN_KCL10525741__S2__L002__WS	WS_SKN_KCL10525741_S2_L002	success	Human coronavirus	7	0.0	0.0	0.0
WS_SKN_KCL10525741__S2__L002__WS	WS_SKN_KCL10525741_S2_L002	success	Human cytomegalovirus	187	0.0	0.0	0.0
WS_SKN_KCL10525741__S2__L002__WS	WS_SKN_KCL10525741_S2_L002	success	Human enterovirus 68, 70	1	0.0	0.0	0.0
WS_SKN_KCL10525741__S2__L002__WS	WS_SKN_KCL10525741_S2_L002	success	Human herpesvirus 1	79	0.0	0.0	0.0
WS_SKN_KCL10525741__S2__L002__WS	WS_SKN_KCL10525741_S2_L002	success	Human herpesvirus 2	79	0.0	0.0	0.0
WS_SKN_KCL10525741__S2__L002__WS	WS_SKN_KCL10525741_S2_L002	success	Human herpesvirus 6	88	0.0	0.0	0.0
WS_SKN_KCL10525741__S2__L002__WS	WS_SKN_KCL10525741_S2_L002	success	Human herpesvirus 6b	97	0.0	0.0	0.0
WS_SKN_KCL10525741__S2__L002__WS	WS_SKN_KCL10525741_S2_L002	success	Human herpesvirus 7	86	0.0	0.0	0.0
WS_SKN_KCL10525741__S2__L002__WS	WS_SKN_KCL10525741_S2_L002	success	Human herpesvirus 8	98	0.0	0.0	0.0
WS_SKN_KCL10525741__S2__L002__WS	WS_SKN_KCL10525741_S2_L002	success	Human papillomavirus 1	7	0.0	0.0	0.0
WS_SKN_KCL10525741__S2__L002__WS	WS_SKN_KCL10525741_S2_L002	success	Human papillomavirus 16,18	8	0.0	0.0	0.0
WS_SKN_KCL10525741__S2__L002__WS	WS_SKN_KCL10525741_S2_L002	success	Human papillomavirus 2	7	0.0	0.0	0.0
WS_SKN_KCL10525741__S2__L002__WS	WS_SKN_KCL10525741_S2_L002	success	Human parainfluenza	10	0.0	0.0	0.0
WS_SKN_KCL10525741__S2__L002__WS	WS_SKN_KCL10525741_S2_L002	success	Human parvovirus B19	6	0.0	0.0	0.0
WS_SKN_KCL10525741__S2__L002__WS	WS_SKN_KCL10525741_S2_L002	success	Human respiratory syncytial virus	10	0.0	0.0	0.0
WS_SKN_KCL10525741__S2__L002__WS	WS_SKN_KCL10525741_S2_L002	success	Human rhinovirus	1	0.0	0.0	0.0
WS_SKN_KCL10525741__S2__L002__WS	WS_SKN_KCL10525741_S2_L002	success	Influenza A virus	12	0.0	0.0	0.0
WS_SKN_KCL10525741__S2__L002__WS	WS_SKN_KCL10525741_S2_L002	success	Influenza B virus	10	0.0	0.0	0.0
WS_SKN_KCL10525741__S2__L002__WS	WS_SKN_KCL10525741_S2_L002	success	Influenza C virus	7	0.0	0.0	0.0
WS_SKN_KCL10525741__S2__L002__WS	WS_SKN_KCL10525741_S2_L002	success	JC polyomavirus	6	0.0	0.0	0.0
WS_SKN_KCL10525741__S2__L002__WS	WS_SKN_KCL10525741_S2_L002	success	Japanese encephalitis virus	2	0.0	0.0	0.0
WS_SKN_KCL10525741__S2__L002__WS	WS_SKN_KCL10525741_S2_L002	success	KI Polyomavirus	5	0.0	0.0	0.0
WS_SKN_KCL10525741__S2__L002__WS	WS_SKN_KCL10525741_S2_L002	success	Lake Victoria marburgvirus	7	0.0	0.0	0.0
WS_SKN_KCL10525741__S2__L002__WS	WS_SKN_KCL10525741_S2_L002	success	Langat virus	1	0.0	0.0	0.0
WS_SKN_KCL10525741__S2__L002__WS	WS_SKN_KCL10525741_S2_L002	success	Lassa virus	4	0.0	0.0	0.0
WS_SKN_KCL10525741__S2__L002__WS	WS_SKN_KCL10525741_S2_L002	success	Louping ill virus	1	0.0	0.0	0.0
WS_SKN_KCL10525741__S2__L002__WS	WS_SKN_KCL10525741_S2_L002	success	Lymphocytic choriomeningitis virus	4	0.0	0.0	0.0
WS_SKN_KCL10525741__S2__L002__WS	WS_SKN_KCL10525741_S2_L002	success	MERS coronavirus	10	0.0	0.0	0.0
WS_SKN_KCL10525741__S2__L002__WS	WS_SKN_KCL10525741_S2_L002	success	Mayaro virus	4	0.0	0.0	0.0
WS_SKN_KCL10525741__S2__L002__WS	WS_SKN_KCL10525741_S2_L002	success	Measles virus	6	0.0	0.0	0.0
WS_SKN_KCL10525741__S2__L002__WS	WS_SKN_KCL10525741_S2_L002	success	Merkel cell polyomavirus	4	0.0	0.0	0.0
WS_SKN_KCL10525741__S2__L002__WS	WS_SKN_KCL10525741_S2_L002	success	Molluscum contagiosum virus	163	0.0	0.0	0.0
WS_SKN_KCL10525741__S2__L002__WS	WS_SKN_KCL10525741_S2_L002	success	Monkeypox virus	180	0.0	0.0	0.0
WS_SKN_KCL10525741__S2__L002__WS	WS_SKN_KCL10525741_S2_L002	success	Mumps virus	7	0.0	0.0	0.0
WS_SKN_KCL10525741__S2__L002__WS	WS_SKN_KCL10525741_S2_L002	success	Murray valley encephalitis virus	2	0.0	0.0	0.0
WS_SKN_KCL10525741__S2__L002__WS	WS_SKN_KCL10525741_S2_L002	success	Nipah virus	6	0.0	0.0	0.0
WS_SKN_KCL10525741__S2__L002__WS	WS_SKN_KCL10525741_S2_L002	success	Norwalk virus	3	0.0	0.0	0.0
WS_SKN_KCL10525741__S2__L002__WS	WS_SKN_KCL10525741_S2_L002	success	O'nyong-nyong virus	4	0.0	0.0	0.0
WS_SKN_KCL10525741__S2__L002__WS	WS_SKN_KCL10525741_S2_L002	success	Orf virus	130	0.0	0.0	0.0
WS_SKN_KCL10525741__S2__L002__WS	WS_SKN_KCL10525741_S2_L002	success	Oropouche virus	4	0.0	0.0	0.0
WS_SKN_KCL10525741__S2__L002__WS	WS_SKN_KCL10525741_S2_L002	success	Poliovirus	5	0.0	0.0	0.0
WS_SKN_KCL10525741__S2__L002__WS	WS_SKN_KCL10525741_S2_L002	success	Rabies virus	5	0.0	0.0	0.0
WS_SKN_KCL10525741__S2__L002__WS	WS_SKN_KCL10525741_S2_L002	success	Rosavirus A	1	0.0	0.0	0.0
WS_SKN_KCL10525741__S2__L002__WS	WS_SKN_KCL10525741_S2_L002	success	Ross river virus	4	0.0	0.0	0.0
WS_SKN_KCL10525741__S2__L002__WS	WS_SKN_KCL10525741_S2_L002	success	Rotavirus A	10	0.0	0.0	0.0
WS_SKN_KCL10525741__S2__L002__WS	WS_SKN_KCL10525741_S2_L002	success	Rotavirus B	11	0.0	0.0	0.0
WS_SKN_KCL10525741__S2__L002__WS	WS_SKN_KCL10525741_S2_L002	success	Rotavirus C	11	0.0	0.0	0.0
WS_SKN_KCL10525741__S2__L002__WS	WS_SKN_KCL10525741_S2_L002	success	Rubella virus	2	0.0	0.0	0.0
WS_SKN_KCL10525741__S2__L002__WS	WS_SKN_KCL10525741_S2_L002	success	Salivirus A	1	0.0	0.0	0.0
WS_SKN_KCL10525741__S2__L002__WS	WS_SKN_KCL10525741_S2_L002	success	Sapporo virus	2	0.0	0.0	0.0
WS_SKN_KCL10525741__S2__L002__WS	WS_SKN_KCL10525741_S2_L002	success	Semliki forest virus	3	0.0	0.0	0.0
WS_SKN_KCL10525741__S2__L002__WS	WS_SKN_KCL10525741_S2_L002	success	Seoul virus	3	0.0	0.0	0.0
WS_SKN_KCL10525741__S2__L002__WS	WS_SKN_KCL10525741_S2_L002	success	Sindbis virus	4	0.0	0.0	0.0
WS_SKN_KCL10525741__S2__L002__WS	WS_SKN_KCL10525741_S2_L002	success	St. louis encephalitis virus	1	0.0	0.0	0.0
WS_SKN_KCL10525741__S2__L002__WS	WS_SKN_KCL10525741_S2_L002	success	Tick-borne powassan virus	1	0.0	0.0	0.0
WS_SKN_KCL10525741__S2__L002__WS	WS_SKN_KCL10525741_S2_L002	success	Torque teno virus	3	0.0	0.0	0.0
WS_SKN_KCL10525741__S2__L002__WS	WS_SKN_KCL10525741_S2_L002	success	Toscana virus	4	0.0	0.0	0.0
WS_SKN_KCL10525741__S2__L002__WS	WS_SKN_KCL10525741_S2_L002	success	Vaccinia virus	223	0.0	0.0	0.0
WS_SKN_KCL10525741__S2__L002__WS	WS_SKN_KCL10525741_S2_L002	success	Varicella-zoster virus	73	0.0	0.0	0.0
WS_SKN_KCL10525741__S2__L002__WS	WS_SKN_KCL10525741_S2_L002	success	Variola virus	197	0.0	0.0	0.0
WS_SKN_KCL10525741__S2__L002__WS	WS_SKN_KCL10525741_S2_L002	success	Venezuelan equine encephalitis virus	4	0.0	0.0	0.0
WS_SKN_KCL10525741__S2__L002__WS	WS_SKN_KCL10525741_S2_L002	success	Vesicular stomatitis virus	5	0.0	0.0	0.0
WS_SKN_KCL10525741__S2__L002__WS	WS_SKN_KCL10525741_S2_L002	success	WU polyomavirus	5	0.0	0.0	0.0
WS_SKN_KCL10525741__S2__L002__WS	WS_SKN_KCL10525741_S2_L002	success	West Nile virus	1	0.0	0.0	0.0
WS_SKN_KCL10525741__S2__L002__WS	WS_SKN_KCL10525741_S2_L002	success	Western equine encephalitis virus	3	0.0	0.0	0.0
WS_SKN_KCL10525741__S2__L002__WS	WS_SKN_KCL10525741_S2_L002	success	Yaba-like disease virus	152	0.0	0.0	0.0
WS_SKN_KCL10525741__S2__L002__WS	WS_SKN_KCL10525741_S2_L002	success	Yellow fever virus	1	0.0	0.0	0.0
WS_SKN_KCL10525741__S2__L002__WS	WS_SKN_KCL10525741_S2_L002	success	Zika virus	1	0.0	0.0	0.0
WS_SKN_KCL10525741__S3__L001__WS	WS_SKN_KCL10525741_S3_L001	success	ADENO_AAV2gp01	1	0.0	0.0	0.0
WS_SKN_KCL10525741__S3__L001__WS	WS_SKN_KCL10525741_S3_L001	success	ADENO_AAV2gp02	1	0.0	0.0	0.0
WS_SKN_KCL10525741__S3__L001__WS	WS_SKN_KCL10525741_S3_L001	success	ADENO_AAV2gp03	1	0.0	0.0	0.0
WS_SKN_KCL10525741__S3__L001__WS	WS_SKN_KCL10525741_S3_L001	success	ADENO_AAV2gp04	1	0.0	0.0	0.0
WS_SKN_KCL10525741__S3__L001__WS	WS_SKN_KCL10525741_S3_L001	success	ADENO_AAV2gp05	1	0.0	0.0	0.0
WS_SKN_KCL10525741__S3__L001__WS	WS_SKN_KCL10525741_S3_L001	success	ADENO_AAV2gp06	1	0.0	0.0	0.0
WS_SKN_KCL10525741__S3__L001__WS	WS_SKN_KCL10525741_S3_L001	success	ADENO_AAV2gp07	1	0.0	0.0	0.0
WS_SKN_KCL10525741__S3__L001__WS	WS_SKN_KCL10525741_S3_L001	success	ADENO_AAV2gp08	1	0.0	0.0	0.0
WS_SKN_KCL10525741__S3__L001__WS	WS_SKN_KCL10525741_S3_L001	success	ADENO_AAV2gs01	1	0.0	0.0	0.0
WS_SKN_KCL10525741__S3__L001__WS	WS_SKN_KCL10525741_S3_L001	success	ADENO_AAV2gs02	1	0.0	0.0	0.0
WS_SKN_KCL10525741__S3__L001__WS	WS_SKN_KCL10525741_S3_L001	success	ADENO_AAV2gs03	1	0.0	0.0	0.0
WS_SKN_KCL10525741__S3__L001__WS	WS_SKN_KCL10525741_S3_L001	success	Aichi virus	1	0.0	0.0	0.0
WS_SKN_KCL10525741__S3__L001__WS	WS_SKN_KCL10525741_S3_L001	success	Australian Bat Lyssavirus	5	0.0	0.0	0.0
WS_SKN_KCL10525741__S3__L001__WS	WS_SKN_KCL10525741_S3_L001	success	BK polyomavirus	6	0.0	0.0	0.0
WS_SKN_KCL10525741__S3__L001__WS	WS_SKN_KCL10525741_S3_L001	success	Banna virus	11	0.0	0.0	0.0
WS_SKN_KCL10525741__S3__L001__WS	WS_SKN_KCL10525741_S3_L001	success	Barmah forest virus	4	0.0	0.0	0.0
WS_SKN_KCL10525741__S3__L001__WS	WS_SKN_KCL10525741_S3_L001	success	Bunyamwera virus	4	0.0	0.0	0.0
WS_SKN_KCL10525741__S3__L001__WS	WS_SKN_KCL10525741_S3_L001	success	Bunyavirus La Crosse	4	0.0	0.0	0.0
WS_SKN_KCL10525741__S3__L001__WS	WS_SKN_KCL10525741_S3_L001	success	Cercopithecine herpesvirus	75	0.0	1.084112149532711	1.0
WS_SKN_KCL10525741__S3__L001__WS	WS_SKN_KCL10525741_S3_L001	success	Chikungunya virus	2	0.0	0.0	0.0
WS_SKN_KCL10525741__S3__L001__WS	WS_SKN_KCL10525741_S3_L001	success	Cosavirus A	1	0.0	0.0	0.0
WS_SKN_KCL10525741__S3__L001__WS	WS_SKN_KCL10525741_S3_L001	success	Cowpox virus	233	0.0	0.0	0.0
WS_SKN_KCL10525741__S3__L001__WS	WS_SKN_KCL10525741_S3_L001	success	Coxsackievirus	1	0.0	0.0	0.0
WS_SKN_KCL10525741__S3__L001__WS	WS_SKN_KCL10525741_S3_L001	success	Crimean Congo hemorrhagic fever virus	3	0.0	0.0	0.0
WS_SKN_KCL10525741__S3__L001__WS	WS_SKN_KCL10525741_S3_L001	success	DENV_DV1_gp1	1	0.0	0.0	0.0
WS_SKN_KCL10525741__S3__L001__WS	WS_SKN_KCL10525741_S3_L001	success	DENV_unassigned_gene_1	1	0.0	0.0	0.0
WS_SKN_KCL10525741__S3__L001__WS	WS_SKN_KCL10525741_S3_L001	success	DENV_unassigned_gene_2	1	0.0	0.0	0.0
WS_SKN_KCL10525741__S3__L001__WS	WS_SKN_KCL10525741_S3_L001	success	DENV_unassigned_gene_3	1	0.0	0.0	0.0
WS_SKN_KCL10525741__S3__L001__WS	WS_SKN_KCL10525741_S3_L001	success	DENV_unassigned_gene_4	1	0.0	0.0	0.0
WS_SKN_KCL10525741__S3__L001__WS	WS_SKN_KCL10525741_S3_L001	success	Eastern_equine_encephalitis_virus	4	0.0	0.0	0.0
WS_SKN_KCL10525741__S3__L001__WS	WS_SKN_KCL10525741_S3_L001	success	Ebolavirus	7	0.0	0.0	0.0
WS_SKN_KCL10525741__S3__L001__WS	WS_SKN_KCL10525741_S3_L001	success	Echovirus	1	0.0	0.0	0.0
WS_SKN_KCL10525741__S3__L001__WS	WS_SKN_KCL10525741_S3_L001	success	Encephalomyocarditis virus	2	0.0	0.0	0.0
WS_SKN_KCL10525741__S3__L001__WS	WS_SKN_KCL10525741_S3_L001	success	Epstein-Barr virus	96	0.0	0.0	0.0
WS_SKN_KCL10525741__S3__L001__WS	WS_SKN_KCL10525741_S3_L001	success	European bat lyssavirus	5	0.0	0.0	0.0
WS_SKN_KCL10525741__S3__L001__WS	WS_SKN_KCL10525741_S3_L001	success	Human SARS coronavirus	13	0.0	0.0	0.0
WS_SKN_KCL10525741__S3__L001__WS	WS_SKN_KCL10525741_S3_L001	success	Human adenovirus	18	0.0	0.0	0.0
WS_SKN_KCL10525741__S3__L001__WS	WS_SKN_KCL10525741_S3_L001	success	Human astrovirus	2	0.0	0.0	0.0
WS_SKN_KCL10525741__S3__L001__WS	WS_SKN_KCL10525741_S3_L001	success	Human coronavirus	7	0.0	0.0	0.0
WS_SKN_KCL10525741__S3__L001__WS	WS_SKN_KCL10525741_S3_L001	success	Human cytomegalovirus	187	0.0	0.0	0.0
WS_SKN_KCL10525741__S3__L001__WS	WS_SKN_KCL10525741_S3_L001	success	Human enterovirus 68, 70	1	0.0	0.0	0.0
WS_SKN_KCL10525741__S3__L001__WS	WS_SKN_KCL10525741_S3_L001	success	Human herpesvirus 1	79	0.0	0.0	0.0
WS_SKN_KCL10525741__S3__L001__WS	WS_SKN_KCL10525741_S3_L001	success	Human herpesvirus 2	79	0.0	0.0	0.0
WS_SKN_KCL10525741__S3__L001__WS	WS_SKN_KCL10525741_S3_L001	success	Human herpesvirus 6	88	0.0	0.0	0.0
WS_SKN_KCL10525741__S3__L001__WS	WS_SKN_KCL10525741_S3_L001	success	Human herpesvirus 6b	97	0.0	0.0	0.0
WS_SKN_KCL10525741__S3__L001__WS	WS_SKN_KCL10525741_S3_L001	success	Human herpesvirus 7	86	0.0	0.0	0.0
WS_SKN_KCL10525741__S3__L001__WS	WS_SKN_KCL10525741_S3_L001	success	Human herpesvirus 8	98	0.0	0.0	0.0
WS_SKN_KCL10525741__S3__L001__WS	WS_SKN_KCL10525741_S3_L001	success	Human papillomavirus 1	7	0.0	0.0	0.0
WS_SKN_KCL10525741__S3__L001__WS	WS_SKN_KCL10525741_S3_L001	success	Human papillomavirus 16,18	8	0.0	0.0	0.0
WS_SKN_KCL10525741__S3__L001__WS	WS_SKN_KCL10525741_S3_L001	success	Human papillomavirus 2	7	0.0	0.0	0.0
WS_SKN_KCL10525741__S3__L001__WS	WS_SKN_KCL10525741_S3_L001	success	Human parainfluenza	10	0.0	0.0	0.0
WS_SKN_KCL10525741__S3__L001__WS	WS_SKN_KCL10525741_S3_L001	success	Human parvovirus B19	6	0.0	0.0	0.0
WS_SKN_KCL10525741__S3__L001__WS	WS_SKN_KCL10525741_S3_L001	success	Human respiratory syncytial virus	10	0.0	0.0	0.0
WS_SKN_KCL10525741__S3__L001__WS	WS_SKN_KCL10525741_S3_L001	success	Human rhinovirus	1	0.0	0.0	0.0
WS_SKN_KCL10525741__S3__L001__WS	WS_SKN_KCL10525741_S3_L001	success	Influenza A virus	12	0.0	0.0	0.0
WS_SKN_KCL10525741__S3__L001__WS	WS_SKN_KCL10525741_S3_L001	success	Influenza B virus	10	0.0	0.0	0.0
WS_SKN_KCL10525741__S3__L001__WS	WS_SKN_KCL10525741_S3_L001	success	Influenza C virus	7	0.0	0.0	0.0
WS_SKN_KCL10525741__S3__L001__WS	WS_SKN_KCL10525741_S3_L001	success	JC polyomavirus	6	0.0	0.0	0.0
WS_SKN_KCL10525741__S3__L001__WS	WS_SKN_KCL10525741_S3_L001	success	Japanese encephalitis virus	2	0.0	0.0	0.0
WS_SKN_KCL10525741__S3__L001__WS	WS_SKN_KCL10525741_S3_L001	success	KI Polyomavirus	5	0.0	0.0	0.0
WS_SKN_KCL10525741__S3__L001__WS	WS_SKN_KCL10525741_S3_L001	success	Lake Victoria marburgvirus	7	0.0	0.0	0.0
WS_SKN_KCL10525741__S3__L001__WS	WS_SKN_KCL10525741_S3_L001	success	Langat virus	1	0.0	0.0	0.0
WS_SKN_KCL10525741__S3__L001__WS	WS_SKN_KCL10525741_S3_L001	success	Lassa virus	4	0.0	0.0	0.0
WS_SKN_KCL10525741__S3__L001__WS	WS_SKN_KCL10525741_S3_L001	success	Louping ill virus	1	0.0	0.0	0.0
WS_SKN_KCL10525741__S3__L001__WS	WS_SKN_KCL10525741_S3_L001	success	Lymphocytic choriomeningitis virus	4	0.0	0.0	0.0
WS_SKN_KCL10525741__S3__L001__WS	WS_SKN_KCL10525741_S3_L001	success	MERS coronavirus	10	0.0	0.0	0.0
WS_SKN_KCL10525741__S3__L001__WS	WS_SKN_KCL10525741_S3_L001	success	Mayaro virus	4	0.0	0.0	0.0
WS_SKN_KCL10525741__S3__L001__WS	WS_SKN_KCL10525741_S3_L001	success	Measles virus	6	0.0	0.0	0.0
WS_SKN_KCL10525741__S3__L001__WS	WS_SKN_KCL10525741_S3_L001	success	Merkel cell polyomavirus	4	0.0	0.0	0.0
WS_SKN_KCL10525741__S3__L001__WS	WS_SKN_KCL10525741_S3_L001	success	Molluscum contagiosum virus	163	0.0	0.0	0.0
WS_SKN_KCL10525741__S3__L001__WS	WS_SKN_KCL10525741_S3_L001	success	Monkeypox virus	180	0.0	0.0	0.0
WS_SKN_KCL10525741__S3__L001__WS	WS_SKN_KCL10525741_S3_L001	success	Mumps virus	7	0.0	0.0	0.0
WS_SKN_KCL10525741__S3__L001__WS	WS_SKN_KCL10525741_S3_L001	success	Murray valley encephalitis virus	2	0.0	0.0	0.0
WS_SKN_KCL10525741__S3__L001__WS	WS_SKN_KCL10525741_S3_L001	success	Nipah virus	6	0.0	0.0	0.0
WS_SKN_KCL10525741__S3__L001__WS	WS_SKN_KCL10525741_S3_L001	success	Norwalk virus	3	0.0	0.0	0.0
WS_SKN_KCL10525741__S3__L001__WS	WS_SKN_KCL10525741_S3_L001	success	O'nyong-nyong virus	4	0.0	0.0	0.0
WS_SKN_KCL10525741__S3__L001__WS	WS_SKN_KCL10525741_S3_L001	success	Orf virus	130	0.0	0.0	0.0
WS_SKN_KCL10525741__S3__L001__WS	WS_SKN_KCL10525741_S3_L001	success	Oropouche virus	4	0.0	0.0	0.0
WS_SKN_KCL10525741__S3__L001__WS	WS_SKN_KCL10525741_S3_L001	success	Poliovirus	5	0.0	0.0	0.0
WS_SKN_KCL10525741__S3__L001__WS	WS_SKN_KCL10525741_S3_L001	success	Rabies virus	5	0.0	0.0	0.0
WS_SKN_KCL10525741__S3__L001__WS	WS_SKN_KCL10525741_S3_L001	success	Rosavirus A	1	0.0	0.0	0.0
WS_SKN_KCL10525741__S3__L001__WS	WS_SKN_KCL10525741_S3_L001	success	Ross river virus	4	0.0	0.0	0.0
WS_SKN_KCL10525741__S3__L001__WS	WS_SKN_KCL10525741_S3_L001	success	Rotavirus A	10	0.0	0.0	0.0
WS_SKN_KCL10525741__S3__L001__WS	WS_SKN_KCL10525741_S3_L001	success	Rotavirus B	11	0.0	0.0	0.0
WS_SKN_KCL10525741__S3__L001__WS	WS_SKN_KCL10525741_S3_L001	success	Rotavirus C	11	0.0	0.0	0.0
WS_SKN_KCL10525741__S3__L001__WS	WS_SKN_KCL10525741_S3_L001	success	Rubella virus	2	0.0	0.0	0.0
WS_SKN_KCL10525741__S3__L001__WS	WS_SKN_KCL10525741_S3_L001	success	Salivirus A	1	0.0	0.0	0.0
WS_SKN_KCL10525741__S3__L001__WS	WS_SKN_KCL10525741_S3_L001	success	Sapporo virus	2	0.0	0.0	0.0
WS_SKN_KCL10525741__S3__L001__WS	WS_SKN_KCL10525741_S3_L001	success	Semliki forest virus	3	0.0	0.0	0.0
WS_SKN_KCL10525741__S3__L001__WS	WS_SKN_KCL10525741_S3_L001	success	Seoul virus	3	0.0	0.0	0.0
WS_SKN_KCL10525741__S3__L001__WS	WS_SKN_KCL10525741_S3_L001	success	Sindbis virus	4	0.0	0.0	0.0
WS_SKN_KCL10525741__S3__L001__WS	WS_SKN_KCL10525741_S3_L001	success	St. louis encephalitis virus	1	0.0	0.0	0.0
WS_SKN_KCL10525741__S3__L001__WS	WS_SKN_KCL10525741_S3_L001	success	Tick-borne powassan virus	1	0.0	0.0	0.0
WS_SKN_KCL10525741__S3__L001__WS	WS_SKN_KCL10525741_S3_L001	success	Torque teno virus	3	0.0	0.0	0.0
WS_SKN_KCL10525741__S3__L001__WS	WS_SKN_KCL10525741_S3_L001	success	Toscana virus	4	0.0	0.0	0.0
WS_SKN_KCL10525741__S3__L001__WS	WS_SKN_KCL10525741_S3_L001	success	Vaccinia virus	223	0.0	0.0	0.0
WS_SKN_KCL10525741__S3__L001__WS	WS_SKN_KCL10525741_S3_L001	success	Varicella-zoster virus	73	0.0	0.0	0.0
WS_SKN_KCL10525741__S3__L001__WS	WS_SKN_KCL10525741_S3_L001	success	Variola virus	197	0.0	0.0	0.0
WS_SKN_KCL10525741__S3__L001__WS	WS_SKN_KCL10525741_S3_L001	success	Venezuelan equine encephalitis virus	4	0.0	0.0	0.0
WS_SKN_KCL10525741__S3__L001__WS	WS_SKN_KCL10525741_S3_L001	success	Vesicular stomatitis virus	5	0.0	0.0	0.0
WS_SKN_KCL10525741__S3__L001__WS	WS_SKN_KCL10525741_S3_L001	success	WU polyomavirus	5	0.0	0.0	0.0
WS_SKN_KCL10525741__S3__L001__WS	WS_SKN_KCL10525741_S3_L001	success	West Nile virus	1	0.0	0.0	0.0
WS_SKN_KCL10525741__S3__L001__WS	WS_SKN_KCL10525741_S3_L001	success	Western equine encephalitis virus	3	0.0	0.0	0.0
WS_SKN_KCL10525741__S3__L001__WS	WS_SKN_KCL10525741_S3_L001	success	Yaba-like disease virus	152	0.0	0.0	0.0
WS_SKN_KCL10525741__S3__L001__WS	WS_SKN_KCL10525741_S3_L001	success	Yellow fever virus	1	0.0	0.0	0.0
WS_SKN_KCL10525741__S3__L001__WS	WS_SKN_KCL10525741_S3_L001	success	Zika virus	1	0.0	0.0	0.0
WS_SKN_KCL10525741__S3__L002__WS	WS_SKN_KCL10525741_S3_L002	success	ADENO_AAV2gp01	1	0.0	0.0	0.0
WS_SKN_KCL10525741__S3__L002__WS	WS_SKN_KCL10525741_S3_L002	success	ADENO_AAV2gp02	1	0.0	0.0	0.0
WS_SKN_KCL10525741__S3__L002__WS	WS_SKN_KCL10525741_S3_L002	success	ADENO_AAV2gp03	1	0.0	0.0	0.0
WS_SKN_KCL10525741__S3__L002__WS	WS_SKN_KCL10525741_S3_L002	success	ADENO_AAV2gp04	1	0.0	0.0	0.0
WS_SKN_KCL10525741__S3__L002__WS	WS_SKN_KCL10525741_S3_L002	success	ADENO_AAV2gp05	1	0.0	0.0	0.0
WS_SKN_KCL10525741__S3__L002__WS	WS_SKN_KCL10525741_S3_L002	success	ADENO_AAV2gp06	1	0.0	0.0	0.0
WS_SKN_KCL10525741__S3__L002__WS	WS_SKN_KCL10525741_S3_L002	success	ADENO_AAV2gp07	1	0.0	0.0	0.0
WS_SKN_KCL10525741__S3__L002__WS	WS_SKN_KCL10525741_S3_L002	success	ADENO_AAV2gp08	1	0.0	0.0	0.0
WS_SKN_KCL10525741__S3__L002__WS	WS_SKN_KCL10525741_S3_L002	success	ADENO_AAV2gs01	1	0.0	0.0	0.0
WS_SKN_KCL10525741__S3__L002__WS	WS_SKN_KCL10525741_S3_L002	success	ADENO_AAV2gs02	1	0.0	0.0	0.0
WS_SKN_KCL10525741__S3__L002__WS	WS_SKN_KCL10525741_S3_L002	success	ADENO_AAV2gs03	1	0.0	0.0	0.0
WS_SKN_KCL10525741__S3__L002__WS	WS_SKN_KCL10525741_S3_L002	success	Aichi virus	1	0.0	0.0	0.0
WS_SKN_KCL10525741__S3__L002__WS	WS_SKN_KCL10525741_S3_L002	success	Australian Bat Lyssavirus	5	0.0	0.0	0.0
WS_SKN_KCL10525741__S3__L002__WS	WS_SKN_KCL10525741_S3_L002	success	BK polyomavirus	6	0.0	0.0	0.0
WS_SKN_KCL10525741__S3__L002__WS	WS_SKN_KCL10525741_S3_L002	success	Banna virus	11	0.0	0.0	0.0
WS_SKN_KCL10525741__S3__L002__WS	WS_SKN_KCL10525741_S3_L002	success	Barmah forest virus	4	0.0	0.0	0.0
WS_SKN_KCL10525741__S3__L002__WS	WS_SKN_KCL10525741_S3_L002	success	Bunyamwera virus	4	0.0	0.0	0.0
WS_SKN_KCL10525741__S3__L002__WS	WS_SKN_KCL10525741_S3_L002	success	Bunyavirus La Crosse	4	0.0	0.0	0.0
WS_SKN_KCL10525741__S3__L002__WS	WS_SKN_KCL10525741_S3_L002	success	Cercopithecine herpesvirus	75	0.0	1.7554517133956393	1.0
WS_SKN_KCL10525741__S3__L002__WS	WS_SKN_KCL10525741_S3_L002	success	Chikungunya virus	2	0.0	0.0	0.0
WS_SKN_KCL10525741__S3__L002__WS	WS_SKN_KCL10525741_S3_L002	success	Cosavirus A	1	0.0	0.0	0.0
WS_SKN_KCL10525741__S3__L002__WS	WS_SKN_KCL10525741_S3_L002	success	Cowpox virus	233	0.0	0.0	0.0
WS_SKN_KCL10525741__S3__L002__WS	WS_SKN_KCL10525741_S3_L002	success	Coxsackievirus	1	0.0	0.0	0.0
WS_SKN_KCL10525741__S3__L002__WS	WS_SKN_KCL10525741_S3_L002	success	Crimean Congo hemorrhagic fever virus	3	0.0	0.0	0.0
WS_SKN_KCL10525741__S3__L002__WS	WS_SKN_KCL10525741_S3_L002	success	DENV_DV1_gp1	1	0.0	0.0	0.0
WS_SKN_KCL10525741__S3__L002__WS	WS_SKN_KCL10525741_S3_L002	success	DENV_unassigned_gene_1	1	0.0	0.0	0.0
WS_SKN_KCL10525741__S3__L002__WS	WS_SKN_KCL10525741_S3_L002	success	DENV_unassigned_gene_2	1	0.0	0.0	0.0
WS_SKN_KCL10525741__S3__L002__WS	WS_SKN_KCL10525741_S3_L002	success	DENV_unassigned_gene_3	1	0.0	0.0	0.0
WS_SKN_KCL10525741__S3__L002__WS	WS_SKN_KCL10525741_S3_L002	success	DENV_unassigned_gene_4	1	0.0	0.0	0.0
WS_SKN_KCL10525741__S3__L002__WS	WS_SKN_KCL10525741_S3_L002	success	Eastern_equine_encephalitis_virus	4	0.0	0.0	0.0
WS_SKN_KCL10525741__S3__L002__WS	WS_SKN_KCL10525741_S3_L002	success	Ebolavirus	7	0.0	0.0	0.0
WS_SKN_KCL10525741__S3__L002__WS	WS_SKN_KCL10525741_S3_L002	success	Echovirus	1	0.0	0.0	0.0
WS_SKN_KCL10525741__S3__L002__WS	WS_SKN_KCL10525741_S3_L002	success	Encephalomyocarditis virus	2	0.0	0.0	0.0
WS_SKN_KCL10525741__S3__L002__WS	WS_SKN_KCL10525741_S3_L002	success	Epstein-Barr virus	96	0.0	0.0	0.0
WS_SKN_KCL10525741__S3__L002__WS	WS_SKN_KCL10525741_S3_L002	success	European bat lyssavirus	5	0.0	0.0	0.0
WS_SKN_KCL10525741__S3__L002__WS	WS_SKN_KCL10525741_S3_L002	success	Human SARS coronavirus	13	0.0	0.0	0.0
WS_SKN_KCL10525741__S3__L002__WS	WS_SKN_KCL10525741_S3_L002	success	Human adenovirus	18	0.0	0.0	0.0
WS_SKN_KCL10525741__S3__L002__WS	WS_SKN_KCL10525741_S3_L002	success	Human astrovirus	2	0.0	0.0	0.0
WS_SKN_KCL10525741__S3__L002__WS	WS_SKN_KCL10525741_S3_L002	success	Human coronavirus	7	0.0	0.0	0.0
WS_SKN_KCL10525741__S3__L002__WS	WS_SKN_KCL10525741_S3_L002	success	Human cytomegalovirus	187	0.0	0.0	0.0
WS_SKN_KCL10525741__S3__L002__WS	WS_SKN_KCL10525741_S3_L002	success	Human enterovirus 68, 70	1	0.0	0.0	0.0
WS_SKN_KCL10525741__S3__L002__WS	WS_SKN_KCL10525741_S3_L002	success	Human herpesvirus 1	79	0.0	0.0	0.0
WS_SKN_KCL10525741__S3__L002__WS	WS_SKN_KCL10525741_S3_L002	success	Human herpesvirus 2	79	0.0	0.0	0.0
WS_SKN_KCL10525741__S3__L002__WS	WS_SKN_KCL10525741_S3_L002	success	Human herpesvirus 6	88	0.0	0.0	0.0
WS_SKN_KCL10525741__S3__L002__WS	WS_SKN_KCL10525741_S3_L002	success	Human herpesvirus 6b	97	0.0	0.0	0.0
WS_SKN_KCL10525741__S3__L002__WS	WS_SKN_KCL10525741_S3_L002	success	Human herpesvirus 7	86	0.0	0.0	0.0
WS_SKN_KCL10525741__S3__L002__WS	WS_SKN_KCL10525741_S3_L002	success	Human herpesvirus 8	98	0.0	0.0	0.0
WS_SKN_KCL10525741__S3__L002__WS	WS_SKN_KCL10525741_S3_L002	success	Human papillomavirus 1	7	0.0	0.0	0.0
WS_SKN_KCL10525741__S3__L002__WS	WS_SKN_KCL10525741_S3_L002	success	Human papillomavirus 16,18	8	0.0	0.0	0.0
WS_SKN_KCL10525741__S3__L002__WS	WS_SKN_KCL10525741_S3_L002	success	Human papillomavirus 2	7	0.0	0.0	0.0
WS_SKN_KCL10525741__S3__L002__WS	WS_SKN_KCL10525741_S3_L002	success	Human parainfluenza	10	0.0	0.0	0.0
WS_SKN_KCL10525741__S3__L002__WS	WS_SKN_KCL10525741_S3_L002	success	Human parvovirus B19	6	0.0	0.0	0.0
WS_SKN_KCL10525741__S3__L002__WS	WS_SKN_KCL10525741_S3_L002	success	Human respiratory syncytial virus	10	0.0	0.0	0.0
WS_SKN_KCL10525741__S3__L002__WS	WS_SKN_KCL10525741_S3_L002	success	Human rhinovirus	1	0.0	0.0	0.0
WS_SKN_KCL10525741__S3__L002__WS	WS_SKN_KCL10525741_S3_L002	success	Influenza A virus	12	0.0	0.0	0.0
WS_SKN_KCL10525741__S3__L002__WS	WS_SKN_KCL10525741_S3_L002	success	Influenza B virus	10	0.0	0.0	0.0
WS_SKN_KCL10525741__S3__L002__WS	WS_SKN_KCL10525741_S3_L002	success	Influenza C virus	7	0.0	0.0	0.0
WS_SKN_KCL10525741__S3__L002__WS	WS_SKN_KCL10525741_S3_L002	success	JC polyomavirus	6	0.0	0.0	0.0
WS_SKN_KCL10525741__S3__L002__WS	WS_SKN_KCL10525741_S3_L002	success	Japanese encephalitis virus	2	0.0	0.0	0.0
WS_SKN_KCL10525741__S3__L002__WS	WS_SKN_KCL10525741_S3_L002	success	KI Polyomavirus	5	0.0	0.0	0.0
WS_SKN_KCL10525741__S3__L002__WS	WS_SKN_KCL10525741_S3_L002	success	Lake Victoria marburgvirus	7	0.0	0.0	0.0
WS_SKN_KCL10525741__S3__L002__WS	WS_SKN_KCL10525741_S3_L002	success	Langat virus	1	0.0	0.0	0.0
WS_SKN_KCL10525741__S3__L002__WS	WS_SKN_KCL10525741_S3_L002	success	Lassa virus	4	0.0	0.0	0.0
WS_SKN_KCL10525741__S3__L002__WS	WS_SKN_KCL10525741_S3_L002	success	Louping ill virus	1	0.0	0.0	0.0
WS_SKN_KCL10525741__S3__L002__WS	WS_SKN_KCL10525741_S3_L002	success	Lymphocytic choriomeningitis virus	4	0.0	0.0	0.0
WS_SKN_KCL10525741__S3__L002__WS	WS_SKN_KCL10525741_S3_L002	success	MERS coronavirus	10	0.0	0.0	0.0
WS_SKN_KCL10525741__S3__L002__WS	WS_SKN_KCL10525741_S3_L002	success	Mayaro virus	4	0.0	0.0	0.0
WS_SKN_KCL10525741__S3__L002__WS	WS_SKN_KCL10525741_S3_L002	success	Measles virus	6	0.0	0.0	0.0
WS_SKN_KCL10525741__S3__L002__WS	WS_SKN_KCL10525741_S3_L002	success	Merkel cell polyomavirus	4	0.0	0.0	0.0
WS_SKN_KCL10525741__S3__L002__WS	WS_SKN_KCL10525741_S3_L002	success	Molluscum contagiosum virus	163	0.0	0.0	0.0
WS_SKN_KCL10525741__S3__L002__WS	WS_SKN_KCL10525741_S3_L002	success	Monkeypox virus	180	0.0	0.0	0.0
WS_SKN_KCL10525741__S3__L002__WS	WS_SKN_KCL10525741_S3_L002	success	Mumps virus	7	0.0	0.0	0.0
WS_SKN_KCL10525741__S3__L002__WS	WS_SKN_KCL10525741_S3_L002	success	Murray valley encephalitis virus	2	0.0	0.0	0.0
WS_SKN_KCL10525741__S3__L002__WS	WS_SKN_KCL10525741_S3_L002	success	Nipah virus	6	0.0	0.0	0.0
WS_SKN_KCL10525741__S3__L002__WS	WS_SKN_KCL10525741_S3_L002	success	Norwalk virus	3	0.0	0.0	0.0
WS_SKN_KCL10525741__S3__L002__WS	WS_SKN_KCL10525741_S3_L002	success	O'nyong-nyong virus	4	0.0	0.0	0.0
WS_SKN_KCL10525741__S3__L002__WS	WS_SKN_KCL10525741_S3_L002	success	Orf virus	130	0.0	0.0	0.0
WS_SKN_KCL10525741__S3__L002__WS	WS_SKN_KCL10525741_S3_L002	success	Oropouche virus	4	0.0	0.0	0.0
WS_SKN_KCL10525741__S3__L002__WS	WS_SKN_KCL10525741_S3_L002	success	Poliovirus	5	0.0	0.0	0.0
WS_SKN_KCL10525741__S3__L002__WS	WS_SKN_KCL10525741_S3_L002	success	Rabies virus	5	0.0	0.0	0.0
WS_SKN_KCL10525741__S3__L002__WS	WS_SKN_KCL10525741_S3_L002	success	Rosavirus A	1	0.0	0.0	0.0
WS_SKN_KCL10525741__S3__L002__WS	WS_SKN_KCL10525741_S3_L002	success	Ross river virus	4	0.0	0.0	0.0
WS_SKN_KCL10525741__S3__L002__WS	WS_SKN_KCL10525741_S3_L002	success	Rotavirus A	10	0.0	0.0	0.0
WS_SKN_KCL10525741__S3__L002__WS	WS_SKN_KCL10525741_S3_L002	success	Rotavirus B	11	0.0	0.0	0.0
WS_SKN_KCL10525741__S3__L002__WS	WS_SKN_KCL10525741_S3_L002	success	Rotavirus C	11	0.0	0.0	0.0
WS_SKN_KCL10525741__S3__L002__WS	WS_SKN_KCL10525741_S3_L002	success	Rubella virus	2	0.0	0.0	0.0
WS_SKN_KCL10525741__S3__L002__WS	WS_SKN_KCL10525741_S3_L002	success	Salivirus A	1	0.0	0.0	0.0
WS_SKN_KCL10525741__S3__L002__WS	WS_SKN_KCL10525741_S3_L002	success	Sapporo virus	2	0.0	0.0	0.0
WS_SKN_KCL10525741__S3__L002__WS	WS_SKN_KCL10525741_S3_L002	success	Semliki forest virus	3	0.0	0.0	0.0
WS_SKN_KCL10525741__S3__L002__WS	WS_SKN_KCL10525741_S3_L002	success	Seoul virus	3	0.0	0.0	0.0
WS_SKN_KCL10525741__S3__L002__WS	WS_SKN_KCL10525741_S3_L002	success	Sindbis virus	4	0.0	0.0	0.0
WS_SKN_KCL10525741__S3__L002__WS	WS_SKN_KCL10525741_S3_L002	success	St. louis encephalitis virus	1	0.0	0.0	0.0
WS_SKN_KCL10525741__S3__L002__WS	WS_SKN_KCL10525741_S3_L002	success	Tick-borne powassan virus	1	0.0	0.0	0.0
WS_SKN_KCL10525741__S3__L002__WS	WS_SKN_KCL10525741_S3_L002	success	Torque teno virus	3	0.0	0.0	0.0
WS_SKN_KCL10525741__S3__L002__WS	WS_SKN_KCL10525741_S3_L002	success	Toscana virus	4	0.0	0.0	0.0
WS_SKN_KCL10525741__S3__L002__WS	WS_SKN_KCL10525741_S3_L002	success	Vaccinia virus	223	0.0	0.0	0.0
WS_SKN_KCL10525741__S3__L002__WS	WS_SKN_KCL10525741_S3_L002	success	Varicella-zoster virus	73	0.0	0.0	0.0
WS_SKN_KCL10525741__S3__L002__WS	WS_SKN_KCL10525741_S3_L002	success	Variola virus	197	0.0	0.0	0.0
WS_SKN_KCL10525741__S3__L002__WS	WS_SKN_KCL10525741_S3_L002	success	Venezuelan equine encephalitis virus	4	0.0	0.0	0.0
WS_SKN_KCL10525741__S3__L002__WS	WS_SKN_KCL10525741_S3_L002	success	Vesicular stomatitis virus	5	0.0	0.0	0.0
WS_SKN_KCL10525741__S3__L002__WS	WS_SKN_KCL10525741_S3_L002	success	WU polyomavirus	5	0.0	0.0	0.0
WS_SKN_KCL10525741__S3__L002__WS	WS_SKN_KCL10525741_S3_L002	success	West Nile virus	1	0.0	0.0	0.0
WS_SKN_KCL10525741__S3__L002__WS	WS_SKN_KCL10525741_S3_L002	success	Western equine encephalitis virus	3	0.0	0.0	0.0
WS_SKN_KCL10525741__S3__L002__WS	WS_SKN_KCL10525741_S3_L002	success	Yaba-like disease virus	152	0.0	0.0	0.0
WS_SKN_KCL10525741__S3__L002__WS	WS_SKN_KCL10525741_S3_L002	success	Yellow fever virus	1	0.0	0.0	0.0
WS_SKN_KCL10525741__S3__L002__WS	WS_SKN_KCL10525741_S3_L002	success	Zika virus	1	0.0	0.0	0.0
WS_SKN_KCL10525741__S4__L001__WS	WS_SKN_KCL10525741_S4_L001	success	ADENO_AAV2gp01	1	0.0	0.0	0.0
WS_SKN_KCL10525741__S4__L001__WS	WS_SKN_KCL10525741_S4_L001	success	ADENO_AAV2gp02	1	0.0	0.0	0.0
WS_SKN_KCL10525741__S4__L001__WS	WS_SKN_KCL10525741_S4_L001	success	ADENO_AAV2gp03	1	0.0	0.0	0.0
WS_SKN_KCL10525741__S4__L001__WS	WS_SKN_KCL10525741_S4_L001	success	ADENO_AAV2gp04	1	0.0	0.0	0.0
WS_SKN_KCL10525741__S4__L001__WS	WS_SKN_KCL10525741_S4_L001	success	ADENO_AAV2gp05	1	0.0	0.0	0.0
WS_SKN_KCL10525741__S4__L001__WS	WS_SKN_KCL10525741_S4_L001	success	ADENO_AAV2gp06	1	0.0	0.0	0.0
WS_SKN_KCL10525741__S4__L001__WS	WS_SKN_KCL10525741_S4_L001	success	ADENO_AAV2gp07	1	0.0	0.0	0.0
WS_SKN_KCL10525741__S4__L001__WS	WS_SKN_KCL10525741_S4_L001	success	ADENO_AAV2gp08	1	0.0	0.0	0.0
WS_SKN_KCL10525741__S4__L001__WS	WS_SKN_KCL10525741_S4_L001	success	ADENO_AAV2gs01	1	0.0	0.0	0.0
WS_SKN_KCL10525741__S4__L001__WS	WS_SKN_KCL10525741_S4_L001	success	ADENO_AAV2gs02	1	0.0	0.0	0.0
WS_SKN_KCL10525741__S4__L001__WS	WS_SKN_KCL10525741_S4_L001	success	ADENO_AAV2gs03	1	0.0	0.0	0.0
WS_SKN_KCL10525741__S4__L001__WS	WS_SKN_KCL10525741_S4_L001	success	Aichi virus	1	0.0	0.0	0.0
WS_SKN_KCL10525741__S4__L001__WS	WS_SKN_KCL10525741_S4_L001	success	Australian Bat Lyssavirus	5	0.0	0.0	0.0
WS_SKN_KCL10525741__S4__L001__WS	WS_SKN_KCL10525741_S4_L001	success	BK polyomavirus	6	0.0	0.0	0.0
WS_SKN_KCL10525741__S4__L001__WS	WS_SKN_KCL10525741_S4_L001	success	Banna virus	11	0.0	0.0	0.0
WS_SKN_KCL10525741__S4__L001__WS	WS_SKN_KCL10525741_S4_L001	success	Barmah forest virus	4	0.0	0.0	0.0
WS_SKN_KCL10525741__S4__L001__WS	WS_SKN_KCL10525741_S4_L001	success	Bunyamwera virus	4	0.0	0.0	0.0
WS_SKN_KCL10525741__S4__L001__WS	WS_SKN_KCL10525741_S4_L001	success	Bunyavirus La Crosse	4	0.0	0.0	0.0
WS_SKN_KCL10525741__S4__L001__WS	WS_SKN_KCL10525741_S4_L001	success	Cercopithecine herpesvirus	75	0.0	1.1028037383177571	1.0
WS_SKN_KCL10525741__S4__L001__WS	WS_SKN_KCL10525741_S4_L001	success	Chikungunya virus	2	0.0	0.0	0.0
WS_SKN_KCL10525741__S4__L001__WS	WS_SKN_KCL10525741_S4_L001	success	Cosavirus A	1	0.0	0.0	0.0
WS_SKN_KCL10525741__S4__L001__WS	WS_SKN_KCL10525741_S4_L001	success	Cowpox virus	233	0.0	0.0	0.0
WS_SKN_KCL10525741__S4__L001__WS	WS_SKN_KCL10525741_S4_L001	success	Coxsackievirus	1	0.0	0.0	0.0
WS_SKN_KCL10525741__S4__L001__WS	WS_SKN_KCL10525741_S4_L001	success	Crimean Congo hemorrhagic fever virus	3	0.0	0.0	0.0
WS_SKN_KCL10525741__S4__L001__WS	WS_SKN_KCL10525741_S4_L001	success	DENV_DV1_gp1	1	0.0	0.0	0.0
WS_SKN_KCL10525741__S4__L001__WS	WS_SKN_KCL10525741_S4_L001	success	DENV_unassigned_gene_1	1	0.0	0.0	0.0
WS_SKN_KCL10525741__S4__L001__WS	WS_SKN_KCL10525741_S4_L001	success	DENV_unassigned_gene_2	1	0.0	0.0	0.0
WS_SKN_KCL10525741__S4__L001__WS	WS_SKN_KCL10525741_S4_L001	success	DENV_unassigned_gene_3	1	0.0	0.0	0.0
WS_SKN_KCL10525741__S4__L001__WS	WS_SKN_KCL10525741_S4_L001	success	DENV_unassigned_gene_4	1	0.0	0.0	0.0
WS_SKN_KCL10525741__S4__L001__WS	WS_SKN_KCL10525741_S4_L001	success	Eastern_equine_encephalitis_virus	4	0.0	0.0	0.0
WS_SKN_KCL10525741__S4__L001__WS	WS_SKN_KCL10525741_S4_L001	success	Ebolavirus	7	0.0	0.0	0.0
WS_SKN_KCL10525741__S4__L001__WS	WS_SKN_KCL10525741_S4_L001	success	Echovirus	1	0.0	0.0	0.0
WS_SKN_KCL10525741__S4__L001__WS	WS_SKN_KCL10525741_S4_L001	success	Encephalomyocarditis virus	2	0.0	0.0	0.0
WS_SKN_KCL10525741__S4__L001__WS	WS_SKN_KCL10525741_S4_L001	success	Epstein-Barr virus	96	0.0	0.0	0.0
WS_SKN_KCL10525741__S4__L001__WS	WS_SKN_KCL10525741_S4_L001	success	European bat lyssavirus	5	0.0	0.0	0.0
WS_SKN_KCL10525741__S4__L001__WS	WS_SKN_KCL10525741_S4_L001	success	Human SARS coronavirus	13	0.0	0.0	0.0
WS_SKN_KCL10525741__S4__L001__WS	WS_SKN_KCL10525741_S4_L001	success	Human adenovirus	18	0.0	0.0	0.0
WS_SKN_KCL10525741__S4__L001__WS	WS_SKN_KCL10525741_S4_L001	success	Human astrovirus	2	0.0	0.0	0.0
WS_SKN_KCL10525741__S4__L001__WS	WS_SKN_KCL10525741_S4_L001	success	Human coronavirus	7	0.0	0.0	0.0
WS_SKN_KCL10525741__S4__L001__WS	WS_SKN_KCL10525741_S4_L001	success	Human cytomegalovirus	187	0.0	0.0	0.0
WS_SKN_KCL10525741__S4__L001__WS	WS_SKN_KCL10525741_S4_L001	success	Human enterovirus 68, 70	1	0.0	0.0	0.0
WS_SKN_KCL10525741__S4__L001__WS	WS_SKN_KCL10525741_S4_L001	success	Human herpesvirus 1	79	0.0	0.0	0.0
WS_SKN_KCL10525741__S4__L001__WS	WS_SKN_KCL10525741_S4_L001	success	Human herpesvirus 2	79	0.0	0.0	0.0
WS_SKN_KCL10525741__S4__L001__WS	WS_SKN_KCL10525741_S4_L001	success	Human herpesvirus 6	88	0.0	0.0	0.0
WS_SKN_KCL10525741__S4__L001__WS	WS_SKN_KCL10525741_S4_L001	success	Human herpesvirus 6b	97	0.0	0.0	0.0
WS_SKN_KCL10525741__S4__L001__WS	WS_SKN_KCL10525741_S4_L001	success	Human herpesvirus 7	86	0.0	0.0	0.0
WS_SKN_KCL10525741__S4__L001__WS	WS_SKN_KCL10525741_S4_L001	success	Human herpesvirus 8	98	0.0	0.0	0.0
WS_SKN_KCL10525741__S4__L001__WS	WS_SKN_KCL10525741_S4_L001	success	Human papillomavirus 1	7	0.0	0.0	0.0
WS_SKN_KCL10525741__S4__L001__WS	WS_SKN_KCL10525741_S4_L001	success	Human papillomavirus 16,18	8	0.0	0.0	0.0
WS_SKN_KCL10525741__S4__L001__WS	WS_SKN_KCL10525741_S4_L001	success	Human papillomavirus 2	7	0.0	0.0	0.0
WS_SKN_KCL10525741__S4__L001__WS	WS_SKN_KCL10525741_S4_L001	success	Human parainfluenza	10	0.0	0.0	0.0
WS_SKN_KCL10525741__S4__L001__WS	WS_SKN_KCL10525741_S4_L001	success	Human parvovirus B19	6	0.0	0.0	0.0
WS_SKN_KCL10525741__S4__L001__WS	WS_SKN_KCL10525741_S4_L001	success	Human respiratory syncytial virus	10	0.0	0.0	0.0
WS_SKN_KCL10525741__S4__L001__WS	WS_SKN_KCL10525741_S4_L001	success	Human rhinovirus	1	0.0	0.0	0.0
WS_SKN_KCL10525741__S4__L001__WS	WS_SKN_KCL10525741_S4_L001	success	Influenza A virus	12	0.0	0.0	0.0
WS_SKN_KCL10525741__S4__L001__WS	WS_SKN_KCL10525741_S4_L001	success	Influenza B virus	10	0.0	0.0	0.0
WS_SKN_KCL10525741__S4__L001__WS	WS_SKN_KCL10525741_S4_L001	success	Influenza C virus	7	0.0	0.0	0.0
WS_SKN_KCL10525741__S4__L001__WS	WS_SKN_KCL10525741_S4_L001	success	JC polyomavirus	6	0.0	0.0	0.0
WS_SKN_KCL10525741__S4__L001__WS	WS_SKN_KCL10525741_S4_L001	success	Japanese encephalitis virus	2	0.0	0.0	0.0
WS_SKN_KCL10525741__S4__L001__WS	WS_SKN_KCL10525741_S4_L001	success	KI Polyomavirus	5	0.0	0.0	0.0
WS_SKN_KCL10525741__S4__L001__WS	WS_SKN_KCL10525741_S4_L001	success	Lake Victoria marburgvirus	7	0.0	0.0	0.0
WS_SKN_KCL10525741__S4__L001__WS	WS_SKN_KCL10525741_S4_L001	success	Langat virus	1	0.0	0.0	0.0
WS_SKN_KCL10525741__S4__L001__WS	WS_SKN_KCL10525741_S4_L001	success	Lassa virus	4	0.0	0.0	0.0
WS_SKN_KCL10525741__S4__L001__WS	WS_SKN_KCL10525741_S4_L001	success	Louping ill virus	1	0.0	0.0	0.0
WS_SKN_KCL10525741__S4__L001__WS	WS_SKN_KCL10525741_S4_L001	success	Lymphocytic choriomeningitis virus	4	0.0	0.0	0.0
WS_SKN_KCL10525741__S4__L001__WS	WS_SKN_KCL10525741_S4_L001	success	MERS coronavirus	10	0.0	0.0	0.0
WS_SKN_KCL10525741__S4__L001__WS	WS_SKN_KCL10525741_S4_L001	success	Mayaro virus	4	0.0	0.0	0.0
WS_SKN_KCL10525741__S4__L001__WS	WS_SKN_KCL10525741_S4_L001	success	Measles virus	6	0.0	0.0	0.0
WS_SKN_KCL10525741__S4__L001__WS	WS_SKN_KCL10525741_S4_L001	success	Merkel cell polyomavirus	4	0.0	0.0	0.0
WS_SKN_KCL10525741__S4__L001__WS	WS_SKN_KCL10525741_S4_L001	success	Molluscum contagiosum virus	163	2.0	2.0	2.0
WS_SKN_KCL10525741__S4__L001__WS	WS_SKN_KCL10525741_S4_L001	success	Monkeypox virus	180	0.0	0.0	0.0
WS_SKN_KCL10525741__S4__L001__WS	WS_SKN_KCL10525741_S4_L001	success	Mumps virus	7	0.0	0.0	0.0
WS_SKN_KCL10525741__S4__L001__WS	WS_SKN_KCL10525741_S4_L001	success	Murray valley encephalitis virus	2	0.0	0.0	0.0
WS_SKN_KCL10525741__S4__L001__WS	WS_SKN_KCL10525741_S4_L001	success	Nipah virus	6	0.0	0.0	0.0
WS_SKN_KCL10525741__S4__L001__WS	WS_SKN_KCL10525741_S4_L001	success	Norwalk virus	3	0.0	0.0	0.0
WS_SKN_KCL10525741__S4__L001__WS	WS_SKN_KCL10525741_S4_L001	success	O'nyong-nyong virus	4	0.0	0.0	0.0
WS_SKN_KCL10525741__S4__L001__WS	WS_SKN_KCL10525741_S4_L001	success	Orf virus	130	0.0	0.0	0.0
WS_SKN_KCL10525741__S4__L001__WS	WS_SKN_KCL10525741_S4_L001	success	Oropouche virus	4	0.0	0.0	0.0
WS_SKN_KCL10525741__S4__L001__WS	WS_SKN_KCL10525741_S4_L001	success	Poliovirus	5	0.0	0.0	0.0
WS_SKN_KCL10525741__S4__L001__WS	WS_SKN_KCL10525741_S4_L001	success	Rabies virus	5	0.0	0.0	0.0
WS_SKN_KCL10525741__S4__L001__WS	WS_SKN_KCL10525741_S4_L001	success	Rosavirus A	1	0.0	0.0	0.0
WS_SKN_KCL10525741__S4__L001__WS	WS_SKN_KCL10525741_S4_L001	success	Ross river virus	4	0.0	0.0	0.0
WS_SKN_KCL10525741__S4__L001__WS	WS_SKN_KCL10525741_S4_L001	success	Rotavirus A	10	0.0	0.0	0.0
WS_SKN_KCL10525741__S4__L001__WS	WS_SKN_KCL10525741_S4_L001	success	Rotavirus B	11	0.0	0.0	0.0
WS_SKN_KCL10525741__S4__L001__WS	WS_SKN_KCL10525741_S4_L001	success	Rotavirus C	11	0.0	0.0	0.0
WS_SKN_KCL10525741__S4__L001__WS	WS_SKN_KCL10525741_S4_L001	success	Rubella virus	2	0.0	0.0	0.0
WS_SKN_KCL10525741__S4__L001__WS	WS_SKN_KCL10525741_S4_L001	success	Salivirus A	1	0.0	0.0	0.0
WS_SKN_KCL10525741__S4__L001__WS	WS_SKN_KCL10525741_S4_L001	success	Sapporo virus	2	0.0	0.0	0.0
WS_SKN_KCL10525741__S4__L001__WS	WS_SKN_KCL10525741_S4_L001	success	Semliki forest virus	3	0.0	0.0	0.0
WS_SKN_KCL10525741__S4__L001__WS	WS_SKN_KCL10525741_S4_L001	success	Seoul virus	3	0.0	0.0	0.0
WS_SKN_KCL10525741__S4__L001__WS	WS_SKN_KCL10525741_S4_L001	success	Sindbis virus	4	0.0	0.0	0.0
WS_SKN_KCL10525741__S4__L001__WS	WS_SKN_KCL10525741_S4_L001	success	St. louis encephalitis virus	1	0.0	0.0	0.0
WS_SKN_KCL10525741__S4__L001__WS	WS_SKN_KCL10525741_S4_L001	success	Tick-borne powassan virus	1	0.0	0.0	0.0
WS_SKN_KCL10525741__S4__L001__WS	WS_SKN_KCL10525741_S4_L001	success	Torque teno virus	3	0.0	0.0	0.0
WS_SKN_KCL10525741__S4__L001__WS	WS_SKN_KCL10525741_S4_L001	success	Toscana virus	4	0.0	0.0	0.0
WS_SKN_KCL10525741__S4__L001__WS	WS_SKN_KCL10525741_S4_L001	success	Vaccinia virus	223	0.0	0.0	0.0
WS_SKN_KCL10525741__S4__L001__WS	WS_SKN_KCL10525741_S4_L001	success	Varicella-zoster virus	73	0.0	0.0	0.0
WS_SKN_KCL10525741__S4__L001__WS	WS_SKN_KCL10525741_S4_L001	success	Variola virus	197	0.0	0.0	0.0
WS_SKN_KCL10525741__S4__L001__WS	WS_SKN_KCL10525741_S4_L001	success	Venezuelan equine encephalitis virus	4	0.0	0.0	0.0
WS_SKN_KCL10525741__S4__L001__WS	WS_SKN_KCL10525741_S4_L001	success	Vesicular stomatitis virus	5	0.0	0.0	0.0
WS_SKN_KCL10525741__S4__L001__WS	WS_SKN_KCL10525741_S4_L001	success	WU polyomavirus	5	0.0	0.0	0.0
WS_SKN_KCL10525741__S4__L001__WS	WS_SKN_KCL10525741_S4_L001	success	West Nile virus	1	0.0	0.0	0.0
WS_SKN_KCL10525741__S4__L001__WS	WS_SKN_KCL10525741_S4_L001	success	Western equine encephalitis virus	3	0.0	0.0	0.0
WS_SKN_KCL10525741__S4__L001__WS	WS_SKN_KCL10525741_S4_L001	success	Yaba-like disease virus	152	0.0	0.0	0.0
WS_SKN_KCL10525741__S4__L001__WS	WS_SKN_KCL10525741_S4_L001	success	Yellow fever virus	1	0.0	0.0	0.0
WS_SKN_KCL10525741__S4__L001__WS	WS_SKN_KCL10525741_S4_L001	success	Zika virus	1	0.0	0.0	0.0
WS_SKN_KCL10525741__S4__L002__WS	WS_SKN_KCL10525741_S4_L002	success	ADENO_AAV2gp01	1	0.0	0.0	0.0
WS_SKN_KCL10525741__S4__L002__WS	WS_SKN_KCL10525741_S4_L002	success	ADENO_AAV2gp02	1	0.0	0.0	0.0
WS_SKN_KCL10525741__S4__L002__WS	WS_SKN_KCL10525741_S4_L002	success	ADENO_AAV2gp03	1	0.0	0.0	0.0
WS_SKN_KCL10525741__S4__L002__WS	WS_SKN_KCL10525741_S4_L002	success	ADENO_AAV2gp04	1	0.0	0.0	0.0
WS_SKN_KCL10525741__S4__L002__WS	WS_SKN_KCL10525741_S4_L002	success	ADENO_AAV2gp05	1	0.0	0.0	0.0
WS_SKN_KCL10525741__S4__L002__WS	WS_SKN_KCL10525741_S4_L002	success	ADENO_AAV2gp06	1	0.0	0.0	0.0
WS_SKN_KCL10525741__S4__L002__WS	WS_SKN_KCL10525741_S4_L002	success	ADENO_AAV2gp07	1	0.0	0.0	0.0
WS_SKN_KCL10525741__S4__L002__WS	WS_SKN_KCL10525741_S4_L002	success	ADENO_AAV2gp08	1	0.0	0.0	0.0
WS_SKN_KCL10525741__S4__L002__WS	WS_SKN_KCL10525741_S4_L002	success	ADENO_AAV2gs01	1	0.0	0.0	0.0
WS_SKN_KCL10525741__S4__L002__WS	WS_SKN_KCL10525741_S4_L002	success	ADENO_AAV2gs02	1	0.0	0.0	0.0
WS_SKN_KCL10525741__S4__L002__WS	WS_SKN_KCL10525741_S4_L002	success	ADENO_AAV2gs03	1	0.0	0.0	0.0
WS_SKN_KCL10525741__S4__L002__WS	WS_SKN_KCL10525741_S4_L002	success	Aichi virus	1	0.0	0.0	0.0
WS_SKN_KCL10525741__S4__L002__WS	WS_SKN_KCL10525741_S4_L002	success	Australian Bat Lyssavirus	5	0.0	0.0	0.0
WS_SKN_KCL10525741__S4__L002__WS	WS_SKN_KCL10525741_S4_L002	success	BK polyomavirus	6	0.0	0.0	0.0
WS_SKN_KCL10525741__S4__L002__WS	WS_SKN_KCL10525741_S4_L002	success	Banna virus	11	0.0	0.0	0.0
WS_SKN_KCL10525741__S4__L002__WS	WS_SKN_KCL10525741_S4_L002	success	Barmah forest virus	4	0.0	0.0	0.0
WS_SKN_KCL10525741__S4__L002__WS	WS_SKN_KCL10525741_S4_L002	success	Bunyamwera virus	4	0.0	0.0	0.0
WS_SKN_KCL10525741__S4__L002__WS	WS_SKN_KCL10525741_S4_L002	success	Bunyavirus La Crosse	4	0.0	0.0	0.0
WS_SKN_KCL10525741__S4__L002__WS	WS_SKN_KCL10525741_S4_L002	success	Cercopithecine herpesvirus	75	0.0	1.084112149532711	1.0
WS_SKN_KCL10525741__S4__L002__WS	WS_SKN_KCL10525741_S4_L002	success	Chikungunya virus	2	0.0	0.0	0.0
WS_SKN_KCL10525741__S4__L002__WS	WS_SKN_KCL10525741_S4_L002	success	Cosavirus A	1	0.0	0.0	0.0
WS_SKN_KCL10525741__S4__L002__WS	WS_SKN_KCL10525741_S4_L002	success	Cowpox virus	233	0.0	0.0	0.0
WS_SKN_KCL10525741__S4__L002__WS	WS_SKN_KCL10525741_S4_L002	success	Coxsackievirus	1	0.0	0.0	0.0
WS_SKN_KCL10525741__S4__L002__WS	WS_SKN_KCL10525741_S4_L002	success	Crimean Congo hemorrhagic fever virus	3	0.0	0.0	0.0
WS_SKN_KCL10525741__S4__L002__WS	WS_SKN_KCL10525741_S4_L002	success	DENV_DV1_gp1	1	0.0	0.0	0.0
WS_SKN_KCL10525741__S4__L002__WS	WS_SKN_KCL10525741_S4_L002	success	DENV_unassigned_gene_1	1	0.0	0.0	0.0
WS_SKN_KCL10525741__S4__L002__WS	WS_SKN_KCL10525741_S4_L002	success	DENV_unassigned_gene_2	1	0.0	0.0	0.0
WS_SKN_KCL10525741__S4__L002__WS	WS_SKN_KCL10525741_S4_L002	success	DENV_unassigned_gene_3	1	0.0	0.0	0.0
WS_SKN_KCL10525741__S4__L002__WS	WS_SKN_KCL10525741_S4_L002	success	DENV_unassigned_gene_4	1	0.0	0.0	0.0
WS_SKN_KCL10525741__S4__L002__WS	WS_SKN_KCL10525741_S4_L002	success	Eastern_equine_encephalitis_virus	4	0.0	0.0	0.0
WS_SKN_KCL10525741__S4__L002__WS	WS_SKN_KCL10525741_S4_L002	success	Ebolavirus	7	0.0	0.0	0.0
WS_SKN_KCL10525741__S4__L002__WS	WS_SKN_KCL10525741_S4_L002	success	Echovirus	1	0.0	0.0	0.0
WS_SKN_KCL10525741__S4__L002__WS	WS_SKN_KCL10525741_S4_L002	success	Encephalomyocarditis virus	2	0.0	0.0	0.0
WS_SKN_KCL10525741__S4__L002__WS	WS_SKN_KCL10525741_S4_L002	success	Epstein-Barr virus	96	0.0	0.0	0.0
WS_SKN_KCL10525741__S4__L002__WS	WS_SKN_KCL10525741_S4_L002	success	European bat lyssavirus	5	0.0	0.0	0.0
WS_SKN_KCL10525741__S4__L002__WS	WS_SKN_KCL10525741_S4_L002	success	Human SARS coronavirus	13	0.0	0.0	0.0
WS_SKN_KCL10525741__S4__L002__WS	WS_SKN_KCL10525741_S4_L002	success	Human adenovirus	18	0.0	0.0	0.0
WS_SKN_KCL10525741__S4__L002__WS	WS_SKN_KCL10525741_S4_L002	success	Human astrovirus	2	0.0	0.0	0.0
WS_SKN_KCL10525741__S4__L002__WS	WS_SKN_KCL10525741_S4_L002	success	Human coronavirus	7	0.0	0.0	0.0
WS_SKN_KCL10525741__S4__L002__WS	WS_SKN_KCL10525741_S4_L002	success	Human cytomegalovirus	187	0.0	0.0	0.0
WS_SKN_KCL10525741__S4__L002__WS	WS_SKN_KCL10525741_S4_L002	success	Human enterovirus 68, 70	1	0.0	0.0	0.0
WS_SKN_KCL10525741__S4__L002__WS	WS_SKN_KCL10525741_S4_L002	success	Human herpesvirus 1	79	0.0	0.0	0.0
WS_SKN_KCL10525741__S4__L002__WS	WS_SKN_KCL10525741_S4_L002	success	Human herpesvirus 2	79	0.0	0.0	0.0
WS_SKN_KCL10525741__S4__L002__WS	WS_SKN_KCL10525741_S4_L002	success	Human herpesvirus 6	88	0.0	0.0	0.0
WS_SKN_KCL10525741__S4__L002__WS	WS_SKN_KCL10525741_S4_L002	success	Human herpesvirus 6b	97	0.0	0.0	0.0
WS_SKN_KCL10525741__S4__L002__WS	WS_SKN_KCL10525741_S4_L002	success	Human herpesvirus 7	86	0.0	0.0	0.0
WS_SKN_KCL10525741__S4__L002__WS	WS_SKN_KCL10525741_S4_L002	success	Human herpesvirus 8	98	1.0	1.0	1.0
WS_SKN_KCL10525741__S4__L002__WS	WS_SKN_KCL10525741_S4_L002	success	Human papillomavirus 1	7	0.0	0.0	0.0
WS_SKN_KCL10525741__S4__L002__WS	WS_SKN_KCL10525741_S4_L002	success	Human papillomavirus 16,18	8	0.0	0.0	0.0
WS_SKN_KCL10525741__S4__L002__WS	WS_SKN_KCL10525741_S4_L002	success	Human papillomavirus 2	7	0.0	0.0	0.0
WS_SKN_KCL10525741__S4__L002__WS	WS_SKN_KCL10525741_S4_L002	success	Human parainfluenza	10	0.0	0.0	0.0
WS_SKN_KCL10525741__S4__L002__WS	WS_SKN_KCL10525741_S4_L002	success	Human parvovirus B19	6	0.0	0.0	0.0
WS_SKN_KCL10525741__S4__L002__WS	WS_SKN_KCL10525741_S4_L002	success	Human respiratory syncytial virus	10	0.0	0.0	0.0
WS_SKN_KCL10525741__S4__L002__WS	WS_SKN_KCL10525741_S4_L002	success	Human rhinovirus	1	0.0	0.0	0.0
WS_SKN_KCL10525741__S4__L002__WS	WS_SKN_KCL10525741_S4_L002	success	Influenza A virus	12	0.0	0.0	0.0
WS_SKN_KCL10525741__S4__L002__WS	WS_SKN_KCL10525741_S4_L002	success	Influenza B virus	10	0.0	0.0	0.0
WS_SKN_KCL10525741__S4__L002__WS	WS_SKN_KCL10525741_S4_L002	success	Influenza C virus	7	0.0	0.0	0.0
WS_SKN_KCL10525741__S4__L002__WS	WS_SKN_KCL10525741_S4_L002	success	JC polyomavirus	6	0.0	0.0	0.0
WS_SKN_KCL10525741__S4__L002__WS	WS_SKN_KCL10525741_S4_L002	success	Japanese encephalitis virus	2	0.0	0.0	0.0
WS_SKN_KCL10525741__S4__L002__WS	WS_SKN_KCL10525741_S4_L002	success	KI Polyomavirus	5	0.0	0.0	0.0
WS_SKN_KCL10525741__S4__L002__WS	WS_SKN_KCL10525741_S4_L002	success	Lake Victoria marburgvirus	7	0.0	0.0	0.0
WS_SKN_KCL10525741__S4__L002__WS	WS_SKN_KCL10525741_S4_L002	success	Langat virus	1	0.0	0.0	0.0
WS_SKN_KCL10525741__S4__L002__WS	WS_SKN_KCL10525741_S4_L002	success	Lassa virus	4	0.0	0.0	0.0
WS_SKN_KCL10525741__S4__L002__WS	WS_SKN_KCL10525741_S4_L002	success	Louping ill virus	1	0.0	0.0	0.0
WS_SKN_KCL10525741__S4__L002__WS	WS_SKN_KCL10525741_S4_L002	success	Lymphocytic choriomeningitis virus	4	0.0	0.0	0.0
WS_SKN_KCL10525741__S4__L002__WS	WS_SKN_KCL10525741_S4_L002	success	MERS coronavirus	10	0.0	0.0	0.0
WS_SKN_KCL10525741__S4__L002__WS	WS_SKN_KCL10525741_S4_L002	success	Mayaro virus	4	0.0	0.0	0.0
WS_SKN_KCL10525741__S4__L002__WS	WS_SKN_KCL10525741_S4_L002	success	Measles virus	6	0.0	0.0	0.0
WS_SKN_KCL10525741__S4__L002__WS	WS_SKN_KCL10525741_S4_L002	success	Merkel cell polyomavirus	4	0.0	0.0	0.0
WS_SKN_KCL10525741__S4__L002__WS	WS_SKN_KCL10525741_S4_L002	success	Molluscum contagiosum virus	163	0.0	0.0	0.0
WS_SKN_KCL10525741__S4__L002__WS	WS_SKN_KCL10525741_S4_L002	success	Monkeypox virus	180	0.0	0.0	0.0
WS_SKN_KCL10525741__S4__L002__WS	WS_SKN_KCL10525741_S4_L002	success	Mumps virus	7	0.0	0.0	0.0
WS_SKN_KCL10525741__S4__L002__WS	WS_SKN_KCL10525741_S4_L002	success	Murray valley encephalitis virus	2	0.0	0.0	0.0
WS_SKN_KCL10525741__S4__L002__WS	WS_SKN_KCL10525741_S4_L002	success	Nipah virus	6	0.0	0.0	0.0
WS_SKN_KCL10525741__S4__L002__WS	WS_SKN_KCL10525741_S4_L002	success	Norwalk virus	3	0.0	0.0	0.0
WS_SKN_KCL10525741__S4__L002__WS	WS_SKN_KCL10525741_S4_L002	success	O'nyong-nyong virus	4	0.0	0.0	0.0
WS_SKN_KCL10525741__S4__L002__WS	WS_SKN_KCL10525741_S4_L002	success	Orf virus	130	0.0	0.0	0.0
WS_SKN_KCL10525741__S4__L002__WS	WS_SKN_KCL10525741_S4_L002	success	Oropouche virus	4	0.0	0.0	0.0
WS_SKN_KCL10525741__S4__L002__WS	WS_SKN_KCL10525741_S4_L002	success	Poliovirus	5	0.0	0.0	0.0
WS_SKN_KCL10525741__S4__L002__WS	WS_SKN_KCL10525741_S4_L002	success	Rabies virus	5	0.0	0.0	0.0
WS_SKN_KCL10525741__S4__L002__WS	WS_SKN_KCL10525741_S4_L002	success	Rosavirus A	1	0.0	0.0	0.0
WS_SKN_KCL10525741__S4__L002__WS	WS_SKN_KCL10525741_S4_L002	success	Ross river virus	4	0.0	0.0	0.0
WS_SKN_KCL10525741__S4__L002__WS	WS_SKN_KCL10525741_S4_L002	success	Rotavirus A	10	0.0	0.0	0.0
WS_SKN_KCL10525741__S4__L002__WS	WS_SKN_KCL10525741_S4_L002	success	Rotavirus B	11	0.0	0.0	0.0
WS_SKN_KCL10525741__S4__L002__WS	WS_SKN_KCL10525741_S4_L002	success	Rotavirus C	11	0.0	0.0	0.0
WS_SKN_KCL10525741__S4__L002__WS	WS_SKN_KCL10525741_S4_L002	success	Rubella virus	2	0.0	0.0	0.0
WS_SKN_KCL10525741__S4__L002__WS	WS_SKN_KCL10525741_S4_L002	success	Salivirus A	1	0.0	0.0	0.0
WS_SKN_KCL10525741__S4__L002__WS	WS_SKN_KCL10525741_S4_L002	success	Sapporo virus	2	0.0	0.0	0.0
WS_SKN_KCL10525741__S4__L002__WS	WS_SKN_KCL10525741_S4_L002	success	Semliki forest virus	3	0.0	0.0	0.0
WS_SKN_KCL10525741__S4__L002__WS	WS_SKN_KCL10525741_S4_L002	success	Seoul virus	3	0.0	0.0	0.0
WS_SKN_KCL10525741__S4__L002__WS	WS_SKN_KCL10525741_S4_L002	success	Sindbis virus	4	0.0	0.0	0.0
WS_SKN_KCL10525741__S4__L002__WS	WS_SKN_KCL10525741_S4_L002	success	St. louis encephalitis virus	1	0.0	0.0	0.0
WS_SKN_KCL10525741__S4__L002__WS	WS_SKN_KCL10525741_S4_L002	success	Tick-borne powassan virus	1	0.0	0.0	0.0
WS_SKN_KCL10525741__S4__L002__WS	WS_SKN_KCL10525741_S4_L002	success	Torque teno virus	3	0.0	0.0	0.0
WS_SKN_KCL10525741__S4__L002__WS	WS_SKN_KCL10525741_S4_L002	success	Toscana virus	4	0.0	0.0	0.0
WS_SKN_KCL10525741__S4__L002__WS	WS_SKN_KCL10525741_S4_L002	success	Vaccinia virus	223	0.0	0.0	0.0
WS_SKN_KCL10525741__S4__L002__WS	WS_SKN_KCL10525741_S4_L002	success	Varicella-zoster virus	73	0.0	0.0	0.0
WS_SKN_KCL10525741__S4__L002__WS	WS_SKN_KCL10525741_S4_L002	success	Variola virus	197	0.0	0.0	0.0
WS_SKN_KCL10525741__S4__L002__WS	WS_SKN_KCL10525741_S4_L002	success	Venezuelan equine encephalitis virus	4	0.0	0.0	0.0
WS_SKN_KCL10525741__S4__L002__WS	WS_SKN_KCL10525741_S4_L002	success	Vesicular stomatitis virus	5	0.0	0.0	0.0
WS_SKN_KCL10525741__S4__L002__WS	WS_SKN_KCL10525741_S4_L002	success	WU polyomavirus	5	0.0	0.0	0.0
WS_SKN_KCL10525741__S4__L002__WS	WS_SKN_KCL10525741_S4_L002	success	West Nile virus	1	0.0	0.0	0.0
WS_SKN_KCL10525741__S4__L002__WS	WS_SKN_KCL10525741_S4_L002	success	Western equine encephalitis virus	3	0.0	0.0	0.0
WS_SKN_KCL10525741__S4__L002__WS	WS_SKN_KCL10525741_S4_L002	success	Yaba-like disease virus	152	0.0	0.0	0.0
WS_SKN_KCL10525741__S4__L002__WS	WS_SKN_KCL10525741_S4_L002	success	Yellow fever virus	1	0.0	0.0	0.0
WS_SKN_KCL10525741__S4__L002__WS	WS_SKN_KCL10525741_S4_L002	success	Zika virus	1	0.0	0.0	0.0
WS_SKN_KCL10525742__S1__L001__WS	WS_SKN_KCL10525742_S1_L001	success	ADENO_AAV2gp01	1	0.0	0.0	0.0
WS_SKN_KCL10525742__S1__L001__WS	WS_SKN_KCL10525742_S1_L001	success	ADENO_AAV2gp02	1	0.0	0.0	0.0
WS_SKN_KCL10525742__S1__L001__WS	WS_SKN_KCL10525742_S1_L001	success	ADENO_AAV2gp03	1	0.0	0.0	0.0
WS_SKN_KCL10525742__S1__L001__WS	WS_SKN_KCL10525742_S1_L001	success	ADENO_AAV2gp04	1	0.0	0.0	0.0
WS_SKN_KCL10525742__S1__L001__WS	WS_SKN_KCL10525742_S1_L001	success	ADENO_AAV2gp05	1	0.0	0.0	0.0
WS_SKN_KCL10525742__S1__L001__WS	WS_SKN_KCL10525742_S1_L001	success	ADENO_AAV2gp06	1	0.0	0.0	0.0
WS_SKN_KCL10525742__S1__L001__WS	WS_SKN_KCL10525742_S1_L001	success	ADENO_AAV2gp07	1	0.0	0.0	0.0
WS_SKN_KCL10525742__S1__L001__WS	WS_SKN_KCL10525742_S1_L001	success	ADENO_AAV2gp08	1	0.0	0.0	0.0
WS_SKN_KCL10525742__S1__L001__WS	WS_SKN_KCL10525742_S1_L001	success	ADENO_AAV2gs01	1	0.0	0.0	0.0
WS_SKN_KCL10525742__S1__L001__WS	WS_SKN_KCL10525742_S1_L001	success	ADENO_AAV2gs02	1	0.0	0.0	0.0
WS_SKN_KCL10525742__S1__L001__WS	WS_SKN_KCL10525742_S1_L001	success	ADENO_AAV2gs03	1	0.0	0.0	0.0
WS_SKN_KCL10525742__S1__L001__WS	WS_SKN_KCL10525742_S1_L001	success	Aichi virus	1	0.0	0.0	0.0
WS_SKN_KCL10525742__S1__L001__WS	WS_SKN_KCL10525742_S1_L001	success	Australian Bat Lyssavirus	5	0.0	0.0	0.0
WS_SKN_KCL10525742__S1__L001__WS	WS_SKN_KCL10525742_S1_L001	success	BK polyomavirus	6	0.0	0.0	0.0
WS_SKN_KCL10525742__S1__L001__WS	WS_SKN_KCL10525742_S1_L001	success	Banna virus	11	0.0	0.0	0.0
WS_SKN_KCL10525742__S1__L001__WS	WS_SKN_KCL10525742_S1_L001	success	Barmah forest virus	4	0.0	0.0	0.0
WS_SKN_KCL10525742__S1__L001__WS	WS_SKN_KCL10525742_S1_L001	success	Bunyamwera virus	4	0.0	0.0	0.0
WS_SKN_KCL10525742__S1__L001__WS	WS_SKN_KCL10525742_S1_L001	success	Bunyavirus La Crosse	4	0.0	0.0	0.0
WS_SKN_KCL10525742__S1__L001__WS	WS_SKN_KCL10525742_S1_L001	success	Cercopithecine herpesvirus	75	0.0	0.6993769470404981	0.0
WS_SKN_KCL10525742__S1__L001__WS	WS_SKN_KCL10525742_S1_L001	success	Chikungunya virus	2	0.0	0.0	0.0
WS_SKN_KCL10525742__S1__L001__WS	WS_SKN_KCL10525742_S1_L001	success	Cosavirus A	1	0.0	0.0	0.0
WS_SKN_KCL10525742__S1__L001__WS	WS_SKN_KCL10525742_S1_L001	success	Cowpox virus	233	0.0	0.0	0.0
WS_SKN_KCL10525742__S1__L001__WS	WS_SKN_KCL10525742_S1_L001	success	Coxsackievirus	1	0.0	0.0	0.0
WS_SKN_KCL10525742__S1__L001__WS	WS_SKN_KCL10525742_S1_L001	success	Crimean Congo hemorrhagic fever virus	3	0.0	0.0	0.0
WS_SKN_KCL10525742__S1__L001__WS	WS_SKN_KCL10525742_S1_L001	success	DENV_DV1_gp1	1	0.0	0.0	0.0
WS_SKN_KCL10525742__S1__L001__WS	WS_SKN_KCL10525742_S1_L001	success	DENV_unassigned_gene_1	1	0.0	0.0	0.0
WS_SKN_KCL10525742__S1__L001__WS	WS_SKN_KCL10525742_S1_L001	success	DENV_unassigned_gene_2	1	0.0	0.0	0.0
WS_SKN_KCL10525742__S1__L001__WS	WS_SKN_KCL10525742_S1_L001	success	DENV_unassigned_gene_3	1	0.0	0.0	0.0
WS_SKN_KCL10525742__S1__L001__WS	WS_SKN_KCL10525742_S1_L001	success	DENV_unassigned_gene_4	1	0.0	0.0	0.0
WS_SKN_KCL10525742__S1__L001__WS	WS_SKN_KCL10525742_S1_L001	success	Eastern_equine_encephalitis_virus	4	0.0	0.0	0.0
WS_SKN_KCL10525742__S1__L001__WS	WS_SKN_KCL10525742_S1_L001	success	Ebolavirus	7	0.0	0.0	0.0
WS_SKN_KCL10525742__S1__L001__WS	WS_SKN_KCL10525742_S1_L001	success	Echovirus	1	0.0	0.0	0.0
WS_SKN_KCL10525742__S1__L001__WS	WS_SKN_KCL10525742_S1_L001	success	Encephalomyocarditis virus	2	0.0	0.0	0.0
WS_SKN_KCL10525742__S1__L001__WS	WS_SKN_KCL10525742_S1_L001	success	Epstein-Barr virus	96	0.0	0.0	0.0
WS_SKN_KCL10525742__S1__L001__WS	WS_SKN_KCL10525742_S1_L001	success	European bat lyssavirus	5	0.0	0.0	0.0
WS_SKN_KCL10525742__S1__L001__WS	WS_SKN_KCL10525742_S1_L001	success	Human SARS coronavirus	13	0.0	0.0	0.0
WS_SKN_KCL10525742__S1__L001__WS	WS_SKN_KCL10525742_S1_L001	success	Human adenovirus	18	0.0	0.0	0.0
WS_SKN_KCL10525742__S1__L001__WS	WS_SKN_KCL10525742_S1_L001	success	Human astrovirus	2	0.0	0.0	0.0
WS_SKN_KCL10525742__S1__L001__WS	WS_SKN_KCL10525742_S1_L001	success	Human coronavirus	7	0.0	0.0	0.0
WS_SKN_KCL10525742__S1__L001__WS	WS_SKN_KCL10525742_S1_L001	success	Human cytomegalovirus	187	0.0	0.0	0.0
WS_SKN_KCL10525742__S1__L001__WS	WS_SKN_KCL10525742_S1_L001	success	Human enterovirus 68, 70	1	0.0	0.0	0.0
WS_SKN_KCL10525742__S1__L001__WS	WS_SKN_KCL10525742_S1_L001	success	Human herpesvirus 1	79	0.0	0.0	0.0
WS_SKN_KCL10525742__S1__L001__WS	WS_SKN_KCL10525742_S1_L001	success	Human herpesvirus 2	79	0.0	0.0	0.0
WS_SKN_KCL10525742__S1__L001__WS	WS_SKN_KCL10525742_S1_L001	success	Human herpesvirus 6	88	0.0	0.0	0.0
WS_SKN_KCL10525742__S1__L001__WS	WS_SKN_KCL10525742_S1_L001	success	Human herpesvirus 6b	97	0.0	0.0	0.0
WS_SKN_KCL10525742__S1__L001__WS	WS_SKN_KCL10525742_S1_L001	success	Human herpesvirus 7	86	0.0	0.0	0.0
WS_SKN_KCL10525742__S1__L001__WS	WS_SKN_KCL10525742_S1_L001	success	Human herpesvirus 8	98	0.0	0.0	0.0
WS_SKN_KCL10525742__S1__L001__WS	WS_SKN_KCL10525742_S1_L001	success	Human papillomavirus 1	7	0.0	0.0	0.0
WS_SKN_KCL10525742__S1__L001__WS	WS_SKN_KCL10525742_S1_L001	success	Human papillomavirus 16,18	8	0.0	0.0	0.0
WS_SKN_KCL10525742__S1__L001__WS	WS_SKN_KCL10525742_S1_L001	success	Human papillomavirus 2	7	0.0	0.0	0.0
WS_SKN_KCL10525742__S1__L001__WS	WS_SKN_KCL10525742_S1_L001	success	Human parainfluenza	10	0.0	0.0	0.0
WS_SKN_KCL10525742__S1__L001__WS	WS_SKN_KCL10525742_S1_L001	success	Human parvovirus B19	6	0.0	0.0	0.0
WS_SKN_KCL10525742__S1__L001__WS	WS_SKN_KCL10525742_S1_L001	success	Human respiratory syncytial virus	10	0.0	0.0	0.0
WS_SKN_KCL10525742__S1__L001__WS	WS_SKN_KCL10525742_S1_L001	success	Human rhinovirus	1	0.0	0.0	0.0
WS_SKN_KCL10525742__S1__L001__WS	WS_SKN_KCL10525742_S1_L001	success	Influenza A virus	12	0.0	0.0	0.0
WS_SKN_KCL10525742__S1__L001__WS	WS_SKN_KCL10525742_S1_L001	success	Influenza B virus	10	0.0	0.0	0.0
WS_SKN_KCL10525742__S1__L001__WS	WS_SKN_KCL10525742_S1_L001	success	Influenza C virus	7	0.0	0.0	0.0
WS_SKN_KCL10525742__S1__L001__WS	WS_SKN_KCL10525742_S1_L001	success	JC polyomavirus	6	0.0	0.0	0.0
WS_SKN_KCL10525742__S1__L001__WS	WS_SKN_KCL10525742_S1_L001	success	Japanese encephalitis virus	2	0.0	0.0	0.0
WS_SKN_KCL10525742__S1__L001__WS	WS_SKN_KCL10525742_S1_L001	success	KI Polyomavirus	5	0.0	0.0	0.0
WS_SKN_KCL10525742__S1__L001__WS	WS_SKN_KCL10525742_S1_L001	success	Lake Victoria marburgvirus	7	0.0	0.0	0.0
WS_SKN_KCL10525742__S1__L001__WS	WS_SKN_KCL10525742_S1_L001	success	Langat virus	1	0.0	0.0	0.0
WS_SKN_KCL10525742__S1__L001__WS	WS_SKN_KCL10525742_S1_L001	success	Lassa virus	4	0.0	0.0	0.0
WS_SKN_KCL10525742__S1__L001__WS	WS_SKN_KCL10525742_S1_L001	success	Louping ill virus	1	0.0	0.0	0.0
WS_SKN_KCL10525742__S1__L001__WS	WS_SKN_KCL10525742_S1_L001	success	Lymphocytic choriomeningitis virus	4	0.0	0.0	0.0
WS_SKN_KCL10525742__S1__L001__WS	WS_SKN_KCL10525742_S1_L001	success	MERS coronavirus	10	0.0	0.0	0.0
WS_SKN_KCL10525742__S1__L001__WS	WS_SKN_KCL10525742_S1_L001	success	Mayaro virus	4	0.0	0.0	0.0
WS_SKN_KCL10525742__S1__L001__WS	WS_SKN_KCL10525742_S1_L001	success	Measles virus	6	0.0	0.0	0.0
WS_SKN_KCL10525742__S1__L001__WS	WS_SKN_KCL10525742_S1_L001	success	Merkel cell polyomavirus	4	0.0	0.0	0.0
WS_SKN_KCL10525742__S1__L001__WS	WS_SKN_KCL10525742_S1_L001	success	Molluscum contagiosum virus	163	0.0	0.0	0.0
WS_SKN_KCL10525742__S1__L001__WS	WS_SKN_KCL10525742_S1_L001	success	Monkeypox virus	180	0.0	0.0	0.0
WS_SKN_KCL10525742__S1__L001__WS	WS_SKN_KCL10525742_S1_L001	success	Mumps virus	7	0.0	0.0	0.0
WS_SKN_KCL10525742__S1__L001__WS	WS_SKN_KCL10525742_S1_L001	success	Murray valley encephalitis virus	2	0.0	0.0	0.0
WS_SKN_KCL10525742__S1__L001__WS	WS_SKN_KCL10525742_S1_L001	success	Nipah virus	6	0.0	0.0	0.0
WS_SKN_KCL10525742__S1__L001__WS	WS_SKN_KCL10525742_S1_L001	success	Norwalk virus	3	0.0	0.0	0.0
WS_SKN_KCL10525742__S1__L001__WS	WS_SKN_KCL10525742_S1_L001	success	O'nyong-nyong virus	4	0.0	0.0	0.0
WS_SKN_KCL10525742__S1__L001__WS	WS_SKN_KCL10525742_S1_L001	success	Orf virus	130	0.0	0.0	0.0
WS_SKN_KCL10525742__S1__L001__WS	WS_SKN_KCL10525742_S1_L001	success	Oropouche virus	4	0.0	0.0	0.0
WS_SKN_KCL10525742__S1__L001__WS	WS_SKN_KCL10525742_S1_L001	success	Poliovirus	5	0.0	0.0	0.0
WS_SKN_KCL10525742__S1__L001__WS	WS_SKN_KCL10525742_S1_L001	success	Rabies virus	5	0.0	0.0	0.0
WS_SKN_KCL10525742__S1__L001__WS	WS_SKN_KCL10525742_S1_L001	success	Rosavirus A	1	0.0	0.0	0.0
WS_SKN_KCL10525742__S1__L001__WS	WS_SKN_KCL10525742_S1_L001	success	Ross river virus	4	0.0	0.0	0.0
WS_SKN_KCL10525742__S1__L001__WS	WS_SKN_KCL10525742_S1_L001	success	Rotavirus A	10	0.0	0.0	0.0
WS_SKN_KCL10525742__S1__L001__WS	WS_SKN_KCL10525742_S1_L001	success	Rotavirus B	11	0.0	0.0	0.0
WS_SKN_KCL10525742__S1__L001__WS	WS_SKN_KCL10525742_S1_L001	success	Rotavirus C	11	0.0	0.0	0.0
WS_SKN_KCL10525742__S1__L001__WS	WS_SKN_KCL10525742_S1_L001	success	Rubella virus	2	0.0	0.0	0.0
WS_SKN_KCL10525742__S1__L001__WS	WS_SKN_KCL10525742_S1_L001	success	Salivirus A	1	0.0	0.0	0.0
WS_SKN_KCL10525742__S1__L001__WS	WS_SKN_KCL10525742_S1_L001	success	Sapporo virus	2	0.0	0.0	0.0
WS_SKN_KCL10525742__S1__L001__WS	WS_SKN_KCL10525742_S1_L001	success	Semliki forest virus	3	0.0	0.0	0.0
WS_SKN_KCL10525742__S1__L001__WS	WS_SKN_KCL10525742_S1_L001	success	Seoul virus	3	0.0	0.0	0.0
WS_SKN_KCL10525742__S1__L001__WS	WS_SKN_KCL10525742_S1_L001	success	Sindbis virus	4	0.0	0.0	0.0
WS_SKN_KCL10525742__S1__L001__WS	WS_SKN_KCL10525742_S1_L001	success	St. louis encephalitis virus	1	0.0	0.0	0.0
WS_SKN_KCL10525742__S1__L001__WS	WS_SKN_KCL10525742_S1_L001	success	Tick-borne powassan virus	1	0.0	0.0	0.0
WS_SKN_KCL10525742__S1__L001__WS	WS_SKN_KCL10525742_S1_L001	success	Torque teno virus	3	0.0	0.0	0.0
WS_SKN_KCL10525742__S1__L001__WS	WS_SKN_KCL10525742_S1_L001	success	Toscana virus	4	0.0	0.0	0.0
WS_SKN_KCL10525742__S1__L001__WS	WS_SKN_KCL10525742_S1_L001	success	Vaccinia virus	223	0.0	0.0	0.0
WS_SKN_KCL10525742__S1__L001__WS	WS_SKN_KCL10525742_S1_L001	success	Varicella-zoster virus	73	0.0	0.0	0.0
WS_SKN_KCL10525742__S1__L001__WS	WS_SKN_KCL10525742_S1_L001	success	Variola virus	197	0.0	0.0	0.0
WS_SKN_KCL10525742__S1__L001__WS	WS_SKN_KCL10525742_S1_L001	success	Venezuelan equine encephalitis virus	4	0.0	0.0	0.0
WS_SKN_KCL10525742__S1__L001__WS	WS_SKN_KCL10525742_S1_L001	success	Vesicular stomatitis virus	5	0.0	0.0	0.0
WS_SKN_KCL10525742__S1__L001__WS	WS_SKN_KCL10525742_S1_L001	success	WU polyomavirus	5	0.0	0.0	0.0
WS_SKN_KCL10525742__S1__L001__WS	WS_SKN_KCL10525742_S1_L001	success	West Nile virus	1	0.0	0.0	0.0
WS_SKN_KCL10525742__S1__L001__WS	WS_SKN_KCL10525742_S1_L001	success	Western equine encephalitis virus	3	0.0	0.0	0.0
WS_SKN_KCL10525742__S1__L001__WS	WS_SKN_KCL10525742_S1_L001	success	Yaba-like disease virus	152	0.0	0.0	0.0
WS_SKN_KCL10525742__S1__L001__WS	WS_SKN_KCL10525742_S1_L001	success	Yellow fever virus	1	0.0	0.0	0.0
WS_SKN_KCL10525742__S1__L001__WS	WS_SKN_KCL10525742_S1_L001	success	Zika virus	1	0.0	0.0	0.0
WS_SKN_KCL10525742__S1__L002__WS	WS_SKN_KCL10525742_S1_L002	success	ADENO_AAV2gp01	1	0.0	0.0	0.0
WS_SKN_KCL10525742__S1__L002__WS	WS_SKN_KCL10525742_S1_L002	success	ADENO_AAV2gp02	1	0.0	0.0	0.0
WS_SKN_KCL10525742__S1__L002__WS	WS_SKN_KCL10525742_S1_L002	success	ADENO_AAV2gp03	1	0.0	0.0	0.0
WS_SKN_KCL10525742__S1__L002__WS	WS_SKN_KCL10525742_S1_L002	success	ADENO_AAV2gp04	1	0.0	0.0	0.0
WS_SKN_KCL10525742__S1__L002__WS	WS_SKN_KCL10525742_S1_L002	success	ADENO_AAV2gp05	1	0.0	0.0	0.0
WS_SKN_KCL10525742__S1__L002__WS	WS_SKN_KCL10525742_S1_L002	success	ADENO_AAV2gp06	1	0.0	0.0	0.0
WS_SKN_KCL10525742__S1__L002__WS	WS_SKN_KCL10525742_S1_L002	success	ADENO_AAV2gp07	1	0.0	0.0	0.0
WS_SKN_KCL10525742__S1__L002__WS	WS_SKN_KCL10525742_S1_L002	success	ADENO_AAV2gp08	1	0.0	0.0	0.0
WS_SKN_KCL10525742__S1__L002__WS	WS_SKN_KCL10525742_S1_L002	success	ADENO_AAV2gs01	1	0.0	0.0	0.0
WS_SKN_KCL10525742__S1__L002__WS	WS_SKN_KCL10525742_S1_L002	success	ADENO_AAV2gs02	1	0.0	0.0	0.0
WS_SKN_KCL10525742__S1__L002__WS	WS_SKN_KCL10525742_S1_L002	success	ADENO_AAV2gs03	1	0.0	0.0	0.0
WS_SKN_KCL10525742__S1__L002__WS	WS_SKN_KCL10525742_S1_L002	success	Aichi virus	1	0.0	0.0	0.0
WS_SKN_KCL10525742__S1__L002__WS	WS_SKN_KCL10525742_S1_L002	success	Australian Bat Lyssavirus	5	0.0	0.0	0.0
WS_SKN_KCL10525742__S1__L002__WS	WS_SKN_KCL10525742_S1_L002	success	BK polyomavirus	6	0.0	0.0	0.0
WS_SKN_KCL10525742__S1__L002__WS	WS_SKN_KCL10525742_S1_L002	success	Banna virus	11	0.0	0.0	0.0
WS_SKN_KCL10525742__S1__L002__WS	WS_SKN_KCL10525742_S1_L002	success	Barmah forest virus	4	0.0	0.0	0.0
WS_SKN_KCL10525742__S1__L002__WS	WS_SKN_KCL10525742_S1_L002	success	Bunyamwera virus	4	0.0	0.0	0.0
WS_SKN_KCL10525742__S1__L002__WS	WS_SKN_KCL10525742_S1_L002	success	Bunyavirus La Crosse	4	0.0	0.0	0.0
WS_SKN_KCL10525742__S1__L002__WS	WS_SKN_KCL10525742_S1_L002	success	Cercopithecine herpesvirus	75	0.0	0.03271028037383177	0.0
WS_SKN_KCL10525742__S1__L002__WS	WS_SKN_KCL10525742_S1_L002	success	Chikungunya virus	2	0.0	0.0	0.0
WS_SKN_KCL10525742__S1__L002__WS	WS_SKN_KCL10525742_S1_L002	success	Cosavirus A	1	0.0	0.0	0.0
WS_SKN_KCL10525742__S1__L002__WS	WS_SKN_KCL10525742_S1_L002	success	Cowpox virus	233	0.0	0.0	0.0
WS_SKN_KCL10525742__S1__L002__WS	WS_SKN_KCL10525742_S1_L002	success	Coxsackievirus	1	0.0	0.0	0.0
WS_SKN_KCL10525742__S1__L002__WS	WS_SKN_KCL10525742_S1_L002	success	Crimean Congo hemorrhagic fever virus	3	0.0	0.0	0.0
WS_SKN_KCL10525742__S1__L002__WS	WS_SKN_KCL10525742_S1_L002	success	DENV_DV1_gp1	1	0.0	0.0	0.0
WS_SKN_KCL10525742__S1__L002__WS	WS_SKN_KCL10525742_S1_L002	success	DENV_unassigned_gene_1	1	0.0	0.0	0.0
WS_SKN_KCL10525742__S1__L002__WS	WS_SKN_KCL10525742_S1_L002	success	DENV_unassigned_gene_2	1	0.0	0.0	0.0
WS_SKN_KCL10525742__S1__L002__WS	WS_SKN_KCL10525742_S1_L002	success	DENV_unassigned_gene_3	1	0.0	0.0	0.0
WS_SKN_KCL10525742__S1__L002__WS	WS_SKN_KCL10525742_S1_L002	success	DENV_unassigned_gene_4	1	0.0	0.0	0.0
WS_SKN_KCL10525742__S1__L002__WS	WS_SKN_KCL10525742_S1_L002	success	Eastern_equine_encephalitis_virus	4	0.0	0.0	0.0
WS_SKN_KCL10525742__S1__L002__WS	WS_SKN_KCL10525742_S1_L002	success	Ebolavirus	7	0.0	0.0	0.0
WS_SKN_KCL10525742__S1__L002__WS	WS_SKN_KCL10525742_S1_L002	success	Echovirus	1	0.0	0.0	0.0
WS_SKN_KCL10525742__S1__L002__WS	WS_SKN_KCL10525742_S1_L002	success	Encephalomyocarditis virus	2	0.0	0.0	0.0
WS_SKN_KCL10525742__S1__L002__WS	WS_SKN_KCL10525742_S1_L002	success	Epstein-Barr virus	96	1.0	2.0	2.0
WS_SKN_KCL10525742__S1__L002__WS	WS_SKN_KCL10525742_S1_L002	success	European bat lyssavirus	5	0.0	0.0	0.0
WS_SKN_KCL10525742__S1__L002__WS	WS_SKN_KCL10525742_S1_L002	success	Human SARS coronavirus	13	0.0	0.0	0.0
WS_SKN_KCL10525742__S1__L002__WS	WS_SKN_KCL10525742_S1_L002	success	Human adenovirus	18	0.0	0.0	0.0
WS_SKN_KCL10525742__S1__L002__WS	WS_SKN_KCL10525742_S1_L002	success	Human astrovirus	2	0.0	0.0	0.0
WS_SKN_KCL10525742__S1__L002__WS	WS_SKN_KCL10525742_S1_L002	success	Human coronavirus	7	0.0	0.0	0.0
WS_SKN_KCL10525742__S1__L002__WS	WS_SKN_KCL10525742_S1_L002	success	Human cytomegalovirus	187	0.0	0.0	0.0
WS_SKN_KCL10525742__S1__L002__WS	WS_SKN_KCL10525742_S1_L002	success	Human enterovirus 68, 70	1	0.0	0.0	0.0
WS_SKN_KCL10525742__S1__L002__WS	WS_SKN_KCL10525742_S1_L002	success	Human herpesvirus 1	79	0.0	0.0	0.0
WS_SKN_KCL10525742__S1__L002__WS	WS_SKN_KCL10525742_S1_L002	success	Human herpesvirus 2	79	0.0	0.0	0.0
WS_SKN_KCL10525742__S1__L002__WS	WS_SKN_KCL10525742_S1_L002	success	Human herpesvirus 6	88	0.0	0.0	0.0
WS_SKN_KCL10525742__S1__L002__WS	WS_SKN_KCL10525742_S1_L002	success	Human herpesvirus 6b	97	0.0	0.0	0.0
WS_SKN_KCL10525742__S1__L002__WS	WS_SKN_KCL10525742_S1_L002	success	Human herpesvirus 7	86	0.0	0.0	0.0
WS_SKN_KCL10525742__S1__L002__WS	WS_SKN_KCL10525742_S1_L002	success	Human herpesvirus 8	98	0.0	0.0	0.0
WS_SKN_KCL10525742__S1__L002__WS	WS_SKN_KCL10525742_S1_L002	success	Human papillomavirus 1	7	0.0	0.0	0.0
WS_SKN_KCL10525742__S1__L002__WS	WS_SKN_KCL10525742_S1_L002	success	Human papillomavirus 16,18	8	0.0	0.0	0.0
WS_SKN_KCL10525742__S1__L002__WS	WS_SKN_KCL10525742_S1_L002	success	Human papillomavirus 2	7	0.0	0.0	0.0
WS_SKN_KCL10525742__S1__L002__WS	WS_SKN_KCL10525742_S1_L002	success	Human parainfluenza	10	0.0	0.0	0.0
WS_SKN_KCL10525742__S1__L002__WS	WS_SKN_KCL10525742_S1_L002	success	Human parvovirus B19	6	0.0	0.0	0.0
WS_SKN_KCL10525742__S1__L002__WS	WS_SKN_KCL10525742_S1_L002	success	Human respiratory syncytial virus	10	0.0	0.0	0.0
WS_SKN_KCL10525742__S1__L002__WS	WS_SKN_KCL10525742_S1_L002	success	Human rhinovirus	1	0.0	0.0	0.0
WS_SKN_KCL10525742__S1__L002__WS	WS_SKN_KCL10525742_S1_L002	success	Influenza A virus	12	0.0	0.0	0.0
WS_SKN_KCL10525742__S1__L002__WS	WS_SKN_KCL10525742_S1_L002	success	Influenza B virus	10	0.0	0.0	0.0
WS_SKN_KCL10525742__S1__L002__WS	WS_SKN_KCL10525742_S1_L002	success	Influenza C virus	7	0.0	0.0	0.0
WS_SKN_KCL10525742__S1__L002__WS	WS_SKN_KCL10525742_S1_L002	success	JC polyomavirus	6	0.0	0.0	0.0
WS_SKN_KCL10525742__S1__L002__WS	WS_SKN_KCL10525742_S1_L002	success	Japanese encephalitis virus	2	0.0	0.0	0.0
WS_SKN_KCL10525742__S1__L002__WS	WS_SKN_KCL10525742_S1_L002	success	KI Polyomavirus	5	0.0	0.0	0.0
WS_SKN_KCL10525742__S1__L002__WS	WS_SKN_KCL10525742_S1_L002	success	Lake Victoria marburgvirus	7	0.0	0.0	0.0
WS_SKN_KCL10525742__S1__L002__WS	WS_SKN_KCL10525742_S1_L002	success	Langat virus	1	0.0	0.0	0.0
WS_SKN_KCL10525742__S1__L002__WS	WS_SKN_KCL10525742_S1_L002	success	Lassa virus	4	0.0	0.0	0.0
WS_SKN_KCL10525742__S1__L002__WS	WS_SKN_KCL10525742_S1_L002	success	Louping ill virus	1	0.0	0.0	0.0
WS_SKN_KCL10525742__S1__L002__WS	WS_SKN_KCL10525742_S1_L002	success	Lymphocytic choriomeningitis virus	4	0.0	0.0	0.0
WS_SKN_KCL10525742__S1__L002__WS	WS_SKN_KCL10525742_S1_L002	success	MERS coronavirus	10	0.0	0.0	0.0
WS_SKN_KCL10525742__S1__L002__WS	WS_SKN_KCL10525742_S1_L002	success	Mayaro virus	4	0.0	0.0	0.0
WS_SKN_KCL10525742__S1__L002__WS	WS_SKN_KCL10525742_S1_L002	success	Measles virus	6	0.0	0.0	0.0
WS_SKN_KCL10525742__S1__L002__WS	WS_SKN_KCL10525742_S1_L002	success	Merkel cell polyomavirus	4	0.0	0.0	0.0
WS_SKN_KCL10525742__S1__L002__WS	WS_SKN_KCL10525742_S1_L002	success	Molluscum contagiosum virus	163	1.0	1.0	1.0
WS_SKN_KCL10525742__S1__L002__WS	WS_SKN_KCL10525742_S1_L002	success	Monkeypox virus	180	0.0	0.0	0.0
WS_SKN_KCL10525742__S1__L002__WS	WS_SKN_KCL10525742_S1_L002	success	Mumps virus	7	0.0	0.0	0.0
WS_SKN_KCL10525742__S1__L002__WS	WS_SKN_KCL10525742_S1_L002	success	Murray valley encephalitis virus	2	0.0	0.0	0.0
WS_SKN_KCL10525742__S1__L002__WS	WS_SKN_KCL10525742_S1_L002	success	Nipah virus	6	0.0	0.0	0.0
WS_SKN_KCL10525742__S1__L002__WS	WS_SKN_KCL10525742_S1_L002	success	Norwalk virus	3	0.0	0.0	0.0
WS_SKN_KCL10525742__S1__L002__WS	WS_SKN_KCL10525742_S1_L002	success	O'nyong-nyong virus	4	0.0	0.0	0.0
WS_SKN_KCL10525742__S1__L002__WS	WS_SKN_KCL10525742_S1_L002	success	Orf virus	130	0.0	0.0	0.0
WS_SKN_KCL10525742__S1__L002__WS	WS_SKN_KCL10525742_S1_L002	success	Oropouche virus	4	0.0	0.0	0.0
WS_SKN_KCL10525742__S1__L002__WS	WS_SKN_KCL10525742_S1_L002	success	Poliovirus	5	0.0	0.0	0.0
WS_SKN_KCL10525742__S1__L002__WS	WS_SKN_KCL10525742_S1_L002	success	Rabies virus	5	0.0	0.0	0.0
WS_SKN_KCL10525742__S1__L002__WS	WS_SKN_KCL10525742_S1_L002	success	Rosavirus A	1	0.0	0.0	0.0
WS_SKN_KCL10525742__S1__L002__WS	WS_SKN_KCL10525742_S1_L002	success	Ross river virus	4	0.0	0.0	0.0
WS_SKN_KCL10525742__S1__L002__WS	WS_SKN_KCL10525742_S1_L002	success	Rotavirus A	10	0.0	0.0	0.0
WS_SKN_KCL10525742__S1__L002__WS	WS_SKN_KCL10525742_S1_L002	success	Rotavirus B	11	0.0	0.0	0.0
WS_SKN_KCL10525742__S1__L002__WS	WS_SKN_KCL10525742_S1_L002	success	Rotavirus C	11	0.0	0.0	0.0
WS_SKN_KCL10525742__S1__L002__WS	WS_SKN_KCL10525742_S1_L002	success	Rubella virus	2	0.0	0.0	0.0
WS_SKN_KCL10525742__S1__L002__WS	WS_SKN_KCL10525742_S1_L002	success	Salivirus A	1	0.0	0.0	0.0
WS_SKN_KCL10525742__S1__L002__WS	WS_SKN_KCL10525742_S1_L002	success	Sapporo virus	2	0.0	0.0	0.0
WS_SKN_KCL10525742__S1__L002__WS	WS_SKN_KCL10525742_S1_L002	success	Semliki forest virus	3	0.0	0.0	0.0
WS_SKN_KCL10525742__S1__L002__WS	WS_SKN_KCL10525742_S1_L002	success	Seoul virus	3	0.0	0.0	0.0
WS_SKN_KCL10525742__S1__L002__WS	WS_SKN_KCL10525742_S1_L002	success	Sindbis virus	4	0.0	0.0	0.0
WS_SKN_KCL10525742__S1__L002__WS	WS_SKN_KCL10525742_S1_L002	success	St. louis encephalitis virus	1	0.0	0.0	0.0
WS_SKN_KCL10525742__S1__L002__WS	WS_SKN_KCL10525742_S1_L002	success	Tick-borne powassan virus	1	0.0	0.0	0.0
WS_SKN_KCL10525742__S1__L002__WS	WS_SKN_KCL10525742_S1_L002	success	Torque teno virus	3	0.0	0.0	0.0
WS_SKN_KCL10525742__S1__L002__WS	WS_SKN_KCL10525742_S1_L002	success	Toscana virus	4	0.0	0.0	0.0
WS_SKN_KCL10525742__S1__L002__WS	WS_SKN_KCL10525742_S1_L002	success	Vaccinia virus	223	0.0	0.0	0.0
WS_SKN_KCL10525742__S1__L002__WS	WS_SKN_KCL10525742_S1_L002	success	Varicella-zoster virus	73	0.0	0.0	0.0
WS_SKN_KCL10525742__S1__L002__WS	WS_SKN_KCL10525742_S1_L002	success	Variola virus	197	0.0	0.0	0.0
WS_SKN_KCL10525742__S1__L002__WS	WS_SKN_KCL10525742_S1_L002	success	Venezuelan equine encephalitis virus	4	0.0	0.0	0.0
WS_SKN_KCL10525742__S1__L002__WS	WS_SKN_KCL10525742_S1_L002	success	Vesicular stomatitis virus	5	0.0	0.0	0.0
WS_SKN_KCL10525742__S1__L002__WS	WS_SKN_KCL10525742_S1_L002	success	WU polyomavirus	5	0.0	0.0	0.0
WS_SKN_KCL10525742__S1__L002__WS	WS_SKN_KCL10525742_S1_L002	success	West Nile virus	1	0.0	0.0	0.0
WS_SKN_KCL10525742__S1__L002__WS	WS_SKN_KCL10525742_S1_L002	success	Western equine encephalitis virus	3	0.0	0.0	0.0
WS_SKN_KCL10525742__S1__L002__WS	WS_SKN_KCL10525742_S1_L002	success	Yaba-like disease virus	152	0.0	0.0	0.0
WS_SKN_KCL10525742__S1__L002__WS	WS_SKN_KCL10525742_S1_L002	success	Yellow fever virus	1	0.0	0.0	0.0
WS_SKN_KCL10525742__S1__L002__WS	WS_SKN_KCL10525742_S1_L002	success	Zika virus	1	0.0	0.0	0.0
WS_SKN_KCL10525742__S2__L001__WS	WS_SKN_KCL10525742_S2_L001	success	ADENO_AAV2gp01	1	0.0	0.0	0.0
WS_SKN_KCL10525742__S2__L001__WS	WS_SKN_KCL10525742_S2_L001	success	ADENO_AAV2gp02	1	0.0	0.0	0.0
WS_SKN_KCL10525742__S2__L001__WS	WS_SKN_KCL10525742_S2_L001	success	ADENO_AAV2gp03	1	0.0	0.0	0.0
WS_SKN_KCL10525742__S2__L001__WS	WS_SKN_KCL10525742_S2_L001	success	ADENO_AAV2gp04	1	0.0	0.0	0.0
WS_SKN_KCL10525742__S2__L001__WS	WS_SKN_KCL10525742_S2_L001	success	ADENO_AAV2gp05	1	0.0	0.0	0.0
WS_SKN_KCL10525742__S2__L001__WS	WS_SKN_KCL10525742_S2_L001	success	ADENO_AAV2gp06	1	0.0	0.0	0.0
WS_SKN_KCL10525742__S2__L001__WS	WS_SKN_KCL10525742_S2_L001	success	ADENO_AAV2gp07	1	0.0	0.0	0.0
WS_SKN_KCL10525742__S2__L001__WS	WS_SKN_KCL10525742_S2_L001	success	ADENO_AAV2gp08	1	0.0	0.0	0.0
WS_SKN_KCL10525742__S2__L001__WS	WS_SKN_KCL10525742_S2_L001	success	ADENO_AAV2gs01	1	0.0	0.0	0.0
WS_SKN_KCL10525742__S2__L001__WS	WS_SKN_KCL10525742_S2_L001	success	ADENO_AAV2gs02	1	0.0	0.0	0.0
WS_SKN_KCL10525742__S2__L001__WS	WS_SKN_KCL10525742_S2_L001	success	ADENO_AAV2gs03	1	0.0	0.0	0.0
WS_SKN_KCL10525742__S2__L001__WS	WS_SKN_KCL10525742_S2_L001	success	Aichi virus	1	0.0	0.0	0.0
WS_SKN_KCL10525742__S2__L001__WS	WS_SKN_KCL10525742_S2_L001	success	Australian Bat Lyssavirus	5	0.0	0.0	0.0
WS_SKN_KCL10525742__S2__L001__WS	WS_SKN_KCL10525742_S2_L001	success	BK polyomavirus	6	0.0	0.0	0.0
WS_SKN_KCL10525742__S2__L001__WS	WS_SKN_KCL10525742_S2_L001	success	Banna virus	11	0.0	0.0	0.0
WS_SKN_KCL10525742__S2__L001__WS	WS_SKN_KCL10525742_S2_L001	success	Barmah forest virus	4	0.0	0.0	0.0
WS_SKN_KCL10525742__S2__L001__WS	WS_SKN_KCL10525742_S2_L001	success	Bunyamwera virus	4	0.0	0.0	0.0
WS_SKN_KCL10525742__S2__L001__WS	WS_SKN_KCL10525742_S2_L001	success	Bunyavirus La Crosse	4	0.0	0.0	0.0
WS_SKN_KCL10525742__S2__L001__WS	WS_SKN_KCL10525742_S2_L001	success	Cercopithecine herpesvirus	75	0.0	1.741433021806854	1.0
WS_SKN_KCL10525742__S2__L001__WS	WS_SKN_KCL10525742_S2_L001	success	Chikungunya virus	2	0.0	0.0	0.0
WS_SKN_KCL10525742__S2__L001__WS	WS_SKN_KCL10525742_S2_L001	success	Cosavirus A	1	0.0	0.0	0.0
WS_SKN_KCL10525742__S2__L001__WS	WS_SKN_KCL10525742_S2_L001	success	Cowpox virus	233	0.0	0.0	0.0
WS_SKN_KCL10525742__S2__L001__WS	WS_SKN_KCL10525742_S2_L001	success	Coxsackievirus	1	0.0	0.0	0.0
WS_SKN_KCL10525742__S2__L001__WS	WS_SKN_KCL10525742_S2_L001	success	Crimean Congo hemorrhagic fever virus	3	0.0	0.0	0.0
WS_SKN_KCL10525742__S2__L001__WS	WS_SKN_KCL10525742_S2_L001	success	DENV_DV1_gp1	1	0.0	0.0	0.0
WS_SKN_KCL10525742__S2__L001__WS	WS_SKN_KCL10525742_S2_L001	success	DENV_unassigned_gene_1	1	0.0	0.0	0.0
WS_SKN_KCL10525742__S2__L001__WS	WS_SKN_KCL10525742_S2_L001	success	DENV_unassigned_gene_2	1	0.0	0.0	0.0
WS_SKN_KCL10525742__S2__L001__WS	WS_SKN_KCL10525742_S2_L001	success	DENV_unassigned_gene_3	1	0.0	0.0	0.0
WS_SKN_KCL10525742__S2__L001__WS	WS_SKN_KCL10525742_S2_L001	success	DENV_unassigned_gene_4	1	0.0	0.0	0.0
WS_SKN_KCL10525742__S2__L001__WS	WS_SKN_KCL10525742_S2_L001	success	Eastern_equine_encephalitis_virus	4	0.0	0.0	0.0
WS_SKN_KCL10525742__S2__L001__WS	WS_SKN_KCL10525742_S2_L001	success	Ebolavirus	7	0.0	0.0	0.0
WS_SKN_KCL10525742__S2__L001__WS	WS_SKN_KCL10525742_S2_L001	success	Echovirus	1	0.0	0.0	0.0
WS_SKN_KCL10525742__S2__L001__WS	WS_SKN_KCL10525742_S2_L001	success	Encephalomyocarditis virus	2	0.0	0.0	0.0
WS_SKN_KCL10525742__S2__L001__WS	WS_SKN_KCL10525742_S2_L001	success	Epstein-Barr virus	96	0.0	0.0	0.0
WS_SKN_KCL10525742__S2__L001__WS	WS_SKN_KCL10525742_S2_L001	success	European bat lyssavirus	5	0.0	0.0	0.0
WS_SKN_KCL10525742__S2__L001__WS	WS_SKN_KCL10525742_S2_L001	success	Human SARS coronavirus	13	0.0	0.0	0.0
WS_SKN_KCL10525742__S2__L001__WS	WS_SKN_KCL10525742_S2_L001	success	Human adenovirus	18	0.0	0.0	0.0
WS_SKN_KCL10525742__S2__L001__WS	WS_SKN_KCL10525742_S2_L001	success	Human astrovirus	2	0.0	0.0	0.0
WS_SKN_KCL10525742__S2__L001__WS	WS_SKN_KCL10525742_S2_L001	success	Human coronavirus	7	0.0	0.0	0.0
WS_SKN_KCL10525742__S2__L001__WS	WS_SKN_KCL10525742_S2_L001	success	Human cytomegalovirus	187	1.0	1.0	1.0
WS_SKN_KCL10525742__S2__L001__WS	WS_SKN_KCL10525742_S2_L001	success	Human enterovirus 68, 70	1	0.0	0.0	0.0
WS_SKN_KCL10525742__S2__L001__WS	WS_SKN_KCL10525742_S2_L001	success	Human herpesvirus 1	79	0.0	0.0	0.0
WS_SKN_KCL10525742__S2__L001__WS	WS_SKN_KCL10525742_S2_L001	success	Human herpesvirus 2	79	0.0	0.0	0.0
WS_SKN_KCL10525742__S2__L001__WS	WS_SKN_KCL10525742_S2_L001	success	Human herpesvirus 6	88	0.0	0.0	0.0
WS_SKN_KCL10525742__S2__L001__WS	WS_SKN_KCL10525742_S2_L001	success	Human herpesvirus 6b	97	0.0	0.0	0.0
WS_SKN_KCL10525742__S2__L001__WS	WS_SKN_KCL10525742_S2_L001	success	Human herpesvirus 7	86	0.0	0.0	0.0
WS_SKN_KCL10525742__S2__L001__WS	WS_SKN_KCL10525742_S2_L001	success	Human herpesvirus 8	98	1.0	1.0	1.0
WS_SKN_KCL10525742__S2__L001__WS	WS_SKN_KCL10525742_S2_L001	success	Human papillomavirus 1	7	0.0	0.0	0.0
WS_SKN_KCL10525742__S2__L001__WS	WS_SKN_KCL10525742_S2_L001	success	Human papillomavirus 16,18	8	0.0	0.0	0.0
WS_SKN_KCL10525742__S2__L001__WS	WS_SKN_KCL10525742_S2_L001	success	Human papillomavirus 2	7	0.0	0.0	0.0
WS_SKN_KCL10525742__S2__L001__WS	WS_SKN_KCL10525742_S2_L001	success	Human parainfluenza	10	0.0	0.0	0.0
WS_SKN_KCL10525742__S2__L001__WS	WS_SKN_KCL10525742_S2_L001	success	Human parvovirus B19	6	0.0	0.0	0.0
WS_SKN_KCL10525742__S2__L001__WS	WS_SKN_KCL10525742_S2_L001	success	Human respiratory syncytial virus	10	0.0	0.0	0.0
WS_SKN_KCL10525742__S2__L001__WS	WS_SKN_KCL10525742_S2_L001	success	Human rhinovirus	1	0.0	0.0	0.0
WS_SKN_KCL10525742__S2__L001__WS	WS_SKN_KCL10525742_S2_L001	success	Influenza A virus	12	0.0	0.0	0.0
WS_SKN_KCL10525742__S2__L001__WS	WS_SKN_KCL10525742_S2_L001	success	Influenza B virus	10	0.0	0.0	0.0
WS_SKN_KCL10525742__S2__L001__WS	WS_SKN_KCL10525742_S2_L001	success	Influenza C virus	7	0.0	0.0	0.0
WS_SKN_KCL10525742__S2__L001__WS	WS_SKN_KCL10525742_S2_L001	success	JC polyomavirus	6	0.0	0.0	0.0
WS_SKN_KCL10525742__S2__L001__WS	WS_SKN_KCL10525742_S2_L001	success	Japanese encephalitis virus	2	0.0	0.0	0.0
WS_SKN_KCL10525742__S2__L001__WS	WS_SKN_KCL10525742_S2_L001	success	KI Polyomavirus	5	0.0	0.0	0.0
WS_SKN_KCL10525742__S2__L001__WS	WS_SKN_KCL10525742_S2_L001	success	Lake Victoria marburgvirus	7	0.0	0.0	0.0
WS_SKN_KCL10525742__S2__L001__WS	WS_SKN_KCL10525742_S2_L001	success	Langat virus	1	0.0	0.0	0.0
WS_SKN_KCL10525742__S2__L001__WS	WS_SKN_KCL10525742_S2_L001	success	Lassa virus	4	0.0	0.0	0.0
WS_SKN_KCL10525742__S2__L001__WS	WS_SKN_KCL10525742_S2_L001	success	Louping ill virus	1	0.0	0.0	0.0
WS_SKN_KCL10525742__S2__L001__WS	WS_SKN_KCL10525742_S2_L001	success	Lymphocytic choriomeningitis virus	4	0.0	0.0	0.0
WS_SKN_KCL10525742__S2__L001__WS	WS_SKN_KCL10525742_S2_L001	success	MERS coronavirus	10	0.0	0.0	0.0
WS_SKN_KCL10525742__S2__L001__WS	WS_SKN_KCL10525742_S2_L001	success	Mayaro virus	4	0.0	0.0	0.0
WS_SKN_KCL10525742__S2__L001__WS	WS_SKN_KCL10525742_S2_L001	success	Measles virus	6	0.0	0.0	0.0
WS_SKN_KCL10525742__S2__L001__WS	WS_SKN_KCL10525742_S2_L001	success	Merkel cell polyomavirus	4	0.0	0.0	0.0
WS_SKN_KCL10525742__S2__L001__WS	WS_SKN_KCL10525742_S2_L001	success	Molluscum contagiosum virus	163	0.0	0.0	0.0
WS_SKN_KCL10525742__S2__L001__WS	WS_SKN_KCL10525742_S2_L001	success	Monkeypox virus	180	0.0	0.0	0.0
WS_SKN_KCL10525742__S2__L001__WS	WS_SKN_KCL10525742_S2_L001	success	Mumps virus	7	0.0	0.0	0.0
WS_SKN_KCL10525742__S2__L001__WS	WS_SKN_KCL10525742_S2_L001	success	Murray valley encephalitis virus	2	0.0	0.0	0.0
WS_SKN_KCL10525742__S2__L001__WS	WS_SKN_KCL10525742_S2_L001	success	Nipah virus	6	0.0	0.0	0.0
WS_SKN_KCL10525742__S2__L001__WS	WS_SKN_KCL10525742_S2_L001	success	Norwalk virus	3	0.0	0.0	0.0
WS_SKN_KCL10525742__S2__L001__WS	WS_SKN_KCL10525742_S2_L001	success	O'nyong-nyong virus	4	0.0	0.0	0.0
WS_SKN_KCL10525742__S2__L001__WS	WS_SKN_KCL10525742_S2_L001	success	Orf virus	130	0.0	0.0	0.0
WS_SKN_KCL10525742__S2__L001__WS	WS_SKN_KCL10525742_S2_L001	success	Oropouche virus	4	0.0	0.0	0.0
WS_SKN_KCL10525742__S2__L001__WS	WS_SKN_KCL10525742_S2_L001	success	Poliovirus	5	0.0	0.0	0.0
WS_SKN_KCL10525742__S2__L001__WS	WS_SKN_KCL10525742_S2_L001	success	Rabies virus	5	0.0	0.0	0.0
WS_SKN_KCL10525742__S2__L001__WS	WS_SKN_KCL10525742_S2_L001	success	Rosavirus A	1	0.0	0.0	0.0
WS_SKN_KCL10525742__S2__L001__WS	WS_SKN_KCL10525742_S2_L001	success	Ross river virus	4	0.0	0.0	0.0
WS_SKN_KCL10525742__S2__L001__WS	WS_SKN_KCL10525742_S2_L001	success	Rotavirus A	10	0.0	0.0	0.0
WS_SKN_KCL10525742__S2__L001__WS	WS_SKN_KCL10525742_S2_L001	success	Rotavirus B	11	0.0	0.0	0.0
WS_SKN_KCL10525742__S2__L001__WS	WS_SKN_KCL10525742_S2_L001	success	Rotavirus C	11	0.0	0.0	0.0
WS_SKN_KCL10525742__S2__L001__WS	WS_SKN_KCL10525742_S2_L001	success	Rubella virus	2	0.0	0.0	0.0
WS_SKN_KCL10525742__S2__L001__WS	WS_SKN_KCL10525742_S2_L001	success	Salivirus A	1	0.0	0.0	0.0
WS_SKN_KCL10525742__S2__L001__WS	WS_SKN_KCL10525742_S2_L001	success	Sapporo virus	2	0.0	0.0	0.0
WS_SKN_KCL10525742__S2__L001__WS	WS_SKN_KCL10525742_S2_L001	success	Semliki forest virus	3	0.0	0.0	0.0
WS_SKN_KCL10525742__S2__L001__WS	WS_SKN_KCL10525742_S2_L001	success	Seoul virus	3	0.0	0.0	0.0
WS_SKN_KCL10525742__S2__L001__WS	WS_SKN_KCL10525742_S2_L001	success	Sindbis virus	4	0.0	0.0	0.0
WS_SKN_KCL10525742__S2__L001__WS	WS_SKN_KCL10525742_S2_L001	success	St. louis encephalitis virus	1	0.0	0.0	0.0
WS_SKN_KCL10525742__S2__L001__WS	WS_SKN_KCL10525742_S2_L001	success	Tick-borne powassan virus	1	0.0	0.0	0.0
WS_SKN_KCL10525742__S2__L001__WS	WS_SKN_KCL10525742_S2_L001	success	Torque teno virus	3	0.0	0.0	0.0
WS_SKN_KCL10525742__S2__L001__WS	WS_SKN_KCL10525742_S2_L001	success	Toscana virus	4	0.0	0.0	0.0
WS_SKN_KCL10525742__S2__L001__WS	WS_SKN_KCL10525742_S2_L001	success	Vaccinia virus	223	0.0	0.0	0.0
WS_SKN_KCL10525742__S2__L001__WS	WS_SKN_KCL10525742_S2_L001	success	Varicella-zoster virus	73	0.0	0.0	0.0
WS_SKN_KCL10525742__S2__L001__WS	WS_SKN_KCL10525742_S2_L001	success	Variola virus	197	0.0	0.0	0.0
WS_SKN_KCL10525742__S2__L001__WS	WS_SKN_KCL10525742_S2_L001	success	Venezuelan equine encephalitis virus	4	0.0	0.0	0.0
WS_SKN_KCL10525742__S2__L001__WS	WS_SKN_KCL10525742_S2_L001	success	Vesicular stomatitis virus	5	0.0	0.0	0.0
WS_SKN_KCL10525742__S2__L001__WS	WS_SKN_KCL10525742_S2_L001	success	WU polyomavirus	5	0.0	0.0	0.0
WS_SKN_KCL10525742__S2__L001__WS	WS_SKN_KCL10525742_S2_L001	success	West Nile virus	1	0.0	0.0	0.0
WS_SKN_KCL10525742__S2__L001__WS	WS_SKN_KCL10525742_S2_L001	success	Western equine encephalitis virus	3	0.0	0.0	0.0
WS_SKN_KCL10525742__S2__L001__WS	WS_SKN_KCL10525742_S2_L001	success	Yaba-like disease virus	152	0.0	0.0	0.0
WS_SKN_KCL10525742__S2__L001__WS	WS_SKN_KCL10525742_S2_L001	success	Yellow fever virus	1	0.0	0.0	0.0
WS_SKN_KCL10525742__S2__L001__WS	WS_SKN_KCL10525742_S2_L001	success	Zika virus	1	0.0	0.0	0.0
WS_SKN_KCL10525742__S2__L002__WS	WS_SKN_KCL10525742_S2_L002	success	ADENO_AAV2gp01	1	0.0	0.0	0.0
WS_SKN_KCL10525742__S2__L002__WS	WS_SKN_KCL10525742_S2_L002	success	ADENO_AAV2gp02	1	0.0	0.0	0.0
WS_SKN_KCL10525742__S2__L002__WS	WS_SKN_KCL10525742_S2_L002	success	ADENO_AAV2gp03	1	0.0	0.0	0.0
WS_SKN_KCL10525742__S2__L002__WS	WS_SKN_KCL10525742_S2_L002	success	ADENO_AAV2gp04	1	0.0	0.0	0.0
WS_SKN_KCL10525742__S2__L002__WS	WS_SKN_KCL10525742_S2_L002	success	ADENO_AAV2gp05	1	0.0	0.0	0.0
WS_SKN_KCL10525742__S2__L002__WS	WS_SKN_KCL10525742_S2_L002	success	ADENO_AAV2gp06	1	0.0	0.0	0.0
WS_SKN_KCL10525742__S2__L002__WS	WS_SKN_KCL10525742_S2_L002	success	ADENO_AAV2gp07	1	0.0	0.0	0.0
WS_SKN_KCL10525742__S2__L002__WS	WS_SKN_KCL10525742_S2_L002	success	ADENO_AAV2gp08	1	0.0	0.0	0.0
WS_SKN_KCL10525742__S2__L002__WS	WS_SKN_KCL10525742_S2_L002	success	ADENO_AAV2gs01	1	0.0	0.0	0.0
WS_SKN_KCL10525742__S2__L002__WS	WS_SKN_KCL10525742_S2_L002	success	ADENO_AAV2gs02	1	0.0	0.0	0.0
WS_SKN_KCL10525742__S2__L002__WS	WS_SKN_KCL10525742_S2_L002	success	ADENO_AAV2gs03	1	0.0	0.0	0.0
WS_SKN_KCL10525742__S2__L002__WS	WS_SKN_KCL10525742_S2_L002	success	Aichi virus	1	0.0	0.0	0.0
WS_SKN_KCL10525742__S2__L002__WS	WS_SKN_KCL10525742_S2_L002	success	Australian Bat Lyssavirus	5	0.0	0.0	0.0
WS_SKN_KCL10525742__S2__L002__WS	WS_SKN_KCL10525742_S2_L002	success	BK polyomavirus	6	0.0	0.0	0.0
WS_SKN_KCL10525742__S2__L002__WS	WS_SKN_KCL10525742_S2_L002	success	Banna virus	11	0.0	0.0	0.0
WS_SKN_KCL10525742__S2__L002__WS	WS_SKN_KCL10525742_S2_L002	success	Barmah forest virus	4	0.0	0.0	0.0
WS_SKN_KCL10525742__S2__L002__WS	WS_SKN_KCL10525742_S2_L002	success	Bunyamwera virus	4	0.0	0.0	0.0
WS_SKN_KCL10525742__S2__L002__WS	WS_SKN_KCL10525742_S2_L002	success	Bunyavirus La Crosse	4	0.0	0.0	0.0
WS_SKN_KCL10525742__S2__L002__WS	WS_SKN_KCL10525742_S2_L002	success	Cercopithecine herpesvirus	75	0.0	1.046728971962617	1.0
WS_SKN_KCL10525742__S2__L002__WS	WS_SKN_KCL10525742_S2_L002	success	Chikungunya virus	2	0.0	0.0	0.0
WS_SKN_KCL10525742__S2__L002__WS	WS_SKN_KCL10525742_S2_L002	success	Cosavirus A	1	0.0	0.0	0.0
WS_SKN_KCL10525742__S2__L002__WS	WS_SKN_KCL10525742_S2_L002	success	Cowpox virus	233	0.0	0.0	0.0
WS_SKN_KCL10525742__S2__L002__WS	WS_SKN_KCL10525742_S2_L002	success	Coxsackievirus	1	0.0	0.0	0.0
WS_SKN_KCL10525742__S2__L002__WS	WS_SKN_KCL10525742_S2_L002	success	Crimean Congo hemorrhagic fever virus	3	0.0	0.0	0.0
WS_SKN_KCL10525742__S2__L002__WS	WS_SKN_KCL10525742_S2_L002	success	DENV_DV1_gp1	1	0.0	0.0	0.0
WS_SKN_KCL10525742__S2__L002__WS	WS_SKN_KCL10525742_S2_L002	success	DENV_unassigned_gene_1	1	0.0	0.0	0.0
WS_SKN_KCL10525742__S2__L002__WS	WS_SKN_KCL10525742_S2_L002	success	DENV_unassigned_gene_2	1	0.0	0.0	0.0
WS_SKN_KCL10525742__S2__L002__WS	WS_SKN_KCL10525742_S2_L002	success	DENV_unassigned_gene_3	1	0.0	0.0	0.0
WS_SKN_KCL10525742__S2__L002__WS	WS_SKN_KCL10525742_S2_L002	success	DENV_unassigned_gene_4	1	0.0	0.0	0.0
WS_SKN_KCL10525742__S2__L002__WS	WS_SKN_KCL10525742_S2_L002	success	Eastern_equine_encephalitis_virus	4	0.0	0.0	0.0
WS_SKN_KCL10525742__S2__L002__WS	WS_SKN_KCL10525742_S2_L002	success	Ebolavirus	7	0.0	0.0	0.0
WS_SKN_KCL10525742__S2__L002__WS	WS_SKN_KCL10525742_S2_L002	success	Echovirus	1	0.0	0.0	0.0
WS_SKN_KCL10525742__S2__L002__WS	WS_SKN_KCL10525742_S2_L002	success	Encephalomyocarditis virus	2	0.0	0.0	0.0
WS_SKN_KCL10525742__S2__L002__WS	WS_SKN_KCL10525742_S2_L002	success	Epstein-Barr virus	96	1.0	1.0	1.0
WS_SKN_KCL10525742__S2__L002__WS	WS_SKN_KCL10525742_S2_L002	success	European bat lyssavirus	5	0.0	0.0	0.0
WS_SKN_KCL10525742__S2__L002__WS	WS_SKN_KCL10525742_S2_L002	success	Human SARS coronavirus	13	0.0	0.0	0.0
WS_SKN_KCL10525742__S2__L002__WS	WS_SKN_KCL10525742_S2_L002	success	Human adenovirus	18	0.0	0.0	0.0
WS_SKN_KCL10525742__S2__L002__WS	WS_SKN_KCL10525742_S2_L002	success	Human astrovirus	2	0.0	0.0	0.0
WS_SKN_KCL10525742__S2__L002__WS	WS_SKN_KCL10525742_S2_L002	success	Human coronavirus	7	0.0	0.0	0.0
WS_SKN_KCL10525742__S2__L002__WS	WS_SKN_KCL10525742_S2_L002	success	Human cytomegalovirus	187	0.0	0.0	0.0
WS_SKN_KCL10525742__S2__L002__WS	WS_SKN_KCL10525742_S2_L002	success	Human enterovirus 68, 70	1	0.0	0.0	0.0
WS_SKN_KCL10525742__S2__L002__WS	WS_SKN_KCL10525742_S2_L002	success	Human herpesvirus 1	79	0.0	0.0	0.0
WS_SKN_KCL10525742__S2__L002__WS	WS_SKN_KCL10525742_S2_L002	success	Human herpesvirus 2	79	0.0	0.0	0.0
WS_SKN_KCL10525742__S2__L002__WS	WS_SKN_KCL10525742_S2_L002	success	Human herpesvirus 6	88	0.0	0.0	0.0
WS_SKN_KCL10525742__S2__L002__WS	WS_SKN_KCL10525742_S2_L002	success	Human herpesvirus 6b	97	0.0	0.0	0.0
WS_SKN_KCL10525742__S2__L002__WS	WS_SKN_KCL10525742_S2_L002	success	Human herpesvirus 7	86	0.0	0.0	0.0
WS_SKN_KCL10525742__S2__L002__WS	WS_SKN_KCL10525742_S2_L002	success	Human herpesvirus 8	98	0.0	0.0	0.0
WS_SKN_KCL10525742__S2__L002__WS	WS_SKN_KCL10525742_S2_L002	success	Human papillomavirus 1	7	0.0	0.0	0.0
WS_SKN_KCL10525742__S2__L002__WS	WS_SKN_KCL10525742_S2_L002	success	Human papillomavirus 16,18	8	0.0	0.0	0.0
WS_SKN_KCL10525742__S2__L002__WS	WS_SKN_KCL10525742_S2_L002	success	Human papillomavirus 2	7	0.0	0.0	0.0
WS_SKN_KCL10525742__S2__L002__WS	WS_SKN_KCL10525742_S2_L002	success	Human parainfluenza	10	0.0	0.0	0.0
WS_SKN_KCL10525742__S2__L002__WS	WS_SKN_KCL10525742_S2_L002	success	Human parvovirus B19	6	0.0	0.0	0.0
WS_SKN_KCL10525742__S2__L002__WS	WS_SKN_KCL10525742_S2_L002	success	Human respiratory syncytial virus	10	0.0	0.0	0.0
WS_SKN_KCL10525742__S2__L002__WS	WS_SKN_KCL10525742_S2_L002	success	Human rhinovirus	1	0.0	0.0	0.0
WS_SKN_KCL10525742__S2__L002__WS	WS_SKN_KCL10525742_S2_L002	success	Influenza A virus	12	0.0	0.0	0.0
WS_SKN_KCL10525742__S2__L002__WS	WS_SKN_KCL10525742_S2_L002	success	Influenza B virus	10	0.0	0.0	0.0
WS_SKN_KCL10525742__S2__L002__WS	WS_SKN_KCL10525742_S2_L002	success	Influenza C virus	7	0.0	0.0	0.0
WS_SKN_KCL10525742__S2__L002__WS	WS_SKN_KCL10525742_S2_L002	success	JC polyomavirus	6	0.0	0.0	0.0
WS_SKN_KCL10525742__S2__L002__WS	WS_SKN_KCL10525742_S2_L002	success	Japanese encephalitis virus	2	0.0	0.0	0.0
WS_SKN_KCL10525742__S2__L002__WS	WS_SKN_KCL10525742_S2_L002	success	KI Polyomavirus	5	0.0	0.0	0.0
WS_SKN_KCL10525742__S2__L002__WS	WS_SKN_KCL10525742_S2_L002	success	Lake Victoria marburgvirus	7	0.0	0.0	0.0
WS_SKN_KCL10525742__S2__L002__WS	WS_SKN_KCL10525742_S2_L002	success	Langat virus	1	0.0	0.0	0.0
WS_SKN_KCL10525742__S2__L002__WS	WS_SKN_KCL10525742_S2_L002	success	Lassa virus	4	0.0	0.0	0.0
WS_SKN_KCL10525742__S2__L002__WS	WS_SKN_KCL10525742_S2_L002	success	Louping ill virus	1	0.0	0.0	0.0
WS_SKN_KCL10525742__S2__L002__WS	WS_SKN_KCL10525742_S2_L002	success	Lymphocytic choriomeningitis virus	4	0.0	0.0	0.0
WS_SKN_KCL10525742__S2__L002__WS	WS_SKN_KCL10525742_S2_L002	success	MERS coronavirus	10	0.0	0.0	0.0
WS_SKN_KCL10525742__S2__L002__WS	WS_SKN_KCL10525742_S2_L002	success	Mayaro virus	4	0.0	0.0	0.0
WS_SKN_KCL10525742__S2__L002__WS	WS_SKN_KCL10525742_S2_L002	success	Measles virus	6	0.0	0.0	0.0
WS_SKN_KCL10525742__S2__L002__WS	WS_SKN_KCL10525742_S2_L002	success	Merkel cell polyomavirus	4	0.0	0.0	0.0
WS_SKN_KCL10525742__S2__L002__WS	WS_SKN_KCL10525742_S2_L002	success	Molluscum contagiosum virus	163	0.0	0.0	0.0
WS_SKN_KCL10525742__S2__L002__WS	WS_SKN_KCL10525742_S2_L002	success	Monkeypox virus	180	0.0	0.0	0.0
WS_SKN_KCL10525742__S2__L002__WS	WS_SKN_KCL10525742_S2_L002	success	Mumps virus	7	0.0	0.0	0.0
WS_SKN_KCL10525742__S2__L002__WS	WS_SKN_KCL10525742_S2_L002	success	Murray valley encephalitis virus	2	0.0	0.0	0.0
WS_SKN_KCL10525742__S2__L002__WS	WS_SKN_KCL10525742_S2_L002	success	Nipah virus	6	0.0	0.0	0.0
WS_SKN_KCL10525742__S2__L002__WS	WS_SKN_KCL10525742_S2_L002	success	Norwalk virus	3	0.0	0.0	0.0
WS_SKN_KCL10525742__S2__L002__WS	WS_SKN_KCL10525742_S2_L002	success	O'nyong-nyong virus	4	0.0	0.0	0.0
WS_SKN_KCL10525742__S2__L002__WS	WS_SKN_KCL10525742_S2_L002	success	Orf virus	130	0.0	0.0	0.0
WS_SKN_KCL10525742__S2__L002__WS	WS_SKN_KCL10525742_S2_L002	success	Oropouche virus	4	0.0	0.0	0.0
WS_SKN_KCL10525742__S2__L002__WS	WS_SKN_KCL10525742_S2_L002	success	Poliovirus	5	0.0	0.0	0.0
WS_SKN_KCL10525742__S2__L002__WS	WS_SKN_KCL10525742_S2_L002	success	Rabies virus	5	0.0	0.0	0.0
WS_SKN_KCL10525742__S2__L002__WS	WS_SKN_KCL10525742_S2_L002	success	Rosavirus A	1	0.0	0.0	0.0
WS_SKN_KCL10525742__S2__L002__WS	WS_SKN_KCL10525742_S2_L002	success	Ross river virus	4	0.0	0.0	0.0
WS_SKN_KCL10525742__S2__L002__WS	WS_SKN_KCL10525742_S2_L002	success	Rotavirus A	10	0.0	0.0	0.0
WS_SKN_KCL10525742__S2__L002__WS	WS_SKN_KCL10525742_S2_L002	success	Rotavirus B	11	0.0	0.0	0.0
WS_SKN_KCL10525742__S2__L002__WS	WS_SKN_KCL10525742_S2_L002	success	Rotavirus C	11	0.0	0.0	0.0
WS_SKN_KCL10525742__S2__L002__WS	WS_SKN_KCL10525742_S2_L002	success	Rubella virus	2	0.0	0.0	0.0
WS_SKN_KCL10525742__S2__L002__WS	WS_SKN_KCL10525742_S2_L002	success	Salivirus A	1	0.0	0.0	0.0
WS_SKN_KCL10525742__S2__L002__WS	WS_SKN_KCL10525742_S2_L002	success	Sapporo virus	2	0.0	0.0	0.0
WS_SKN_KCL10525742__S2__L002__WS	WS_SKN_KCL10525742_S2_L002	success	Semliki forest virus	3	0.0	0.0	0.0
WS_SKN_KCL10525742__S2__L002__WS	WS_SKN_KCL10525742_S2_L002	success	Seoul virus	3	0.0	0.0	0.0
WS_SKN_KCL10525742__S2__L002__WS	WS_SKN_KCL10525742_S2_L002	success	Sindbis virus	4	0.0	0.0	0.0
WS_SKN_KCL10525742__S2__L002__WS	WS_SKN_KCL10525742_S2_L002	success	St. louis encephalitis virus	1	0.0	0.0	0.0
WS_SKN_KCL10525742__S2__L002__WS	WS_SKN_KCL10525742_S2_L002	success	Tick-borne powassan virus	1	0.0	0.0	0.0
WS_SKN_KCL10525742__S2__L002__WS	WS_SKN_KCL10525742_S2_L002	success	Torque teno virus	3	0.0	0.0	0.0
WS_SKN_KCL10525742__S2__L002__WS	WS_SKN_KCL10525742_S2_L002	success	Toscana virus	4	0.0	0.0	0.0
WS_SKN_KCL10525742__S2__L002__WS	WS_SKN_KCL10525742_S2_L002	success	Vaccinia virus	223	0.0	0.0	0.0
WS_SKN_KCL10525742__S2__L002__WS	WS_SKN_KCL10525742_S2_L002	success	Varicella-zoster virus	73	0.0	0.0	0.0
WS_SKN_KCL10525742__S2__L002__WS	WS_SKN_KCL10525742_S2_L002	success	Variola virus	197	0.0	0.0	0.0
WS_SKN_KCL10525742__S2__L002__WS	WS_SKN_KCL10525742_S2_L002	success	Venezuelan equine encephalitis virus	4	0.0	0.0	0.0
WS_SKN_KCL10525742__S2__L002__WS	WS_SKN_KCL10525742_S2_L002	success	Vesicular stomatitis virus	5	0.0	0.0	0.0
WS_SKN_KCL10525742__S2__L002__WS	WS_SKN_KCL10525742_S2_L002	success	WU polyomavirus	5	0.0	0.0	0.0
WS_SKN_KCL10525742__S2__L002__WS	WS_SKN_KCL10525742_S2_L002	success	West Nile virus	1	0.0	0.0	0.0
WS_SKN_KCL10525742__S2__L002__WS	WS_SKN_KCL10525742_S2_L002	success	Western equine encephalitis virus	3	0.0	0.0	0.0
WS_SKN_KCL10525742__S2__L002__WS	WS_SKN_KCL10525742_S2_L002	success	Yaba-like disease virus	152	0.0	0.0	0.0
WS_SKN_KCL10525742__S2__L002__WS	WS_SKN_KCL10525742_S2_L002	success	Yellow fever virus	1	0.0	0.0	0.0
WS_SKN_KCL10525742__S2__L002__WS	WS_SKN_KCL10525742_S2_L002	success	Zika virus	1	0.0	0.0	0.0
WS_SKN_KCL10525742__S3__L001__WS	WS_SKN_KCL10525742_S3_L001	success	ADENO_AAV2gp01	1	0.0	0.0	0.0
WS_SKN_KCL10525742__S3__L001__WS	WS_SKN_KCL10525742_S3_L001	success	ADENO_AAV2gp02	1	0.0	0.0	0.0
WS_SKN_KCL10525742__S3__L001__WS	WS_SKN_KCL10525742_S3_L001	success	ADENO_AAV2gp03	1	0.0	0.0	0.0
WS_SKN_KCL10525742__S3__L001__WS	WS_SKN_KCL10525742_S3_L001	success	ADENO_AAV2gp04	1	0.0	0.0	0.0
WS_SKN_KCL10525742__S3__L001__WS	WS_SKN_KCL10525742_S3_L001	success	ADENO_AAV2gp05	1	0.0	0.0	0.0
WS_SKN_KCL10525742__S3__L001__WS	WS_SKN_KCL10525742_S3_L001	success	ADENO_AAV2gp06	1	0.0	0.0	0.0
WS_SKN_KCL10525742__S3__L001__WS	WS_SKN_KCL10525742_S3_L001	success	ADENO_AAV2gp07	1	0.0	0.0	0.0
WS_SKN_KCL10525742__S3__L001__WS	WS_SKN_KCL10525742_S3_L001	success	ADENO_AAV2gp08	1	0.0	0.0	0.0
WS_SKN_KCL10525742__S3__L001__WS	WS_SKN_KCL10525742_S3_L001	success	ADENO_AAV2gs01	1	0.0	0.0	0.0
WS_SKN_KCL10525742__S3__L001__WS	WS_SKN_KCL10525742_S3_L001	success	ADENO_AAV2gs02	1	0.0	0.0	0.0
WS_SKN_KCL10525742__S3__L001__WS	WS_SKN_KCL10525742_S3_L001	success	ADENO_AAV2gs03	1	0.0	0.0	0.0
WS_SKN_KCL10525742__S3__L001__WS	WS_SKN_KCL10525742_S3_L001	success	Aichi virus	1	0.0	0.0	0.0
WS_SKN_KCL10525742__S3__L001__WS	WS_SKN_KCL10525742_S3_L001	success	Australian Bat Lyssavirus	5	0.0	0.0	0.0
WS_SKN_KCL10525742__S3__L001__WS	WS_SKN_KCL10525742_S3_L001	success	BK polyomavirus	6	0.0	0.0	0.0
WS_SKN_KCL10525742__S3__L001__WS	WS_SKN_KCL10525742_S3_L001	success	Banna virus	11	0.0	0.0	0.0
WS_SKN_KCL10525742__S3__L001__WS	WS_SKN_KCL10525742_S3_L001	success	Barmah forest virus	4	0.0	0.0	0.0
WS_SKN_KCL10525742__S3__L001__WS	WS_SKN_KCL10525742_S3_L001	success	Bunyamwera virus	4	0.0	0.0	0.0
WS_SKN_KCL10525742__S3__L001__WS	WS_SKN_KCL10525742_S3_L001	success	Bunyavirus La Crosse	4	0.0	0.0	0.0
WS_SKN_KCL10525742__S3__L001__WS	WS_SKN_KCL10525742_S3_L001	success	Cercopithecine herpesvirus	75	0.0	1.0669309921646373	1.0
WS_SKN_KCL10525742__S3__L001__WS	WS_SKN_KCL10525742_S3_L001	success	Chikungunya virus	2	0.0	0.0	0.0
WS_SKN_KCL10525742__S3__L001__WS	WS_SKN_KCL10525742_S3_L001	success	Cosavirus A	1	0.0	0.0	0.0
WS_SKN_KCL10525742__S3__L001__WS	WS_SKN_KCL10525742_S3_L001	success	Cowpox virus	233	0.0	0.0	0.0
WS_SKN_KCL10525742__S3__L001__WS	WS_SKN_KCL10525742_S3_L001	success	Coxsackievirus	1	0.0	0.0	0.0
WS_SKN_KCL10525742__S3__L001__WS	WS_SKN_KCL10525742_S3_L001	success	Crimean Congo hemorrhagic fever virus	3	0.0	0.0	0.0
WS_SKN_KCL10525742__S3__L001__WS	WS_SKN_KCL10525742_S3_L001	success	DENV_DV1_gp1	1	0.0	0.0	0.0
WS_SKN_KCL10525742__S3__L001__WS	WS_SKN_KCL10525742_S3_L001	success	DENV_unassigned_gene_1	1	0.0	0.0	0.0
WS_SKN_KCL10525742__S3__L001__WS	WS_SKN_KCL10525742_S3_L001	success	DENV_unassigned_gene_2	1	0.0	0.0	0.0
WS_SKN_KCL10525742__S3__L001__WS	WS_SKN_KCL10525742_S3_L001	success	DENV_unassigned_gene_3	1	0.0	0.0	0.0
WS_SKN_KCL10525742__S3__L001__WS	WS_SKN_KCL10525742_S3_L001	success	DENV_unassigned_gene_4	1	0.0	0.0	0.0
WS_SKN_KCL10525742__S3__L001__WS	WS_SKN_KCL10525742_S3_L001	success	Eastern_equine_encephalitis_virus	4	0.0	0.0	0.0
WS_SKN_KCL10525742__S3__L001__WS	WS_SKN_KCL10525742_S3_L001	success	Ebolavirus	7	0.0	0.0	0.0
WS_SKN_KCL10525742__S3__L001__WS	WS_SKN_KCL10525742_S3_L001	success	Echovirus	1	0.0	0.0	0.0
WS_SKN_KCL10525742__S3__L001__WS	WS_SKN_KCL10525742_S3_L001	success	Encephalomyocarditis virus	2	0.0	0.0	0.0
WS_SKN_KCL10525742__S3__L001__WS	WS_SKN_KCL10525742_S3_L001	success	Epstein-Barr virus	96	0.0	0.0	0.0
WS_SKN_KCL10525742__S3__L001__WS	WS_SKN_KCL10525742_S3_L001	success	European bat lyssavirus	5	0.0	0.0	0.0
WS_SKN_KCL10525742__S3__L001__WS	WS_SKN_KCL10525742_S3_L001	success	Human SARS coronavirus	13	0.0	0.0	0.0
WS_SKN_KCL10525742__S3__L001__WS	WS_SKN_KCL10525742_S3_L001	success	Human adenovirus	18	0.0	0.0	0.0
WS_SKN_KCL10525742__S3__L001__WS	WS_SKN_KCL10525742_S3_L001	success	Human astrovirus	2	0.0	0.0	0.0
WS_SKN_KCL10525742__S3__L001__WS	WS_SKN_KCL10525742_S3_L001	success	Human coronavirus	7	0.0	0.0	0.0
WS_SKN_KCL10525742__S3__L001__WS	WS_SKN_KCL10525742_S3_L001	success	Human cytomegalovirus	187	0.0	0.0	0.0
WS_SKN_KCL10525742__S3__L001__WS	WS_SKN_KCL10525742_S3_L001	success	Human enterovirus 68, 70	1	0.0	0.0	0.0
WS_SKN_KCL10525742__S3__L001__WS	WS_SKN_KCL10525742_S3_L001	success	Human herpesvirus 1	79	0.0	0.0	0.0
WS_SKN_KCL10525742__S3__L001__WS	WS_SKN_KCL10525742_S3_L001	success	Human herpesvirus 2	79	0.0	0.0	0.0
WS_SKN_KCL10525742__S3__L001__WS	WS_SKN_KCL10525742_S3_L001	success	Human herpesvirus 6	88	0.0	0.0	0.0
WS_SKN_KCL10525742__S3__L001__WS	WS_SKN_KCL10525742_S3_L001	success	Human herpesvirus 6b	97	1.0	1.0	1.0
WS_SKN_KCL10525742__S3__L001__WS	WS_SKN_KCL10525742_S3_L001	success	Human herpesvirus 7	86	1.0	1.0	1.0
WS_SKN_KCL10525742__S3__L001__WS	WS_SKN_KCL10525742_S3_L001	success	Human herpesvirus 8	98	0.0	0.0	0.0
WS_SKN_KCL10525742__S3__L001__WS	WS_SKN_KCL10525742_S3_L001	success	Human papillomavirus 1	7	0.0	0.0	0.0
WS_SKN_KCL10525742__S3__L001__WS	WS_SKN_KCL10525742_S3_L001	success	Human papillomavirus 16,18	8	0.0	0.0	0.0
WS_SKN_KCL10525742__S3__L001__WS	WS_SKN_KCL10525742_S3_L001	success	Human papillomavirus 2	7	0.0	0.0	0.0
WS_SKN_KCL10525742__S3__L001__WS	WS_SKN_KCL10525742_S3_L001	success	Human parainfluenza	10	0.0	0.0	0.0
WS_SKN_KCL10525742__S3__L001__WS	WS_SKN_KCL10525742_S3_L001	success	Human parvovirus B19	6	0.0	0.0	0.0
WS_SKN_KCL10525742__S3__L001__WS	WS_SKN_KCL10525742_S3_L001	success	Human respiratory syncytial virus	10	0.0	0.0	0.0
WS_SKN_KCL10525742__S3__L001__WS	WS_SKN_KCL10525742_S3_L001	success	Human rhinovirus	1	0.0	0.0	0.0
WS_SKN_KCL10525742__S3__L001__WS	WS_SKN_KCL10525742_S3_L001	success	Influenza A virus	12	0.0	0.0	0.0
WS_SKN_KCL10525742__S3__L001__WS	WS_SKN_KCL10525742_S3_L001	success	Influenza B virus	10	0.0	0.0	0.0
WS_SKN_KCL10525742__S3__L001__WS	WS_SKN_KCL10525742_S3_L001	success	Influenza C virus	7	0.0	0.0	0.0
WS_SKN_KCL10525742__S3__L001__WS	WS_SKN_KCL10525742_S3_L001	success	JC polyomavirus	6	0.0	0.0	0.0
WS_SKN_KCL10525742__S3__L001__WS	WS_SKN_KCL10525742_S3_L001	success	Japanese encephalitis virus	2	0.0	0.0	0.0
WS_SKN_KCL10525742__S3__L001__WS	WS_SKN_KCL10525742_S3_L001	success	KI Polyomavirus	5	0.0	0.0	0.0
WS_SKN_KCL10525742__S3__L001__WS	WS_SKN_KCL10525742_S3_L001	success	Lake Victoria marburgvirus	7	0.0	0.0	0.0
WS_SKN_KCL10525742__S3__L001__WS	WS_SKN_KCL10525742_S3_L001	success	Langat virus	1	0.0	0.0	0.0
WS_SKN_KCL10525742__S3__L001__WS	WS_SKN_KCL10525742_S3_L001	success	Lassa virus	4	0.0	0.0	0.0
WS_SKN_KCL10525742__S3__L001__WS	WS_SKN_KCL10525742_S3_L001	success	Louping ill virus	1	0.0	0.0	0.0
WS_SKN_KCL10525742__S3__L001__WS	WS_SKN_KCL10525742_S3_L001	success	Lymphocytic choriomeningitis virus	4	0.0	0.0	0.0
WS_SKN_KCL10525742__S3__L001__WS	WS_SKN_KCL10525742_S3_L001	success	MERS coronavirus	10	0.0	0.0	0.0
WS_SKN_KCL10525742__S3__L001__WS	WS_SKN_KCL10525742_S3_L001	success	Mayaro virus	4	0.0	0.0	0.0
WS_SKN_KCL10525742__S3__L001__WS	WS_SKN_KCL10525742_S3_L001	success	Measles virus	6	0.0	0.0	0.0
WS_SKN_KCL10525742__S3__L001__WS	WS_SKN_KCL10525742_S3_L001	success	Merkel cell polyomavirus	4	0.0	0.0	0.0
WS_SKN_KCL10525742__S3__L001__WS	WS_SKN_KCL10525742_S3_L001	success	Molluscum contagiosum virus	163	0.0	0.0	0.0
WS_SKN_KCL10525742__S3__L001__WS	WS_SKN_KCL10525742_S3_L001	success	Monkeypox virus	180	0.0	0.0	0.0
WS_SKN_KCL10525742__S3__L001__WS	WS_SKN_KCL10525742_S3_L001	success	Mumps virus	7	0.0	0.0	0.0
WS_SKN_KCL10525742__S3__L001__WS	WS_SKN_KCL10525742_S3_L001	success	Murray valley encephalitis virus	2	0.0	0.0	0.0
WS_SKN_KCL10525742__S3__L001__WS	WS_SKN_KCL10525742_S3_L001	success	Nipah virus	6	0.0	0.0	0.0
WS_SKN_KCL10525742__S3__L001__WS	WS_SKN_KCL10525742_S3_L001	success	Norwalk virus	3	0.0	0.0	0.0
WS_SKN_KCL10525742__S3__L001__WS	WS_SKN_KCL10525742_S3_L001	success	O'nyong-nyong virus	4	0.0	0.0	0.0
WS_SKN_KCL10525742__S3__L001__WS	WS_SKN_KCL10525742_S3_L001	success	Orf virus	130	0.0	0.0	0.0
WS_SKN_KCL10525742__S3__L001__WS	WS_SKN_KCL10525742_S3_L001	success	Oropouche virus	4	0.0	0.0	0.0
WS_SKN_KCL10525742__S3__L001__WS	WS_SKN_KCL10525742_S3_L001	success	Poliovirus	5	0.0	0.0	0.0
WS_SKN_KCL10525742__S3__L001__WS	WS_SKN_KCL10525742_S3_L001	success	Rabies virus	5	0.0	0.0	0.0
WS_SKN_KCL10525742__S3__L001__WS	WS_SKN_KCL10525742_S3_L001	success	Rosavirus A	1	0.0	0.0	0.0
WS_SKN_KCL10525742__S3__L001__WS	WS_SKN_KCL10525742_S3_L001	success	Ross river virus	4	0.0	0.0	0.0
WS_SKN_KCL10525742__S3__L001__WS	WS_SKN_KCL10525742_S3_L001	success	Rotavirus A	10	0.0	0.0	0.0
WS_SKN_KCL10525742__S3__L001__WS	WS_SKN_KCL10525742_S3_L001	success	Rotavirus B	11	0.0	0.0	0.0
WS_SKN_KCL10525742__S3__L001__WS	WS_SKN_KCL10525742_S3_L001	success	Rotavirus C	11	0.0	0.0	0.0
WS_SKN_KCL10525742__S3__L001__WS	WS_SKN_KCL10525742_S3_L001	success	Rubella virus	2	0.0	0.0	0.0
WS_SKN_KCL10525742__S3__L001__WS	WS_SKN_KCL10525742_S3_L001	success	Salivirus A	1	0.0	0.0	0.0
WS_SKN_KCL10525742__S3__L001__WS	WS_SKN_KCL10525742_S3_L001	success	Sapporo virus	2	0.0	0.0	0.0
WS_SKN_KCL10525742__S3__L001__WS	WS_SKN_KCL10525742_S3_L001	success	Semliki forest virus	3	0.0	0.0	0.0
WS_SKN_KCL10525742__S3__L001__WS	WS_SKN_KCL10525742_S3_L001	success	Seoul virus	3	0.0	0.0	0.0
WS_SKN_KCL10525742__S3__L001__WS	WS_SKN_KCL10525742_S3_L001	success	Sindbis virus	4	0.0	0.0	0.0
WS_SKN_KCL10525742__S3__L001__WS	WS_SKN_KCL10525742_S3_L001	success	St. louis encephalitis virus	1	0.0	0.0	0.0
WS_SKN_KCL10525742__S3__L001__WS	WS_SKN_KCL10525742_S3_L001	success	Tick-borne powassan virus	1	0.0	0.0	0.0
WS_SKN_KCL10525742__S3__L001__WS	WS_SKN_KCL10525742_S3_L001	success	Torque teno virus	3	0.0	0.0	0.0
WS_SKN_KCL10525742__S3__L001__WS	WS_SKN_KCL10525742_S3_L001	success	Toscana virus	4	0.0	0.0	0.0
WS_SKN_KCL10525742__S3__L001__WS	WS_SKN_KCL10525742_S3_L001	success	Vaccinia virus	223	0.0	0.0	0.0
WS_SKN_KCL10525742__S3__L001__WS	WS_SKN_KCL10525742_S3_L001	success	Varicella-zoster virus	73	0.0	0.0	0.0
WS_SKN_KCL10525742__S3__L001__WS	WS_SKN_KCL10525742_S3_L001	success	Variola virus	197	0.0	0.0	0.0
WS_SKN_KCL10525742__S3__L001__WS	WS_SKN_KCL10525742_S3_L001	success	Venezuelan equine encephalitis virus	4	0.0	0.0	0.0
WS_SKN_KCL10525742__S3__L001__WS	WS_SKN_KCL10525742_S3_L001	success	Vesicular stomatitis virus	5	0.0	0.0	0.0
WS_SKN_KCL10525742__S3__L001__WS	WS_SKN_KCL10525742_S3_L001	success	WU polyomavirus	5	0.0	0.0	0.0
WS_SKN_KCL10525742__S3__L001__WS	WS_SKN_KCL10525742_S3_L001	success	West Nile virus	1	0.0	0.0	0.0
WS_SKN_KCL10525742__S3__L001__WS	WS_SKN_KCL10525742_S3_L001	success	Western equine encephalitis virus	3	0.0	0.0	0.0
WS_SKN_KCL10525742__S3__L001__WS	WS_SKN_KCL10525742_S3_L001	success	Yaba-like disease virus	152	0.0	0.0	0.0
WS_SKN_KCL10525742__S3__L001__WS	WS_SKN_KCL10525742_S3_L001	success	Yellow fever virus	1	0.0	0.0	0.0
WS_SKN_KCL10525742__S3__L001__WS	WS_SKN_KCL10525742_S3_L001	success	Zika virus	1	0.0	0.0	0.0
WS_SKN_KCL10525742__S3__L002__WS	WS_SKN_KCL10525742_S3_L002	success	ADENO_AAV2gp01	1	0.0	0.0	0.0
WS_SKN_KCL10525742__S3__L002__WS	WS_SKN_KCL10525742_S3_L002	success	ADENO_AAV2gp02	1	0.0	0.0	0.0
WS_SKN_KCL10525742__S3__L002__WS	WS_SKN_KCL10525742_S3_L002	success	ADENO_AAV2gp03	1	0.0	0.0	0.0
WS_SKN_KCL10525742__S3__L002__WS	WS_SKN_KCL10525742_S3_L002	success	ADENO_AAV2gp04	1	0.0	0.0	0.0
WS_SKN_KCL10525742__S3__L002__WS	WS_SKN_KCL10525742_S3_L002	success	ADENO_AAV2gp05	1	0.0	0.0	0.0
WS_SKN_KCL10525742__S3__L002__WS	WS_SKN_KCL10525742_S3_L002	success	ADENO_AAV2gp06	1	0.0	0.0	0.0
WS_SKN_KCL10525742__S3__L002__WS	WS_SKN_KCL10525742_S3_L002	success	ADENO_AAV2gp07	1	0.0	0.0	0.0
WS_SKN_KCL10525742__S3__L002__WS	WS_SKN_KCL10525742_S3_L002	success	ADENO_AAV2gp08	1	0.0	0.0	0.0
WS_SKN_KCL10525742__S3__L002__WS	WS_SKN_KCL10525742_S3_L002	success	ADENO_AAV2gs01	1	0.0	0.0	0.0
WS_SKN_KCL10525742__S3__L002__WS	WS_SKN_KCL10525742_S3_L002	success	ADENO_AAV2gs02	1	0.0	0.0	0.0
WS_SKN_KCL10525742__S3__L002__WS	WS_SKN_KCL10525742_S3_L002	success	ADENO_AAV2gs03	1	0.0	0.0	0.0
WS_SKN_KCL10525742__S3__L002__WS	WS_SKN_KCL10525742_S3_L002	success	Aichi virus	1	0.0	0.0	0.0
WS_SKN_KCL10525742__S3__L002__WS	WS_SKN_KCL10525742_S3_L002	success	Australian Bat Lyssavirus	5	0.0	0.0	0.0
WS_SKN_KCL10525742__S3__L002__WS	WS_SKN_KCL10525742_S3_L002	success	BK polyomavirus	6	0.0	0.0	0.0
WS_SKN_KCL10525742__S3__L002__WS	WS_SKN_KCL10525742_S3_L002	success	Banna virus	11	0.0	0.0	0.0
WS_SKN_KCL10525742__S3__L002__WS	WS_SKN_KCL10525742_S3_L002	success	Barmah forest virus	4	0.0	0.0	0.0
WS_SKN_KCL10525742__S3__L002__WS	WS_SKN_KCL10525742_S3_L002	success	Bunyamwera virus	4	0.0	0.0	0.0
WS_SKN_KCL10525742__S3__L002__WS	WS_SKN_KCL10525742_S3_L002	success	Bunyavirus La Crosse	4	0.0	0.0	0.0
WS_SKN_KCL10525742__S3__L002__WS	WS_SKN_KCL10525742_S3_L002	success	Cercopithecine herpesvirus	75	0.0	3.6993769470404976	3.0
WS_SKN_KCL10525742__S3__L002__WS	WS_SKN_KCL10525742_S3_L002	success	Chikungunya virus	2	0.0	0.0	0.0
WS_SKN_KCL10525742__S3__L002__WS	WS_SKN_KCL10525742_S3_L002	success	Cosavirus A	1	0.0	0.0	0.0
WS_SKN_KCL10525742__S3__L002__WS	WS_SKN_KCL10525742_S3_L002	success	Cowpox virus	233	0.0	0.07692307692307693	0.0
WS_SKN_KCL10525742__S3__L002__WS	WS_SKN_KCL10525742_S3_L002	success	Coxsackievirus	1	0.0	0.0	0.0
WS_SKN_KCL10525742__S3__L002__WS	WS_SKN_KCL10525742_S3_L002	success	Crimean Congo hemorrhagic fever virus	3	0.0	0.0	0.0
WS_SKN_KCL10525742__S3__L002__WS	WS_SKN_KCL10525742_S3_L002	success	DENV_DV1_gp1	1	0.0	0.0	0.0
WS_SKN_KCL10525742__S3__L002__WS	WS_SKN_KCL10525742_S3_L002	success	DENV_unassigned_gene_1	1	0.0	0.0	0.0
WS_SKN_KCL10525742__S3__L002__WS	WS_SKN_KCL10525742_S3_L002	success	DENV_unassigned_gene_2	1	0.0	0.0	0.0
WS_SKN_KCL10525742__S3__L002__WS	WS_SKN_KCL10525742_S3_L002	success	DENV_unassigned_gene_3	1	0.0	0.0	0.0
WS_SKN_KCL10525742__S3__L002__WS	WS_SKN_KCL10525742_S3_L002	success	DENV_unassigned_gene_4	1	0.0	0.0	0.0
WS_SKN_KCL10525742__S3__L002__WS	WS_SKN_KCL10525742_S3_L002	success	Eastern_equine_encephalitis_virus	4	0.0	0.0	0.0
WS_SKN_KCL10525742__S3__L002__WS	WS_SKN_KCL10525742_S3_L002	success	Ebolavirus	7	0.0	0.0	0.0
WS_SKN_KCL10525742__S3__L002__WS	WS_SKN_KCL10525742_S3_L002	success	Echovirus	1	0.0	0.0	0.0
WS_SKN_KCL10525742__S3__L002__WS	WS_SKN_KCL10525742_S3_L002	success	Encephalomyocarditis virus	2	0.0	0.0	0.0
WS_SKN_KCL10525742__S3__L002__WS	WS_SKN_KCL10525742_S3_L002	success	Epstein-Barr virus	96	0.0	0.0	0.0
WS_SKN_KCL10525742__S3__L002__WS	WS_SKN_KCL10525742_S3_L002	success	European bat lyssavirus	5	0.0	0.0	0.0
WS_SKN_KCL10525742__S3__L002__WS	WS_SKN_KCL10525742_S3_L002	success	Human SARS coronavirus	13	0.0	0.0	0.0
WS_SKN_KCL10525742__S3__L002__WS	WS_SKN_KCL10525742_S3_L002	success	Human adenovirus	18	0.0	0.0	0.0
WS_SKN_KCL10525742__S3__L002__WS	WS_SKN_KCL10525742_S3_L002	success	Human astrovirus	2	0.0	0.0	0.0
WS_SKN_KCL10525742__S3__L002__WS	WS_SKN_KCL10525742_S3_L002	success	Human coronavirus	7	0.0	0.0	0.0
WS_SKN_KCL10525742__S3__L002__WS	WS_SKN_KCL10525742_S3_L002	success	Human cytomegalovirus	187	0.0	0.0	0.0
WS_SKN_KCL10525742__S3__L002__WS	WS_SKN_KCL10525742_S3_L002	success	Human enterovirus 68, 70	1	0.0	0.0	0.0
WS_SKN_KCL10525742__S3__L002__WS	WS_SKN_KCL10525742_S3_L002	success	Human herpesvirus 1	79	0.0	0.0	0.0
WS_SKN_KCL10525742__S3__L002__WS	WS_SKN_KCL10525742_S3_L002	success	Human herpesvirus 2	79	0.0	0.0	0.0
WS_SKN_KCL10525742__S3__L002__WS	WS_SKN_KCL10525742_S3_L002	success	Human herpesvirus 6	88	0.0	0.0	0.0
WS_SKN_KCL10525742__S3__L002__WS	WS_SKN_KCL10525742_S3_L002	success	Human herpesvirus 6b	97	0.0	0.0	0.0
WS_SKN_KCL10525742__S3__L002__WS	WS_SKN_KCL10525742_S3_L002	success	Human herpesvirus 7	86	0.0	0.0	0.0
WS_SKN_KCL10525742__S3__L002__WS	WS_SKN_KCL10525742_S3_L002	success	Human herpesvirus 8	98	0.0	0.0	0.0
WS_SKN_KCL10525742__S3__L002__WS	WS_SKN_KCL10525742_S3_L002	success	Human papillomavirus 1	7	0.0	0.0	0.0
WS_SKN_KCL10525742__S3__L002__WS	WS_SKN_KCL10525742_S3_L002	success	Human papillomavirus 16,18	8	0.0	0.0	0.0
WS_SKN_KCL10525742__S3__L002__WS	WS_SKN_KCL10525742_S3_L002	success	Human papillomavirus 2	7	0.0	0.0	0.0
WS_SKN_KCL10525742__S3__L002__WS	WS_SKN_KCL10525742_S3_L002	success	Human parainfluenza	10	0.0	0.0	0.0
WS_SKN_KCL10525742__S3__L002__WS	WS_SKN_KCL10525742_S3_L002	success	Human parvovirus B19	6	0.0	0.0	0.0
WS_SKN_KCL10525742__S3__L002__WS	WS_SKN_KCL10525742_S3_L002	success	Human respiratory syncytial virus	10	0.0	0.0	0.0
WS_SKN_KCL10525742__S3__L002__WS	WS_SKN_KCL10525742_S3_L002	success	Human rhinovirus	1	0.0	0.0	0.0
WS_SKN_KCL10525742__S3__L002__WS	WS_SKN_KCL10525742_S3_L002	success	Influenza A virus	12	0.0	0.0	0.0
WS_SKN_KCL10525742__S3__L002__WS	WS_SKN_KCL10525742_S3_L002	success	Influenza B virus	10	0.0	0.0	0.0
WS_SKN_KCL10525742__S3__L002__WS	WS_SKN_KCL10525742_S3_L002	success	Influenza C virus	7	0.0	0.0	0.0
WS_SKN_KCL10525742__S3__L002__WS	WS_SKN_KCL10525742_S3_L002	success	JC polyomavirus	6	0.0	0.0	0.0
WS_SKN_KCL10525742__S3__L002__WS	WS_SKN_KCL10525742_S3_L002	success	Japanese encephalitis virus	2	0.0	0.0	0.0
WS_SKN_KCL10525742__S3__L002__WS	WS_SKN_KCL10525742_S3_L002	success	KI Polyomavirus	5	0.0	0.0	0.0
WS_SKN_KCL10525742__S3__L002__WS	WS_SKN_KCL10525742_S3_L002	success	Lake Victoria marburgvirus	7	0.0	0.0	0.0
WS_SKN_KCL10525742__S3__L002__WS	WS_SKN_KCL10525742_S3_L002	success	Langat virus	1	0.0	0.0	0.0
WS_SKN_KCL10525742__S3__L002__WS	WS_SKN_KCL10525742_S3_L002	success	Lassa virus	4	0.0	0.0	0.0
WS_SKN_KCL10525742__S3__L002__WS	WS_SKN_KCL10525742_S3_L002	success	Louping ill virus	1	0.0	0.0	0.0
WS_SKN_KCL10525742__S3__L002__WS	WS_SKN_KCL10525742_S3_L002	success	Lymphocytic choriomeningitis virus	4	0.0	0.0	0.0
WS_SKN_KCL10525742__S3__L002__WS	WS_SKN_KCL10525742_S3_L002	success	MERS coronavirus	10	0.0	0.0	0.0
WS_SKN_KCL10525742__S3__L002__WS	WS_SKN_KCL10525742_S3_L002	success	Mayaro virus	4	0.0	0.0	0.0
WS_SKN_KCL10525742__S3__L002__WS	WS_SKN_KCL10525742_S3_L002	success	Measles virus	6	0.0	0.0	0.0
WS_SKN_KCL10525742__S3__L002__WS	WS_SKN_KCL10525742_S3_L002	success	Merkel cell polyomavirus	4	0.0	0.0	0.0
WS_SKN_KCL10525742__S3__L002__WS	WS_SKN_KCL10525742_S3_L002	success	Molluscum contagiosum virus	163	2.0	2.0	2.0
WS_SKN_KCL10525742__S3__L002__WS	WS_SKN_KCL10525742_S3_L002	success	Monkeypox virus	180	0.0	0.07692307692307693	0.0
WS_SKN_KCL10525742__S3__L002__WS	WS_SKN_KCL10525742_S3_L002	success	Mumps virus	7	0.0	0.0	0.0
WS_SKN_KCL10525742__S3__L002__WS	WS_SKN_KCL10525742_S3_L002	success	Murray valley encephalitis virus	2	0.0	0.0	0.0
WS_SKN_KCL10525742__S3__L002__WS	WS_SKN_KCL10525742_S3_L002	success	Nipah virus	6	0.0	0.0	0.0
WS_SKN_KCL10525742__S3__L002__WS	WS_SKN_KCL10525742_S3_L002	success	Norwalk virus	3	0.0	0.0	0.0
WS_SKN_KCL10525742__S3__L002__WS	WS_SKN_KCL10525742_S3_L002	success	O'nyong-nyong virus	4	0.0	0.0	0.0
WS_SKN_KCL10525742__S3__L002__WS	WS_SKN_KCL10525742_S3_L002	success	Orf virus	130	0.0	0.0	0.0
WS_SKN_KCL10525742__S3__L002__WS	WS_SKN_KCL10525742_S3_L002	success	Oropouche virus	4	0.0	0.0	0.0
WS_SKN_KCL10525742__S3__L002__WS	WS_SKN_KCL10525742_S3_L002	success	Poliovirus	5	0.0	0.0	0.0
WS_SKN_KCL10525742__S3__L002__WS	WS_SKN_KCL10525742_S3_L002	success	Rabies virus	5	0.0	0.0	0.0
WS_SKN_KCL10525742__S3__L002__WS	WS_SKN_KCL10525742_S3_L002	success	Rosavirus A	1	0.0	0.0	0.0
WS_SKN_KCL10525742__S3__L002__WS	WS_SKN_KCL10525742_S3_L002	success	Ross river virus	4	0.0	0.0	0.0
WS_SKN_KCL10525742__S3__L002__WS	WS_SKN_KCL10525742_S3_L002	success	Rotavirus A	10	0.0	0.0	0.0
WS_SKN_KCL10525742__S3__L002__WS	WS_SKN_KCL10525742_S3_L002	success	Rotavirus B	11	0.0	0.0	0.0
WS_SKN_KCL10525742__S3__L002__WS	WS_SKN_KCL10525742_S3_L002	success	Rotavirus C	11	0.0	0.0	0.0
WS_SKN_KCL10525742__S3__L002__WS	WS_SKN_KCL10525742_S3_L002	success	Rubella virus	2	0.0	0.0	0.0
WS_SKN_KCL10525742__S3__L002__WS	WS_SKN_KCL10525742_S3_L002	success	Salivirus A	1	0.0	0.0	0.0
WS_SKN_KCL10525742__S3__L002__WS	WS_SKN_KCL10525742_S3_L002	success	Sapporo virus	2	0.0	0.0	0.0
WS_SKN_KCL10525742__S3__L002__WS	WS_SKN_KCL10525742_S3_L002	success	Semliki forest virus	3	0.0	0.0	0.0
WS_SKN_KCL10525742__S3__L002__WS	WS_SKN_KCL10525742_S3_L002	success	Seoul virus	3	0.0	0.0	0.0
WS_SKN_KCL10525742__S3__L002__WS	WS_SKN_KCL10525742_S3_L002	success	Sindbis virus	4	0.0	0.0	0.0
WS_SKN_KCL10525742__S3__L002__WS	WS_SKN_KCL10525742_S3_L002	success	St. louis encephalitis virus	1	0.0	0.0	0.0
WS_SKN_KCL10525742__S3__L002__WS	WS_SKN_KCL10525742_S3_L002	success	Tick-borne powassan virus	1	0.0	0.0	0.0
WS_SKN_KCL10525742__S3__L002__WS	WS_SKN_KCL10525742_S3_L002	success	Torque teno virus	3	0.0	0.0	0.0
WS_SKN_KCL10525742__S3__L002__WS	WS_SKN_KCL10525742_S3_L002	success	Toscana virus	4	0.0	0.0	0.0
WS_SKN_KCL10525742__S3__L002__WS	WS_SKN_KCL10525742_S3_L002	success	Vaccinia virus	223	0.0	0.0	0.0
WS_SKN_KCL10525742__S3__L002__WS	WS_SKN_KCL10525742_S3_L002	success	Varicella-zoster virus	73	0.0	0.0	0.0
WS_SKN_KCL10525742__S3__L002__WS	WS_SKN_KCL10525742_S3_L002	success	Variola virus	197	0.0	0.0	0.0
WS_SKN_KCL10525742__S3__L002__WS	WS_SKN_KCL10525742_S3_L002	success	Venezuelan equine encephalitis virus	4	0.0	0.0	0.0
WS_SKN_KCL10525742__S3__L002__WS	WS_SKN_KCL10525742_S3_L002	success	Vesicular stomatitis virus	5	0.0	0.0	0.0
WS_SKN_KCL10525742__S3__L002__WS	WS_SKN_KCL10525742_S3_L002	success	WU polyomavirus	5	0.0	0.0	0.0
WS_SKN_KCL10525742__S3__L002__WS	WS_SKN_KCL10525742_S3_L002	success	West Nile virus	1	0.0	0.0	0.0
WS_SKN_KCL10525742__S3__L002__WS	WS_SKN_KCL10525742_S3_L002	success	Western equine encephalitis virus	3	0.0	0.0	0.0
WS_SKN_KCL10525742__S3__L002__WS	WS_SKN_KCL10525742_S3_L002	success	Yaba-like disease virus	152	0.0	0.0	0.0
WS_SKN_KCL10525742__S3__L002__WS	WS_SKN_KCL10525742_S3_L002	success	Yellow fever virus	1	0.0	0.0	0.0
WS_SKN_KCL10525742__S3__L002__WS	WS_SKN_KCL10525742_S3_L002	success	Zika virus	1	0.0	0.0	0.0
WS_SKN_KCL9369632__S1__L001__WS	WS_SKN_KCL9369632_S1_L001	success	ADENO_AAV2gp01	1	0.0	0.0	0.0
WS_SKN_KCL9369632__S1__L001__WS	WS_SKN_KCL9369632_S1_L001	success	ADENO_AAV2gp02	1	0.0	0.0	0.0
WS_SKN_KCL9369632__S1__L001__WS	WS_SKN_KCL9369632_S1_L001	success	ADENO_AAV2gp03	1	0.0	0.0	0.0
WS_SKN_KCL9369632__S1__L001__WS	WS_SKN_KCL9369632_S1_L001	success	ADENO_AAV2gp04	1	0.0	0.0	0.0
WS_SKN_KCL9369632__S1__L001__WS	WS_SKN_KCL9369632_S1_L001	success	ADENO_AAV2gp05	1	0.0	0.0	0.0
WS_SKN_KCL9369632__S1__L001__WS	WS_SKN_KCL9369632_S1_L001	success	ADENO_AAV2gp06	1	0.0	0.0	0.0
WS_SKN_KCL9369632__S1__L001__WS	WS_SKN_KCL9369632_S1_L001	success	ADENO_AAV2gp07	1	0.0	0.0	0.0
WS_SKN_KCL9369632__S1__L001__WS	WS_SKN_KCL9369632_S1_L001	success	ADENO_AAV2gp08	1	0.0	0.0	0.0
WS_SKN_KCL9369632__S1__L001__WS	WS_SKN_KCL9369632_S1_L001	success	ADENO_AAV2gs01	1	0.0	0.0	0.0
WS_SKN_KCL9369632__S1__L001__WS	WS_SKN_KCL9369632_S1_L001	success	ADENO_AAV2gs02	1	0.0	0.0	0.0
WS_SKN_KCL9369632__S1__L001__WS	WS_SKN_KCL9369632_S1_L001	success	ADENO_AAV2gs03	1	0.0	0.0	0.0
WS_SKN_KCL9369632__S1__L001__WS	WS_SKN_KCL9369632_S1_L001	success	Aichi virus	1	0.0	0.0	0.0
WS_SKN_KCL9369632__S1__L001__WS	WS_SKN_KCL9369632_S1_L001	success	Australian Bat Lyssavirus	5	0.0	0.0	0.0
WS_SKN_KCL9369632__S1__L001__WS	WS_SKN_KCL9369632_S1_L001	success	BK polyomavirus	6	0.0	0.0	0.0
WS_SKN_KCL9369632__S1__L001__WS	WS_SKN_KCL9369632_S1_L001	success	Banna virus	11	0.0	0.0	0.0
WS_SKN_KCL9369632__S1__L001__WS	WS_SKN_KCL9369632_S1_L001	success	Barmah forest virus	4	0.0	0.0	0.0
WS_SKN_KCL9369632__S1__L001__WS	WS_SKN_KCL9369632_S1_L001	success	Bunyamwera virus	4	0.0	0.0	0.0
WS_SKN_KCL9369632__S1__L001__WS	WS_SKN_KCL9369632_S1_L001	success	Bunyavirus La Crosse	4	0.0	0.0	0.0
WS_SKN_KCL9369632__S1__L001__WS	WS_SKN_KCL9369632_S1_L001	success	Cercopithecine herpesvirus	75	0.0	1.8825246231788288	1.0
WS_SKN_KCL9369632__S1__L001__WS	WS_SKN_KCL9369632_S1_L001	success	Chikungunya virus	2	0.0	0.0	0.0
WS_SKN_KCL9369632__S1__L001__WS	WS_SKN_KCL9369632_S1_L001	success	Cosavirus A	1	0.0	0.0	0.0
WS_SKN_KCL9369632__S1__L001__WS	WS_SKN_KCL9369632_S1_L001	success	Cowpox virus	233	0.0	0.0	0.0
WS_SKN_KCL9369632__S1__L001__WS	WS_SKN_KCL9369632_S1_L001	success	Coxsackievirus	1	0.0	0.0	0.0
WS_SKN_KCL9369632__S1__L001__WS	WS_SKN_KCL9369632_S1_L001	success	Crimean Congo hemorrhagic fever virus	3	0.0	0.0	0.0
WS_SKN_KCL9369632__S1__L001__WS	WS_SKN_KCL9369632_S1_L001	success	DENV_DV1_gp1	1	0.0	0.0	0.0
WS_SKN_KCL9369632__S1__L001__WS	WS_SKN_KCL9369632_S1_L001	success	DENV_unassigned_gene_1	1	0.0	0.0	0.0
WS_SKN_KCL9369632__S1__L001__WS	WS_SKN_KCL9369632_S1_L001	success	DENV_unassigned_gene_2	1	0.0	0.0	0.0
WS_SKN_KCL9369632__S1__L001__WS	WS_SKN_KCL9369632_S1_L001	success	DENV_unassigned_gene_3	1	0.0	0.0	0.0
WS_SKN_KCL9369632__S1__L001__WS	WS_SKN_KCL9369632_S1_L001	success	DENV_unassigned_gene_4	1	0.0	0.0	0.0
WS_SKN_KCL9369632__S1__L001__WS	WS_SKN_KCL9369632_S1_L001	success	Eastern_equine_encephalitis_virus	4	0.0	0.0	0.0
WS_SKN_KCL9369632__S1__L001__WS	WS_SKN_KCL9369632_S1_L001	success	Ebolavirus	7	0.0	0.0	0.0
WS_SKN_KCL9369632__S1__L001__WS	WS_SKN_KCL9369632_S1_L001	success	Echovirus	1	0.0	0.0	0.0
WS_SKN_KCL9369632__S1__L001__WS	WS_SKN_KCL9369632_S1_L001	success	Encephalomyocarditis virus	2	0.0	0.0	0.0
WS_SKN_KCL9369632__S1__L001__WS	WS_SKN_KCL9369632_S1_L001	success	Epstein-Barr virus	96	0.0	0.0	0.0
WS_SKN_KCL9369632__S1__L001__WS	WS_SKN_KCL9369632_S1_L001	success	European bat lyssavirus	5	0.0	0.0	0.0
WS_SKN_KCL9369632__S1__L001__WS	WS_SKN_KCL9369632_S1_L001	success	Human SARS coronavirus	13	0.0	0.0	0.0
WS_SKN_KCL9369632__S1__L001__WS	WS_SKN_KCL9369632_S1_L001	success	Human adenovirus	18	0.0	0.0	0.0
WS_SKN_KCL9369632__S1__L001__WS	WS_SKN_KCL9369632_S1_L001	success	Human astrovirus	2	0.0	0.0	0.0
WS_SKN_KCL9369632__S1__L001__WS	WS_SKN_KCL9369632_S1_L001	success	Human coronavirus	7	0.0	0.0	0.0
WS_SKN_KCL9369632__S1__L001__WS	WS_SKN_KCL9369632_S1_L001	success	Human cytomegalovirus	187	0.0	0.0	0.0
WS_SKN_KCL9369632__S1__L001__WS	WS_SKN_KCL9369632_S1_L001	success	Human enterovirus 68, 70	1	0.0	0.0	0.0
WS_SKN_KCL9369632__S1__L001__WS	WS_SKN_KCL9369632_S1_L001	success	Human herpesvirus 1	79	0.0	0.0	0.0
WS_SKN_KCL9369632__S1__L001__WS	WS_SKN_KCL9369632_S1_L001	success	Human herpesvirus 2	79	0.0	0.0	0.0
WS_SKN_KCL9369632__S1__L001__WS	WS_SKN_KCL9369632_S1_L001	success	Human herpesvirus 6	88	0.0	0.0	0.0
WS_SKN_KCL9369632__S1__L001__WS	WS_SKN_KCL9369632_S1_L001	success	Human herpesvirus 6b	97	1.0	1.0	1.0
WS_SKN_KCL9369632__S1__L001__WS	WS_SKN_KCL9369632_S1_L001	success	Human herpesvirus 7	86	0.0	0.0	0.0
WS_SKN_KCL9369632__S1__L001__WS	WS_SKN_KCL9369632_S1_L001	success	Human herpesvirus 8	98	0.0	0.0	0.0
WS_SKN_KCL9369632__S1__L001__WS	WS_SKN_KCL9369632_S1_L001	success	Human papillomavirus 1	7	0.0	0.0	0.0
WS_SKN_KCL9369632__S1__L001__WS	WS_SKN_KCL9369632_S1_L001	success	Human papillomavirus 16,18	8	0.0	0.0	0.0
WS_SKN_KCL9369632__S1__L001__WS	WS_SKN_KCL9369632_S1_L001	success	Human papillomavirus 2	7	0.0	0.0	0.0
WS_SKN_KCL9369632__S1__L001__WS	WS_SKN_KCL9369632_S1_L001	success	Human parainfluenza	10	0.0	0.0	0.0
WS_SKN_KCL9369632__S1__L001__WS	WS_SKN_KCL9369632_S1_L001	success	Human parvovirus B19	6	0.0	0.0	0.0
WS_SKN_KCL9369632__S1__L001__WS	WS_SKN_KCL9369632_S1_L001	success	Human respiratory syncytial virus	10	0.0	0.0	0.0
WS_SKN_KCL9369632__S1__L001__WS	WS_SKN_KCL9369632_S1_L001	success	Human rhinovirus	1	0.0	0.0	0.0
WS_SKN_KCL9369632__S1__L001__WS	WS_SKN_KCL9369632_S1_L001	success	Influenza A virus	12	0.0	0.0	0.0
WS_SKN_KCL9369632__S1__L001__WS	WS_SKN_KCL9369632_S1_L001	success	Influenza B virus	10	0.0	0.0	0.0
WS_SKN_KCL9369632__S1__L001__WS	WS_SKN_KCL9369632_S1_L001	success	Influenza C virus	7	0.0	0.0	0.0
WS_SKN_KCL9369632__S1__L001__WS	WS_SKN_KCL9369632_S1_L001	success	JC polyomavirus	6	0.0	0.0	0.0
WS_SKN_KCL9369632__S1__L001__WS	WS_SKN_KCL9369632_S1_L001	success	Japanese encephalitis virus	2	0.0	0.0	0.0
WS_SKN_KCL9369632__S1__L001__WS	WS_SKN_KCL9369632_S1_L001	success	KI Polyomavirus	5	0.0	0.0	0.0
WS_SKN_KCL9369632__S1__L001__WS	WS_SKN_KCL9369632_S1_L001	success	Lake Victoria marburgvirus	7	0.0	0.0	0.0
WS_SKN_KCL9369632__S1__L001__WS	WS_SKN_KCL9369632_S1_L001	success	Langat virus	1	0.0	0.0	0.0
WS_SKN_KCL9369632__S1__L001__WS	WS_SKN_KCL9369632_S1_L001	success	Lassa virus	4	0.0	0.0	0.0
WS_SKN_KCL9369632__S1__L001__WS	WS_SKN_KCL9369632_S1_L001	success	Louping ill virus	1	0.0	0.0	0.0
WS_SKN_KCL9369632__S1__L001__WS	WS_SKN_KCL9369632_S1_L001	success	Lymphocytic choriomeningitis virus	4	0.0	0.0	0.0
WS_SKN_KCL9369632__S1__L001__WS	WS_SKN_KCL9369632_S1_L001	success	MERS coronavirus	10	0.0	0.0	0.0
WS_SKN_KCL9369632__S1__L001__WS	WS_SKN_KCL9369632_S1_L001	success	Mayaro virus	4	0.0	0.0	0.0
WS_SKN_KCL9369632__S1__L001__WS	WS_SKN_KCL9369632_S1_L001	success	Measles virus	6	0.0	0.0	0.0
WS_SKN_KCL9369632__S1__L001__WS	WS_SKN_KCL9369632_S1_L001	success	Merkel cell polyomavirus	4	0.0	0.0	0.0
WS_SKN_KCL9369632__S1__L001__WS	WS_SKN_KCL9369632_S1_L001	success	Molluscum contagiosum virus	163	0.0	0.0	0.0
WS_SKN_KCL9369632__S1__L001__WS	WS_SKN_KCL9369632_S1_L001	success	Monkeypox virus	180	0.0	0.0	0.0
WS_SKN_KCL9369632__S1__L001__WS	WS_SKN_KCL9369632_S1_L001	success	Mumps virus	7	0.0	0.0	0.0
WS_SKN_KCL9369632__S1__L001__WS	WS_SKN_KCL9369632_S1_L001	success	Murray valley encephalitis virus	2	0.0	0.0	0.0
WS_SKN_KCL9369632__S1__L001__WS	WS_SKN_KCL9369632_S1_L001	success	Nipah virus	6	0.0	0.0	0.0
WS_SKN_KCL9369632__S1__L001__WS	WS_SKN_KCL9369632_S1_L001	success	Norwalk virus	3	0.0	0.0	0.0
WS_SKN_KCL9369632__S1__L001__WS	WS_SKN_KCL9369632_S1_L001	success	O'nyong-nyong virus	4	0.0	0.0	0.0
WS_SKN_KCL9369632__S1__L001__WS	WS_SKN_KCL9369632_S1_L001	success	Orf virus	130	0.0	0.0	0.0
WS_SKN_KCL9369632__S1__L001__WS	WS_SKN_KCL9369632_S1_L001	success	Oropouche virus	4	0.0	0.0	0.0
WS_SKN_KCL9369632__S1__L001__WS	WS_SKN_KCL9369632_S1_L001	success	Poliovirus	5	0.0	0.0	0.0
WS_SKN_KCL9369632__S1__L001__WS	WS_SKN_KCL9369632_S1_L001	success	Rabies virus	5	0.0	0.0	0.0
WS_SKN_KCL9369632__S1__L001__WS	WS_SKN_KCL9369632_S1_L001	success	Rosavirus A	1	0.0	0.0	0.0
WS_SKN_KCL9369632__S1__L001__WS	WS_SKN_KCL9369632_S1_L001	success	Ross river virus	4	0.0	0.0	0.0
WS_SKN_KCL9369632__S1__L001__WS	WS_SKN_KCL9369632_S1_L001	success	Rotavirus A	10	0.0	0.0	0.0
WS_SKN_KCL9369632__S1__L001__WS	WS_SKN_KCL9369632_S1_L001	success	Rotavirus B	11	0.0	0.0	0.0
WS_SKN_KCL9369632__S1__L001__WS	WS_SKN_KCL9369632_S1_L001	success	Rotavirus C	11	0.0	0.0	0.0
WS_SKN_KCL9369632__S1__L001__WS	WS_SKN_KCL9369632_S1_L001	success	Rubella virus	2	0.0	0.0	0.0
WS_SKN_KCL9369632__S1__L001__WS	WS_SKN_KCL9369632_S1_L001	success	Salivirus A	1	0.0	0.0	0.0
WS_SKN_KCL9369632__S1__L001__WS	WS_SKN_KCL9369632_S1_L001	success	Sapporo virus	2	0.0	0.0	0.0
WS_SKN_KCL9369632__S1__L001__WS	WS_SKN_KCL9369632_S1_L001	success	Semliki forest virus	3	0.0	0.0	0.0
WS_SKN_KCL9369632__S1__L001__WS	WS_SKN_KCL9369632_S1_L001	success	Seoul virus	3	0.0	0.0	0.0
WS_SKN_KCL9369632__S1__L001__WS	WS_SKN_KCL9369632_S1_L001	success	Sindbis virus	4	0.0	0.0	0.0
WS_SKN_KCL9369632__S1__L001__WS	WS_SKN_KCL9369632_S1_L001	success	St. louis encephalitis virus	1	0.0	0.0	0.0
WS_SKN_KCL9369632__S1__L001__WS	WS_SKN_KCL9369632_S1_L001	success	Tick-borne powassan virus	1	0.0	0.0	0.0
WS_SKN_KCL9369632__S1__L001__WS	WS_SKN_KCL9369632_S1_L001	success	Torque teno virus	3	0.0	0.0	0.0
WS_SKN_KCL9369632__S1__L001__WS	WS_SKN_KCL9369632_S1_L001	success	Toscana virus	4	0.0	0.0	0.0
WS_SKN_KCL9369632__S1__L001__WS	WS_SKN_KCL9369632_S1_L001	success	Vaccinia virus	223	0.0	0.0	0.0
WS_SKN_KCL9369632__S1__L001__WS	WS_SKN_KCL9369632_S1_L001	success	Varicella-zoster virus	73	0.0	0.0	0.0
WS_SKN_KCL9369632__S1__L001__WS	WS_SKN_KCL9369632_S1_L001	success	Variola virus	197	0.0	0.0	0.0
WS_SKN_KCL9369632__S1__L001__WS	WS_SKN_KCL9369632_S1_L001	success	Venezuelan equine encephalitis virus	4	0.0	0.0	0.0
WS_SKN_KCL9369632__S1__L001__WS	WS_SKN_KCL9369632_S1_L001	success	Vesicular stomatitis virus	5	0.0	0.0	0.0
WS_SKN_KCL9369632__S1__L001__WS	WS_SKN_KCL9369632_S1_L001	success	WU polyomavirus	5	0.0	0.0	0.0
WS_SKN_KCL9369632__S1__L001__WS	WS_SKN_KCL9369632_S1_L001	success	West Nile virus	1	0.0	0.0	0.0
WS_SKN_KCL9369632__S1__L001__WS	WS_SKN_KCL9369632_S1_L001	success	Western equine encephalitis virus	3	0.0	0.0	0.0
WS_SKN_KCL9369632__S1__L001__WS	WS_SKN_KCL9369632_S1_L001	success	Yaba-like disease virus	152	0.0	0.0	0.0
WS_SKN_KCL9369632__S1__L001__WS	WS_SKN_KCL9369632_S1_L001	success	Yellow fever virus	1	0.0	0.0	0.0
WS_SKN_KCL9369632__S1__L001__WS	WS_SKN_KCL9369632_S1_L001	success	Zika virus	1	0.0	0.0	0.0
WS_SKN_KCL9369632__S2__L001__WS	WS_SKN_KCL9369632_S2_L001	success	ADENO_AAV2gp01	1	0.0	0.0	0.0
WS_SKN_KCL9369632__S2__L001__WS	WS_SKN_KCL9369632_S2_L001	success	ADENO_AAV2gp02	1	0.0	0.0	0.0
WS_SKN_KCL9369632__S2__L001__WS	WS_SKN_KCL9369632_S2_L001	success	ADENO_AAV2gp03	1	0.0	0.0	0.0
WS_SKN_KCL9369632__S2__L001__WS	WS_SKN_KCL9369632_S2_L001	success	ADENO_AAV2gp04	1	0.0	0.0	0.0
WS_SKN_KCL9369632__S2__L001__WS	WS_SKN_KCL9369632_S2_L001	success	ADENO_AAV2gp05	1	0.0	0.0	0.0
WS_SKN_KCL9369632__S2__L001__WS	WS_SKN_KCL9369632_S2_L001	success	ADENO_AAV2gp06	1	0.0	0.0	0.0
WS_SKN_KCL9369632__S2__L001__WS	WS_SKN_KCL9369632_S2_L001	success	ADENO_AAV2gp07	1	0.0	0.0	0.0
WS_SKN_KCL9369632__S2__L001__WS	WS_SKN_KCL9369632_S2_L001	success	ADENO_AAV2gp08	1	0.0	0.0	0.0
WS_SKN_KCL9369632__S2__L001__WS	WS_SKN_KCL9369632_S2_L001	success	ADENO_AAV2gs01	1	0.0	0.0	0.0
WS_SKN_KCL9369632__S2__L001__WS	WS_SKN_KCL9369632_S2_L001	success	ADENO_AAV2gs02	1	0.0	0.0	0.0
WS_SKN_KCL9369632__S2__L001__WS	WS_SKN_KCL9369632_S2_L001	success	ADENO_AAV2gs03	1	0.0	0.0	0.0
WS_SKN_KCL9369632__S2__L001__WS	WS_SKN_KCL9369632_S2_L001	success	Aichi virus	1	0.0	0.0	0.0
WS_SKN_KCL9369632__S2__L001__WS	WS_SKN_KCL9369632_S2_L001	success	Australian Bat Lyssavirus	5	0.0	0.0	0.0
WS_SKN_KCL9369632__S2__L001__WS	WS_SKN_KCL9369632_S2_L001	success	BK polyomavirus	6	0.0	0.0	0.0
WS_SKN_KCL9369632__S2__L001__WS	WS_SKN_KCL9369632_S2_L001	success	Banna virus	11	0.0	0.0	0.0
WS_SKN_KCL9369632__S2__L001__WS	WS_SKN_KCL9369632_S2_L001	success	Barmah forest virus	4	0.0	0.0	0.0
WS_SKN_KCL9369632__S2__L001__WS	WS_SKN_KCL9369632_S2_L001	success	Bunyamwera virus	4	0.0	0.0	0.0
WS_SKN_KCL9369632__S2__L001__WS	WS_SKN_KCL9369632_S2_L001	success	Bunyavirus La Crosse	4	0.0	0.0	0.0
WS_SKN_KCL9369632__S2__L001__WS	WS_SKN_KCL9369632_S2_L001	success	Cercopithecine herpesvirus	75	0.0	2.491433021806846	1.0
WS_SKN_KCL9369632__S2__L001__WS	WS_SKN_KCL9369632_S2_L001	success	Chikungunya virus	2	0.0	0.0	0.0
WS_SKN_KCL9369632__S2__L001__WS	WS_SKN_KCL9369632_S2_L001	success	Cosavirus A	1	0.0	0.0	0.0
WS_SKN_KCL9369632__S2__L001__WS	WS_SKN_KCL9369632_S2_L001	success	Cowpox virus	233	0.0	0.0	0.0
WS_SKN_KCL9369632__S2__L001__WS	WS_SKN_KCL9369632_S2_L001	success	Coxsackievirus	1	0.0	0.0	0.0
WS_SKN_KCL9369632__S2__L001__WS	WS_SKN_KCL9369632_S2_L001	success	Crimean Congo hemorrhagic fever virus	3	0.0	0.0	0.0
WS_SKN_KCL9369632__S2__L001__WS	WS_SKN_KCL9369632_S2_L001	success	DENV_DV1_gp1	1	0.0	0.0	0.0
WS_SKN_KCL9369632__S2__L001__WS	WS_SKN_KCL9369632_S2_L001	success	DENV_unassigned_gene_1	1	0.0	0.0	0.0
WS_SKN_KCL9369632__S2__L001__WS	WS_SKN_KCL9369632_S2_L001	success	DENV_unassigned_gene_2	1	0.0	0.0	0.0
WS_SKN_KCL9369632__S2__L001__WS	WS_SKN_KCL9369632_S2_L001	success	DENV_unassigned_gene_3	1	0.0	0.0	0.0
WS_SKN_KCL9369632__S2__L001__WS	WS_SKN_KCL9369632_S2_L001	success	DENV_unassigned_gene_4	1	0.0	0.0	0.0
WS_SKN_KCL9369632__S2__L001__WS	WS_SKN_KCL9369632_S2_L001	success	Eastern_equine_encephalitis_virus	4	0.0	0.0	0.0
WS_SKN_KCL9369632__S2__L001__WS	WS_SKN_KCL9369632_S2_L001	success	Ebolavirus	7	0.0	0.0	0.0
WS_SKN_KCL9369632__S2__L001__WS	WS_SKN_KCL9369632_S2_L001	success	Echovirus	1	0.0	0.0	0.0
WS_SKN_KCL9369632__S2__L001__WS	WS_SKN_KCL9369632_S2_L001	success	Encephalomyocarditis virus	2	0.0	0.0	0.0
WS_SKN_KCL9369632__S2__L001__WS	WS_SKN_KCL9369632_S2_L001	success	Epstein-Barr virus	96	0.0	0.0	0.0
WS_SKN_KCL9369632__S2__L001__WS	WS_SKN_KCL9369632_S2_L001	success	European bat lyssavirus	5	0.0	0.0	0.0
WS_SKN_KCL9369632__S2__L001__WS	WS_SKN_KCL9369632_S2_L001	success	Human SARS coronavirus	13	0.0	0.0	0.0
WS_SKN_KCL9369632__S2__L001__WS	WS_SKN_KCL9369632_S2_L001	success	Human adenovirus	18	0.0	0.0	0.0
WS_SKN_KCL9369632__S2__L001__WS	WS_SKN_KCL9369632_S2_L001	success	Human astrovirus	2	0.0	0.0	0.0
WS_SKN_KCL9369632__S2__L001__WS	WS_SKN_KCL9369632_S2_L001	success	Human coronavirus	7	0.0	0.0	0.0
WS_SKN_KCL9369632__S2__L001__WS	WS_SKN_KCL9369632_S2_L001	success	Human cytomegalovirus	187	0.0	0.0	0.0
WS_SKN_KCL9369632__S2__L001__WS	WS_SKN_KCL9369632_S2_L001	success	Human enterovirus 68, 70	1	0.0	0.0	0.0
WS_SKN_KCL9369632__S2__L001__WS	WS_SKN_KCL9369632_S2_L001	success	Human herpesvirus 1	79	0.0	0.0	0.0
WS_SKN_KCL9369632__S2__L001__WS	WS_SKN_KCL9369632_S2_L001	success	Human herpesvirus 2	79	0.0	0.0	0.0
WS_SKN_KCL9369632__S2__L001__WS	WS_SKN_KCL9369632_S2_L001	success	Human herpesvirus 6	88	0.0	0.0	0.0
WS_SKN_KCL9369632__S2__L001__WS	WS_SKN_KCL9369632_S2_L001	success	Human herpesvirus 6b	97	0.0	0.0	0.0
WS_SKN_KCL9369632__S2__L001__WS	WS_SKN_KCL9369632_S2_L001	success	Human herpesvirus 7	86	0.0	0.0	0.0
WS_SKN_KCL9369632__S2__L001__WS	WS_SKN_KCL9369632_S2_L001	success	Human herpesvirus 8	98	0.0	0.0	0.0
WS_SKN_KCL9369632__S2__L001__WS	WS_SKN_KCL9369632_S2_L001	success	Human papillomavirus 1	7	0.0	0.0	0.0
WS_SKN_KCL9369632__S2__L001__WS	WS_SKN_KCL9369632_S2_L001	success	Human papillomavirus 16,18	8	0.0	0.0	0.0
WS_SKN_KCL9369632__S2__L001__WS	WS_SKN_KCL9369632_S2_L001	success	Human papillomavirus 2	7	0.0	0.0	0.0
WS_SKN_KCL9369632__S2__L001__WS	WS_SKN_KCL9369632_S2_L001	success	Human parainfluenza	10	0.0	0.0	0.0
WS_SKN_KCL9369632__S2__L001__WS	WS_SKN_KCL9369632_S2_L001	success	Human parvovirus B19	6	0.0	0.0	0.0
WS_SKN_KCL9369632__S2__L001__WS	WS_SKN_KCL9369632_S2_L001	success	Human respiratory syncytial virus	10	0.0	0.0	0.0
WS_SKN_KCL9369632__S2__L001__WS	WS_SKN_KCL9369632_S2_L001	success	Human rhinovirus	1	0.0	0.0	0.0
WS_SKN_KCL9369632__S2__L001__WS	WS_SKN_KCL9369632_S2_L001	success	Influenza A virus	12	0.0	0.0	0.0
WS_SKN_KCL9369632__S2__L001__WS	WS_SKN_KCL9369632_S2_L001	success	Influenza B virus	10	0.0	0.0	0.0
WS_SKN_KCL9369632__S2__L001__WS	WS_SKN_KCL9369632_S2_L001	success	Influenza C virus	7	0.0	0.0	0.0
WS_SKN_KCL9369632__S2__L001__WS	WS_SKN_KCL9369632_S2_L001	success	JC polyomavirus	6	0.0	0.0	0.0
WS_SKN_KCL9369632__S2__L001__WS	WS_SKN_KCL9369632_S2_L001	success	Japanese encephalitis virus	2	0.0	0.0	0.0
WS_SKN_KCL9369632__S2__L001__WS	WS_SKN_KCL9369632_S2_L001	success	KI Polyomavirus	5	0.0	0.0	0.0
WS_SKN_KCL9369632__S2__L001__WS	WS_SKN_KCL9369632_S2_L001	success	Lake Victoria marburgvirus	7	0.0	0.0	0.0
WS_SKN_KCL9369632__S2__L001__WS	WS_SKN_KCL9369632_S2_L001	success	Langat virus	1	0.0	0.0	0.0
WS_SKN_KCL9369632__S2__L001__WS	WS_SKN_KCL9369632_S2_L001	success	Lassa virus	4	0.0	0.0	0.0
WS_SKN_KCL9369632__S2__L001__WS	WS_SKN_KCL9369632_S2_L001	success	Louping ill virus	1	0.0	0.0	0.0
WS_SKN_KCL9369632__S2__L001__WS	WS_SKN_KCL9369632_S2_L001	success	Lymphocytic choriomeningitis virus	4	0.0	0.0	0.0
WS_SKN_KCL9369632__S2__L001__WS	WS_SKN_KCL9369632_S2_L001	success	MERS coronavirus	10	0.0	0.0	0.0
WS_SKN_KCL9369632__S2__L001__WS	WS_SKN_KCL9369632_S2_L001	success	Mayaro virus	4	0.0	0.0	0.0
WS_SKN_KCL9369632__S2__L001__WS	WS_SKN_KCL9369632_S2_L001	success	Measles virus	6	0.0	0.0	0.0
WS_SKN_KCL9369632__S2__L001__WS	WS_SKN_KCL9369632_S2_L001	success	Merkel cell polyomavirus	4	0.0	0.0	0.0
WS_SKN_KCL9369632__S2__L001__WS	WS_SKN_KCL9369632_S2_L001	success	Molluscum contagiosum virus	163	0.0	0.0	0.0
WS_SKN_KCL9369632__S2__L001__WS	WS_SKN_KCL9369632_S2_L001	success	Monkeypox virus	180	0.0	0.0	0.0
WS_SKN_KCL9369632__S2__L001__WS	WS_SKN_KCL9369632_S2_L001	success	Mumps virus	7	0.0	0.0	0.0
WS_SKN_KCL9369632__S2__L001__WS	WS_SKN_KCL9369632_S2_L001	success	Murray valley encephalitis virus	2	0.0	0.0	0.0
WS_SKN_KCL9369632__S2__L001__WS	WS_SKN_KCL9369632_S2_L001	success	Nipah virus	6	0.0	0.0	0.0
WS_SKN_KCL9369632__S2__L001__WS	WS_SKN_KCL9369632_S2_L001	success	Norwalk virus	3	0.0	0.0	0.0
WS_SKN_KCL9369632__S2__L001__WS	WS_SKN_KCL9369632_S2_L001	success	O'nyong-nyong virus	4	0.0	0.0	0.0
WS_SKN_KCL9369632__S2__L001__WS	WS_SKN_KCL9369632_S2_L001	success	Orf virus	130	0.0	0.0	0.0
WS_SKN_KCL9369632__S2__L001__WS	WS_SKN_KCL9369632_S2_L001	success	Oropouche virus	4	0.0	0.0	0.0
WS_SKN_KCL9369632__S2__L001__WS	WS_SKN_KCL9369632_S2_L001	success	Poliovirus	5	0.0	0.0	0.0
WS_SKN_KCL9369632__S2__L001__WS	WS_SKN_KCL9369632_S2_L001	success	Rabies virus	5	0.0	0.0	0.0
WS_SKN_KCL9369632__S2__L001__WS	WS_SKN_KCL9369632_S2_L001	success	Rosavirus A	1	0.0	0.0	0.0
WS_SKN_KCL9369632__S2__L001__WS	WS_SKN_KCL9369632_S2_L001	success	Ross river virus	4	0.0	0.0	0.0
WS_SKN_KCL9369632__S2__L001__WS	WS_SKN_KCL9369632_S2_L001	success	Rotavirus A	10	0.0	0.0	0.0
WS_SKN_KCL9369632__S2__L001__WS	WS_SKN_KCL9369632_S2_L001	success	Rotavirus B	11	0.0	0.0	0.0
WS_SKN_KCL9369632__S2__L001__WS	WS_SKN_KCL9369632_S2_L001	success	Rotavirus C	11	0.0	0.0	0.0
WS_SKN_KCL9369632__S2__L001__WS	WS_SKN_KCL9369632_S2_L001	success	Rubella virus	2	0.0	0.0	0.0
WS_SKN_KCL9369632__S2__L001__WS	WS_SKN_KCL9369632_S2_L001	success	Salivirus A	1	0.0	0.0	0.0
WS_SKN_KCL9369632__S2__L001__WS	WS_SKN_KCL9369632_S2_L001	success	Sapporo virus	2	0.0	0.0	0.0
WS_SKN_KCL9369632__S2__L001__WS	WS_SKN_KCL9369632_S2_L001	success	Semliki forest virus	3	0.0	0.0	0.0
WS_SKN_KCL9369632__S2__L001__WS	WS_SKN_KCL9369632_S2_L001	success	Seoul virus	3	0.0	0.0	0.0
WS_SKN_KCL9369632__S2__L001__WS	WS_SKN_KCL9369632_S2_L001	success	Sindbis virus	4	0.0	0.0	0.0
WS_SKN_KCL9369632__S2__L001__WS	WS_SKN_KCL9369632_S2_L001	success	St. louis encephalitis virus	1	0.0	0.0	0.0
WS_SKN_KCL9369632__S2__L001__WS	WS_SKN_KCL9369632_S2_L001	success	Tick-borne powassan virus	1	0.0	0.0	0.0
WS_SKN_KCL9369632__S2__L001__WS	WS_SKN_KCL9369632_S2_L001	success	Torque teno virus	3	0.0	0.0	0.0
WS_SKN_KCL9369632__S2__L001__WS	WS_SKN_KCL9369632_S2_L001	success	Toscana virus	4	0.0	0.0	0.0
WS_SKN_KCL9369632__S2__L001__WS	WS_SKN_KCL9369632_S2_L001	success	Vaccinia virus	223	0.0	0.0	0.0
WS_SKN_KCL9369632__S2__L001__WS	WS_SKN_KCL9369632_S2_L001	success	Varicella-zoster virus	73	0.0	0.0	0.0
WS_SKN_KCL9369632__S2__L001__WS	WS_SKN_KCL9369632_S2_L001	success	Variola virus	197	0.0	0.0	0.0
WS_SKN_KCL9369632__S2__L001__WS	WS_SKN_KCL9369632_S2_L001	success	Venezuelan equine encephalitis virus	4	0.0	0.0	0.0
WS_SKN_KCL9369632__S2__L001__WS	WS_SKN_KCL9369632_S2_L001	success	Vesicular stomatitis virus	5	0.0	0.0	0.0
WS_SKN_KCL9369632__S2__L001__WS	WS_SKN_KCL9369632_S2_L001	success	WU polyomavirus	5	0.0	0.0	0.0
WS_SKN_KCL9369632__S2__L001__WS	WS_SKN_KCL9369632_S2_L001	success	West Nile virus	1	0.0	0.0	0.0
WS_SKN_KCL9369632__S2__L001__WS	WS_SKN_KCL9369632_S2_L001	success	Western equine encephalitis virus	3	0.0	0.0	0.0
WS_SKN_KCL9369632__S2__L001__WS	WS_SKN_KCL9369632_S2_L001	success	Yaba-like disease virus	152	0.0	0.0	0.0
WS_SKN_KCL9369632__S2__L001__WS	WS_SKN_KCL9369632_S2_L001	success	Yellow fever virus	1	0.0	0.0	0.0
WS_SKN_KCL9369632__S2__L001__WS	WS_SKN_KCL9369632_S2_L001	success	Zika virus	1	0.0	0.0	0.0
WS_SKN_KCL9369632__S3__L001__WS	WS_SKN_KCL9369632_S3_L001	success	ADENO_AAV2gp01	1	0.0	0.0	0.0
WS_SKN_KCL9369632__S3__L001__WS	WS_SKN_KCL9369632_S3_L001	success	ADENO_AAV2gp02	1	0.0	0.0	0.0
WS_SKN_KCL9369632__S3__L001__WS	WS_SKN_KCL9369632_S3_L001	success	ADENO_AAV2gp03	1	0.0	0.0	0.0
WS_SKN_KCL9369632__S3__L001__WS	WS_SKN_KCL9369632_S3_L001	success	ADENO_AAV2gp04	1	0.0	0.0	0.0
WS_SKN_KCL9369632__S3__L001__WS	WS_SKN_KCL9369632_S3_L001	success	ADENO_AAV2gp05	1	0.0	0.0	0.0
WS_SKN_KCL9369632__S3__L001__WS	WS_SKN_KCL9369632_S3_L001	success	ADENO_AAV2gp06	1	0.0	0.0	0.0
WS_SKN_KCL9369632__S3__L001__WS	WS_SKN_KCL9369632_S3_L001	success	ADENO_AAV2gp07	1	0.0	0.0	0.0
WS_SKN_KCL9369632__S3__L001__WS	WS_SKN_KCL9369632_S3_L001	success	ADENO_AAV2gp08	1	0.0	0.0	0.0
WS_SKN_KCL9369632__S3__L001__WS	WS_SKN_KCL9369632_S3_L001	success	ADENO_AAV2gs01	1	0.0	0.0	0.0
WS_SKN_KCL9369632__S3__L001__WS	WS_SKN_KCL9369632_S3_L001	success	ADENO_AAV2gs02	1	0.0	0.0	0.0
WS_SKN_KCL9369632__S3__L001__WS	WS_SKN_KCL9369632_S3_L001	success	ADENO_AAV2gs03	1	0.0	0.0	0.0
WS_SKN_KCL9369632__S3__L001__WS	WS_SKN_KCL9369632_S3_L001	success	Aichi virus	1	0.0	0.0	0.0
WS_SKN_KCL9369632__S3__L001__WS	WS_SKN_KCL9369632_S3_L001	success	Australian Bat Lyssavirus	5	0.0	0.0	0.0
WS_SKN_KCL9369632__S3__L001__WS	WS_SKN_KCL9369632_S3_L001	success	BK polyomavirus	6	0.0	0.0	0.0
WS_SKN_KCL9369632__S3__L001__WS	WS_SKN_KCL9369632_S3_L001	success	Banna virus	11	0.0	0.0	0.0
WS_SKN_KCL9369632__S3__L001__WS	WS_SKN_KCL9369632_S3_L001	success	Barmah forest virus	4	0.0	0.0	0.0
WS_SKN_KCL9369632__S3__L001__WS	WS_SKN_KCL9369632_S3_L001	success	Bunyamwera virus	4	0.0	0.0	0.0
WS_SKN_KCL9369632__S3__L001__WS	WS_SKN_KCL9369632_S3_L001	success	Bunyavirus La Crosse	4	0.0	0.0	0.0
WS_SKN_KCL9369632__S3__L001__WS	WS_SKN_KCL9369632_S3_L001	success	Cercopithecine herpesvirus	75	0.0	4.990528336322713	4.0
WS_SKN_KCL9369632__S3__L001__WS	WS_SKN_KCL9369632_S3_L001	success	Chikungunya virus	2	0.0	0.0	0.0
WS_SKN_KCL9369632__S3__L001__WS	WS_SKN_KCL9369632_S3_L001	success	Cosavirus A	1	0.0	0.0	0.0
WS_SKN_KCL9369632__S3__L001__WS	WS_SKN_KCL9369632_S3_L001	success	Cowpox virus	233	0.0	0.0	0.0
WS_SKN_KCL9369632__S3__L001__WS	WS_SKN_KCL9369632_S3_L001	success	Coxsackievirus	1	0.0	0.0	0.0
WS_SKN_KCL9369632__S3__L001__WS	WS_SKN_KCL9369632_S3_L001	success	Crimean Congo hemorrhagic fever virus	3	0.0	0.0	0.0
WS_SKN_KCL9369632__S3__L001__WS	WS_SKN_KCL9369632_S3_L001	success	DENV_DV1_gp1	1	0.0	0.0	0.0
WS_SKN_KCL9369632__S3__L001__WS	WS_SKN_KCL9369632_S3_L001	success	DENV_unassigned_gene_1	1	0.0	0.0	0.0
WS_SKN_KCL9369632__S3__L001__WS	WS_SKN_KCL9369632_S3_L001	success	DENV_unassigned_gene_2	1	0.0	0.0	0.0
WS_SKN_KCL9369632__S3__L001__WS	WS_SKN_KCL9369632_S3_L001	success	DENV_unassigned_gene_3	1	0.0	0.0	0.0
WS_SKN_KCL9369632__S3__L001__WS	WS_SKN_KCL9369632_S3_L001	success	DENV_unassigned_gene_4	1	0.0	0.0	0.0
WS_SKN_KCL9369632__S3__L001__WS	WS_SKN_KCL9369632_S3_L001	success	Eastern_equine_encephalitis_virus	4	0.0	0.0	0.0
WS_SKN_KCL9369632__S3__L001__WS	WS_SKN_KCL9369632_S3_L001	success	Ebolavirus	7	0.0	0.0	0.0
WS_SKN_KCL9369632__S3__L001__WS	WS_SKN_KCL9369632_S3_L001	success	Echovirus	1	0.0	0.0	0.0
WS_SKN_KCL9369632__S3__L001__WS	WS_SKN_KCL9369632_S3_L001	success	Encephalomyocarditis virus	2	0.0	0.0	0.0
WS_SKN_KCL9369632__S3__L001__WS	WS_SKN_KCL9369632_S3_L001	success	Epstein-Barr virus	96	0.0	0.0	0.0
WS_SKN_KCL9369632__S3__L001__WS	WS_SKN_KCL9369632_S3_L001	success	European bat lyssavirus	5	0.0	0.0	0.0
WS_SKN_KCL9369632__S3__L001__WS	WS_SKN_KCL9369632_S3_L001	success	Human SARS coronavirus	13	0.0	0.0	0.0
WS_SKN_KCL9369632__S3__L001__WS	WS_SKN_KCL9369632_S3_L001	success	Human adenovirus	18	0.0	0.0	0.0
WS_SKN_KCL9369632__S3__L001__WS	WS_SKN_KCL9369632_S3_L001	success	Human astrovirus	2	0.0	0.0	0.0
WS_SKN_KCL9369632__S3__L001__WS	WS_SKN_KCL9369632_S3_L001	success	Human coronavirus	7	0.0	0.0	0.0
WS_SKN_KCL9369632__S3__L001__WS	WS_SKN_KCL9369632_S3_L001	success	Human cytomegalovirus	187	0.0	0.0	0.0
WS_SKN_KCL9369632__S3__L001__WS	WS_SKN_KCL9369632_S3_L001	success	Human enterovirus 68, 70	1	0.0	0.0	0.0
WS_SKN_KCL9369632__S3__L001__WS	WS_SKN_KCL9369632_S3_L001	success	Human herpesvirus 1	79	0.0	0.0	0.0
WS_SKN_KCL9369632__S3__L001__WS	WS_SKN_KCL9369632_S3_L001	success	Human herpesvirus 2	79	0.0	0.0	0.0
WS_SKN_KCL9369632__S3__L001__WS	WS_SKN_KCL9369632_S3_L001	success	Human herpesvirus 6	88	0.0	0.0	0.0
WS_SKN_KCL9369632__S3__L001__WS	WS_SKN_KCL9369632_S3_L001	success	Human herpesvirus 6b	97	0.0	0.0	0.0
WS_SKN_KCL9369632__S3__L001__WS	WS_SKN_KCL9369632_S3_L001	success	Human herpesvirus 7	86	0.0	0.0	0.0
WS_SKN_KCL9369632__S3__L001__WS	WS_SKN_KCL9369632_S3_L001	success	Human herpesvirus 8	98	0.0	0.0	0.0
WS_SKN_KCL9369632__S3__L001__WS	WS_SKN_KCL9369632_S3_L001	success	Human papillomavirus 1	7	0.0	0.0	0.0
WS_SKN_KCL9369632__S3__L001__WS	WS_SKN_KCL9369632_S3_L001	success	Human papillomavirus 16,18	8	0.0	0.0	0.0
WS_SKN_KCL9369632__S3__L001__WS	WS_SKN_KCL9369632_S3_L001	success	Human papillomavirus 2	7	0.0	0.0	0.0
WS_SKN_KCL9369632__S3__L001__WS	WS_SKN_KCL9369632_S3_L001	success	Human parainfluenza	10	0.0	0.0	0.0
WS_SKN_KCL9369632__S3__L001__WS	WS_SKN_KCL9369632_S3_L001	success	Human parvovirus B19	6	0.0	0.0	0.0
WS_SKN_KCL9369632__S3__L001__WS	WS_SKN_KCL9369632_S3_L001	success	Human respiratory syncytial virus	10	0.0	0.0	0.0
WS_SKN_KCL9369632__S3__L001__WS	WS_SKN_KCL9369632_S3_L001	success	Human rhinovirus	1	0.0	0.0	0.0
WS_SKN_KCL9369632__S3__L001__WS	WS_SKN_KCL9369632_S3_L001	success	Influenza A virus	12	0.0	0.0	0.0
WS_SKN_KCL9369632__S3__L001__WS	WS_SKN_KCL9369632_S3_L001	success	Influenza B virus	10	0.0	0.0	0.0
WS_SKN_KCL9369632__S3__L001__WS	WS_SKN_KCL9369632_S3_L001	success	Influenza C virus	7	0.0	0.0	0.0
WS_SKN_KCL9369632__S3__L001__WS	WS_SKN_KCL9369632_S3_L001	success	JC polyomavirus	6	0.0	0.0	0.0
WS_SKN_KCL9369632__S3__L001__WS	WS_SKN_KCL9369632_S3_L001	success	Japanese encephalitis virus	2	0.0	0.0	0.0
WS_SKN_KCL9369632__S3__L001__WS	WS_SKN_KCL9369632_S3_L001	success	KI Polyomavirus	5	0.0	0.0	0.0
WS_SKN_KCL9369632__S3__L001__WS	WS_SKN_KCL9369632_S3_L001	success	Lake Victoria marburgvirus	7	0.0	0.0	0.0
WS_SKN_KCL9369632__S3__L001__WS	WS_SKN_KCL9369632_S3_L001	success	Langat virus	1	0.0	0.0	0.0
WS_SKN_KCL9369632__S3__L001__WS	WS_SKN_KCL9369632_S3_L001	success	Lassa virus	4	0.0	0.0	0.0
WS_SKN_KCL9369632__S3__L001__WS	WS_SKN_KCL9369632_S3_L001	success	Louping ill virus	1	0.0	0.0	0.0
WS_SKN_KCL9369632__S3__L001__WS	WS_SKN_KCL9369632_S3_L001	success	Lymphocytic choriomeningitis virus	4	0.0	0.0	0.0
WS_SKN_KCL9369632__S3__L001__WS	WS_SKN_KCL9369632_S3_L001	success	MERS coronavirus	10	0.0	0.0	0.0
WS_SKN_KCL9369632__S3__L001__WS	WS_SKN_KCL9369632_S3_L001	success	Mayaro virus	4	0.0	0.0	0.0
WS_SKN_KCL9369632__S3__L001__WS	WS_SKN_KCL9369632_S3_L001	success	Measles virus	6	0.0	0.0	0.0
WS_SKN_KCL9369632__S3__L001__WS	WS_SKN_KCL9369632_S3_L001	success	Merkel cell polyomavirus	4	0.0	0.0	0.0
WS_SKN_KCL9369632__S3__L001__WS	WS_SKN_KCL9369632_S3_L001	success	Molluscum contagiosum virus	163	0.0	0.0	0.0
WS_SKN_KCL9369632__S3__L001__WS	WS_SKN_KCL9369632_S3_L001	success	Monkeypox virus	180	0.0	0.0	0.0
WS_SKN_KCL9369632__S3__L001__WS	WS_SKN_KCL9369632_S3_L001	success	Mumps virus	7	0.0	0.0	0.0
WS_SKN_KCL9369632__S3__L001__WS	WS_SKN_KCL9369632_S3_L001	success	Murray valley encephalitis virus	2	0.0	0.0	0.0
WS_SKN_KCL9369632__S3__L001__WS	WS_SKN_KCL9369632_S3_L001	success	Nipah virus	6	0.0	0.0	0.0
WS_SKN_KCL9369632__S3__L001__WS	WS_SKN_KCL9369632_S3_L001	success	Norwalk virus	3	0.0	0.0	0.0
WS_SKN_KCL9369632__S3__L001__WS	WS_SKN_KCL9369632_S3_L001	success	O'nyong-nyong virus	4	0.0	0.0	0.0
WS_SKN_KCL9369632__S3__L001__WS	WS_SKN_KCL9369632_S3_L001	success	Orf virus	130	0.0	0.0	0.0
WS_SKN_KCL9369632__S3__L001__WS	WS_SKN_KCL9369632_S3_L001	success	Oropouche virus	4	0.0	0.0	0.0
WS_SKN_KCL9369632__S3__L001__WS	WS_SKN_KCL9369632_S3_L001	success	Poliovirus	5	0.0	0.0	0.0
WS_SKN_KCL9369632__S3__L001__WS	WS_SKN_KCL9369632_S3_L001	success	Rabies virus	5	0.0	0.0	0.0
WS_SKN_KCL9369632__S3__L001__WS	WS_SKN_KCL9369632_S3_L001	success	Rosavirus A	1	0.0	0.0	0.0
WS_SKN_KCL9369632__S3__L001__WS	WS_SKN_KCL9369632_S3_L001	success	Ross river virus	4	0.0	0.0	0.0
WS_SKN_KCL9369632__S3__L001__WS	WS_SKN_KCL9369632_S3_L001	success	Rotavirus A	10	0.0	0.0	0.0
WS_SKN_KCL9369632__S3__L001__WS	WS_SKN_KCL9369632_S3_L001	success	Rotavirus B	11	0.0	0.0	0.0
WS_SKN_KCL9369632__S3__L001__WS	WS_SKN_KCL9369632_S3_L001	success	Rotavirus C	11	0.0	0.0	0.0
WS_SKN_KCL9369632__S3__L001__WS	WS_SKN_KCL9369632_S3_L001	success	Rubella virus	2	0.0	0.0	0.0
WS_SKN_KCL9369632__S3__L001__WS	WS_SKN_KCL9369632_S3_L001	success	Salivirus A	1	0.0	0.0	0.0
WS_SKN_KCL9369632__S3__L001__WS	WS_SKN_KCL9369632_S3_L001	success	Sapporo virus	2	0.0	0.0	0.0
WS_SKN_KCL9369632__S3__L001__WS	WS_SKN_KCL9369632_S3_L001	success	Semliki forest virus	3	0.0	0.0	0.0
WS_SKN_KCL9369632__S3__L001__WS	WS_SKN_KCL9369632_S3_L001	success	Seoul virus	3	0.0	0.0	0.0
WS_SKN_KCL9369632__S3__L001__WS	WS_SKN_KCL9369632_S3_L001	success	Sindbis virus	4	0.0	0.0	0.0
WS_SKN_KCL9369632__S3__L001__WS	WS_SKN_KCL9369632_S3_L001	success	St. louis encephalitis virus	1	0.0	0.0	0.0
WS_SKN_KCL9369632__S3__L001__WS	WS_SKN_KCL9369632_S3_L001	success	Tick-borne powassan virus	1	0.0	0.0	0.0
WS_SKN_KCL9369632__S3__L001__WS	WS_SKN_KCL9369632_S3_L001	success	Torque teno virus	3	0.0	0.0	0.0
WS_SKN_KCL9369632__S3__L001__WS	WS_SKN_KCL9369632_S3_L001	success	Toscana virus	4	0.0	0.0	0.0
WS_SKN_KCL9369632__S3__L001__WS	WS_SKN_KCL9369632_S3_L001	success	Vaccinia virus	223	0.0	0.0	0.0
WS_SKN_KCL9369632__S3__L001__WS	WS_SKN_KCL9369632_S3_L001	success	Varicella-zoster virus	73	0.0	0.0	0.0
WS_SKN_KCL9369632__S3__L001__WS	WS_SKN_KCL9369632_S3_L001	success	Variola virus	197	0.0	0.0	0.0
WS_SKN_KCL9369632__S3__L001__WS	WS_SKN_KCL9369632_S3_L001	success	Venezuelan equine encephalitis virus	4	0.0	0.0	0.0
WS_SKN_KCL9369632__S3__L001__WS	WS_SKN_KCL9369632_S3_L001	success	Vesicular stomatitis virus	5	0.0	0.0	0.0
WS_SKN_KCL9369632__S3__L001__WS	WS_SKN_KCL9369632_S3_L001	success	WU polyomavirus	5	0.0	0.0	0.0
WS_SKN_KCL9369632__S3__L001__WS	WS_SKN_KCL9369632_S3_L001	success	West Nile virus	1	0.0	0.0	0.0
WS_SKN_KCL9369632__S3__L001__WS	WS_SKN_KCL9369632_S3_L001	success	Western equine encephalitis virus	3	0.0	0.0	0.0
WS_SKN_KCL9369632__S3__L001__WS	WS_SKN_KCL9369632_S3_L001	success	Yaba-like disease virus	152	0.0	0.0	0.0
WS_SKN_KCL9369632__S3__L001__WS	WS_SKN_KCL9369632_S3_L001	success	Yellow fever virus	1	0.0	0.0	0.0
WS_SKN_KCL9369632__S3__L001__WS	WS_SKN_KCL9369632_S3_L001	success	Zika virus	1	0.0	0.0	0.0
WS_SKN_KCL9369632__S4__L001__WS	WS_SKN_KCL9369632_S4_L001	success	ADENO_AAV2gp01	1	0.0	0.0	0.0
WS_SKN_KCL9369632__S4__L001__WS	WS_SKN_KCL9369632_S4_L001	success	ADENO_AAV2gp02	1	0.0	0.0	0.0
WS_SKN_KCL9369632__S4__L001__WS	WS_SKN_KCL9369632_S4_L001	success	ADENO_AAV2gp03	1	0.0	0.0	0.0
WS_SKN_KCL9369632__S4__L001__WS	WS_SKN_KCL9369632_S4_L001	success	ADENO_AAV2gp04	1	0.0	0.0	0.0
WS_SKN_KCL9369632__S4__L001__WS	WS_SKN_KCL9369632_S4_L001	success	ADENO_AAV2gp05	1	0.0	0.0	0.0
WS_SKN_KCL9369632__S4__L001__WS	WS_SKN_KCL9369632_S4_L001	success	ADENO_AAV2gp06	1	0.0	0.0	0.0
WS_SKN_KCL9369632__S4__L001__WS	WS_SKN_KCL9369632_S4_L001	success	ADENO_AAV2gp07	1	0.0	0.0	0.0
WS_SKN_KCL9369632__S4__L001__WS	WS_SKN_KCL9369632_S4_L001	success	ADENO_AAV2gp08	1	0.0	0.0	0.0
WS_SKN_KCL9369632__S4__L001__WS	WS_SKN_KCL9369632_S4_L001	success	ADENO_AAV2gs01	1	0.0	0.0	0.0
WS_SKN_KCL9369632__S4__L001__WS	WS_SKN_KCL9369632_S4_L001	success	ADENO_AAV2gs02	1	0.0	0.0	0.0
WS_SKN_KCL9369632__S4__L001__WS	WS_SKN_KCL9369632_S4_L001	success	ADENO_AAV2gs03	1	0.0	0.0	0.0
WS_SKN_KCL9369632__S4__L001__WS	WS_SKN_KCL9369632_S4_L001	success	Aichi virus	1	0.0	0.0	0.0
WS_SKN_KCL9369632__S4__L001__WS	WS_SKN_KCL9369632_S4_L001	success	Australian Bat Lyssavirus	5	0.0	0.0	0.0
WS_SKN_KCL9369632__S4__L001__WS	WS_SKN_KCL9369632_S4_L001	success	BK polyomavirus	6	0.0	0.0	0.0
WS_SKN_KCL9369632__S4__L001__WS	WS_SKN_KCL9369632_S4_L001	success	Banna virus	11	0.0	0.0	0.0
WS_SKN_KCL9369632__S4__L001__WS	WS_SKN_KCL9369632_S4_L001	success	Barmah forest virus	4	0.0	0.0	0.0
WS_SKN_KCL9369632__S4__L001__WS	WS_SKN_KCL9369632_S4_L001	success	Bunyamwera virus	4	0.0	0.0	0.0
WS_SKN_KCL9369632__S4__L001__WS	WS_SKN_KCL9369632_S4_L001	success	Bunyavirus La Crosse	4	0.0	0.0	0.0
WS_SKN_KCL9369632__S4__L001__WS	WS_SKN_KCL9369632_S4_L001	success	Cercopithecine herpesvirus	75	0.0	2.8114792787689864	2.0
WS_SKN_KCL9369632__S4__L001__WS	WS_SKN_KCL9369632_S4_L001	success	Chikungunya virus	2	0.0	0.0	0.0
WS_SKN_KCL9369632__S4__L001__WS	WS_SKN_KCL9369632_S4_L001	success	Cosavirus A	1	0.0	0.0	0.0
WS_SKN_KCL9369632__S4__L001__WS	WS_SKN_KCL9369632_S4_L001	success	Cowpox virus	233	0.0	0.0	0.0
WS_SKN_KCL9369632__S4__L001__WS	WS_SKN_KCL9369632_S4_L001	success	Coxsackievirus	1	0.0	0.0	0.0
WS_SKN_KCL9369632__S4__L001__WS	WS_SKN_KCL9369632_S4_L001	success	Crimean Congo hemorrhagic fever virus	3	0.0	0.0	0.0
WS_SKN_KCL9369632__S4__L001__WS	WS_SKN_KCL9369632_S4_L001	success	DENV_DV1_gp1	1	0.0	0.0	0.0
WS_SKN_KCL9369632__S4__L001__WS	WS_SKN_KCL9369632_S4_L001	success	DENV_unassigned_gene_1	1	0.0	0.0	0.0
WS_SKN_KCL9369632__S4__L001__WS	WS_SKN_KCL9369632_S4_L001	success	DENV_unassigned_gene_2	1	0.0	0.0	0.0
WS_SKN_KCL9369632__S4__L001__WS	WS_SKN_KCL9369632_S4_L001	success	DENV_unassigned_gene_3	1	0.0	0.0	0.0
WS_SKN_KCL9369632__S4__L001__WS	WS_SKN_KCL9369632_S4_L001	success	DENV_unassigned_gene_4	1	0.0	0.0	0.0
WS_SKN_KCL9369632__S4__L001__WS	WS_SKN_KCL9369632_S4_L001	success	Eastern_equine_encephalitis_virus	4	0.0	0.0	0.0
WS_SKN_KCL9369632__S4__L001__WS	WS_SKN_KCL9369632_S4_L001	success	Ebolavirus	7	0.0	0.0	0.0
WS_SKN_KCL9369632__S4__L001__WS	WS_SKN_KCL9369632_S4_L001	success	Echovirus	1	0.0	0.0	0.0
WS_SKN_KCL9369632__S4__L001__WS	WS_SKN_KCL9369632_S4_L001	success	Encephalomyocarditis virus	2	0.0	0.0	0.0
WS_SKN_KCL9369632__S4__L001__WS	WS_SKN_KCL9369632_S4_L001	success	Epstein-Barr virus	96	0.0	0.0	0.0
WS_SKN_KCL9369632__S4__L001__WS	WS_SKN_KCL9369632_S4_L001	success	European bat lyssavirus	5	0.0	0.0	0.0
WS_SKN_KCL9369632__S4__L001__WS	WS_SKN_KCL9369632_S4_L001	success	Human SARS coronavirus	13	0.0	0.0	0.0
WS_SKN_KCL9369632__S4__L001__WS	WS_SKN_KCL9369632_S4_L001	success	Human adenovirus	18	0.0	0.0	0.0
WS_SKN_KCL9369632__S4__L001__WS	WS_SKN_KCL9369632_S4_L001	success	Human astrovirus	2	0.0	0.0	0.0
WS_SKN_KCL9369632__S4__L001__WS	WS_SKN_KCL9369632_S4_L001	success	Human coronavirus	7	0.0	0.0	0.0
WS_SKN_KCL9369632__S4__L001__WS	WS_SKN_KCL9369632_S4_L001	success	Human cytomegalovirus	187	0.0	0.0	0.0
WS_SKN_KCL9369632__S4__L001__WS	WS_SKN_KCL9369632_S4_L001	success	Human enterovirus 68, 70	1	0.0	0.0	0.0
WS_SKN_KCL9369632__S4__L001__WS	WS_SKN_KCL9369632_S4_L001	success	Human herpesvirus 1	79	0.0	0.0	0.0
WS_SKN_KCL9369632__S4__L001__WS	WS_SKN_KCL9369632_S4_L001	success	Human herpesvirus 2	79	0.0	0.0	0.0
WS_SKN_KCL9369632__S4__L001__WS	WS_SKN_KCL9369632_S4_L001	success	Human herpesvirus 6	88	0.0	0.0	0.0
WS_SKN_KCL9369632__S4__L001__WS	WS_SKN_KCL9369632_S4_L001	success	Human herpesvirus 6b	97	0.0	0.0	0.0
WS_SKN_KCL9369632__S4__L001__WS	WS_SKN_KCL9369632_S4_L001	success	Human herpesvirus 7	86	0.0	0.0	0.0
WS_SKN_KCL9369632__S4__L001__WS	WS_SKN_KCL9369632_S4_L001	success	Human herpesvirus 8	98	1.0	1.0	1.0
WS_SKN_KCL9369632__S4__L001__WS	WS_SKN_KCL9369632_S4_L001	success	Human papillomavirus 1	7	0.0	0.0	0.0
WS_SKN_KCL9369632__S4__L001__WS	WS_SKN_KCL9369632_S4_L001	success	Human papillomavirus 16,18	8	0.0	0.0	0.0
WS_SKN_KCL9369632__S4__L001__WS	WS_SKN_KCL9369632_S4_L001	success	Human papillomavirus 2	7	0.0	0.0	0.0
WS_SKN_KCL9369632__S4__L001__WS	WS_SKN_KCL9369632_S4_L001	success	Human parainfluenza	10	0.0	0.0	0.0
WS_SKN_KCL9369632__S4__L001__WS	WS_SKN_KCL9369632_S4_L001	success	Human parvovirus B19	6	0.0	0.0	0.0
WS_SKN_KCL9369632__S4__L001__WS	WS_SKN_KCL9369632_S4_L001	success	Human respiratory syncytial virus	10	0.0	0.0	0.0
WS_SKN_KCL9369632__S4__L001__WS	WS_SKN_KCL9369632_S4_L001	success	Human rhinovirus	1	0.0	0.0	0.0
WS_SKN_KCL9369632__S4__L001__WS	WS_SKN_KCL9369632_S4_L001	success	Influenza A virus	12	0.0	0.0	0.0
WS_SKN_KCL9369632__S4__L001__WS	WS_SKN_KCL9369632_S4_L001	success	Influenza B virus	10	0.0	0.0	0.0
WS_SKN_KCL9369632__S4__L001__WS	WS_SKN_KCL9369632_S4_L001	success	Influenza C virus	7	0.0	0.0	0.0
WS_SKN_KCL9369632__S4__L001__WS	WS_SKN_KCL9369632_S4_L001	success	JC polyomavirus	6	0.0	0.0	0.0
WS_SKN_KCL9369632__S4__L001__WS	WS_SKN_KCL9369632_S4_L001	success	Japanese encephalitis virus	2	0.0	0.0	0.0
WS_SKN_KCL9369632__S4__L001__WS	WS_SKN_KCL9369632_S4_L001	success	KI Polyomavirus	5	0.0	0.0	0.0
WS_SKN_KCL9369632__S4__L001__WS	WS_SKN_KCL9369632_S4_L001	success	Lake Victoria marburgvirus	7	0.0	0.0	0.0
WS_SKN_KCL9369632__S4__L001__WS	WS_SKN_KCL9369632_S4_L001	success	Langat virus	1	0.0	0.0	0.0
WS_SKN_KCL9369632__S4__L001__WS	WS_SKN_KCL9369632_S4_L001	success	Lassa virus	4	0.0	0.0	0.0
WS_SKN_KCL9369632__S4__L001__WS	WS_SKN_KCL9369632_S4_L001	success	Louping ill virus	1	0.0	0.0	0.0
WS_SKN_KCL9369632__S4__L001__WS	WS_SKN_KCL9369632_S4_L001	success	Lymphocytic choriomeningitis virus	4	0.0	0.0	0.0
WS_SKN_KCL9369632__S4__L001__WS	WS_SKN_KCL9369632_S4_L001	success	MERS coronavirus	10	0.0	0.0	0.0
WS_SKN_KCL9369632__S4__L001__WS	WS_SKN_KCL9369632_S4_L001	success	Mayaro virus	4	0.0	0.0	0.0
WS_SKN_KCL9369632__S4__L001__WS	WS_SKN_KCL9369632_S4_L001	success	Measles virus	6	0.0	0.0	0.0
WS_SKN_KCL9369632__S4__L001__WS	WS_SKN_KCL9369632_S4_L001	success	Merkel cell polyomavirus	4	0.0	0.0	0.0
WS_SKN_KCL9369632__S4__L001__WS	WS_SKN_KCL9369632_S4_L001	success	Molluscum contagiosum virus	163	0.0	0.0	0.0
WS_SKN_KCL9369632__S4__L001__WS	WS_SKN_KCL9369632_S4_L001	success	Monkeypox virus	180	0.0	0.0	0.0
WS_SKN_KCL9369632__S4__L001__WS	WS_SKN_KCL9369632_S4_L001	success	Mumps virus	7	0.0	0.0	0.0
WS_SKN_KCL9369632__S4__L001__WS	WS_SKN_KCL9369632_S4_L001	success	Murray valley encephalitis virus	2	0.0	0.0	0.0
WS_SKN_KCL9369632__S4__L001__WS	WS_SKN_KCL9369632_S4_L001	success	Nipah virus	6	0.0	0.0	0.0
WS_SKN_KCL9369632__S4__L001__WS	WS_SKN_KCL9369632_S4_L001	success	Norwalk virus	3	0.0	0.0	0.0
WS_SKN_KCL9369632__S4__L001__WS	WS_SKN_KCL9369632_S4_L001	success	O'nyong-nyong virus	4	0.0	0.0	0.0
WS_SKN_KCL9369632__S4__L001__WS	WS_SKN_KCL9369632_S4_L001	success	Orf virus	130	0.0	0.0	0.0
WS_SKN_KCL9369632__S4__L001__WS	WS_SKN_KCL9369632_S4_L001	success	Oropouche virus	4	0.0	0.0	0.0
WS_SKN_KCL9369632__S4__L001__WS	WS_SKN_KCL9369632_S4_L001	success	Poliovirus	5	0.0	0.0	0.0
WS_SKN_KCL9369632__S4__L001__WS	WS_SKN_KCL9369632_S4_L001	success	Rabies virus	5	0.0	0.0	0.0
WS_SKN_KCL9369632__S4__L001__WS	WS_SKN_KCL9369632_S4_L001	success	Rosavirus A	1	0.0	0.0	0.0
WS_SKN_KCL9369632__S4__L001__WS	WS_SKN_KCL9369632_S4_L001	success	Ross river virus	4	0.0	0.0	0.0
WS_SKN_KCL9369632__S4__L001__WS	WS_SKN_KCL9369632_S4_L001	success	Rotavirus A	10	0.0	0.0	0.0
WS_SKN_KCL9369632__S4__L001__WS	WS_SKN_KCL9369632_S4_L001	success	Rotavirus B	11	0.0	0.0	0.0
WS_SKN_KCL9369632__S4__L001__WS	WS_SKN_KCL9369632_S4_L001	success	Rotavirus C	11	0.0	0.0	0.0
WS_SKN_KCL9369632__S4__L001__WS	WS_SKN_KCL9369632_S4_L001	success	Rubella virus	2	0.0	0.0	0.0
WS_SKN_KCL9369632__S4__L001__WS	WS_SKN_KCL9369632_S4_L001	success	Salivirus A	1	0.0	0.0	0.0
WS_SKN_KCL9369632__S4__L001__WS	WS_SKN_KCL9369632_S4_L001	success	Sapporo virus	2	0.0	0.0	0.0
WS_SKN_KCL9369632__S4__L001__WS	WS_SKN_KCL9369632_S4_L001	success	Semliki forest virus	3	0.0	0.0	0.0
WS_SKN_KCL9369632__S4__L001__WS	WS_SKN_KCL9369632_S4_L001	success	Seoul virus	3	0.0	0.0	0.0
WS_SKN_KCL9369632__S4__L001__WS	WS_SKN_KCL9369632_S4_L001	success	Sindbis virus	4	0.0	0.0	0.0
WS_SKN_KCL9369632__S4__L001__WS	WS_SKN_KCL9369632_S4_L001	success	St. louis encephalitis virus	1	0.0	0.0	0.0
WS_SKN_KCL9369632__S4__L001__WS	WS_SKN_KCL9369632_S4_L001	success	Tick-borne powassan virus	1	0.0	0.0	0.0
WS_SKN_KCL9369632__S4__L001__WS	WS_SKN_KCL9369632_S4_L001	success	Torque teno virus	3	0.0	0.0	0.0
WS_SKN_KCL9369632__S4__L001__WS	WS_SKN_KCL9369632_S4_L001	success	Toscana virus	4	0.0	0.0	0.0
WS_SKN_KCL9369632__S4__L001__WS	WS_SKN_KCL9369632_S4_L001	success	Vaccinia virus	223	0.0	0.0	0.0
WS_SKN_KCL9369632__S4__L001__WS	WS_SKN_KCL9369632_S4_L001	success	Varicella-zoster virus	73	0.0	0.0	0.0
WS_SKN_KCL9369632__S4__L001__WS	WS_SKN_KCL9369632_S4_L001	success	Variola virus	197	0.0	0.0	0.0
WS_SKN_KCL9369632__S4__L001__WS	WS_SKN_KCL9369632_S4_L001	success	Venezuelan equine encephalitis virus	4	0.0	0.0	0.0
WS_SKN_KCL9369632__S4__L001__WS	WS_SKN_KCL9369632_S4_L001	success	Vesicular stomatitis virus	5	0.0	0.0	0.0
WS_SKN_KCL9369632__S4__L001__WS	WS_SKN_KCL9369632_S4_L001	success	WU polyomavirus	5	0.0	0.0	0.0
WS_SKN_KCL9369632__S4__L001__WS	WS_SKN_KCL9369632_S4_L001	success	West Nile virus	1	0.0	0.0	0.0
WS_SKN_KCL9369632__S4__L001__WS	WS_SKN_KCL9369632_S4_L001	success	Western equine encephalitis virus	3	0.0	0.0	0.0
WS_SKN_KCL9369632__S4__L001__WS	WS_SKN_KCL9369632_S4_L001	success	Yaba-like disease virus	152	0.0	0.0	0.0
WS_SKN_KCL9369632__S4__L001__WS	WS_SKN_KCL9369632_S4_L001	success	Yellow fever virus	1	0.0	0.0	0.0
WS_SKN_KCL9369632__S4__L001__WS	WS_SKN_KCL9369632_S4_L001	success	Zika virus	1	0.0	0.0	0.0
WS_SKN__KCL10525740__S1__L001__WS	WS_SKN_KCL10525740_S1_L001	success	ADENO_AAV2gp01	1	0.0	0.0	0.0
WS_SKN__KCL10525740__S1__L001__WS	WS_SKN_KCL10525740_S1_L001	success	ADENO_AAV2gp02	1	0.0	0.0	0.0
WS_SKN__KCL10525740__S1__L001__WS	WS_SKN_KCL10525740_S1_L001	success	ADENO_AAV2gp03	1	0.0	0.0	0.0
WS_SKN__KCL10525740__S1__L001__WS	WS_SKN_KCL10525740_S1_L001	success	ADENO_AAV2gp04	1	0.0	0.0	0.0
WS_SKN__KCL10525740__S1__L001__WS	WS_SKN_KCL10525740_S1_L001	success	ADENO_AAV2gp05	1	0.0	0.0	0.0
WS_SKN__KCL10525740__S1__L001__WS	WS_SKN_KCL10525740_S1_L001	success	ADENO_AAV2gp06	1	0.0	0.0	0.0
WS_SKN__KCL10525740__S1__L001__WS	WS_SKN_KCL10525740_S1_L001	success	ADENO_AAV2gp07	1	0.0	0.0	0.0
WS_SKN__KCL10525740__S1__L001__WS	WS_SKN_KCL10525740_S1_L001	success	ADENO_AAV2gp08	1	0.0	0.0	0.0
WS_SKN__KCL10525740__S1__L001__WS	WS_SKN_KCL10525740_S1_L001	success	ADENO_AAV2gs01	1	0.0	0.0	0.0
WS_SKN__KCL10525740__S1__L001__WS	WS_SKN_KCL10525740_S1_L001	success	ADENO_AAV2gs02	1	0.0	0.0	0.0
WS_SKN__KCL10525740__S1__L001__WS	WS_SKN_KCL10525740_S1_L001	success	ADENO_AAV2gs03	1	0.0	0.0	0.0
WS_SKN__KCL10525740__S1__L001__WS	WS_SKN_KCL10525740_S1_L001	success	Aichi virus	1	0.0	0.0	0.0
WS_SKN__KCL10525740__S1__L001__WS	WS_SKN_KCL10525740_S1_L001	success	Australian Bat Lyssavirus	5	0.0	0.0	0.0
WS_SKN__KCL10525740__S1__L001__WS	WS_SKN_KCL10525740_S1_L001	success	BK polyomavirus	6	0.0	0.0	0.0
WS_SKN__KCL10525740__S1__L001__WS	WS_SKN_KCL10525740_S1_L001	success	Banna virus	11	0.0	0.0	0.0
WS_SKN__KCL10525740__S1__L001__WS	WS_SKN_KCL10525740_S1_L001	success	Barmah forest virus	4	0.0	0.0	0.0
WS_SKN__KCL10525740__S1__L001__WS	WS_SKN_KCL10525740_S1_L001	success	Bunyamwera virus	4	0.0	0.0	0.0
WS_SKN__KCL10525740__S1__L001__WS	WS_SKN_KCL10525740_S1_L001	success	Bunyavirus La Crosse	4	0.0	0.0	0.0
WS_SKN__KCL10525740__S1__L001__WS	WS_SKN_KCL10525740_S1_L001	success	Cercopithecine herpesvirus	75	0.0	0.028037383177570093	0.0
WS_SKN__KCL10525740__S1__L001__WS	WS_SKN_KCL10525740_S1_L001	success	Chikungunya virus	2	0.0	0.0	0.0
WS_SKN__KCL10525740__S1__L001__WS	WS_SKN_KCL10525740_S1_L001	success	Cosavirus A	1	0.0	0.0	0.0
WS_SKN__KCL10525740__S1__L001__WS	WS_SKN_KCL10525740_S1_L001	success	Cowpox virus	233	0.0	0.0	0.0
WS_SKN__KCL10525740__S1__L001__WS	WS_SKN_KCL10525740_S1_L001	success	Coxsackievirus	1	0.0	0.0	0.0
WS_SKN__KCL10525740__S1__L001__WS	WS_SKN_KCL10525740_S1_L001	success	Crimean Congo hemorrhagic fever virus	3	0.0	0.0	0.0
WS_SKN__KCL10525740__S1__L001__WS	WS_SKN_KCL10525740_S1_L001	success	DENV_DV1_gp1	1	0.0	0.0	0.0
WS_SKN__KCL10525740__S1__L001__WS	WS_SKN_KCL10525740_S1_L001	success	DENV_unassigned_gene_1	1	0.0	0.0	0.0
WS_SKN__KCL10525740__S1__L001__WS	WS_SKN_KCL10525740_S1_L001	success	DENV_unassigned_gene_2	1	0.0	0.0	0.0
WS_SKN__KCL10525740__S1__L001__WS	WS_SKN_KCL10525740_S1_L001	success	DENV_unassigned_gene_3	1	0.0	0.0	0.0
WS_SKN__KCL10525740__S1__L001__WS	WS_SKN_KCL10525740_S1_L001	success	DENV_unassigned_gene_4	1	0.0	0.0	0.0
WS_SKN__KCL10525740__S1__L001__WS	WS_SKN_KCL10525740_S1_L001	success	Eastern_equine_encephalitis_virus	4	0.0	0.0	0.0
WS_SKN__KCL10525740__S1__L001__WS	WS_SKN_KCL10525740_S1_L001	success	Ebolavirus	7	0.0	0.0	0.0
WS_SKN__KCL10525740__S1__L001__WS	WS_SKN_KCL10525740_S1_L001	success	Echovirus	1	0.0	0.0	0.0
WS_SKN__KCL10525740__S1__L001__WS	WS_SKN_KCL10525740_S1_L001	success	Encephalomyocarditis virus	2	0.0	0.0	0.0
WS_SKN__KCL10525740__S1__L001__WS	WS_SKN_KCL10525740_S1_L001	success	Epstein-Barr virus	96	1.0	1.0	1.0
WS_SKN__KCL10525740__S1__L001__WS	WS_SKN_KCL10525740_S1_L001	success	European bat lyssavirus	5	0.0	0.0	0.0
WS_SKN__KCL10525740__S1__L001__WS	WS_SKN_KCL10525740_S1_L001	success	Human SARS coronavirus	13	0.0	0.0	0.0
WS_SKN__KCL10525740__S1__L001__WS	WS_SKN_KCL10525740_S1_L001	success	Human adenovirus	18	0.0	0.0	0.0
WS_SKN__KCL10525740__S1__L001__WS	WS_SKN_KCL10525740_S1_L001	success	Human astrovirus	2	0.0	0.0	0.0
WS_SKN__KCL10525740__S1__L001__WS	WS_SKN_KCL10525740_S1_L001	success	Human coronavirus	7	0.0	0.0	0.0
WS_SKN__KCL10525740__S1__L001__WS	WS_SKN_KCL10525740_S1_L001	success	Human cytomegalovirus	187	0.0	0.0	0.0
WS_SKN__KCL10525740__S1__L001__WS	WS_SKN_KCL10525740_S1_L001	success	Human enterovirus 68, 70	1	0.0	0.0	0.0
WS_SKN__KCL10525740__S1__L001__WS	WS_SKN_KCL10525740_S1_L001	success	Human herpesvirus 1	79	1.0	1.0	1.0
WS_SKN__KCL10525740__S1__L001__WS	WS_SKN_KCL10525740_S1_L001	success	Human herpesvirus 2	79	0.0	0.0	0.0
WS_SKN__KCL10525740__S1__L001__WS	WS_SKN_KCL10525740_S1_L001	success	Human herpesvirus 6	88	0.0	0.0	0.0
WS_SKN__KCL10525740__S1__L001__WS	WS_SKN_KCL10525740_S1_L001	success	Human herpesvirus 6b	97	0.0	0.0	0.0
WS_SKN__KCL10525740__S1__L001__WS	WS_SKN_KCL10525740_S1_L001	success	Human herpesvirus 7	86	0.0	0.0	0.0
WS_SKN__KCL10525740__S1__L001__WS	WS_SKN_KCL10525740_S1_L001	success	Human herpesvirus 8	98	1.0	1.0	1.0
WS_SKN__KCL10525740__S1__L001__WS	WS_SKN_KCL10525740_S1_L001	success	Human papillomavirus 1	7	0.0	0.0	0.0
WS_SKN__KCL10525740__S1__L001__WS	WS_SKN_KCL10525740_S1_L001	success	Human papillomavirus 16,18	8	0.0	0.0	0.0
WS_SKN__KCL10525740__S1__L001__WS	WS_SKN_KCL10525740_S1_L001	success	Human papillomavirus 2	7	0.0	0.0	0.0
WS_SKN__KCL10525740__S1__L001__WS	WS_SKN_KCL10525740_S1_L001	success	Human parainfluenza	10	0.0	0.0	0.0
WS_SKN__KCL10525740__S1__L001__WS	WS_SKN_KCL10525740_S1_L001	success	Human parvovirus B19	6	0.0	0.0	0.0
WS_SKN__KCL10525740__S1__L001__WS	WS_SKN_KCL10525740_S1_L001	success	Human respiratory syncytial virus	10	0.0	0.0	0.0
WS_SKN__KCL10525740__S1__L001__WS	WS_SKN_KCL10525740_S1_L001	success	Human rhinovirus	1	0.0	0.0	0.0
WS_SKN__KCL10525740__S1__L001__WS	WS_SKN_KCL10525740_S1_L001	success	Influenza A virus	12	0.0	0.0	0.0
WS_SKN__KCL10525740__S1__L001__WS	WS_SKN_KCL10525740_S1_L001	success	Influenza B virus	10	0.0	0.0	0.0
WS_SKN__KCL10525740__S1__L001__WS	WS_SKN_KCL10525740_S1_L001	success	Influenza C virus	7	0.0	0.0	0.0
WS_SKN__KCL10525740__S1__L001__WS	WS_SKN_KCL10525740_S1_L001	success	JC polyomavirus	6	0.0	0.0	0.0
WS_SKN__KCL10525740__S1__L001__WS	WS_SKN_KCL10525740_S1_L001	success	Japanese encephalitis virus	2	0.0	0.0	0.0
WS_SKN__KCL10525740__S1__L001__WS	WS_SKN_KCL10525740_S1_L001	success	KI Polyomavirus	5	0.0	0.0	0.0
WS_SKN__KCL10525740__S1__L001__WS	WS_SKN_KCL10525740_S1_L001	success	Lake Victoria marburgvirus	7	0.0	0.0	0.0
WS_SKN__KCL10525740__S1__L001__WS	WS_SKN_KCL10525740_S1_L001	success	Langat virus	1	0.0	0.0	0.0
WS_SKN__KCL10525740__S1__L001__WS	WS_SKN_KCL10525740_S1_L001	success	Lassa virus	4	0.0	0.0	0.0
WS_SKN__KCL10525740__S1__L001__WS	WS_SKN_KCL10525740_S1_L001	success	Louping ill virus	1	0.0	0.0	0.0
WS_SKN__KCL10525740__S1__L001__WS	WS_SKN_KCL10525740_S1_L001	success	Lymphocytic choriomeningitis virus	4	0.0	0.0	0.0
WS_SKN__KCL10525740__S1__L001__WS	WS_SKN_KCL10525740_S1_L001	success	MERS coronavirus	10	0.0	0.0	0.0
WS_SKN__KCL10525740__S1__L001__WS	WS_SKN_KCL10525740_S1_L001	success	Mayaro virus	4	0.0	0.0	0.0
WS_SKN__KCL10525740__S1__L001__WS	WS_SKN_KCL10525740_S1_L001	success	Measles virus	6	0.0	0.0	0.0
WS_SKN__KCL10525740__S1__L001__WS	WS_SKN_KCL10525740_S1_L001	success	Merkel cell polyomavirus	4	0.0	0.0	0.0
WS_SKN__KCL10525740__S1__L001__WS	WS_SKN_KCL10525740_S1_L001	success	Molluscum contagiosum virus	163	0.0	0.0	0.0
WS_SKN__KCL10525740__S1__L001__WS	WS_SKN_KCL10525740_S1_L001	success	Monkeypox virus	180	0.0	0.0	0.0
WS_SKN__KCL10525740__S1__L001__WS	WS_SKN_KCL10525740_S1_L001	success	Mumps virus	7	0.0	0.0	0.0
WS_SKN__KCL10525740__S1__L001__WS	WS_SKN_KCL10525740_S1_L001	success	Murray valley encephalitis virus	2	0.0	0.0	0.0
WS_SKN__KCL10525740__S1__L001__WS	WS_SKN_KCL10525740_S1_L001	success	Nipah virus	6	0.0	0.0	0.0
WS_SKN__KCL10525740__S1__L001__WS	WS_SKN_KCL10525740_S1_L001	success	Norwalk virus	3	0.0	0.0	0.0
WS_SKN__KCL10525740__S1__L001__WS	WS_SKN_KCL10525740_S1_L001	success	O'nyong-nyong virus	4	0.0	0.0	0.0
WS_SKN__KCL10525740__S1__L001__WS	WS_SKN_KCL10525740_S1_L001	success	Orf virus	130	0.0	0.0	0.0
WS_SKN__KCL10525740__S1__L001__WS	WS_SKN_KCL10525740_S1_L001	success	Oropouche virus	4	0.0	0.0	0.0
WS_SKN__KCL10525740__S1__L001__WS	WS_SKN_KCL10525740_S1_L001	success	Poliovirus	5	0.0	0.0	0.0
WS_SKN__KCL10525740__S1__L001__WS	WS_SKN_KCL10525740_S1_L001	success	Rabies virus	5	0.0	0.0	0.0
WS_SKN__KCL10525740__S1__L001__WS	WS_SKN_KCL10525740_S1_L001	success	Rosavirus A	1	0.0	0.0	0.0
WS_SKN__KCL10525740__S1__L001__WS	WS_SKN_KCL10525740_S1_L001	success	Ross river virus	4	0.0	0.0	0.0
WS_SKN__KCL10525740__S1__L001__WS	WS_SKN_KCL10525740_S1_L001	success	Rotavirus A	10	0.0	0.0	0.0
WS_SKN__KCL10525740__S1__L001__WS	WS_SKN_KCL10525740_S1_L001	success	Rotavirus B	11	0.0	0.0	0.0
WS_SKN__KCL10525740__S1__L001__WS	WS_SKN_KCL10525740_S1_L001	success	Rotavirus C	11	0.0	0.0	0.0
WS_SKN__KCL10525740__S1__L001__WS	WS_SKN_KCL10525740_S1_L001	success	Rubella virus	2	0.0	0.0	0.0
WS_SKN__KCL10525740__S1__L001__WS	WS_SKN_KCL10525740_S1_L001	success	Salivirus A	1	0.0	0.0	0.0
WS_SKN__KCL10525740__S1__L001__WS	WS_SKN_KCL10525740_S1_L001	success	Sapporo virus	2	0.0	0.0	0.0
WS_SKN__KCL10525740__S1__L001__WS	WS_SKN_KCL10525740_S1_L001	success	Semliki forest virus	3	0.0	0.0	0.0
WS_SKN__KCL10525740__S1__L001__WS	WS_SKN_KCL10525740_S1_L001	success	Seoul virus	3	0.0	0.0	0.0
WS_SKN__KCL10525740__S1__L001__WS	WS_SKN_KCL10525740_S1_L001	success	Sindbis virus	4	0.0	0.0	0.0
WS_SKN__KCL10525740__S1__L001__WS	WS_SKN_KCL10525740_S1_L001	success	St. louis encephalitis virus	1	0.0	0.0	0.0
WS_SKN__KCL10525740__S1__L001__WS	WS_SKN_KCL10525740_S1_L001	success	Tick-borne powassan virus	1	0.0	0.0	0.0
WS_SKN__KCL10525740__S1__L001__WS	WS_SKN_KCL10525740_S1_L001	success	Torque teno virus	3	0.0	0.0	0.0
WS_SKN__KCL10525740__S1__L001__WS	WS_SKN_KCL10525740_S1_L001	success	Toscana virus	4	0.0	0.0	0.0
WS_SKN__KCL10525740__S1__L001__WS	WS_SKN_KCL10525740_S1_L001	success	Vaccinia virus	223	0.0	0.0	0.0
WS_SKN__KCL10525740__S1__L001__WS	WS_SKN_KCL10525740_S1_L001	success	Varicella-zoster virus	73	0.0	0.0	0.0
WS_SKN__KCL10525740__S1__L001__WS	WS_SKN_KCL10525740_S1_L001	success	Variola virus	197	0.0	0.0	0.0
WS_SKN__KCL10525740__S1__L001__WS	WS_SKN_KCL10525740_S1_L001	success	Venezuelan equine encephalitis virus	4	0.0	0.0	0.0
WS_SKN__KCL10525740__S1__L001__WS	WS_SKN_KCL10525740_S1_L001	success	Vesicular stomatitis virus	5	0.0	0.0	0.0
WS_SKN__KCL10525740__S1__L001__WS	WS_SKN_KCL10525740_S1_L001	success	WU polyomavirus	5	0.0	0.0	0.0
WS_SKN__KCL10525740__S1__L001__WS	WS_SKN_KCL10525740_S1_L001	success	West Nile virus	1	0.0	0.0	0.0
WS_SKN__KCL10525740__S1__L001__WS	WS_SKN_KCL10525740_S1_L001	success	Western equine encephalitis virus	3	0.0	0.0	0.0
WS_SKN__KCL10525740__S1__L001__WS	WS_SKN_KCL10525740_S1_L001	success	Yaba-like disease virus	152	0.0	0.0	0.0
WS_SKN__KCL10525740__S1__L001__WS	WS_SKN_KCL10525740_S1_L001	success	Yellow fever virus	1	0.0	0.0	0.0
WS_SKN__KCL10525740__S1__L001__WS	WS_SKN_KCL10525740_S1_L001	success	Zika virus	1	0.0	0.0	0.0
WS_SKN__KCL10525740__S2__L001__WS	WS_SKN_KCL10525740_S2_L001	success	ADENO_AAV2gp01	1	0.0	0.0	0.0
WS_SKN__KCL10525740__S2__L001__WS	WS_SKN_KCL10525740_S2_L001	success	ADENO_AAV2gp02	1	0.0	0.0	0.0
WS_SKN__KCL10525740__S2__L001__WS	WS_SKN_KCL10525740_S2_L001	success	ADENO_AAV2gp03	1	0.0	0.0	0.0
WS_SKN__KCL10525740__S2__L001__WS	WS_SKN_KCL10525740_S2_L001	success	ADENO_AAV2gp04	1	0.0	0.0	0.0
WS_SKN__KCL10525740__S2__L001__WS	WS_SKN_KCL10525740_S2_L001	success	ADENO_AAV2gp05	1	0.0	0.0	0.0
WS_SKN__KCL10525740__S2__L001__WS	WS_SKN_KCL10525740_S2_L001	success	ADENO_AAV2gp06	1	0.0	0.0	0.0
WS_SKN__KCL10525740__S2__L001__WS	WS_SKN_KCL10525740_S2_L001	success	ADENO_AAV2gp07	1	0.0	0.0	0.0
WS_SKN__KCL10525740__S2__L001__WS	WS_SKN_KCL10525740_S2_L001	success	ADENO_AAV2gp08	1	0.0	0.0	0.0
WS_SKN__KCL10525740__S2__L001__WS	WS_SKN_KCL10525740_S2_L001	success	ADENO_AAV2gs01	1	0.0	0.0	0.0
WS_SKN__KCL10525740__S2__L001__WS	WS_SKN_KCL10525740_S2_L001	success	ADENO_AAV2gs02	1	0.0	0.0	0.0
WS_SKN__KCL10525740__S2__L001__WS	WS_SKN_KCL10525740_S2_L001	success	ADENO_AAV2gs03	1	0.0	0.0	0.0
WS_SKN__KCL10525740__S2__L001__WS	WS_SKN_KCL10525740_S2_L001	success	Aichi virus	1	0.0	0.0	0.0
WS_SKN__KCL10525740__S2__L001__WS	WS_SKN_KCL10525740_S2_L001	success	Australian Bat Lyssavirus	5	0.0	0.0	0.0
WS_SKN__KCL10525740__S2__L001__WS	WS_SKN_KCL10525740_S2_L001	success	BK polyomavirus	6	0.0	0.0	0.0
WS_SKN__KCL10525740__S2__L001__WS	WS_SKN_KCL10525740_S2_L001	success	Banna virus	11	0.0	0.0	0.0
WS_SKN__KCL10525740__S2__L001__WS	WS_SKN_KCL10525740_S2_L001	success	Barmah forest virus	4	0.0	0.0	0.0
WS_SKN__KCL10525740__S2__L001__WS	WS_SKN_KCL10525740_S2_L001	success	Bunyamwera virus	4	0.0	0.0	0.0
WS_SKN__KCL10525740__S2__L001__WS	WS_SKN_KCL10525740_S2_L001	success	Bunyavirus La Crosse	4	0.0	0.0	0.0
WS_SKN__KCL10525740__S2__L001__WS	WS_SKN_KCL10525740_S2_L001	success	Cercopithecine herpesvirus	75	0.0	1.0233644859813087	1.0
WS_SKN__KCL10525740__S2__L001__WS	WS_SKN_KCL10525740_S2_L001	success	Chikungunya virus	2	0.0	0.0	0.0
WS_SKN__KCL10525740__S2__L001__WS	WS_SKN_KCL10525740_S2_L001	success	Cosavirus A	1	0.0	0.0	0.0
WS_SKN__KCL10525740__S2__L001__WS	WS_SKN_KCL10525740_S2_L001	success	Cowpox virus	233	0.0	0.0	0.0
WS_SKN__KCL10525740__S2__L001__WS	WS_SKN_KCL10525740_S2_L001	success	Coxsackievirus	1	0.0	0.0	0.0
WS_SKN__KCL10525740__S2__L001__WS	WS_SKN_KCL10525740_S2_L001	success	Crimean Congo hemorrhagic fever virus	3	0.0	0.0	0.0
WS_SKN__KCL10525740__S2__L001__WS	WS_SKN_KCL10525740_S2_L001	success	DENV_DV1_gp1	1	0.0	0.0	0.0
WS_SKN__KCL10525740__S2__L001__WS	WS_SKN_KCL10525740_S2_L001	success	DENV_unassigned_gene_1	1	0.0	0.0	0.0
WS_SKN__KCL10525740__S2__L001__WS	WS_SKN_KCL10525740_S2_L001	success	DENV_unassigned_gene_2	1	0.0	0.0	0.0
WS_SKN__KCL10525740__S2__L001__WS	WS_SKN_KCL10525740_S2_L001	success	DENV_unassigned_gene_3	1	0.0	0.0	0.0
WS_SKN__KCL10525740__S2__L001__WS	WS_SKN_KCL10525740_S2_L001	success	DENV_unassigned_gene_4	1	0.0	0.0	0.0
WS_SKN__KCL10525740__S2__L001__WS	WS_SKN_KCL10525740_S2_L001	success	Eastern_equine_encephalitis_virus	4	0.0	0.0	0.0
WS_SKN__KCL10525740__S2__L001__WS	WS_SKN_KCL10525740_S2_L001	success	Ebolavirus	7	0.0	0.0	0.0
WS_SKN__KCL10525740__S2__L001__WS	WS_SKN_KCL10525740_S2_L001	success	Echovirus	1	0.0	0.0	0.0
WS_SKN__KCL10525740__S2__L001__WS	WS_SKN_KCL10525740_S2_L001	success	Encephalomyocarditis virus	2	0.0	0.0	0.0
WS_SKN__KCL10525740__S2__L001__WS	WS_SKN_KCL10525740_S2_L001	success	Epstein-Barr virus	96	0.0	0.0	0.0
WS_SKN__KCL10525740__S2__L001__WS	WS_SKN_KCL10525740_S2_L001	success	European bat lyssavirus	5	0.0	0.0	0.0
WS_SKN__KCL10525740__S2__L001__WS	WS_SKN_KCL10525740_S2_L001	success	Human SARS coronavirus	13	0.0	0.0	0.0
WS_SKN__KCL10525740__S2__L001__WS	WS_SKN_KCL10525740_S2_L001	success	Human adenovirus	18	0.0	0.0	0.0
WS_SKN__KCL10525740__S2__L001__WS	WS_SKN_KCL10525740_S2_L001	success	Human astrovirus	2	0.0	0.0	0.0
WS_SKN__KCL10525740__S2__L001__WS	WS_SKN_KCL10525740_S2_L001	success	Human coronavirus	7	0.0	0.0	0.0
WS_SKN__KCL10525740__S2__L001__WS	WS_SKN_KCL10525740_S2_L001	success	Human cytomegalovirus	187	0.0	0.0	0.0
WS_SKN__KCL10525740__S2__L001__WS	WS_SKN_KCL10525740_S2_L001	success	Human enterovirus 68, 70	1	0.0	0.0	0.0
WS_SKN__KCL10525740__S2__L001__WS	WS_SKN_KCL10525740_S2_L001	success	Human herpesvirus 1	79	0.0	0.0	0.0
WS_SKN__KCL10525740__S2__L001__WS	WS_SKN_KCL10525740_S2_L001	success	Human herpesvirus 2	79	0.0	0.0	0.0
WS_SKN__KCL10525740__S2__L001__WS	WS_SKN_KCL10525740_S2_L001	success	Human herpesvirus 6	88	0.0	0.0	0.0
WS_SKN__KCL10525740__S2__L001__WS	WS_SKN_KCL10525740_S2_L001	success	Human herpesvirus 6b	97	0.0	0.0	0.0
WS_SKN__KCL10525740__S2__L001__WS	WS_SKN_KCL10525740_S2_L001	success	Human herpesvirus 7	86	0.0	0.0	0.0
WS_SKN__KCL10525740__S2__L001__WS	WS_SKN_KCL10525740_S2_L001	success	Human herpesvirus 8	98	1.0	1.0	1.0
WS_SKN__KCL10525740__S2__L001__WS	WS_SKN_KCL10525740_S2_L001	success	Human papillomavirus 1	7	0.0	0.0	0.0
WS_SKN__KCL10525740__S2__L001__WS	WS_SKN_KCL10525740_S2_L001	success	Human papillomavirus 16,18	8	0.0	0.0	0.0
WS_SKN__KCL10525740__S2__L001__WS	WS_SKN_KCL10525740_S2_L001	success	Human papillomavirus 2	7	0.0	0.0	0.0
WS_SKN__KCL10525740__S2__L001__WS	WS_SKN_KCL10525740_S2_L001	success	Human parainfluenza	10	0.0	0.0	0.0
WS_SKN__KCL10525740__S2__L001__WS	WS_SKN_KCL10525740_S2_L001	success	Human parvovirus B19	6	0.0	0.0	0.0
WS_SKN__KCL10525740__S2__L001__WS	WS_SKN_KCL10525740_S2_L001	success	Human respiratory syncytial virus	10	0.0	0.0	0.0
WS_SKN__KCL10525740__S2__L001__WS	WS_SKN_KCL10525740_S2_L001	success	Human rhinovirus	1	0.0	0.0	0.0
WS_SKN__KCL10525740__S2__L001__WS	WS_SKN_KCL10525740_S2_L001	success	Influenza A virus	12	0.0	0.0	0.0
WS_SKN__KCL10525740__S2__L001__WS	WS_SKN_KCL10525740_S2_L001	success	Influenza B virus	10	0.0	0.0	0.0
WS_SKN__KCL10525740__S2__L001__WS	WS_SKN_KCL10525740_S2_L001	success	Influenza C virus	7	0.0	0.0	0.0
WS_SKN__KCL10525740__S2__L001__WS	WS_SKN_KCL10525740_S2_L001	success	JC polyomavirus	6	0.0	0.0	0.0
WS_SKN__KCL10525740__S2__L001__WS	WS_SKN_KCL10525740_S2_L001	success	Japanese encephalitis virus	2	0.0	0.0	0.0
WS_SKN__KCL10525740__S2__L001__WS	WS_SKN_KCL10525740_S2_L001	success	KI Polyomavirus	5	0.0	0.0	0.0
WS_SKN__KCL10525740__S2__L001__WS	WS_SKN_KCL10525740_S2_L001	success	Lake Victoria marburgvirus	7	0.0	0.0	0.0
WS_SKN__KCL10525740__S2__L001__WS	WS_SKN_KCL10525740_S2_L001	success	Langat virus	1	0.0	0.0	0.0
WS_SKN__KCL10525740__S2__L001__WS	WS_SKN_KCL10525740_S2_L001	success	Lassa virus	4	0.0	0.0	0.0
WS_SKN__KCL10525740__S2__L001__WS	WS_SKN_KCL10525740_S2_L001	success	Louping ill virus	1	0.0	0.0	0.0
WS_SKN__KCL10525740__S2__L001__WS	WS_SKN_KCL10525740_S2_L001	success	Lymphocytic choriomeningitis virus	4	0.0	0.0	0.0
WS_SKN__KCL10525740__S2__L001__WS	WS_SKN_KCL10525740_S2_L001	success	MERS coronavirus	10	0.0	0.0	0.0
WS_SKN__KCL10525740__S2__L001__WS	WS_SKN_KCL10525740_S2_L001	success	Mayaro virus	4	0.0	0.0	0.0
WS_SKN__KCL10525740__S2__L001__WS	WS_SKN_KCL10525740_S2_L001	success	Measles virus	6	0.0	0.0	0.0
WS_SKN__KCL10525740__S2__L001__WS	WS_SKN_KCL10525740_S2_L001	success	Merkel cell polyomavirus	4	0.0	0.0	0.0
WS_SKN__KCL10525740__S2__L001__WS	WS_SKN_KCL10525740_S2_L001	success	Molluscum contagiosum virus	163	0.0	0.0	0.0
WS_SKN__KCL10525740__S2__L001__WS	WS_SKN_KCL10525740_S2_L001	success	Monkeypox virus	180	0.0	0.0	0.0
WS_SKN__KCL10525740__S2__L001__WS	WS_SKN_KCL10525740_S2_L001	success	Mumps virus	7	0.0	0.0	0.0
WS_SKN__KCL10525740__S2__L001__WS	WS_SKN_KCL10525740_S2_L001	success	Murray valley encephalitis virus	2	0.0	0.0	0.0
WS_SKN__KCL10525740__S2__L001__WS	WS_SKN_KCL10525740_S2_L001	success	Nipah virus	6	0.0	0.0	0.0
WS_SKN__KCL10525740__S2__L001__WS	WS_SKN_KCL10525740_S2_L001	success	Norwalk virus	3	0.0	0.0	0.0
WS_SKN__KCL10525740__S2__L001__WS	WS_SKN_KCL10525740_S2_L001	success	O'nyong-nyong virus	4	0.0	0.0	0.0
WS_SKN__KCL10525740__S2__L001__WS	WS_SKN_KCL10525740_S2_L001	success	Orf virus	130	0.0	0.0	0.0
WS_SKN__KCL10525740__S2__L001__WS	WS_SKN_KCL10525740_S2_L001	success	Oropouche virus	4	0.0	0.0	0.0
WS_SKN__KCL10525740__S2__L001__WS	WS_SKN_KCL10525740_S2_L001	success	Poliovirus	5	0.0	0.0	0.0
WS_SKN__KCL10525740__S2__L001__WS	WS_SKN_KCL10525740_S2_L001	success	Rabies virus	5	0.0	0.0	0.0
WS_SKN__KCL10525740__S2__L001__WS	WS_SKN_KCL10525740_S2_L001	success	Rosavirus A	1	0.0	0.0	0.0
WS_SKN__KCL10525740__S2__L001__WS	WS_SKN_KCL10525740_S2_L001	success	Ross river virus	4	0.0	0.0	0.0
WS_SKN__KCL10525740__S2__L001__WS	WS_SKN_KCL10525740_S2_L001	success	Rotavirus A	10	0.0	0.0	0.0
WS_SKN__KCL10525740__S2__L001__WS	WS_SKN_KCL10525740_S2_L001	success	Rotavirus B	11	0.0	0.0	0.0
WS_SKN__KCL10525740__S2__L001__WS	WS_SKN_KCL10525740_S2_L001	success	Rotavirus C	11	0.0	0.0	0.0
WS_SKN__KCL10525740__S2__L001__WS	WS_SKN_KCL10525740_S2_L001	success	Rubella virus	2	0.0	0.0	0.0
WS_SKN__KCL10525740__S2__L001__WS	WS_SKN_KCL10525740_S2_L001	success	Salivirus A	1	0.0	0.0	0.0
WS_SKN__KCL10525740__S2__L001__WS	WS_SKN_KCL10525740_S2_L001	success	Sapporo virus	2	0.0	0.0	0.0
WS_SKN__KCL10525740__S2__L001__WS	WS_SKN_KCL10525740_S2_L001	success	Semliki forest virus	3	0.0	0.0	0.0
WS_SKN__KCL10525740__S2__L001__WS	WS_SKN_KCL10525740_S2_L001	success	Seoul virus	3	0.0	0.0	0.0
WS_SKN__KCL10525740__S2__L001__WS	WS_SKN_KCL10525740_S2_L001	success	Sindbis virus	4	0.0	0.0	0.0
WS_SKN__KCL10525740__S2__L001__WS	WS_SKN_KCL10525740_S2_L001	success	St. louis encephalitis virus	1	0.0	0.0	0.0
WS_SKN__KCL10525740__S2__L001__WS	WS_SKN_KCL10525740_S2_L001	success	Tick-borne powassan virus	1	0.0	0.0	0.0
WS_SKN__KCL10525740__S2__L001__WS	WS_SKN_KCL10525740_S2_L001	success	Torque teno virus	3	0.0	0.0	0.0
WS_SKN__KCL10525740__S2__L001__WS	WS_SKN_KCL10525740_S2_L001	success	Toscana virus	4	0.0	0.0	0.0
WS_SKN__KCL10525740__S2__L001__WS	WS_SKN_KCL10525740_S2_L001	success	Vaccinia virus	223	0.0	0.0	0.0
WS_SKN__KCL10525740__S2__L001__WS	WS_SKN_KCL10525740_S2_L001	success	Varicella-zoster virus	73	0.0	0.0	0.0
WS_SKN__KCL10525740__S2__L001__WS	WS_SKN_KCL10525740_S2_L001	success	Variola virus	197	0.0	0.0	0.0
WS_SKN__KCL10525740__S2__L001__WS	WS_SKN_KCL10525740_S2_L001	success	Venezuelan equine encephalitis virus	4	0.0	0.0	0.0
WS_SKN__KCL10525740__S2__L001__WS	WS_SKN_KCL10525740_S2_L001	success	Vesicular stomatitis virus	5	0.0	0.0	0.0
WS_SKN__KCL10525740__S2__L001__WS	WS_SKN_KCL10525740_S2_L001	success	WU polyomavirus	5	0.0	0.0	0.0
WS_SKN__KCL10525740__S2__L001__WS	WS_SKN_KCL10525740_S2_L001	success	West Nile virus	1	0.0	0.0	0.0
WS_SKN__KCL10525740__S2__L001__WS	WS_SKN_KCL10525740_S2_L001	success	Western equine encephalitis virus	3	0.0	0.0	0.0
WS_SKN__KCL10525740__S2__L001__WS	WS_SKN_KCL10525740_S2_L001	success	Yaba-like disease virus	152	0.0	0.0	0.0
WS_SKN__KCL10525740__S2__L001__WS	WS_SKN_KCL10525740_S2_L001	success	Yellow fever virus	1	0.0	0.0	0.0
WS_SKN__KCL10525740__S2__L001__WS	WS_SKN_KCL10525740_S2_L001	success	Zika virus	1	0.0	0.0	0.0
WS_SKN__KCL10525740__S3__L001__WS	WS_SKN_KCL10525740_S3_L002	success	ADENO_AAV2gp01	1	0.0	0.0	0.0
WS_SKN__KCL10525740__S3__L001__WS	WS_SKN_KCL10525740_S3_L002	success	ADENO_AAV2gp02	1	0.0	0.0	0.0
WS_SKN__KCL10525740__S3__L001__WS	WS_SKN_KCL10525740_S3_L002	success	ADENO_AAV2gp03	1	0.0	0.0	0.0
WS_SKN__KCL10525740__S3__L001__WS	WS_SKN_KCL10525740_S3_L002	success	ADENO_AAV2gp04	1	0.0	0.0	0.0
WS_SKN__KCL10525740__S3__L001__WS	WS_SKN_KCL10525740_S3_L002	success	ADENO_AAV2gp05	1	0.0	0.0	0.0
WS_SKN__KCL10525740__S3__L001__WS	WS_SKN_KCL10525740_S3_L002	success	ADENO_AAV2gp06	1	0.0	0.0	0.0
WS_SKN__KCL10525740__S3__L001__WS	WS_SKN_KCL10525740_S3_L002	success	ADENO_AAV2gp07	1	0.0	0.0	0.0
WS_SKN__KCL10525740__S3__L001__WS	WS_SKN_KCL10525740_S3_L002	success	ADENO_AAV2gp08	1	0.0	0.0	0.0
WS_SKN__KCL10525740__S3__L001__WS	WS_SKN_KCL10525740_S3_L002	success	ADENO_AAV2gs01	1	0.0	0.0	0.0
WS_SKN__KCL10525740__S3__L001__WS	WS_SKN_KCL10525740_S3_L002	success	ADENO_AAV2gs02	1	0.0	0.0	0.0
WS_SKN__KCL10525740__S3__L001__WS	WS_SKN_KCL10525740_S3_L002	success	ADENO_AAV2gs03	1	0.0	0.0	0.0
WS_SKN__KCL10525740__S3__L001__WS	WS_SKN_KCL10525740_S3_L002	success	Aichi virus	1	0.0	0.0	0.0
WS_SKN__KCL10525740__S3__L001__WS	WS_SKN_KCL10525740_S3_L002	success	Australian Bat Lyssavirus	5	0.0	0.0	0.0
WS_SKN__KCL10525740__S3__L001__WS	WS_SKN_KCL10525740_S3_L002	success	BK polyomavirus	6	0.0	0.0	0.0
WS_SKN__KCL10525740__S3__L001__WS	WS_SKN_KCL10525740_S3_L002	success	Banna virus	11	0.0	0.0	0.0
WS_SKN__KCL10525740__S3__L001__WS	WS_SKN_KCL10525740_S3_L002	success	Barmah forest virus	4	0.0	0.0	0.0
WS_SKN__KCL10525740__S3__L001__WS	WS_SKN_KCL10525740_S3_L002	success	Bunyamwera virus	4	0.0	0.0	0.0
WS_SKN__KCL10525740__S3__L001__WS	WS_SKN_KCL10525740_S3_L002	success	Bunyavirus La Crosse	4	0.0	0.0	0.0
WS_SKN__KCL10525740__S3__L001__WS	WS_SKN_KCL10525740_S3_L002	success	Cercopithecine herpesvirus	75	0.0	2.037383177570094	2.0
WS_SKN__KCL10525740__S3__L001__WS	WS_SKN_KCL10525740_S3_L002	success	Chikungunya virus	2	0.0	0.0	0.0
WS_SKN__KCL10525740__S3__L001__WS	WS_SKN_KCL10525740_S3_L002	success	Cosavirus A	1	0.0	0.0	0.0
WS_SKN__KCL10525740__S3__L001__WS	WS_SKN_KCL10525740_S3_L002	success	Cowpox virus	233	0.0	0.07692307692307693	0.0
WS_SKN__KCL10525740__S3__L001__WS	WS_SKN_KCL10525740_S3_L002	success	Coxsackievirus	1	0.0	0.0	0.0
WS_SKN__KCL10525740__S3__L001__WS	WS_SKN_KCL10525740_S3_L002	success	Crimean Congo hemorrhagic fever virus	3	0.0	0.0	0.0
WS_SKN__KCL10525740__S3__L001__WS	WS_SKN_KCL10525740_S3_L002	success	DENV_DV1_gp1	1	0.0	0.0	0.0
WS_SKN__KCL10525740__S3__L001__WS	WS_SKN_KCL10525740_S3_L002	success	DENV_unassigned_gene_1	1	0.0	0.0	0.0
WS_SKN__KCL10525740__S3__L001__WS	WS_SKN_KCL10525740_S3_L002	success	DENV_unassigned_gene_2	1	0.0	0.0	0.0
WS_SKN__KCL10525740__S3__L001__WS	WS_SKN_KCL10525740_S3_L002	success	DENV_unassigned_gene_3	1	0.0	0.0	0.0
WS_SKN__KCL10525740__S3__L001__WS	WS_SKN_KCL10525740_S3_L002	success	DENV_unassigned_gene_4	1	0.0	0.0	0.0
WS_SKN__KCL10525740__S3__L001__WS	WS_SKN_KCL10525740_S3_L002	success	Eastern_equine_encephalitis_virus	4	0.0	0.0	0.0
WS_SKN__KCL10525740__S3__L001__WS	WS_SKN_KCL10525740_S3_L002	success	Ebolavirus	7	0.0	0.0	0.0
WS_SKN__KCL10525740__S3__L001__WS	WS_SKN_KCL10525740_S3_L002	success	Echovirus	1	0.0	0.0	0.0
WS_SKN__KCL10525740__S3__L001__WS	WS_SKN_KCL10525740_S3_L002	success	Encephalomyocarditis virus	2	0.0	0.0	0.0
WS_SKN__KCL10525740__S3__L001__WS	WS_SKN_KCL10525740_S3_L002	success	Epstein-Barr virus	96	0.0	0.0	0.0
WS_SKN__KCL10525740__S3__L001__WS	WS_SKN_KCL10525740_S3_L002	success	European bat lyssavirus	5	0.0	0.0	0.0
WS_SKN__KCL10525740__S3__L001__WS	WS_SKN_KCL10525740_S3_L002	success	Human SARS coronavirus	13	0.0	0.0	0.0
WS_SKN__KCL10525740__S3__L001__WS	WS_SKN_KCL10525740_S3_L002	success	Human adenovirus	18	0.0	0.0	0.0
WS_SKN__KCL10525740__S3__L001__WS	WS_SKN_KCL10525740_S3_L002	success	Human astrovirus	2	0.0	0.0	0.0
WS_SKN__KCL10525740__S3__L001__WS	WS_SKN_KCL10525740_S3_L002	success	Human coronavirus	7	0.0	0.0	0.0
WS_SKN__KCL10525740__S3__L001__WS	WS_SKN_KCL10525740_S3_L002	success	Human cytomegalovirus	187	0.0	0.0	0.0
WS_SKN__KCL10525740__S3__L001__WS	WS_SKN_KCL10525740_S3_L002	success	Human enterovirus 68, 70	1	0.0	0.0	0.0
WS_SKN__KCL10525740__S3__L001__WS	WS_SKN_KCL10525740_S3_L002	success	Human herpesvirus 1	79	0.0	0.0	0.0
WS_SKN__KCL10525740__S3__L001__WS	WS_SKN_KCL10525740_S3_L002	success	Human herpesvirus 2	79	0.0	0.0	0.0
WS_SKN__KCL10525740__S3__L001__WS	WS_SKN_KCL10525740_S3_L002	success	Human herpesvirus 6	88	0.0	0.0	0.0
WS_SKN__KCL10525740__S3__L001__WS	WS_SKN_KCL10525740_S3_L002	success	Human herpesvirus 6b	97	0.0	0.0	0.0
WS_SKN__KCL10525740__S3__L001__WS	WS_SKN_KCL10525740_S3_L002	success	Human herpesvirus 7	86	0.0	0.0	0.0
WS_SKN__KCL10525740__S3__L001__WS	WS_SKN_KCL10525740_S3_L002	success	Human herpesvirus 8	98	0.0	0.0	0.0
WS_SKN__KCL10525740__S3__L001__WS	WS_SKN_KCL10525740_S3_L002	success	Human papillomavirus 1	7	0.0	0.0	0.0
WS_SKN__KCL10525740__S3__L001__WS	WS_SKN_KCL10525740_S3_L002	success	Human papillomavirus 16,18	8	0.0	0.0	0.0
WS_SKN__KCL10525740__S3__L001__WS	WS_SKN_KCL10525740_S3_L002	success	Human papillomavirus 2	7	0.0	0.0	0.0
WS_SKN__KCL10525740__S3__L001__WS	WS_SKN_KCL10525740_S3_L002	success	Human parainfluenza	10	0.0	0.0	0.0
WS_SKN__KCL10525740__S3__L001__WS	WS_SKN_KCL10525740_S3_L002	success	Human parvovirus B19	6	0.0	0.0	0.0
WS_SKN__KCL10525740__S3__L001__WS	WS_SKN_KCL10525740_S3_L002	success	Human respiratory syncytial virus	10	0.0	0.0	0.0
WS_SKN__KCL10525740__S3__L001__WS	WS_SKN_KCL10525740_S3_L002	success	Human rhinovirus	1	0.0	0.0	0.0
WS_SKN__KCL10525740__S3__L001__WS	WS_SKN_KCL10525740_S3_L002	success	Influenza A virus	12	0.0	0.0	0.0
WS_SKN__KCL10525740__S3__L001__WS	WS_SKN_KCL10525740_S3_L002	success	Influenza B virus	10	0.0	0.0	0.0
WS_SKN__KCL10525740__S3__L001__WS	WS_SKN_KCL10525740_S3_L002	success	Influenza C virus	7	0.0	0.0	0.0
WS_SKN__KCL10525740__S3__L001__WS	WS_SKN_KCL10525740_S3_L002	success	JC polyomavirus	6	0.0	0.0	0.0
WS_SKN__KCL10525740__S3__L001__WS	WS_SKN_KCL10525740_S3_L002	success	Japanese encephalitis virus	2	0.0	0.0	0.0
WS_SKN__KCL10525740__S3__L001__WS	WS_SKN_KCL10525740_S3_L002	success	KI Polyomavirus	5	0.0	0.0	0.0
WS_SKN__KCL10525740__S3__L001__WS	WS_SKN_KCL10525740_S3_L002	success	Lake Victoria marburgvirus	7	0.0	0.0	0.0
WS_SKN__KCL10525740__S3__L001__WS	WS_SKN_KCL10525740_S3_L002	success	Langat virus	1	0.0	0.0	0.0
WS_SKN__KCL10525740__S3__L001__WS	WS_SKN_KCL10525740_S3_L002	success	Lassa virus	4	0.0	0.0	0.0
WS_SKN__KCL10525740__S3__L001__WS	WS_SKN_KCL10525740_S3_L002	success	Louping ill virus	1	0.0	0.0	0.0
WS_SKN__KCL10525740__S3__L001__WS	WS_SKN_KCL10525740_S3_L002	success	Lymphocytic choriomeningitis virus	4	0.0	0.0	0.0
WS_SKN__KCL10525740__S3__L001__WS	WS_SKN_KCL10525740_S3_L002	success	MERS coronavirus	10	0.0	0.0	0.0
WS_SKN__KCL10525740__S3__L001__WS	WS_SKN_KCL10525740_S3_L002	success	Mayaro virus	4	0.0	0.0	0.0
WS_SKN__KCL10525740__S3__L001__WS	WS_SKN_KCL10525740_S3_L002	success	Measles virus	6	0.0	0.0	0.0
WS_SKN__KCL10525740__S3__L001__WS	WS_SKN_KCL10525740_S3_L002	success	Merkel cell polyomavirus	4	0.0	0.0	0.0
WS_SKN__KCL10525740__S3__L001__WS	WS_SKN_KCL10525740_S3_L002	success	Molluscum contagiosum virus	163	0.0	0.0	0.0
WS_SKN__KCL10525740__S3__L001__WS	WS_SKN_KCL10525740_S3_L002	success	Monkeypox virus	180	0.0	0.07692307692307693	0.0
WS_SKN__KCL10525740__S3__L001__WS	WS_SKN_KCL10525740_S3_L002	success	Mumps virus	7	0.0	0.0	0.0
WS_SKN__KCL10525740__S3__L001__WS	WS_SKN_KCL10525740_S3_L002	success	Murray valley encephalitis virus	2	0.0	0.0	0.0
WS_SKN__KCL10525740__S3__L001__WS	WS_SKN_KCL10525740_S3_L002	success	Nipah virus	6	0.0	0.0	0.0
WS_SKN__KCL10525740__S3__L001__WS	WS_SKN_KCL10525740_S3_L002	success	Norwalk virus	3	0.0	0.0	0.0
WS_SKN__KCL10525740__S3__L001__WS	WS_SKN_KCL10525740_S3_L002	success	O'nyong-nyong virus	4	0.0	0.0	0.0
WS_SKN__KCL10525740__S3__L001__WS	WS_SKN_KCL10525740_S3_L002	success	Orf virus	130	0.0	0.0	0.0
WS_SKN__KCL10525740__S3__L001__WS	WS_SKN_KCL10525740_S3_L002	success	Oropouche virus	4	0.0	0.0	0.0
WS_SKN__KCL10525740__S3__L001__WS	WS_SKN_KCL10525740_S3_L002	success	Poliovirus	5	0.0	0.0	0.0
WS_SKN__KCL10525740__S3__L001__WS	WS_SKN_KCL10525740_S3_L002	success	Rabies virus	5	0.0	0.0	0.0
WS_SKN__KCL10525740__S3__L001__WS	WS_SKN_KCL10525740_S3_L002	success	Rosavirus A	1	0.0	0.0	0.0
WS_SKN__KCL10525740__S3__L001__WS	WS_SKN_KCL10525740_S3_L002	success	Ross river virus	4	0.0	0.0	0.0
WS_SKN__KCL10525740__S3__L001__WS	WS_SKN_KCL10525740_S3_L002	success	Rotavirus A	10	0.0	0.0	0.0
WS_SKN__KCL10525740__S3__L001__WS	WS_SKN_KCL10525740_S3_L002	success	Rotavirus B	11	0.0	0.0	0.0
WS_SKN__KCL10525740__S3__L001__WS	WS_SKN_KCL10525740_S3_L002	success	Rotavirus C	11	0.0	0.0	0.0
WS_SKN__KCL10525740__S3__L001__WS	WS_SKN_KCL10525740_S3_L002	success	Rubella virus	2	0.0	0.0	0.0
WS_SKN__KCL10525740__S3__L001__WS	WS_SKN_KCL10525740_S3_L002	success	Salivirus A	1	0.0	0.0	0.0
WS_SKN__KCL10525740__S3__L001__WS	WS_SKN_KCL10525740_S3_L002	success	Sapporo virus	2	0.0	0.0	0.0
WS_SKN__KCL10525740__S3__L001__WS	WS_SKN_KCL10525740_S3_L002	success	Semliki forest virus	3	0.0	0.0	0.0
WS_SKN__KCL10525740__S3__L001__WS	WS_SKN_KCL10525740_S3_L002	success	Seoul virus	3	0.0	0.0	0.0
WS_SKN__KCL10525740__S3__L001__WS	WS_SKN_KCL10525740_S3_L002	success	Sindbis virus	4	0.0	0.0	0.0
WS_SKN__KCL10525740__S3__L001__WS	WS_SKN_KCL10525740_S3_L002	success	St. louis encephalitis virus	1	0.0	0.0	0.0
WS_SKN__KCL10525740__S3__L001__WS	WS_SKN_KCL10525740_S3_L002	success	Tick-borne powassan virus	1	0.0	0.0	0.0
WS_SKN__KCL10525740__S3__L001__WS	WS_SKN_KCL10525740_S3_L002	success	Torque teno virus	3	0.0	0.0	0.0
WS_SKN__KCL10525740__S3__L001__WS	WS_SKN_KCL10525740_S3_L002	success	Toscana virus	4	0.0	0.0	0.0
WS_SKN__KCL10525740__S3__L001__WS	WS_SKN_KCL10525740_S3_L002	success	Vaccinia virus	223	0.0	0.0	0.0
WS_SKN__KCL10525740__S3__L001__WS	WS_SKN_KCL10525740_S3_L002	success	Varicella-zoster virus	73	0.0	0.0	0.0
WS_SKN__KCL10525740__S3__L001__WS	WS_SKN_KCL10525740_S3_L002	success	Variola virus	197	0.0	0.0	0.0
WS_SKN__KCL10525740__S3__L001__WS	WS_SKN_KCL10525740_S3_L002	success	Venezuelan equine encephalitis virus	4	0.0	0.0	0.0
WS_SKN__KCL10525740__S3__L001__WS	WS_SKN_KCL10525740_S3_L002	success	Vesicular stomatitis virus	5	0.0	0.0	0.0
WS_SKN__KCL10525740__S3__L001__WS	WS_SKN_KCL10525740_S3_L002	success	WU polyomavirus	5	0.0	0.0	0.0
WS_SKN__KCL10525740__S3__L001__WS	WS_SKN_KCL10525740_S3_L002	success	West Nile virus	1	0.0	0.0	0.0
WS_SKN__KCL10525740__S3__L001__WS	WS_SKN_KCL10525740_S3_L002	success	Western equine encephalitis virus	3	0.0	0.0	0.0
WS_SKN__KCL10525740__S3__L001__WS	WS_SKN_KCL10525740_S3_L002	success	Yaba-like disease virus	152	0.0	0.0	0.0
WS_SKN__KCL10525740__S3__L001__WS	WS_SKN_KCL10525740_S3_L002	success	Yellow fever virus	1	0.0	0.0	0.0
WS_SKN__KCL10525740__S3__L001__WS	WS_SKN_KCL10525740_S3_L002	success	Zika virus	1	0.0	0.0	0.0
old__SRR6825025	SRR6825025	success	ADENO_AAV2gp01	1	0.0	0.0	0.0
old__SRR6825025	SRR6825025	success	ADENO_AAV2gp02	1	0.0	0.0	0.0
old__SRR6825025	SRR6825025	success	ADENO_AAV2gp03	1	0.0	0.0	0.0
old__SRR6825025	SRR6825025	success	ADENO_AAV2gp04	1	0.0	0.0	0.0
old__SRR6825025	SRR6825025	success	ADENO_AAV2gp05	1	0.0	0.0	0.0
old__SRR6825025	SRR6825025	success	ADENO_AAV2gp06	1	0.0	0.0	0.0
old__SRR6825025	SRR6825025	success	ADENO_AAV2gp07	1	0.0	0.0	0.0
old__SRR6825025	SRR6825025	success	ADENO_AAV2gp08	1	0.0	0.0	0.0
old__SRR6825025	SRR6825025	success	ADENO_AAV2gs01	1	0.0	0.0	0.0
old__SRR6825025	SRR6825025	success	ADENO_AAV2gs02	1	0.0	0.0	0.0
old__SRR6825025	SRR6825025	success	ADENO_AAV2gs03	1	0.0	0.0	0.0
old__SRR6825025	SRR6825025	success	Aichi virus	1	0.0	0.0	0.0
old__SRR6825025	SRR6825025	success	Australian Bat Lyssavirus	5	0.0	0.0	0.0
old__SRR6825025	SRR6825025	success	BK polyomavirus	6	0.0	0.0	0.0
old__SRR6825025	SRR6825025	success	Banna virus	11	0.0	0.0	0.0
old__SRR6825025	SRR6825025	success	Barmah forest virus	4	0.0	0.0	0.0
old__SRR6825025	SRR6825025	success	Bunyamwera virus	4	0.0	0.0	0.0
old__SRR6825025	SRR6825025	success	Bunyavirus La Crosse	4	0.0	0.0	0.0
old__SRR6825025	SRR6825025	success	Cercopithecine herpesvirus	75	0.0	1.0	1.0
old__SRR6825025	SRR6825025	success	Chikungunya virus	2	0.0	0.0	0.0
old__SRR6825025	SRR6825025	success	Cosavirus A	1	0.0	0.0	0.0
old__SRR6825025	SRR6825025	success	Cowpox virus	233	0.0	0.0	0.0
old__SRR6825025	SRR6825025	success	Coxsackievirus	1	0.0	0.0	0.0
old__SRR6825025	SRR6825025	success	Crimean Congo hemorrhagic fever virus	3	0.0	0.0	0.0
old__SRR6825025	SRR6825025	success	DENV_DV1_gp1	1	0.0	0.0	0.0
old__SRR6825025	SRR6825025	success	DENV_unassigned_gene_1	1	0.0	0.0	0.0
old__SRR6825025	SRR6825025	success	DENV_unassigned_gene_2	1	0.0	0.0	0.0
old__SRR6825025	SRR6825025	success	DENV_unassigned_gene_3	1	0.0	0.0	0.0
old__SRR6825025	SRR6825025	success	DENV_unassigned_gene_4	1	0.0	0.0	0.0
old__SRR6825025	SRR6825025	success	Eastern_equine_encephalitis_virus	4	0.0	0.0	0.0
old__SRR6825025	SRR6825025	success	Ebolavirus	7	0.0	0.0	0.0
old__SRR6825025	SRR6825025	success	Echovirus	1	0.0	0.0	0.0
old__SRR6825025	SRR6825025	success	Encephalomyocarditis virus	2	0.0	0.0	0.0
old__SRR6825025	SRR6825025	success	Epstein-Barr virus	96	0.0	0.0	0.0
old__SRR6825025	SRR6825025	success	European bat lyssavirus	5	0.0	0.0	0.0
old__SRR6825025	SRR6825025	success	Human SARS coronavirus	13	0.0	0.0	0.0
old__SRR6825025	SRR6825025	success	Human adenovirus	18	0.0	0.0	0.0
old__SRR6825025	SRR6825025	success	Human astrovirus	2	0.0	0.0	0.0
old__SRR6825025	SRR6825025	success	Human coronavirus	7	0.0	0.0	0.0
old__SRR6825025	SRR6825025	success	Human cytomegalovirus	187	0.0	0.0	0.0
old__SRR6825025	SRR6825025	success	Human enterovirus 68, 70	1	0.0	0.0	0.0
old__SRR6825025	SRR6825025	success	Human herpesvirus 1	79	0.0	0.0	0.0
old__SRR6825025	SRR6825025	success	Human herpesvirus 2	79	0.0	0.0	0.0
old__SRR6825025	SRR6825025	success	Human herpesvirus 6	88	0.0	0.0	0.0
old__SRR6825025	SRR6825025	success	Human herpesvirus 6b	97	3.0	3.0	3.0
old__SRR6825025	SRR6825025	success	Human herpesvirus 7	86	0.0	0.0	0.0
old__SRR6825025	SRR6825025	success	Human herpesvirus 8	98	0.0	0.0	0.0
old__SRR6825025	SRR6825025	success	Human papillomavirus 1	7	0.0	0.0	0.0
old__SRR6825025	SRR6825025	success	Human papillomavirus 16,18	8	0.0	0.0	0.0
old__SRR6825025	SRR6825025	success	Human papillomavirus 2	7	0.0	0.0	0.0
old__SRR6825025	SRR6825025	success	Human parainfluenza	10	0.0	0.0	0.0
old__SRR6825025	SRR6825025	success	Human parvovirus B19	6	0.0	0.0	0.0
old__SRR6825025	SRR6825025	success	Human respiratory syncytial virus	10	0.0	0.0	0.0
old__SRR6825025	SRR6825025	success	Human rhinovirus	1	0.0	0.0	0.0
old__SRR6825025	SRR6825025	success	Influenza A virus	12	0.0	0.0	0.0
old__SRR6825025	SRR6825025	success	Influenza B virus	10	0.0	0.0	0.0
old__SRR6825025	SRR6825025	success	Influenza C virus	7	0.0	0.0	0.0
old__SRR6825025	SRR6825025	success	JC polyomavirus	6	0.0	0.0	0.0
old__SRR6825025	SRR6825025	success	Japanese encephalitis virus	2	0.0	0.0	0.0
old__SRR6825025	SRR6825025	success	KI Polyomavirus	5	0.0	0.0	0.0
old__SRR6825025	SRR6825025	success	Lake Victoria marburgvirus	7	0.0	0.0	0.0
old__SRR6825025	SRR6825025	success	Langat virus	1	0.0	0.0	0.0
old__SRR6825025	SRR6825025	success	Lassa virus	4	0.0	0.0	0.0
old__SRR6825025	SRR6825025	success	Louping ill virus	1	0.0	0.0	0.0
old__SRR6825025	SRR6825025	success	Lymphocytic choriomeningitis virus	4	0.0	0.0	0.0
old__SRR6825025	SRR6825025	success	MERS coronavirus	10	0.0	0.0	0.0
old__SRR6825025	SRR6825025	success	Mayaro virus	4	0.0	0.0	0.0
old__SRR6825025	SRR6825025	success	Measles virus	6	0.0	0.0	0.0
old__SRR6825025	SRR6825025	success	Merkel cell polyomavirus	4	0.0	0.0	0.0
old__SRR6825025	SRR6825025	success	Molluscum contagiosum virus	163	1.0	1.0	1.0
old__SRR6825025	SRR6825025	success	Monkeypox virus	180	0.0	0.0	0.0
old__SRR6825025	SRR6825025	success	Mumps virus	7	0.0	0.0	0.0
old__SRR6825025	SRR6825025	success	Murray valley encephalitis virus	2	0.0	0.0	0.0
old__SRR6825025	SRR6825025	success	Nipah virus	6	0.0	0.0	0.0
old__SRR6825025	SRR6825025	success	Norwalk virus	3	0.0	0.0	0.0
old__SRR6825025	SRR6825025	success	O'nyong-nyong virus	4	0.0	0.0	0.0
old__SRR6825025	SRR6825025	success	Orf virus	130	0.0	0.0	0.0
old__SRR6825025	SRR6825025	success	Oropouche virus	4	0.0	0.0	0.0
old__SRR6825025	SRR6825025	success	Poliovirus	5	0.0	0.0	0.0
old__SRR6825025	SRR6825025	success	Rabies virus	5	0.0	0.0	0.0
old__SRR6825025	SRR6825025	success	Rosavirus A	1	0.0	0.0	0.0
old__SRR6825025	SRR6825025	success	Ross river virus	4	0.0	0.0	0.0
old__SRR6825025	SRR6825025	success	Rotavirus A	10	0.0	0.0	0.0
old__SRR6825025	SRR6825025	success	Rotavirus B	11	0.0	0.0	0.0
old__SRR6825025	SRR6825025	success	Rotavirus C	11	0.0	0.0	0.0
old__SRR6825025	SRR6825025	success	Rubella virus	2	0.0	0.0	0.0
old__SRR6825025	SRR6825025	success	Salivirus A	1	0.0	0.0	0.0
old__SRR6825025	SRR6825025	success	Sapporo virus	2	0.0	0.0	0.0
old__SRR6825025	SRR6825025	success	Semliki forest virus	3	0.0	0.0	0.0
old__SRR6825025	SRR6825025	success	Seoul virus	3	0.0	0.0	0.0
old__SRR6825025	SRR6825025	success	Sindbis virus	4	0.0	0.0	0.0
old__SRR6825025	SRR6825025	success	St. louis encephalitis virus	1	0.0	0.0	0.0
old__SRR6825025	SRR6825025	success	Tick-borne powassan virus	1	0.0	0.0	0.0
old__SRR6825025	SRR6825025	success	Torque teno virus	3	0.0	0.0	0.0
old__SRR6825025	SRR6825025	success	Toscana virus	4	0.0	0.0	0.0
old__SRR6825025	SRR6825025	success	Vaccinia virus	223	0.0	0.0	0.0
old__SRR6825025	SRR6825025	success	Varicella-zoster virus	73	0.0	0.0	0.0
old__SRR6825025	SRR6825025	success	Variola virus	197	0.0	0.0	0.0
old__SRR6825025	SRR6825025	success	Venezuelan equine encephalitis virus	4	0.0	0.0	0.0
old__SRR6825025	SRR6825025	success	Vesicular stomatitis virus	5	0.0	0.0	0.0
old__SRR6825025	SRR6825025	success	WU polyomavirus	5	0.0	0.0	0.0
old__SRR6825025	SRR6825025	success	West Nile virus	1	0.0	0.0	0.0
old__SRR6825025	SRR6825025	success	Western equine encephalitis virus	3	0.0	0.0	0.0
old__SRR6825025	SRR6825025	success	Yaba-like disease virus	152	0.0	0.0	0.0
old__SRR6825025	SRR6825025	success	Yellow fever virus	1	0.0	0.0	0.0
old__SRR6825025	SRR6825025	success	Zika virus	1	0.0	0.0	0.0
