accession	virus_name	genus	family	source
NC_002076.2	Torque teno virus	Alphatorquevirus	Anelloviridae	viralscan-refseq
NC_014073.1	Torque teno virus 28	Alphatorquevirus	Anelloviridae	viralscan-refseq
NC_014075.1	Torque teno virus 12	Alphatorquevirus	Anelloviridae	viralscan-refseq
NC_014076.1	Alphatorquevirus homin10	Alphatorquevirus	Anelloviridae	viralscan-refseq
NC_014078.1	Alphatorquevirus homin19	Alphatorquevirus	Anelloviridae	viralscan-refseq
NC_014080.1	Alphatorquevirus homin7	Alphatorquevirus	Anelloviridae	viralscan-refseq
NC_014081.1	Alphatorquevirus homin3	Alphatorquevirus	Anelloviridae	viralscan-refseq
NC_014084.1	Torque teno virus 8	Alphatorquevirus	Anelloviridae	viralscan-refseq
NC_014091.1	Torque teno virus 16	Alphatorquevirus	Anelloviridae	viralscan-refseq
NC_014094.1	Alphatorquevirus homin6	Alphatorquevirus	Anelloviridae	viralscan-refseq
NC_014096.1	Alphatorquevirus homin15	Alphatorquevirus	Anelloviridae	viralscan-refseq
NC_014480.2	Alphatorquevirus homin2	Alphatorquevirus	Anelloviridae	viralscan-refseq
NC_038336.1	Alphatorquevirus homin5	Alphatorquevirus	Anelloviridae	viralscan-refseq
NC_038337.1	Alphatorquevirus homin9	Alphatorquevirus	Anelloviridae	viralscan-refseq
NC_038338.1	Torque teno virus 11	Alphatorquevirus	Anelloviridae	viralscan-refseq
NC_038339.1	Alphatorquevirus homin13	Alphatorquevirus	Anelloviridae	viralscan-refseq
NC_038340.1	Alphatorquevirus homin20	Alphatorquevirus	Anelloviridae	viralscan-refseq
NC_038341.1	Alphatorquevirus homin21	Alphatorquevirus	Anelloviridae	viralscan-refseq
NC_038343.1	Alphatorquevirus homin24	Alphatorquevirus	Anelloviridae	viralscan-refseq
NC_038344.1	Alphatorquevirus homin29	Alphatorquevirus	Anelloviridae	viralscan-refseq
NC_038345.1	Torque teno mini virus 10	Betatorquevirus	Anelloviridae	clareaulab
NC_038346.1	Torque teno mini virus 11	Betatorquevirus	Anelloviridae	clareaulab
NC_038350.1	Torque teno midi virus 3	Gammatorquevirus	Anelloviridae	clareaulab
NC_038351.1	Torque teno midi virus 4	Gammatorquevirus	Anelloviridae	clareaulab
NC_038359.1	Torque teno midi virus 12	Gammatorquevirus	Anelloviridae	clareaulab
AB026929.1	Torque teno mini virus 6	Betatorquevirus	Anelloviridae	clareaulab
AB026930.1	TTV-like mini virus	Betatorquevirus	Anelloviridae	clareaulab
AB026931.1	Torque teno mini virus 1	Betatorquevirus	Anelloviridae	clareaulab
AB041962.1	Torque teno mini virus 5	Betatorquevirus	Anelloviridae	clareaulab
AB290917.1	Torque teno midi virus 1	Gammatorquevirus	Anelloviridae	clareaulab
AB290918.1	Torque teno midi virus 1	Gammatorquevirus	Anelloviridae	clareaulab
AB290919.1	Torque teno midi virus 2	Gammatorquevirus	Anelloviridae	clareaulab
AB303552.1	Torque teno midi virus 5	Gammatorquevirus	Anelloviridae	clareaulab
AB303553.1	Torque teno midi virus 6	Gammatorquevirus	Anelloviridae	clareaulab
AB303554.1	Torque teno midi virus 7	Gammatorquevirus	Anelloviridae	clareaulab
AB303555.1	Torque teno midi virus	Anelloviridae	Anelloviridae	clareaulab
AB303556.1	Torque teno midi virus	Gammatorquevirus	Anelloviridae	clareaulab
AB303557.1	Torque teno midi virus	Gammatorquevirus	Anelloviridae	clareaulab
AB303558.1	Torque teno midi virus 8	Gammatorquevirus	Anelloviridae	clareaulab
AB303559.1	Torque teno midi virus 9	Gammatorquevirus	Anelloviridae	clareaulab
AB303560.1	Torque teno midi virus 10	Gammatorquevirus	Anelloviridae	clareaulab
AB303561.1	Torque teno midi virus 11	Gammatorquevirus	Anelloviridae	clareaulab
AB303562.1	Torque teno midi virus 12	Gammatorquevirus	Anelloviridae	clareaulab
AB303563.1	Torque teno midi virus	Gammatorquevirus	Anelloviridae	clareaulab
AB303564.1	Torque teno midi virus 13	Gammatorquevirus	Anelloviridae	clareaulab
AB303565.1	Torque teno midi virus	Gammatorquevirus	Anelloviridae	clareaulab
AB303566.1	Torque teno midi virus 14	Gammatorquevirus	Anelloviridae	clareaulab
AF291073.1	Torque teno mini virus 8	Betatorquevirus	Anelloviridae	clareaulab
AY622909.1	Small anellovirus 2	Gammatorquevirus	Anelloviridae	clareaulab
AY823988.1	Torque teno virus	Anelloviridae	Anelloviridae	clareaulab
AY823989.1	Torque teno virus	Alphatorquevirus	Anelloviridae	clareaulab
GU797360.1	Torque teno virus 10	Alphatorquevirus	Anelloviridae	clareaulab
HM224451.1	Torque teno virus	Alphatorquevirus	Anelloviridae	clareaulab
JN980171.1	Torque teno virus	Alphatorquevirus	Anelloviridae	clareaulab
JQ308210.1	Gyrovirus GyV3	Gyrovirus	Anelloviridae	clareaulab
JQ690762.1	Chicken anemia virus	Gyrovirus	Anelloviridae	clareaulab
JQ690763.1	Avian gyrovirus 2	Gyrovirus	Anelloviridae	clareaulab
JX134044.1	TTV-like mini virus	Betatorquevirus	Anelloviridae	clareaulab
JX134045.1	TTV-like mini virus	Betatorquevirus	Anelloviridae	clareaulab
JX134046.1	TTV-like mini virus	Betatorquevirus	Anelloviridae	clareaulab
JX310702.1	Gyrovirus 4	Gyrovirus	Anelloviridae	clareaulab
KF294861.1	Gyrovirus Tu243	Gyrovirus	Anelloviridae	clareaulab
KF294862.1	Gyrovirus Tu789	Gyrovirus	Anelloviridae	clareaulab
KF764701.1	TTV-like mini virus	Betatorquevirus	Anelloviridae	clareaulab
KJ194502.1	Torque teno virus	Alphatorquevirus	Anelloviridae	clareaulab
KJ194503.1	Torque teno virus	Anelloviridae	Anelloviridae	clareaulab
KM259873.1	Torque teno mini virus ALA22	Betatorquevirus	Anelloviridae	clareaulab
KM259874.1	Torque teno mini virus ALH8	Betatorquevirus	Anelloviridae	clareaulab
KM593802.2	SEN virus	Anelloviridae	Anelloviridae	clareaulab
KP036971.1	Torque teno virus	Alphatorquevirus	Anelloviridae	clareaulab
KP343818.1	Torque teno virus	Betatorquevirus	Anelloviridae	clareaulab
KP343819.1	Torque teno virus	Betatorquevirus	Anelloviridae	clareaulab
KP343820.1	Torque teno virus	Samektorquevirus	Anelloviridae	clareaulab
KP343821.1	Torque teno virus	Anelloviridae	Anelloviridae	clareaulab
KP343822.1	Torque teno virus	Anelloviridae	Anelloviridae	clareaulab
KP343823.1	Torque teno virus	Anelloviridae	Anelloviridae	clareaulab
KP343824.1	Torque teno virus	Gammatorquevirus	Anelloviridae	clareaulab
KP343825.1	Torque teno virus	Gammatorquevirus	Anelloviridae	clareaulab
KP343826.1	Torque teno virus	Gammatorquevirus	Anelloviridae	clareaulab
KP343827.1	Torque teno virus	Gammatorquevirus	Anelloviridae	clareaulab
KP343828.1	Torque teno virus	Anelloviridae	Anelloviridae	clareaulab
KP343829.1	Torque teno virus	Betatorquevirus	Anelloviridae	clareaulab
KP343830.1	Torque teno virus	Betatorquevirus	Anelloviridae	clareaulab
KP343831.1	Torque teno virus	Betatorquevirus	Anelloviridae	clareaulab
KP343832.1	Torque teno virus	Betatorquevirus	Anelloviridae	clareaulab
KP343833.1	Torque teno virus	Betatorquevirus	Anelloviridae	clareaulab
KP343834.1	Torque teno virus	Betatorquevirus	Anelloviridae	clareaulab
KP343835.1	Torque teno virus	Betatorquevirus	Anelloviridae	clareaulab
KP343836.1	Torque teno virus	Betatorquevirus	Anelloviridae	clareaulab
KP343837.1	Torque teno virus	Alphatorquevirus	Anelloviridae	clareaulab
KP343838.1	Torque teno virus	Anelloviridae	Anelloviridae	clareaulab
KP343839.1	Torque teno virus	Alphatorquevirus	Anelloviridae	clareaulab
KP343840.1	Torque teno virus	Alphatorquevirus	Anelloviridae	clareaulab
KP343841.1	Torque teno virus	Anelloviridae	Anelloviridae	clareaulab
KP343842.1	Torque teno virus	Anelloviridae	Anelloviridae	clareaulab
KP343843.1	Torque teno virus	Alphatorquevirus	Anelloviridae	clareaulab
KP343844.1	Torque teno virus	Anelloviridae	Anelloviridae	clareaulab
KP343845.1	Torque teno virus	Alphatorquevirus	Anelloviridae	clareaulab
KP343846.1	Torque teno virus	Anelloviridae	Anelloviridae	clareaulab
KP343847.1	Torque teno virus	Betatorquevirus	Anelloviridae	clareaulab
KP343848.1	Torque teno virus	Betatorquevirus	Anelloviridae	clareaulab
KP343849.1	Torque teno virus	Betatorquevirus	Anelloviridae	clareaulab
KP343850.1	Torque teno virus	Betatorquevirus	Anelloviridae	clareaulab
KP343851.1	Torque teno virus	Betatorquevirus	Anelloviridae	clareaulab
KP343852.1	Torque teno virus	Anelloviridae	Anelloviridae	clareaulab
KP343853.1	Torque teno virus	Betatorquevirus	Anelloviridae	clareaulab
KP343854.1	Torque teno virus	Betatorquevirus	Anelloviridae	clareaulab
KP343856.1	Torque teno virus	Betatorquevirus	Anelloviridae	clareaulab
KP343857.1	Torque teno virus	Betatorquevirus	Anelloviridae	clareaulab
KP343858.1	Torque teno virus	Betatorquevirus	Anelloviridae	clareaulab
KP343859.1	Torque teno virus	Betatorquevirus	Anelloviridae	clareaulab
KP343860.1	Torque teno virus	Betatorquevirus	Anelloviridae	clareaulab
KP343862.1	Torque teno virus	Betatorquevirus	Anelloviridae	clareaulab
KP343864.1	Torque teno virus	Betatorquevirus	Anelloviridae	clareaulab
KU041847.1	Torque teno mini virus 18	Betatorquevirus	Anelloviridae	clareaulab
KU243129.1	TTV-like mini virus	Betatorquevirus	Anelloviridae	clareaulab
KX810064.1	TTV-like mini virus	Betatorquevirus	Anelloviridae	clareaulab
KY462757.1	Torque teno mini virus SHC	Betatorquevirus	Anelloviridae	clareaulab
KY462758.1	Torque teno mini virus SHC	Betatorquevirus	Anelloviridae	clareaulab
KY462770.1	Torque teno mini virus SHA	Betatorquevirus	Anelloviridae	clareaulab
KY856742.1	TTV-like mini virus	Betatorquevirus	Anelloviridae	clareaulab
LC381845.1	TTV-like mini virus	Betatorquevirus	Anelloviridae	clareaulab
LC385662.1	Torque teno virus 7	Alphatorquevirus	Anelloviridae	clareaulab
MH017548.1	Torque teno mini virus 10	Betatorquevirus	Anelloviridae	clareaulab
MH017554.1	Torque teno mini virus 10	Betatorquevirus	Anelloviridae	clareaulab
MH017556.1	Torque teno mini virus 10	Betatorquevirus	Anelloviridae	clareaulab
MH017563.1	Torque teno mini virus 10	Gammatorquevirus	Anelloviridae	clareaulab
MH017566.1	Torque teno midi virus 10	Gammatorquevirus	Anelloviridae	clareaulab
MH017570.1	Torque teno virus 1	Alphatorquevirus	Anelloviridae	clareaulab
MH017577.1	Torque teno virus 1	Alphatorquevirus	Anelloviridae	clareaulab
MH017583.1	Torque teno virus 1	Alphatorquevirus	Anelloviridae	clareaulab
MH648892.1	Anelloviridae sp.	Betatorquevirus	Anelloviridae	clareaulab
MH648893.1	Anelloviridae sp.	Anelloviridae	Anelloviridae	clareaulab
MH648897.1	Anelloviridae sp.	Betatorquevirus	Anelloviridae	clareaulab
MH648900.1	Anelloviridae sp.	Anelloviridae	Anelloviridae	clareaulab
MH648901.1	Anelloviridae sp.	Alphatorquevirus	Anelloviridae	clareaulab
MH648907.1	Anelloviridae sp.	Betatorquevirus	Anelloviridae	clareaulab
MH648910.1	Anelloviridae sp.	Betatorquevirus	Anelloviridae	clareaulab
MH648911.1	Anelloviridae sp.	Alphatorquevirus	Anelloviridae	clareaulab
MH648912.1	Anelloviridae sp.	Betatorquevirus	Anelloviridae	clareaulab
MH648913.1	Anelloviridae sp.	Alphatorquevirus	Anelloviridae	clareaulab
MH648916.1	Anelloviridae sp.	Anelloviridae	Anelloviridae	clareaulab
MH648922.1	Anelloviridae sp.	Anelloviridae	Anelloviridae	clareaulab
MH648925.1	Anelloviridae sp.	Anelloviridae	Anelloviridae	clareaulab
MH648942.1	Anelloviridae sp.	Anelloviridae	Anelloviridae	clareaulab
MH648946.1	Anelloviridae sp.	Alphatorquevirus	Anelloviridae	clareaulab
MH648950.1	Anelloviridae sp.	Alphatorquevirus	Anelloviridae	clareaulab
MH648957.1	Anelloviridae sp.	Betatorquevirus	Anelloviridae	clareaulab
MH648958.1	Anelloviridae sp.	Alphatorquevirus	Anelloviridae	clareaulab
MH648959.1	Anelloviridae sp.	Anelloviridae	Anelloviridae	clareaulab
MH648962.1	Anelloviridae sp.	Anelloviridae	Anelloviridae	clareaulab
MH648966.1	Anelloviridae sp.	Anelloviridae	Anelloviridae	clareaulab
MH648969.1	Anelloviridae sp.	Alphatorquevirus	Anelloviridae	clareaulab
MH648976.1	Anelloviridae sp.	Alphatorquevirus	Anelloviridae	clareaulab
MH648977.1	Anelloviridae sp.	Anelloviridae	Anelloviridae	clareaulab
MH648978.1	Anelloviridae sp.	Betatorquevirus	Anelloviridae	clareaulab
MH648982.1	Anelloviridae sp.	Betatorquevirus	Anelloviridae	clareaulab
MH648983.1	Anelloviridae sp.	Betatorquevirus	Anelloviridae	clareaulab
MH648985.1	Anelloviridae sp.	Betatorquevirus	Anelloviridae	clareaulab
MH648986.1	Anelloviridae sp.	Anelloviridae	Anelloviridae	clareaulab
MH648989.1	Anelloviridae sp.	Betatorquevirus	Anelloviridae	clareaulab
MH648990.1	Anelloviridae sp.	Alphatorquevirus	Anelloviridae	clareaulab
MH648995.1	Anelloviridae sp.	Anelloviridae	Anelloviridae	clareaulab
MH648997.1	Anelloviridae sp.	Anelloviridae	Anelloviridae	clareaulab
MH648999.1	Anelloviridae sp.	Betatorquevirus	Anelloviridae	clareaulab
MH649002.1	Anelloviridae sp.	Betatorquevirus	Anelloviridae	clareaulab
MH649006.1	Anelloviridae sp.	Anelloviridae	Anelloviridae	clareaulab
MH649009.1	Anelloviridae sp.	Betatorquevirus	Anelloviridae	clareaulab
MH649011.1	Anelloviridae sp.	Anelloviridae	Anelloviridae	clareaulab
MH649014.1	Anelloviridae sp.	Anelloviridae	Anelloviridae	clareaulab
MH649017.1	Anelloviridae sp.	Betatorquevirus	Anelloviridae	clareaulab
MH649022.1	Anelloviridae sp.	Anelloviridae	Anelloviridae	clareaulab
MH649023.1	Anelloviridae sp.	Anelloviridae	Anelloviridae	clareaulab
MH649028.1	Anelloviridae sp.	Betatorquevirus	Anelloviridae	clareaulab
MH649029.1	Anelloviridae sp.	Anelloviridae	Anelloviridae	clareaulab
MH649037.1	Anelloviridae sp.	Alphatorquevirus	Anelloviridae	clareaulab
MH649039.1	Anelloviridae sp.	Alphatorquevirus	Anelloviridae	clareaulab
MH649040.1	Anelloviridae sp.	Betatorquevirus	Anelloviridae	clareaulab
MH649042.1	Anelloviridae sp.	Alphatorquevirus	Anelloviridae	clareaulab
MH649045.1	Anelloviridae sp.	Betatorquevirus	Anelloviridae	clareaulab
MH649051.1	Anelloviridae sp.	Betatorquevirus	Anelloviridae	clareaulab
MH649056.1	Anelloviridae sp.	Anelloviridae	Anelloviridae	clareaulab
MH649061.1	Anelloviridae sp.	Betatorquevirus	Anelloviridae	clareaulab
MH649062.1	Anelloviridae sp.	Alphatorquevirus	Anelloviridae	clareaulab
MH649063.1	Anelloviridae sp.	Alphatorquevirus	Anelloviridae	clareaulab
MH649068.1	Anelloviridae sp.	Betatorquevirus	Anelloviridae	clareaulab
MH649070.1	Anelloviridae sp.	Alphatorquevirus	Anelloviridae	clareaulab
MH649077.1	Anelloviridae sp.	Betatorquevirus	Anelloviridae	clareaulab
MH649083.1	Anelloviridae sp.	Betatorquevirus	Anelloviridae	clareaulab
MH649084.1	Anelloviridae sp.	Betatorquevirus	Anelloviridae	clareaulab
MH649085.1	Anelloviridae sp.	Alphatorquevirus	Anelloviridae	clareaulab
MH649087.1	Anelloviridae sp.	Betatorquevirus	Anelloviridae	clareaulab
MH649092.1	Anelloviridae sp.	Alphatorquevirus	Anelloviridae	clareaulab
MH649101.1	Anelloviridae sp.	Anelloviridae	Anelloviridae	clareaulab
MH649104.1	Anelloviridae sp.	Betatorquevirus	Anelloviridae	clareaulab
MH649106.1	Anelloviridae sp.	Betatorquevirus	Anelloviridae	clareaulab
MH649109.1	Anelloviridae sp.	Anelloviridae	Anelloviridae	clareaulab
MH649113.1	Anelloviridae sp.	Anelloviridae	Anelloviridae	clareaulab
MH649114.1	Anelloviridae sp.	Anelloviridae	Anelloviridae	clareaulab
MH649122.1	Anelloviridae sp.	Alphatorquevirus	Anelloviridae	clareaulab
MH649125.1	Anelloviridae sp.	Betatorquevirus	Anelloviridae	clareaulab
MH649127.1	Anelloviridae sp.	Anelloviridae	Anelloviridae	clareaulab
MH649129.1	Anelloviridae sp.	Alphatorquevirus	Anelloviridae	clareaulab
MH649137.1	Anelloviridae sp.	Alphatorquevirus	Anelloviridae	clareaulab
MH649141.1	Anelloviridae sp.	Betatorquevirus	Anelloviridae	clareaulab
MH649142.1	Anelloviridae sp.	Alphatorquevirus	Anelloviridae	clareaulab
MH649144.1	Anelloviridae sp.	Alphatorquevirus	Anelloviridae	clareaulab
MH649152.1	Anelloviridae sp.	Betatorquevirus	Anelloviridae	clareaulab
MH649156.1	Anelloviridae sp.	Alphatorquevirus	Anelloviridae	clareaulab
MH649157.1	Anelloviridae sp.	Anelloviridae	Anelloviridae	clareaulab
MH649158.1	Anelloviridae sp.	Anelloviridae	Anelloviridae	clareaulab
MH649161.1	Anelloviridae sp.	Anelloviridae	Anelloviridae	clareaulab
MH649165.1	Anelloviridae sp.	Anelloviridae	Anelloviridae	clareaulab
MH649172.1	Anelloviridae sp.	Anelloviridae	Anelloviridae	clareaulab
MH649174.1	Anelloviridae sp.	Betatorquevirus	Anelloviridae	clareaulab
MH649178.1	Anelloviridae sp.	Anelloviridae	Anelloviridae	clareaulab
MH649183.1	Anelloviridae sp.	Betatorquevirus	Anelloviridae	clareaulab
MH649185.1	Anelloviridae sp.	Anelloviridae	Anelloviridae	clareaulab
MH649186.1	Anelloviridae sp.	Betatorquevirus	Anelloviridae	clareaulab
MH649189.1	Anelloviridae sp.	Betatorquevirus	Anelloviridae	clareaulab
MH649199.1	Anelloviridae sp.	Betatorquevirus	Anelloviridae	clareaulab
MH649204.1	Anelloviridae sp.	Betatorquevirus	Anelloviridae	clareaulab
MH649209.1	Anelloviridae sp.	Betatorquevirus	Anelloviridae	clareaulab
MH649210.1	Anelloviridae sp.	Alphatorquevirus	Anelloviridae	clareaulab
MH649212.1	Anelloviridae sp.	Betatorquevirus	Anelloviridae	clareaulab
MH649217.1	Anelloviridae sp.	Betatorquevirus	Anelloviridae	clareaulab
MH649223.1	Anelloviridae sp.	Betatorquevirus	Anelloviridae	clareaulab
MH649224.1	Anelloviridae sp.	Betatorquevirus	Anelloviridae	clareaulab
MH649228.1	Anelloviridae sp.	Betatorquevirus	Anelloviridae	clareaulab
MH649229.1	Anelloviridae sp.	Anelloviridae	Anelloviridae	clareaulab
MH649241.1	Anelloviridae sp.	Betatorquevirus	Anelloviridae	clareaulab
MH649242.1	Anelloviridae sp.	Alphatorquevirus	Anelloviridae	clareaulab
MH649254.1	Anelloviridae sp.	Anelloviridae	Anelloviridae	clareaulab
MH649255.1	Anelloviridae sp.	Alphatorquevirus	Anelloviridae	clareaulab
MH649256.1	Anelloviridae sp.	Alphatorquevirus	Anelloviridae	clareaulab
MH649258.1	Anelloviridae sp.	Alphatorquevirus	Anelloviridae	clareaulab
MH649263.1	Anelloviridae sp.	Betatorquevirus	Anelloviridae	clareaulab
MK139485.1	TTV-like mini virus	Betatorquevirus	Anelloviridae	clareaulab
MK212029.1	TTV-like mini virus	Betatorquevirus	Anelloviridae	clareaulab
MK212030.1	TTV-like mini virus	Betatorquevirus	Anelloviridae	clareaulab
MK212031.1	TTV-like mini virus	Betatorquevirus	Anelloviridae	clareaulab
MK212032.1	Anelloviridae sp.	Hetorquevirus	Anelloviridae	clareaulab
MK820644.1	Torque teno virus	Anelloviridae	Anelloviridae	clareaulab
MK820645.1	Torque teno virus	Anelloviridae	Anelloviridae	clareaulab
MK820646.1	Torque teno virus	Anelloviridae	Anelloviridae	clareaulab
MN765195.1	Torque teno virus	Alphatorquevirus	Anelloviridae	clareaulab
MN765196.1	Torque teno virus	Alphatorquevirus	Anelloviridae	clareaulab
MN765197.1	Torque teno virus	Anelloviridae	Anelloviridae	clareaulab
MN765198.1	Torque teno virus	Alphatorquevirus	Anelloviridae	clareaulab
MN765199.1	Torque teno virus	Alphatorquevirus	Anelloviridae	clareaulab
MN765200.1	Torque teno virus	Anelloviridae	Anelloviridae	clareaulab
MN765201.1	Torque teno virus	Alphatorquevirus	Anelloviridae	clareaulab
MN765202.1	Torque teno virus	Alphatorquevirus	Anelloviridae	clareaulab
MN765203.1	Torque teno virus	Alphatorquevirus	Anelloviridae	clareaulab
MN768559.1	Torque teno virus	Alphatorquevirus	Anelloviridae	clareaulab
MN768560.1	Torque teno virus	Alphatorquevirus	Anelloviridae	clareaulab
MN768561.1	Torque teno virus	Alphatorquevirus	Anelloviridae	clareaulab
MN768562.1	Torque teno virus	Alphatorquevirus	Anelloviridae	clareaulab
MN768563.1	Torque teno virus	Alphatorquevirus	Anelloviridae	clareaulab
MN768564.1	Torque teno virus	Alphatorquevirus	Anelloviridae	clareaulab
MN768565.1	Torque teno virus	Alphatorquevirus	Anelloviridae	clareaulab
MN768566.1	Torque teno virus	Alphatorquevirus	Anelloviridae	clareaulab
MN768568.1	Torque teno virus	Alphatorquevirus	Anelloviridae	clareaulab
MN769027.1	TTV-like mini virus	Betatorquevirus	Anelloviridae	clareaulab
MN769028.1	TTV-like mini virus	Betatorquevirus	Anelloviridae	clareaulab
MN769029.1	TTV-like mini virus	Betatorquevirus	Anelloviridae	clareaulab
MN769032.1	TTV-like mini virus	Betatorquevirus	Anelloviridae	clareaulab
MN769033.1	TTV-like mini virus	Betatorquevirus	Anelloviridae	clareaulab
MN769034.1	TTV-like mini virus	Betatorquevirus	Anelloviridae	clareaulab
MN769035.1	TTV-like mini virus	Betatorquevirus	Anelloviridae	clareaulab
MN769037.1	TTV-like mini virus	Betatorquevirus	Anelloviridae	clareaulab
MN769038.1	TTV-like mini virus	Betatorquevirus	Anelloviridae	clareaulab
MN769040.1	TTV-like mini virus	Betatorquevirus	Anelloviridae	clareaulab
MN769041.1	TTV-like mini virus	Betatorquevirus	Anelloviridae	clareaulab
MN769042.1	TTV-like mini virus	Betatorquevirus	Anelloviridae	clareaulab
MN769044.1	TTV-like mini virus	Betatorquevirus	Anelloviridae	clareaulab
MN769045.1	TTV-like mini virus	Betatorquevirus	Anelloviridae	clareaulab
MN769046.1	TTV-like mini virus	Betatorquevirus	Anelloviridae	clareaulab
MN769051.1	TTV-like mini virus	Betatorquevirus	Anelloviridae	clareaulab
MN769052.1	TTV-like mini virus	Betatorquevirus	Anelloviridae	clareaulab
MN769055.1	TTV-like mini virus	Betatorquevirus	Anelloviridae	clareaulab
MN769056.1	TTV-like mini virus	Betatorquevirus	Anelloviridae	clareaulab
MN769057.1	TTV-like mini virus	Betatorquevirus	Anelloviridae	clareaulab
MN769058.1	TTV-like mini virus	Betatorquevirus	Anelloviridae	clareaulab
MN769059.1	TTV-like mini virus	Betatorquevirus	Anelloviridae	clareaulab
MN769060.1	TTV-like mini virus	Betatorquevirus	Anelloviridae	clareaulab
MN769062.1	TTV-like mini virus	Betatorquevirus	Anelloviridae	clareaulab
MN769067.1	TTV-like mini virus	Betatorquevirus	Anelloviridae	clareaulab
MN769068.1	TTV-like mini virus	Betatorquevirus	Anelloviridae	clareaulab
MN769070.1	TTV-like mini virus	Betatorquevirus	Anelloviridae	clareaulab
MN769071.1	TTV-like mini virus	Betatorquevirus	Anelloviridae	clareaulab
MN769073.1	TTV-like mini virus	Betatorquevirus	Anelloviridae	clareaulab
MN769074.1	TTV-like mini virus	Betatorquevirus	Anelloviridae	clareaulab
MN769076.1	TTV-like mini virus	Betatorquevirus	Anelloviridae	clareaulab
MN769077.1	TTV-like mini virus	Betatorquevirus	Anelloviridae	clareaulab
MN769082.1	TTV-like mini virus	Betatorquevirus	Anelloviridae	clareaulab
MN769083.1	TTV-like mini virus	Betatorquevirus	Anelloviridae	clareaulab
MN769084.1	TTV-like mini virus	Betatorquevirus	Anelloviridae	clareaulab
MN769087.1	TTV-like mini virus	Betatorquevirus	Anelloviridae	clareaulab
MN769089.1	TTV-like mini virus	Betatorquevirus	Anelloviridae	clareaulab
MN769096.1	TTV-like mini virus	Betatorquevirus	Anelloviridae	clareaulab
MN769100.1	TTV-like mini virus	Betatorquevirus	Anelloviridae	clareaulab
MN769101.1	TTV-like mini virus	Betatorquevirus	Anelloviridae	clareaulab
MN769103.1	TTV-like mini virus	Betatorquevirus	Anelloviridae	clareaulab
MN769104.1	TTV-like mini virus	Betatorquevirus	Anelloviridae	clareaulab
MN769105.1	TTV-like mini virus	Betatorquevirus	Anelloviridae	clareaulab
MN769106.1	TTV-like mini virus	Betatorquevirus	Anelloviridae	clareaulab
MN769107.1	TTV-like mini virus	Betatorquevirus	Anelloviridae	clareaulab
MN769108.1	TTV-like mini virus	Betatorquevirus	Anelloviridae	clareaulab
MN769109.1	TTV-like mini virus	Betatorquevirus	Anelloviridae	clareaulab
MN769110.1	TTV-like mini virus	Betatorquevirus	Anelloviridae	clareaulab
MN769112.1	TTV-like mini virus	Betatorquevirus	Anelloviridae	clareaulab
MN769116.1	TTV-like mini virus	Betatorquevirus	Anelloviridae	clareaulab
MN769118.1	TTV-like mini virus	Betatorquevirus	Anelloviridae	clareaulab
MN769123.1	TTV-like mini virus	Betatorquevirus	Anelloviridae	clareaulab
MN769124.1	TTV-like mini virus	Betatorquevirus	Anelloviridae	clareaulab
MN769125.1	TTV-like mini virus	Betatorquevirus	Anelloviridae	clareaulab
MN769126.1	TTV-like mini virus	Betatorquevirus	Anelloviridae	clareaulab
MN769128.1	TTV-like mini virus	Betatorquevirus	Anelloviridae	clareaulab
MN769131.1	TTV-like mini virus	Betatorquevirus	Anelloviridae	clareaulab
MN769135.1	TTV-like mini virus	Betatorquevirus	Anelloviridae	clareaulab
MN769136.1	TTV-like mini virus	Betatorquevirus	Anelloviridae	clareaulab
MN769137.1	TTV-like mini virus	Betatorquevirus	Anelloviridae	clareaulab
MN769140.1	TTV-like mini virus	Betatorquevirus	Anelloviridae	clareaulab
MN769141.1	TTV-like mini virus	Hetorquevirus	Anelloviridae	clareaulab
MN769142.1	TTV-like mini virus	Betatorquevirus	Anelloviridae	clareaulab
MN769143.1	TTV-like mini virus	Betatorquevirus	Anelloviridae	clareaulab
MN769144.1	TTV-like mini virus	Betatorquevirus	Anelloviridae	clareaulab
MN769147.1	TTV-like mini virus	Betatorquevirus	Anelloviridae	clareaulab
MN769149.1	TTV-like mini virus	Betatorquevirus	Anelloviridae	clareaulab
MN769150.1	TTV-like mini virus	Betatorquevirus	Anelloviridae	clareaulab
MN769151.1	TTV-like mini virus	Betatorquevirus	Anelloviridae	clareaulab
MN769153.1	TTV-like mini virus	Betatorquevirus	Anelloviridae	clareaulab
MN769154.1	TTV-like mini virus	Betatorquevirus	Anelloviridae	clareaulab
MN769155.1	TTV-like mini virus	Betatorquevirus	Anelloviridae	clareaulab
MN769158.1	TTV-like mini virus	Betatorquevirus	Anelloviridae	clareaulab
MN769159.1	TTV-like mini virus	Betatorquevirus	Anelloviridae	clareaulab
MN769162.1	TTV-like mini virus	Betatorquevirus	Anelloviridae	clareaulab
MN769166.1	TTV-like mini virus	Betatorquevirus	Anelloviridae	clareaulab
MN769169.1	TTV-like mini virus	Betatorquevirus	Anelloviridae	clareaulab
MN769171.1	TTV-like mini virus	Betatorquevirus	Anelloviridae	clareaulab
MN769172.1	TTV-like mini virus	Betatorquevirus	Anelloviridae	clareaulab
MN769173.1	TTV-like mini virus	Betatorquevirus	Anelloviridae	clareaulab
MN769175.1	TTV-like mini virus	Betatorquevirus	Anelloviridae	clareaulab
MN769177.1	TTV-like mini virus	Betatorquevirus	Anelloviridae	clareaulab
MN769178.1	TTV-like mini virus	Betatorquevirus	Anelloviridae	clareaulab
MN769179.1	TTV-like mini virus	Betatorquevirus	Anelloviridae	clareaulab
MN769180.1	TTV-like mini virus	Betatorquevirus	Anelloviridae	clareaulab
MN769181.1	TTV-like mini virus	Betatorquevirus	Anelloviridae	clareaulab
MN769182.1	TTV-like mini virus	Betatorquevirus	Anelloviridae	clareaulab
MN769183.1	TTV-like mini virus	Betatorquevirus	Anelloviridae	clareaulab
MN769185.1	TTV-like mini virus	Betatorquevirus	Anelloviridae	clareaulab
MN769186.1	TTV-like mini virus	Betatorquevirus	Anelloviridae	clareaulab
MN769187.1	TTV-like mini virus	Betatorquevirus	Anelloviridae	clareaulab
MN769188.1	TTV-like mini virus	Betatorquevirus	Anelloviridae	clareaulab
MN769189.1	TTV-like mini virus	Betatorquevirus	Anelloviridae	clareaulab
MN769190.1	TTV-like mini virus	Betatorquevirus	Anelloviridae	clareaulab
MN769191.1	TTV-like mini virus	Betatorquevirus	Anelloviridae	clareaulab
MN769192.1	TTV-like mini virus	Betatorquevirus	Anelloviridae	clareaulab
MN769193.1	TTV-like mini virus	Hetorquevirus	Anelloviridae	clareaulab
MN769200.1	TTV-like mini virus	Betatorquevirus	Anelloviridae	clareaulab
MN769201.1	TTV-like mini virus	Betatorquevirus	Anelloviridae	clareaulab
MN769202.1	TTV-like mini virus	Betatorquevirus	Anelloviridae	clareaulab
MN769204.1	TTV-like mini virus	Betatorquevirus	Anelloviridae	clareaulab
MN769205.1	TTV-like mini virus	Betatorquevirus	Anelloviridae	clareaulab
MN769206.1	TTV-like mini virus	Betatorquevirus	Anelloviridae	clareaulab
MN769207.1	TTV-like mini virus	Betatorquevirus	Anelloviridae	clareaulab
MN769209.1	TTV-like mini virus	Betatorquevirus	Anelloviridae	clareaulab
MN769210.1	TTV-like mini virus	Betatorquevirus	Anelloviridae	clareaulab
MN769211.1	TTV-like mini virus	Betatorquevirus	Anelloviridae	clareaulab
MN769212.1	TTV-like mini virus	Betatorquevirus	Anelloviridae	clareaulab
MN769214.1	TTV-like mini virus	Betatorquevirus	Anelloviridae	clareaulab
MN769219.1	TTV-like mini virus	Betatorquevirus	Anelloviridae	clareaulab
MN769221.1	TTV-like mini virus	Betatorquevirus	Anelloviridae	clareaulab
MN769223.1	TTV-like mini virus	Betatorquevirus	Anelloviridae	clareaulab
MN769224.1	TTV-like mini virus	Betatorquevirus	Anelloviridae	clareaulab
MN769226.1	TTV-like mini virus	Betatorquevirus	Anelloviridae	clareaulab
MN769228.1	TTV-like mini virus	Betatorquevirus	Anelloviridae	clareaulab
MN769231.1	TTV-like mini virus	Betatorquevirus	Anelloviridae	clareaulab
MN769233.1	TTV-like mini virus	Betatorquevirus	Anelloviridae	clareaulab
MN769234.1	Torque teno hominid virus 2	Hetorquevirus	Anelloviridae	clareaulab
MN769235.1	TTV-like mini virus	Betatorquevirus	Anelloviridae	clareaulab
MN769236.1	TTV-like mini virus	Betatorquevirus	Anelloviridae	clareaulab
MN769237.1	TTV-like mini virus	Betatorquevirus	Anelloviridae	clareaulab
MN769238.1	TTV-like mini virus	Betatorquevirus	Anelloviridae	clareaulab
MN769241.1	TTV-like mini virus	Betatorquevirus	Anelloviridae	clareaulab
MN769244.1	TTV-like mini virus	Betatorquevirus	Anelloviridae	clareaulab
MN769245.1	TTV-like mini virus	Betatorquevirus	Anelloviridae	clareaulab
MN769246.1	TTV-like mini virus	Betatorquevirus	Anelloviridae	clareaulab
MN769247.1	TTV-like mini virus	Betatorquevirus	Anelloviridae	clareaulab
MN769251.1	TTV-like mini virus	Betatorquevirus	Anelloviridae	clareaulab
MN769252.1	TTV-like mini virus	Betatorquevirus	Anelloviridae	clareaulab
MN769253.1	TTV-like mini virus	Betatorquevirus	Anelloviridae	clareaulab
MN769256.1	TTV-like mini virus	Betatorquevirus	Anelloviridae	clareaulab
MN769257.1	TTV-like mini virus	Betatorquevirus	Anelloviridae	clareaulab
MN769258.1	TTV-like mini virus	Betatorquevirus	Anelloviridae	clareaulab
MN769259.1	TTV-like mini virus	Betatorquevirus	Anelloviridae	clareaulab
MN769260.1	TTV-like mini virus	Betatorquevirus	Anelloviridae	clareaulab
MN769263.1	TTV-like mini virus	Betatorquevirus	Anelloviridae	clareaulab
MN769264.1	TTV-like mini virus	Betatorquevirus	Anelloviridae	clareaulab
MN769265.1	TTV-like mini virus	Betatorquevirus	Anelloviridae	clareaulab
MN769266.1	TTV-like mini virus	Betatorquevirus	Anelloviridae	clareaulab
MN769269.1	TTV-like mini virus	Betatorquevirus	Anelloviridae	clareaulab
MN769270.1	TTV-like mini virus	Betatorquevirus	Anelloviridae	clareaulab
MN769273.1	TTV-like mini virus	Betatorquevirus	Anelloviridae	clareaulab
MN769274.1	TTV-like mini virus	Betatorquevirus	Anelloviridae	clareaulab
MN769281.1	TTV-like mini virus	Betatorquevirus	Anelloviridae	clareaulab
MN769282.1	TTV-like mini virus	Betatorquevirus	Anelloviridae	clareaulab
MN769283.1	TTV-like mini virus	Betatorquevirus	Anelloviridae	clareaulab
MN769286.1	TTV-like mini virus	Betatorquevirus	Anelloviridae	clareaulab
MN769289.1	TTV-like mini virus	Betatorquevirus	Anelloviridae	clareaulab
MN769292.1	TTV-like mini virus	Betatorquevirus	Anelloviridae	clareaulab
MN769293.1	TTV-like mini virus	Betatorquevirus	Anelloviridae	clareaulab
MN769294.1	TTV-like mini virus	Betatorquevirus	Anelloviridae	clareaulab
MN769297.1	TTV-like mini virus	Betatorquevirus	Anelloviridae	clareaulab
MN769298.1	TTV-like mini virus	Betatorquevirus	Anelloviridae	clareaulab
MN769300.1	TTV-like mini virus	Betatorquevirus	Anelloviridae	clareaulab
MN769301.1	TTV-like mini virus	Betatorquevirus	Anelloviridae	clareaulab
MN769302.1	TTV-like mini virus	Betatorquevirus	Anelloviridae	clareaulab
MN769303.1	TTV-like mini virus	Betatorquevirus	Anelloviridae	clareaulab
MN769304.1	TTV-like mini virus	Betatorquevirus	Anelloviridae	clareaulab
MN769305.1	TTV-like mini virus	Betatorquevirus	Anelloviridae	clareaulab
MN769308.1	TTV-like mini virus	Betatorquevirus	Anelloviridae	clareaulab
MN769309.1	TTV-like mini virus	Gammatorquevirus	Anelloviridae	clareaulab
MN769310.1	TTV-like mini virus	Betatorquevirus	Anelloviridae	clareaulab
MN769311.1	TTV-like mini virus	Betatorquevirus	Anelloviridae	clareaulab
MN769314.1	TTV-like mini virus	Betatorquevirus	Anelloviridae	clareaulab
MN769316.1	TTV-like mini virus	Betatorquevirus	Anelloviridae	clareaulab
MN769318.1	TTV-like mini virus	Betatorquevirus	Anelloviridae	clareaulab
MN769319.1	TTV-like mini virus	Betatorquevirus	Anelloviridae	clareaulab
MN769320.1	TTV-like mini virus	Betatorquevirus	Anelloviridae	clareaulab
MN769321.1	TTV-like mini virus	Betatorquevirus	Anelloviridae	clareaulab
MN769323.1	TTV-like mini virus	Betatorquevirus	Anelloviridae	clareaulab
MN769324.1	TTV-like mini virus	Betatorquevirus	Anelloviridae	clareaulab
MN769325.1	TTV-like mini virus	Betatorquevirus	Anelloviridae	clareaulab
MN769329.1	TTV-like mini virus	Betatorquevirus	Anelloviridae	clareaulab
MN769330.1	TTV-like mini virus	Betatorquevirus	Anelloviridae	clareaulab
MN769332.1	TTV-like mini virus	Betatorquevirus	Anelloviridae	clareaulab
MN769333.1	TTV-like mini virus	Betatorquevirus	Anelloviridae	clareaulab
MN769335.1	TTV-like mini virus	Betatorquevirus	Anelloviridae	clareaulab
MN769336.1	TTV-like mini virus	Betatorquevirus	Anelloviridae	clareaulab
MN769337.1	TTV-like mini virus	Betatorquevirus	Anelloviridae	clareaulab
MN769340.1	TTV-like mini virus	Betatorquevirus	Anelloviridae	clareaulab
MN769342.1	TTV-like mini virus	Betatorquevirus	Anelloviridae	clareaulab
MN769344.1	TTV-like mini virus	Betatorquevirus	Anelloviridae	clareaulab
MN769346.1	TTV-like mini virus	Betatorquevirus	Anelloviridae	clareaulab
MN769347.1	TTV-like mini virus	Betatorquevirus	Anelloviridae	clareaulab
MN769348.1	TTV-like mini virus	Betatorquevirus	Anelloviridae	clareaulab
MN769349.1	TTV-like mini virus	Betatorquevirus	Anelloviridae	clareaulab
MN769350.1	TTV-like mini virus	Betatorquevirus	Anelloviridae	clareaulab
MN769351.1	TTV-like mini virus	Betatorquevirus	Anelloviridae	clareaulab
MN769353.1	TTV-like mini virus	Betatorquevirus	Anelloviridae	clareaulab
MN769355.1	TTV-like mini virus	Betatorquevirus	Anelloviridae	clareaulab
MN769356.1	TTV-like mini virus	Betatorquevirus	Anelloviridae	clareaulab
MN769357.1	TTV-like mini virus	Betatorquevirus	Anelloviridae	clareaulab
MN769358.1	TTV-like mini virus	Betatorquevirus	Anelloviridae	clareaulab
MN769359.1	TTV-like mini virus	Betatorquevirus	Anelloviridae	clareaulab
MN769363.1	TTV-like mini virus	Betatorquevirus	Anelloviridae	clareaulab
MN769365.1	TTV-like mini virus	Betatorquevirus	Anelloviridae	clareaulab
MN769367.1	TTV-like mini virus	Betatorquevirus	Anelloviridae	clareaulab
MN769369.1	TTV-like mini virus	Betatorquevirus	Anelloviridae	clareaulab
MN769372.1	TTV-like mini virus	Betatorquevirus	Anelloviridae	clareaulab
MN769373.1	TTV-like mini virus	Betatorquevirus	Anelloviridae	clareaulab
MN769375.1	TTV-like mini virus	Betatorquevirus	Anelloviridae	clareaulab
MN769376.1	TTV-like mini virus	Betatorquevirus	Anelloviridae	clareaulab
MN769380.1	TTV-like mini virus	Betatorquevirus	Anelloviridae	clareaulab
MN769382.1	TTV-like mini virus	Betatorquevirus	Anelloviridae	clareaulab
MN769383.1	TTV-like mini virus	Betatorquevirus	Anelloviridae	clareaulab
MN769384.1	TTV-like mini virus	Betatorquevirus	Anelloviridae	clareaulab
MN769386.1	TTV-like mini virus	Betatorquevirus	Anelloviridae	clareaulab
MN769389.1	TTV-like mini virus	Betatorquevirus	Anelloviridae	clareaulab
MN769390.1	TTV-like mini virus	Betatorquevirus	Anelloviridae	clareaulab
MN769392.1	TTV-like mini virus	Betatorquevirus	Anelloviridae	clareaulab
MN769395.1	TTV-like mini virus	Betatorquevirus	Anelloviridae	clareaulab
MN769398.1	TTV-like mini virus	Betatorquevirus	Anelloviridae	clareaulab
MN769401.1	TTV-like mini virus	Betatorquevirus	Anelloviridae	clareaulab
MN769402.1	TTV-like mini virus	Betatorquevirus	Anelloviridae	clareaulab
MN769403.1	TTV-like mini virus	Betatorquevirus	Anelloviridae	clareaulab
MN769404.1	TTV-like mini virus	Betatorquevirus	Anelloviridae	clareaulab
MN769405.1	TTV-like mini virus	Betatorquevirus	Anelloviridae	clareaulab
MN769407.1	TTV-like mini virus	Betatorquevirus	Anelloviridae	clareaulab
MN769409.1	TTV-like mini virus	Betatorquevirus	Anelloviridae	clareaulab
MN769410.1	TTV-like mini virus	Betatorquevirus	Anelloviridae	clareaulab
MN769412.1	TTV-like mini virus	Betatorquevirus	Anelloviridae	clareaulab
MN769414.1	TTV-like mini virus	Betatorquevirus	Anelloviridae	clareaulab
MN769415.1	TTV-like mini virus	Betatorquevirus	Anelloviridae	clareaulab
MN769416.1	TTV-like mini virus	Betatorquevirus	Anelloviridae	clareaulab
MN769417.1	TTV-like mini virus	Betatorquevirus	Anelloviridae	clareaulab
MN769418.1	TTV-like mini virus	Betatorquevirus	Anelloviridae	clareaulab
MN769425.1	TTV-like mini virus	Betatorquevirus	Anelloviridae	clareaulab
MN769426.1	TTV-like mini virus	Betatorquevirus	Anelloviridae	clareaulab
MN769427.1	TTV-like mini virus	Betatorquevirus	Anelloviridae	clareaulab
MN769428.1	TTV-like mini virus	Betatorquevirus	Anelloviridae	clareaulab
MN769432.1	TTV-like mini virus	Betatorquevirus	Anelloviridae	clareaulab
MN769433.1	TTV-like mini virus	Betatorquevirus	Anelloviridae	clareaulab
MN769434.1	TTV-like mini virus	Betatorquevirus	Anelloviridae	clareaulab
MN769436.1	TTV-like mini virus	Betatorquevirus	Anelloviridae	clareaulab
MN769437.1	TTV-like mini virus	Betatorquevirus	Anelloviridae	clareaulab
MN769438.1	TTV-like mini virus	Betatorquevirus	Anelloviridae	clareaulab
MN769440.1	TTV-like mini virus	Betatorquevirus	Anelloviridae	clareaulab
MN769441.1	TTV-like mini virus	Betatorquevirus	Anelloviridae	clareaulab
MN769442.1	TTV-like mini virus	Betatorquevirus	Anelloviridae	clareaulab
MN769446.1	TTV-like mini virus	Betatorquevirus	Anelloviridae	clareaulab
MN769447.1	TTV-like mini virus	Betatorquevirus	Anelloviridae	clareaulab
MN769448.1	TTV-like mini virus	Betatorquevirus	Anelloviridae	clareaulab
MN769449.1	TTV-like mini virus	Betatorquevirus	Anelloviridae	clareaulab
MN769450.1	TTV-like mini virus	Betatorquevirus	Anelloviridae	clareaulab
MN769451.1	TTV-like mini virus	Betatorquevirus	Anelloviridae	clareaulab
MN769453.1	TTV-like mini virus	Betatorquevirus	Anelloviridae	clareaulab
MN769454.1	TTV-like mini virus	Betatorquevirus	Anelloviridae	clareaulab
MN769455.1	TTV-like mini virus	Betatorquevirus	Anelloviridae	clareaulab
MN769457.1	TTV-like mini virus	Betatorquevirus	Anelloviridae	clareaulab
MN769459.1	TTV-like mini virus	Betatorquevirus	Anelloviridae	clareaulab
MN769460.1	TTV-like mini virus	Betatorquevirus	Anelloviridae	clareaulab
MN769461.1	TTV-like mini virus	Betatorquevirus	Anelloviridae	clareaulab
MN769463.1	TTV-like mini virus	Betatorquevirus	Anelloviridae	clareaulab
MN769464.1	TTV-like mini virus	Betatorquevirus	Anelloviridae	clareaulab
MN769465.1	TTV-like mini virus	Betatorquevirus	Anelloviridae	clareaulab
MN769466.1	TTV-like mini virus	Betatorquevirus	Anelloviridae	clareaulab
MN769470.1	TTV-like mini virus	Betatorquevirus	Anelloviridae	clareaulab
MN769472.1	TTV-like mini virus	Betatorquevirus	Anelloviridae	clareaulab
MN769473.1	TTV-like mini virus	Betatorquevirus	Anelloviridae	clareaulab
MN769475.1	TTV-like mini virus	Betatorquevirus	Anelloviridae	clareaulab
MN769476.1	TTV-like mini virus	Betatorquevirus	Anelloviridae	clareaulab
MN769480.1	TTV-like mini virus	Betatorquevirus	Anelloviridae	clareaulab
MN769482.1	TTV-like mini virus	Betatorquevirus	Anelloviridae	clareaulab
MN769484.1	TTV-like mini virus	Betatorquevirus	Anelloviridae	clareaulab
MN769492.1	TTV-like mini virus	Betatorquevirus	Anelloviridae	clareaulab
MN769494.1	TTV-like mini virus	Betatorquevirus	Anelloviridae	clareaulab
MN769497.1	TTV-like mini virus	Betatorquevirus	Anelloviridae	clareaulab
MN769500.1	TTV-like mini virus	Betatorquevirus	Anelloviridae	clareaulab
MN769501.1	TTV-like mini virus	Betatorquevirus	Anelloviridae	clareaulab
MN769506.1	TTV-like mini virus	Betatorquevirus	Anelloviridae	clareaulab
MN769507.1	TTV-like mini virus	Betatorquevirus	Anelloviridae	clareaulab
MN769508.1	TTV-like mini virus	Betatorquevirus	Anelloviridae	clareaulab
MN769510.1	TTV-like mini virus	Betatorquevirus	Anelloviridae	clareaulab
MN769513.1	TTV-like mini virus	Betatorquevirus	Anelloviridae	clareaulab
MN769515.1	TTV-like mini virus	Betatorquevirus	Anelloviridae	clareaulab
MN769519.1	TTV-like mini virus	Betatorquevirus	Anelloviridae	clareaulab
MN769522.1	TTV-like mini virus	Betatorquevirus	Anelloviridae	clareaulab
MN769523.1	TTV-like mini virus	Betatorquevirus	Anelloviridae	clareaulab
MN769524.1	TTV-like mini virus	Betatorquevirus	Anelloviridae	clareaulab
MN769525.1	TTV-like mini virus	Betatorquevirus	Anelloviridae	clareaulab
MN769527.1	TTV-like mini virus	Betatorquevirus	Anelloviridae	clareaulab
MN769532.1	TTV-like mini virus	Betatorquevirus	Anelloviridae	clareaulab
MN769533.1	TTV-like mini virus	Betatorquevirus	Anelloviridae	clareaulab
MN769535.1	TTV-like mini virus	Betatorquevirus	Anelloviridae	clareaulab
MN769537.1	TTV-like mini virus	Betatorquevirus	Anelloviridae	clareaulab
MN769540.1	TTV-like mini virus	Betatorquevirus	Anelloviridae	clareaulab
MN769541.1	TTV-like mini virus	Betatorquevirus	Anelloviridae	clareaulab
MN769542.1	TTV-like mini virus	Betatorquevirus	Anelloviridae	clareaulab
MN769543.1	TTV-like mini virus	Betatorquevirus	Anelloviridae	clareaulab
MN769544.1	TTV-like mini virus	Betatorquevirus	Anelloviridae	clareaulab
MN769545.1	TTV-like mini virus	Betatorquevirus	Anelloviridae	clareaulab
MN769546.1	TTV-like mini virus	Betatorquevirus	Anelloviridae	clareaulab
MN769549.1	TTV-like mini virus	Betatorquevirus	Anelloviridae	clareaulab
MN769550.1	TTV-like mini virus	Betatorquevirus	Anelloviridae	clareaulab
MN769552.1	TTV-like mini virus	Betatorquevirus	Anelloviridae	clareaulab
MN769554.1	TTV-like mini virus	Betatorquevirus	Anelloviridae	clareaulab
MN769556.1	TTV-like mini virus	Betatorquevirus	Anelloviridae	clareaulab
MN769558.1	TTV-like mini virus	Betatorquevirus	Anelloviridae	clareaulab
MN769559.1	TTV-like mini virus	Betatorquevirus	Anelloviridae	clareaulab
MN769560.1	TTV-like mini virus	Betatorquevirus	Anelloviridae	clareaulab
MN769561.1	TTV-like mini virus	Betatorquevirus	Anelloviridae	clareaulab
MN769562.1	TTV-like mini virus	Betatorquevirus	Anelloviridae	clareaulab
MN769563.1	TTV-like mini virus	Betatorquevirus	Anelloviridae	clareaulab
MN769564.1	TTV-like mini virus	Betatorquevirus	Anelloviridae	clareaulab
MN769565.1	TTV-like mini virus	Betatorquevirus	Anelloviridae	clareaulab
MN769566.1	TTV-like mini virus	Betatorquevirus	Anelloviridae	clareaulab
MN769567.1	TTV-like mini virus	Betatorquevirus	Anelloviridae	clareaulab
MN769568.1	TTV-like mini virus	Betatorquevirus	Anelloviridae	clareaulab
MN769569.1	TTV-like mini virus	Betatorquevirus	Anelloviridae	clareaulab
MN769573.1	TTV-like mini virus	Betatorquevirus	Anelloviridae	clareaulab
MN769574.1	TTV-like mini virus	Betatorquevirus	Anelloviridae	clareaulab
MN769576.1	TTV-like mini virus	Betatorquevirus	Anelloviridae	clareaulab
MN769577.1	TTV-like mini virus	Betatorquevirus	Anelloviridae	clareaulab
MN769578.1	TTV-like mini virus	Betatorquevirus	Anelloviridae	clareaulab
MN769579.1	TTV-like mini virus	Betatorquevirus	Anelloviridae	clareaulab
MN769580.1	TTV-like mini virus	Betatorquevirus	Anelloviridae	clareaulab
MN769581.1	TTV-like mini virus	Betatorquevirus	Anelloviridae	clareaulab
MN769583.1	TTV-like mini virus	Betatorquevirus	Anelloviridae	clareaulab
MN769584.1	TTV-like mini virus	Betatorquevirus	Anelloviridae	clareaulab
MN769585.1	TTV-like mini virus	Betatorquevirus	Anelloviridae	clareaulab
MN769586.1	TTV-like mini virus	Betatorquevirus	Anelloviridae	clareaulab
MN769587.1	TTV-like mini virus	Betatorquevirus	Anelloviridae	clareaulab
MN769589.1	TTV-like mini virus	Betatorquevirus	Anelloviridae	clareaulab
MN769596.1	TTV-like mini virus	Betatorquevirus	Anelloviridae	clareaulab
MN769597.1	TTV-like mini virus	Betatorquevirus	Anelloviridae	clareaulab
MN769598.1	TTV-like mini virus	Betatorquevirus	Anelloviridae	clareaulab
MN769599.1	TTV-like mini virus	Betatorquevirus	Anelloviridae	clareaulab
MN769600.1	TTV-like mini virus	Betatorquevirus	Anelloviridae	clareaulab
MN769602.1	TTV-like mini virus	Betatorquevirus	Anelloviridae	clareaulab
MN769605.1	TTV-like mini virus	Betatorquevirus	Anelloviridae	clareaulab
MN769606.1	TTV-like mini virus	Betatorquevirus	Anelloviridae	clareaulab
MN769608.1	TTV-like mini virus	Betatorquevirus	Anelloviridae	clareaulab
MN769611.1	TTV-like mini virus	Betatorquevirus	Anelloviridae	clareaulab
MN769612.1	TTV-like mini virus	Betatorquevirus	Anelloviridae	clareaulab
MN769614.1	TTV-like mini virus	Betatorquevirus	Anelloviridae	clareaulab
MN769615.1	TTV-like mini virus	Betatorquevirus	Anelloviridae	clareaulab
MN769616.1	TTV-like mini virus	Betatorquevirus	Anelloviridae	clareaulab
MN769617.1	TTV-like mini virus	Betatorquevirus	Anelloviridae	clareaulab
MN769618.1	TTV-like mini virus	Betatorquevirus	Anelloviridae	clareaulab
MN769619.1	TTV-like mini virus	Betatorquevirus	Anelloviridae	clareaulab
MN769620.1	TTV-like mini virus	Betatorquevirus	Anelloviridae	clareaulab
MN769621.1	TTV-like mini virus	Betatorquevirus	Anelloviridae	clareaulab
MN769625.1	TTV-like mini virus	Betatorquevirus	Anelloviridae	clareaulab
MN769627.1	TTV-like mini virus	Betatorquevirus	Anelloviridae	clareaulab
MN769629.1	TTV-like mini virus	Betatorquevirus	Anelloviridae	clareaulab
MN769630.1	TTV-like mini virus	Betatorquevirus	Anelloviridae	clareaulab
MN769632.1	TTV-like mini virus	Betatorquevirus	Anelloviridae	clareaulab
MN769633.1	TTV-like mini virus	Betatorquevirus	Anelloviridae	clareaulab
MN769639.1	TTV-like mini virus	Betatorquevirus	Anelloviridae	clareaulab
MN769641.1	TTV-like mini virus	Betatorquevirus	Anelloviridae	clareaulab
MN769642.1	TTV-like mini virus	Betatorquevirus	Anelloviridae	clareaulab
MN769647.1	TTV-like mini virus	Betatorquevirus	Anelloviridae	clareaulab
MN769648.1	TTV-like mini virus	Betatorquevirus	Anelloviridae	clareaulab
MN769649.1	TTV-like mini virus	Hetorquevirus	Anelloviridae	clareaulab
MN769650.1	TTV-like mini virus	Betatorquevirus	Anelloviridae	clareaulab
MN769651.1	TTV-like mini virus	Betatorquevirus	Anelloviridae	clareaulab
MN769658.1	TTV-like mini virus	Betatorquevirus	Anelloviridae	clareaulab
MN769659.1	TTV-like mini virus	Betatorquevirus	Anelloviridae	clareaulab
MN769661.1	TTV-like mini virus	Betatorquevirus	Anelloviridae	clareaulab
MN769662.1	TTV-like mini virus	Betatorquevirus	Anelloviridae	clareaulab
MN769663.1	TTV-like mini virus	Betatorquevirus	Anelloviridae	clareaulab
MN769665.1	TTV-like mini virus	Betatorquevirus	Anelloviridae	clareaulab
MN769666.1	TTV-like mini virus	Betatorquevirus	Anelloviridae	clareaulab
MN769667.1	TTV-like mini virus	Betatorquevirus	Anelloviridae	clareaulab
MN769670.1	TTV-like mini virus	Betatorquevirus	Anelloviridae	clareaulab
MN769671.1	TTV-like mini virus	Betatorquevirus	Anelloviridae	clareaulab
MN769676.1	TTV-like mini virus	Betatorquevirus	Anelloviridae	clareaulab
MN769678.1	TTV-like mini virus	Betatorquevirus	Anelloviridae	clareaulab
MN769680.1	TTV-like mini virus	Betatorquevirus	Anelloviridae	clareaulab
MN769682.1	TTV-like mini virus	Betatorquevirus	Anelloviridae	clareaulab
MN769684.1	TTV-like mini virus	Betatorquevirus	Anelloviridae	clareaulab
MN769686.1	TTV-like mini virus	Betatorquevirus	Anelloviridae	clareaulab
MN769690.1	TTV-like mini virus	Betatorquevirus	Anelloviridae	clareaulab
MN769692.1	TTV-like mini virus	Betatorquevirus	Anelloviridae	clareaulab
MN769694.1	TTV-like mini virus	Betatorquevirus	Anelloviridae	clareaulab
MN769695.1	TTV-like mini virus	Betatorquevirus	Anelloviridae	clareaulab
MN769701.1	TTV-like mini virus	Betatorquevirus	Anelloviridae	clareaulab
MN769702.1	TTV-like mini virus	Betatorquevirus	Anelloviridae	clareaulab
MN769705.1	TTV-like mini virus	Betatorquevirus	Anelloviridae	clareaulab
MN769706.1	TTV-like mini virus	Betatorquevirus	Anelloviridae	clareaulab
MN769711.1	TTV-like mini virus	Betatorquevirus	Anelloviridae	clareaulab
MN769713.1	TTV-like mini virus	Betatorquevirus	Anelloviridae	clareaulab
MN769716.1	TTV-like mini virus	Betatorquevirus	Anelloviridae	clareaulab
MN769719.1	TTV-like mini virus	Betatorquevirus	Anelloviridae	clareaulab
MN769721.1	TTV-like mini virus	Betatorquevirus	Anelloviridae	clareaulab
MN769722.1	TTV-like mini virus	Betatorquevirus	Anelloviridae	clareaulab
MN769730.1	TTV-like mini virus	Betatorquevirus	Anelloviridae	clareaulab
MN769732.1	TTV-like mini virus	Betatorquevirus	Anelloviridae	clareaulab
MN769733.1	TTV-like mini virus	Betatorquevirus	Anelloviridae	clareaulab
MN769734.1	TTV-like mini virus	Betatorquevirus	Anelloviridae	clareaulab
MN769737.1	TTV-like mini virus	Betatorquevirus	Anelloviridae	clareaulab
MN769738.1	TTV-like mini virus	Betatorquevirus	Anelloviridae	clareaulab
MN769739.1	TTV-like mini virus	Betatorquevirus	Anelloviridae	clareaulab
MN769742.1	TTV-like mini virus	Betatorquevirus	Anelloviridae	clareaulab
MN769746.1	TTV-like mini virus	Betatorquevirus	Anelloviridae	clareaulab
MN769747.1	TTV-like mini virus	Betatorquevirus	Anelloviridae	clareaulab
MN769748.1	TTV-like mini virus	Betatorquevirus	Anelloviridae	clareaulab
MN769749.1	TTV-like mini virus	Betatorquevirus	Anelloviridae	clareaulab
MN769756.1	TTV-like mini virus	Betatorquevirus	Anelloviridae	clareaulab
MN769763.1	TTV-like mini virus	Betatorquevirus	Anelloviridae	clareaulab
MN769768.1	TTV-like mini virus	Betatorquevirus	Anelloviridae	clareaulab
MN769772.1	TTV-like mini virus	Betatorquevirus	Anelloviridae	clareaulab
MN769773.1	TTV-like mini virus	Betatorquevirus	Anelloviridae	clareaulab
MN769774.1	TTV-like mini virus	Betatorquevirus	Anelloviridae	clareaulab
MN769776.1	TTV-like mini virus	Betatorquevirus	Anelloviridae	clareaulab
MN769780.1	TTV-like mini virus	Betatorquevirus	Anelloviridae	clareaulab
MN769782.1	TTV-like mini virus	Betatorquevirus	Anelloviridae	clareaulab
MN769785.1	TTV-like mini virus	Betatorquevirus	Anelloviridae	clareaulab
MN769788.1	TTV-like mini virus	Betatorquevirus	Anelloviridae	clareaulab
MN769789.1	TTV-like mini virus	Betatorquevirus	Anelloviridae	clareaulab
MN769790.1	TTV-like mini virus	Betatorquevirus	Anelloviridae	clareaulab
MN769793.1	TTV-like mini virus	Betatorquevirus	Anelloviridae	clareaulab
MN769794.1	TTV-like mini virus	Betatorquevirus	Anelloviridae	clareaulab
MN769795.1	TTV-like mini virus	Betatorquevirus	Anelloviridae	clareaulab
MN769796.1	TTV-like mini virus	Betatorquevirus	Anelloviridae	clareaulab
MN769797.1	TTV-like mini virus	Betatorquevirus	Anelloviridae	clareaulab
MN769801.1	TTV-like mini virus	Betatorquevirus	Anelloviridae	clareaulab
MN769802.1	TTV-like mini virus	Betatorquevirus	Anelloviridae	clareaulab
MN769804.1	TTV-like mini virus	Betatorquevirus	Anelloviridae	clareaulab
MN769805.1	TTV-like mini virus	Betatorquevirus	Anelloviridae	clareaulab
MN769806.1	TTV-like mini virus	Betatorquevirus	Anelloviridae	clareaulab
MN769809.1	TTV-like mini virus	Betatorquevirus	Anelloviridae	clareaulab
MN769810.1	TTV-like mini virus	Betatorquevirus	Anelloviridae	clareaulab
MN769816.1	TTV-like mini virus	Betatorquevirus	Anelloviridae	clareaulab
MN769818.1	TTV-like mini virus	Betatorquevirus	Anelloviridae	clareaulab
MN769824.1	TTV-like mini virus	Betatorquevirus	Anelloviridae	clareaulab
MN769828.1	TTV-like mini virus	Betatorquevirus	Anelloviridae	clareaulab
MN769832.1	TTV-like mini virus	Betatorquevirus	Anelloviridae	clareaulab
MN769836.1	TTV-like mini virus	Betatorquevirus	Anelloviridae	clareaulab
MN769837.1	TTV-like mini virus	Betatorquevirus	Anelloviridae	clareaulab
MN769838.1	TTV-like mini virus	Betatorquevirus	Anelloviridae	clareaulab
MN769840.1	TTV-like mini virus	Betatorquevirus	Anelloviridae	clareaulab
MN769842.1	TTV-like mini virus	Betatorquevirus	Anelloviridae	clareaulab
MN769843.1	TTV-like mini virus	Betatorquevirus	Anelloviridae	clareaulab
MN769849.1	TTV-like mini virus	Betatorquevirus	Anelloviridae	clareaulab
MN769850.1	TTV-like mini virus	Betatorquevirus	Anelloviridae	clareaulab
MN769852.1	TTV-like mini virus	Betatorquevirus	Anelloviridae	clareaulab
MN769853.1	TTV-like mini virus	Betatorquevirus	Anelloviridae	clareaulab
MN769854.1	TTV-like mini virus	Betatorquevirus	Anelloviridae	clareaulab
MN769855.1	TTV-like mini virus	Betatorquevirus	Anelloviridae	clareaulab
MN769857.1	TTV-like mini virus	Betatorquevirus	Anelloviridae	clareaulab
MN769858.1	TTV-like mini virus	Betatorquevirus	Anelloviridae	clareaulab
MN769859.1	TTV-like mini virus	Betatorquevirus	Anelloviridae	clareaulab
MN769860.1	TTV-like mini virus	Betatorquevirus	Anelloviridae	clareaulab
MN769862.1	TTV-like mini virus	Betatorquevirus	Anelloviridae	clareaulab
MN769863.1	TTV-like mini virus	Betatorquevirus	Anelloviridae	clareaulab
MN769864.1	TTV-like mini virus	Betatorquevirus	Anelloviridae	clareaulab
MN769867.1	TTV-like mini virus	Betatorquevirus	Anelloviridae	clareaulab
MN769870.1	TTV-like mini virus	Betatorquevirus	Anelloviridae	clareaulab
MN769872.1	TTV-like mini virus	Betatorquevirus	Anelloviridae	clareaulab
MN769874.1	TTV-like mini virus	Betatorquevirus	Anelloviridae	clareaulab
MN769876.1	TTV-like mini virus	Betatorquevirus	Anelloviridae	clareaulab
MN769881.1	TTV-like mini virus	Betatorquevirus	Anelloviridae	clareaulab
MN769882.1	TTV-like mini virus	Betatorquevirus	Anelloviridae	clareaulab
MN769886.1	TTV-like mini virus	Betatorquevirus	Anelloviridae	clareaulab
MN769887.1	TTV-like mini virus	Betatorquevirus	Anelloviridae	clareaulab
MN769888.1	TTV-like mini virus	Betatorquevirus	Anelloviridae	clareaulab
MN769890.1	TTV-like mini virus	Betatorquevirus	Anelloviridae	clareaulab
MN769891.1	TTV-like mini virus	Betatorquevirus	Anelloviridae	clareaulab
MN769897.1	TTV-like mini virus	Betatorquevirus	Anelloviridae	clareaulab
MN769900.1	TTV-like mini virus	Betatorquevirus	Anelloviridae	clareaulab
MN769901.1	TTV-like mini virus	Betatorquevirus	Anelloviridae	clareaulab
MN769903.1	TTV-like mini virus	Betatorquevirus	Anelloviridae	clareaulab
MN769904.1	TTV-like mini virus	Betatorquevirus	Anelloviridae	clareaulab
MN769905.1	TTV-like mini virus	Betatorquevirus	Anelloviridae	clareaulab
MN769910.1	TTV-like mini virus	Betatorquevirus	Anelloviridae	clareaulab
MN769911.1	TTV-like mini virus	Betatorquevirus	Anelloviridae	clareaulab
MN769914.1	TTV-like mini virus	Betatorquevirus	Anelloviridae	clareaulab
MN769917.1	TTV-like mini virus	Betatorquevirus	Anelloviridae	clareaulab
MN769918.1	TTV-like mini virus	Betatorquevirus	Anelloviridae	clareaulab
MN769921.1	TTV-like mini virus	Betatorquevirus	Anelloviridae	clareaulab
MN769923.1	TTV-like mini virus	Betatorquevirus	Anelloviridae	clareaulab
MN769924.1	TTV-like mini virus	Betatorquevirus	Anelloviridae	clareaulab
MN769925.1	TTV-like mini virus	Betatorquevirus	Anelloviridae	clareaulab
MN769926.1	TTV-like mini virus	Betatorquevirus	Anelloviridae	clareaulab
MN769927.1	TTV-like mini virus	Betatorquevirus	Anelloviridae	clareaulab
MN769928.1	TTV-like mini virus	Betatorquevirus	Anelloviridae	clareaulab
MN769930.1	TTV-like mini virus	Betatorquevirus	Anelloviridae	clareaulab
MN769931.1	TTV-like mini virus	Betatorquevirus	Anelloviridae	clareaulab
MN769939.1	TTV-like mini virus	Betatorquevirus	Anelloviridae	clareaulab
MN769940.1	TTV-like mini virus	Betatorquevirus	Anelloviridae	clareaulab
MN769945.1	TTV-like mini virus	Betatorquevirus	Anelloviridae	clareaulab
MN769949.1	TTV-like mini virus	Betatorquevirus	Anelloviridae	clareaulab
MN769950.1	TTV-like mini virus	Betatorquevirus	Anelloviridae	clareaulab
MN769951.1	TTV-like mini virus	Betatorquevirus	Anelloviridae	clareaulab
MN769954.1	TTV-like mini virus	Betatorquevirus	Anelloviridae	clareaulab
MN769958.1	TTV-like mini virus	Betatorquevirus	Anelloviridae	clareaulab
MN769962.1	TTV-like mini virus	Betatorquevirus	Anelloviridae	clareaulab
MN769966.1	TTV-like mini virus	Betatorquevirus	Anelloviridae	clareaulab
MN769967.1	TTV-like mini virus	Betatorquevirus	Anelloviridae	clareaulab
MN769968.1	TTV-like mini virus	Betatorquevirus	Anelloviridae	clareaulab
MN769969.1	TTV-like mini virus	Betatorquevirus	Anelloviridae	clareaulab
MN769971.1	TTV-like mini virus	Betatorquevirus	Anelloviridae	clareaulab
MN769972.1	TTV-like mini virus	Betatorquevirus	Anelloviridae	clareaulab
MN769973.1	TTV-like mini virus	Betatorquevirus	Anelloviridae	clareaulab
MN769974.1	TTV-like mini virus	Betatorquevirus	Anelloviridae	clareaulab
MN769976.1	TTV-like mini virus	Betatorquevirus	Anelloviridae	clareaulab
MN769977.1	TTV-like mini virus	Betatorquevirus	Anelloviridae	clareaulab
MN769978.1	TTV-like mini virus	Betatorquevirus	Anelloviridae	clareaulab
MN769981.1	TTV-like mini virus	Betatorquevirus	Anelloviridae	clareaulab
MN769983.1	TTV-like mini virus	Betatorquevirus	Anelloviridae	clareaulab
MN769985.1	TTV-like mini virus	Betatorquevirus	Anelloviridae	clareaulab
MN769991.1	TTV-like mini virus	Betatorquevirus	Anelloviridae	clareaulab
MN769993.1	TTV-like mini virus	Betatorquevirus	Anelloviridae	clareaulab
MN769994.1	TTV-like mini virus	Betatorquevirus	Anelloviridae	clareaulab
MN769997.1	TTV-like mini virus	Betatorquevirus	Anelloviridae	clareaulab
MN769998.1	TTV-like mini virus	Betatorquevirus	Anelloviridae	clareaulab
MN770002.1	TTV-like mini virus	Betatorquevirus	Anelloviridae	clareaulab
MN770005.1	TTV-like mini virus	Betatorquevirus	Anelloviridae	clareaulab
MN770009.1	TTV-like mini virus	Betatorquevirus	Anelloviridae	clareaulab
MN770011.1	TTV-like mini virus	Betatorquevirus	Anelloviridae	clareaulab
MN770015.1	TTV-like mini virus	Betatorquevirus	Anelloviridae	clareaulab
MN770017.1	TTV-like mini virus	Betatorquevirus	Anelloviridae	clareaulab
MN770019.1	TTV-like mini virus	Betatorquevirus	Anelloviridae	clareaulab
MN770024.1	TTV-like mini virus	Betatorquevirus	Anelloviridae	clareaulab
MN770026.1	TTV-like mini virus	Betatorquevirus	Anelloviridae	clareaulab
MN770028.1	TTV-like mini virus	Betatorquevirus	Anelloviridae	clareaulab
MN770030.1	TTV-like mini virus	Betatorquevirus	Anelloviridae	clareaulab
MN770031.1	TTV-like mini virus	Betatorquevirus	Anelloviridae	clareaulab
MN770034.1	TTV-like mini virus	Betatorquevirus	Anelloviridae	clareaulab
MN770036.1	TTV-like mini virus	Betatorquevirus	Anelloviridae	clareaulab
MN770037.1	TTV-like mini virus	Betatorquevirus	Anelloviridae	clareaulab
MN770040.1	TTV-like mini virus	Betatorquevirus	Anelloviridae	clareaulab
MN770044.1	TTV-like mini virus	Betatorquevirus	Anelloviridae	clareaulab
MN770045.1	TTV-like mini virus	Betatorquevirus	Anelloviridae	clareaulab
MN770046.1	TTV-like mini virus	Betatorquevirus	Anelloviridae	clareaulab
MN770049.1	TTV-like mini virus	Betatorquevirus	Anelloviridae	clareaulab
MN770050.1	TTV-like mini virus	Betatorquevirus	Anelloviridae	clareaulab
MN770051.1	TTV-like mini virus	Betatorquevirus	Anelloviridae	clareaulab
MN770053.1	TTV-like mini virus	Betatorquevirus	Anelloviridae	clareaulab
MN770056.1	TTV-like mini virus	Betatorquevirus	Anelloviridae	clareaulab
MN770059.1	TTV-like mini virus	Betatorquevirus	Anelloviridae	clareaulab
MN770060.1	TTV-like mini virus	Betatorquevirus	Anelloviridae	clareaulab
MN770061.1	TTV-like mini virus	Betatorquevirus	Anelloviridae	clareaulab
MN770062.1	TTV-like mini virus	Betatorquevirus	Anelloviridae	clareaulab
MN770063.1	TTV-like mini virus	Betatorquevirus	Anelloviridae	clareaulab
MN770064.1	TTV-like mini virus	Betatorquevirus	Anelloviridae	clareaulab
MN770067.1	TTV-like mini virus	Betatorquevirus	Anelloviridae	clareaulab
MN770069.1	TTV-like mini virus	Betatorquevirus	Anelloviridae	clareaulab
MN770071.1	TTV-like mini virus	Betatorquevirus	Anelloviridae	clareaulab
MN770072.1	TTV-like mini virus	Betatorquevirus	Anelloviridae	clareaulab
MN770075.1	TTV-like mini virus	Betatorquevirus	Anelloviridae	clareaulab
MN770077.1	TTV-like mini virus	Betatorquevirus	Anelloviridae	clareaulab
MN770078.1	TTV-like mini virus	Betatorquevirus	Anelloviridae	clareaulab
MN770080.1	TTV-like mini virus	Betatorquevirus	Anelloviridae	clareaulab
MN770081.1	TTV-like mini virus	Betatorquevirus	Anelloviridae	clareaulab
MN770082.1	TTV-like mini virus	Betatorquevirus	Anelloviridae	clareaulab
MN770086.1	TTV-like mini virus	Betatorquevirus	Anelloviridae	clareaulab
MN770087.1	TTV-like mini virus	Betatorquevirus	Anelloviridae	clareaulab
MN770088.1	TTV-like mini virus	Betatorquevirus	Anelloviridae	clareaulab
MN770091.1	TTV-like mini virus	Betatorquevirus	Anelloviridae	clareaulab
MN770092.1	TTV-like mini virus	Betatorquevirus	Anelloviridae	clareaulab
MN770093.1	TTV-like mini virus	Betatorquevirus	Anelloviridae	clareaulab
MN770094.1	TTV-like mini virus	Betatorquevirus	Anelloviridae	clareaulab
MN770097.1	TTV-like mini virus	Betatorquevirus	Anelloviridae	clareaulab
MN770099.1	TTV-like mini virus	Betatorquevirus	Anelloviridae	clareaulab
MN770101.1	TTV-like mini virus	Betatorquevirus	Anelloviridae	clareaulab
MN770103.1	TTV-like mini virus	Betatorquevirus	Anelloviridae	clareaulab
MN770104.1	TTV-like mini virus	Betatorquevirus	Anelloviridae	clareaulab
MN770105.1	TTV-like mini virus	Betatorquevirus	Anelloviridae	clareaulab
MN770106.1	TTV-like mini virus	Betatorquevirus	Anelloviridae	clareaulab
MN770108.1	TTV-like mini virus	Betatorquevirus	Anelloviridae	clareaulab
MN770109.1	TTV-like mini virus	Betatorquevirus	Anelloviridae	clareaulab
MN770111.1	TTV-like mini virus	Betatorquevirus	Anelloviridae	clareaulab
MN770112.1	TTV-like mini virus	Betatorquevirus	Anelloviridae	clareaulab
MN770114.1	TTV-like mini virus	Betatorquevirus	Anelloviridae	clareaulab
MN770118.1	TTV-like mini virus	Betatorquevirus	Anelloviridae	clareaulab
MN770119.1	TTV-like mini virus	Betatorquevirus	Anelloviridae	clareaulab
MN770121.1	TTV-like mini virus	Betatorquevirus	Anelloviridae	clareaulab
MN770122.1	TTV-like mini virus	Betatorquevirus	Anelloviridae	clareaulab
MN770123.1	TTV-like mini virus	Betatorquevirus	Anelloviridae	clareaulab
MN770124.1	TTV-like mini virus	Betatorquevirus	Anelloviridae	clareaulab
MN770125.1	TTV-like mini virus	Betatorquevirus	Anelloviridae	clareaulab
MN770127.1	TTV-like mini virus	Betatorquevirus	Anelloviridae	clareaulab
MN770128.1	TTV-like mini virus	Betatorquevirus	Anelloviridae	clareaulab
MN770129.1	TTV-like mini virus	Betatorquevirus	Anelloviridae	clareaulab
MN770131.1	TTV-like mini virus	Betatorquevirus	Anelloviridae	clareaulab
MN770132.1	TTV-like mini virus	Betatorquevirus	Anelloviridae	clareaulab
MN770133.1	TTV-like mini virus	Betatorquevirus	Anelloviridae	clareaulab
MN770134.1	TTV-like mini virus	Betatorquevirus	Anelloviridae	clareaulab
MN770136.1	TTV-like mini virus	Betatorquevirus	Anelloviridae	clareaulab
MN770137.1	TTV-like mini virus	Betatorquevirus	Anelloviridae	clareaulab
MN770138.1	TTV-like mini virus	Betatorquevirus	Anelloviridae	clareaulab
MN770140.1	TTV-like mini virus	Betatorquevirus	Anelloviridae	clareaulab
MN770143.1	TTV-like mini virus	Betatorquevirus	Anelloviridae	clareaulab
MN770145.1	TTV-like mini virus	Betatorquevirus	Anelloviridae	clareaulab
MN770146.1	TTV-like mini virus	Betatorquevirus	Anelloviridae	clareaulab
MN770147.1	TTV-like mini virus	Betatorquevirus	Anelloviridae	clareaulab
MN770148.1	TTV-like mini virus	Betatorquevirus	Anelloviridae	clareaulab
MN770149.1	TTV-like mini virus	Betatorquevirus	Anelloviridae	clareaulab
MN770153.1	TTV-like mini virus	Betatorquevirus	Anelloviridae	clareaulab
MN770154.1	TTV-like mini virus	Betatorquevirus	Anelloviridae	clareaulab
MN770160.1	TTV-like mini virus	Betatorquevirus	Anelloviridae	clareaulab
MN770161.1	TTV-like mini virus	Betatorquevirus	Anelloviridae	clareaulab
MN770164.1	TTV-like mini virus	Betatorquevirus	Anelloviridae	clareaulab
MN770168.1	TTV-like mini virus	Betatorquevirus	Anelloviridae	clareaulab
MN770170.1	TTV-like mini virus	Betatorquevirus	Anelloviridae	clareaulab
MN770172.1	TTV-like mini virus	Betatorquevirus	Anelloviridae	clareaulab
MN770174.1	TTV-like mini virus	Betatorquevirus	Anelloviridae	clareaulab
MN770177.1	TTV-like mini virus	Betatorquevirus	Anelloviridae	clareaulab
MN770179.1	TTV-like mini virus	Betatorquevirus	Anelloviridae	clareaulab
MN770181.1	TTV-like mini virus	Betatorquevirus	Anelloviridae	clareaulab
MN770184.1	TTV-like mini virus	Betatorquevirus	Anelloviridae	clareaulab
MN770185.1	TTV-like mini virus	Betatorquevirus	Anelloviridae	clareaulab
MN770187.1	TTV-like mini virus	Betatorquevirus	Anelloviridae	clareaulab
MN770189.1	TTV-like mini virus	Betatorquevirus	Anelloviridae	clareaulab
MN770190.1	TTV-like mini virus	Betatorquevirus	Anelloviridae	clareaulab
MN770191.1	TTV-like mini virus	Betatorquevirus	Anelloviridae	clareaulab
MN770193.1	TTV-like mini virus	Betatorquevirus	Anelloviridae	clareaulab
MN770194.1	TTV-like mini virus	Betatorquevirus	Anelloviridae	clareaulab
MN770196.1	TTV-like mini virus	Betatorquevirus	Anelloviridae	clareaulab
MN770199.1	TTV-like mini virus	Betatorquevirus	Anelloviridae	clareaulab
MN770201.1	TTV-like mini virus	Betatorquevirus	Anelloviridae	clareaulab
MN770202.1	TTV-like mini virus	Betatorquevirus	Anelloviridae	clareaulab
MN770204.1	TTV-like mini virus	Betatorquevirus	Anelloviridae	clareaulab
MN770209.1	TTV-like mini virus	Betatorquevirus	Anelloviridae	clareaulab
MN770213.1	TTV-like mini virus	Betatorquevirus	Anelloviridae	clareaulab
MN770214.1	TTV-like mini virus	Betatorquevirus	Anelloviridae	clareaulab
MN770216.1	TTV-like mini virus	Betatorquevirus	Anelloviridae	clareaulab
MN770217.1	TTV-like mini virus	Betatorquevirus	Anelloviridae	clareaulab
MN770218.1	TTV-like mini virus	Betatorquevirus	Anelloviridae	clareaulab
MN770219.1	TTV-like mini virus	Betatorquevirus	Anelloviridae	clareaulab
MN770220.1	TTV-like mini virus	Betatorquevirus	Anelloviridae	clareaulab
MN770224.1	TTV-like mini virus	Betatorquevirus	Anelloviridae	clareaulab
MN770227.1	TTV-like mini virus	Betatorquevirus	Anelloviridae	clareaulab
MN770228.1	TTV-like mini virus	Betatorquevirus	Anelloviridae	clareaulab
MN770229.1	TTV-like mini virus	Betatorquevirus	Anelloviridae	clareaulab
MN770230.1	TTV-like mini virus	Betatorquevirus	Anelloviridae	clareaulab
MN770231.1	TTV-like mini virus	Betatorquevirus	Anelloviridae	clareaulab
MN770232.1	TTV-like mini virus	Betatorquevirus	Anelloviridae	clareaulab
MN770233.1	TTV-like mini virus	Betatorquevirus	Anelloviridae	clareaulab
MN770234.1	TTV-like mini virus	Betatorquevirus	Anelloviridae	clareaulab
MN770235.1	TTV-like mini virus	Betatorquevirus	Anelloviridae	clareaulab
MN770236.1	TTV-like mini virus	Betatorquevirus	Anelloviridae	clareaulab
MN770238.1	TTV-like mini virus	Betatorquevirus	Anelloviridae	clareaulab
MN770239.1	TTV-like mini virus	Betatorquevirus	Anelloviridae	clareaulab
MN770243.1	TTV-like mini virus	Betatorquevirus	Anelloviridae	clareaulab
MN770244.1	TTV-like mini virus	Betatorquevirus	Anelloviridae	clareaulab
MN770246.1	TTV-like mini virus	Betatorquevirus	Anelloviridae	clareaulab
MN770248.1	TTV-like mini virus	Betatorquevirus	Anelloviridae	clareaulab
MN770249.1	TTV-like mini virus	Betatorquevirus	Anelloviridae	clareaulab
MN770250.1	TTV-like mini virus	Betatorquevirus	Anelloviridae	clareaulab
MN770252.1	TTV-like mini virus	Betatorquevirus	Anelloviridae	clareaulab
MN770259.1	TTV-like mini virus	Betatorquevirus	Anelloviridae	clareaulab
MN770260.1	TTV-like mini virus	Betatorquevirus	Anelloviridae	clareaulab
MN770262.1	TTV-like mini virus	Betatorquevirus	Anelloviridae	clareaulab
MN770264.1	TTV-like mini virus	Betatorquevirus	Anelloviridae	clareaulab
MN770265.1	TTV-like mini virus	Betatorquevirus	Anelloviridae	clareaulab
MN770266.1	TTV-like mini virus	Betatorquevirus	Anelloviridae	clareaulab
MN770267.1	TTV-like mini virus	Betatorquevirus	Anelloviridae	clareaulab
MN770273.1	TTV-like mini virus	Betatorquevirus	Anelloviridae	clareaulab
MN770277.1	TTV-like mini virus	Betatorquevirus	Anelloviridae	clareaulab
MN770279.1	TTV-like mini virus	Betatorquevirus	Anelloviridae	clareaulab
MN770282.1	TTV-like mini virus	Betatorquevirus	Anelloviridae	clareaulab
MN770283.1	TTV-like mini virus	Betatorquevirus	Anelloviridae	clareaulab
MN770285.1	TTV-like mini virus	Betatorquevirus	Anelloviridae	clareaulab
MN770293.1	TTV-like mini virus	Betatorquevirus	Anelloviridae	clareaulab
MN770297.1	TTV-like mini virus	Betatorquevirus	Anelloviridae	clareaulab
MN770301.1	TTV-like mini virus	Betatorquevirus	Anelloviridae	clareaulab
MN770302.1	TTV-like mini virus	Betatorquevirus	Anelloviridae	clareaulab
MN770303.1	TTV-like mini virus	Betatorquevirus	Anelloviridae	clareaulab
MN770305.1	TTV-like mini virus	Betatorquevirus	Anelloviridae	clareaulab
MN770307.1	TTV-like mini virus	Betatorquevirus	Anelloviridae	clareaulab
MN770308.1	TTV-like mini virus	Betatorquevirus	Anelloviridae	clareaulab
MN770312.1	TTV-like mini virus	Betatorquevirus	Anelloviridae	clareaulab
MN770317.1	TTV-like mini virus	Betatorquevirus	Anelloviridae	clareaulab
MN770318.1	TTV-like mini virus	Betatorquevirus	Anelloviridae	clareaulab
MN770320.1	TTV-like mini virus	Betatorquevirus	Anelloviridae	clareaulab
MN770322.1	TTV-like mini virus	Betatorquevirus	Anelloviridae	clareaulab
MN770323.1	TTV-like mini virus	Betatorquevirus	Anelloviridae	clareaulab
MN770324.1	TTV-like mini virus	Betatorquevirus	Anelloviridae	clareaulab
MN770328.1	TTV-like mini virus	Betatorquevirus	Anelloviridae	clareaulab
MN770330.1	TTV-like mini virus	Betatorquevirus	Anelloviridae	clareaulab
MN770331.1	TTV-like mini virus	Betatorquevirus	Anelloviridae	clareaulab
MN770332.1	TTV-like mini virus	Betatorquevirus	Anelloviridae	clareaulab
MN770333.1	TTV-like mini virus	Betatorquevirus	Anelloviridae	clareaulab
MN770334.1	TTV-like mini virus	Betatorquevirus	Anelloviridae	clareaulab
MN770335.1	TTV-like mini virus	Betatorquevirus	Anelloviridae	clareaulab
MN770336.1	TTV-like mini virus	Betatorquevirus	Anelloviridae	clareaulab
MN770337.1	TTV-like mini virus	Betatorquevirus	Anelloviridae	clareaulab
MN770338.1	TTV-like mini virus	Betatorquevirus	Anelloviridae	clareaulab
MN770341.1	TTV-like mini virus	Betatorquevirus	Anelloviridae	clareaulab
MN770342.1	TTV-like mini virus	Betatorquevirus	Anelloviridae	clareaulab
MN770344.1	TTV-like mini virus	Betatorquevirus	Anelloviridae	clareaulab
MN770345.1	TTV-like mini virus	Betatorquevirus	Anelloviridae	clareaulab
MN770346.1	TTV-like mini virus	Betatorquevirus	Anelloviridae	clareaulab
MN770347.1	TTV-like mini virus	Betatorquevirus	Anelloviridae	clareaulab
MN770349.1	TTV-like mini virus	Betatorquevirus	Anelloviridae	clareaulab
MN770350.1	TTV-like mini virus	Betatorquevirus	Anelloviridae	clareaulab
MN770351.1	TTV-like mini virus	Betatorquevirus	Anelloviridae	clareaulab
MN770352.1	TTV-like mini virus	Betatorquevirus	Anelloviridae	clareaulab
MN770353.1	TTV-like mini virus	Betatorquevirus	Anelloviridae	clareaulab
MN770355.1	TTV-like mini virus	Betatorquevirus	Anelloviridae	clareaulab
MN770357.1	TTV-like mini virus	Betatorquevirus	Anelloviridae	clareaulab
MN770359.1	TTV-like mini virus	Betatorquevirus	Anelloviridae	clareaulab
MN770360.1	TTV-like mini virus	Betatorquevirus	Anelloviridae	clareaulab
MN770361.1	TTV-like mini virus	Betatorquevirus	Anelloviridae	clareaulab
MN770362.1	TTV-like mini virus	Betatorquevirus	Anelloviridae	clareaulab
MN770364.1	TTV-like mini virus	Betatorquevirus	Anelloviridae	clareaulab
MN770366.1	TTV-like mini virus	Betatorquevirus	Anelloviridae	clareaulab
MN770367.1	TTV-like mini virus	Betatorquevirus	Anelloviridae	clareaulab
MN770371.1	TTV-like mini virus	Betatorquevirus	Anelloviridae	clareaulab
MN770374.1	TTV-like mini virus	Betatorquevirus	Anelloviridae	clareaulab
MN770375.1	TTV-like mini virus	Betatorquevirus	Anelloviridae	clareaulab
MN770378.1	TTV-like mini virus	Betatorquevirus	Anelloviridae	clareaulab
MN770379.1	TTV-like mini virus	Betatorquevirus	Anelloviridae	clareaulab
MN770382.1	TTV-like mini virus	Betatorquevirus	Anelloviridae	clareaulab
MN770383.1	TTV-like mini virus	Betatorquevirus	Anelloviridae	clareaulab
MN770384.1	TTV-like mini virus	Betatorquevirus	Anelloviridae	clareaulab
MN770386.1	TTV-like mini virus	Betatorquevirus	Anelloviridae	clareaulab
MN770389.1	TTV-like mini virus	Betatorquevirus	Anelloviridae	clareaulab
MN770390.1	TTV-like mini virus	Betatorquevirus	Anelloviridae	clareaulab
MN770392.1	TTV-like mini virus	Betatorquevirus	Anelloviridae	clareaulab
MN770393.1	TTV-like mini virus	Betatorquevirus	Anelloviridae	clareaulab
MN770395.1	TTV-like mini virus	Betatorquevirus	Anelloviridae	clareaulab
MN770396.1	TTV-like mini virus	Betatorquevirus	Anelloviridae	clareaulab
MN770398.1	TTV-like mini virus	Betatorquevirus	Anelloviridae	clareaulab
MN770401.1	TTV-like mini virus	Betatorquevirus	Anelloviridae	clareaulab
MN770403.1	TTV-like mini virus	Betatorquevirus	Anelloviridae	clareaulab
MN770405.1	TTV-like mini virus	Betatorquevirus	Anelloviridae	clareaulab
MN770406.1	TTV-like mini virus	Betatorquevirus	Anelloviridae	clareaulab
MN770407.1	TTV-like mini virus	Betatorquevirus	Anelloviridae	clareaulab
MN770408.1	TTV-like mini virus	Betatorquevirus	Anelloviridae	clareaulab
MN770410.1	TTV-like mini virus	Betatorquevirus	Anelloviridae	clareaulab
MN770411.1	TTV-like mini virus	Betatorquevirus	Anelloviridae	clareaulab
MN770413.1	TTV-like mini virus	Betatorquevirus	Anelloviridae	clareaulab
MN770415.1	TTV-like mini virus	Betatorquevirus	Anelloviridae	clareaulab
MN770416.1	TTV-like mini virus	Betatorquevirus	Anelloviridae	clareaulab
MN770418.1	TTV-like mini virus	Betatorquevirus	Anelloviridae	clareaulab
MN770419.1	TTV-like mini virus	Betatorquevirus	Anelloviridae	clareaulab
MN770420.1	TTV-like mini virus	Betatorquevirus	Anelloviridae	clareaulab
MN770421.1	TTV-like mini virus	Betatorquevirus	Anelloviridae	clareaulab
MN770422.1	TTV-like mini virus	Betatorquevirus	Anelloviridae	clareaulab
MN770425.1	TTV-like mini virus	Betatorquevirus	Anelloviridae	clareaulab
MN770426.1	TTV-like mini virus	Betatorquevirus	Anelloviridae	clareaulab
MN770428.1	TTV-like mini virus	Betatorquevirus	Anelloviridae	clareaulab
MN770429.1	TTV-like mini virus	Betatorquevirus	Anelloviridae	clareaulab
MN770430.1	TTV-like mini virus	Betatorquevirus	Anelloviridae	clareaulab
MN770431.1	TTV-like mini virus	Betatorquevirus	Anelloviridae	clareaulab
MN770432.1	TTV-like mini virus	Betatorquevirus	Anelloviridae	clareaulab
MN770433.1	TTV-like mini virus	Betatorquevirus	Anelloviridae	clareaulab
MN770435.1	TTV-like mini virus	Betatorquevirus	Anelloviridae	clareaulab
MN770436.1	TTV-like mini virus	Betatorquevirus	Anelloviridae	clareaulab
MN770437.1	TTV-like mini virus	Betatorquevirus	Anelloviridae	clareaulab
MN770440.1	TTV-like mini virus	Betatorquevirus	Anelloviridae	clareaulab
MN770446.1	TTV-like mini virus	Betatorquevirus	Anelloviridae	clareaulab
MN770447.1	TTV-like mini virus	Betatorquevirus	Anelloviridae	clareaulab
MN770451.1	TTV-like mini virus	Betatorquevirus	Anelloviridae	clareaulab
MN770452.1	TTV-like mini virus	Betatorquevirus	Anelloviridae	clareaulab
MN770455.1	TTV-like mini virus	Betatorquevirus	Anelloviridae	clareaulab
MN770456.1	TTV-like mini virus	Betatorquevirus	Anelloviridae	clareaulab
MN770457.1	TTV-like mini virus	Betatorquevirus	Anelloviridae	clareaulab
MN770458.1	TTV-like mini virus	Betatorquevirus	Anelloviridae	clareaulab
MN770459.1	TTV-like mini virus	Betatorquevirus	Anelloviridae	clareaulab
MN770463.1	TTV-like mini virus	Betatorquevirus	Anelloviridae	clareaulab
MN770464.1	TTV-like mini virus	Betatorquevirus	Anelloviridae	clareaulab
MN770465.1	TTV-like mini virus	Betatorquevirus	Anelloviridae	clareaulab
MN770466.1	TTV-like mini virus	Betatorquevirus	Anelloviridae	clareaulab
MN770468.1	TTV-like mini virus	Betatorquevirus	Anelloviridae	clareaulab
MN770469.1	TTV-like mini virus	Betatorquevirus	Anelloviridae	clareaulab
MN770470.1	TTV-like mini virus	Betatorquevirus	Anelloviridae	clareaulab
MN770472.1	TTV-like mini virus	Betatorquevirus	Anelloviridae	clareaulab
MN770475.1	TTV-like mini virus	Betatorquevirus	Anelloviridae	clareaulab
MN770476.1	TTV-like mini virus	Betatorquevirus	Anelloviridae	clareaulab
MN770478.1	TTV-like mini virus	Betatorquevirus	Anelloviridae	clareaulab
MN770479.1	TTV-like mini virus	Betatorquevirus	Anelloviridae	clareaulab
MN770480.1	TTV-like mini virus	Betatorquevirus	Anelloviridae	clareaulab
MN770482.1	TTV-like mini virus	Betatorquevirus	Anelloviridae	clareaulab
MN770483.1	TTV-like mini virus	Betatorquevirus	Anelloviridae	clareaulab
MN770484.1	TTV-like mini virus	Betatorquevirus	Anelloviridae	clareaulab
MN770485.1	TTV-like mini virus	Betatorquevirus	Anelloviridae	clareaulab
MN770486.1	TTV-like mini virus	Betatorquevirus	Anelloviridae	clareaulab
MN770489.1	TTV-like mini virus	Betatorquevirus	Anelloviridae	clareaulab
MN770490.1	TTV-like mini virus	Betatorquevirus	Anelloviridae	clareaulab
MN770495.1	TTV-like mini virus	Betatorquevirus	Anelloviridae	clareaulab
MN770497.1	TTV-like mini virus	Betatorquevirus	Anelloviridae	clareaulab
MN770500.1	TTV-like mini virus	Betatorquevirus	Anelloviridae	clareaulab
MN770501.1	TTV-like mini virus	Betatorquevirus	Anelloviridae	clareaulab
MN770502.1	TTV-like mini virus	Betatorquevirus	Anelloviridae	clareaulab
MN770503.1	TTV-like mini virus	Betatorquevirus	Anelloviridae	clareaulab
MN770506.1	TTV-like mini virus	Betatorquevirus	Anelloviridae	clareaulab
MN770507.1	TTV-like mini virus	Betatorquevirus	Anelloviridae	clareaulab
MN770508.1	TTV-like mini virus	Betatorquevirus	Anelloviridae	clareaulab
MN770511.1	TTV-like mini virus	Betatorquevirus	Anelloviridae	clareaulab
MN770513.1	TTV-like mini virus	Betatorquevirus	Anelloviridae	clareaulab
MN770514.1	TTV-like mini virus	Betatorquevirus	Anelloviridae	clareaulab
MN770515.1	TTV-like mini virus	Betatorquevirus	Anelloviridae	clareaulab
MN770516.1	TTV-like mini virus	Betatorquevirus	Anelloviridae	clareaulab
MN770519.1	TTV-like mini virus	Betatorquevirus	Anelloviridae	clareaulab
MN770520.1	TTV-like mini virus	Betatorquevirus	Anelloviridae	clareaulab
MN770525.1	TTV-like mini virus	Betatorquevirus	Anelloviridae	clareaulab
MN770526.1	TTV-like mini virus	Betatorquevirus	Anelloviridae	clareaulab
MN770527.1	TTV-like mini virus	Betatorquevirus	Anelloviridae	clareaulab
MN770529.1	TTV-like mini virus	Betatorquevirus	Anelloviridae	clareaulab
MN770531.1	TTV-like mini virus	Betatorquevirus	Anelloviridae	clareaulab
MN770532.1	TTV-like mini virus	Betatorquevirus	Anelloviridae	clareaulab
MN770533.1	TTV-like mini virus	Betatorquevirus	Anelloviridae	clareaulab
MN770535.1	TTV-like mini virus	Betatorquevirus	Anelloviridae	clareaulab
MN770537.1	TTV-like mini virus	Betatorquevirus	Anelloviridae	clareaulab
MN770538.1	TTV-like mini virus	Betatorquevirus	Anelloviridae	clareaulab
MN770541.1	TTV-like mini virus	Betatorquevirus	Anelloviridae	clareaulab
MN770543.1	TTV-like mini virus	Betatorquevirus	Anelloviridae	clareaulab
MN770544.1	TTV-like mini virus	Betatorquevirus	Anelloviridae	clareaulab
MN770546.1	TTV-like mini virus	Betatorquevirus	Anelloviridae	clareaulab
MN770552.1	TTV-like mini virus	Betatorquevirus	Anelloviridae	clareaulab
MN770554.1	TTV-like mini virus	Betatorquevirus	Anelloviridae	clareaulab
MN770555.1	TTV-like mini virus	Betatorquevirus	Anelloviridae	clareaulab
MN770556.1	TTV-like mini virus	Betatorquevirus	Anelloviridae	clareaulab
MN770558.1	TTV-like mini virus	Betatorquevirus	Anelloviridae	clareaulab
MN770559.1	TTV-like mini virus	Betatorquevirus	Anelloviridae	clareaulab
MN770560.1	TTV-like mini virus	Betatorquevirus	Anelloviridae	clareaulab
MN770563.1	TTV-like mini virus	Betatorquevirus	Anelloviridae	clareaulab
MN770564.1	TTV-like mini virus	Betatorquevirus	Anelloviridae	clareaulab
MN770565.1	TTV-like mini virus	Betatorquevirus	Anelloviridae	clareaulab
MN770567.1	TTV-like mini virus	Betatorquevirus	Anelloviridae	clareaulab
MN770569.1	TTV-like mini virus	Betatorquevirus	Anelloviridae	clareaulab
MN770576.1	TTV-like mini virus	Betatorquevirus	Anelloviridae	clareaulab
MN770577.1	TTV-like mini virus	Betatorquevirus	Anelloviridae	clareaulab
MN770579.1	TTV-like mini virus	Betatorquevirus	Anelloviridae	clareaulab
MN770581.1	TTV-like mini virus	Betatorquevirus	Anelloviridae	clareaulab
MN770584.1	TTV-like mini virus	Betatorquevirus	Anelloviridae	clareaulab
MN770585.1	TTV-like mini virus	Betatorquevirus	Anelloviridae	clareaulab
MN770588.1	TTV-like mini virus	Betatorquevirus	Anelloviridae	clareaulab
MN770589.1	TTV-like mini virus	Betatorquevirus	Anelloviridae	clareaulab
MN770590.1	TTV-like mini virus	Betatorquevirus	Anelloviridae	clareaulab
MN770593.1	TTV-like mini virus	Betatorquevirus	Anelloviridae	clareaulab
MN770597.1	TTV-like mini virus	Betatorquevirus	Anelloviridae	clareaulab
MN770598.1	TTV-like mini virus	Betatorquevirus	Anelloviridae	clareaulab
MN770600.1	TTV-like mini virus	Betatorquevirus	Anelloviridae	clareaulab
MN770601.1	TTV-like mini virus	Betatorquevirus	Anelloviridae	clareaulab
MN770602.1	TTV-like mini virus	Betatorquevirus	Anelloviridae	clareaulab
MN770603.1	TTV-like mini virus	Betatorquevirus	Anelloviridae	clareaulab
MN770607.1	TTV-like mini virus	Betatorquevirus	Anelloviridae	clareaulab
MN770608.1	TTV-like mini virus	Betatorquevirus	Anelloviridae	clareaulab
MN770610.1	TTV-like mini virus	Betatorquevirus	Anelloviridae	clareaulab
MN770614.1	TTV-like mini virus	Betatorquevirus	Anelloviridae	clareaulab
MN770617.1	TTV-like mini virus	Betatorquevirus	Anelloviridae	clareaulab
MN770622.1	TTV-like mini virus	Betatorquevirus	Anelloviridae	clareaulab
MN770623.1	TTV-like mini virus	Betatorquevirus	Anelloviridae	clareaulab
MN770624.1	TTV-like mini virus	Betatorquevirus	Anelloviridae	clareaulab
MN770626.1	TTV-like mini virus	Betatorquevirus	Anelloviridae	clareaulab
MN770627.1	TTV-like mini virus	Betatorquevirus	Anelloviridae	clareaulab
MN770630.1	TTV-like mini virus	Betatorquevirus	Anelloviridae	clareaulab
MN770631.1	TTV-like mini virus	Betatorquevirus	Anelloviridae	clareaulab
MN770632.1	TTV-like mini virus	Betatorquevirus	Anelloviridae	clareaulab
MN770644.1	TTV-like mini virus	Betatorquevirus	Anelloviridae	clareaulab
MN770646.1	TTV-like mini virus	Betatorquevirus	Anelloviridae	clareaulab
MN770647.1	TTV-like mini virus	Betatorquevirus	Anelloviridae	clareaulab
MN770649.1	TTV-like mini virus	Betatorquevirus	Anelloviridae	clareaulab
MN770650.1	TTV-like mini virus	Betatorquevirus	Anelloviridae	clareaulab
MN770651.1	TTV-like mini virus	Betatorquevirus	Anelloviridae	clareaulab
MN770652.1	TTV-like mini virus	Betatorquevirus	Anelloviridae	clareaulab
MN770653.1	TTV-like mini virus	Betatorquevirus	Anelloviridae	clareaulab
MN770655.1	TTV-like mini virus	Betatorquevirus	Anelloviridae	clareaulab
MN770656.1	TTV-like mini virus	Betatorquevirus	Anelloviridae	clareaulab
MN770658.1	TTV-like mini virus	Betatorquevirus	Anelloviridae	clareaulab
MN770659.1	TTV-like mini virus	Betatorquevirus	Anelloviridae	clareaulab
MN770660.1	TTV-like mini virus	Betatorquevirus	Anelloviridae	clareaulab
MN770662.1	TTV-like mini virus	Betatorquevirus	Anelloviridae	clareaulab
MN770663.1	TTV-like mini virus	Betatorquevirus	Anelloviridae	clareaulab
MN770670.1	TTV-like mini virus	Betatorquevirus	Anelloviridae	clareaulab
MN770671.1	TTV-like mini virus	Betatorquevirus	Anelloviridae	clareaulab
MN770672.1	TTV-like mini virus	Betatorquevirus	Anelloviridae	clareaulab
MN770673.1	TTV-like mini virus	Betatorquevirus	Anelloviridae	clareaulab
MN770678.1	TTV-like mini virus	Betatorquevirus	Anelloviridae	clareaulab
MN770682.1	TTV-like mini virus	Betatorquevirus	Anelloviridae	clareaulab
MN770683.1	TTV-like mini virus	Betatorquevirus	Anelloviridae	clareaulab
MN770684.1	TTV-like mini virus	Betatorquevirus	Anelloviridae	clareaulab
MN770685.1	TTV-like mini virus	Betatorquevirus	Anelloviridae	clareaulab
MN770687.1	TTV-like mini virus	Betatorquevirus	Anelloviridae	clareaulab
MN770692.1	TTV-like mini virus	Betatorquevirus	Anelloviridae	clareaulab
MN770695.1	TTV-like mini virus	Betatorquevirus	Anelloviridae	clareaulab
MN770696.1	TTV-like mini virus	Betatorquevirus	Anelloviridae	clareaulab
MN770697.1	TTV-like mini virus	Betatorquevirus	Anelloviridae	clareaulab
MN770698.1	TTV-like mini virus	Betatorquevirus	Anelloviridae	clareaulab
MN770700.1	TTV-like mini virus	Betatorquevirus	Anelloviridae	clareaulab
MN770701.1	TTV-like mini virus	Betatorquevirus	Anelloviridae	clareaulab
MN770702.1	TTV-like mini virus	Betatorquevirus	Anelloviridae	clareaulab
MN770703.1	TTV-like mini virus	Betatorquevirus	Anelloviridae	clareaulab
MN770706.1	TTV-like mini virus	Betatorquevirus	Anelloviridae	clareaulab
MN770707.1	TTV-like mini virus	Betatorquevirus	Anelloviridae	clareaulab
MN770708.1	TTV-like mini virus	Betatorquevirus	Anelloviridae	clareaulab
MN770710.1	TTV-like mini virus	Betatorquevirus	Anelloviridae	clareaulab
MN770711.1	TTV-like mini virus	Betatorquevirus	Anelloviridae	clareaulab
MN770713.1	TTV-like mini virus	Betatorquevirus	Anelloviridae	clareaulab
MN770714.1	TTV-like mini virus	Betatorquevirus	Anelloviridae	clareaulab
MN770717.1	TTV-like mini virus	Betatorquevirus	Anelloviridae	clareaulab
MN770719.1	TTV-like mini virus	Betatorquevirus	Anelloviridae	clareaulab
MN770724.1	TTV-like mini virus	Betatorquevirus	Anelloviridae	clareaulab
MN770725.1	TTV-like mini virus	Betatorquevirus	Anelloviridae	clareaulab
MN770726.1	TTV-like mini virus	Betatorquevirus	Anelloviridae	clareaulab
MN770728.1	TTV-like mini virus	Betatorquevirus	Anelloviridae	clareaulab
MN770732.1	TTV-like mini virus	Betatorquevirus	Anelloviridae	clareaulab
MN770733.1	TTV-like mini virus	Betatorquevirus	Anelloviridae	clareaulab
MN770736.1	TTV-like mini virus	Betatorquevirus	Anelloviridae	clareaulab
MN770737.1	TTV-like mini virus	Betatorquevirus	Anelloviridae	clareaulab
MN770740.1	TTV-like mini virus	Betatorquevirus	Anelloviridae	clareaulab
MN770748.1	TTV-like mini virus	Betatorquevirus	Anelloviridae	clareaulab
MN770750.1	TTV-like mini virus	Betatorquevirus	Anelloviridae	clareaulab
MN770753.1	TTV-like mini virus	Betatorquevirus	Anelloviridae	clareaulab
MN770758.1	TTV-like mini virus	Betatorquevirus	Anelloviridae	clareaulab
MN770760.1	TTV-like mini virus	Betatorquevirus	Anelloviridae	clareaulab
MN770761.1	TTV-like mini virus	Betatorquevirus	Anelloviridae	clareaulab
MN770770.1	TTV-like mini virus	Betatorquevirus	Anelloviridae	clareaulab
MN770776.1	TTV-like mini virus	Betatorquevirus	Anelloviridae	clareaulab
MN770778.1	TTV-like mini virus	Betatorquevirus	Anelloviridae	clareaulab
MN770779.1	TTV-like mini virus	Betatorquevirus	Anelloviridae	clareaulab
MN770781.1	TTV-like mini virus	Betatorquevirus	Anelloviridae	clareaulab
MN770782.1	TTV-like mini virus	Betatorquevirus	Anelloviridae	clareaulab
MN770783.1	TTV-like mini virus	Betatorquevirus	Anelloviridae	clareaulab
MN770786.1	TTV-like mini virus	Betatorquevirus	Anelloviridae	clareaulab
MN770788.1	TTV-like mini virus	Betatorquevirus	Anelloviridae	clareaulab
MN770789.1	TTV-like mini virus	Betatorquevirus	Anelloviridae	clareaulab
MN770790.1	TTV-like mini virus	Betatorquevirus	Anelloviridae	clareaulab
MN770792.1	TTV-like mini virus	Betatorquevirus	Anelloviridae	clareaulab
MN770794.1	TTV-like mini virus	Betatorquevirus	Anelloviridae	clareaulab
MN770795.1	TTV-like mini virus	Betatorquevirus	Anelloviridae	clareaulab
MN770800.1	TTV-like mini virus	Betatorquevirus	Anelloviridae	clareaulab
MN770801.1	TTV-like mini virus	Betatorquevirus	Anelloviridae	clareaulab
MN770805.1	TTV-like mini virus	Betatorquevirus	Anelloviridae	clareaulab
MN770807.1	TTV-like mini virus	Betatorquevirus	Anelloviridae	clareaulab
MN770808.1	TTV-like mini virus	Betatorquevirus	Anelloviridae	clareaulab
MN770809.1	TTV-like mini virus	Betatorquevirus	Anelloviridae	clareaulab
MN770811.1	TTV-like mini virus	Betatorquevirus	Anelloviridae	clareaulab
MN770812.1	TTV-like mini virus	Betatorquevirus	Anelloviridae	clareaulab
MN770813.1	TTV-like mini virus	Betatorquevirus	Anelloviridae	clareaulab
MN770814.1	TTV-like mini virus	Betatorquevirus	Anelloviridae	clareaulab
MN770815.1	TTV-like mini virus	Betatorquevirus	Anelloviridae	clareaulab
MN770817.1	TTV-like mini virus	Betatorquevirus	Anelloviridae	clareaulab
MN770819.1	TTV-like mini virus	Betatorquevirus	Anelloviridae	clareaulab
MN770821.1	TTV-like mini virus	Betatorquevirus	Anelloviridae	clareaulab
MN770822.1	TTV-like mini virus	Betatorquevirus	Anelloviridae	clareaulab
MN770823.1	TTV-like mini virus	Betatorquevirus	Anelloviridae	clareaulab
MN770827.1	TTV-like mini virus	Betatorquevirus	Anelloviridae	clareaulab
MN770828.1	TTV-like mini virus	Betatorquevirus	Anelloviridae	clareaulab
MN770834.1	TTV-like mini virus	Betatorquevirus	Anelloviridae	clareaulab
MN770836.1	TTV-like mini virus	Betatorquevirus	Anelloviridae	clareaulab
MN770844.1	TTV-like mini virus	Betatorquevirus	Anelloviridae	clareaulab
MN770848.1	TTV-like mini virus	Betatorquevirus	Anelloviridae	clareaulab
MN770849.1	TTV-like mini virus	Betatorquevirus	Anelloviridae	clareaulab
MN770853.1	TTV-like mini virus	Betatorquevirus	Anelloviridae	clareaulab
MN770856.1	TTV-like mini virus	Betatorquevirus	Anelloviridae	clareaulab
MN770859.1	TTV-like mini virus	Betatorquevirus	Anelloviridae	clareaulab
MN770860.1	TTV-like mini virus	Betatorquevirus	Anelloviridae	clareaulab
MN770861.1	TTV-like mini virus	Betatorquevirus	Anelloviridae	clareaulab
MN770862.1	TTV-like mini virus	Betatorquevirus	Anelloviridae	clareaulab
MN770863.1	TTV-like mini virus	Betatorquevirus	Anelloviridae	clareaulab
MN770864.1	TTV-like mini virus	Betatorquevirus	Anelloviridae	clareaulab
MN770865.1	TTV-like mini virus	Betatorquevirus	Anelloviridae	clareaulab
MN770866.1	TTV-like mini virus	Betatorquevirus	Anelloviridae	clareaulab
MN770867.1	TTV-like mini virus	Betatorquevirus	Anelloviridae	clareaulab
MN770868.1	TTV-like mini virus	Betatorquevirus	Anelloviridae	clareaulab
MN770869.1	TTV-like mini virus	Betatorquevirus	Anelloviridae	clareaulab
MN770875.1	TTV-like mini virus	Betatorquevirus	Anelloviridae	clareaulab
MN770876.1	TTV-like mini virus	Betatorquevirus	Anelloviridae	clareaulab
MN770877.1	TTV-like mini virus	Betatorquevirus	Anelloviridae	clareaulab
MN770885.1	TTV-like mini virus	Betatorquevirus	Anelloviridae	clareaulab
MN770888.1	TTV-like mini virus	Betatorquevirus	Anelloviridae	clareaulab
MN770889.1	TTV-like mini virus	Betatorquevirus	Anelloviridae	clareaulab
MN770890.1	TTV-like mini virus	Betatorquevirus	Anelloviridae	clareaulab
MN770894.1	TTV-like mini virus	Betatorquevirus	Anelloviridae	clareaulab
MN770895.1	TTV-like mini virus	Betatorquevirus	Anelloviridae	clareaulab
MN770896.1	TTV-like mini virus	Betatorquevirus	Anelloviridae	clareaulab
MN770897.1	TTV-like mini virus	Betatorquevirus	Anelloviridae	clareaulab
MN770901.1	TTV-like mini virus	Betatorquevirus	Anelloviridae	clareaulab
MN770904.1	TTV-like mini virus	Betatorquevirus	Anelloviridae	clareaulab
MN770905.1	TTV-like mini virus	Betatorquevirus	Anelloviridae	clareaulab
MN770906.1	TTV-like mini virus	Betatorquevirus	Anelloviridae	clareaulab
MN770907.1	TTV-like mini virus	Betatorquevirus	Anelloviridae	clareaulab
MN770908.1	TTV-like mini virus	Betatorquevirus	Anelloviridae	clareaulab
MN770910.1	TTV-like mini virus	Betatorquevirus	Anelloviridae	clareaulab
MN770912.1	TTV-like mini virus	Betatorquevirus	Anelloviridae	clareaulab
MN770913.1	TTV-like mini virus	Betatorquevirus	Anelloviridae	clareaulab
MN770914.1	TTV-like mini virus	Betatorquevirus	Anelloviridae	clareaulab
MN770915.1	TTV-like mini virus	Betatorquevirus	Anelloviridae	clareaulab
MN770918.1	TTV-like mini virus	Betatorquevirus	Anelloviridae	clareaulab
MN770919.1	TTV-like mini virus	Betatorquevirus	Anelloviridae	clareaulab
MN770920.1	TTV-like mini virus	Betatorquevirus	Anelloviridae	clareaulab
MN770922.1	TTV-like mini virus	Betatorquevirus	Anelloviridae	clareaulab
MN770926.1	TTV-like mini virus	Betatorquevirus	Anelloviridae	clareaulab
MN770928.1	TTV-like mini virus	Betatorquevirus	Anelloviridae	clareaulab
MN770933.1	TTV-like mini virus	Betatorquevirus	Anelloviridae	clareaulab
MN770935.1	TTV-like mini virus	Betatorquevirus	Anelloviridae	clareaulab
MN770936.1	TTV-like mini virus	Betatorquevirus	Anelloviridae	clareaulab
MN770937.1	TTV-like mini virus	Betatorquevirus	Anelloviridae	clareaulab
MN770940.1	TTV-like mini virus	Betatorquevirus	Anelloviridae	clareaulab
MN770944.1	TTV-like mini virus	Betatorquevirus	Anelloviridae	clareaulab
MN770946.1	TTV-like mini virus	Betatorquevirus	Anelloviridae	clareaulab
MN770952.1	TTV-like mini virus	Betatorquevirus	Anelloviridae	clareaulab
MN770956.1	TTV-like mini virus	Betatorquevirus	Anelloviridae	clareaulab
MN770957.1	TTV-like mini virus	Betatorquevirus	Anelloviridae	clareaulab
MN770958.1	TTV-like mini virus	Betatorquevirus	Anelloviridae	clareaulab
MN770959.1	TTV-like mini virus	Betatorquevirus	Anelloviridae	clareaulab
MN770962.1	TTV-like mini virus	Betatorquevirus	Anelloviridae	clareaulab
MN770963.1	TTV-like mini virus	Betatorquevirus	Anelloviridae	clareaulab
MN770965.1	TTV-like mini virus	Betatorquevirus	Anelloviridae	clareaulab
MN770966.1	TTV-like mini virus	Betatorquevirus	Anelloviridae	clareaulab
MN770967.1	TTV-like mini virus	Betatorquevirus	Anelloviridae	clareaulab
MN770970.1	TTV-like mini virus	Betatorquevirus	Anelloviridae	clareaulab
MN770971.1	TTV-like mini virus	Betatorquevirus	Anelloviridae	clareaulab
MN770973.1	TTV-like mini virus	Betatorquevirus	Anelloviridae	clareaulab
MN770983.1	TTV-like mini virus	Betatorquevirus	Anelloviridae	clareaulab
MN770986.1	TTV-like mini virus	Betatorquevirus	Anelloviridae	clareaulab
MN770989.1	TTV-like mini virus	Betatorquevirus	Anelloviridae	clareaulab
MN770990.1	TTV-like mini virus	Betatorquevirus	Anelloviridae	clareaulab
MN770991.1	TTV-like mini virus	Betatorquevirus	Anelloviridae	clareaulab
MN770992.1	TTV-like mini virus	Betatorquevirus	Anelloviridae	clareaulab
MN770993.1	TTV-like mini virus	Betatorquevirus	Anelloviridae	clareaulab
MN770994.1	TTV-like mini virus	Betatorquevirus	Anelloviridae	clareaulab
MN770995.1	TTV-like mini virus	Betatorquevirus	Anelloviridae	clareaulab
MN770998.1	TTV-like mini virus	Betatorquevirus	Anelloviridae	clareaulab
MN771004.1	TTV-like mini virus	Betatorquevirus	Anelloviridae	clareaulab
MN771006.1	TTV-like mini virus	Betatorquevirus	Anelloviridae	clareaulab
MN771009.1	TTV-like mini virus	Betatorquevirus	Anelloviridae	clareaulab
MN771013.1	TTV-like mini virus	Betatorquevirus	Anelloviridae	clareaulab
MN771016.1	TTV-like mini virus	Betatorquevirus	Anelloviridae	clareaulab
MN771017.1	TTV-like mini virus	Betatorquevirus	Anelloviridae	clareaulab
MN771023.1	TTV-like mini virus	Betatorquevirus	Anelloviridae	clareaulab
MN771024.1	TTV-like mini virus	Betatorquevirus	Anelloviridae	clareaulab
MN771027.1	TTV-like mini virus	Betatorquevirus	Anelloviridae	clareaulab
MN771030.1	TTV-like mini virus	Betatorquevirus	Anelloviridae	clareaulab
MN771038.1	TTV-like mini virus	Betatorquevirus	Anelloviridae	clareaulab
MN771039.1	TTV-like mini virus	Betatorquevirus	Anelloviridae	clareaulab
MN771041.1	TTV-like mini virus	Betatorquevirus	Anelloviridae	clareaulab
MN771042.1	TTV-like mini virus	Betatorquevirus	Anelloviridae	clareaulab
MN771043.1	TTV-like mini virus	Betatorquevirus	Anelloviridae	clareaulab
MN771044.1	TTV-like mini virus	Betatorquevirus	Anelloviridae	clareaulab
MN771045.1	TTV-like mini virus	Betatorquevirus	Anelloviridae	clareaulab
MN771046.1	TTV-like mini virus	Betatorquevirus	Anelloviridae	clareaulab
MN771048.1	TTV-like mini virus	Betatorquevirus	Anelloviridae	clareaulab
MN771051.1	TTV-like mini virus	Betatorquevirus	Anelloviridae	clareaulab
MN771055.1	TTV-like mini virus	Betatorquevirus	Anelloviridae	clareaulab
MN771056.1	TTV-like mini virus	Betatorquevirus	Anelloviridae	clareaulab
MN771057.1	TTV-like mini virus	Betatorquevirus	Anelloviridae	clareaulab
MN771059.1	TTV-like mini virus	Betatorquevirus	Anelloviridae	clareaulab
MN771061.1	TTV-like mini virus	Betatorquevirus	Anelloviridae	clareaulab
MN771063.1	TTV-like mini virus	Betatorquevirus	Anelloviridae	clareaulab
MN771065.1	TTV-like mini virus	Hetorquevirus	Anelloviridae	clareaulab
MN771066.1	TTV-like mini virus	Betatorquevirus	Anelloviridae	clareaulab
MN771067.1	TTV-like mini virus	Betatorquevirus	Anelloviridae	clareaulab
MN771068.1	TTV-like mini virus	Betatorquevirus	Anelloviridae	clareaulab
MN771070.1	TTV-like mini virus	Betatorquevirus	Anelloviridae	clareaulab
MN771072.1	TTV-like mini virus	Betatorquevirus	Anelloviridae	clareaulab
MN771074.1	TTV-like mini virus	Betatorquevirus	Anelloviridae	clareaulab
MN771077.1	TTV-like mini virus	Betatorquevirus	Anelloviridae	clareaulab
MN771080.1	TTV-like mini virus	Betatorquevirus	Anelloviridae	clareaulab
MN771081.1	TTV-like mini virus	Betatorquevirus	Anelloviridae	clareaulab
MN771083.1	TTV-like mini virus	Betatorquevirus	Anelloviridae	clareaulab
MN771086.1	TTV-like mini virus	Betatorquevirus	Anelloviridae	clareaulab
MN771087.1	TTV-like mini virus	Betatorquevirus	Anelloviridae	clareaulab
MN771089.1	TTV-like mini virus	Betatorquevirus	Anelloviridae	clareaulab
MN771091.1	TTV-like mini virus	Betatorquevirus	Anelloviridae	clareaulab
MN771092.1	TTV-like mini virus	Betatorquevirus	Anelloviridae	clareaulab
MN771093.1	TTV-like mini virus	Betatorquevirus	Anelloviridae	clareaulab
MN771097.1	TTV-like mini virus	Betatorquevirus	Anelloviridae	clareaulab
MN771098.1	TTV-like mini virus	Betatorquevirus	Anelloviridae	clareaulab
MN771102.1	TTV-like mini virus	Betatorquevirus	Anelloviridae	clareaulab
MN771104.1	TTV-like mini virus	Betatorquevirus	Anelloviridae	clareaulab
MN771106.1	TTV-like mini virus	Betatorquevirus	Anelloviridae	clareaulab
MN771108.1	TTV-like mini virus	Betatorquevirus	Anelloviridae	clareaulab
MN771110.1	TTV-like mini virus	Betatorquevirus	Anelloviridae	clareaulab
MN771111.1	TTV-like mini virus	Betatorquevirus	Anelloviridae	clareaulab
MN771112.1	TTV-like mini virus	Betatorquevirus	Anelloviridae	clareaulab
MN771115.1	TTV-like mini virus	Betatorquevirus	Anelloviridae	clareaulab
MN771117.1	TTV-like mini virus	Betatorquevirus	Anelloviridae	clareaulab
MN771119.1	TTV-like mini virus	Betatorquevirus	Anelloviridae	clareaulab
MN771120.1	TTV-like mini virus	Betatorquevirus	Anelloviridae	clareaulab
MN771123.1	TTV-like mini virus	Betatorquevirus	Anelloviridae	clareaulab
MN771129.1	TTV-like mini virus	Betatorquevirus	Anelloviridae	clareaulab
MN771133.1	TTV-like mini virus	Betatorquevirus	Anelloviridae	clareaulab
MN771134.1	TTV-like mini virus	Betatorquevirus	Anelloviridae	clareaulab
MN771135.1	TTV-like mini virus	Betatorquevirus	Anelloviridae	clareaulab
MN771136.1	TTV-like mini virus	Betatorquevirus	Anelloviridae	clareaulab
MN771137.1	TTV-like mini virus	Betatorquevirus	Anelloviridae	clareaulab
MN771139.1	TTV-like mini virus	Betatorquevirus	Anelloviridae	clareaulab
MN771140.1	TTV-like mini virus	Betatorquevirus	Anelloviridae	clareaulab
MN771141.1	TTV-like mini virus	Betatorquevirus	Anelloviridae	clareaulab
MN771144.1	TTV-like mini virus	Betatorquevirus	Anelloviridae	clareaulab
MN771145.1	TTV-like mini virus	Betatorquevirus	Anelloviridae	clareaulab
MN771147.1	TTV-like mini virus	Betatorquevirus	Anelloviridae	clareaulab
MN771150.1	TTV-like mini virus	Betatorquevirus	Anelloviridae	clareaulab
MN771151.1	TTV-like mini virus	Betatorquevirus	Anelloviridae	clareaulab
MN771153.1	TTV-like mini virus	Betatorquevirus	Anelloviridae	clareaulab
MN771154.1	TTV-like mini virus	Betatorquevirus	Anelloviridae	clareaulab
MN771155.1	TTV-like mini virus	Betatorquevirus	Anelloviridae	clareaulab
MN771156.1	TTV-like mini virus	Betatorquevirus	Anelloviridae	clareaulab
MN771158.1	TTV-like mini virus	Betatorquevirus	Anelloviridae	clareaulab
MN771159.1	TTV-like mini virus	Betatorquevirus	Anelloviridae	clareaulab
MN771161.1	TTV-like mini virus	Betatorquevirus	Anelloviridae	clareaulab
MN771162.1	TTV-like mini virus	Betatorquevirus	Anelloviridae	clareaulab
MN771163.1	TTV-like mini virus	Betatorquevirus	Anelloviridae	clareaulab
MN771166.1	TTV-like mini virus	Betatorquevirus	Anelloviridae	clareaulab
MN771168.1	TTV-like mini virus	Betatorquevirus	Anelloviridae	clareaulab
MN771169.1	TTV-like mini virus	Betatorquevirus	Anelloviridae	clareaulab
MN771170.1	TTV-like mini virus	Betatorquevirus	Anelloviridae	clareaulab
MN771171.1	TTV-like mini virus	Betatorquevirus	Anelloviridae	clareaulab
MN771173.1	TTV-like mini virus	Betatorquevirus	Anelloviridae	clareaulab
MN771176.1	TTV-like mini virus	Betatorquevirus	Anelloviridae	clareaulab
MN771177.1	TTV-like mini virus	Betatorquevirus	Anelloviridae	clareaulab
MN771180.1	TTV-like mini virus	Betatorquevirus	Anelloviridae	clareaulab
MN771181.1	TTV-like mini virus	Betatorquevirus	Anelloviridae	clareaulab
MN771183.1	TTV-like mini virus	Betatorquevirus	Anelloviridae	clareaulab
MN771195.1	TTV-like mini virus	Betatorquevirus	Anelloviridae	clareaulab
MN771199.1	TTV-like mini virus	Betatorquevirus	Anelloviridae	clareaulab
MN771204.1	TTV-like mini virus	Betatorquevirus	Anelloviridae	clareaulab
MN771205.1	TTV-like mini virus	Betatorquevirus	Anelloviridae	clareaulab
MN771208.1	TTV-like mini virus	Betatorquevirus	Anelloviridae	clareaulab
MN771212.1	TTV-like mini virus	Betatorquevirus	Anelloviridae	clareaulab
MN771213.1	TTV-like mini virus	Betatorquevirus	Anelloviridae	clareaulab
MN771215.1	TTV-like mini virus	Betatorquevirus	Anelloviridae	clareaulab
MN771217.1	TTV-like mini virus	Betatorquevirus	Anelloviridae	clareaulab
MN771219.1	TTV-like mini virus	Betatorquevirus	Anelloviridae	clareaulab
MN771220.1	TTV-like mini virus	Betatorquevirus	Anelloviridae	clareaulab
MN771221.1	TTV-like mini virus	Betatorquevirus	Anelloviridae	clareaulab
MN771223.1	TTV-like mini virus	Betatorquevirus	Anelloviridae	clareaulab
MN771226.1	TTV-like mini virus	Betatorquevirus	Anelloviridae	clareaulab
MN771228.1	TTV-like mini virus	Betatorquevirus	Anelloviridae	clareaulab
MN771231.1	TTV-like mini virus	Betatorquevirus	Anelloviridae	clareaulab
MN771232.1	TTV-like mini virus	Betatorquevirus	Anelloviridae	clareaulab
MN771236.1	TTV-like mini virus	Betatorquevirus	Anelloviridae	clareaulab
MN771237.1	TTV-like mini virus	Betatorquevirus	Anelloviridae	clareaulab
MN771238.1	TTV-like mini virus	Betatorquevirus	Anelloviridae	clareaulab
MN771239.1	TTV-like mini virus	Betatorquevirus	Anelloviridae	clareaulab
MN771243.1	TTV-like mini virus	Betatorquevirus	Anelloviridae	clareaulab
MN771244.1	TTV-like mini virus	Betatorquevirus	Anelloviridae	clareaulab
MN771246.1	TTV-like mini virus	Betatorquevirus	Anelloviridae	clareaulab
MN771248.1	TTV-like mini virus	Betatorquevirus	Anelloviridae	clareaulab
MN771249.1	TTV-like mini virus	Betatorquevirus	Anelloviridae	clareaulab
MN771251.1	TTV-like mini virus	Betatorquevirus	Anelloviridae	clareaulab
MN771253.1	TTV-like mini virus	Betatorquevirus	Anelloviridae	clareaulab
MN771254.1	TTV-like mini virus	Betatorquevirus	Anelloviridae	clareaulab
MN771255.1	TTV-like mini virus	Betatorquevirus	Anelloviridae	clareaulab
MN771256.1	TTV-like mini virus	Betatorquevirus	Anelloviridae	clareaulab
MN771257.1	TTV-like mini virus	Betatorquevirus	Anelloviridae	clareaulab
MN771261.1	TTV-like mini virus	Betatorquevirus	Anelloviridae	clareaulab
MN771262.1	TTV-like mini virus	Betatorquevirus	Anelloviridae	clareaulab
MN771263.1	TTV-like mini virus	Betatorquevirus	Anelloviridae	clareaulab
MN771265.1	TTV-like mini virus	Betatorquevirus	Anelloviridae	clareaulab
MN771268.1	TTV-like mini virus	Betatorquevirus	Anelloviridae	clareaulab
MN771269.1	TTV-like mini virus	Betatorquevirus	Anelloviridae	clareaulab
MN771270.1	TTV-like mini virus	Betatorquevirus	Anelloviridae	clareaulab
MN771271.1	TTV-like mini virus	Betatorquevirus	Anelloviridae	clareaulab
MN771272.1	TTV-like mini virus	Betatorquevirus	Anelloviridae	clareaulab
MN771273.1	TTV-like mini virus	Betatorquevirus	Anelloviridae	clareaulab
MN771275.1	TTV-like mini virus	Betatorquevirus	Anelloviridae	clareaulab
MN771276.1	TTV-like mini virus	Betatorquevirus	Anelloviridae	clareaulab
MN771277.1	TTV-like mini virus	Betatorquevirus	Anelloviridae	clareaulab
MN771279.1	TTV-like mini virus	Betatorquevirus	Anelloviridae	clareaulab
MN771281.1	TTV-like mini virus	Betatorquevirus	Anelloviridae	clareaulab
MN771282.1	TTV-like mini virus	Betatorquevirus	Anelloviridae	clareaulab
MN771284.1	TTV-like mini virus	Betatorquevirus	Anelloviridae	clareaulab
MN771289.1	TTV-like mini virus	Betatorquevirus	Anelloviridae	clareaulab
MN771291.1	TTV-like mini virus	Betatorquevirus	Anelloviridae	clareaulab
MN771293.1	TTV-like mini virus	Betatorquevirus	Anelloviridae	clareaulab
MN771294.1	TTV-like mini virus	Betatorquevirus	Anelloviridae	clareaulab
MN771297.1	TTV-like mini virus	Betatorquevirus	Anelloviridae	clareaulab
MN771299.1	TTV-like mini virus	Betatorquevirus	Anelloviridae	clareaulab
MN771300.1	TTV-like mini virus	Betatorquevirus	Anelloviridae	clareaulab
MN771303.1	TTV-like mini virus	Betatorquevirus	Anelloviridae	clareaulab
MN771304.1	TTV-like mini virus	Betatorquevirus	Anelloviridae	clareaulab
MN771305.1	TTV-like mini virus	Betatorquevirus	Anelloviridae	clareaulab
MN771310.1	TTV-like mini virus	Betatorquevirus	Anelloviridae	clareaulab
MN771311.1	TTV-like mini virus	Betatorquevirus	Anelloviridae	clareaulab
MN771312.1	TTV-like mini virus	Betatorquevirus	Anelloviridae	clareaulab
MN771315.1	TTV-like mini virus	Betatorquevirus	Anelloviridae	clareaulab
MN771316.1	TTV-like mini virus	Betatorquevirus	Anelloviridae	clareaulab
MN771319.1	TTV-like mini virus	Betatorquevirus	Anelloviridae	clareaulab
MN771322.1	TTV-like mini virus	Betatorquevirus	Anelloviridae	clareaulab
MN771326.1	TTV-like mini virus	Betatorquevirus	Anelloviridae	clareaulab
MN771329.1	TTV-like mini virus	Betatorquevirus	Anelloviridae	clareaulab
MN771333.1	TTV-like mini virus	Betatorquevirus	Anelloviridae	clareaulab
MN771334.1	TTV-like mini virus	Hetorquevirus	Anelloviridae	clareaulab
MN771339.1	TTV-like mini virus	Betatorquevirus	Anelloviridae	clareaulab
MN771345.1	TTV-like mini virus	Betatorquevirus	Anelloviridae	clareaulab
MN771347.1	TTV-like mini virus	Betatorquevirus	Anelloviridae	clareaulab
MN771348.1	TTV-like mini virus	Betatorquevirus	Anelloviridae	clareaulab
MN771349.1	TTV-like mini virus	Betatorquevirus	Anelloviridae	clareaulab
MN771350.1	TTV-like mini virus	Betatorquevirus	Anelloviridae	clareaulab
MN771351.1	TTV-like mini virus	Betatorquevirus	Anelloviridae	clareaulab
MN771352.1	TTV-like mini virus	Betatorquevirus	Anelloviridae	clareaulab
MN771354.1	TTV-like mini virus	Betatorquevirus	Anelloviridae	clareaulab
MN771355.1	TTV-like mini virus	Betatorquevirus	Anelloviridae	clareaulab
MN771356.1	TTV-like mini virus	Betatorquevirus	Anelloviridae	clareaulab
MN771357.1	TTV-like mini virus	Betatorquevirus	Anelloviridae	clareaulab
MN771359.1	TTV-like mini virus	Betatorquevirus	Anelloviridae	clareaulab
MN771360.1	TTV-like mini virus	Betatorquevirus	Anelloviridae	clareaulab
MN771361.1	TTV-like mini virus	Betatorquevirus	Anelloviridae	clareaulab
MN771362.1	TTV-like mini virus	Betatorquevirus	Anelloviridae	clareaulab
MN771364.1	TTV-like mini virus	Betatorquevirus	Anelloviridae	clareaulab
MN771365.1	TTV-like mini virus	Betatorquevirus	Anelloviridae	clareaulab
MN771366.1	TTV-like mini virus	Betatorquevirus	Anelloviridae	clareaulab
MN771367.1	TTV-like mini virus	Betatorquevirus	Anelloviridae	clareaulab
MN771370.1	TTV-like mini virus	Betatorquevirus	Anelloviridae	clareaulab
MN771371.1	TTV-like mini virus	Betatorquevirus	Anelloviridae	clareaulab
MN771372.1	TTV-like mini virus	Betatorquevirus	Anelloviridae	clareaulab
MN771373.1	TTV-like mini virus	Betatorquevirus	Anelloviridae	clareaulab
MN771374.1	TTV-like mini virus	Betatorquevirus	Anelloviridae	clareaulab
MN771375.1	TTV-like mini virus	Betatorquevirus	Anelloviridae	clareaulab
MN771376.1	TTV-like mini virus	Betatorquevirus	Anelloviridae	clareaulab
MN771378.1	TTV-like mini virus	Betatorquevirus	Anelloviridae	clareaulab
MN771379.1	TTV-like mini virus	Betatorquevirus	Anelloviridae	clareaulab
MN771383.1	TTV-like mini virus	Betatorquevirus	Anelloviridae	clareaulab
MN771386.1	TTV-like mini virus	Betatorquevirus	Anelloviridae	clareaulab
MN771387.1	TTV-like mini virus	Betatorquevirus	Anelloviridae	clareaulab
MN771392.1	TTV-like mini virus	Betatorquevirus	Anelloviridae	clareaulab
MN771395.1	TTV-like mini virus	Betatorquevirus	Anelloviridae	clareaulab
MN771396.1	TTV-like mini virus	Betatorquevirus	Anelloviridae	clareaulab
MN771398.1	TTV-like mini virus	Betatorquevirus	Anelloviridae	clareaulab
MN771400.1	TTV-like mini virus	Betatorquevirus	Anelloviridae	clareaulab
MN771401.1	TTV-like mini virus	Betatorquevirus	Anelloviridae	clareaulab
MN771404.1	TTV-like mini virus	Betatorquevirus	Anelloviridae	clareaulab
MN771405.1	TTV-like mini virus	Betatorquevirus	Anelloviridae	clareaulab
MN771406.1	TTV-like mini virus	Betatorquevirus	Anelloviridae	clareaulab
MN771408.1	TTV-like mini virus	Betatorquevirus	Anelloviridae	clareaulab
MN771409.1	TTV-like mini virus	Betatorquevirus	Anelloviridae	clareaulab
MN771410.1	TTV-like mini virus	Betatorquevirus	Anelloviridae	clareaulab
MN771411.1	TTV-like mini virus	Betatorquevirus	Anelloviridae	clareaulab
MN771415.1	TTV-like mini virus	Betatorquevirus	Anelloviridae	clareaulab
MN771416.1	TTV-like mini virus	Betatorquevirus	Anelloviridae	clareaulab
MN771418.1	TTV-like mini virus	Betatorquevirus	Anelloviridae	clareaulab
MN771419.1	TTV-like mini virus	Betatorquevirus	Anelloviridae	clareaulab
MN771421.1	TTV-like mini virus	Betatorquevirus	Anelloviridae	clareaulab
MN771423.1	TTV-like mini virus	Betatorquevirus	Anelloviridae	clareaulab
MN771425.1	TTV-like mini virus	Betatorquevirus	Anelloviridae	clareaulab
MN771426.1	TTV-like mini virus	Betatorquevirus	Anelloviridae	clareaulab
MN771428.1	TTV-like mini virus	Betatorquevirus	Anelloviridae	clareaulab
MN771429.1	TTV-like mini virus	Betatorquevirus	Anelloviridae	clareaulab
MN771431.1	TTV-like mini virus	Betatorquevirus	Anelloviridae	clareaulab
MN771432.1	TTV-like mini virus	Betatorquevirus	Anelloviridae	clareaulab
MN771438.1	TTV-like mini virus	Betatorquevirus	Anelloviridae	clareaulab
MN771443.1	TTV-like mini virus	Betatorquevirus	Anelloviridae	clareaulab
MN771444.1	TTV-like mini virus	Betatorquevirus	Anelloviridae	clareaulab
MN771445.1	TTV-like mini virus	Betatorquevirus	Anelloviridae	clareaulab
MN771447.1	TTV-like mini virus	Betatorquevirus	Anelloviridae	clareaulab
MN771450.1	TTV-like mini virus	Betatorquevirus	Anelloviridae	clareaulab
MN771452.1	TTV-like mini virus	Betatorquevirus	Anelloviridae	clareaulab
MN771453.1	TTV-like mini virus	Betatorquevirus	Anelloviridae	clareaulab
MN771455.1	TTV-like mini virus	Betatorquevirus	Anelloviridae	clareaulab
MN771456.1	TTV-like mini virus	Betatorquevirus	Anelloviridae	clareaulab
MN771457.1	TTV-like mini virus	Betatorquevirus	Anelloviridae	clareaulab
MN771459.1	TTV-like mini virus	Betatorquevirus	Anelloviridae	clareaulab
MN771460.1	TTV-like mini virus	Betatorquevirus	Anelloviridae	clareaulab
MN771461.1	TTV-like mini virus	Betatorquevirus	Anelloviridae	clareaulab
MN771464.1	TTV-like mini virus	Betatorquevirus	Anelloviridae	clareaulab
MN771465.1	TTV-like mini virus	Betatorquevirus	Anelloviridae	clareaulab
MN771466.1	TTV-like mini virus	Betatorquevirus	Anelloviridae	clareaulab
MN771468.1	TTV-like mini virus	Betatorquevirus	Anelloviridae	clareaulab
MN771470.1	TTV-like mini virus	Betatorquevirus	Anelloviridae	clareaulab
MN771471.1	TTV-like mini virus	Betatorquevirus	Anelloviridae	clareaulab
MN771472.1	TTV-like mini virus	Betatorquevirus	Anelloviridae	clareaulab
MN771474.1	TTV-like mini virus	Betatorquevirus	Anelloviridae	clareaulab
MN771479.1	TTV-like mini virus	Betatorquevirus	Anelloviridae	clareaulab
MN771481.1	TTV-like mini virus	Betatorquevirus	Anelloviridae	clareaulab
MN771486.1	TTV-like mini virus	Betatorquevirus	Anelloviridae	clareaulab
MN771495.1	TTV-like mini virus	Betatorquevirus	Anelloviridae	clareaulab
MN771496.1	TTV-like mini virus	Betatorquevirus	Anelloviridae	clareaulab
MN771499.1	TTV-like mini virus	Betatorquevirus	Anelloviridae	clareaulab
MN771500.1	TTV-like mini virus	Betatorquevirus	Anelloviridae	clareaulab
MN771501.1	TTV-like mini virus	Betatorquevirus	Anelloviridae	clareaulab
MN771504.1	TTV-like mini virus	Betatorquevirus	Anelloviridae	clareaulab
MN771505.1	TTV-like mini virus	Betatorquevirus	Anelloviridae	clareaulab
MN771510.1	TTV-like mini virus	Betatorquevirus	Anelloviridae	clareaulab
MN771511.1	TTV-like mini virus	Betatorquevirus	Anelloviridae	clareaulab
MN771514.1	TTV-like mini virus	Betatorquevirus	Anelloviridae	clareaulab
MN774927.1	Torque teno midi virus	Anelloviridae	Anelloviridae	clareaulab
MN774928.1	Torque teno midi virus	Anelloviridae	Anelloviridae	clareaulab
MN774929.1	Torque teno midi virus	Anelloviridae	Anelloviridae	clareaulab
MN774930.1	Torque teno midi virus	Memtorquevirus	Anelloviridae	clareaulab
MN774932.1	Torque teno midi virus	Anelloviridae	Anelloviridae	clareaulab
MN774933.1	Torque teno midi virus	Anelloviridae	Anelloviridae	clareaulab
MN774934.1	Torque teno midi virus	Samektorquevirus	Anelloviridae	clareaulab
MN774935.1	Torque teno midi virus	Anelloviridae	Anelloviridae	clareaulab
MN774936.1	Torque teno midi virus	Anelloviridae	Anelloviridae	clareaulab
MN774937.1	Torque teno midi virus	Anelloviridae	Anelloviridae	clareaulab
MN774938.1	Torque teno midi virus	Memtorquevirus	Anelloviridae	clareaulab
MN774939.1	Torque teno midi virus	Memtorquevirus	Anelloviridae	clareaulab
MN774940.1	Torque teno midi virus	Gammatorquevirus	Anelloviridae	clareaulab
MN774941.1	Torque teno midi virus	Gammatorquevirus	Anelloviridae	clareaulab
MN774942.1	Torque teno midi virus	Anelloviridae	Anelloviridae	clareaulab
MN774943.1	Torque teno midi virus	Anelloviridae	Anelloviridae	clareaulab
MN774944.1	Torque teno midi virus	Gammatorquevirus	Anelloviridae	clareaulab
MN774945.1	Torque teno midi virus	Anelloviridae	Anelloviridae	clareaulab
MN774948.1	Torque teno midi virus	Anelloviridae	Anelloviridae	clareaulab
MN774949.1	Torque teno midi virus	Gammatorquevirus	Anelloviridae	clareaulab
MN774950.1	Torque teno midi virus	Anelloviridae	Anelloviridae	clareaulab
MN774951.1	Torque teno midi virus	Anelloviridae	Anelloviridae	clareaulab
MN774952.1	Torque teno midi virus	Anelloviridae	Anelloviridae	clareaulab
MN774953.1	Torque teno midi virus	Anelloviridae	Anelloviridae	clareaulab
MN774954.1	Torque teno midi virus	Gammatorquevirus	Anelloviridae	clareaulab
MN774955.1	Torque teno midi virus	Gammatorquevirus	Anelloviridae	clareaulab
MN774956.1	Torque teno midi virus	Samektorquevirus	Anelloviridae	clareaulab
MN774958.1	Torque teno midi virus	Gammatorquevirus	Anelloviridae	clareaulab
MN774959.1	Torque teno midi virus	Samektorquevirus	Anelloviridae	clareaulab
MN774961.1	Torque teno midi virus	Gammatorquevirus	Anelloviridae	clareaulab
MN774962.1	Torque teno midi virus	Gammatorquevirus	Anelloviridae	clareaulab
MN774963.1	Torque teno midi virus	Anelloviridae	Anelloviridae	clareaulab
MN774964.1	Torque teno midi virus	Anelloviridae	Anelloviridae	clareaulab
MN774965.1	Torque teno midi virus	Anelloviridae	Anelloviridae	clareaulab
MN774967.1	Torque teno midi virus	Anelloviridae	Anelloviridae	clareaulab
MN774968.1	Torque teno midi virus	Anelloviridae	Anelloviridae	clareaulab
MN774969.1	Torque teno midi virus	Anelloviridae	Anelloviridae	clareaulab
MN774970.1	Torque teno midi virus	Gammatorquevirus	Anelloviridae	clareaulab
MN774971.1	Torque teno midi virus	Gammatorquevirus	Anelloviridae	clareaulab
MN774972.1	Torque teno midi virus	Anelloviridae	Anelloviridae	clareaulab
MN774973.1	Torque teno midi virus	Gammatorquevirus	Anelloviridae	clareaulab
MN774974.1	Torque teno midi virus	Gammatorquevirus	Anelloviridae	clareaulab
MN774975.1	Torque teno midi virus	Anelloviridae	Anelloviridae	clareaulab
MN774976.1	Torque teno midi virus	Anelloviridae	Anelloviridae	clareaulab
MN774977.1	Torque teno midi virus	Anelloviridae	Anelloviridae	clareaulab
MN774978.1	Torque teno midi virus	Anelloviridae	Anelloviridae	clareaulab
MN774980.1	Torque teno midi virus	Gammatorquevirus	Anelloviridae	clareaulab
MN774981.1	Torque teno midi virus	Anelloviridae	Anelloviridae	clareaulab
MN774984.1	Torque teno midi virus	Gammatorquevirus	Anelloviridae	clareaulab
MN774985.1	Torque teno midi virus	Gammatorquevirus	Anelloviridae	clareaulab
MN774986.1	Torque teno midi virus	Anelloviridae	Anelloviridae	clareaulab
MN774987.1	Torque teno midi virus	Gammatorquevirus	Anelloviridae	clareaulab
MN774988.1	Torque teno midi virus	Samektorquevirus	Anelloviridae	clareaulab
MN774989.1	Torque teno midi virus	Anelloviridae	Anelloviridae	clareaulab
MT157223.1	Anelloviridae sp.	Betatorquevirus	Anelloviridae	clareaulab
MT210805.1	Human anellovirus zj-ad 1	Betatorquevirus	Anelloviridae	clareaulab
MT501646.1	Anellovirus cya/2019	Anelloviridae	Anelloviridae	clareaulab
MT501648.1	TT virus cyb/2019	Alphatorquevirus	Anelloviridae	clareaulab
MT506588.1	Torque teno virus	Betatorquevirus	Anelloviridae	clareaulab
MT506589.1	Torque teno virus	Gammatorquevirus	Anelloviridae	clareaulab
MT783403.1	TTV-like mini virus	Betatorquevirus	Anelloviridae	clareaulab
MT783404.1	Torque teno virus	Alphatorquevirus	Anelloviridae	clareaulab
MT783405.1	Torque teno virus	Anelloviridae	Anelloviridae	clareaulab
MT783406.1	Torque teno virus	Alphatorquevirus	Anelloviridae	clareaulab
MW455346.1	Anelloviridae sp.	Alphatorquevirus	Anelloviridae	clareaulab
MW455347.1	Anelloviridae sp.	Alphatorquevirus	Anelloviridae	clareaulab
MW455348.1	Anelloviridae sp.	Anelloviridae	Anelloviridae	clareaulab
MW455349.1	Anelloviridae sp.	Alphatorquevirus	Anelloviridae	clareaulab
MW455351.1	Anelloviridae sp.	Anelloviridae	Anelloviridae	clareaulab
MW455352.1	Anelloviridae sp.	Anelloviridae	Anelloviridae	clareaulab
MW455354.1	Anelloviridae sp.	Betatorquevirus	Anelloviridae	clareaulab
MW455358.1	Anelloviridae sp.	Betatorquevirus	Anelloviridae	clareaulab
MW455359.1	Anelloviridae sp.	Alphatorquevirus	Anelloviridae	clareaulab
MW455361.1	Anelloviridae sp.	Anelloviridae	Anelloviridae	clareaulab
MW455362.1	Anelloviridae sp.	Anelloviridae	Anelloviridae	clareaulab
MW455363.1	Anelloviridae sp.	Betatorquevirus	Anelloviridae	clareaulab
MW455364.1	Anelloviridae sp.	Betatorquevirus	Anelloviridae	clareaulab
MW455365.1	Anelloviridae sp.	Gammatorquevirus	Anelloviridae	clareaulab
MW455368.1	Anelloviridae sp.	Alphatorquevirus	Anelloviridae	clareaulab
MW455369.1	Anelloviridae sp.	Alphatorquevirus	Anelloviridae	clareaulab
MW455373.1	Anelloviridae sp.	Gammatorquevirus	Anelloviridae	clareaulab
MW455375.1	Anelloviridae sp.	Alphatorquevirus	Anelloviridae	clareaulab
MW455378.1	Anelloviridae sp.	Anelloviridae	Anelloviridae	clareaulab
MW455380.1	Anelloviridae sp.	Anelloviridae	Anelloviridae	clareaulab
MW455381.1	Anelloviridae sp.	Betatorquevirus	Anelloviridae	clareaulab
MW455382.1	Anelloviridae sp.	Betatorquevirus	Anelloviridae	clareaulab
MW455383.1	Anelloviridae sp.	Alphatorquevirus	Anelloviridae	clareaulab
MW455384.1	Anelloviridae sp.	Anelloviridae	Anelloviridae	clareaulab
MW455385.1	Anelloviridae sp.	Alphatorquevirus	Anelloviridae	clareaulab
MW455386.1	Anelloviridae sp.	Betatorquevirus	Anelloviridae	clareaulab
MW455387.1	Anelloviridae sp.	Anelloviridae	Anelloviridae	clareaulab
MW455388.1	Anelloviridae sp.	Anelloviridae	Anelloviridae	clareaulab
MW455389.1	Anelloviridae sp.	Alphatorquevirus	Anelloviridae	clareaulab
MW455390.1	Anelloviridae sp.	Alphatorquevirus	Anelloviridae	clareaulab
MW455391.1	Anelloviridae sp.	Betatorquevirus	Anelloviridae	clareaulab
MW455392.1	Anelloviridae sp.	Alphatorquevirus	Anelloviridae	clareaulab
MW455393.1	Anelloviridae sp.	Anelloviridae	Anelloviridae	clareaulab
MW455394.1	Anelloviridae sp.	Anelloviridae	Anelloviridae	clareaulab
MW455395.1	Anelloviridae sp.	Anelloviridae	Anelloviridae	clareaulab
MW455397.1	Anelloviridae sp.	Anelloviridae	Anelloviridae	clareaulab
MW455398.1	Anelloviridae sp.	Betatorquevirus	Anelloviridae	clareaulab
MW455399.1	Anelloviridae sp.	Anelloviridae	Anelloviridae	clareaulab
MW455400.1	Anelloviridae sp.	Alphatorquevirus	Anelloviridae	clareaulab
MW455401.1	Anelloviridae sp.	Anelloviridae	Anelloviridae	clareaulab
MW455402.1	Anelloviridae sp.	Betatorquevirus	Anelloviridae	clareaulab
MW455403.1	Anelloviridae sp.	Betatorquevirus	Anelloviridae	clareaulab
MW455405.1	Anelloviridae sp.	Anelloviridae	Anelloviridae	clareaulab
MW455406.1	Anelloviridae sp.	Anelloviridae	Anelloviridae	clareaulab
MW455407.1	Anelloviridae sp.	Gammatorquevirus	Anelloviridae	clareaulab
MW455408.1	Anelloviridae sp.	Anelloviridae	Anelloviridae	clareaulab
MW455409.1	Anelloviridae sp.	Betatorquevirus	Anelloviridae	clareaulab
MW455410.1	Anelloviridae sp.	Anelloviridae	Anelloviridae	clareaulab
MW455411.1	Anelloviridae sp.	Betatorquevirus	Anelloviridae	clareaulab
MW455413.1	Anelloviridae sp.	Gammatorquevirus	Anelloviridae	clareaulab
MW455414.1	Anelloviridae sp.	Anelloviridae	Anelloviridae	clareaulab
MW455416.1	Anelloviridae sp.	Alphatorquevirus	Anelloviridae	clareaulab
MW455417.1	Anelloviridae sp.	Alphatorquevirus	Anelloviridae	clareaulab
MW455419.1	Anelloviridae sp.	Betatorquevirus	Anelloviridae	clareaulab
MW455420.1	Anelloviridae sp.	Alphatorquevirus	Anelloviridae	clareaulab
MW455421.1	Anelloviridae sp.	Alphatorquevirus	Anelloviridae	clareaulab
MW455422.1	Anelloviridae sp.	Alphatorquevirus	Anelloviridae	clareaulab
MW455423.1	Anelloviridae sp.	Alphatorquevirus	Anelloviridae	clareaulab
MW455425.1	Anelloviridae sp.	Betatorquevirus	Anelloviridae	clareaulab
MW455426.1	Anelloviridae sp.	Gammatorquevirus	Anelloviridae	clareaulab
MW455427.1	Anelloviridae sp.	Betatorquevirus	Anelloviridae	clareaulab
MW455428.1	Anelloviridae sp.	Betatorquevirus	Anelloviridae	clareaulab
MW455429.1	Anelloviridae sp.	Betatorquevirus	Anelloviridae	clareaulab
MW455430.1	Anelloviridae sp.	Betatorquevirus	Anelloviridae	clareaulab
MW455431.1	Anelloviridae sp.	Betatorquevirus	Anelloviridae	clareaulab
MW455432.1	Anelloviridae sp.	Alphatorquevirus	Anelloviridae	clareaulab
MW455434.1	Anelloviridae sp.	Betatorquevirus	Anelloviridae	clareaulab
MW455435.1	Anelloviridae sp.	Anelloviridae	Anelloviridae	clareaulab
MW455436.1	Anelloviridae sp.	Gammatorquevirus	Anelloviridae	clareaulab
MW455438.1	Anelloviridae sp.	Alphatorquevirus	Anelloviridae	clareaulab
MW455439.1	Anelloviridae sp.	Alphatorquevirus	Anelloviridae	clareaulab
MW455440.1	Anelloviridae sp.	Alphatorquevirus	Anelloviridae	clareaulab
MW455442.1	Anelloviridae sp.	Alphatorquevirus	Anelloviridae	clareaulab
MW455444.1	Anelloviridae sp.	Betatorquevirus	Anelloviridae	clareaulab
MW455445.1	Anelloviridae sp.	Betatorquevirus	Anelloviridae	clareaulab
MW455446.1	Anelloviridae sp.	Anelloviridae	Anelloviridae	clareaulab
MW455448.1	Anelloviridae sp.	Anelloviridae	Anelloviridae	clareaulab
MW455450.1	Anelloviridae sp.	Anelloviridae	Anelloviridae	clareaulab
MW679003.1	Torque teno virus AZ1_2	Alphatorquevirus	Anelloviridae	clareaulab
MW679005.1	Torque teno virus AZ6_5	Alphatorquevirus	Anelloviridae	clareaulab
MW679006.1	Torque teno virus AZ7_4	Alphatorquevirus	Anelloviridae	clareaulab
MW857571.1	Torque teno virus	Anelloviridae	Anelloviridae	clareaulab
MZ285962.1	Anelloviridae sp.	Anelloviridae	Anelloviridae	clareaulab
MZ285963.1	Anelloviridae sp.	Gammatorquevirus	Anelloviridae	clareaulab
MZ285964.1	Anelloviridae sp.	Alphatorquevirus	Anelloviridae	clareaulab
MZ285969.1	Anelloviridae sp.	Alphatorquevirus	Anelloviridae	clareaulab
MZ285971.1	Anelloviridae sp.	Anelloviridae	Anelloviridae	clareaulab
MZ285973.1	Anelloviridae sp.	Anelloviridae	Anelloviridae	clareaulab
MZ285976.1	Anelloviridae sp.	Alphatorquevirus	Anelloviridae	clareaulab
MZ285978.1	Anelloviridae sp.	Anelloviridae	Anelloviridae	clareaulab
MZ285979.1	Anelloviridae sp.	Alphatorquevirus	Anelloviridae	clareaulab
MZ285982.1	Anelloviridae sp.	Anelloviridae	Anelloviridae	clareaulab
MZ285983.1	Anelloviridae sp.	Alphatorquevirus	Anelloviridae	clareaulab
MZ285984.1	Anelloviridae sp.	Anelloviridae	Anelloviridae	clareaulab
MZ285985.1	Anelloviridae sp.	Anelloviridae	Anelloviridae	clareaulab
MZ285986.1	Anelloviridae sp.	Anelloviridae	Anelloviridae	clareaulab
MZ285987.1	Anelloviridae sp.	Alphatorquevirus	Anelloviridae	clareaulab
MZ285989.1	Anelloviridae sp.	Alphatorquevirus	Anelloviridae	clareaulab
MZ285991.1	Anelloviridae sp.	Betatorquevirus	Anelloviridae	clareaulab
MZ285992.1	Anelloviridae sp.	Anelloviridae	Anelloviridae	clareaulab
MZ285994.1	Anelloviridae sp.	Alphatorquevirus	Anelloviridae	clareaulab
MZ285996.1	Anelloviridae sp.	Anelloviridae	Anelloviridae	clareaulab
MZ285999.1	Anelloviridae sp.	Anelloviridae	Anelloviridae	clareaulab
MZ286000.1	Anelloviridae sp.	Gammatorquevirus	Anelloviridae	clareaulab
MZ286001.1	Anelloviridae sp.	Gammatorquevirus	Anelloviridae	clareaulab
MZ286002.1	Anelloviridae sp.	Alphatorquevirus	Anelloviridae	clareaulab
MZ286003.1	Anelloviridae sp.	Alphatorquevirus	Anelloviridae	clareaulab
MZ286004.1	Anelloviridae sp.	Betatorquevirus	Anelloviridae	clareaulab
MZ286005.1	Anelloviridae sp.	Anelloviridae	Anelloviridae	clareaulab
MZ286006.1	Anelloviridae sp.	Alphatorquevirus	Anelloviridae	clareaulab
MZ286007.1	Anelloviridae sp.	Betatorquevirus	Anelloviridae	clareaulab
MZ286008.1	Anelloviridae sp.	Alphatorquevirus	Anelloviridae	clareaulab
MZ286009.1	Anelloviridae sp.	Alphatorquevirus	Anelloviridae	clareaulab
MZ286011.1	Anelloviridae sp.	Alphatorquevirus	Anelloviridae	clareaulab
MZ286014.1	Anelloviridae sp.	Alphatorquevirus	Anelloviridae	clareaulab
MZ286017.1	Anelloviridae sp.	Alphatorquevirus	Anelloviridae	clareaulab
MZ286018.1	Anelloviridae sp.	Anelloviridae	Anelloviridae	clareaulab
MZ286019.1	Anelloviridae sp.	Alphatorquevirus	Anelloviridae	clareaulab
MZ286020.1	Anelloviridae sp.	Anelloviridae	Anelloviridae	clareaulab
MZ286021.1	Anelloviridae sp.	Anelloviridae	Anelloviridae	clareaulab
MZ286022.1	Anelloviridae sp.	Anelloviridae	Anelloviridae	clareaulab
MZ286023.1	Anelloviridae sp.	Alphatorquevirus	Anelloviridae	clareaulab
MZ286024.1	Anelloviridae sp.	Anelloviridae	Anelloviridae	clareaulab
MZ286025.1	Anelloviridae sp.	Alphatorquevirus	Anelloviridae	clareaulab
MZ286026.1	Anelloviridae sp.	Gammatorquevirus	Anelloviridae	clareaulab
MZ286027.1	Anelloviridae sp.	Anelloviridae	Anelloviridae	clareaulab
MZ286031.1	Anelloviridae sp.	Alphatorquevirus	Anelloviridae	clareaulab
MZ286032.1	Anelloviridae sp.	Anelloviridae	Anelloviridae	clareaulab
MZ286033.1	Anelloviridae sp.	Betatorquevirus	Anelloviridae	clareaulab
MZ286034.1	Anelloviridae sp.	Betatorquevirus	Anelloviridae	clareaulab
MZ286037.1	Anelloviridae sp.	Anelloviridae	Anelloviridae	clareaulab
MZ286038.1	Anelloviridae sp.	Alphatorquevirus	Anelloviridae	clareaulab
MZ286041.1	Anelloviridae sp.	Anelloviridae	Anelloviridae	clareaulab
MZ286042.1	Anelloviridae sp.	Alphatorquevirus	Anelloviridae	clareaulab
MZ286043.1	Anelloviridae sp.	Alphatorquevirus	Anelloviridae	clareaulab
MZ286044.1	Anelloviridae sp.	Betatorquevirus	Anelloviridae	clareaulab
MZ286046.1	Anelloviridae sp.	Alphatorquevirus	Anelloviridae	clareaulab
MZ286047.1	Anelloviridae sp.	Alphatorquevirus	Anelloviridae	clareaulab
MZ286048.1	Anelloviridae sp.	Betatorquevirus	Anelloviridae	clareaulab
MZ286050.1	Anelloviridae sp.	Gammatorquevirus	Anelloviridae	clareaulab
MZ286052.1	Anelloviridae sp.	Betatorquevirus	Anelloviridae	clareaulab
MZ286053.1	Anelloviridae sp.	Betatorquevirus	Anelloviridae	clareaulab
MZ286055.1	Anelloviridae sp.	Gammatorquevirus	Anelloviridae	clareaulab
MZ286056.1	Anelloviridae sp.	Alphatorquevirus	Anelloviridae	clareaulab
MZ286057.1	Anelloviridae sp.	Anelloviridae	Anelloviridae	clareaulab
MZ286058.1	Anelloviridae sp.	Anelloviridae	Anelloviridae	clareaulab
MZ286060.1	Anelloviridae sp.	Alphatorquevirus	Anelloviridae	clareaulab
MZ286061.1	Anelloviridae sp.	Alphatorquevirus	Anelloviridae	clareaulab
MZ286062.1	Anelloviridae sp.	Anelloviridae	Anelloviridae	clareaulab
MZ286063.1	Anelloviridae sp.	Alphatorquevirus	Anelloviridae	clareaulab
MZ286064.1	Anelloviridae sp.	Alphatorquevirus	Anelloviridae	clareaulab
MZ286065.1	Anelloviridae sp.	Betatorquevirus	Anelloviridae	clareaulab
MZ286067.1	Anelloviridae sp.	Gammatorquevirus	Anelloviridae	clareaulab
MZ286068.1	Anelloviridae sp.	Anelloviridae	Anelloviridae	clareaulab
MZ286069.1	Anelloviridae sp.	Anelloviridae	Anelloviridae	clareaulab
MZ286070.1	Anelloviridae sp.	Anelloviridae	Anelloviridae	clareaulab
MZ286071.1	Anelloviridae sp.	Anelloviridae	Anelloviridae	clareaulab
MZ286072.1	Anelloviridae sp.	Betatorquevirus	Anelloviridae	clareaulab
MZ286074.1	Anelloviridae sp.	Anelloviridae	Anelloviridae	clareaulab
MZ286076.1	Anelloviridae sp.	Alphatorquevirus	Anelloviridae	clareaulab
MZ286081.1	Anelloviridae sp.	Anelloviridae	Anelloviridae	clareaulab
MZ286082.1	Anelloviridae sp.	Betatorquevirus	Anelloviridae	clareaulab
MZ286083.1	Anelloviridae sp.	Anelloviridae	Anelloviridae	clareaulab
MZ286084.1	Anelloviridae sp.	Betatorquevirus	Anelloviridae	clareaulab
MZ286085.1	Anelloviridae sp.	Anelloviridae	Anelloviridae	clareaulab
MZ286086.1	Anelloviridae sp.	Anelloviridae	Anelloviridae	clareaulab
MZ286087.1	Anelloviridae sp.	Gammatorquevirus	Anelloviridae	clareaulab
MZ286088.1	Anelloviridae sp.	Betatorquevirus	Anelloviridae	clareaulab
MZ286089.1	Anelloviridae sp.	Anelloviridae	Anelloviridae	clareaulab
MZ286090.1	Anelloviridae sp.	Gammatorquevirus	Anelloviridae	clareaulab
MZ286091.1	Anelloviridae sp.	Anelloviridae	Anelloviridae	clareaulab
MZ286092.1	Anelloviridae sp.	Alphatorquevirus	Anelloviridae	clareaulab
MZ286093.1	Anelloviridae sp.	Alphatorquevirus	Anelloviridae	clareaulab
MZ286094.1	Anelloviridae sp.	Alphatorquevirus	Anelloviridae	clareaulab
MZ286095.1	Anelloviridae sp.	Anelloviridae	Anelloviridae	clareaulab
MZ286096.1	Anelloviridae sp.	Anelloviridae	Anelloviridae	clareaulab
MZ286097.1	Anelloviridae sp.	Alphatorquevirus	Anelloviridae	clareaulab
MZ286098.1	Anelloviridae sp.	Alphatorquevirus	Anelloviridae	clareaulab
MZ286099.1	Anelloviridae sp.	Alphatorquevirus	Anelloviridae	clareaulab
MZ286100.1	Anelloviridae sp.	Alphatorquevirus	Anelloviridae	clareaulab
MZ286101.1	Anelloviridae sp.	Anelloviridae	Anelloviridae	clareaulab
MZ286102.1	Anelloviridae sp.	Alphatorquevirus	Anelloviridae	clareaulab
MZ286105.1	Anelloviridae sp.	Alphatorquevirus	Anelloviridae	clareaulab
MZ286106.1	Anelloviridae sp.	Alphatorquevirus	Anelloviridae	clareaulab
MZ286107.1	Anelloviridae sp.	Alphatorquevirus	Anelloviridae	clareaulab
MZ286109.1	Anelloviridae sp.	Alphatorquevirus	Anelloviridae	clareaulab
MZ286110.1	Anelloviridae sp.	Anelloviridae	Anelloviridae	clareaulab
MZ286111.1	Anelloviridae sp.	Betatorquevirus	Anelloviridae	clareaulab
MZ286112.1	Anelloviridae sp.	Gammatorquevirus	Anelloviridae	clareaulab
MZ286113.1	Anelloviridae sp.	Anelloviridae	Anelloviridae	clareaulab
MZ286114.1	Anelloviridae sp.	Alphatorquevirus	Anelloviridae	clareaulab
MZ286115.1	Anelloviridae sp.	Anelloviridae	Anelloviridae	clareaulab
MZ286116.1	Anelloviridae sp.	Gammatorquevirus	Anelloviridae	clareaulab
MZ286117.1	Anelloviridae sp.	Anelloviridae	Anelloviridae	clareaulab
MZ286118.1	Anelloviridae sp.	Alphatorquevirus	Anelloviridae	clareaulab
MZ286122.1	Anelloviridae sp.	Alphatorquevirus	Anelloviridae	clareaulab
MZ286124.1	Anelloviridae sp.	Alphatorquevirus	Anelloviridae	clareaulab
MZ286127.1	Anelloviridae sp.	Anelloviridae	Anelloviridae	clareaulab
MZ286128.1	Anelloviridae sp.	Alphatorquevirus	Anelloviridae	clareaulab
MZ286130.1	Anelloviridae sp.	Alphatorquevirus	Anelloviridae	clareaulab
MZ286133.1	Anelloviridae sp.	Betatorquevirus	Anelloviridae	clareaulab
MZ286134.1	Anelloviridae sp.	Anelloviridae	Anelloviridae	clareaulab
MZ286136.1	Anelloviridae sp.	Betatorquevirus	Anelloviridae	clareaulab
MZ286137.1	Anelloviridae sp.	Gammatorquevirus	Anelloviridae	clareaulab
MZ286138.1	Anelloviridae sp.	Anelloviridae	Anelloviridae	clareaulab
MZ286140.1	Anelloviridae sp.	Alphatorquevirus	Anelloviridae	clareaulab
MZ286141.1	Anelloviridae sp.	Anelloviridae	Anelloviridae	clareaulab
MZ286142.1	Anelloviridae sp.	Alphatorquevirus	Anelloviridae	clareaulab
MZ286143.1	Anelloviridae sp.	Anelloviridae	Anelloviridae	clareaulab
MZ286144.1	Anelloviridae sp.	Anelloviridae	Anelloviridae	clareaulab
MZ286147.1	Anelloviridae sp.	Anelloviridae	Anelloviridae	clareaulab
MZ286148.1	Anelloviridae sp.	Betatorquevirus	Anelloviridae	clareaulab
MZ286149.1	Anelloviridae sp.	Gammatorquevirus	Anelloviridae	clareaulab
MZ286150.1	Anelloviridae sp.	Anelloviridae	Anelloviridae	clareaulab
MZ286151.1	Anelloviridae sp.	Alphatorquevirus	Anelloviridae	clareaulab
MZ286152.1	Anelloviridae sp.	Anelloviridae	Anelloviridae	clareaulab
MZ286153.1	Anelloviridae sp.	Gammatorquevirus	Anelloviridae	clareaulab
MZ286154.1	Anelloviridae sp.	Anelloviridae	Anelloviridae	clareaulab
MZ286156.1	Anelloviridae sp.	Alphatorquevirus	Anelloviridae	clareaulab
MZ286157.1	Anelloviridae sp.	Alphatorquevirus	Anelloviridae	clareaulab
MZ286158.1	Anelloviridae sp.	Alphatorquevirus	Anelloviridae	clareaulab
MZ286159.1	Anelloviridae sp.	Gammatorquevirus	Anelloviridae	clareaulab
MZ286160.1	Anelloviridae sp.	Alphatorquevirus	Anelloviridae	clareaulab
MZ286161.1	Anelloviridae sp.	Anelloviridae	Anelloviridae	clareaulab
MZ286163.1	Anelloviridae sp.	Betatorquevirus	Anelloviridae	clareaulab
MZ286164.1	Anelloviridae sp.	Gammatorquevirus	Anelloviridae	clareaulab
MZ286165.1	Anelloviridae sp.	Anelloviridae	Anelloviridae	clareaulab
MZ286168.1	Anelloviridae sp.	Anelloviridae	Anelloviridae	clareaulab
MZ286170.1	Anelloviridae sp.	Alphatorquevirus	Anelloviridae	clareaulab
MZ286171.1	Anelloviridae sp.	Betatorquevirus	Anelloviridae	clareaulab
MZ286172.1	Anelloviridae sp.	Anelloviridae	Anelloviridae	clareaulab
MZ286173.1	Anelloviridae sp.	Gammatorquevirus	Anelloviridae	clareaulab
MZ286175.1	Anelloviridae sp.	Anelloviridae	Anelloviridae	clareaulab
MZ286176.1	Anelloviridae sp.	Anelloviridae	Anelloviridae	clareaulab
MZ286177.1	Anelloviridae sp.	Anelloviridae	Anelloviridae	clareaulab
MZ286180.1	Anelloviridae sp.	Betatorquevirus	Anelloviridae	clareaulab
MZ286181.1	Anelloviridae sp.	Alphatorquevirus	Anelloviridae	clareaulab
MZ286182.1	Anelloviridae sp.	Alphatorquevirus	Anelloviridae	clareaulab
MZ286183.1	Anelloviridae sp.	Alphatorquevirus	Anelloviridae	clareaulab
MZ286184.1	Anelloviridae sp.	Alphatorquevirus	Anelloviridae	clareaulab
MZ286185.1	Anelloviridae sp.	Alphatorquevirus	Anelloviridae	clareaulab
MZ286186.1	Anelloviridae sp.	Alphatorquevirus	Anelloviridae	clareaulab
MZ286187.1	Anelloviridae sp.	Betatorquevirus	Anelloviridae	clareaulab
MZ286188.1	Anelloviridae sp.	Alphatorquevirus	Anelloviridae	clareaulab
MZ286190.1	Anelloviridae sp.	Betatorquevirus	Anelloviridae	clareaulab
MZ286191.1	Anelloviridae sp.	Gammatorquevirus	Anelloviridae	clareaulab
MZ286192.1	Anelloviridae sp.	Betatorquevirus	Anelloviridae	clareaulab
MZ286193.1	Anelloviridae sp.	Betatorquevirus	Anelloviridae	clareaulab
MZ286194.1	Anelloviridae sp.	Betatorquevirus	Anelloviridae	clareaulab
MZ286195.1	Anelloviridae sp.	Betatorquevirus	Anelloviridae	clareaulab
MZ286196.1	Anelloviridae sp.	Betatorquevirus	Anelloviridae	clareaulab
MZ286197.1	Anelloviridae sp.	Anelloviridae	Anelloviridae	clareaulab
MZ286198.1	Anelloviridae sp.	Anelloviridae	Anelloviridae	clareaulab
MZ286199.1	Anelloviridae sp.	Anelloviridae	Anelloviridae	clareaulab
MZ286200.1	Anelloviridae sp.	Betatorquevirus	Anelloviridae	clareaulab
MZ286201.1	Anelloviridae sp.	Gammatorquevirus	Anelloviridae	clareaulab
MZ286202.1	Anelloviridae sp.	Anelloviridae	Anelloviridae	clareaulab
MZ286203.1	Anelloviridae sp.	Anelloviridae	Anelloviridae	clareaulab
MZ286205.1	Anelloviridae sp.	Alphatorquevirus	Anelloviridae	clareaulab
MZ286206.1	Anelloviridae sp.	Alphatorquevirus	Anelloviridae	clareaulab
MZ286207.1	Anelloviridae sp.	Betatorquevirus	Anelloviridae	clareaulab
MZ286209.1	Anelloviridae sp.	Anelloviridae	Anelloviridae	clareaulab
MZ286214.1	Anelloviridae sp.	Anelloviridae	Anelloviridae	clareaulab
MZ286215.1	Anelloviridae sp.	Alphatorquevirus	Anelloviridae	clareaulab
MZ286217.1	Anelloviridae sp.	Anelloviridae	Anelloviridae	clareaulab
MZ286218.1	Anelloviridae sp.	Anelloviridae	Anelloviridae	clareaulab
MZ286219.1	Anelloviridae sp.	Betatorquevirus	Anelloviridae	clareaulab
MZ286220.1	Anelloviridae sp.	Alphatorquevirus	Anelloviridae	clareaulab
MZ286221.1	Anelloviridae sp.	Anelloviridae	Anelloviridae	clareaulab
MZ286222.1	Anelloviridae sp.	Alphatorquevirus	Anelloviridae	clareaulab
MZ286223.1	Anelloviridae sp.	Anelloviridae	Anelloviridae	clareaulab
MZ286224.1	Anelloviridae sp.	Betatorquevirus	Anelloviridae	clareaulab
MZ286225.1	Anelloviridae sp.	Betatorquevirus	Anelloviridae	clareaulab
MZ286226.1	Anelloviridae sp.	Betatorquevirus	Anelloviridae	clareaulab
MZ286228.1	Anelloviridae sp.	Betatorquevirus	Anelloviridae	clareaulab
MZ286229.1	Anelloviridae sp.	Betatorquevirus	Anelloviridae	clareaulab
MZ286230.1	Anelloviridae sp.	Betatorquevirus	Anelloviridae	clareaulab
MZ286231.1	Anelloviridae sp.	Betatorquevirus	Anelloviridae	clareaulab
MZ286233.1	Anelloviridae sp.	Betatorquevirus	Anelloviridae	clareaulab
MZ286234.1	Anelloviridae sp.	Betatorquevirus	Anelloviridae	clareaulab
MZ286236.1	Anelloviridae sp.	Betatorquevirus	Anelloviridae	clareaulab
MZ286237.1	Anelloviridae sp.	Betatorquevirus	Anelloviridae	clareaulab
MZ286238.1	Anelloviridae sp.	Anelloviridae	Anelloviridae	clareaulab
MZ286239.1	Anelloviridae sp.	Betatorquevirus	Anelloviridae	clareaulab
MZ286240.1	Anelloviridae sp.	Betatorquevirus	Anelloviridae	clareaulab
MZ286241.1	Anelloviridae sp.	Betatorquevirus	Anelloviridae	clareaulab
MZ286242.1	Anelloviridae sp.	Betatorquevirus	Anelloviridae	clareaulab
MZ286243.1	Anelloviridae sp.	Betatorquevirus	Anelloviridae	clareaulab
MZ286244.1	Anelloviridae sp.	Betatorquevirus	Anelloviridae	clareaulab
MZ286245.1	Anelloviridae sp.	Betatorquevirus	Anelloviridae	clareaulab
MZ286246.1	Anelloviridae sp.	Betatorquevirus	Anelloviridae	clareaulab
MZ286247.1	Anelloviridae sp.	Betatorquevirus	Anelloviridae	clareaulab
MZ286248.1	Anelloviridae sp.	Betatorquevirus	Anelloviridae	clareaulab
MZ286249.1	Anelloviridae sp.	Betatorquevirus	Anelloviridae	clareaulab
MZ286250.1	Anelloviridae sp.	Betatorquevirus	Anelloviridae	clareaulab
MZ286252.1	Anelloviridae sp.	Betatorquevirus	Anelloviridae	clareaulab
MZ286253.1	Anelloviridae sp.	Betatorquevirus	Anelloviridae	clareaulab
MZ286254.1	Anelloviridae sp.	Betatorquevirus	Anelloviridae	clareaulab
MZ286255.1	Anelloviridae sp.	Betatorquevirus	Anelloviridae	clareaulab
MZ286256.1	Anelloviridae sp.	Betatorquevirus	Anelloviridae	clareaulab
MZ286257.1	Anelloviridae sp.	Betatorquevirus	Anelloviridae	clareaulab
MZ286258.1	Anelloviridae sp.	Betatorquevirus	Anelloviridae	clareaulab
MZ286259.1	Anelloviridae sp.	Betatorquevirus	Anelloviridae	clareaulab
MZ286260.1	Anelloviridae sp.	Betatorquevirus	Anelloviridae	clareaulab
MZ286262.1	Anelloviridae sp.	Betatorquevirus	Anelloviridae	clareaulab
MZ286263.1	Anelloviridae sp.	Betatorquevirus	Anelloviridae	clareaulab
MZ286264.1	Anelloviridae sp.	Betatorquevirus	Anelloviridae	clareaulab
MZ286265.1	Anelloviridae sp.	Betatorquevirus	Anelloviridae	clareaulab
MZ286266.1	Anelloviridae sp.	Betatorquevirus	Anelloviridae	clareaulab
MZ286267.1	Anelloviridae sp.	Betatorquevirus	Anelloviridae	clareaulab
MZ286268.1	Anelloviridae sp.	Betatorquevirus	Anelloviridae	clareaulab
MZ286269.1	Anelloviridae sp.	Betatorquevirus	Anelloviridae	clareaulab
MZ286270.1	Anelloviridae sp.	Betatorquevirus	Anelloviridae	clareaulab
MZ286271.1	Anelloviridae sp.	Betatorquevirus	Anelloviridae	clareaulab
MZ286272.1	Anelloviridae sp.	Betatorquevirus	Anelloviridae	clareaulab
MZ286273.1	Anelloviridae sp.	Betatorquevirus	Anelloviridae	clareaulab
MZ286274.1	Anelloviridae sp.	Betatorquevirus	Anelloviridae	clareaulab
MZ286275.1	Anelloviridae sp.	Betatorquevirus	Anelloviridae	clareaulab
MZ286276.1	Anelloviridae sp.	Betatorquevirus	Anelloviridae	clareaulab
MZ286277.1	Anelloviridae sp.	Betatorquevirus	Anelloviridae	clareaulab
MZ286278.1	Anelloviridae sp.	Betatorquevirus	Anelloviridae	clareaulab
MZ286279.1	Anelloviridae sp.	Betatorquevirus	Anelloviridae	clareaulab
MZ286280.1	Anelloviridae sp.	Betatorquevirus	Anelloviridae	clareaulab
MZ286281.1	Anelloviridae sp.	Betatorquevirus	Anelloviridae	clareaulab
MZ286282.1	Anelloviridae sp.	Betatorquevirus	Anelloviridae	clareaulab
MZ286284.1	Anelloviridae sp.	Betatorquevirus	Anelloviridae	clareaulab
MZ286285.1	Anelloviridae sp.	Betatorquevirus	Anelloviridae	clareaulab
MZ286286.1	Anelloviridae sp.	Betatorquevirus	Anelloviridae	clareaulab
MZ286288.1	Anelloviridae sp.	Betatorquevirus	Anelloviridae	clareaulab
MZ286289.1	Anelloviridae sp.	Betatorquevirus	Anelloviridae	clareaulab
MZ286290.1	Anelloviridae sp.	Betatorquevirus	Anelloviridae	clareaulab
MZ286291.1	Anelloviridae sp.	Betatorquevirus	Anelloviridae	clareaulab
MZ286292.1	Anelloviridae sp.	Betatorquevirus	Anelloviridae	clareaulab
MZ825126.1	Anelloviridae sp.	Betatorquevirus	Anelloviridae	clareaulab
OK574345.1	Gammatorquevirus sp.	Gammatorquevirus	Anelloviridae	clareaulab
OK574350.1	Betatorquevirus sp.	Betatorquevirus	Anelloviridae	clareaulab
OK574352.1	Betatorquevirus sp.	Betatorquevirus	Anelloviridae	clareaulab
OK574362.1	Betatorquevirus sp.	Betatorquevirus	Anelloviridae	clareaulab
OK574363.1	Betatorquevirus sp.	Betatorquevirus	Anelloviridae	clareaulab
OK574365.1	Betatorquevirus sp.	Betatorquevirus	Anelloviridae	clareaulab
OK574370.1	Betatorquevirus sp.	Betatorquevirus	Anelloviridae	clareaulab
OK574371.1	Betatorquevirus sp.	Betatorquevirus	Anelloviridae	clareaulab
OK574374.1	Gammatorquevirus sp.	Gammatorquevirus	Anelloviridae	clareaulab
OK574382.1	Gammatorquevirus sp.	Gammatorquevirus	Anelloviridae	clareaulab
OK574383.1	Betatorquevirus sp.	Betatorquevirus	Anelloviridae	clareaulab
OK574387.1	Betatorquevirus sp.	Betatorquevirus	Anelloviridae	clareaulab
OK574388.1	Betatorquevirus sp.	Betatorquevirus	Anelloviridae	clareaulab
OK574394.1	Betatorquevirus sp.	Betatorquevirus	Anelloviridae	clareaulab
OK574395.1	Betatorquevirus sp.	Betatorquevirus	Anelloviridae	clareaulab
OK574402.1	Betatorquevirus sp.	Betatorquevirus	Anelloviridae	clareaulab
OK574405.1	Betatorquevirus sp.	Betatorquevirus	Anelloviridae	clareaulab
OK574410.1	Betatorquevirus sp.	Betatorquevirus	Anelloviridae	clareaulab
OK574411.1	Betatorquevirus sp.	Betatorquevirus	Anelloviridae	clareaulab
OK574412.1	Betatorquevirus sp.	Betatorquevirus	Anelloviridae	clareaulab
OK574414.1	Betatorquevirus sp.	Betatorquevirus	Anelloviridae	clareaulab
OK574415.1	Betatorquevirus sp.	Betatorquevirus	Anelloviridae	clareaulab
OK574418.1	Betatorquevirus sp.	Betatorquevirus	Anelloviridae	clareaulab
OK574421.1	Betatorquevirus sp.	Betatorquevirus	Anelloviridae	clareaulab
OK574422.1	Betatorquevirus sp.	Betatorquevirus	Anelloviridae	clareaulab
OK574426.1	Betatorquevirus sp.	Betatorquevirus	Anelloviridae	clareaulab
OK574427.1	Betatorquevirus sp.	Betatorquevirus	Anelloviridae	clareaulab
OK574428.1	Betatorquevirus sp.	Betatorquevirus	Anelloviridae	clareaulab
OK574434.1	Betatorquevirus sp.	Betatorquevirus	Anelloviridae	clareaulab
OK574436.1	Betatorquevirus sp.	Betatorquevirus	Anelloviridae	clareaulab
OK574437.1	Betatorquevirus sp.	Betatorquevirus	Anelloviridae	clareaulab
OK574439.1	Betatorquevirus sp.	Betatorquevirus	Anelloviridae	clareaulab
OK574443.1	Betatorquevirus sp.	Betatorquevirus	Anelloviridae	clareaulab
OP549858.1	Torque teno midi virus	Anelloviridae	Anelloviridae	clareaulab
OP549859.1	Torque teno midi virus	Anelloviridae	Anelloviridae	clareaulab
OP549860.1	Torque teno midi virus	Gammatorquevirus	Anelloviridae	clareaulab
OP985293.1	Torque teno virus	Alphatorquevirus	Anelloviridae	clareaulab
OP985294.1	Torque teno virus	Alphatorquevirus	Anelloviridae	clareaulab
OQ283124.1	Anelloviridae sp.	Anelloviridae	Anelloviridae	clareaulab
OR148953.1	Anellovirus D_HF6_322	Alphatorquevirus	Anelloviridae	clareaulab
OR148954.1	Anellovirus D_HF6_591	Betatorquevirus	Anelloviridae	clareaulab
OR148955.1	Anellovirus D_HF7_66	Alphatorquevirus	Anelloviridae	clareaulab
OR197588.1	TTV-like mini virus	Betatorquevirus	Anelloviridae	clareaulab
OZ258610.1	Gammatorquevirus sp.	Gammatorquevirus	Anelloviridae	clareaulab
OZ258612.1	Alphatorquevirus sp.	Alphatorquevirus	Anelloviridae	clareaulab
OZ258617.1	Alphatorquevirus homin13	Alphatorquevirus	Anelloviridae	clareaulab
OZ258620.1	Alphatorquevirus sp.	Alphatorquevirus	Anelloviridae	clareaulab
OZ258626.1	Betatorquevirus homini38	Betatorquevirus	Anelloviridae	clareaulab
OZ258632.1	Alphatorquevirus sp.	Alphatorquevirus	Anelloviridae	clareaulab
OZ258650.1	Betatorquevirus homini1	Betatorquevirus	Anelloviridae	clareaulab
OZ258652.1	Alphatorquevirus sp.	Alphatorquevirus	Anelloviridae	clareaulab
OZ258660.1	Alphatorquevirus sp.	Alphatorquevirus	Anelloviridae	clareaulab
OZ258664.1	Alphatorquevirus sp.	Alphatorquevirus	Anelloviridae	clareaulab
OZ258670.1	Alphatorquevirus sp.	Alphatorquevirus	Anelloviridae	clareaulab
OZ258672.1	Alphatorquevirus homin13	Alphatorquevirus	Anelloviridae	clareaulab
OZ258675.1	Alphatorquevirus homin20	Alphatorquevirus	Anelloviridae	clareaulab
OZ258684.1	Alphatorquevirus sp.	Alphatorquevirus	Anelloviridae	clareaulab
OZ258692.1	Alphatorquevirus sp.	Alphatorquevirus	Anelloviridae	clareaulab
OZ258693.1	Alphatorquevirus sp.	Alphatorquevirus	Anelloviridae	clareaulab
OZ258697.1	Betatorquevirus sp.	Betatorquevirus	Anelloviridae	clareaulab
OZ258698.1	Gammatorquevirus sp.	Gammatorquevirus	Anelloviridae	clareaulab
OZ258700.1	Alphatorquevirus sp.	Alphatorquevirus	Anelloviridae	clareaulab
OZ258705.1	Gammatorquevirus sp.	Gammatorquevirus	Anelloviridae	clareaulab
OZ258712.1	Betatorquevirus sp.	Betatorquevirus	Anelloviridae	clareaulab
OZ258713.1	Betatorquevirus sp.	Betatorquevirus	Anelloviridae	clareaulab
OZ258714.1	Hetorquevirus hominid6	Hetorquevirus	Anelloviridae	clareaulab
OZ258715.1	Betatorquevirus sp.	Betatorquevirus	Anelloviridae	clareaulab
OZ258716.1	Betatorquevirus sp.	Betatorquevirus	Anelloviridae	clareaulab
OZ258719.1	Alphatorquevirus sp.	Alphatorquevirus	Anelloviridae	clareaulab
OZ258721.1	Betatorquevirus sp.	Betatorquevirus	Anelloviridae	clareaulab
OZ258723.1	Betatorquevirus homini36	Betatorquevirus	Anelloviridae	clareaulab
OZ258724.1	Betatorquevirus sp.	Betatorquevirus	Anelloviridae	clareaulab
OZ258725.1	Betatorquevirus sp.	Betatorquevirus	Anelloviridae	clareaulab
OZ258728.1	Betatorquevirus sp.	Betatorquevirus	Anelloviridae	clareaulab
OZ258729.1	Betatorquevirus sp.	Betatorquevirus	Anelloviridae	clareaulab
OZ258731.1	Betatorquevirus sp.	Betatorquevirus	Anelloviridae	clareaulab
OZ258737.1	Betatorquevirus sp.	Betatorquevirus	Anelloviridae	clareaulab
OZ258739.1	Betatorquevirus sp.	Betatorquevirus	Anelloviridae	clareaulab
OZ258741.1	Betatorquevirus sp.	Betatorquevirus	Anelloviridae	clareaulab
OZ258742.1	Alphatorquevirus sp.	Alphatorquevirus	Anelloviridae	clareaulab
OZ258747.1	Betatorquevirus sp.	Betatorquevirus	Anelloviridae	clareaulab
OZ258748.1	Betatorquevirus sp.	Betatorquevirus	Anelloviridae	clareaulab
OZ258750.1	Alphatorquevirus sp.	Alphatorquevirus	Anelloviridae	clareaulab
OZ258751.1	Betatorquevirus sp.	Betatorquevirus	Anelloviridae	clareaulab
OZ258753.1	Betatorquevirus sp.	Betatorquevirus	Anelloviridae	clareaulab
OZ258761.1	Betatorquevirus sp.	Betatorquevirus	Anelloviridae	clareaulab
OZ258764.1	Betatorquevirus sp.	Betatorquevirus	Anelloviridae	clareaulab
OZ258769.1	Betatorquevirus sp.	Betatorquevirus	Anelloviridae	clareaulab
OZ258770.1	Betatorquevirus sp.	Betatorquevirus	Anelloviridae	clareaulab
OZ258771.1	Betatorquevirus sp.	Betatorquevirus	Anelloviridae	clareaulab
OZ258775.1	Betatorquevirus sp.	Betatorquevirus	Anelloviridae	clareaulab
OZ258776.1	Anellovirus sp.	Betatorquevirus	Anelloviridae	clareaulab
OZ258777.1	Betatorquevirus sp.	Betatorquevirus	Anelloviridae	clareaulab
OZ258778.1	Betatorquevirus homini15	Betatorquevirus	Anelloviridae	clareaulab
OZ258785.1	Alphatorquevirus sp.	Alphatorquevirus	Anelloviridae	clareaulab
OZ258790.1	Betatorquevirus sp.	Betatorquevirus	Anelloviridae	clareaulab
OZ258793.1	Betatorquevirus sp.	Betatorquevirus	Anelloviridae	clareaulab
OZ258797.1	Betatorquevirus sp.	Betatorquevirus	Anelloviridae	clareaulab
OZ258798.1	Betatorquevirus sp.	Betatorquevirus	Anelloviridae	clareaulab
OZ258799.1	Alphatorquevirus sp.	Alphatorquevirus	Anelloviridae	clareaulab
OZ258803.1	Alphatorquevirus sp.	Alphatorquevirus	Anelloviridae	clareaulab
OZ258804.1	Betatorquevirus sp.	Betatorquevirus	Anelloviridae	clareaulab
OZ258807.1	Betatorquevirus sp.	Betatorquevirus	Anelloviridae	clareaulab
OZ258809.1	Betatorquevirus sp.	Betatorquevirus	Anelloviridae	clareaulab
OZ258816.1	Alphatorquevirus sp.	Alphatorquevirus	Anelloviridae	clareaulab
PP374828.1	Torque teno virus	Alphatorquevirus	Anelloviridae	clareaulab
PP374829.1	Torque teno virus	Alphatorquevirus	Anelloviridae	clareaulab
PP374830.1	Torque teno virus	Alphatorquevirus	Anelloviridae	clareaulab
PP374831.1	Torque teno virus	Alphatorquevirus	Anelloviridae	clareaulab
PP374832.1	Torque teno virus	Alphatorquevirus	Anelloviridae	clareaulab
PP374834.1	Torque teno virus	Alphatorquevirus	Anelloviridae	clareaulab
PP374835.1	Torque teno virus	Alphatorquevirus	Anelloviridae	clareaulab
PP728776.1	Samektorquevirus hominid16	Samektorquevirus	Anelloviridae	clareaulab
PP728779.1	Samektorquevirus hominid17	Samektorquevirus	Anelloviridae	clareaulab
PP728781.1	Samektorquevirus hominid18	Samektorquevirus	Anelloviridae	clareaulab
PP728782.1	Memtorquevirus hominid14	Memtorquevirus	Anelloviridae	clareaulab
PQ438050.1	Torque teno virus	Alphatorquevirus	Anelloviridae	clareaulab
