accession	gene_id	transcript_id	gene	gene_symbol	product	n_exons	exons	strand	genome_length	topology	origin_spanning	source_genotype	source_isolate	source_strain
AB026929.1	AB026929.1_BAA86944.1	BAA86944.1	BAA86944.1			1	334:627	+	2897	circular	false		TLMV-CBD203	
AB026929.1	AB026929.1_BAA86945.1	BAA86945.1	BAA86945.1			1	516:2486	+	2897	circular	false		TLMV-CBD203	
AB026929.1	AB026929.1_BAA86946.1	BAA86946.1	BAA86946.1			1	2044:2466	+	2897	circular	false		TLMV-CBD203	
AB026930.1	AB026930.1_BAA86947.1	BAA86947.1	BAA86947.1			1	356:631	+	2860	circular	false		TLMV-CBD231	
AB026930.1	AB026930.1_BAA86948.1	BAA86948.1	BAA86948.1			1	508:2499	+	2860	circular	false		TLMV-CBD231	
AB026930.1	AB026930.1_BAA86949.1	BAA86949.1	BAA86949.1			1	2081:2473	+	2860	circular	false		TLMV-CBD231	
AB026931.1	AB026931.1_BAA86950.1	BAA86950.1	BAA86950.1			1	356:631	+	2856	circular	false		TLMV-CBD279	
AB026931.1	AB026931.1_BAA86951.1	BAA86951.1	BAA86951.1			1	508:2496	+	2856	circular	false		TLMV-CBD279	
AB026931.1	AB026931.1_BAA86952.1	BAA86952.1	BAA86952.1			1	2078:2470	+	2856	circular	false		TLMV-CBD279	
AB041962.1	AB041962.1_BAB19322.1	BAB19322.1	BAB19322.1			1	340:639	+	2908	circular	false		TGP96	
AB041962.1	AB041962.1_BAB19323.1	BAB19323.1	BAB19323.1			1	528:2543	+	2908	circular	false		TGP96	
AB041962.1	AB041962.1_BAB19324.1	BAB19324.1	BAB19324.1			1	2176:2514	+	2908	circular	false		TGP96	
AB290917.1	AB290917.1_BAF49422.1	BAF49422.1	BAF49422.1		hypothetical protein	1	217:588	+	3245	circular	false		MD1-032	
AB290917.1	AB290917.1_BAF49423.1	BAF49423.1	BAF49423.1		hypothetical protein	1	432:2453	+	3245	circular	false		MD1-032	
AB290917.1	AB290917.1_BAF49420.1	BAF49420.1	BAF49420.1		hypothetical protein	2	217:584,2197:2614	+	3245	circular	false		MD1-032	
AB290917.1	AB290917.1_BAF49421.1	BAF49421.1	BAF49421.1		hypothetical protein	2	217:584,1977:2388	+	3245	circular	false		MD1-032	
AB290918.1	AB290918.1_BAF49426.1	BAF49426.1	BAF49426.1		hypothetical protein	1	217:588	+	3242	circular	false		MD1-073	
AB290918.1	AB290918.1_BAF49427.1	BAF49427.1	BAF49427.1		hypothetical protein	1	432:2453	+	3242	circular	false		MD1-073	
AB290918.1	AB290918.1_BAF49424.1	BAF49424.1	BAF49424.1		hypothetical protein	2	217:584,2197:2614	+	3242	circular	false		MD1-073	
AB290918.1	AB290918.1_BAF49425.1	BAF49425.1	BAF49425.1		hypothetical protein	2	217:584,1977:2388	+	3242	circular	false		MD1-073	
AB290919.1	AB290919.1_BAF49430.1	BAF49430.1	BAF49430.1		hypothetical protein	1	219:593	+	3253	circular	false		MD2-013	
AB290919.1	AB290919.1_BAF49431.1	BAF49431.1	BAF49431.1		hypothetical protein	1	434:2467	+	3253	circular	false		MD2-013	
AB290919.1	AB290919.1_BAF49428.1	BAF49428.1	BAF49428.1		hypothetical protein	2	219:589,2253:2622	+	3253	circular	false		MD2-013	
AB290919.1	AB290919.1_BAF49429.1	BAF49429.1	BAF49429.1		hypothetical protein	2	219:589,1982:2402	+	3253	circular	false		MD2-013	
AB303552.1	AB303552.1_BAF76076.1	BAF76076.1	BAF76076.1		hypothetical protein	1	217:594	+	3208	circular	false		MDJHem2	
AB303552.1	AB303552.1_BAF76077.1	BAF76077.1	BAF76077.1		hypothetical protein	1	441:2435	+	3208	circular	false		MDJHem2	
AB303552.1	AB303552.1_BAF76074.1	BAF76074.1	BAF76074.1		hypothetical protein	2	217:590,2185:2587	+	3208	circular	false		MDJHem2	
AB303552.1	AB303552.1_BAF76075.1	BAF76075.1	BAF76075.1		hypothetical protein	2	217:590,1953:2388	+	3208	circular	false		MDJHem2	
AB303553.1	AB303553.1_BAF76080.1	BAF76080.1	BAF76080.1		hypothetical protein	1	217:594	+	3198	circular	false		MDJHem3-1	
AB303553.1	AB303553.1_BAF76081.1	BAF76081.1	BAF76081.1		hypothetical protein	1	432:2432	+	3198	circular	false		MDJHem3-1	
AB303553.1	AB303553.1_BAF76078.1	BAF76078.1	BAF76078.1		hypothetical protein	2	217:590,2164:2587	+	3198	circular	false		MDJHem3-1	
AB303553.1	AB303553.1_BAF76079.1	BAF76079.1	BAF76079.1		hypothetical protein	2	217:590,1941:2367	+	3198	circular	false		MDJHem3-1	
AB303554.1	AB303554.1_BAF76084.1	BAF76084.1	BAF76084.1		hypothetical protein	1	220:600	+	3197	circular	false		MDJHem3-2	
AB303554.1	AB303554.1_BAF76085.1	BAF76085.1	BAF76085.1		hypothetical protein	1	435:2429	+	3197	circular	false		MDJHem3-2	
AB303554.1	AB303554.1_BAF76082.1	BAF76082.1	BAF76082.1		hypothetical protein	2	220:596,2173:2584	+	3197	circular	false		MDJHem3-2	
AB303554.1	AB303554.1_BAF76083.1	BAF76083.1	BAF76083.1		hypothetical protein	2	220:596,1944:2376	+	3197	circular	false		MDJHem3-2	
AB303555.1	AB303555.1_BAF76088.1	BAF76088.1	BAF76088.1		hypothetical protein	1	220:570	+	3205	circular	false		MDJHem5	
AB303555.1	AB303555.1_BAF76089.1	BAF76089.1	BAF76089.1		hypothetical protein	1	414:2423	+	3205	circular	false		MDJHem5	
AB303555.1	AB303555.1_BAF76086.1	BAF76086.1	BAF76086.1		hypothetical protein	2	220:566,2164:2575	+	3205	circular	false		MDJHem5	
AB303555.1	AB303555.1_BAF76087.1	BAF76087.1	BAF76087.1		hypothetical protein	2	220:566,1935:2358	+	3205	circular	false		MDJHem5	
AB303556.1	AB303556.1_BAF76092.1	BAF76092.1	BAF76092.1		hypothetical protein	1	216:593	+	3200	circular	false		MDJHem8-1	
AB303556.1	AB303556.1_BAF76093.1	BAF76093.1	BAF76093.1		hypothetical protein	1	431:2428	+	3200	circular	false		MDJHem8-1	
AB303556.1	AB303556.1_BAF76090.1	BAF76090.1	BAF76090.1		hypothetical protein	2	216:589,2178:2580	+	3200	circular	false		MDJHem8-1	
AB303556.1	AB303556.1_BAF76091.1	BAF76091.1	BAF76091.1		hypothetical protein	2	216:589,1946:2387	+	3200	circular	false		MDJHem8-1	
AB303557.1	AB303557.1_BAF76096.1	BAF76096.1	BAF76096.1		hypothetical protein	1	217:594	+	3204	circular	false		MDJHem8-2	
AB303557.1	AB303557.1_BAF76097.1	BAF76097.1	BAF76097.1		hypothetical protein	1	441:2435	+	3204	circular	false		MDJHem8-2	
AB303557.1	AB303557.1_BAF76094.1	BAF76094.1	BAF76094.1		hypothetical protein	2	217:590,2185:2587	+	3204	circular	false		MDJHem8-2	
AB303557.1	AB303557.1_BAF76095.1	BAF76095.1	BAF76095.1		hypothetical protein	2	217:590,1953:2388	+	3204	circular	false		MDJHem8-2	
AB303558.1	AB303558.1_BAF76100.1	BAF76100.1	BAF76100.1		hypothetical protein	1	222:590	+	3223	circular	false		MDJN1	
AB303558.1	AB303558.1_BAF76101.1	BAF76101.1	BAF76101.1		hypothetical protein	1	437:2446	+	3223	circular	false		MDJN1	
AB303558.1	AB303558.1_BAF76098.1	BAF76098.1	BAF76098.1		hypothetical protein	2	222:586,2202:2598	+	3223	circular	false		MDJN1	
AB303558.1	AB303558.1_BAF76099.1	BAF76099.1	BAF76099.1		hypothetical protein	2	222:586,1970:2393	+	3223	circular	false		MDJN1	
AB303559.1	AB303559.1_BAF76104.1	BAF76104.1	BAF76104.1		hypothetical protein	1	218:589	+	3187	circular	false		MDJN2	
AB303559.1	AB303559.1_BAF76105.1	BAF76105.1	BAF76105.1		hypothetical protein	1	430:2406	+	3187	circular	false		MDJN2	
AB303559.1	AB303559.1_BAF76102.1	BAF76102.1	BAF76102.1		hypothetical protein	2	218:585,2135:2558	+	3187	circular	false		MDJN2	
AB303559.1	AB303559.1_BAF76103.1	BAF76103.1	BAF76103.1		hypothetical protein	2	218:585,1912:2380	+	3187	circular	false		MDJN2	
AB303560.1	AB303560.1_BAF76108.1	BAF76108.1	BAF76108.1		hypothetical protein	1	219:581	+	3175	circular	false		MDJN14	
AB303560.1	AB303560.1_BAF76109.1	BAF76109.1	BAF76109.1		hypothetical protein	1	416:2407	+	3175	circular	false		MDJN14	
AB303560.1	AB303560.1_BAF76106.1	BAF76106.1	BAF76106.1		hypothetical protein	2	219:577,2148:2559	+	3175	circular	false		MDJN14	
AB303560.1	AB303560.1_BAF76107.1	BAF76107.1	BAF76107.1		hypothetical protein	2	219:577,1925:2342	+	3175	circular	false		MDJN14	
AB303561.1	AB303561.1_BAF76112.1	BAF76112.1	BAF76112.1		hypothetical protein	1	219:593	+	3198	circular	false		MDJN47	
AB303561.1	AB303561.1_BAF76113.1	BAF76113.1	BAF76113.1		hypothetical protein	1	431:2425	+	3198	circular	false		MDJN47	
AB303561.1	AB303561.1_BAF76110.1	BAF76110.1	BAF76110.1		hypothetical protein	2	219:589,2160:2580	+	3198	circular	false		MDJN47	
AB303561.1	AB303561.1_BAF76111.1	BAF76111.1	BAF76111.1		hypothetical protein	2	219:589,1937:2378	+	3198	circular	false		MDJN47	
AB303563.1	AB303563.1_BAF76120.1	BAF76120.1	BAF76120.1		hypothetical protein	1	217:579	+	3200	circular	false		MDJN52	
AB303563.1	AB303563.1_BAF76121.1	BAF76121.1	BAF76121.1		hypothetical protein	1	414:2420	+	3200	circular	false		MDJN52	
AB303563.1	AB303563.1_BAF76118.1	BAF76118.1	BAF76118.1		hypothetical protein	2	217:575,2152:2572	+	3200	circular	false		MDJN52	
AB303563.1	AB303563.1_BAF76119.1	BAF76119.1	BAF76119.1		hypothetical protein	2	217:575,1929:2361	+	3200	circular	false		MDJN52	
AB303564.1	AB303564.1_BAF76124.1	BAF76124.1	BAF76124.1		hypothetical protein	1	219:602	+	3230	circular	false		MDJN69	
AB303564.1	AB303564.1_BAF76125.1	BAF76125.1	BAF76125.1		hypothetical protein	1	434:2446	+	3230	circular	false		MDJN69	
AB303564.1	AB303564.1_BAF76122.1	BAF76122.1	BAF76122.1		hypothetical protein	2	219:598,2184:2601	+	3230	circular	false		MDJN69	
AB303564.1	AB303564.1_BAF76123.1	BAF76123.1	BAF76123.1		hypothetical protein	2	219:598,1961:2387	+	3230	circular	false		MDJN69	
AB303565.1	AB303565.1_BAF76128.1	BAF76128.1	BAF76128.1		hypothetical protein	1	219:584	+	3183	circular	false		MDJN91	
AB303565.1	AB303565.1_BAF76129.1	BAF76129.1	BAF76129.1		hypothetical protein	1	416:2404	+	3183	circular	false		MDJN91	
AB303565.1	AB303565.1_BAF76126.1	BAF76126.1	BAF76126.1		hypothetical protein	2	219:580,2145:2556	+	3183	circular	false		MDJN91	
AB303565.1	AB303565.1_BAF76127.1	BAF76127.1	BAF76127.1		hypothetical protein	2	219:580,1922:2339	+	3183	circular	false		MDJN91	
AB303566.1	AB303566.1_BAF76132.1	BAF76132.1	BAF76132.1		hypothetical protein	1	217:594	+	3223	circular	false		MDJN97	
AB303566.1	AB303566.1_BAF76133.1	BAF76133.1	BAF76133.1		hypothetical protein	1	432:2435	+	3223	circular	false		MDJN97	
AB303566.1	AB303566.1_BAF76130.1	BAF76130.1	BAF76130.1		hypothetical protein	2	217:590,2176:2596	+	3223	circular	false		MDJN97	
AB303566.1	AB303566.1_BAF76131.1	BAF76131.1	BAF76131.1		hypothetical protein	2	217:590,1947:2382	+	3223	circular	false		MDJN97	
AF291073.1	AF291073.1_AAL11041.1	AAL11041.1	AAL11041.1		ORF2	1	341:640	+	2910	linear	false		PB4TL	
AF291073.1	AF291073.1_AAL11042.1	AAL11042.1	AAL11042.1		ORF1	1	529:2556	+	2910	linear	false		PB4TL	
AY622909.1	AY622909.1_AAU88148.1	AAU88148.1	AAU88148.1		ORF1	1	199:564	+	2635	linear	false			
AY622909.1	AY622909.1_AAU88149.1	AAU88149.1	AAU88149.1		ORF2	1	411:962	+	2635	linear	false			
AY622909.1	AY622909.1_AAU88150.1	AAU88150.1	AAU88150.1		ORF3	1	938:2446	+	2635	linear	false			
AY622909.1	AY622909.1_AAU88151.1	AAU88151.1	AAU88151.1		ORF4	1	1890:2387	+	2635	linear	false			
AY622909.1	AY622909.1_AAU88152.1	AAU88152.1	AAU88152.1		ORF5	1	2263:2616	+	2635	linear	false			
AY823988.1	AY823988.1_AAW79273.1	AAW79273.1	AAW79273.1		ORF1	1	598:2841	+	3816	circular	false		2h	
AY823988.1	AY823988.1_AAW79274.1	AAW79274.1	AAW79274.1		ORF2	1	356:724	+	3816	circular	false		2h	
AY823988.1	AY823988.1_AAW79275.1	AAW79275.1	AAW79275.1		ORF3	2	356:720,2380:2815	+	3816	circular	false		2h	
AY823988.1	AY823988.1_AAW79276.1	AAW79276.1	AAW79276.1		ORF4	2	356:720,2621:3029	+	3816	circular	false		2h	
AY823989.1	AY823989.1_AAW79277.1	AAW79277.1	AAW79277.1		ORF1	1	604:2934	+	3920	circular	false		3h	
AY823989.1	AY823989.1_AAW79278.1	AAW79278.1	AAW79278.1		ORF2	1	359:745	+	3920	circular	false		3h	
AY823989.1	AY823989.1_AAW79279.1	AAW79279.1	AAW79279.1		ORF3	2	359:741,2428:2896	+	3920	circular	false		3h	
AY823989.1	AY823989.1_AAW79280.1	AAW79280.1	AAW79280.1		ORF4	2	359:741,2669:3107	+	3920	circular	false		3h	
GU797360.1	GU797360.1_ADO51761.1	ADO51761.1	ADO51761.1		ORF1	1	612:2846	+	3767	linear	false		BIS8-17	
GU797360.1	GU797360.1_ADO51762.1	ADO51762.1	ADO51762.1		ORF2	1	100:732	+	3767	linear	false		BIS8-17	
GU797360.1	GU797360.1_ADO51763.1	ADO51763.1	ADO51763.1		ORF2/3	2	100:730,2378:2802	+	3767	linear	false		BIS8-17	
GU797360.1	GU797360.1_ADO51764.1	ADO51764.1	ADO51764.1		ORF2/4	2	100:730,2580:3031	+	3767	linear	false		BIS8-17	
JN980171.1	JN980171.1_AEX59986.1	AEX59986.1	AEX59986.1		putative protein ORF2	1	302:685	+	3603	linear	false		TPK01	
JN980171.1	JN980171.1_AEX59984.1	AEX59984.1	AEX59984.1		putative protein ORF2/3	2	302:681,2492:2954	+	3603	linear	false		TPK01	
JN980171.1	JN980171.1_AEX59985.1	AEX59985.1	AEX59985.1		putative protein ORF2/2	2	302:681,2293:2716	+	3603	linear	false		TPK01	
JN980171.1	JN980171.1_AEX59987.1	AEX59987.1	AEX59987.1		putative protein ORF1/2	2	553:681,2492:2716	+	3603	linear	false		TPK01	
JN980171.1	JN980171.1_AEX59988.1	AEX59988.1	AEX59988.1		putative protein ORF1/1	2	553:681,2293:2757	+	3603	linear	false		TPK01	
JQ308210.1	JQ308210.1_AFE61998.1	AFE61998.1	AFE61998.1		VP3	1	523:900	+	2359	circular	false			FecGy
JQ308210.1	JQ308210.1_AFE61999.1	AFE61999.1	AFE61999.1		VP2	1	372:1091	+	2359	circular	false			FecGy
JQ308210.1	JQ308210.1_AFE62000.1	AFE62000.1	AFE62000.1		VP1	1	902:2293	+	2359	circular	false			FecGy
JQ690762.1	JQ690762.1_gp1	AFJ92647.1	gp1	gp1	VP1	1	853:2202	+	2316	circular	false			China
JQ690762.1	JQ690762.1_gp2	AFJ92646.1	gp2	gp2	VP2	1	380:1030	+	2316	circular	false			China
JQ690762.1	JQ690762.1_gp3	AFJ92645.1	gp3	gp3	VP3	1	486:851	+	2316	circular	false			China
JQ690763.1	JQ690763.1_gp1	AFJ92650.1	gp1	gp1	VP1	1	952:2334	+	2375	circular	false			China
JQ690763.1	JQ690763.1_gp2	AFJ92648.1	gp2	gp2	VP2	1	449:1144	+	2375	circular	false			China
JQ690763.1	JQ690763.1_gp2_dup2	AFJ92649.1	gp2	gp2	VP3	1	576:950	+	2375	circular	false			China
JX134044.1	JX134044.1_AGG91481.1	AGG91481.1	AGG91481.1		hypothetical protein	1	522:2540	+	2912	circular	false		TTMV_LY1	
JX134044.1	JX134044.1_AGG91482.1	AGG91482.1	AGG91482.1		hypothetical protein	1	343:633	+	2912	circular	false		TTMV_LY1	
JX134044.1	JX134044.1_AGG91483.1	AGG91483.1	AGG91483.1		hypothetical protein	1	2203:2505	+	2912	circular	false		TTMV_LY1	
JX134045.1	JX134045.1_AGG91484.1	AGG91484.1	AGG91484.1		hypothetical protein	1	612:2612	+	2979	circular	false		TTMV_LY2	
JX134045.1	JX134045.1_AGG91485.1	AGG91485.1	AGG91485.1		hypothetical protein	1	424:723	+	2979	circular	false		TTMV_LY2	
JX134045.1	JX134045.1_AGG91486.1	AGG91486.1	AGG91486.1		hypothetical protein	1	2251:2589	+	2979	circular	false		TTMV_LY2	
JX134045.1	JX134045.1_AGG91487.1	AGG91487.1	AGG91487.1		hypothetical protein	1	2486:2812	+	2979	circular	false		TTMV_LY2	
JX134046.1	JX134046.1_AGG91488.1	AGG91488.1	AGG91488.1		hypothetical protein	1	516:2492	+	2915	circular	false		TTMV_LY3	
JX134046.1	JX134046.1_AGG91489.1	AGG91489.1	AGG91489.1		hypothetical protein	1	343:633	+	2915	circular	false		TTMV_LY3	
JX134046.1	JX134046.1_AGG91490.1	AGG91490.1	AGG91490.1		hypothetical protein	1	2095:2481	+	2915	circular	false		TTMV_LY3	
JX310702.1	JX310702.1_VP1	AFO67213.1	VP1	VP1	VP1	1	976:2034	+	2034	circular	false			D137
JX310702.1	JX310702.1_VP2	AFO67214.1	VP2	VP2	VP2	1	518:1171	+	2034	circular	false			D137
KF294861.1	KF294861.1_AGZ20415.1	AGZ20415.1	AGZ20415.1		VP1	1	950:2020	+	2020	circular	false			Tu243
KF294861.1	KF294861.1_AGZ20416.1	AGZ20416.1	AGZ20416.1		VP2	1	495:1190	+	2020	circular	false			Tu243
KF294861.1	KF294861.1_AGZ20417.1	AGZ20417.1	AGZ20417.1		hypothetical protein	1	584:853	+	2020	circular	false			Tu243
KF294862.1	KF294862.1_AGZ20418.1	AGZ20418.1	AGZ20418.1		VP1	1	916:2277	+	2282	circular	false			Tu789
KF294862.1	KF294862.1_AGZ20419.1	AGZ20419.1	AGZ20419.1		VP2	1	434:1111	+	2282	circular	false			Tu789
KF294862.1	KF294862.1_AGZ20420.1	AGZ20420.1	AGZ20420.1		VP3	1	579:914	+	2282	circular	false			Tu789
KF764701.1	KF764701.1_ORF1	AHA91750.1	ORF1	ORF1	hypothetical protein	1	510:2498	+	2853	circular	false		D11	
KF764701.1	KF764701.1_ORF2	AHA91749.1	ORF2	ORF2	hypothetical protein	1	340:624	+	2853	circular	false		D11	
KF764701.1	KF764701.1_ORF3	AHA91751.1	ORF3	ORF3	hypothetical protein	1	2118:2498	+	2853	circular	false		D11	
KJ194502.1	KJ194502.1_AHV83692.1	AHV83692.1	AHV83692.1		ORF2	1	220:687	+	3793	circular	false		TTV_Amsterdam_1995	
KJ194502.1	KJ194502.1_AHV83693.1	AHV83693.1	AHV83693.1		ORF1	1	549:2888	+	3793	circular	false		TTV_Amsterdam_1995	
KJ194502.1	KJ194502.1_AHV83694.1	AHV83694.1	AHV83694.1		ORF3	1	2317:2850	+	3793	circular	false		TTV_Amsterdam_1995	
KJ194503.1	KJ194503.1_AHV83695.1	AHV83695.1	AHV83695.1		ORF2	1	2:610	+	3451	circular	false		TTV_Amsterdam_1994	
KJ194503.1	KJ194503.1_AHV83696.1	AHV83696.1	AHV83696.1		ORF1	1	430:2637	+	3451	circular	false		TTV_Amsterdam_1994	
KJ194503.1	KJ194503.1_AHV83697.1	AHV83697.1	AHV83697.1		ORF3	1	2318:2704	+	3451	circular	false		TTV_Amsterdam_1994	
KM259873.1	KM259873.1_ALA22_gp1	AIK19235.1	ALA22_gp1		hypothetical protein	1	343:648	+	2914	circular	false		TTMV-ALA22	
KM259873.1	KM259873.1_ALA22_gp2	AIK19236.1	ALA22_gp2		hypothetical protein	1	531:2555	+	2914	circular	false		TTMV-ALA22	
KM259873.1	KM259873.1_ALA22_gp3	AIK19237.1	ALA22_gp3		hypothetical protein	1	2137:2541	+	2914	circular	false		TTMV-ALA22	
KM259874.1	KM259874.1_ALH8_gp1	AIK19238.1	ALH8_gp1		hypothetical protein	1	341:610	+	2855	circular	false		TTMV-ALH8	
KM259874.1	KM259874.1_ALH8_gp2	AIK19239.1	ALH8_gp2		hypothetical protein	1	505:2475	+	2855	circular	false		TTMV-ALH8	
KM593802.2	KM593802.2_AKO22616.2	AKO22616.2	AKO22616.2		ORF1	1	503:2800	+	3840	circular	false			HDMU-13
KM593802.2	KM593802.2_APB97632.1	APB97632.1	APB97632.1		ORF2	1	183:629	+	3840	circular	false			HDMU-13
KM593802.2	KM593802.2_APB97633.1	APB97633.1	APB97633.1		ORF3	1	2548:2991	+	3840	circular	false			HDMU-13
KP036971.1	KP036971.1_AIY70063.1	AIY70063.1	AIY70063.1		ORF2	1	318:656	+	3599	circular	false		TTV-2013	
KP036971.1	KP036971.1_AIY70064.1	AIY70064.1	AIY70064.1		ORF1	1	539:2779	+	3599	circular	false		TTV-2013	
KP036971.1	KP036971.1_AIY70065.1	AIY70065.1	AIY70065.1		ORF4	1	2875:2997	+	3599	circular	false		TTV-2013	
KP036971.1	KP036971.1_AIY70066.1	AIY70066.1	AIY70066.1		ORF3	1	2472:2828	+	3599	circular	false		TTV-2013	
KU041847.1	KU041847.1_ANH58872.1	ANH58872.1	ANH58872.1		ORF1	1	316:2256	+	2803	circular	false		222	
KU041847.1	KU041847.1_ANH58873.1	ANH58873.1	ANH58873.1		ORF2	1	170:436	+	2803	circular	false		222	
KU041847.1	KU041847.1_ANH58874.1	ANH58874.1	ANH58874.1		ORF3	1	1979:2251	+	2803	circular	false		222	
KU243129.1	KU243129.1_APR63555.1	APR63555.1	APR63555.1		hypothetical protein	1	1:1941	+	2824	circular	false		TTMV-204	
KU243129.1	KU243129.1_APR63557.1	APR63557.1	APR63557.1		hypothetical protein	1	1703:1930	+	2824	circular	false		TTMV-204	
KU243129.1	KU243129.1_APR63556.1	APR63556.1	APR63556.1		hypothetical protein	2	2677:2824,1:80	+	2824	circular	true		TTMV-204	
KX810064.1	KX810064.1_APA31996.1	APA31996.1	APA31996.1		hypothetical protein	1	597:2627	+	2938	circular	false		Emory2	
KX810064.1	KX810064.1_APA31997.1	APA31997.1	APA31997.1		hypothetical protein	1	415:747	+	2938	circular	false		Emory2	
KX810064.1	KX810064.1_APA31998.1	APA31998.1	APA31998.1		hypothetical protein	1	2480:2830	+	2938	circular	false		Emory2	
KY462757.1	KY462757.1_AUD10208.1	AUD10208.1	AUD10208.1		hypothetical protein	1	352:630	+	2813	circular	false		SHC01	
KY462757.1	KY462757.1_AUD10209.1	AUD10209.1	AUD10209.1		hypothetical protein	1	787:2466	+	2813	circular	false		SHC01	
KY462757.1	KY462757.1_AUD10210.1	AUD10210.1	AUD10210.1		hypothetical protein	1	2297:2437	+	2813	circular	false		SHC01	
KY462758.1	KY462758.1_AUD10211.1	AUD10211.1	AUD10211.1		hypothetical protein	1	352:630	+	2812	circular	false		SH-B	
KY462758.1	KY462758.1_AUD10212.1	AUD10212.1	AUD10212.1		hypothetical protein	1	504:2465	+	2812	circular	false		SH-B	
KY462758.1	KY462758.1_AUD10213.1	AUD10213.1	AUD10213.1		hypothetical protein	1	2296:2436	+	2812	circular	false		SH-B	
KY462770.1	KY462770.1_AUD10247.1	AUD10247.1	AUD10247.1		hypothetical protein	1	351:653	+	2880	circular	false		SHA	
KY462770.1	KY462770.1_AUD10248.1	AUD10248.1	AUD10248.1		hypothetical protein	1	539:2530	+	2880	circular	false		SHA	
KY462770.1	KY462770.1_AUD10249.1	AUD10249.1	AUD10249.1		hypothetical protein	1	2094:2516	+	2880	circular	false		SHA	
KY856742.1	KY856742.1_AVN68372.1	AVN68372.1	AVN68372.1		hypothetical protein	1	58:357	+	2943	circular	false		zhenjiang	
KY856742.1	KY856742.1_AVN68373.1	AVN68373.1	AVN68373.1		hypothetical protein	1	243:2285	+	2943	circular	false		zhenjiang	
KY856742.1	KY856742.1_AVN68374.1	AVN68374.1	AVN68374.1		hypothetical protein	1	2104:2253	+	2943	circular	false		zhenjiang	
LC381845.1	LC381845.1_gp1	BBD88554.1	gp1	gp1	hypothetical protein	1	328:597	+	2810	circular	false			Human/Japan/KS025/2016
LC381845.1	LC381845.1_gp2	BBD88555.1	gp2	gp2	hypothetical protein	1	471:2462	+	2810	circular	false			Human/Japan/KS025/2016
LC381845.1	LC381845.1_gp3	BBD88556.1	gp3	gp3	hypothetical protein	1	2489:2677	+	2810	circular	false			Human/Japan/KS025/2016
LC385662.1	LC385662.1_ORF1	BBE20930.1	ORF1	ORF1	pORF1	1	608:2839	+	3699	linear	false			KD1
LC385662.1	LC385662.1_ORF2	BBE20929.1	ORF2	ORF2	pORF2	1	270:734	+	3699	linear	false			KD1
LC385662.1	LC385662.1_ORF3	BBE20931.1	ORF3	ORF3	pORF3	1	2869:3033	+	3699	linear	false			KD1
MH017548.1	MH017548.1_ORF1	AZK35820.1	ORF1	ORF1	hypothetical protein ORF1	1	519:2510	+	2895	circular	false			BNI-700831-G1-CSF
MH017548.1	MH017548.1_ORF2	AZK35821.1	ORF2	ORF2	hypothetical protein ORF2	1	343:639	+	2895	circular	false			BNI-700831-G1-CSF
MH017548.1	MH017548.1_ORF3	AZK35822.1	ORF3	ORF3	hypothetical protein ORF3	1	2323:2490	+	2895	circular	false			BNI-700831-G1-CSF
MH017548.1	MH017548.1_ORF4	AZK35823.1	ORF4	ORF4	hypothetical protein ORF4	1	2513:2731	+	2895	circular	false			BNI-700831-G1-CSF
MH017554.1	MH017554.1_ORF1	AZK35844.1	ORF1	ORF1	hypothetical protein ORF1	1	516:2507	+	2892	circular	false			BNI-701800-G1-CSF
MH017554.1	MH017554.1_ORF2	AZK35845.1	ORF2	ORF2	hypothetical protein ORF2	1	340:636	+	2892	circular	false			BNI-701800-G1-CSF
MH017554.1	MH017554.1_ORF3	AZK35846.1	ORF3	ORF3	hypothetical protein ORF3	1	2320:2487	+	2892	circular	false			BNI-701800-G1-CSF
MH017554.1	MH017554.1_ORF4	AZK35847.1	ORF4	ORF4	hypothetical protein ORF4	1	2510:2728	+	2892	circular	false			BNI-701800-G1-CSF
MH017556.1	MH017556.1_ORF1	AZK35852.1	ORF1	ORF1	hypothetical protein ORF1	1	537:2543	+	2915	circular	false			BNI-700835-G2-SER0
MH017556.1	MH017556.1_ORF2	AZK35853.1	ORF2	ORF2	hypothetical protein ORF2	1	343:648	+	2915	circular	false			BNI-700835-G2-SER0
MH017556.1	MH017556.1_ORF3	AZK35854.1	ORF3	ORF3	hypothetical protein ORF3	1	2227:2523	+	2915	circular	false			BNI-700835-G2-SER0
MH017563.1	MH017563.1_ORF1	AZK35873.1	ORF1	ORF1	hypothetical protein ORF1	1	504:2477	+	2839	circular	false			BNI-700835-G3-CSF
MH017563.1	MH017563.1_ORF2	AZK35874.1	ORF2	ORF2	hypothetical protein ORF2	1	355:639	+	2839	circular	false			BNI-700835-G3-CSF
MH017563.1	MH017563.1_ORF3	AZK35875.1	ORF3	ORF3	hypothetical protein ORF3	1	2173:2454	+	2839	circular	false			BNI-700835-G3-CSF
MH017563.1	MH017563.1_ORF4	AZK35876.1	ORF4	ORF4	hypothetical protein ORF4	1	2495:2671	+	2839	circular	false			BNI-700835-G3-CSF
MH017566.1	MH017566.1_ORF1	AZK35885.1	ORF1	ORF1	hypothetical protein ORF1	1	501:2474	+	2836	circular	false			BNI-700907-G3-SER0
MH017566.1	MH017566.1_ORF2	AZK35886.1	ORF2	ORF2	hypothetical protein ORF2	1	352:636	+	2836	circular	false			BNI-700907-G3-SER0
MH017566.1	MH017566.1_ORF3	AZK35887.1	ORF3	ORF3	hypothetical protein ORF3	1	2216:2668	+	2836	circular	false			BNI-700907-G3-SER0
MH017570.1	MH017570.1_ORF1	AZK35897.1	ORF1	ORF1	hypothetical protein ORF1	1	553:3027	+	3856	circular	false			BNI-700199-G4-CSF
MH017570.1	MH017570.1_ORF2	AZK35898.1	ORF2	ORF2	hypothetical protein ORF2	1	227:679	+	3856	circular	false			BNI-700199-G4-CSF
MH017570.1	MH017570.1_ORF3	AZK35900.1	ORF3	ORF3	hypothetical protein ORF3	1	2475:2822	+	3856	circular	false			BNI-700199-G4-CSF
MH017570.1	MH017570.1_ORF4	AZK35899.1	ORF4	ORF4	hypothetical protein ORF4	1	339:662	+	3856	circular	false			BNI-700199-G4-CSF
MH017577.1	MH017577.1_ORF1	AZK35925.1	ORF1	ORF1	hypothetical protein ORF1	1	553:3027	+	3856	circular	false			BNI-700831-G4-SER0
MH017577.1	MH017577.1_ORF2	AZK35926.1	ORF2	ORF2	hypothetical protein ORF2	1	227:679	+	3856	circular	false			BNI-700831-G4-SER0
MH017577.1	MH017577.1_ORF3	AZK35928.1	ORF3	ORF3	hypothetical protein ORF3	1	2475:2822	+	3856	circular	false			BNI-700831-G4-SER0
MH017577.1	MH017577.1_ORF4	AZK35927.1	ORF4	ORF4	hypothetical protein ORF4	1	339:662	+	3856	circular	false			BNI-700831-G4-SER0
MH017583.1	MH017583.1_ORF1	AZK35949.1	ORF1	ORF1	hypothetical protein ORF1	1	553:3027	+	3856	circular	false			BNI-700907-G4-CSF
MH017583.1	MH017583.1_ORF2	AZK35950.1	ORF2	ORF2	hypothetical protein ORF2	1	227:679	+	3856	circular	false			BNI-700907-G4-CSF
MH017583.1	MH017583.1_ORF3	AZK35952.1	ORF3	ORF3	hypothetical protein ORF3	1	2475:2822	+	3856	circular	false			BNI-700907-G4-CSF
MH017583.1	MH017583.1_ORF4	AZK35951.1	ORF4	ORF4	hypothetical protein ORF4	1	339:662	+	3856	circular	false			BNI-700907-G4-CSF
MH648892.1	MH648892.1_AXQ65565.1	AXQ65565.1	AXQ65565.1		hypothetical protein	1	287:2284	-	2547	circular	false		ctdc048	
MH648893.1	MH648893.1_AXQ65566.1	AXQ65566.1	AXQ65566.1		hypothetical protein	1	521:784	-	3261	circular	false		ctdh007	
MH648893.1	MH648893.1_AXQ65567.1	AXQ65567.1	AXQ65567.1		hypothetical protein	1	304:747	-	3261	circular	false		ctdh007	
MH648893.1	MH648893.1_AXQ65568.1	AXQ65568.1	AXQ65568.1		hypothetical protein	1	2663:3109	-	3261	circular	false		ctdh007	
MH648893.1	MH648893.1_AXQ65569.1	AXQ65569.1	AXQ65569.1		hypothetical protein	1	495:2789	-	3261	circular	false		ctdh007	
MH648897.1	MH648897.1_AXQ65579.1	AXQ65579.1	AXQ65579.1		hypothetical protein	1	2145:2435	-	2795	circular	false		ctcb038	
MH648897.1	MH648897.1_AXQ65580.1	AXQ65580.1	AXQ65580.1		hypothetical protein	1	286:2253	-	2795	circular	false		ctcb038	
MH648900.1	MH648900.1_AXQ65586.1	AXQ65586.1	AXQ65586.1		protein of unknown function DUF755	1	85:402	-	2256	circular	false		ctfc019	
MH648900.1	MH648900.1_AXQ65587.1	AXQ65587.1	AXQ65587.1		hypothetical protein	1	1987:2256	-	2256	circular	false		ctfc019	
MH648900.1	MH648900.1_AXQ65588.1	AXQ65588.1	AXQ65588.1		hypothetical protein	1	17:2113	-	2256	circular	false		ctfc019	
MH648901.1	MH648901.1_AXQ65589.1	AXQ65589.1	AXQ65589.1		hypothetical protein	1	277:600	-	3076	circular	false		ctbb022	
MH648901.1	MH648901.1_AXQ65590.1	AXQ65590.1	AXQ65590.1		hypothetical protein	1	2380:2826	-	3076	circular	false		ctbb022	
MH648901.1	MH648901.1_AXQ65591.1	AXQ65591.1	AXQ65591.1		hypothetical protein	1	296:2506	-	3076	circular	false		ctbb022	
MH648907.1	MH648907.1_AXQ65606.1	AXQ65606.1	AXQ65606.1		hypothetical protein	1	317:598	+	2550	circular	false		ctcf040	
MH648907.1	MH648907.1_AXQ65607.1	AXQ65607.1	AXQ65607.1		hypothetical protein	1	487:2475	+	2550	circular	false		ctcf040	
MH648910.1	MH648910.1_AXQ65613.1	AXQ65613.1	AXQ65613.1		hypothetical protein	1	372:671	-	1871	circular	false		ctcd026	
MH648910.1	MH648910.1_AXQ65614.1	AXQ65614.1	AXQ65614.1		hypothetical protein	1	355:1851	-	1871	circular	false		ctcd026	
MH648911.1	MH648911.1_AXQ65615.1	AXQ65615.1	AXQ65615.1		hypothetical protein	1	1211:1483	+	2521	circular	false		cthi018	
MH648911.1	MH648911.1_AXQ65616.1	AXQ65616.1	AXQ65616.1		hypothetical protein	1	1752:2039	-	2521	circular	false		cthi018	
MH648911.1	MH648911.1_AXQ65617.1	AXQ65617.1	AXQ65617.1		hypothetical protein	1	124:1509	+	2521	circular	false		cthi018	
MH648912.1	MH648912.1_AXQ65618.1	AXQ65618.1	AXQ65618.1		hypothetical protein	1	20:442	-	2679	circular	false		ctea38	
MH648912.1	MH648912.1_AXQ65619.1	AXQ65619.1	AXQ65619.1		hypothetical protein	1	1874:2143	-	2679	circular	false		ctea38	
MH648912.1	MH648912.1_AXQ65620.1	AXQ65620.1	AXQ65620.1		hypothetical protein	1	6:2003	-	2679	circular	false		ctea38	
MH648913.1	MH648913.1_AXQ65621.1	AXQ65621.1	AXQ65621.1		hypothetical protein	1	3069:3440	-	3749	circular	false		ctbg006	
MH648913.1	MH648913.1_AXQ65622.1	AXQ65622.1	AXQ65622.1		hypothetical protein	1	3043:3309	-	3749	circular	false		ctbg006	
MH648913.1	MH648913.1_AXQ65623.1	AXQ65623.1	AXQ65623.1		hypothetical protein	1	2345:2836	+	3749	circular	false		ctbg006	
MH648913.1	MH648913.1_AXQ65624.1	AXQ65624.1	AXQ65624.1		hypothetical protein	1	146:724	+	3749	circular	false		ctbg006	
MH648913.1	MH648913.1_AXQ65625.1	AXQ65625.1	AXQ65625.1		hypothetical protein	1	865:2799	+	3749	circular	false		ctbg006	
MH648916.1	MH648916.1_AXQ65634.1	AXQ65634.1	AXQ65634.1		hypothetical protein	1	435:698	-	3147	circular	false		ctbg020	
MH648916.1	MH648916.1_AXQ65635.1	AXQ65635.1	AXQ65635.1		hypothetical protein	1	218:661	-	3147	circular	false		ctbg020	
MH648916.1	MH648916.1_AXQ65636.1	AXQ65636.1	AXQ65636.1		hypothetical protein	1	2568:3038	-	3147	circular	false		ctbg020	
MH648916.1	MH648916.1_AXQ65637.1	AXQ65637.1	AXQ65637.1		hypothetical protein	1	409:2694	-	3147	circular	false		ctbg020	
MH648922.1	MH648922.1_AXQ65650.1	AXQ65650.1	AXQ65650.1		protein of unknown function DUF755	1	1083:1475	+	1722	circular	false		ctih028	
MH648922.1	MH648922.1_AXQ65651.1	AXQ65651.1	AXQ65651.1		hypothetical protein	1	1357:1608	+	1722	circular	false		ctih028	
MH648922.1	MH648922.1_AXQ65652.1	AXQ65652.1	AXQ65652.1		hypothetical protein	1	47:1540	+	1722	circular	false		ctih028	
MH648925.1	MH648925.1_AXQ65657.1	AXQ65657.1	AXQ65657.1		hypothetical protein	1	2400:2675	+	2840	circular	false		ctci019	
MH648925.1	MH648925.1_AXQ65658.1	AXQ65658.1	AXQ65658.1		hypothetical protein	1	27:506	+	2840	circular	false		ctci019	
MH648925.1	MH648925.1_AXQ65659.1	AXQ65659.1	AXQ65659.1		hypothetical protein	1	374:2701	+	2840	circular	false		ctci019	
MH648942.1	MH648942.1_AXQ65694.1	AXQ65694.1	AXQ65694.1		hypothetical protein	1	451:861	-	1989	circular	false		ctje022	
MH648942.1	MH648942.1_AXQ65695.1	AXQ65695.1	AXQ65695.1		hypothetical protein	1	455:1870	-	1989	circular	false		ctje022	
MH648946.1	MH648946.1_AXQ65709.1	AXQ65709.1	AXQ65709.1		hypothetical protein	1	2761:3042	+	3287	circular	false		ctdb017	
MH648946.1	MH648946.1_AXQ65710.1	AXQ65710.1	AXQ65710.1		hypothetical protein	1	737:1084	-	3287	circular	false		ctdb017	
MH648946.1	MH648946.1_AXQ65711.1	AXQ65711.1	AXQ65711.1		hypothetical protein	1	2873:3178	-	3287	circular	false		ctdb017	
MH648946.1	MH648946.1_AXQ65712.1	AXQ65712.1	AXQ65712.1		hypothetical protein	1	786:2438	-	3287	circular	false		ctdb017	
MH648950.1	MH648950.1_AXQ65717.1	AXQ65717.1	AXQ65717.1		hypothetical protein	1	1205:1528	+	1785	circular	false		ctji039	
MH648950.1	MH648950.1_AXQ65718.1	AXQ65718.1	AXQ65718.1		hypothetical protein	1	262:1509	+	1785	circular	false		ctji039	
MH648957.1	MH648957.1_AXQ65738.1	AXQ65738.1	AXQ65738.1		protein of unknown function DUF755	1	707:958	-	2622	circular	false		ctch017	
MH648957.1	MH648957.1_AXQ65739.1	AXQ65739.1	AXQ65739.1		capsid protein	1	693:1190	-	2622	circular	false		ctch017	
MH648957.1	MH648957.1_AXQ65740.1	AXQ65740.1	AXQ65740.1		hypothetical protein	1	2313:2621	-	2622	circular	false		ctch017	
MH648957.1	MH648957.1_AXQ65741.1	AXQ65741.1	AXQ65741.1		hypothetical protein	1	1099:2433	-	2622	circular	false		ctch017	
MH648958.1	MH648958.1_AXQ65742.1	AXQ65742.1	AXQ65742.1		hypothetical protein	1	2754:3140	+	3164	circular	false		ctbh011	
MH648958.1	MH648958.1_AXQ65743.1	AXQ65743.1	AXQ65743.1		hypothetical protein	1	396:719	-	3164	circular	false		ctbh011	
MH648958.1	MH648958.1_AXQ65744.1	AXQ65744.1	AXQ65744.1		hypothetical protein	1	2508:2957	-	3164	circular	false		ctbh011	
MH648958.1	MH648958.1_AXQ65745.1	AXQ65745.1	AXQ65745.1		hypothetical protein	1	415:2634	-	3164	circular	false		ctbh011	
MH648959.1	MH648959.1_AXQ65746.1	AXQ65746.1	AXQ65746.1		hypothetical protein	1	970:1227	-	2683	circular	false		ctbc020	
MH648959.1	MH648959.1_AXQ65747.1	AXQ65747.1	AXQ65747.1		hypothetical protein	1	492:758	-	2683	circular	false		ctbc020	
MH648959.1	MH648959.1_AXQ65748.1	AXQ65748.1	AXQ65748.1		hypothetical protein	1	944:2668	-	2683	circular	false		ctbc020	
MH648962.1	MH648962.1_AXQ65757.1	AXQ65757.1	AXQ65757.1		hypothetical protein	1	2226:2582	-	2868	circular	false		ctif015	
MH648962.1	MH648962.1_AXQ65758.1	AXQ65758.1	AXQ65758.1		hypothetical protein	1	19:369	-	2868	circular	false		ctif015	
MH648962.1	MH648962.1_AXQ65759.1	AXQ65759.1	AXQ65759.1		hypothetical protein	1	2188:2526	-	2868	circular	false		ctif015	
MH648962.1	MH648962.1_AXQ65760.1	AXQ65760.1	AXQ65760.1		hypothetical protein	1	68:1993	-	2868	circular	false		ctif015	
MH648966.1	MH648966.1_AXQ65765.1	AXQ65765.1	AXQ65765.1		hypothetical protein	1	413:751	-	2407	circular	false		ctei055	
MH648966.1	MH648966.1_AXQ65766.1	AXQ65766.1	AXQ65766.1		hypothetical protein	1	399:2006	-	2407	circular	false		ctei055	
MH648969.1	MH648969.1_AXQ65770.1	AXQ65770.1	AXQ65770.1		hypothetical protein	1	1003:1320	-	3682	circular	false		ctjg000	
MH648969.1	MH648969.1_AXQ65771.1	AXQ65771.1	AXQ65771.1		hypothetical protein	1	789:1352	-	3682	circular	false		ctjg000	
MH648969.1	MH648969.1_AXQ65772.1	AXQ65772.1	AXQ65772.1		hypothetical protein	1	3109:3579	-	3682	circular	false		ctjg000	
MH648969.1	MH648969.1_AXQ65773.1	AXQ65773.1	AXQ65773.1		hypothetical protein	1	932:3235	-	3682	circular	false		ctjg000	
MH648976.1	MH648976.1_AXQ65788.1	AXQ65788.1	AXQ65788.1		hypothetical protein	1	1:2085	+	2088	circular	false		ctcj064	
MH648977.1	MH648977.1_AXQ65789.1	AXQ65789.1	AXQ65789.1		hypothetical protein	1	255:650	-	2520	circular	false		ctbj022	
MH648977.1	MH648977.1_AXQ65790.1	AXQ65790.1	AXQ65790.1		hypothetical protein	1	2085:2363	-	2520	circular	false		ctbj022	
MH648977.1	MH648977.1_AXQ65791.1	AXQ65791.1	AXQ65791.1		hypothetical protein	1	223:2211	-	2520	circular	false		ctbj022	
MH648978.1	MH648978.1_AXQ65792.1	AXQ65792.1	AXQ65792.1		hypothetical protein	1	1087:1587	+	1726	circular	false		cted030	
MH648978.1	MH648978.1_AXQ65793.1	AXQ65793.1	AXQ65793.1		hypothetical protein	1	354:662	+	1726	circular	false		cted030	
MH648978.1	MH648978.1_AXQ65794.1	AXQ65794.1	AXQ65794.1		hypothetical protein	1	542:1381	+	1726	circular	false		cted030	
MH648982.1	MH648982.1_AXQ65799.1	AXQ65799.1	AXQ65799.1		protein of unknown function DUF755	1	289:564	-	2691	circular	false		ctbf014	
MH648982.1	MH648982.1_AXQ65800.1	AXQ65800.1	AXQ65800.1		hypothetical protein	1	2134:2403	-	2691	circular	false		ctbf014	
MH648982.1	MH648982.1_AXQ65801.1	AXQ65801.1	AXQ65801.1		hypothetical protein	1	275:2260	-	2691	circular	false		ctbf014	
MH648983.1	MH648983.1_AXQ65802.1	AXQ65802.1	AXQ65802.1		protein of unknown function DUF755	1	1744:2112	+	2191	circular	false		ctbd027	
MH648983.1	MH648983.1_AXQ65803.1	AXQ65803.1	AXQ65803.1		hypothetical protein	1	1:273	+	2191	circular	false		ctbd027	
MH648983.1	MH648983.1_AXQ65804.1	AXQ65804.1	AXQ65804.1		hypothetical protein	1	144:2075	+	2191	circular	false		ctbd027	
MH648985.1	MH648985.1_AXQ65807.1	AXQ65807.1	AXQ65807.1		protein of unknown function DUF755	1	2220:2501	+	2648	circular	false		ctch016	
MH648985.1	MH648985.1_AXQ65808.1	AXQ65808.1	AXQ65808.1		hypothetical protein	1	387:659	+	2648	circular	false		ctch016	
MH648985.1	MH648985.1_AXQ65809.1	AXQ65809.1	AXQ65809.1		hypothetical protein	1	530:2524	+	2648	circular	false		ctch016	
MH648986.1	MH648986.1_AXQ65810.1	AXQ65810.1	AXQ65810.1		protein of unknown function DUF755	1	1744:2028	+	2368	circular	false		ctbd020	
MH648986.1	MH648986.1_AXQ65811.1	AXQ65811.1	AXQ65811.1		hypothetical protein	1	45:2054	+	2368	circular	false		ctbd020	
MH648989.1	MH648989.1_AXQ65863.1	AXQ65863.1	AXQ65863.1		hypothetical protein	1	2224:2502	-	2854	circular	false		ctga035	
MH648989.1	MH648989.1_AXQ65864.1	AXQ65864.1	AXQ65864.1		hypothetical protein	1	371:2344	-	2854	circular	false		ctga035	
MH648990.1	MH648990.1_AXQ65865.1	AXQ65865.1	AXQ65865.1		hypothetical protein	1	88:339	-	3008	circular	false		cthf001	
MH648990.1	MH648990.1_AXQ65866.1	AXQ65866.1	AXQ65866.1		hypothetical protein	1	155:661	+	3008	circular	false		cthf001	
MH648990.1	MH648990.1_AXQ65867.1	AXQ65867.1	AXQ65867.1		hypothetical protein	1	2500:2841	+	3008	circular	false		cthf001	
MH648990.1	MH648990.1_AXQ65868.1	AXQ65868.1	AXQ65868.1		hypothetical protein	1	346:699	+	3008	circular	false		cthf001	
MH648990.1	MH648990.1_AXQ65869.1	AXQ65869.1	AXQ65869.1		hypothetical protein	1	840:2798	+	3008	circular	false		cthf001	
MH648995.1	MH648995.1_AXQ65879.1	AXQ65879.1	AXQ65879.1		hypothetical protein	1	101:559	+	2045	circular	false		ctbd067	
MH648995.1	MH648995.1_AXQ65880.1	AXQ65880.1	AXQ65880.1		hypothetical protein	1	430:1962	+	2045	circular	false		ctbd067	
MH648997.1	MH648997.1_AXQ65882.1	AXQ65882.1	AXQ65882.1		hypothetical protein	1	2434:2877	+	3047	circular	false		ctce026	
MH648997.1	MH648997.1_AXQ65883.1	AXQ65883.1	AXQ65883.1		hypothetical protein	1	75:548	+	3047	circular	false		ctce026	
MH648997.1	MH648997.1_AXQ65884.1	AXQ65884.1	AXQ65884.1		hypothetical protein	1	422:2686	+	3047	circular	false		ctce026	
MH648999.1	MH648999.1_AXQ65887.1	AXQ65887.1	AXQ65887.1		hypothetical protein	1	100:390	+	2299	circular	false		ctfb058	
MH648999.1	MH648999.1_AXQ65888.1	AXQ65888.1	AXQ65888.1		hypothetical protein	1	282:2114	+	2299	circular	false		ctfb058	
MH649002.1	MH649002.1_AXQ65897.1	AXQ65897.1	AXQ65897.1		hypothetical protein	1	150:440	+	2584	circular	false		ctjj046	
MH649002.1	MH649002.1_AXQ65898.1	AXQ65898.1	AXQ65898.1		hypothetical protein	1	332:2299	+	2584	circular	false		ctjj046	
MH649006.1	MH649006.1_AXQ65918.1	AXQ65918.1	AXQ65918.1		hypothetical protein	1	364:654	+	2814	circular	false		ctcf030	
MH649006.1	MH649006.1_AXQ65919.1	AXQ65919.1	AXQ65919.1		hypothetical protein	1	546:2522	+	2814	circular	false		ctcf030	
MH649009.1	MH649009.1_AXQ65924.1	AXQ65924.1	AXQ65924.1		hypothetical protein	1	1:300	+	1983	circular	false		ctbe64	
MH649009.1	MH649009.1_AXQ65925.1	AXQ65925.1	AXQ65925.1		hypothetical protein	1	189:1721	+	1983	circular	false		ctbe64	
MH649011.1	MH649011.1_AXQ65928.1	AXQ65928.1	AXQ65928.1		hypothetical protein	1	115:399	-	2476	circular	false		ctbh052	
MH649011.1	MH649011.1_AXQ65929.1	AXQ65929.1	AXQ65929.1		hypothetical protein	1	1960:2244	-	2476	circular	false		ctbh052	
MH649011.1	MH649011.1_AXQ65930.1	AXQ65930.1	AXQ65930.1		hypothetical protein	1	83:2092	-	2476	circular	false		ctbh052	
MH649014.1	MH649014.1_AXQ65944.1	AXQ65944.1	AXQ65944.1		hypothetical protein	1	1002:1331	-	3886	circular	false		ctba003	
MH649014.1	MH649014.1_AXQ65945.1	AXQ65945.1	AXQ65945.1		hypothetical protein	1	3141:3599	-	3886	circular	false		ctba003	
MH649014.1	MH649014.1_AXQ65946.1	AXQ65946.1	AXQ65946.1		hypothetical protein	1	976:3270	-	3886	circular	false		ctba003	
MH649017.1	MH649017.1_AXQ65951.1	AXQ65951.1	AXQ65951.1		hypothetical protein	1	363:644	+	2810	circular	false		ctbb016	
MH649017.1	MH649017.1_AXQ65952.1	AXQ65952.1	AXQ65952.1		hypothetical protein	1	515:2443	+	2810	circular	false		ctbb016	
MH649022.1	MH649022.1_AXQ65976.1	AXQ65976.1	AXQ65976.1		hypothetical protein	1	2527:2856	+	3073	circular	false		ctch023	
MH649022.1	MH649022.1_AXQ65977.1	AXQ65977.1	AXQ65977.1		hypothetical protein	1	121:414	-	3073	circular	false		ctch023	
MH649022.1	MH649022.1_AXQ65978.1	AXQ65978.1	AXQ65978.1		hypothetical protein	1	2639:3025	+	3073	circular	false		ctch023	
MH649022.1	MH649022.1_AXQ65979.1	AXQ65979.1	AXQ65979.1		hypothetical protein	1	205:648	+	3073	circular	false		ctch023	
MH649022.1	MH649022.1_AXQ65980.1	AXQ65980.1	AXQ65980.1		hypothetical protein	1	525:2834	+	3073	circular	false		ctch023	
MH649023.1	MH649023.1_AXQ65981.1	AXQ65981.1	AXQ65981.1		hypothetical protein	1	79:444	-	2250	circular	false		ctbd051	
MH649023.1	MH649023.1_AXQ65982.1	AXQ65982.1	AXQ65982.1		hypothetical protein	1	278:550	-	2250	circular	false		ctbd051	
MH649023.1	MH649023.1_AXQ65983.1	AXQ65983.1	AXQ65983.1		hypothetical protein	1	273:2198	-	2250	circular	false		ctbd051	
MH649028.1	MH649028.1_AXQ65995.1	AXQ65995.1	AXQ65995.1		protein of unknown function DUF755	1	1837:2118	+	2789	circular	false		ctbf9	
MH649028.1	MH649028.1_AXQ65996.1	AXQ65996.1	AXQ65996.1		hypothetical protein	1	1:273	+	2789	circular	false		ctbf9	
MH649028.1	MH649028.1_AXQ65997.1	AXQ65997.1	AXQ65997.1		hypothetical protein	1	144:2150	+	2789	circular	false		ctbf9	
MH649029.1	MH649029.1_AXQ65998.1	AXQ65998.1	AXQ65998.1		hypothetical protein	1	75:1571	-	1744	circular	false		ctbi042	
MH649037.1	MH649037.1_AXQ66016.1	AXQ66016.1	AXQ66016.1		hypothetical protein	1	1435:1749	-	1962	circular	false		ctbh034	
MH649037.1	MH649037.1_AXQ66017.1	AXQ66017.1	AXQ66017.1		hypothetical protein	1	1:471	+	1962	circular	false		ctbh034	
MH649037.1	MH649037.1_AXQ66018.1	AXQ66018.1	AXQ66018.1		hypothetical protein	1	345:1715	+	1962	circular	false		ctbh034	
MH649039.1	MH649039.1_AXQ66022.1	AXQ66022.1	AXQ66022.1		hypothetical protein	1	1930:2202	+	2366	circular	false		ctca057	
MH649039.1	MH649039.1_AXQ66023.1	AXQ66023.1	AXQ66023.1		hypothetical protein	1	159:2228	+	2366	circular	false		ctca057	
MH649040.1	MH649040.1_AXQ66024.1	AXQ66024.1	AXQ66024.1		hypothetical protein	1	339:749	-	2874	circular	false		ctch033	
MH649040.1	MH649040.1_AXQ66025.1	AXQ66025.1	AXQ66025.1		hypothetical protein	1	122:484	-	2874	circular	false		ctch033	
MH649040.1	MH649040.1_AXQ66026.1	AXQ66026.1	AXQ66026.1		hypothetical protein	1	2232:2543	-	2874	circular	false		ctch033	
MH649040.1	MH649040.1_AXQ66027.1	AXQ66027.1	AXQ66027.1		hypothetical protein	1	325:2355	-	2874	circular	false		ctch033	
MH649042.1	MH649042.1_AXQ66030.1	AXQ66030.1	AXQ66030.1		hypothetical protein	1	2440:2736	+	3718	circular	false		ctjd005	
MH649042.1	MH649042.1_AXQ66031.1	AXQ66031.1	AXQ66031.1		hypothetical protein	1	112:615	+	3718	circular	false		ctjd005	
MH649042.1	MH649042.1_AXQ66032.1	AXQ66032.1	AXQ66032.1		hypothetical protein	1	483:2762	+	3718	circular	false		ctjd005	
MH649045.1	MH649045.1_AXQ66038.1	AXQ66038.1	AXQ66038.1		hypothetical protein	1	288:539	-	2861	circular	false		ctdc021	
MH649045.1	MH649045.1_AXQ66039.1	AXQ66039.1	AXQ66039.1		hypothetical protein	1	2196:2498	-	2861	circular	false		ctdc021	
MH649045.1	MH649045.1_AXQ66040.1	AXQ66040.1	AXQ66040.1		hypothetical protein	1	274:2310	-	2861	circular	false		ctdc021	
MH649051.1	MH649051.1_AXQ66052.1	AXQ66052.1	AXQ66052.1		protein of unknown function DUF755	1	198:584	-	2563	circular	false		ctdg044	
MH649051.1	MH649051.1_AXQ66053.1	AXQ66053.1	AXQ66053.1		hypothetical protein	1	1971:2240	-	2563	circular	false		ctdg044	
MH649051.1	MH649051.1_AXQ66054.1	AXQ66054.1	AXQ66054.1		hypothetical protein	1	181:2085	-	2563	circular	false		ctdg044	
MH649056.1	MH649056.1_AXQ66067.1	AXQ66067.1	AXQ66067.1		hypothetical protein	1	319:594	-	2000	circular	false		ctcc062	
MH649056.1	MH649056.1_AXQ66068.1	AXQ66068.1	AXQ66068.1		hypothetical protein	1	296:1909	-	2000	circular	false		ctcc062	
MH649061.1	MH649061.1_AXQ66078.1	AXQ66078.1	AXQ66078.1		protein of unknown function DUF755	1	1957:2205	+	2904	circular	false		ctid009	
MH649061.1	MH649061.1_AXQ66079.1	AXQ66079.1	AXQ66079.1		hypothetical protein	1	1:327	+	2904	circular	false		ctid009	
MH649061.1	MH649061.1_AXQ66080.1	AXQ66080.1	AXQ66080.1		hypothetical protein	1	204:2219	+	2904	circular	false		ctid009	
MH649062.1	MH649062.1_AXQ66081.1	AXQ66081.1	AXQ66081.1		hypothetical protein	1	513:770	-	2884	circular	false		ctdc018	
MH649062.1	MH649062.1_AXQ66082.1	AXQ66082.1	AXQ66082.1		hypothetical protein	1	487:2739	-	2884	circular	false		ctdc018	
MH649063.1	MH649063.1_AXQ66083.1	AXQ66083.1	AXQ66083.1		hypothetical protein	1	2503:2985	-	3116	circular	false		ctbf012	
MH649063.1	MH649063.1_AXQ66084.1	AXQ66084.1	AXQ66084.1		hypothetical protein	1	404:2623	-	3116	circular	false		ctbf012	
MH649068.1	MH649068.1_AXQ66092.1	AXQ66092.1	AXQ66092.1		protein of unknown function DUF755	1	350:598	-	2066	circular	false		ctcc066	
MH649068.1	MH649068.1_AXQ66093.1	AXQ66093.1	AXQ66093.1		hypothetical protein	1	130:489	-	2066	circular	false		ctcc066	
MH649068.1	MH649068.1_AXQ66094.1	AXQ66094.1	AXQ66094.1		hypothetical protein	1	336:2018	-	2066	circular	false		ctcc066	
MH649070.1	MH649070.1_AXQ66096.1	AXQ66096.1	AXQ66096.1		hypothetical protein	1	3060:3437	-	3718	circular	false		ctda011	
MH649070.1	MH649070.1_AXQ66097.1	AXQ66097.1	AXQ66097.1		hypothetical protein	1	2497:2838	+	3718	circular	false		ctda011	
MH649070.1	MH649070.1_AXQ66098.1	AXQ66098.1	AXQ66098.1		hypothetical protein	1	2582:3010	+	3718	circular	false		ctda011	
MH649070.1	MH649070.1_AXQ66099.1	AXQ66099.1	AXQ66099.1		hypothetical protein	1	334:726	+	3718	circular	false		ctda011	
MH649070.1	MH649070.1_AXQ66100.1	AXQ66100.1	AXQ66100.1		hypothetical protein	1	867:2792	+	3718	circular	false		ctda011	
MH649077.1	MH649077.1_AXQ66118.1	AXQ66118.1	AXQ66118.1		hypothetical protein	1	2091:2369	-	2743	circular	false		ctbh034	
MH649077.1	MH649077.1_AXQ66119.1	AXQ66119.1	AXQ66119.1		hypothetical protein	1	256:2217	-	2743	circular	false		ctbh034	
MH649083.1	MH649083.1_AXQ66133.1	AXQ66133.1	AXQ66133.1		protein of unknown function DUF755	1	2166:2438	+	2794	circular	false		ctdg028	
MH649083.1	MH649083.1_AXQ66134.1	AXQ66134.1	AXQ66134.1		hypothetical protein	1	336:605	+	2794	circular	false		ctdg028	
MH649083.1	MH649083.1_AXQ66135.1	AXQ66135.1	AXQ66135.1		hypothetical protein	1	479:2452	+	2794	circular	false		ctdg028	
MH649084.1	MH649084.1_AXQ66136.1	AXQ66136.1	AXQ66136.1		hypothetical protein	1	291:1925	-	2127	circular	false		ctii061	
MH649085.1	MH649085.1_AXQ66137.1	AXQ66137.1	AXQ66137.1		hypothetical protein	1	11:388	-	2280	circular	false		cteh021	
MH649085.1	MH649085.1_AXQ66138.1	AXQ66138.1	AXQ66138.1		hypothetical protein	1	35:613	+	2280	circular	false		cteh021	
MH649085.1	MH649085.1_AXQ66139.1	AXQ66139.1	AXQ66139.1		hypothetical protein	1	754:2055	+	2280	circular	false		cteh021	
MH649087.1	MH649087.1_AXQ66146.1	AXQ66146.1	AXQ66146.1		hypothetical protein	1	33:302	+	1702	circular	false		ctda070	
MH649087.1	MH649087.1_AXQ66147.1	AXQ66147.1	AXQ66147.1		hypothetical protein	1	176:1642	+	1702	circular	false		ctda070	
MH649092.1	MH649092.1_AXQ66160.1	AXQ66160.1	AXQ66160.1		hypothetical protein	1	262:735	+	3686	circular	false		ctbg012	
MH649092.1	MH649092.1_AXQ66161.1	AXQ66161.1	AXQ66161.1		hypothetical protein	1	612:2819	+	3686	circular	false		ctbg012	
MH649101.1	MH649101.1_AXQ66176.1	AXQ66176.1	AXQ66176.1		hypothetical protein	1	310:630	-	2182	circular	false		ctif053	
MH649101.1	MH649101.1_AXQ66177.1	AXQ66177.1	AXQ66177.1		hypothetical protein	1	287:1891	-	2182	circular	false		ctif053	
MH649104.1	MH649104.1_AXQ66185.1	AXQ66185.1	AXQ66185.1		protein of unknown function DUF755	1	112:444	-	2858	circular	false		ctei657	
MH649104.1	MH649104.1_AXQ66186.1	AXQ66186.1	AXQ66186.1		hypothetical protein	1	1957:2241	-	2858	circular	false		ctei657	
MH649104.1	MH649104.1_AXQ66187.1	AXQ66187.1	AXQ66187.1		hypothetical protein	1	104:2089	-	2858	circular	false		ctei657	
MH649106.1	MH649106.1_AXQ66190.1	AXQ66190.1	AXQ66190.1		hypothetical protein	1	2145:2402	-	2839	circular	false		ctca015	
MH649106.1	MH649106.1_AXQ66191.1	AXQ66191.1	AXQ66191.1		hypothetical protein	1	271:2256	-	2839	circular	false		ctca015	
MH649109.1	MH649109.1_AXQ66197.1	AXQ66197.1	AXQ66197.1		hypothetical protein	1	1189:1575	+	1996	circular	false		ctda033	
MH649109.1	MH649109.1_AXQ66198.1	AXQ66198.1	AXQ66198.1		hypothetical protein	1	369:1619	+	1996	circular	false		ctda033	
MH649113.1	MH649113.1_AXQ66211.1	AXQ66211.1	AXQ66211.1		hypothetical protein	1	1:1815	+	1854	circular	false		ctch068	
MH649114.1	MH649114.1_AXQ66212.1	AXQ66212.1	AXQ66212.1		hypothetical protein	1	344:598	-	2536	circular	false		ctbf050	
MH649114.1	MH649114.1_AXQ66213.1	AXQ66213.1	AXQ66213.1		hypothetical protein	1	2114:2389	-	2536	circular	false		ctbf050	
MH649114.1	MH649114.1_AXQ66214.1	AXQ66214.1	AXQ66214.1		hypothetical protein	1	309:2240	-	2536	circular	false		ctbf050	
MH649122.1	MH649122.1_AXQ66234.1	AXQ66234.1	AXQ66234.1		hypothetical protein	1	943:1305	+	3955	circular	false		ctdc002	
MH649122.1	MH649122.1_AXQ66235.1	AXQ66235.1	AXQ66235.1		hypothetical protein	1	1009:1281	-	3955	circular	false		ctdc002	
MH649122.1	MH649122.1_AXQ66236.1	AXQ66236.1	AXQ66236.1		hypothetical protein	1	10:321	-	3955	circular	false		ctdc002	
MH649122.1	MH649122.1_AXQ66237.1	AXQ66237.1	AXQ66237.1		hypothetical protein	1	3208:3672	-	3955	circular	false		ctdc002	
MH649122.1	MH649122.1_AXQ66238.1	AXQ66238.1	AXQ66238.1		hypothetical protein	1	983:3343	-	3955	circular	false		ctdc002	
MH649125.1	MH649125.1_AXQ66242.1	AXQ66242.1	AXQ66242.1		hypothetical protein	1	2409:2669	+	2897	circular	false		ctbb15	
MH649125.1	MH649125.1_AXQ66243.1	AXQ66243.1	AXQ66243.1		hypothetical protein	1	2057:2422	+	2897	circular	false		ctbb15	
MH649125.1	MH649125.1_AXQ66244.1	AXQ66244.1	AXQ66244.1		hypothetical protein	1	1:309	+	2897	circular	false		ctbb15	
MH649125.1	MH649125.1_AXQ66245.1	AXQ66245.1	AXQ66245.1		hypothetical protein	1	189:2219	+	2897	circular	false		ctbb15	
MH649127.1	MH649127.1_AXQ66247.1	AXQ66247.1	AXQ66247.1		hypothetical protein	1	2393:2845	+	3515	circular	false		ctba013	
MH649127.1	MH649127.1_AXQ66248.1	AXQ66248.1	AXQ66248.1		hypothetical protein	1	344:655	+	3515	circular	false		ctba013	
MH649127.1	MH649127.1_AXQ66249.1	AXQ66249.1	AXQ66249.1		hypothetical protein	1	532:2910	+	3515	circular	false		ctba013	
MH649129.1	MH649129.1_AXQ66253.1	AXQ66253.1	AXQ66253.1		hypothetical protein	1	1:447	+	1911	circular	false		ctia035	
MH649129.1	MH649129.1_AXQ66254.1	AXQ66254.1	AXQ66254.1		hypothetical protein	1	321:1742	+	1911	circular	false		ctia035	
MH649137.1	MH649137.1_AXQ66268.1	AXQ66268.1	AXQ66268.1		hypothetical protein	1	2451:2723	+	3696	circular	false		ctbb000	
MH649137.1	MH649137.1_AXQ66269.1	AXQ66269.1	AXQ66269.1		hypothetical protein	1	78:542	+	3696	circular	false		ctbb000	
MH649137.1	MH649137.1_AXQ66270.1	AXQ66270.1	AXQ66270.1		hypothetical protein	1	407:2749	+	3696	circular	false		ctbb000	
MH649141.1	MH649141.1_AXQ66280.1	AXQ66280.1	AXQ66280.1		hypothetical protein	1	2106:2405	-	2668	circular	false		ctbc019	
MH649141.1	MH649141.1_AXQ66281.1	AXQ66281.1	AXQ66281.1		hypothetical protein	1	235:2223	-	2668	circular	false		ctbc019	
MH649142.1	MH649142.1_AXQ66282.1	AXQ66282.1	AXQ66282.1		hypothetical protein	1	407:724	-	2467	circular	false		ctid026	
MH649142.1	MH649142.1_AXQ66283.1	AXQ66283.1	AXQ66283.1		hypothetical protein	1	193:756	-	2467	circular	false		ctid026	
MH649142.1	MH649142.1_AXQ66284.1	AXQ66284.1	AXQ66284.1		hypothetical protein	1	336:2363	-	2467	circular	false		ctid026	
MH649144.1	MH649144.1_AXQ66287.1	AXQ66287.1	AXQ66287.1		hypothetical protein	1	2990:3316	+	3624	circular	false		ctfj004	
MH649144.1	MH649144.1_AXQ66288.1	AXQ66288.1	AXQ66288.1		hypothetical protein	1	599:940	-	3624	circular	false		ctfj004	
MH649144.1	MH649144.1_AXQ66289.1	AXQ66289.1	AXQ66289.1		hypothetical protein	1	427:855	-	3624	circular	false		ctfj004	
MH649144.1	MH649144.1_AXQ66290.1	AXQ66290.1	AXQ66290.1		hypothetical protein	1	2711:3100	-	3624	circular	false		ctfj004	
MH649144.1	MH649144.1_AXQ66291.1	AXQ66291.1	AXQ66291.1		hypothetical protein	1	645:2570	-	3624	circular	false		ctfj004	
MH649152.1	MH649152.1_AXQ66316.1	AXQ66316.1	AXQ66316.1		protein of unknown function DUF755	1	1702:2085	+	2848	circular	false		ctcj13	
MH649152.1	MH649152.1_AXQ66317.1	AXQ66317.1	AXQ66317.1		hypothetical protein	1	1:282	+	2848	circular	false		ctcj13	
MH649152.1	MH649152.1_AXQ66318.1	AXQ66318.1	AXQ66318.1		hypothetical protein	1	150:2108	+	2848	circular	false		ctcj13	
MH649156.1	MH649156.1_AXQ66329.1	AXQ66329.1	AXQ66329.1		hypothetical protein	1	545:1087	-	3316	circular	false		ctci006	
MH649156.1	MH649156.1_AXQ66330.1	AXQ66330.1	AXQ66330.1		hypothetical protein	1	2648:3121	-	3316	circular	false		ctci006	
MH649156.1	MH649156.1_AXQ66331.1	AXQ66331.1	AXQ66331.1		hypothetical protein	1	564:2771	-	3316	circular	false		ctci006	
MH649157.1	MH649157.1_AXQ66332.1	AXQ66332.1	AXQ66332.1		hypothetical protein	1	2333:2632	-	2961	circular	false		ctbd025	
MH649157.1	MH649157.1_AXQ66333.1	AXQ66333.1	AXQ66333.1		hypothetical protein	1	414:2444	-	2961	circular	false		ctbd025	
MH649158.1	MH649158.1_AXQ66334.1	AXQ66334.1	AXQ66334.1		hypothetical protein	1	560:868	-	3798	circular	false		ctbf005	
MH649158.1	MH649158.1_AXQ66335.1	AXQ66335.1	AXQ66335.1		hypothetical protein	1	2642:3082	-	3798	circular	false		ctbf005	
MH649158.1	MH649158.1_AXQ66336.1	AXQ66336.1	AXQ66336.1		hypothetical protein	1	534:2768	-	3798	circular	false		ctbf005	
MH649161.1	MH649161.1_AXQ66341.1	AXQ66341.1	AXQ66341.1		hypothetical protein	1	1897:2220	+	2501	circular	false		ctcf045	
MH649161.1	MH649161.1_AXQ66342.1	AXQ66342.1	AXQ66342.1		hypothetical protein	1	91:369	+	2501	circular	false		ctcf045	
MH649161.1	MH649161.1_AXQ66343.1	AXQ66343.1	AXQ66343.1		hypothetical protein	1	246:2243	+	2501	circular	false		ctcf045	
MH649165.1	MH649165.1_AXQ66353.1	AXQ66353.1	AXQ66353.1		protein of unknown function DUF755	1	1702:2094	+	2312	circular	false		ctcc29	
MH649165.1	MH649165.1_AXQ66354.1	AXQ66354.1	AXQ66354.1		hypothetical protein	1	1:318	+	2312	circular	false		ctcc29	
MH649165.1	MH649165.1_AXQ66355.1	AXQ66355.1	AXQ66355.1		hypothetical protein	1	186:2138	+	2312	circular	false		ctcc29	
MH649172.1	MH649172.1_AXQ66370.1	AXQ66370.1	AXQ66370.1		protein of unknown function DUF755	1	1981:2232	+	2255	circular	false		ctbh857	
MH649172.1	MH649172.1_AXQ66371.1	AXQ66371.1	AXQ66371.1		hypothetical protein	1	225:2246	+	2255	circular	false		ctbh857	
MH649174.1	MH649174.1_AXQ66377.1	AXQ66377.1	AXQ66377.1		hypothetical protein	1	175:1998	+	2291	circular	false		ctbj049	
MH649178.1	MH649178.1_AXQ66383.1	AXQ66383.1	AXQ66383.1		hypothetical protein	1	3497:3811	+	3837	circular	false		ctfc006	
MH649178.1	MH649178.1_AXQ66384.1	AXQ66384.1	AXQ66384.1		hypothetical protein	1	2642:3094	-	3837	circular	false		ctfc006	
MH649178.1	MH649178.1_AXQ66385.1	AXQ66385.1	AXQ66385.1		hypothetical protein	1	561:2780	-	3837	circular	false		ctfc006	
MH649183.1	MH649183.1_AXQ66396.1	AXQ66396.1	AXQ66396.1		hypothetical protein	1	2231:2878	-	2932	circular	false		ctbb031	
MH649183.1	MH649183.1_AXQ66397.1	AXQ66397.1	AXQ66397.1		hypothetical protein	1	358:660	+	2932	circular	false		ctbb031	
MH649183.1	MH649183.1_AXQ66398.1	AXQ66398.1	AXQ66398.1		hypothetical protein	1	546:2582	+	2932	circular	false		ctbb031	
MH649185.1	MH649185.1_AXQ66401.1	AXQ66401.1	AXQ66401.1		protein of unknown function DUF755	1	1086:1403	+	1649	circular	false		ctcb059	
MH649185.1	MH649185.1_AXQ66402.1	AXQ66402.1	AXQ66402.1		hypothetical protein	1	5:1417	+	1649	circular	false		ctcb059	
MH649186.1	MH649186.1_AXQ66403.1	AXQ66403.1	AXQ66403.1		protein of unknown function DUF755	1	1795:2199	+	2665	circular	false		ctcb33	
MH649186.1	MH649186.1_AXQ66404.1	AXQ66404.1	AXQ66404.1		hypothetical protein	1	1:306	+	2665	circular	false		ctcb33	
MH649186.1	MH649186.1_AXQ66405.1	AXQ66405.1	AXQ66405.1		hypothetical protein	1	189:2213	+	2665	circular	false		ctcb33	
MH649189.1	MH649189.1_AXQ66410.1	AXQ66410.1	AXQ66410.1		protein of unknown function DUF755	1	1957:2202	+	2894	circular	false		ctcc12	
MH649189.1	MH649189.1_AXQ66411.1	AXQ66411.1	AXQ66411.1		hypothetical protein	1	2057:2422	+	2894	circular	false		ctcc12	
MH649189.1	MH649189.1_AXQ66412.1	AXQ66412.1	AXQ66412.1		hypothetical protein	1	1:312	+	2894	circular	false		ctcc12	
MH649189.1	MH649189.1_AXQ66413.1	AXQ66413.1	AXQ66413.1		hypothetical protein	1	189:2216	+	2894	circular	false		ctcc12	
MH649199.1	MH649199.1_AXQ66431.1	AXQ66431.1	AXQ66431.1		hypothetical protein	1	2261:2590	-	2933	circular	false		ctbb017	
MH649199.1	MH649199.1_AXQ66432.1	AXQ66432.1	AXQ66432.1		hypothetical protein	1	342:2402	-	2933	circular	false		ctbb017	
MH649204.1	MH649204.1_AYJ72781.1	AYJ72781.1	AYJ72781.1		hypothetical protein	1	2054:2362	-	2665	circular	false		ctbj003	
MH649204.1	MH649204.1_AYJ72782.1	AYJ72782.1	AYJ72782.1		hypothetical protein	1	216:2174	-	2665	circular	false		ctbj003	
MH649209.1	MH649209.1_AXQ66463.1	AXQ66463.1	AXQ66463.1		protein of unknown function DUF755	1	1812:2096	+	2381	circular	false		ctbg056	
MH649209.1	MH649209.1_AXQ66464.1	AXQ66464.1	AXQ66464.1		hypothetical protein	1	1984:2340	+	2381	circular	false		ctbg056	
MH649209.1	MH649209.1_AXQ66465.1	AXQ66465.1	AXQ66465.1		hypothetical protein	1	219:539	+	2381	circular	false		ctbg056	
MH649209.1	MH649209.1_AXQ66466.1	AXQ66466.1	AXQ66466.1		hypothetical protein	1	422:2116	+	2381	circular	false		ctbg056	
MH649210.1	MH649210.1_AXQ66467.1	AXQ66467.1	AXQ66467.1		hypothetical protein	1	2716:2961	+	3965	circular	false		ctda001	
MH649210.1	MH649210.1_AXQ66468.1	AXQ66468.1	AXQ66468.1		hypothetical protein	1	412:864	+	3965	circular	false		ctda001	
MH649210.1	MH649210.1_AXQ66469.1	AXQ66469.1	AXQ66469.1		hypothetical protein	1	735:2987	+	3965	circular	false		ctda001	
MH649212.1	MH649212.1_AXQ66472.1	AXQ66472.1	AXQ66472.1		hypothetical protein	1	172:453	+	2403	circular	false		ctcf004	
MH649212.1	MH649212.1_AXQ66473.1	AXQ66473.1	AXQ66473.1		hypothetical protein	1	324:2252	+	2403	circular	false		ctcf004	
MH649217.1	MH649217.1_AXQ66484.1	AXQ66484.1	AXQ66484.1		protein of unknown function DUF755	1	69:455	-	2228	circular	false		ctbe029	
MH649217.1	MH649217.1_AXQ66485.1	AXQ66485.1	AXQ66485.1		hypothetical protein	1	1836:2105	-	2228	circular	false		ctbe029	
MH649217.1	MH649217.1_AXQ66486.1	AXQ66486.1	AXQ66486.1		hypothetical protein	1	52:1950	-	2228	circular	false		ctbe029	
MH649223.1	MH649223.1_AXQ66497.1	AXQ66497.1	AXQ66497.1		protein of unknown function DUF755	1	2056:2436	+	3141	circular	false		ctci016	
MH649223.1	MH649223.1_AXQ66498.1	AXQ66498.1	AXQ66498.1		hypothetical protein	1	328:597	+	3141	circular	false		ctci016	
MH649223.1	MH649223.1_AXQ66499.1	AXQ66499.1	AXQ66499.1		hypothetical protein	1	471:2450	+	3141	circular	false		ctci016	
MH649224.1	MH649224.1_AXQ66500.1	AXQ66500.1	AXQ66500.1		protein of unknown function DUF755	1	1954:2199	+	2891	circular	false		ctce11	
MH649224.1	MH649224.1_AXQ66501.1	AXQ66501.1	AXQ66501.1		hypothetical protein	1	2054:2419	+	2891	circular	false		ctce11	
MH649224.1	MH649224.1_AXQ66502.1	AXQ66502.1	AXQ66502.1		hypothetical protein	1	1:312	+	2891	circular	false		ctce11	
MH649224.1	MH649224.1_AXQ66503.1	AXQ66503.1	AXQ66503.1		hypothetical protein	1	189:2210	+	2891	circular	false		ctce11	
MH649228.1	MH649228.1_AXQ66509.1	AXQ66509.1	AXQ66509.1		hypothetical protein	1	409:660	-	2980	circular	false		ctcf013	
MH649228.1	MH649228.1_AXQ66510.1	AXQ66510.1	AXQ66510.1		hypothetical protein	1	2317:2619	-	2980	circular	false		ctcf013	
MH649228.1	MH649228.1_AXQ66511.1	AXQ66511.1	AXQ66511.1		hypothetical protein	1	395:2431	-	2980	circular	false		ctcf013	
MH649229.1	MH649229.1_AXQ66512.1	AXQ66512.1	AXQ66512.1		hypothetical protein	1	1872:2261	+	2550	circular	false		ctcb036	
MH649229.1	MH649229.1_AXQ66513.1	AXQ66513.1	AXQ66513.1		hypothetical protein	1	90:431	+	2550	circular	false		ctcb036	
MH649229.1	MH649229.1_AXQ66514.1	AXQ66514.1	AXQ66514.1		hypothetical protein	1	305:2293	+	2550	circular	false		ctcb036	
MH649241.1	MH649241.1_AXQ66540.1	AXQ66540.1	AXQ66540.1		protein of unknown function DUF755	1	2091:2414	+	2709	circular	false		ctda027	
MH649241.1	MH649241.1_AXQ66541.1	AXQ66541.1	AXQ66541.1		hypothetical protein	1	303:578	+	2709	circular	false		ctda027	
MH649241.1	MH649241.1_AXQ66542.1	AXQ66542.1	AXQ66542.1		hypothetical protein	1	458:2437	+	2709	circular	false		ctda027	
MH649242.1	MH649242.1_AXQ66543.1	AXQ66543.1	AXQ66543.1		hypothetical protein	1	991:1314	-	3905	circular	false		ctbf003	
MH649242.1	MH649242.1_AXQ66544.1	AXQ66544.1	AXQ66544.1		hypothetical protein	1	3094:3540	-	3905	circular	false		ctbf003	
MH649242.1	MH649242.1_AXQ66545.1	AXQ66545.1	AXQ66545.1		hypothetical protein	1	1010:3220	-	3905	circular	false		ctbf003	
MH649254.1	MH649254.1_AXQ66594.1	AXQ66594.1	AXQ66594.1		hypothetical protein	1	1995:2270	-	2571	circular	false		ctjb007	
MH649254.1	MH649254.1_AXQ66595.1	AXQ66595.1	AXQ66595.1		hypothetical protein	1	139:2124	-	2571	circular	false		ctjb007	
MH649255.1	MH649255.1_AXQ66596.1	AXQ66596.1	AXQ66596.1		hypothetical protein	1	335:727	+	2562	circular	false		ctbb023	
MH649255.1	MH649255.1_AXQ66597.1	AXQ66597.1	AXQ66597.1		hypothetical protein	1	868:2436	+	2562	circular	false		ctbb023	
MH649256.1	MH649256.1_AXQ66598.1	AXQ66598.1	AXQ66598.1		hypothetical protein	1	3146:3397	-	3904	circular	false		ctca002	
MH649256.1	MH649256.1_AXQ66599.1	AXQ66599.1	AXQ66599.1		hypothetical protein	1	2539:2838	+	3904	circular	false		ctca002	
MH649256.1	MH649256.1_AXQ66600.1	AXQ66600.1	AXQ66600.1		hypothetical protein	1	310:762	+	3904	circular	false		ctca002	
MH649256.1	MH649256.1_AXQ66601.1	AXQ66601.1	AXQ66601.1		hypothetical protein	1	636:2864	+	3904	circular	false		ctca002	
MH649258.1	MH649258.1_AXQ66604.1	AXQ66604.1	AXQ66604.1		hypothetical protein	1	397:720	-	3168	circular	false		ctcg010	
MH649258.1	MH649258.1_AXQ66605.1	AXQ66605.1	AXQ66605.1		hypothetical protein	1	2512:2961	-	3168	circular	false		ctcg010	
MH649258.1	MH649258.1_AXQ66606.1	AXQ66606.1	AXQ66606.1		hypothetical protein	1	416:2638	-	3168	circular	false		ctcg010	
MH649263.1	MH649263.1_AXQ66615.1	AXQ66615.1	AXQ66615.1		hypothetical protein	1	1765:2130	+	2845	circular	false		ctgh3	
MH649263.1	MH649263.1_AXQ66616.1	AXQ66616.1	AXQ66616.1		hypothetical protein	1	1:324	+	2845	circular	false		ctgh3	
MH649263.1	MH649263.1_AXQ66617.1	AXQ66617.1	AXQ66617.1		hypothetical protein	1	183:2150	+	2845	circular	false		ctgh3	
MK139485.1	MK139485.1_QCX41837.1	QCX41837.1	QCX41837.1		ORF1	1	522:2546	+	2915	circular	false			vzttmv1
MK139485.1	MK139485.1_QCX41838.1	QCX41838.1	QCX41838.1		ORF2	1	343:633	+	2915	circular	false			vzttmv1
MK139485.1	MK139485.1_QCX41839.1	QCX41839.1	QCX41839.1		ORF3	1	2212:2511	+	2915	circular	false			vzttmv1
MK212029.1	MK212029.1_QDA34214.1	QDA34214.1	QDA34214.1		ORF1	1	319:2280	+	2802	circular	false			vzttmv2
MK212029.1	MK212029.1_QDA34215.1	QDA34215.1	QDA34215.1		ORF2	1	167:442	+	2802	circular	false			vzttmv2
MK212029.1	MK212029.1_QDA34216.1	QDA34216.1	QDA34216.1		ORF3	1	1862:2251	+	2802	circular	false			vzttmv2
MK212030.1	MK212030.1_QDA34217.1	QDA34217.1	QDA34217.1		ORF1	1	377:2359	+	2869	circular	false			vzttmv3
MK212030.1	MK212030.1_QDA34218.1	QDA34218.1	QDA34218.1		ORF2	1	189:494	+	2869	circular	false			vzttmv3
MK212031.1	MK212031.1_QDA34219.1	QDA34219.1	QDA34219.1		ORF1	1	534:2543	+	2907	circular	false			vzttmv4
MK212031.1	MK212031.1_QDA34220.1	QDA34220.1	QDA34220.1		ORF2	1	352:648	+	2907	circular	false			vzttmv4
MK212031.1	MK212031.1_QDA34221.1	QDA34221.1	QDA34221.1		ORF3	1	2543:2740	+	2907	circular	false			vzttmv4
MK212032.1	MK212032.1_QDA34222.1	QDA34222.1	QDA34222.1		ORF1	1	512:2506	+	2919	circular	false			vzttmv5
MK212032.1	MK212032.1_QDA34223.1	QDA34223.1	QDA34223.1		ORF2	1	327:659	+	2919	circular	false			vzttmv5
MK820644.1	MK820644.1_QDZ38041.1	QDZ38041.1	QDZ38041.1		ORF1a	1	533:2050	+	3623	circular	false		FL100	
MK820644.1	MK820644.1_QDZ38042.1	QDZ38042.1	QDZ38042.1		ORF1b	1	2105:2788	+	3623	circular	false		FL100	
MK820644.1	MK820644.1_QDZ38043.1	QDZ38043.1	QDZ38043.1		pORF2a	1	59:208	+	3623	circular	false		FL100	
MK820644.1	MK820644.1_QDZ38044.1	QDZ38044.1	QDZ38044.1		ORF2b	1	216:659	+	3623	circular	false		FL100	
MK820644.1	MK820644.1_QDZ38045.1	QDZ38045.1	QDZ38045.1		ORF3	1	2334:2792	+	3623	circular	false		FL100	
MK820645.1	MK820645.1_QDZ38046.1	QDZ38046.1	QDZ38046.1		ORF2a	1	59:145	+	3177	circular	false		FL08	
MK820645.1	MK820645.1_QDZ38047.1	QDZ38047.1	QDZ38047.1		ORF2b	1	196:699	+	3177	circular	false		FL08	
MK820645.1	MK820645.1_QDZ38048.1	QDZ38048.1	QDZ38048.1		ORF1a	1	564:2186	+	3177	circular	false		FL08	
MK820645.1	MK820645.1_QDZ38049.1	QDZ38049.1	QDZ38049.1		ORF1b	1	2244:2879	+	3177	circular	false		FL08	
MK820645.1	MK820645.1_QDZ38050.1	QDZ38050.1	QDZ38050.1		ORF3	1	2542:2805	+	3177	circular	false		FL08	
MK820646.1	MK820646.1_QDZ38051.1	QDZ38051.1	QDZ38051.1		ORF1	1	383:2665	+	2908	circular	false		BD67	
MK820646.1	MK820646.1_QDZ38052.1	QDZ38052.1	QDZ38052.1		ORF2	1	63:509	+	2908	circular	false		BD67	
MK820646.1	MK820646.1_QDZ38053.1	QDZ38053.1	QDZ38053.1		ORF3	1	2677:2856	+	2908	circular	false		BD67	
MN765195.1	MN765195.1_UGV42652.1	UGV42652.1	UGV42652.1		ORF1	1	590:2830	+	3518	linear	false		SAfiA-361-13	
MN765196.1	MN765196.1_UGV42653.1	UGV42653.1	UGV42653.1		ORF1	1	481:2784	+	3601	linear	false		SAfiA-582-2	
MN765197.1	MN765197.1_UGV42654.1	UGV42654.1	UGV42654.1		ORF1	1	460:2682	+	3558	linear	false		SAfiA-822-3	
MN765198.1	MN765198.1_UGV42655.1	UGV42655.1	UGV42655.1		ORF1	1	433:2640	+	3503	linear	false		SAfiA-572-4	
MN765199.1	MN765199.1_UGV42656.1	UGV42656.1	UGV42656.1		ORF1	1	502:2760	+	3637	linear	false		SAfiA-242-2	
MN765200.1	MN765200.1_UGV42657.1	UGV42657.1	UGV42657.1		ORF1	1	567:2858	+	3649	linear	false		SAfiA-577-38	
MN765201.1	MN765201.1_UGV42658.1	UGV42658.1	UGV42658.1		ORF1	1	435:2687	+	3550	linear	false		SAfiA-468-6	
MN765202.1	MN765202.1_UGV42659.1	UGV42659.1	UGV42659.1		ORF1	1	510:2771	+	3634	linear	false		SAfiA-802-2	
MN765203.1	MN765203.1_UGV42660.1	UGV42660.1	UGV42660.1		ORF1	1	566:2821	+	3476	linear	false		SAfiA-297-84	
MN768559.1	MN768559.1_USL90828.1	USL90828.1	USL90828.1		ORF1	1	470:2677	+	3542	linear	false		SAfiA-332-1	
MN768560.1	MN768560.1_USL90829.1	USL90829.1	USL90829.1		ORF1	1	469:2685	+	3572	linear	false		SAfiA-374-1	
MN768561.1	MN768561.1_USL90830.1	USL90830.1	USL90830.1		ORF1	1	510:2726	+	3451	linear	false		SAfiA-716-1	
MN768562.1	MN768562.1_USL90831.1	USL90831.1	USL90831.1		ORF1	1	544:2754	+	3655	linear	false		SAfiA-252-1	
MN768563.1	MN768563.1_USL90832.1	USL90832.1	USL90832.1		ORF1	1	544:2745	+	3713	linear	false		SAfiA-274-0	
MN768564.1	MN768564.1_USL90833.1	USL90833.1	USL90833.1		ORF1	1	545:2743	+	3621	linear	false		SAfiA-569-2	
MN768565.1	MN768565.1_USL90834.1	USL90834.1	USL90834.1		ORF1	1	545:2752	+	3651	linear	false		SAfiA-593-0	
MN768566.1	MN768566.1_USL90835.1	USL90835.1	USL90835.1		ORF1	1	501:2720	+	3371	linear	false		SAfiA-595-8	
MN768568.1	MN768568.1_USL90837.1	USL90837.1	USL90837.1		ORF1	1	555:2741	+	3488	linear	false		SAfiA-92-2	
MN769027.1	MN769027.1_UGV33839.1	UGV33839.1	UGV33839.1		ORF1	1	524:2548	+	2982	linear	false		SAfiA-100A-22	
MN769028.1	MN769028.1_UGV33840.1	UGV33840.1	UGV33840.1		ORF1	1	515:2497	+	2878	linear	false		SAfiA-100A-26	
MN769029.1	MN769029.1_UGV33841.1	UGV33841.1	UGV33841.1		ORF1	1	493:2472	+	2825	linear	false		SAfiA-100A-29	
MN769032.1	MN769032.1_UGV33844.1	UGV33844.1	UGV33844.1		ORF1	1	515:2512	+	2889	linear	false		SAfiA-10-13	
MN769033.1	MN769033.1_UGV33845.1	UGV33845.1	UGV33845.1		ORF1	1	502:2472	+	2852	linear	false		SAfiA-102-50	
MN769034.1	MN769034.1_UGV33846.1	UGV33846.1	UGV33846.1		ORF1	1	522:2501	+	2837	linear	false		SAfiA-103A-3	
MN769035.1	MN769035.1_UGV33847.1	UGV33847.1	UGV33847.1		ORF1	1	525:2549	+	2994	linear	false		SAfiA-10-4	
MN769037.1	MN769037.1_UGV33849.1	UGV33849.1	UGV33849.1		ORF1	1	529:2511	+	2882	linear	false		SAfiA-104-14	
MN769038.1	MN769038.1_UGV33850.1	UGV33850.1	UGV33850.1		ORF1	1	469:2463	+	2815	linear	false		SAfiA-104-15	
MN769040.1	MN769040.1_UGV33852.1	UGV33852.1	UGV33852.1		ORF1	1	550:2556	+	2988	linear	false		SAfiA-104-5	
MN769041.1	MN769041.1_UGV33853.1	UGV33853.1	UGV33853.1		ORF1	1	517:2562	+	2942	linear	false		SAfiA-104-7	
MN769042.1	MN769042.1_UGV33854.1	UGV33854.1	UGV33854.1		ORF1	1	523:2562	+	2959	linear	false		SAfiA-104-8	
MN769044.1	MN769044.1_UGV33856.1	UGV33856.1	UGV33856.1		ORF1	1	525:2540	+	2982	linear	false		SAfiA-108-13	
MN769045.1	MN769045.1_UGV33857.1	UGV33857.1	UGV33857.1		ORF1	1	581:2599	+	2961	linear	false		SAfiA-108-14	
MN769046.1	MN769046.1_UGV33858.1	UGV33858.1	UGV33858.1		ORF1	1	526:2565	+	2948	linear	false		SAfiA-108-15	
MN769051.1	MN769051.1_UGV33862.1	UGV33862.1	UGV33862.1		ORF1	1	520:2535	+	2916	linear	false		SAfiA-116-23	
MN769052.1	MN769052.1_UGV33863.1	UGV33863.1	UGV33863.1		ORF1	1	511:2496	+	2906	linear	false		SAfiA-116-25	
MN769055.1	MN769055.1_UGV33866.1	UGV33866.1	UGV33866.1		ORF1	1	495:2498	+	2874	linear	false		SAfiA-116-35	
MN769056.1	MN769056.1_UGV33867.1	UGV33867.1	UGV33867.1		ORF1	1	516:2492	+	2864	linear	false		SAfiA-118-7	
MN769057.1	MN769057.1_UGV33868.1	UGV33868.1	UGV33868.1		ORF1	1	519:2555	+	2931	linear	false		SAfiA-119-3	
MN769058.1	MN769058.1_UGV33869.1	UGV33869.1	UGV33869.1		ORF1	1	492:2483	+	2859	linear	false		SAfiA-120-10	
MN769059.1	MN769059.1_UGV33870.1	UGV33870.1	UGV33870.1		ORF1	1	514:2550	+	2927	linear	false		SAfiA-121-10	
MN769060.1	MN769060.1_UGV33871.1	UGV33871.1	UGV33871.1		ORF1	1	537:2552	+	2861	linear	false		SAfiA-121-12	
MN769062.1	MN769062.1_UGV33873.1	UGV33873.1	UGV33873.1		ORF1	1	516:2492	+	2825	linear	false		SAfiA-121-17	
MN769067.1	MN769067.1_UGV33878.1	UGV33878.1	UGV33878.1		ORF1	1	524:2509	+	2877	linear	false		SAfiA-124-28	
MN769068.1	MN769068.1_UGV33879.1	UGV33879.1	UGV33879.1		ORF1	1	493:2502	+	2876	linear	false		SAfiA-124-29	
MN769070.1	MN769070.1_UGV33881.1	UGV33881.1	UGV33881.1		ORF1	1	533:2464	+	2826	linear	false		SAfiA-124-35	
MN769071.1	MN769071.1_UGV33882.1	UGV33882.1	UGV33882.1		ORF1	1	506:2467	+	2811	linear	false		SAfiA-124-36	
MN769073.1	MN769073.1_UGV33884.1	UGV33884.1	UGV33884.1		ORF1	1	501:2468	+	2814	linear	false		SAfiA-124-45	
MN769074.1	MN769074.1_UGV33885.1	UGV33885.1	UGV33885.1		ORF1	1	515:2509	+	2890	linear	false		SAfiA-127-14	
MN769076.1	MN769076.1_UGV33887.1	UGV33887.1	UGV33887.1		ORF1	1	519:2555	+	2919	linear	false		SAfiA-128A-23	
MN769077.1	MN769077.1_UGV33888.1	UGV33888.1	UGV33888.1		ORF1	1	540:2606	+	2970	linear	false		SAfiA-128B-15	
MN769082.1	MN769082.1_UGV33893.1	UGV33893.1	UGV33893.1		ORF1	1	508:2481	+	2864	linear	false		SAfiA-132-9	
MN769083.1	MN769083.1_UGV33894.1	UGV33894.1	UGV33894.1		ORF1	1	567:2585	+	2908	linear	false		SAfiA-224-19	
MN769084.1	MN769084.1_UGV33895.1	UGV33895.1	UGV33895.1		ORF1	1	516:2498	+	2871	linear	false		SAfiA-224-25	
MN769087.1	MN769087.1_UGV33898.1	UGV33898.1	UGV33898.1		ORF1	1	516:2516	+	2894	linear	false		SAfiA-225-5	
MN769089.1	MN769089.1_UGV33900.1	UGV33900.1	UGV33900.1		ORF1	1	517:2523	+	2916	linear	false		SAfiA-227-11	
MN769096.1	MN769096.1_UGV33907.1	UGV33907.1	UGV33907.1		ORF1	1	518:2497	+	2874	linear	false		SAfiA-231-6	
MN769100.1	MN769100.1_UGV33911.1	UGV33911.1	UGV33911.1		ORF1	1	532:2520	+	2902	linear	false		SAfiA-234-14	
MN769101.1	MN769101.1_UGV33912.1	UGV33912.1	UGV33912.1		ORF1	1	492:2471	+	2825	linear	false		SAfiA-234-15	
MN769103.1	MN769103.1_UGV33914.1	UGV33914.1	UGV33914.1		ORF1	1	530:2551	+	2912	linear	false		SAfiA-235-27	
MN769104.1	MN769104.1_UGV33915.1	UGV33915.1	UGV33915.1		ORF1	1	505:2478	+	2820	linear	false		SAfiA-235-33	
MN769105.1	MN769105.1_UGV33916.1	UGV33916.1	UGV33916.1		ORF1	1	514:2505	+	2854	linear	false		SAfiA-235-34	
MN769106.1	MN769106.1_UGV33917.1	UGV33917.1	UGV33917.1		ORF1	1	505:2514	+	2912	linear	false		SAfiA-235-40	
MN769107.1	MN769107.1_UGV33918.1	UGV33918.1	UGV33918.1		ORF1	1	515:2491	+	2875	linear	false		SAfiA-235-42	
MN769108.1	MN769108.1_UGV33919.1	UGV33919.1	UGV33919.1		ORF1	1	515:2509	+	2884	linear	false		SAfiA-235-46	
MN769109.1	MN769109.1_UGV33920.1	UGV33920.1	UGV33920.1		ORF1	1	481:2466	+	2803	linear	false		SAfiA-235-49	
MN769110.1	MN769110.1_UGV33921.1	UGV33921.1	UGV33921.1		ORF1	1	527:2530	+	2901	linear	false		SAfiA-237-6	
MN769112.1	MN769112.1_UGV33923.1	UGV33923.1	UGV33923.1		ORF1	1	573:2594	+	2968	linear	false		SAfiA-239-5	
MN769116.1	MN769116.1_UGV33927.1	UGV33927.1	UGV33927.1		ORF1	1	493:2445	+	2803	linear	false		SAfiA-241-27	
MN769118.1	MN769118.1_UGV33929.1	UGV33929.1	UGV33929.1		ORF1	1	533:2554	+	2927	linear	false		SAfiA-244-10	
MN769123.1	MN769123.1_UGV33934.1	UGV33934.1	UGV33934.1		ORF1	1	525:2561	+	2919	linear	false		SAfiA-245-16	
MN769124.1	MN769124.1_UGV33935.1	UGV33935.1	UGV33935.1		ORF1	1	516:2561	+	2941	linear	false		SAfiA-245-6	
MN769125.1	MN769125.1_UGV33936.1	UGV33936.1	UGV33936.1		ORF1	1	530:2548	+	2904	linear	false		SAfiA-247-16	
MN769126.1	MN769126.1_UGV33937.1	UGV33937.1	UGV33937.1		ORF1	1	490:2433	+	2781	linear	false		SAfiA-247-30	
MN769128.1	MN769128.1_UGV33939.1	UGV33939.1	UGV33939.1		ORF1	1	565:2586	+	2951	linear	false		SAfiA-248-5	
MN769131.1	MN769131.1_UGV33942.1	UGV33942.1	UGV33942.1		ORF1	1	510:2480	+	2848	linear	false		SAfiA-254-30	
MN769135.1	MN769135.1_UGV33946.1	UGV33946.1	UGV33946.1		ORF1	1	503:2512	+	2900	linear	false		SAfiA-259-10	
MN769136.1	MN769136.1_UGV33947.1	UGV33947.1	UGV33947.1		ORF1	1	518:2527	+	2900	linear	false		SAfiA-25A-2	
MN769137.1	MN769137.1_UGV33948.1	UGV33948.1	UGV33948.1		ORF1	1	536:2569	+	2982	linear	false		SAfiA-262-4	
MN769140.1	MN769140.1_UGV33951.1	UGV33951.1	UGV33951.1		ORF1	1	491:2488	+	2842	linear	false		SAfiA-263-22	
MN769141.1	MN769141.1_UGV33952.1	UGV33952.1	UGV33952.1		ORF1	1	501:2498	+	2897	linear	false		SAfiA-266-13	
MN769142.1	MN769142.1_UGV33953.1	UGV33953.1	UGV33953.1		ORF1	1	530:2584	+	2958	linear	false		SAfiA-266-6	
MN769143.1	MN769143.1_UGV33954.1	UGV33954.1	UGV33954.1		ORF1	1	519:2543	+	2919	linear	false		SAfiA-267-14	
MN769144.1	MN769144.1_UGV33955.1	UGV33955.1	UGV33955.1		ORF1	1	501:2435	+	2785	linear	false		SAfiA-267-25	
MN769147.1	MN769147.1_UGV33958.1	UGV33958.1	UGV33958.1		ORF1	1	521:2566	+	2896	linear	false		SAfiA-275-28	
MN769149.1	MN769149.1_UGV33960.1	UGV33960.1	UGV33960.1		ORF1	1	521:2509	+	2874	linear	false		SAfiA-275-45	
MN769150.1	MN769150.1_UGV33961.1	UGV33961.1	UGV33961.1		ORF1	1	514:2493	+	2919	linear	false		SAfiA-275-49	
MN769151.1	MN769151.1_UGV33962.1	UGV33962.1	UGV33962.1		ORF1	1	498:2474	+	2808	linear	false		SAfiA-275-55	
MN769153.1	MN769153.1_UGV33964.1	UGV33964.1	UGV33964.1		ORF1	1	525:2543	+	2936	linear	false		SAfiA-277-21	
MN769154.1	MN769154.1_UGV33965.1	UGV33965.1	UGV33965.1		ORF1	1	485:2500	+	2877	linear	false		SAfiA-277-25	
MN769155.1	MN769155.1_UGV33966.1	UGV33966.1	UGV33966.1		ORF1	1	332:2293	+	2615	linear	false		SAfiA-277-43	
MN769158.1	MN769158.1_UGV33969.1	UGV33969.1	UGV33969.1		ORF1	1	531:2516	+	2887	linear	false		SAfiA-297-99	
MN769159.1	MN769159.1_UGV33970.1	UGV33970.1	UGV33970.1		ORF1	1	530:2548	+	2931	linear	false		SAfiA-299A-16	
MN769162.1	MN769162.1_UGV33973.1	UGV33973.1	UGV33973.1		ORF1	1	579:2609	+	2975	linear	false		SAfiA-301-6	
MN769166.1	MN769166.1_UGV33977.1	UGV33977.1	UGV33977.1		ORF1	1	502:2511	+	2898	linear	false		SAfiA-306A-26	
MN769169.1	MN769169.1_UGV33980.1	UGV33980.1	UGV33980.1		ORF1	1	551:2557	+	2988	linear	false		SAfiA-306B-7	
MN769171.1	MN769171.1_UGV33982.1	UGV33982.1	UGV33982.1		ORF1	1	522:2549	+	2931	linear	false		SAfiA-308-12	
MN769172.1	MN769172.1_UGV33983.1	UGV33983.1	UGV33983.1		ORF1	1	526:2520	+	2908	linear	false		SAfiA-309-16	
MN769173.1	MN769173.1_UGV33984.1	UGV33984.1	UGV33984.1		ORF1	1	525:2549	+	2908	linear	false		SAfiA-309-17	
MN769175.1	MN769175.1_UGV33986.1	UGV33986.1	UGV33986.1		ORF1	1	497:2512	+	2846	linear	false		SAfiA-313A-31	
MN769177.1	MN769177.1_UGV33988.1	UGV33988.1	UGV33988.1		ORF1	1	489:2468	+	2852	linear	false		SAfiA-314-25	
MN769178.1	MN769178.1_UGV33989.1	UGV33989.1	UGV33989.1		ORF1	1	490:2391	+	2737	linear	false		SAfiA-314-33	
MN769179.1	MN769179.1_UGV33990.1	UGV33990.1	UGV33990.1		ORF1	1	469:2460	+	2807	linear	false		SAfiA-315-27	
MN769180.1	MN769180.1_UGV33991.1	UGV33991.1	UGV33991.1		ORF1	1	501:2507	+	2883	linear	false		SAfiA-316-21	
MN769181.1	MN769181.1_UGV33992.1	UGV33992.1	UGV33992.1		ORF1	1	523:2547	+	2924	linear	false		SAfiA-316-25	
MN769182.1	MN769182.1_UGV33993.1	UGV33993.1	UGV33993.1		ORF1	1	520:2544	+	2902	linear	false		SAfiA-316-28	
MN769183.1	MN769183.1_UGV33994.1	UGV33994.1	UGV33994.1		ORF1	1	525:2525	+	2874	linear	false		SAfiA-317-12	
MN769185.1	MN769185.1_UGV33996.1	UGV33996.1	UGV33996.1		ORF1	1	503:2503	+	2876	linear	false		SAfiA-319-22	
MN769186.1	MN769186.1_UGV33997.1	UGV33997.1	UGV33997.1		ORF1	1	489:2474	+	2851	linear	false		SAfiA-319-23	
MN769187.1	MN769187.1_UGV33998.1	UGV33998.1	UGV33998.1		ORF1	1	473:2437	+	2823	linear	false		SAfiA-319-26	
MN769188.1	MN769188.1_UGV33999.1	UGV33999.1	UGV33999.1		ORF1	1	517:2553	+	2934	linear	false		SAfiA-319-8	
MN769189.1	MN769189.1_UGV34000.1	UGV34000.1	UGV34000.1		ORF1	1	528:2549	+	2923	linear	false		SAfiA-32-0	
MN769190.1	MN769190.1_UGV34001.1	UGV34001.1	UGV34001.1		ORF1	1	486:2489	+	2865	linear	false		SAfiA-321-10	
MN769191.1	MN769191.1_UGV34002.1	UGV34002.1	UGV34002.1		ORF1	1	528:2582	+	2945	linear	false		SAfiA-322-2	
MN769192.1	MN769192.1_UGV34003.1	UGV34003.1	UGV34003.1		ORF1	1	497:2512	+	2933	linear	false		SAfiA-323-3	
MN769193.1	MN769193.1_UGV34004.1	UGV34004.1	UGV34004.1		ORF1	1	502:2499	+	2898	linear	false		SAfiA-323-4	
MN769200.1	MN769200.1_UGV34011.1	UGV34011.1	UGV34011.1		ORF1	1	523:2538	+	2890	linear	false		SAfiA-330-10	
MN769201.1	MN769201.1_UGV34012.1	UGV34012.1	UGV34012.1		ORF1	1	525:2546	+	2995	linear	false		SAfiA-330-3	
MN769202.1	MN769202.1_UGV34013.1	UGV34013.1	UGV34013.1		ORF1	1	548:2587	+	2953	linear	false		SAfiA-331-13	
MN769204.1	MN769204.1_UGV34015.1	UGV34015.1	UGV34015.1		ORF1	1	498:2486	+	2836	linear	false		SAfiA-33-22	
MN769205.1	MN769205.1_UGV34016.1	UGV34016.1	UGV34016.1		ORF1	1	504:2486	+	2843	linear	false		SAfiA-33-23	
MN769206.1	MN769206.1_UGV34017.1	UGV34017.1	UGV34017.1		ORF1	1	527:2527	+	2925	linear	false		SAfiA-332-5	
MN769207.1	MN769207.1_UGV34018.1	UGV34018.1	UGV34018.1		ORF1	1	509:2503	+	2884	linear	false		SAfiA-332-9	
MN769209.1	MN769209.1_UGV34020.1	UGV34020.1	UGV34020.1		ORF1	1	599:2596	+	2979	linear	false		SAfiA-338-9	
MN769210.1	MN769210.1_UGV34021.1	UGV34021.1	UGV34021.1		ORF1	1	494:2491	+	2848	linear	false		SAfiA-339-10	
MN769211.1	MN769211.1_UGV34022.1	UGV34022.1	UGV34022.1		ORF1	1	521:2515	+	2894	linear	false		SAfiA-339-7	
MN769212.1	MN769212.1_UGV34023.1	UGV34023.1	UGV34023.1		ORF1	1	534:2555	+	2912	linear	false		SAfiA-340-2	
MN769214.1	MN769214.1_UGV34025.1	UGV34025.1	UGV34025.1		ORF1	1	515:2509	+	2892	linear	false		SAfiA-341-13	
MN769219.1	MN769219.1_UGV34030.1	UGV34030.1	UGV34030.1		ORF1	1	524:2554	+	2941	linear	false		SAfiA-344-3	
MN769221.1	MN769221.1_UGV34032.1	UGV34032.1	UGV34032.1		ORF1	1	501:2489	+	2870	linear	false		SAfiA-345-14	
MN769223.1	MN769223.1_UGV34034.1	UGV34034.1	UGV34034.1		ORF1	1	477:2450	+	2791	linear	false		SAfiA-345-17	
MN769224.1	MN769224.1_UGV34035.1	UGV34035.1	UGV34035.1		ORF1	1	528:2537	+	2913	linear	false		SAfiA-346-16	
MN769226.1	MN769226.1_UGV34037.1	UGV34037.1	UGV34037.1		ORF1	1	514:2511	+	2831	linear	false		SAfiA-346-33	
MN769228.1	MN769228.1_UGV34039.1	UGV34039.1	UGV34039.1		ORF1	1	490:2481	+	2810	linear	false		SAfiA-346-35	
MN769231.1	MN769231.1_UGV34042.1	UGV34042.1	UGV34042.1		ORF1	1	566:2578	+	2939	linear	false		SAfiA-349-14	
MN769233.1	MN769233.1_UGV34044.1	UGV34044.1	UGV34044.1		ORF1	1	512:2494	+	2880	linear	false		SAfiA-349-32	
MN769234.1	MN769234.1_UGV34045.1	UGV34045.1	UGV34045.1		ORF1	1	498:2492	+	2919	linear	false		SAfiA-349-33	
MN769235.1	MN769235.1_UGV34046.1	UGV34046.1	UGV34046.1		ORF1	1	529:2475	+	2839	linear	false		SAfiA-349-42	
MN769236.1	MN769236.1_UGV34047.1	UGV34047.1	UGV34047.1		ORF1	1	495:2480	+	2987	linear	false		SAfiA-349-9	
MN769237.1	MN769237.1_UGV34048.1	UGV34048.1	UGV34048.1		ORF1	1	579:2576	+	2936	linear	false		SAfiA-350-14	
MN769238.1	MN769238.1_UGV34049.1	UGV34049.1	UGV34049.1		ORF1	1	505:2511	+	2919	linear	false		SAfiA-350-16	
MN769241.1	MN769241.1_UGV34052.1	UGV34052.1	UGV34052.1		ORF1	1	533:2590	+	2960	linear	false		SAfiA-35-15	
MN769244.1	MN769244.1_UGV34055.1	UGV34055.1	UGV34055.1		ORF1	1	513:2522	+	2900	linear	false		SAfiA-352-24	
MN769245.1	MN769245.1_UGV34056.1	UGV34056.1	UGV34056.1		ORF1	1	479:2467	+	2829	linear	false		SAfiA-35-24	
MN769246.1	MN769246.1_UGV34057.1	UGV34057.1	UGV34057.1		ORF1	1	522:2519	+	2902	linear	false		SAfiA-35-29	
MN769247.1	MN769247.1_UGV34058.1	UGV34058.1	UGV34058.1		ORF1	1	525:2540	+	2893	linear	false		SAfiA-35-32	
MN769251.1	MN769251.1_UGV34062.1	UGV34062.1	UGV34062.1		ORF1	1	483:2516	+	2885	linear	false		SAfiA-353-39	
MN769252.1	MN769252.1_UGV34063.1	UGV34063.1	UGV34063.1		ORF1	1	500:2449	+	2761	linear	false		SAfiA-353-43	
MN769253.1	MN769253.1_UGV34064.1	UGV34064.1	UGV34064.1		ORF1	1	577:2589	+	2947	linear	false		SAfiA-35-40	
MN769256.1	MN769256.1_UGV34067.1	UGV34067.1	UGV34067.1		ORF1	1	505:2478	+	2820	linear	false		SAfiA-35-59	
MN769257.1	MN769257.1_UGV34068.1	UGV34068.1	UGV34068.1		ORF1	1	529:2511	+	2882	linear	false		SAfiA-35-61	
MN769258.1	MN769258.1_UGV34069.1	UGV34069.1	UGV34069.1		ORF1	1	493:2502	+	2876	linear	false		SAfiA-35-62	
MN769259.1	MN769259.1_UGV34070.1	UGV34070.1	UGV34070.1		ORF1	1	504:2483	+	2817	linear	false		SAfiA-35-65	
MN769260.1	MN769260.1_UGV34071.1	UGV34071.1	UGV34071.1		ORF1	1	513:2453	+	2848	linear	false		SAfiA-35-68	
MN769263.1	MN769263.1_UGV34074.1	UGV34074.1	UGV34074.1		ORF1	1	504:2474	+	2834	linear	false		SAfiA-358-7	
MN769264.1	MN769264.1_UGV34075.1	UGV34075.1	UGV34075.1		ORF1	1	514:2493	+	2846	linear	false		SAfiA-359-14	
MN769265.1	MN769265.1_UGV34076.1	UGV34076.1	UGV34076.1		ORF1	1	525:2507	+	2816	linear	false		SAfiA-359-20	
MN769266.1	MN769266.1_UGV34077.1	UGV34077.1	UGV34077.1		ORF1	1	533:2572	+	3013	linear	false		SAfiA-359-6	
MN769269.1	MN769269.1_UGV34080.1	UGV34080.1	UGV34080.1		ORF1	1	492:2468	+	2875	linear	false		SAfiA-360-16	
MN769270.1	MN769270.1_UGV34081.1	UGV34081.1	UGV34081.1		ORF1	1	506:2494	+	2839	linear	false		SAfiA-360-22	
MN769273.1	MN769273.1_UGV34084.1	UGV34084.1	UGV34084.1		ORF1	1	516:2501	+	2864	linear	false		SAfiA-361-26	
MN769274.1	MN769274.1_UGV34085.1	UGV34085.1	UGV34085.1		ORF1	1	496:2487	+	2813	linear	false		SAfiA-361-34	
MN769281.1	MN769281.1_UGV34092.1	UGV34092.1	UGV34092.1		ORF1	1	529:2550	+	2905	linear	false		SAfiA-364-8	
MN769282.1	MN769282.1_UGV34093.1	UGV34093.1	UGV34093.1		ORF1	1	521:2563	+	2923	linear	false		SAfiA-365-11	
MN769283.1	MN769283.1_UGV34094.1	UGV34094.1	UGV34094.1		ORF1	1	516:2531	+	2907	linear	false		SAfiA-365-14	
MN769286.1	MN769286.1_UGV34097.1	UGV34097.1	UGV34097.1		ORF1	1	494:2494	+	2851	linear	false		SAfiA-367-31	
MN769289.1	MN769289.1_UGV34100.1	UGV34100.1	UGV34100.1		ORF1	1	517:2535	+	2896	linear	false		SAfiA-370-3	
MN769292.1	MN769292.1_UGV34103.1	UGV34103.1	UGV34103.1		ORF1	1	515:2503	+	2889	linear	false		SAfiA-376-19	
MN769293.1	MN769293.1_UGV34104.1	UGV34104.1	UGV34104.1		ORF1	1	523:2565	+	2884	linear	false		SAfiA-376-22	
MN769294.1	MN769294.1_UGV34105.1	UGV34105.1	UGV34105.1		ORF1	1	505:2484	+	2839	linear	false		SAfiA-376-28	
MN769297.1	MN769297.1_UGV34108.1	UGV34108.1	UGV34108.1		ORF1	1	542:2548	+	2873	linear	false		SAfiA-378-9	
MN769298.1	MN769298.1_UGV34109.1	UGV34109.1	UGV34109.1		ORF1	1	562:2571	+	2921	linear	false		SAfiA-380-19	
MN769300.1	MN769300.1_UGV34111.1	UGV34111.1	UGV34111.1		ORF1	1	524:2530	+	2905	linear	false		SAfiA-380-24	
MN769301.1	MN769301.1_UGV34112.1	UGV34112.1	UGV34112.1		ORF1	1	522:2516	+	2899	linear	false		SAfiA-380-26	
MN769302.1	MN769302.1_UGV34113.1	UGV34113.1	UGV34113.1		ORF1	1	483:2516	+	2833	linear	false		SAfiA-380-42	
MN769303.1	MN769303.1_UGV34114.1	UGV34114.1	UGV34114.1		ORF1	1	499:2520	+	2898	linear	false		SAfiA-380-43	
MN769304.1	MN769304.1_UGV34115.1	UGV34115.1	UGV34115.1		ORF1	1	509:2509	+	2868	linear	false		SAfiA-380-46	
MN769305.1	MN769305.1_UGV34116.1	UGV34116.1	UGV34116.1		ORF1	1	479:2509	+	2849	linear	false		SAfiA-380-7	
MN769308.1	MN769308.1_UGV34119.1	UGV34119.1	UGV34119.1		ORF1	1	496:2463	+	2759	linear	false		SAfiA-380-94	
MN769309.1	MN769309.1_UGV34120.1	UGV34120.1	UGV34120.1		ORF1	1	492:2465	+	2827	linear	false		SAfiA-38-10	
MN769310.1	MN769310.1_UGV34121.1	UGV34121.1	UGV34121.1		ORF1	1	557:2557	+	2970	linear	false		SAfiA-382-3	
MN769311.1	MN769311.1_UGV34122.1	UGV34122.1	UGV34122.1		ORF1	1	528:2564	+	2963	linear	false		SAfiA-382-4	
MN769314.1	MN769314.1_UGV34125.1	UGV34125.1	UGV34125.1		ORF1	1	516:2513	+	2885	linear	false		SAfiA-388-107	
MN769316.1	MN769316.1_UGV34127.1	UGV34127.1	UGV34127.1		ORF1	1	481:2514	+	2903	linear	false		SAfiA-388-117	
MN769318.1	MN769318.1_UGV34129.1	UGV34129.1	UGV34129.1		ORF1	1	528:2519	+	2876	linear	false		SAfiA-388-127	
MN769319.1	MN769319.1_UGV34130.1	UGV34130.1	UGV34130.1		ORF1	1	504:2483	+	2817	linear	false		SAfiA-388-134	
MN769320.1	MN769320.1_UGV34131.1	UGV34131.1	UGV34131.1		ORF1	1	500:2497	+	2842	linear	false		SAfiA-388-139	
MN769321.1	MN769321.1_UGV34132.1	UGV34132.1	UGV34132.1		ORF1	1	533:2566	+	2971	linear	false		SAfiA-388-30	
MN769323.1	MN769323.1_UGV34134.1	UGV34134.1	UGV34134.1		ORF1	1	535:2526	+	2865	linear	false		SAfiA-388-55	
MN769324.1	MN769324.1_UGV34135.1	UGV34135.1	UGV34135.1		ORF1	1	502:2487	+	2879	linear	false		SAfiA-388-61	
MN769325.1	MN769325.1_UGV34136.1	UGV34136.1	UGV34136.1		ORF1	1	523:2562	+	2905	linear	false		SAfiA-388-63	
MN769329.1	MN769329.1_UGV34140.1	UGV34140.1	UGV34140.1		ORF1	1	510:2480	+	2848	linear	false		SAfiA-388-89	
MN769330.1	MN769330.1_UGV34141.1	UGV34141.1	UGV34141.1		ORF1	1	515:2518	+	2903	linear	false		SAfiA-388-90	
MN769332.1	MN769332.1_UGV34143.1	UGV34143.1	UGV34143.1		ORF1	1	468:2450	+	2798	linear	false		SAfiA-388-97	
MN769333.1	MN769333.1_UGV34144.1	UGV34144.1	UGV34144.1		ORF1	1	487:2487	+	2863	linear	false		SAfiA-390-14	
MN769335.1	MN769335.1_UGV34146.1	UGV34146.1	UGV34146.1		ORF1	1	503:2488	+	2870	linear	false		SAfiA-39-12	
MN769336.1	MN769336.1_UGV34147.1	UGV34147.1	UGV34147.1		ORF1	1	526:2586	+	3006	linear	false		SAfiA-392-16	
MN769337.1	MN769337.1_UGV34148.1	UGV34148.1	UGV34148.1		ORF1	1	522:2525	+	2900	linear	false		SAfiA-392-23	
MN769340.1	MN769340.1_UGV34151.1	UGV34151.1	UGV34151.1		ORF1	1	534:2549	+	2918	linear	false		SAfiA-396-7	
MN769342.1	MN769342.1_UGV34153.1	UGV34153.1	UGV34153.1		ORF1	1	516:2495	+	2872	linear	false		SAfiA-397-6	
MN769344.1	MN769344.1_UGV34155.1	UGV34155.1	UGV34155.1		ORF1	1	519:2552	+	2909	linear	false		SAfiA-398-17	
MN769346.1	MN769346.1_UGV34157.1	UGV34157.1	UGV34157.1		ORF1	1	506:2500	+	2883	linear	false		SAfiA-39-9	
MN769347.1	MN769347.1_UGV34158.1	UGV34158.1	UGV34158.1		ORF1	1	511:2484	+	2849	linear	false		SAfiA-400-8	
MN769348.1	MN769348.1_UGV34159.1	UGV34159.1	UGV34159.1		ORF1	1	531:2558	+	2927	linear	false		SAfiA-401-12	
MN769349.1	MN769349.1_UGV34160.1	UGV34160.1	UGV34160.1		ORF1	1	527:2542	+	2904	linear	false		SAfiA-401-16	
MN769350.1	MN769350.1_UGV34161.1	UGV34161.1	UGV34161.1		ORF1	1	515:2506	+	2884	linear	false		SAfiA-401-17	
MN769351.1	MN769351.1_UGV34162.1	UGV34162.1	UGV34162.1		ORF1	1	565:2571	+	2953	linear	false		SAfiA-401-9	
MN769353.1	MN769353.1_UGV34164.1	UGV34164.1	UGV34164.1		ORF1	1	496:2457	+	2844	linear	false		SAfiA-402-21	
MN769355.1	MN769355.1_UGV34166.1	UGV34166.1	UGV34166.1		ORF1	1	525:2489	+	2838	linear	false		SAfiA-402-24	
MN769356.1	MN769356.1_UGV34167.1	UGV34167.1	UGV34167.1		ORF1	1	505:2484	+	2830	linear	false		SAfiA-402-30	
MN769357.1	MN769357.1_UGV34168.1	UGV34168.1	UGV34168.1		ORF1	1	505:2493	+	2794	linear	false		SAfiA-403-12	
MN769358.1	MN769358.1_UGV34169.1	UGV34169.1	UGV34169.1		ORF1	1	519:2507	+	2891	linear	false		SAfiA-405-4	
MN769359.1	MN769359.1_UGV34170.1	UGV34170.1	UGV34170.1		ORF1	1	509:2494	+	2877	linear	false		SAfiA-409-3	
MN769363.1	MN769363.1_UGV34174.1	UGV34174.1	UGV34174.1		ORF1	1	496:2511	+	2877	linear	false		SAfiA-413-5	
MN769365.1	MN769365.1_UGV34176.1	UGV34176.1	UGV34176.1		ORF1	1	497:2512	+	2846	linear	false		SAfiA-4-18	
MN769367.1	MN769367.1_UGV34178.1	UGV34178.1	UGV34178.1		ORF1	1	525:2534	+	2887	linear	false		SAfiA-418-13	
MN769369.1	MN769369.1_UGV34180.1	UGV34180.1	UGV34180.1		ORF1	1	516:2546	+	2929	linear	false		SAfiA-418-8	
MN769372.1	MN769372.1_UGV34183.1	UGV34183.1	UGV34183.1		ORF1	1	522:2519	+	2910	linear	false		SAfiA-421-13	
MN769373.1	MN769373.1_UGV34184.1	UGV34184.1	UGV34184.1		ORF1	1	526:2565	+	2899	linear	false		SAfiA-421-15	
MN769375.1	MN769375.1_UGV34186.1	UGV34186.1	UGV34186.1		ORF1	1	488:2482	+	2827	linear	false		SAfiA-4-22	
MN769376.1	MN769376.1_UGV34187.1	UGV34187.1	UGV34187.1		ORF1	1	1004:2470	+	2851	linear	false		SAfiA-425-3	
MN769380.1	MN769380.1_UGV34191.1	UGV34191.1	UGV34191.1		ORF1	1	529:2571	+	2941	linear	false		SAfiA-434-4	
MN769382.1	MN769382.1_UGV34193.1	UGV34193.1	UGV34193.1		ORF1	1	523:2541	+	2917	linear	false		SAfiA-437-4	
MN769383.1	MN769383.1_UGV34194.1	UGV34194.1	UGV34194.1		ORF1	1	499:2457	+	2809	linear	false		SAfiA-437-8	
MN769384.1	MN769384.1_UGV34195.1	UGV34195.1	UGV34195.1		ORF1	1	503:2494	+	2900	linear	false		SAfiA-440-12	
MN769386.1	MN769386.1_UGV34197.1	UGV34197.1	UGV34197.1		ORF1	1	525:2486	+	2835	linear	false		SAfiA-442-12	
MN769389.1	MN769389.1_UGV34200.1	UGV34200.1	UGV34200.1		ORF1	1	510:2480	+	2848	linear	false		SAfiA-446-15	
MN769390.1	MN769390.1_UGV34201.1	UGV34201.1	UGV34201.1		ORF1	1	525:2549	+	2887	linear	false		SAfiA-447-2	
MN769392.1	MN769392.1_UGV34203.1	UGV34203.1	UGV34203.1		ORF1	1	495:2489	+	2819	linear	false		SAfiA-453-11	
MN769395.1	MN769395.1_UGV34206.1	UGV34206.1	UGV34206.1		ORF1	1	527:2563	+	2933	linear	false		SAfiA-45-4	
MN769398.1	MN769398.1_UGV34209.1	UGV34209.1	UGV34209.1		ORF1	1	510:2501	+	2858	linear	false		SAfiA-460-9	
MN769401.1	MN769401.1_UGV34210.1	UGV34210.1	UGV34210.1		ORF1	1	506:2479	+	2786	linear	false		SAfiA-469-10	
MN769402.1	MN769402.1_UGV34211.1	UGV34211.1	UGV34211.1		ORF1	1	524:2566	+	2910	linear	false		SAfiA-469-6	
MN769403.1	MN769403.1_UGV34212.1	UGV34212.1	UGV34212.1		ORF1	1	530:2557	+	2949	linear	false		SAfiA-470-7	
MN769404.1	MN769404.1_UGV34213.1	UGV34213.1	UGV34213.1		ORF1	1	528:2579	+	2941	linear	false		SAfiA-47-10	
MN769405.1	MN769405.1_UGV34214.1	UGV34214.1	UGV34214.1		ORF1	1	522:2507	+	2879	linear	false		SAfiA-47-14	
MN769407.1	MN769407.1_UGV34216.1	UGV34216.1	UGV34216.1		ORF1	1	535:2565	+	2935	linear	false		SAfiA-475-5	
MN769409.1	MN769409.1_UGV34218.1	UGV34218.1	UGV34218.1		ORF1	1	534:2549	+	2913	linear	false		SAfiA-476-6	
MN769410.1	MN769410.1_UGV34219.1	UGV34219.1	UGV34219.1		ORF1	1	522:2501	+	2900	linear	false		SAfiA-476-8	
MN769412.1	MN769412.1_UGV34221.1	UGV34221.1	UGV34221.1		ORF1	1	521:2464	+	2848	linear	false		SAfiA-477-5	
MN769414.1	MN769414.1_UGV34223.1	UGV34223.1	UGV34223.1		ORF1	1	526:2565	+	2916	linear	false		SAfiA-478-15	
MN769415.1	MN769415.1_UGV34224.1	UGV34224.1	UGV34224.1		ORF1	1	516:2504	+	2872	linear	false		SAfiA-478-20	
MN769416.1	MN769416.1_UGV34225.1	UGV34225.1	UGV34225.1		ORF1	1	553:2514	+	2864	linear	false		SAfiA-478-22	
MN769417.1	MN769417.1_UGV34226.1	UGV34226.1	UGV34226.1		ORF1	1	460:2478	+	2820	linear	false		SAfiA-478-27	
MN769418.1	MN769418.1_UGV34227.1	UGV34227.1	UGV34227.1		ORF1	1	519:2540	+	2909	linear	false		SAfiA-481-10	
MN769425.1	MN769425.1_UGV34234.1	UGV34234.1	UGV34234.1		ORF1	1	526:2541	+	2956	linear	false		SAfiA-488-4	
MN769426.1	MN769426.1_UGV34235.1	UGV34235.1	UGV34235.1		ORF1	1	516:2492	+	2879	linear	false		SAfiA-488-6	
MN769427.1	MN769427.1_UGV34236.1	UGV34236.1	UGV34236.1		ORF1	1	508:2481	+	2856	linear	false		SAfiA-488-7	
MN769428.1	MN769428.1_UGV34237.1	UGV34237.1	UGV34237.1		ORF1	1	527:2542	+	2906	linear	false		SAfiA-491-14	
MN769432.1	MN769432.1_UGV34241.1	UGV34241.1	UGV34241.1		ORF1	1	534:2483	+	2905	linear	false		SAfiA-498-5	
MN769433.1	MN769433.1_UGV34242.1	UGV34242.1	UGV34242.1		ORF1	1	511:2502	+	2898	linear	false		SAfiA-500-30	
MN769434.1	MN769434.1_UGV34243.1	UGV34243.1	UGV34243.1		ORF1	1	591:2588	+	2950	linear	false		SAfiA-500-31	
MN769436.1	MN769436.1_UGV34245.1	UGV34245.1	UGV34245.1		ORF1	1	529:2523	+	2880	linear	false		SAfiA-500-41	
MN769437.1	MN769437.1_UGV34246.1	UGV34246.1	UGV34246.1		ORF1	1	511:2481	+	2841	linear	false		SAfiA-500-44	
MN769438.1	MN769438.1_UGV34247.1	UGV34247.1	UGV34247.1		ORF1	1	505:2433	+	2810	linear	false		SAfiA-500-47	
MN769440.1	MN769440.1_UGV34249.1	UGV34249.1	UGV34249.1		ORF1	1	489:2471	+	2899	linear	false		SAfiA-502-12	
MN769441.1	MN769441.1_UGV34250.1	UGV34250.1	UGV34250.1		ORF1	1	525:2564	+	2904	linear	false		SAfiA-504-5	
MN769442.1	MN769442.1_UGV34251.1	UGV34251.1	UGV34251.1		ORF1	1	530:2527	+	2898	linear	false		SAfiA-504-9	
MN769446.1	MN769446.1_UGV34255.1	UGV34255.1	UGV34255.1		ORF1	1	525:2486	+	2862	linear	false		SAfiA-509-8	
MN769447.1	MN769447.1_UGV34256.1	UGV34256.1	UGV34256.1		ORF1	1	522:2546	+	2893	linear	false		SAfiA-511-13	
MN769448.1	MN769448.1_UGV34257.1	UGV34257.1	UGV34257.1		ORF1	1	526:2559	+	2910	linear	false		SAfiA-51-14	
MN769449.1	MN769449.1_UGV34258.1	UGV34258.1	UGV34258.1		ORF1	1	525:2525	+	2901	linear	false		SAfiA-51-17	
MN769450.1	MN769450.1_UGV34259.1	UGV34259.1	UGV34259.1		ORF1	1	497:2494	+	2865	linear	false		SAfiA-512-11	
MN769451.1	MN769451.1_UGV34260.1	UGV34260.1	UGV34260.1		ORF1	1	486:2483	+	2807	linear	false		SAfiA-51-26	
MN769453.1	MN769453.1_UGV34262.1	UGV34262.1	UGV34262.1		ORF1	1	487:2487	+	2852	linear	false		SAfiA-514-23	
MN769454.1	MN769454.1_UGV34263.1	UGV34263.1	UGV34263.1		ORF1	1	530:2569	+	2911	linear	false		SAfiA-514-24	
MN769455.1	MN769455.1_UGV34264.1	UGV34264.1	UGV34264.1		ORF1	1	486:2474	+	2850	linear	false		SAfiA-514-31	
MN769457.1	MN769457.1_UGV34266.1	UGV34266.1	UGV34266.1		ORF1	1	533:2560	+	2941	linear	false		SAfiA-520-10	
MN769459.1	MN769459.1_UGV34268.1	UGV34268.1	UGV34268.1		ORF1	1	496:2523	+	2890	linear	false		SAfiA-521-11	
MN769460.1	MN769460.1_UGV34269.1	UGV34269.1	UGV34269.1		ORF1	1	537:2546	+	2859	linear	false		SAfiA-521-13	
MN769461.1	MN769461.1_UGV34270.1	UGV34270.1	UGV34270.1		ORF1	1	529:2538	+	2870	linear	false		SAfiA-522-5	
MN769463.1	MN769463.1_UGV34272.1	UGV34272.1	UGV34272.1		ORF1	1	501:2438	+	2748	linear	false		SAfiA-523-17	
MN769464.1	MN769464.1_UGV34273.1	UGV34273.1	UGV34273.1		ORF1	1	535:2484	+	2849	linear	false		SAfiA-529-15	
MN769465.1	MN769465.1_UGV34274.1	UGV34274.1	UGV34274.1		ORF1	1	503:2497	+	2875	linear	false		SAfiA-530-2	
MN769466.1	MN769466.1_UGV34275.1	UGV34275.1	UGV34275.1		ORF1	1	522:2510	+	2885	linear	false		SAfiA-531-2	
MN769470.1	MN769470.1_UGV34279.1	UGV34279.1	UGV34279.1		ORF1	1	514:2538	+	2913	linear	false		SAfiA-535-7	
MN769472.1	MN769472.1_UGV34281.1	UGV34281.1	UGV34281.1		ORF1	1	514:2496	+	2883	linear	false		SAfiA-541-13	
MN769473.1	MN769473.1_UGV34282.1	UGV34282.1	UGV34282.1		ORF1	1	481:2514	+	2919	linear	false		SAfiA-542-15	
MN769475.1	MN769475.1_UGV34284.1	UGV34284.1	UGV34284.1		ORF1	1	523:2571	+	2912	linear	false		SAfiA-542-3	
MN769476.1	MN769476.1_UGV34285.1	UGV34285.1	UGV34285.1		ORF1	1	485:2470	+	2817	linear	false		SAfiA-542-34	
MN769480.1	MN769480.1_UGV34289.1	UGV34289.1	UGV34289.1		ORF1	1	552:2561	+	2910	linear	false		SAfiA-546-12	
MN769482.1	MN769482.1_UGV34291.1	UGV34291.1	UGV34291.1		ORF1	1	765:2528	+	2893	linear	false		SAfiA-548-8	
MN769484.1	MN769484.1_UGV34293.1	UGV34293.1	UGV34293.1		ORF1	1	532:2520	+	2902	linear	false		SAfiA-552-21	
MN769492.1	MN769492.1_UGV34301.1	UGV34301.1	UGV34301.1		ORF1	1	528:2531	+	2891	linear	false		SAfiA-563-9	
MN769494.1	MN769494.1_UGV34303.1	UGV34303.1	UGV34303.1		ORF1	1	479:2518	+	2834	linear	false		SAfiA-565-18	
MN769497.1	MN769497.1_UGV34306.1	UGV34306.1	UGV34306.1		ORF1	1	516:2492	+	2879	linear	false		SAfiA-566-18	
MN769500.1	MN769500.1_UGV34309.1	UGV34309.1	UGV34309.1		ORF1	1	502:2439	+	2807	linear	false		SAfiA-566-23	
MN769501.1	MN769501.1_UGV34310.1	UGV34310.1	UGV34310.1		ORF1	1	509:2479	+	2860	linear	false		SAfiA-566-24	
MN769506.1	MN769506.1_UGV34315.1	UGV34315.1	UGV34315.1		ORF1	1	500:2479	+	2859	linear	false		SAfiA-571-12	
MN769507.1	MN769507.1_UGV34316.1	UGV34316.1	UGV34316.1		ORF1	1	532:2556	+	2969	linear	false		SAfiA-57-12	
MN769508.1	MN769508.1_UGV34317.1	UGV34317.1	UGV34317.1		ORF1	1	533:2569	+	2961	linear	false		SAfiA-57-19	
MN769510.1	MN769510.1_UGV34319.1	UGV34319.1	UGV34319.1		ORF1	1	522:2579	+	2954	linear	false		SAfiA-572-16	
MN769513.1	MN769513.1_UGV34322.1	UGV34322.1	UGV34322.1		ORF1	1	528:2522	+	2893	linear	false		SAfiA-572-27	
MN769515.1	MN769515.1_UGV34324.1	UGV34324.1	UGV34324.1		ORF1	1	533:2533	+	2861	linear	false		SAfiA-57-26	
MN769519.1	MN769519.1_UGV34328.1	UGV34328.1	UGV34328.1		ORF1	1	533:2563	+	2934	linear	false		SAfiA-573-27	
MN769522.1	MN769522.1_UGV34331.1	UGV34331.1	UGV34331.1		ORF1	1	582:2600	+	2950	linear	false		SAfiA-573-32	
MN769523.1	MN769523.1_UGV34332.1	UGV34332.1	UGV34332.1		ORF1	1	509:2488	+	2877	linear	false		SAfiA-573-34	
MN769524.1	MN769524.1_UGV34333.1	UGV34333.1	UGV34333.1		ORF1	1	552:2570	+	2919	linear	false		SAfiA-573-35	
MN769525.1	MN769525.1_UGV34334.1	UGV34334.1	UGV34334.1		ORF1	1	484:2469	+	2846	linear	false		SAfiA-57-34	
MN769527.1	MN769527.1_UGV34336.1	UGV34336.1	UGV34336.1		ORF1	1	515:2497	+	2874	linear	false		SAfiA-57-37	
MN769532.1	MN769532.1_UGV34341.1	UGV34341.1	UGV34341.1		ORF1	1	483:2471	+	2822	linear	false		SAfiA-575-4	
MN769533.1	MN769533.1_UGV34342.1	UGV34342.1	UGV34342.1		ORF1	1	531:2549	+	2920	linear	false		SAfiA-577-104	
MN769535.1	MN769535.1_UGV34344.1	UGV34344.1	UGV34344.1		ORF1	1	527:2560	+	2943	linear	false		SAfiA-577-77	
MN769537.1	MN769537.1_UGV34346.1	UGV34346.1	UGV34346.1		ORF1	1	576:2588	+	2946	linear	false		SAfiA-581-10	
MN769540.1	MN769540.1_UGV34349.1	UGV34349.1	UGV34349.1		ORF1	1	496:2487	+	2894	linear	false		SAfiA-581-20	
MN769541.1	MN769541.1_UGV34350.1	UGV34350.1	UGV34350.1		ORF1	1	572:2587	+	2961	linear	false		SAfiA-581-21	
MN769542.1	MN769542.1_UGV34351.1	UGV34351.1	UGV34351.1		ORF1	1	577:2586	+	2948	linear	false		SAfiA-581-23	
MN769543.1	MN769543.1_UGV34352.1	UGV34352.1	UGV34352.1		ORF1	1	511:2490	+	2873	linear	false		SAfiA-581-24	
MN769544.1	MN769544.1_UGV34353.1	UGV34353.1	UGV34353.1		ORF1	1	516:2492	+	2879	linear	false		SAfiA-581-26	
MN769545.1	MN769545.1_UGV34354.1	UGV34354.1	UGV34354.1		ORF1	1	491:2485	+	2833	linear	false		SAfiA-581-30	
MN769546.1	MN769546.1_UGV34355.1	UGV34355.1	UGV34355.1		ORF1	1	481:2433	+	2819	linear	false		SAfiA-581-44	
MN769549.1	MN769549.1_UGV34358.1	UGV34358.1	UGV34358.1		ORF1	1	551:2557	+	2988	linear	false		SAfiA-582-7	
MN769550.1	MN769550.1_UGV34359.1	UGV34359.1	UGV34359.1		ORF1	1	624:2660	+	2972	linear	false		SAfiA-582-9	
MN769552.1	MN769552.1_UGV34361.1	UGV34361.1	UGV34361.1		ORF1	1	537:2540	+	2889	linear	false		SAfiA-583-12	
MN769554.1	MN769554.1_UGV34363.1	UGV34363.1	UGV34363.1		ORF1	1	522:2546	+	2918	linear	false		SAfiA-583-9	
MN769556.1	MN769556.1_UGV34365.1	UGV34365.1	UGV34365.1		ORF1	1	500:2434	+	2757	linear	false		SAfiA-587-114	
MN769558.1	MN769558.1_UGV34367.1	UGV34367.1	UGV34367.1		ORF1	1	546:2540	+	2921	linear	false		SAfiA-587-34	
MN769559.1	MN769559.1_UGV34368.1	UGV34368.1	UGV34368.1		ORF1	1	519:2543	+	2921	linear	false		SAfiA-587-36	
MN769560.1	MN769560.1_UGV34369.1	UGV34369.1	UGV34369.1		ORF1	1	527:2533	+	2906	linear	false		SAfiA-587-41	
MN769561.1	MN769561.1_UGV34370.1	UGV34370.1	UGV34370.1		ORF1	1	525:2546	+	2885	linear	false		SAfiA-587-45	
MN769562.1	MN769562.1_UGV34371.1	UGV34371.1	UGV34371.1		ORF1	1	523:2541	+	2889	linear	false		SAfiA-587-50	
MN769563.1	MN769563.1_UGV34372.1	UGV34372.1	UGV34372.1		ORF1	1	496:2490	+	2882	linear	false		SAfiA-587-53	
MN769564.1	MN769564.1_UGV34373.1	UGV34373.1	UGV34373.1		ORF1	1	580:2577	+	2938	linear	false		SAfiA-587-65	
MN769565.1	MN769565.1_UGV34374.1	UGV34374.1	UGV34374.1		ORF1	1	510:2489	+	2872	linear	false		SAfiA-587-68	
MN769566.1	MN769566.1_UGV34375.1	UGV34375.1	UGV34375.1		ORF1	1	464:2479	+	2856	linear	false		SAfiA-587-69	
MN769567.1	MN769567.1_UGV34376.1	UGV34376.1	UGV34376.1		ORF1	1	503:2485	+	2842	linear	false		SAfiA-587-78	
MN769568.1	MN769568.1_UGV34377.1	UGV34377.1	UGV34377.1		ORF1	1	503:2464	+	2809	linear	false		SAfiA-587-96	
MN769569.1	MN769569.1_UGV34378.1	UGV34378.1	UGV34378.1		ORF1	1	499:2448	+	2787	linear	false		SAfiA-587-98	
MN769573.1	MN769573.1_UGV34380.1	UGV34380.1	UGV34380.1		ORF1	1	523:2463	+	2830	linear	false		SAfiA-589-22	
MN769574.1	MN769574.1_UGV34381.1	UGV34381.1	UGV34381.1		ORF1	1	578:2647	+	2995	linear	false		SAfiA-590-21	
MN769576.1	MN769576.1_UGV34383.1	UGV34383.1	UGV34383.1		ORF1	1	516:2468	+	2813	linear	false		SAfiA-590-62	
MN769577.1	MN769577.1_UGV34384.1	UGV34384.1	UGV34384.1		ORF1	1	470:2458	+	2832	linear	false		SAfiA-590-66	
MN769578.1	MN769578.1_UGV34385.1	UGV34385.1	UGV34385.1		ORF1	1	492:2480	+	2809	linear	false		SAfiA-590-67	
MN769579.1	MN769579.1_UGV34386.1	UGV34386.1	UGV34386.1		ORF1	1	471:2456	+	2803	linear	false		SAfiA-590-70	
MN769580.1	MN769580.1_UGV34387.1	UGV34387.1	UGV34387.1		ORF1	1	506:2539	+	2900	linear	false		SAfiA-590-71	
MN769581.1	MN769581.1_UGV34388.1	UGV34388.1	UGV34388.1		ORF1	1	502:2439	+	2807	linear	false		SAfiA-590-75	
MN769583.1	MN769583.1_UGV34390.1	UGV34390.1	UGV34390.1		ORF1	1	523:2538	+	2917	linear	false		SAfiA-593-12	
MN769584.1	MN769584.1_UGV34391.1	UGV34391.1	UGV34391.1		ORF1	1	514:2505	+	2883	linear	false		SAfiA-593-14	
MN769585.1	MN769585.1_UGV34392.1	UGV34392.1	UGV34392.1		ORF1	1	530:2548	+	2936	linear	false		SAfiA-595-14	
MN769586.1	MN769586.1_UGV34393.1	UGV34393.1	UGV34393.1		ORF1	1	527:2542	+	2912	linear	false		SAfiA-595-16	
MN769587.1	MN769587.1_UGV34394.1	UGV34394.1	UGV34394.1		ORF1	1	519:2543	+	2901	linear	false		SAfiA-595-17	
MN769589.1	MN769589.1_UGV34396.1	UGV34396.1	UGV34396.1		ORF1	1	522:2540	+	2912	linear	false		SAfiA-597-8	
MN769596.1	MN769596.1_UGV34403.1	UGV34403.1	UGV34403.1		ORF1	1	519:2585	+	2949	linear	false		SAfiA-604-9	
MN769597.1	MN769597.1_UGV34404.1	UGV34404.1	UGV34404.1		ORF1	1	533:2536	+	2914	linear	false		SAfiA-605-0	
MN769598.1	MN769598.1_UGV34405.1	UGV34405.1	UGV34405.1		ORF1	1	532:2541	+	2946	linear	false		SAfiA-609-13	
MN769599.1	MN769599.1_UGV34406.1	UGV34406.1	UGV34406.1		ORF1	1	527:2533	+	2904	linear	false		SAfiA-609-17	
MN769600.1	MN769600.1_UGV34407.1	UGV34407.1	UGV34407.1		ORF1	1	525:2552	+	2960	linear	false		SAfiA-609-6	
MN769602.1	MN769602.1_UGV34409.1	UGV34409.1	UGV34409.1		ORF1	1	504:2432	+	2809	linear	false		SAfiA-610-17	
MN769605.1	MN769605.1_UGV34412.1	UGV34412.1	UGV34412.1		ORF1	1	612:2672	+	2994	linear	false		SAfiA-611-129	
MN769606.1	MN769606.1_UGV34413.1	UGV34413.1	UGV34413.1		ORF1	1	521:2509	+	2899	linear	false		SAfiA-611-145	
MN769608.1	MN769608.1_UGV34415.1	UGV34415.1	UGV34415.1		ORF1	1	518:2500	+	2824	linear	false		SAfiA-611-162	
MN769611.1	MN769611.1_UGV34418.1	UGV34418.1	UGV34418.1		ORF1	1	485:2479	+	2856	linear	false		SAfiA-6-13	
MN769612.1	MN769612.1_UGV34419.1	UGV34419.1	UGV34419.1		ORF1	1	520:2565	+	2946	linear	false		SAfiA-613-0	
MN769614.1	MN769614.1_UGV34421.1	UGV34421.1	UGV34421.1		ORF1	1	505:2508	+	2884	linear	false		SAfiA-6-14	
MN769615.1	MN769615.1_UGV34422.1	UGV34422.1	UGV34422.1		ORF1	1	523:2580	+	2955	linear	false		SAfiA-61-4	
MN769616.1	MN769616.1_UGV34423.1	UGV34423.1	UGV34423.1		ORF1	1	361:2367	+	2742	linear	false		SAfiA-61-40	
MN769617.1	MN769617.1_UGV34424.1	UGV34424.1	UGV34424.1		ORF1	1	502:2490	+	2887	linear	false		SAfiA-615-657	
MN769618.1	MN769618.1_UGV34425.1	UGV34425.1	UGV34425.1		ORF1	1	501:2471	+	2840	linear	false		SAfiA-615-686	
MN769619.1	MN769619.1_UGV34426.1	UGV34426.1	UGV34426.1		ORF1	1	475:2487	+	2837	linear	false		SAfiA-615-695	
MN769620.1	MN769620.1_UGV34427.1	UGV34427.1	UGV34427.1		ORF1	1	493:2472	+	2825	linear	false		SAfiA-615-708	
MN769621.1	MN769621.1_UGV34428.1	UGV34428.1	UGV34428.1		ORF1	1	485:2485	+	2835	linear	false		SAfiA-6-16	
MN769625.1	MN769625.1_UGV34432.1	UGV34432.1	UGV34432.1		ORF1	1	527:2536	+	2888	linear	false		SAfiA-618-9	
MN769627.1	MN769627.1_UGV34434.1	UGV34434.1	UGV34434.1		ORF1	1	513:2537	+	2911	linear	false		SAfiA-619-12	
MN769629.1	MN769629.1_UGV34436.1	UGV34436.1	UGV34436.1		ORF1	1	494:2458	+	2844	linear	false		SAfiA-622-8	
MN769630.1	MN769630.1_UGV34437.1	UGV34437.1	UGV34437.1		ORF1	1	536:2551	+	2941	linear	false		SAfiA-625-6	
MN769632.1	MN769632.1_UGV34439.1	UGV34439.1	UGV34439.1		ORF1	1	520:2481	+	2832	linear	false		SAfiA-626-27	
MN769633.1	MN769633.1_UGV34440.1	UGV34440.1	UGV34440.1		ORF1	1	502:2478	+	2842	linear	false		SAfiA-628-39	
MN769639.1	MN769639.1_UGV34446.1	UGV34446.1	UGV34446.1		ORF1	1	524:2533	+	2900	linear	false		SAfiA-639-1506	
MN769641.1	MN769641.1_UGV34448.1	UGV34448.1	UGV34448.1		ORF1	1	550:2556	+	2987	linear	false		SAfiA-640-6	
MN769642.1	MN769642.1_UGV34449.1	UGV34449.1	UGV34449.1		ORF1	1	522:2534	+	2908	linear	false		SAfiA-642-22	
MN769647.1	MN769647.1_UGV34454.1	UGV34454.1	UGV34454.1		ORF1	1	545:2512	+	2861	linear	false		SAfiA-644-7	
MN769648.1	MN769648.1_UGV34455.1	UGV34455.1	UGV34455.1		ORF1	1	492:2489	+	2843	linear	false		SAfiA-644-8	
MN769649.1	MN769649.1_UGV34456.1	UGV34456.1	UGV34456.1		ORF1	1	502:2496	+	2895	linear	false		SAfiA-646-11	
MN769650.1	MN769650.1_UGV34457.1	UGV34457.1	UGV34457.1		ORF1	1	498:2471	+	2856	linear	false		SAfiA-646-13	
MN769651.1	MN769651.1_UGV34458.1	UGV34458.1	UGV34458.1		ORF1	1	513:2477	+	2825	linear	false		SAfiA-647-10	
MN769658.1	MN769658.1_UGV34465.1	UGV34465.1	UGV34465.1		ORF1	1	544:2550	+	2920	linear	false		SAfiA-650-6	
MN769659.1	MN769659.1_UGV34466.1	UGV34466.1	UGV34466.1		ORF1	1	509:2503	+	2940	linear	false		SAfiA-651-23	
MN769661.1	MN769661.1_UGV34468.1	UGV34468.1	UGV34468.1		ORF1	1	502:2493	+	2868	linear	false		SAfiA-651-27	
MN769662.1	MN769662.1_UGV34469.1	UGV34469.1	UGV34469.1		ORF1	1	489:2474	+	2848	linear	false		SAfiA-655-47	
MN769663.1	MN769663.1_UGV34470.1	UGV34470.1	UGV34470.1		ORF1	1	532:2532	+	2914	linear	false		SAfiA-656-8	
MN769665.1	MN769665.1_UGV34472.1	UGV34472.1	UGV34472.1		ORF1	1	494:2464	+	2798	linear	false		SAfiA-659-16	
MN769666.1	MN769666.1_UGV34473.1	UGV34473.1	UGV34473.1		ORF1	1	543:2600	+	2960	linear	false		SAfiA-6-6	
MN769667.1	MN769667.1_UGV34474.1	UGV34474.1	UGV34474.1		ORF1	1	515:2512	+	2889	linear	false		SAfiA-661-0	
MN769670.1	MN769670.1_UGV34477.1	UGV34477.1	UGV34477.1		ORF1	1	535:2571	+	2906	linear	false		SAfiA-6-7	
MN769671.1	MN769671.1_UGV34478.1	UGV34478.1	UGV34478.1		ORF1	1	529:2520	+	2875	linear	false		SAfiA-670-7	
MN769676.1	MN769676.1_UGV34483.1	UGV34483.1	UGV34483.1		ORF1	1	523:2535	+	2911	linear	false		SAfiA-676-14	
MN769678.1	MN769678.1_UGV34485.1	UGV34485.1	UGV34485.1		ORF1	1	468:2450	+	2825	linear	false		SAfiA-676-27	
MN769680.1	MN769680.1_UGV34487.1	UGV34487.1	UGV34487.1		ORF1	1	526:2553	+	2914	linear	false		SAfiA-677-7	
MN769682.1	MN769682.1_UGV34489.1	UGV34489.1	UGV34489.1		ORF1	1	518:2503	+	2890	linear	false		SAfiA-679-10	
MN769684.1	MN769684.1_UGV34491.1	UGV34491.1	UGV34491.1		ORF1	1	521:2521	+	2884	linear	false		SAfiA-679-14	
MN769686.1	MN769686.1_UGV34493.1	UGV34493.1	UGV34493.1		ORF1	1	498:2480	+	2847	linear	false		SAfiA-679-16	
MN769690.1	MN769690.1_UGV34497.1	UGV34497.1	UGV34497.1		ORF1	1	550:2550	+	2932	linear	false		SAfiA-685-13	
MN769692.1	MN769692.1_UGV34499.1	UGV34499.1	UGV34499.1		ORF1	1	521:2530	+	2903	linear	false		SAfiA-686-13	
MN769694.1	MN769694.1_UGV34501.1	UGV34501.1	UGV34501.1		ORF1	1	530:2545	+	2916	linear	false		SAfiA-690-2	
MN769695.1	MN769695.1_UGV34502.1	UGV34502.1	UGV34502.1		ORF1	1	538:2568	+	2968	linear	false		SAfiA-690-4	
MN769701.1	MN769701.1_UGV34508.1	UGV34508.1	UGV34508.1		ORF1	1	546:2552	+	2877	linear	false		SAfiA-699-11	
MN769702.1	MN769702.1_UGV34509.1	UGV34509.1	UGV34509.1		ORF1	1	551:2557	+	2987	linear	false		SAfiA-69B-34	
MN769705.1	MN769705.1_UGV34512.1	UGV34512.1	UGV34512.1		ORF1	1	527:2566	+	2952	linear	false		SAfiA-701-7	
MN769706.1	MN769706.1_UGV34513.1	UGV34513.1	UGV34513.1		ORF1	1	514:2499	+	2839	linear	false		SAfiA-70-18	
MN769711.1	MN769711.1_UGV34518.1	UGV34518.1	UGV34518.1		ORF1	1	536:2569	+	2955	linear	false		SAfiA-71-8	
MN769713.1	MN769713.1_UGV34520.1	UGV34520.1	UGV34520.1		ORF1	1	491:2470	+	2823	linear	false		SAfiA-721-22	
MN769716.1	MN769716.1_UGV34523.1	UGV34523.1	UGV34523.1		ORF1	1	493:2460	+	2812	linear	false		SAfiA-72-7	
MN769719.1	MN769719.1_UGV34526.1	UGV34526.1	UGV34526.1		ORF1	1	491:2479	+	2808	linear	false		SAfiA-731-9	
MN769721.1	MN769721.1_UGV34528.1	UGV34528.1	UGV34528.1		ORF1	1	565:2571	+	2953	linear	false		SAfiA-74-2	
MN769722.1	MN769722.1_UGV34529.1	UGV34529.1	UGV34529.1		ORF1	1	518:2530	+	2910	linear	false		SAfiA-757-5	
MN769730.1	MN769730.1_UGV34537.1	UGV34537.1	UGV34537.1		ORF1	1	496:2511	+	2872	linear	false		SAfiA-772-18	
MN769732.1	MN769732.1_UGV34539.1	UGV34539.1	UGV34539.1		ORF1	1	524:2524	+	2900	linear	false		SAfiA-778-20	
MN769733.1	MN769733.1_UGV34540.1	UGV34540.1	UGV34540.1		ORF1	1	783:2474	+	2841	linear	false		SAfiA-779-29	
MN769734.1	MN769734.1_UGV34541.1	UGV34541.1	UGV34541.1		ORF1	1	519:2537	+	2912	linear	false		SAfiA-780-10	
MN769737.1	MN769737.1_UGV34544.1	UGV34544.1	UGV34544.1		ORF1	1	493:2472	+	2826	linear	false		SAfiA-789-11	
MN769738.1	MN769738.1_UGV34545.1	UGV34545.1	UGV34545.1		ORF1	1	510:2486	+	2869	linear	false		SAfiA-79-5	
MN769739.1	MN769739.1_UGV34546.1	UGV34546.1	UGV34546.1		ORF1	1	541:2535	+	2917	linear	false		SAfiA-797-28	
MN769742.1	MN769742.1_UGV34549.1	UGV34549.1	UGV34549.1		ORF1	1	535:2532	+	2883	linear	false		SAfiA-803-13	
MN769746.1	MN769746.1_UGV34553.1	UGV34553.1	UGV34553.1		ORF1	1	580:2601	+	2960	linear	false		SAfiA-810-48	
MN769747.1	MN769747.1_UGV34554.1	UGV34554.1	UGV34554.1		ORF1	1	503:2491	+	2869	linear	false		SAfiA-810-50	
MN769748.1	MN769748.1_UGV34555.1	UGV34555.1	UGV34555.1		ORF1	1	528:2579	+	2969	linear	false		SAfiA-812-38	
MN769749.1	MN769749.1_UGV34556.1	UGV34556.1	UGV34556.1		ORF1	1	521:2488	+	2855	linear	false		SAfiA-813-461	
MN769756.1	MN769756.1_UGV34563.1	UGV34563.1	UGV34563.1		ORF1	1	474:2495	+	2836	linear	false		SAfiA-823-7	
MN769763.1	MN769763.1_UGV34570.1	UGV34570.1	UGV34570.1		ORF1	1	535:2574	+	2922	linear	false		SAfiA-844-3	
MN769768.1	MN769768.1_UGV34575.1	UGV34575.1	UGV34575.1		ORF1	1	536:2569	+	2977	linear	false		SAfiA-857-180	
MN769772.1	MN769772.1_UGV34579.1	UGV34579.1	UGV34579.1		ORF1	1	515:2497	+	2878	linear	false		SAfiA-858-91	
MN769773.1	MN769773.1_UGV34580.1	UGV34580.1	UGV34580.1		ORF1	1	521:2461	+	2791	linear	false		SAfiA-858-94	
MN769774.1	MN769774.1_UGV34581.1	UGV34581.1	UGV34581.1		ORF1	1	569:2587	+	2910	linear	false		SAfiA-858-95	
MN769776.1	MN769776.1_UGV34583.1	UGV34583.1	UGV34583.1		ORF1	1	459:2465	+	2808	linear	false		SAfiA-859-22	
MN769780.1	MN769780.1_UGV34587.1	UGV34587.1	UGV34587.1		ORF1	1	550:2556	+	2987	linear	false		SAfiA-867-290	
MN769782.1	MN769782.1_UGV34589.1	UGV34589.1	UGV34589.1		ORF1	1	492:2468	+	2874	linear	false		SAfiA-867-309	
MN769785.1	MN769785.1_UGV34592.1	UGV34592.1	UGV34592.1		ORF1	1	492:2480	+	2856	linear	false		SAfiA-870-11	
MN769788.1	MN769788.1_UGV34595.1	UGV34595.1	UGV34595.1		ORF1	1	524:2536	+	2930	linear	false		SAfiA-87-23	
MN769789.1	MN769789.1_UGV34596.1	UGV34596.1	UGV34596.1		ORF1	1	516:2510	+	2938	linear	false		SAfiA-87-24	
MN769790.1	MN769790.1_UGV34597.1	UGV34597.1	UGV34597.1		ORF1	1	494:2455	+	2826	linear	false		SAfiA-873-34	
MN769793.1	MN769793.1_UGV34600.1	UGV34600.1	UGV34600.1		ORF1	1	464:2479	+	2856	linear	false		SAfiA-87-37	
MN769794.1	MN769794.1_UGV34601.1	UGV34601.1	UGV34601.1		ORF1	1	504:2492	+	2837	linear	false		SAfiA-87-39	
MN769795.1	MN769795.1_UGV34602.1	UGV34602.1	UGV34602.1		ORF1	1	460:2481	+	2821	linear	false		SAfiA-87-41	
MN769796.1	MN769796.1_UGV34603.1	UGV34603.1	UGV34603.1		ORF1	1	487:2427	+	2824	linear	false		SAfiA-87-42	
MN769797.1	MN769797.1_UGV34604.1	UGV34604.1	UGV34604.1		ORF1	1	506:2467	+	2811	linear	false		SAfiA-87-44	
MN769801.1	MN769801.1_UGV34608.1	UGV34608.1	UGV34608.1		ORF1	1	517:2469	+	2830	linear	false		SAfiA-87-50	
MN769802.1	MN769802.1_UGV34609.1	UGV34609.1	UGV34609.1		ORF1	1	523:2571	+	2971	linear	false		SAfiA-879-6	
MN769804.1	MN769804.1_UGV34611.1	UGV34611.1	UGV34611.1		ORF1	1	515:2509	+	2882	linear	false		SAfiA-88-14	
MN769805.1	MN769805.1_UGV34612.1	UGV34612.1	UGV34612.1		ORF1	1	503:2497	+	2871	linear	false		SAfiA-88-21	
MN769806.1	MN769806.1_UGV34613.1	UGV34613.1	UGV34613.1		ORF1	1	517:2532	+	2885	linear	false		SAfiA-88-27	
MN769809.1	MN769809.1_UGV34616.1	UGV34616.1	UGV34616.1		ORF1	1	497:2476	+	2783	linear	false		SAfiA-88-33	
MN769810.1	MN769810.1_UGV34617.1	UGV34617.1	UGV34617.1		ORF1	1	494:2503	+	2851	linear	false		SAfiA-886-8	
MN769816.1	MN769816.1_UGV34623.1	UGV34623.1	UGV34623.1		ORF1	1	465:2480	+	2814	linear	false		SAfiA-896-3	
MN769818.1	MN769818.1_UGV34625.1	UGV34625.1	UGV34625.1		ORF1	1	531:2567	+	2934	linear	false		SAfiA-8A-24	
MN769824.1	MN769824.1_UGV34631.1	UGV34631.1	UGV34631.1		ORF1	1	494:2488	+	2864	linear	false		SAfiA-94-30	
MN769828.1	MN769828.1_UGV34635.1	UGV34635.1	UGV34635.1		ORF1	1	549:2582	+	2949	linear	false		SAfiA-98-14	
MN769832.1	MN769832.1_UGV34639.1	UGV34639.1	UGV34639.1		ORF1	1	552:2570	+	2923	linear	false		SAfiA-122-12	
MN769836.1	MN769836.1_UGV34643.1	UGV34643.1	UGV34643.1		ORF1	1	529:2547	+	2903	linear	false		SAfiA-388-3	
MN769837.1	MN769837.1_UGV34644.1	UGV34644.1	UGV34644.1		ORF1	1	523:2541	+	2883	linear	false		SAfiA-587-3	
MN769838.1	MN769838.1_UGV34645.1	UGV34645.1	UGV34645.1		ORF1	1	510:2507	+	2897	linear	false		SAfiA-461-7	
MN769840.1	MN769840.1_UGV34647.1	UGV34647.1	UGV34647.1		ORF1	1	539:2497	+	2860	linear	false		SAfiA-482-6	
MN769842.1	MN769842.1_UGV34649.1	UGV34649.1	UGV34649.1		ORF1	1	540:2552	+	2895	linear	false		SAfiA-488-8	
MN769843.1	MN769843.1_UGV34650.1	UGV34650.1	UGV34650.1		ORF1	1	491:2485	+	2826	linear	false		SAfiA-493-6	
MN769849.1	MN769849.1_UGV34656.1	UGV34656.1	UGV34656.1		ORF1	1	550:2565	+	2907	linear	false		SAfiA-53-3	
MN769850.1	MN769850.1_UGV34657.1	UGV34657.1	UGV34657.1		ORF1	1	546:2528	+	2912	linear	false		SAfiA-535-8	
MN769852.1	MN769852.1_UGV34659.1	UGV34659.1	UGV34659.1		ORF1	1	550:2505	+	2875	linear	false		SAfiA-888-6	
MN769853.1	MN769853.1_UGV34660.1	UGV34660.1	UGV34660.1		ORF1	1	511:2505	+	2853	linear	false		SAfiA-92-20	
MN769854.1	MN769854.1_UGV34661.1	UGV34661.1	UGV34661.1		ORF1	1	541:2535	+	2863	linear	false		SAfiA-10-15	
MN769855.1	MN769855.1_UGV34662.1	UGV34662.1	UGV34662.1		ORF1	1	538:2508	+	2858	linear	false		SAfiA-102-49	
MN769857.1	MN769857.1_UGV34664.1	UGV34664.1	UGV34664.1		ORF1	1	553:2568	+	2922	linear	false		SAfiA-108-17	
MN769858.1	MN769858.1_UGV34665.1	UGV34665.1	UGV34665.1		ORF1	1	538:2496	+	2859	linear	false		SAfiA-110-13	
MN769859.1	MN769859.1_UGV34666.1	UGV34666.1	UGV34666.1		ORF1	1	541:2610	+	2959	linear	false		SAfiA-11-21	
MN769860.1	MN769860.1_UGV34667.1	UGV34667.1	UGV34667.1		ORF1	1	550:2511	+	2862	linear	false		SAfiA-11-27	
MN769862.1	MN769862.1_UGV34669.1	UGV34669.1	UGV34669.1		ORF1	1	543:2570	+	2911	linear	false		SAfiA-123-19	
MN769863.1	MN769863.1_UGV34670.1	UGV34670.1	UGV34670.1		ORF1	1	552:2552	+	2896	linear	false		SAfiA-123-22	
MN769864.1	MN769864.1_UGV34671.1	UGV34671.1	UGV34671.1		ORF1	1	567:2567	+	2934	linear	false		SAfiA-124-17	
MN769867.1	MN769867.1_UGV34674.1	UGV34674.1	UGV34674.1		ORF1	1	551:2566	+	2949	linear	false		SAfiA-125-12	
MN769870.1	MN769870.1_UGV34677.1	UGV34677.1	UGV34677.1		ORF1	1	510:2516	+	2870	linear	false		SAfiA-225-8	
MN769872.1	MN769872.1_UGV34679.1	UGV34679.1	UGV34679.1		ORF1	1	567:2594	+	2951	linear	false		SAfiA-232-16	
MN769874.1	MN769874.1_UGV34681.1	UGV34681.1	UGV34681.1		ORF1	1	538:2541	+	2905	linear	false		SAfiA-241-22	
MN769876.1	MN769876.1_UGV34683.1	UGV34683.1	UGV34683.1		ORF1	1	550:2544	+	2907	linear	false		SAfiA-245-10	
MN769881.1	MN769881.1_UGV34688.1	UGV34688.1	UGV34688.1		ORF1	1	553:2568	+	2922	linear	false		SAfiA-254-19	
MN769882.1	MN769882.1_UGV34689.1	UGV34689.1	UGV34689.1		ORF1	1	553:2601	+	2973	linear	false		SAfiA-260-3	
MN769886.1	MN769886.1_UGV34693.1	UGV34693.1	UGV34693.1		ORF1	1	544:2466	+	2840	linear	false		SAfiA-275-54	
MN769887.1	MN769887.1_UGV34694.1	UGV34694.1	UGV34694.1		ORF1	1	547:2529	+	2869	linear	false		SAfiA-279-7	
MN769888.1	MN769888.1_UGV34695.1	UGV34695.1	UGV34695.1		ORF1	1	571:2598	+	2983	linear	false		SAfiA-297-86	
MN769890.1	MN769890.1_UGV34697.1	UGV34697.1	UGV34697.1		ORF1	1	567:2576	+	2909	linear	false		SAfiA-297-96	
MN769891.1	MN769891.1_UGV34698.1	UGV34698.1	UGV34698.1		ORF1	1	538:2547	+	2900	linear	false		SAfiA-298-13	
MN769897.1	MN769897.1_UGV34704.1	UGV34704.1	UGV34704.1		ORF1	1	512:2515	+	2858	linear	false		SAfiA-316-27	
MN769900.1	MN769900.1_UGV34707.1	UGV34707.1	UGV34707.1		ORF1	1	553:2568	+	2922	linear	false		SAfiA-329-3	
MN769901.1	MN769901.1_UGV34708.1	UGV34708.1	UGV34708.1		ORF1	1	540:2525	+	2875	linear	false		SAfiA-335-4	
MN769903.1	MN769903.1_UGV34710.1	UGV34710.1	UGV34710.1		ORF1	1	582:2606	+	2980	linear	false		SAfiA-346-12	
MN769904.1	MN769904.1_UGV34711.1	UGV34711.1	UGV34711.1		ORF1	1	550:2577	+	2932	linear	false		SAfiA-346-15	
MN769905.1	MN769905.1_UGV34712.1	UGV34712.1	UGV34712.1		ORF1	1	540:2552	+	2892	linear	false		SAfiA-346-26	
MN769910.1	MN769910.1_UGV34717.1	UGV34717.1	UGV34717.1		ORF1	1	542:2554	+	2897	linear	false		SAfiA-349-30	
MN769911.1	MN769911.1_UGV34718.1	UGV34718.1	UGV34718.1		ORF1	1	550:2535	+	2922	linear	false		SAfiA-349-34	
MN769914.1	MN769914.1_UGV34721.1	UGV34721.1	UGV34721.1		ORF1	1	541:2565	+	2939	linear	false		SAfiA-35-17	
MN769917.1	MN769917.1_UGV34724.1	UGV34724.1	UGV34724.1		ORF1	1	543:2591	+	2933	linear	false		SAfiA-35-26	
MN769918.1	MN769918.1_UGV34725.1	UGV34725.1	UGV34725.1		ORF1	1	542:2539	+	2909	linear	false		SAfiA-353-26	
MN769921.1	MN769921.1_UGV34728.1	UGV34728.1	UGV34728.1		ORF1	1	995:2530	+	2902	linear	false		SAfiA-366-10	
MN769923.1	MN769923.1_UGV34730.1	UGV34730.1	UGV34730.1		ORF1	1	538:2502	+	2865	linear	false		SAfiA-380-35	
MN769924.1	MN769924.1_UGV34731.1	UGV34731.1	UGV34731.1		ORF1	1	508:2400	+	2724	linear	false		SAfiA-388-159	
MN769925.1	MN769925.1_UGV34732.1	UGV34732.1	UGV34732.1		ORF1	1	557:2584	+	2931	linear	false		SAfiA-388-21	
MN769926.1	MN769926.1_UGV34733.1	UGV34733.1	UGV34733.1		ORF1	1	554:2578	+	2928	linear	false		SAfiA-388-29	
MN769927.1	MN769927.1_UGV34734.1	UGV34734.1	UGV34734.1		ORF1	1	549:2564	+	2951	linear	false		SAfiA-388-33	
MN769928.1	MN769928.1_UGV34735.1	UGV34735.1	UGV34735.1		ORF1	1	549:2555	+	2908	linear	false		SAfiA-388-38	
MN769930.1	MN769930.1_UGV34737.1	UGV34737.1	UGV34737.1		ORF1	1	553:2547	+	2891	linear	false		SAfiA-388-53	
MN769931.1	MN769931.1_UGV34738.1	UGV34738.1	UGV34738.1		ORF1	1	502:2484	+	2875	linear	false		SAfiA-388-65	
MN769939.1	MN769939.1_UGV34746.1	UGV34746.1	UGV34746.1		ORF1	1	551:2572	+	2950	linear	false		SAfiA-413-3	
MN769940.1	MN769940.1_UGV34747.1	UGV34747.1	UGV34747.1		ORF1	1	526:2541	+	2895	linear	false		SAfiA-414-14	
MN769945.1	MN769945.1_UGV34752.1	UGV34752.1	UGV34752.1		ORF1	1	357:1991	+	2836	linear	false		SAfiA-552-28	
MN769949.1	MN769949.1_UGV34756.1	UGV34756.1	UGV34756.1		ORF1	1	543:2591	+	2933	linear	false		SAfiA-565-9	
MN769950.1	MN769950.1_UGV34757.1	UGV34757.1	UGV34757.1		ORF1	1	553:2571	+	2920	linear	false		SAfiA-567-20	
MN769951.1	MN769951.1_UGV34758.1	UGV34758.1	UGV34758.1		ORF1	1	543:2591	+	2933	linear	false		SAfiA-569-3	
MN769954.1	MN769954.1_UGV34761.1	UGV34761.1	UGV34761.1		ORF1	1	524:2485	+	2861	linear	false		SAfiA-57-29	
MN769958.1	MN769958.1_UGV34765.1	UGV34765.1	UGV34765.1		ORF1	1	538:2541	+	2905	linear	false		SAfiA-574-15	
MN769962.1	MN769962.1_UGV34769.1	UGV34769.1	UGV34769.1		ORF1	1	538:2541	+	2905	linear	false		SAfiA-577-114	
MN769966.1	MN769966.1_UGV34773.1	UGV34773.1	UGV34773.1		ORF1	1	573:2609	+	2976	linear	false		SAfiA-587-20	
MN769967.1	MN769967.1_UGV34774.1	UGV34774.1	UGV34774.1		ORF1	1	571:2589	+	2941	linear	false		SAfiA-587-27	
MN769968.1	MN769968.1_UGV34775.1	UGV34775.1	UGV34775.1		ORF1	1	554:2584	+	2962	linear	false		SAfiA-587-30	
MN769969.1	MN769969.1_UGV34776.1	UGV34776.1	UGV34776.1		ORF1	1	539:2527	+	2885	linear	false		SAfiA-587-83	
MN769971.1	MN769971.1_UGV34778.1	UGV34778.1	UGV34778.1		ORF1	1	556:2490	+	2812	linear	false		SAfiA-587-92	
MN769972.1	MN769972.1_UGV34779.1	UGV34779.1	UGV34779.1		ORF1	1	539:2539	+	2913	linear	false		SAfiA-590-36	
MN769973.1	MN769973.1_UGV34780.1	UGV34780.1	UGV34780.1		ORF1	1	538:2550	+	2903	linear	false		SAfiA-590-39	
MN769974.1	MN769974.1_UGV34781.1	UGV34781.1	UGV34781.1		ORF1	1	504:2537	+	2891	linear	false		SAfiA-590-52	
MN769976.1	MN769976.1_UGV34783.1	UGV34783.1	UGV34783.1		ORF1	1	506:2413	+	2782	linear	false		SAfiA-590-95	
MN769977.1	MN769977.1_UGV34784.1	UGV34784.1	UGV34784.1		ORF1	1	592:2652	+	2977	linear	false		SAfiA-594-62	
MN769978.1	MN769978.1_UGV34785.1	UGV34785.1	UGV34785.1		ORF1	1	542:2536	+	2918	linear	false		SAfiA-595-15	
MN769981.1	MN769981.1_UGV34788.1	UGV34788.1	UGV34788.1		ORF1	1	538:2553	+	2905	linear	false		SAfiA-604-12	
MN769983.1	MN769983.1_UGV34790.1	UGV34790.1	UGV34790.1		ORF1	1	557:2587	+	2928	linear	false		SAfiA-61-5	
MN769985.1	MN769985.1_UGV34792.1	UGV34792.1	UGV34792.1		ORF1	1	618:2642	+	3040	linear	false		SAfiA-616-5	
MN769991.1	MN769991.1_UGV34798.1	UGV34798.1	UGV34798.1		ORF1	1	541:2559	+	2902	linear	false		SAfiA-647-7	
MN769993.1	MN769993.1_UGV34800.1	UGV34800.1	UGV34800.1		ORF1	1	518:2521	+	2897	linear	false		SAfiA-651-19	
MN769994.1	MN769994.1_UGV34801.1	UGV34801.1	UGV34801.1		ORF1	1	578:2608	+	2974	linear	false		SAfiA-658-3	
MN769997.1	MN769997.1_UGV34804.1	UGV34804.1	UGV34804.1		ORF1	1	474:2438	+	2824	linear	false		SAfiA-674-8	
MN769998.1	MN769998.1_UGV34805.1	UGV34805.1	UGV34805.1		ORF1	1	581:2602	+	2952	linear	false		SAfiA-680-3	
MN770002.1	MN770002.1_UGV34809.1	UGV34809.1	UGV34809.1		ORF1	1	594:2588	+	2929	linear	false		SAfiA-71-12	
MN770005.1	MN770005.1_UGV34812.1	UGV34812.1	UGV34812.1		ORF1	1	533:2485	+	2825	linear	false		SAfiA-75-298	
MN770009.1	MN770009.1_UGV34816.1	UGV34816.1	UGV34816.1		ORF1	1	550:2547	+	2889	linear	false		SAfiA-766-283	
MN770011.1	MN770011.1_UGV34818.1	UGV34818.1	UGV34818.1		ORF1	1	558:2558	+	2938	linear	false		SAfiA-774-154	
MN770015.1	MN770015.1_UGV34822.1	UGV34822.1	UGV34822.1		ORF1	1	538:2487	+	2858	linear	false		SAfiA-795-16	
MN770017.1	MN770017.1_UGV34824.1	UGV34824.1	UGV34824.1		ORF1	1	539:2518	+	2876	linear	false		SAfiA-813-453	
MN770019.1	MN770019.1_UGV34826.1	UGV34826.1	UGV34826.1		ORF1	1	538:2541	+	2905	linear	false		SAfiA-833-13	
MN770024.1	MN770024.1_UGV34831.1	UGV34831.1	UGV34831.1		ORF1	1	500:2506	+	2889	linear	false		SAfiA-857-191	
MN770026.1	MN770026.1_UGV34833.1	UGV34833.1	UGV34833.1		ORF1	1	500:2446	+	2874	linear	false		SAfiA-861-163	
MN770028.1	MN770028.1_UGV34835.1	UGV34835.1	UGV34835.1		ORF1	1	557:2512	+	2849	linear	false		SAfiA-87-35	
MN770030.1	MN770030.1_UGV34837.1	UGV34837.1	UGV34837.1		ORF1	1	550:2556	+	2987	linear	false		SAfiA-102-43	
MN770031.1	MN770031.1_UGV34838.1	UGV34838.1	UGV34838.1		ORF1	1	530:2476	+	2838	linear	false		SAfiA-113-25	
MN770034.1	MN770034.1_UGV34840.1	UGV34840.1	UGV34840.1		ORF1	1	530:2491	+	2802	linear	false		SAfiA-121-16	
MN770036.1	MN770036.1_UGV34842.1	UGV34842.1	UGV34842.1		ORF1	1	557:2590	+	2963	linear	false		SAfiA-224-13	
MN770037.1	MN770037.1_UGV34843.1	UGV34843.1	UGV34843.1		ORF1	1	539:2578	+	2950	linear	false		SAfiA-227-10	
MN770040.1	MN770040.1_UGV34846.1	UGV34846.1	UGV34846.1		ORF1	1	525:2582	+	2914	linear	false		SAfiA-235-37	
MN770044.1	MN770044.1_UGV34850.1	UGV34850.1	UGV34850.1		ORF1	1	563:2587	+	2974	linear	false		SAfiA-274-12	
MN770045.1	MN770045.1_UGV34851.1	UGV34851.1	UGV34851.1		ORF1	1	590:2635	+	2978	linear	false		SAfiA-275-24	
MN770046.1	MN770046.1_UGV34852.1	UGV34852.1	UGV34852.1		ORF1	1	517:2529	+	2886	linear	false		SAfiA-275-43	
MN770049.1	MN770049.1_UGV34855.1	UGV34855.1	UGV34855.1		ORF1	1	561:2588	+	2967	linear	false		SAfiA-306B-9	
MN770050.1	MN770050.1_UGV34856.1	UGV34856.1	UGV34856.1		ORF1	1	498:2492	+	2836	linear	false		SAfiA-311-17	
MN770051.1	MN770051.1_UGV34857.1	UGV34857.1	UGV34857.1		ORF1	1	564:2576	+	2959	linear	false		SAfiA-314-18	
MN770053.1	MN770053.1_UGV34859.1	UGV34859.1	UGV34859.1		ORF1	1	513:2480	+	2865	linear	false		SAfiA-333-17	
MN770056.1	MN770056.1_UGV34862.1	UGV34862.1	UGV34862.1		ORF1	1	521:2545	+	2916	linear	false		SAfiA-349-24	
MN770059.1	MN770059.1_UGV34865.1	UGV34865.1	UGV34865.1		ORF1	1	518:2542	+	2900	linear	false		SAfiA-35-28	
MN770060.1	MN770060.1_UGV34866.1	UGV34866.1	UGV34866.1		ORF1	1	604:2616	+	2982	linear	false		SAfiA-353-18	
MN770061.1	MN770061.1_UGV34867.1	UGV34867.1	UGV34867.1		ORF1	1	519:2585	+	2934	linear	false		SAfiA-353-19	
MN770062.1	MN770062.1_UGV34868.1	UGV34868.1	UGV34868.1		ORF1	1	517:2511	+	2901	linear	false		SAfiA-354-0	
MN770063.1	MN770063.1_UGV34869.1	UGV34869.1	UGV34869.1		ORF1	1	522:2537	+	2918	linear	false		SAfiA-35-44	
MN770064.1	MN770064.1_UGV34870.1	UGV34870.1	UGV34870.1		ORF1	1	507:2510	+	2851	linear	false		SAfiA-359-21	
MN770067.1	MN770067.1_UGV34873.1	UGV34873.1	UGV34873.1		ORF1	1	513:2477	+	2866	linear	false		SAfiA-367-33	
MN770069.1	MN770069.1_UGV34875.1	UGV34875.1	UGV34875.1		ORF1	1	521:2467	+	2849	linear	false		SAfiA-376-26	
MN770071.1	MN770071.1_UGV34877.1	UGV34877.1	UGV34877.1		ORF1	1	489:2507	+	2808	linear	false		SAfiA-388-102	
MN770072.1	MN770072.1_UGV34878.1	UGV34878.1	UGV34878.1		ORF1	1	516:2486	+	2823	linear	false		SAfiA-388-123	
MN770075.1	MN770075.1_UGV34881.1	UGV34881.1	UGV34881.1		ORF1	1	566:2620	+	2933	linear	false		SAfiA-4-12	
MN770077.1	MN770077.1_UGV34883.1	UGV34883.1	UGV34883.1		ORF1	1	483:2477	+	2863	linear	false		SAfiA-434-5	
MN770078.1	MN770078.1_UGV34884.1	UGV34884.1	UGV34884.1		ORF1	1	498:2486	+	2843	linear	false		SAfiA-434-6	
MN770080.1	MN770080.1_UGV34886.1	UGV34886.1	UGV34886.1		ORF1	1	569:2572	+	2933	linear	false		SAfiA-47-8	
MN770081.1	MN770081.1_UGV34887.1	UGV34887.1	UGV34887.1		ORF1	1	571:2586	+	2960	linear	false		SAfiA-488-5	
MN770082.1	MN770082.1_UGV34888.1	UGV34888.1	UGV34888.1		ORF1	1	563:2587	+	2974	linear	false		SAfiA-500-16	
MN770086.1	MN770086.1_UGV34892.1	UGV34892.1	UGV34892.1		ORF1	1	477:2483	+	2836	linear	false		SAfiA-542-36	
MN770087.1	MN770087.1_UGV34893.1	UGV34893.1	UGV34893.1		ORF1	1	503:2506	+	2923	linear	false		SAfiA-555-10	
MN770088.1	MN770088.1_UGV34894.1	UGV34894.1	UGV34894.1		ORF1	1	507:2504	+	2845	linear	false		SAfiA-558-10	
MN770091.1	MN770091.1_UGV34897.1	UGV34897.1	UGV34897.1		ORF1	1	492:2546	+	2952	linear	false		SAfiA-574-5	
MN770092.1	MN770092.1_UGV34898.1	UGV34898.1	UGV34898.1		ORF1	1	553:2595	+	2918	linear	false		SAfiA-581-13	
MN770093.1	MN770093.1_UGV34899.1	UGV34899.1	UGV34899.1		ORF1	1	507:2504	+	2845	linear	false		SAfiA-581-25	
MN770094.1	MN770094.1_UGV34900.1	UGV34900.1	UGV34900.1		ORF1	1	510:2480	+	2848	linear	false		SAfiA-581-41	
MN770097.1	MN770097.1_UGV34903.1	UGV34903.1	UGV34903.1		ORF1	1	599:2599	+	2915	linear	false		SAfiA-587-43	
MN770099.1	MN770099.1_UGV34905.1	UGV34905.1	UGV34905.1		ORF1	1	486:2501	+	2802	linear	false		SAfiA-590-68	
MN770101.1	MN770101.1_UGV34907.1	UGV34907.1	UGV34907.1		ORF1	1	493:2490	+	2852	linear	false		SAfiA-609-15	
MN770103.1	MN770103.1_UGV34909.1	UGV34909.1	UGV34909.1		ORF1	1	522:2549	+	2897	linear	false		SAfiA-611-142	
MN770104.1	MN770104.1_UGV34910.1	UGV34910.1	UGV34910.1		ORF1	1	515:2443	+	2821	linear	false		SAfiA-611-157	
MN770105.1	MN770105.1_UGV34911.1	UGV34911.1	UGV34911.1		ORF1	1	574:2559	+	2915	linear	false		SAfiA-628-26	
MN770106.1	MN770106.1_UGV34912.1	UGV34912.1	UGV34912.1		ORF1	1	498:2495	+	2866	linear	false		SAfiA-628-41	
MN770108.1	MN770108.1_UGV34914.1	UGV34914.1	UGV34914.1		ORF1	1	531:2477	+	2840	linear	false		SAfiA-646-10	
MN770109.1	MN770109.1_UGV34915.1	UGV34915.1	UGV34915.1		ORF1	1	566:2521	+	2889	linear	false		SAfiA-650-7	
MN770111.1	MN770111.1_UGV34917.1	UGV34917.1	UGV34917.1		ORF1	1	523:2526	+	2838	linear	false		SAfiA-67-2	
MN770112.1	MN770112.1_UGV34918.1	UGV34918.1	UGV34918.1		ORF1	1	599:2665	+	3046	linear	false		SAfiA-676-2	
MN770114.1	MN770114.1_UGV34920.1	UGV34920.1	UGV34920.1		ORF1	1	491:2479	+	2878	linear	false		SAfiA-686-15	
MN770118.1	MN770118.1_UGV34924.1	UGV34924.1	UGV34924.1		ORF1	1	506:2467	+	2811	linear	false		SAfiA-81-28	
MN770119.1	MN770119.1_UGV34925.1	UGV34925.1	UGV34925.1		ORF1	1	520:2508	+	2889	linear	false		SAfiA-859-9	
MN770121.1	MN770121.1_UGV34927.1	UGV34927.1	UGV34927.1		ORF1	1	490:2481	+	2782	linear	false		SAfiA-87-54	
MN770122.1	MN770122.1_UGV34928.1	UGV34928.1	UGV34928.1		ORF1	1	510:2480	+	2848	linear	false		SAfiA-88-26	
MN770123.1	MN770123.1_UGV34929.1	UGV34929.1	UGV34929.1		ORF1	1	539:2536	+	2874	linear	false		SAfiA-89-6	
MN770124.1	MN770124.1_UGV34930.1	UGV34930.1	UGV34930.1		ORF1	1	524:2560	+	2972	linear	false		SAfiA-94-10	
MN770125.1	MN770125.1_UGV34931.1	UGV34931.1	UGV34931.1		ORF1	1	528:2492	+	2839	linear	false		SAfiA-94-26	
MN770127.1	MN770127.1_UGV34933.1	UGV34933.1	UGV34933.1		ORF1	1	558:2558	+	2942	linear	false		SAfiA-100A-24	
MN770128.1	MN770128.1_UGV34934.1	UGV34934.1	UGV34934.1		ORF1	1	526:2538	+	2957	linear	false		SAfiA-225-3	
MN770129.1	MN770129.1_UGV34935.1	UGV34935.1	UGV34935.1		ORF1	1	533:2452	+	2826	linear	false		SAfiA-235-48	
MN770131.1	MN770131.1_UGV34937.1	UGV34937.1	UGV34937.1		ORF1	1	557:2584	+	2985	linear	false		SAfiA-267-9	
MN770132.1	MN770132.1_UGV34938.1	UGV34938.1	UGV34938.1		ORF1	1	504:2432	+	2809	linear	false		SAfiA-275-31	
MN770133.1	MN770133.1_UGV34939.1	UGV34939.1	UGV34939.1		ORF1	1	509:2446	+	2814	linear	false		SAfiA-275-58	
MN770134.1	MN770134.1_UGV34940.1	UGV34940.1	UGV34940.1		ORF1	1	508:2445	+	2867	linear	false		SAfiA-297-101	
MN770136.1	MN770136.1_UGV34942.1	UGV34942.1	UGV34942.1		ORF1	1	500:2494	+	2899	linear	false		SAfiA-31-21	
MN770137.1	MN770137.1_UGV34943.1	UGV34943.1	UGV34943.1		ORF1	1	527:2572	+	2911	linear	false		SAfiA-313A-25	
MN770138.1	MN770138.1_UGV34944.1	UGV34944.1	UGV34944.1		ORF1	1	505:2484	+	2830	linear	false		SAfiA-313B-30	
MN770140.1	MN770140.1_UGV34946.1	UGV34946.1	UGV34946.1		ORF1	1	527:2572	+	2884	linear	false		SAfiA-331-19	
MN770143.1	MN770143.1_UGV34949.1	UGV34949.1	UGV34949.1		ORF1	1	504:2489	+	2879	linear	false		SAfiA-35-35	
MN770145.1	MN770145.1_UGV34951.1	UGV34951.1	UGV34951.1		ORF1	1	518:2530	+	2907	linear	false		SAfiA-374-7	
MN770146.1	MN770146.1_UGV34952.1	UGV34952.1	UGV34952.1		ORF1	1	507:2456	+	2834	linear	false		SAfiA-37-8	
MN770147.1	MN770147.1_UGV34953.1	UGV34953.1	UGV34953.1		ORF1	1	527:2584	+	2923	linear	false		SAfiA-380-38	
MN770148.1	MN770148.1_UGV34954.1	UGV34954.1	UGV34954.1		ORF1	1	505:2433	+	2810	linear	false		SAfiA-388-145	
MN770149.1	MN770149.1_UGV34955.1	UGV34955.1	UGV34955.1		ORF1	1	520:2541	+	2897	linear	false		SAfiA-388-49	
MN770153.1	MN770153.1_UGV34958.1	UGV34958.1	UGV34958.1		ORF1	1	519:2507	+	2891	linear	false		SAfiA-504-7	
MN770154.1	MN770154.1_UGV34959.1	UGV34959.1	UGV34959.1		ORF1	1	541:2523	+	2869	linear	false		SAfiA-548-10	
MN770160.1	MN770160.1_UGV34964.1	UGV34964.1	UGV34964.1		ORF1	1	563:2572	+	2994	linear	false		SAfiA-604-5	
MN770161.1	MN770161.1_UGV34965.1	UGV34965.1	UGV34965.1		ORF1	1	566:2605	+	3020	linear	false		SAfiA-610-8	
MN770164.1	MN770164.1_UGV34968.1	UGV34968.1	UGV34968.1		ORF1	1	492:2501	+	2864	linear	false		SAfiA-651-29	
MN770168.1	MN770168.1_UGV34972.1	UGV34972.1	UGV34972.1		ORF1	1	515:2491	+	2832	linear	false		SAfiA-684-10	
MN770170.1	MN770170.1_UGV34974.1	UGV34974.1	UGV34974.1		ORF1	1	613:2613	+	2992	linear	false		SAfiA-692-0	
MN770172.1	MN770172.1_UGV34976.1	UGV34976.1	UGV34976.1		ORF1	1	527:2584	+	2950	linear	false		SAfiA-77-88	
MN770174.1	MN770174.1_UGV34978.1	UGV34978.1	UGV34978.1		ORF1	1	519:2534	+	2912	linear	false		SAfiA-867-318	
MN770177.1	MN770177.1_UGV34981.1	UGV34981.1	UGV34981.1		ORF1	1	551:2557	+	2906	linear	false		SAfiA-118-5	
MN770179.1	MN770179.1_UGV34983.1	UGV34983.1	UGV34983.1		ORF1	1	540:2564	+	2944	linear	false		SAfiA-275-30	
MN770181.1	MN770181.1_UGV34985.1	UGV34985.1	UGV34985.1		ORF1	1	542:2557	+	2906	linear	false		SAfiA-317-7	
MN770184.1	MN770184.1_UGV34988.1	UGV34988.1	UGV34988.1		ORF1	1	579:2609	+	2997	linear	false		SAfiA-326-3	
MN770185.1	MN770185.1_UGV34989.1	UGV34989.1	UGV34989.1		ORF1	1	563:2584	+	2939	linear	false		SAfiA-349-15	
MN770187.1	MN770187.1_UGV34991.1	UGV34991.1	UGV34991.1		ORF1	1	497:2476	+	2810	linear	false		SAfiA-369-26	
MN770189.1	MN770189.1_UGV34993.1	UGV34993.1	UGV34993.1		ORF1	1	501:2471	+	2817	linear	false		SAfiA-380-68	
MN770190.1	MN770190.1_UGV34994.1	UGV34994.1	UGV34994.1		ORF1	1	535:2547	+	2938	linear	false		SAfiA-38-5	
MN770191.1	MN770191.1_UGV34995.1	UGV34995.1	UGV34995.1		ORF1	1	492:2477	+	2877	linear	false		SAfiA-388-110	
MN770193.1	MN770193.1_UGV34997.1	UGV34997.1	UGV34997.1		ORF1	1	509:2548	+	2923	linear	false		SAfiA-388-26	
MN770194.1	MN770194.1_UGV34998.1	UGV34998.1	UGV34998.1		ORF1	1	466:2475	+	2833	linear	false		SAfiA-413-6	
MN770196.1	MN770196.1_UGV35000.1	UGV35000.1	UGV35000.1		ORF1	1	524:2557	+	2960	linear	false		SAfiA-442-9	
MN770199.1	MN770199.1_UGV35003.1	UGV35003.1	UGV35003.1		ORF1	1	573:2609	+	2976	linear	false		SAfiA-51-9	
MN770201.1	MN770201.1_UGV35005.1	UGV35005.1	UGV35005.1		ORF1	1	527:2572	+	2911	linear	false		SAfiA-615-694	
MN770202.1	MN770202.1_UGV35006.1	UGV35006.1	UGV35006.1		ORF1	1	551:2581	+	2952	linear	false		SAfiA-628-25	
MN770204.1	MN770204.1_UGV35008.1	UGV35008.1	UGV35008.1		ORF1	1	531:2570	+	2945	linear	false		SAfiA-670-5	
MN770209.1	MN770209.1_UGV35013.1	UGV35013.1	UGV35013.1		ORF1	1	563:2515	+	2854	linear	false		SAfiA-87-45	
MN770213.1	MN770213.1_UGV35017.1	UGV35017.1	UGV35017.1		ORF1	1	843:2549	+	2922	linear	false		SAfiA-572-21	
MN770214.1	MN770214.1_UGV35018.1	UGV35018.1	UGV35018.1		ORF1	1	533:2548	+	2894	linear	false		SAfiA-121-13	
MN770216.1	MN770216.1_UGV35020.1	UGV35020.1	UGV35020.1		ORF1	1	518:2560	+	2919	linear	false		SAfiA-263-12	
MN770217.1	MN770217.1_UGV35021.1	UGV35021.1	UGV35021.1		ORF1	1	570:2579	+	2957	linear	false		SAfiA-275-29	
MN770218.1	MN770218.1_UGV35022.1	UGV35022.1	UGV35022.1		ORF1	1	518:2560	+	2919	linear	false		SAfiA-367-22	
MN770219.1	MN770219.1_UGV35023.1	UGV35023.1	UGV35023.1		ORF1	1	474:2489	+	2841	linear	false		SAfiA-388-100	
MN770220.1	MN770220.1_UGV35024.1	UGV35024.1	UGV35024.1		ORF1	1	523:2496	+	2897	linear	false		SAfiA-55-13	
MN770224.1	MN770224.1_UGV35028.1	UGV35028.1	UGV35028.1		ORF1	1	526:2550	+	2886	linear	false		SAfiA-833-8	
MN770227.1	MN770227.1_UGV35031.1	UGV35031.1	UGV35031.1		ORF1	1	556:2574	+	2933	linear	false		SAfiA-39-4	
MN770228.1	MN770228.1_UGV35032.1	UGV35032.1	UGV35032.1		ORF1	1	507:2510	+	2842	linear	false		SAfiA-402-19	
MN770229.1	MN770229.1_UGV35033.1	UGV35033.1	UGV35033.1		ORF1	1	509:2512	+	2844	linear	false		SAfiA-404-10	
MN770230.1	MN770230.1_UGV35034.1	UGV35034.1	UGV35034.1		ORF1	1	477:2477	+	2832	linear	false		SAfiA-297-97	
MN770231.1	MN770231.1_UGV35035.1	UGV35035.1	UGV35035.1		ORF1	1	518:2560	+	2919	linear	false		SAfiA-577-88	
MN770232.1	MN770232.1_UGV35036.1	UGV35036.1	UGV35036.1		ORF1	1	518:2560	+	2919	linear	false		SAfiA-578-11	
MN770233.1	MN770233.1_UGV35037.1	UGV35037.1	UGV35037.1		ORF1	1	513:2483	+	2831	linear	false		SAfiA-49-15	
MN770234.1	MN770234.1_UGV35038.1	UGV35038.1	UGV35038.1		ORF1	1	535:2487	+	2887	linear	false		SAfiA-514-16	
MN770235.1	MN770235.1_UGV35039.1	UGV35039.1	UGV35039.1		ORF1	1	549:2603	+	2949	linear	false		SAfiA-233-10	
MN770236.1	MN770236.1_UGV35040.1	UGV35040.1	UGV35040.1		ORF1	1	591:2636	+	2982	linear	false		SAfiA-254-15	
MN770238.1	MN770238.1_UGV35042.1	UGV35042.1	UGV35042.1		ORF1	1	527:2584	+	2923	linear	false		SAfiA-388-36	
MN770239.1	MN770239.1_UGV35043.1	UGV35043.1	UGV35043.1		ORF1	1	525:2534	+	2872	linear	false		SAfiA-453-9	
MN770243.1	MN770243.1_UGV35047.1	UGV35047.1	UGV35047.1		ORF1	1	504:2393	+	2764	linear	false		SAfiA-124-41	
MN770244.1	MN770244.1_UGV35048.1	UGV35048.1	UGV35048.1		ORF1	1	525:2534	+	2887	linear	false		SAfiA-230-12	
MN770246.1	MN770246.1_UGV35050.1	UGV35050.1	UGV35050.1		ORF1	1	516:2489	+	2863	linear	false		SAfiA-236-2	
MN770248.1	MN770248.1_UGV35052.1	UGV35052.1	UGV35052.1		ORF1	1	395:2413	+	2863	linear	false		SAfiA-300-21	
MN770249.1	MN770249.1_UGV35053.1	UGV35053.1	UGV35053.1		ORF1	1	508:2409	+	2778	linear	false		SAfiA-315-23	
MN770250.1	MN770250.1_UGV35054.1	UGV35054.1	UGV35054.1		ORF1	1	512:2494	+	2907	linear	false		SAfiA-316-24	
MN770252.1	MN770252.1_UGV35056.1	UGV35056.1	UGV35056.1		ORF1	1	540:2567	+	2939	linear	false		SAfiA-327-10	
MN770259.1	MN770259.1_UGV35063.1	UGV35063.1	UGV35063.1		ORF1	1	504:2393	+	2764	linear	false		SAfiA-388-143	
MN770260.1	MN770260.1_UGV35064.1	UGV35064.1	UGV35064.1		ORF1	1	481:2433	+	2819	linear	false		SAfiA-393-24	
MN770262.1	MN770262.1_UGV35066.1	UGV35066.1	UGV35066.1		ORF1	1	521:2515	+	2881	linear	false		SAfiA-552-25	
MN770264.1	MN770264.1_UGV35068.1	UGV35068.1	UGV35068.1		ORF1	1	481:2433	+	2819	linear	false		SAfiA-569-46	
MN770265.1	MN770265.1_UGV35069.1	UGV35069.1	UGV35069.1		ORF1	1	503:2452	+	2774	linear	false		SAfiA-573-45	
MN770266.1	MN770266.1_UGV35070.1	UGV35070.1	UGV35070.1		ORF1	1	441:2345	+	2711	linear	false		SAfiA-587-311	
MN770267.1	MN770267.1_UGV35071.1	UGV35071.1	UGV35071.1		ORF1	1	591:2477	+	2859	linear	false		SAfiA-587-393	
MN770273.1	MN770273.1_UGV35077.1	UGV35077.1	UGV35077.1		ORF1	1	522:2444	+	2802	linear	false		SAfiA-824-3	
MN770277.1	MN770277.1_UGV35081.1	UGV35081.1	UGV35081.1		ORF1	1	487:2421	+	2771	linear	false		SAfiA-87-49	
MN770279.1	MN770279.1_UGV35083.1	UGV35083.1	UGV35083.1		ORF1	1	530:2551	+	2912	linear	false		SAfiA-10-11	
MN770282.1	MN770282.1_UGV35086.1	UGV35086.1	UGV35086.1		ORF1	1	524:2560	+	2944	linear	false		SAfiA-116-18	
MN770283.1	MN770283.1_UGV35087.1	UGV35087.1	UGV35087.1		ORF1	1	527:2545	+	2898	linear	false		SAfiA-122-9	
MN770285.1	MN770285.1_UGV35089.1	UGV35089.1	UGV35089.1		ORF1	1	517:2505	+	2916	linear	false		SAfiA-125-14	
MN770293.1	MN770293.1_UGV35097.1	UGV35097.1	UGV35097.1		ORF1	1	543:2546	+	2916	linear	false		SAfiA-274-24	
MN770297.1	MN770297.1_UGV35101.1	UGV35101.1	UGV35101.1		ORF1	1	532:2562	+	2937	linear	false		SAfiA-327-3	
MN770301.1	MN770301.1_UGV35105.1	UGV35105.1	UGV35105.1		ORF1	1	518:2506	+	2944	linear	false		SAfiA-34-7	
MN770302.1	MN770302.1_UGV35106.1	UGV35106.1	UGV35106.1		ORF1	1	532:2568	+	2939	linear	false		SAfiA-350-17	
MN770303.1	MN770303.1_UGV35107.1	UGV35107.1	UGV35107.1		ORF1	1	502:2487	+	2824	linear	false		SAfiA-350-39	
MN770305.1	MN770305.1_UGV35109.1	UGV35109.1	UGV35109.1		ORF1	1	530:2572	+	2946	linear	false		SAfiA-388-20	
MN770307.1	MN770307.1_UGV35111.1	UGV35111.1	UGV35111.1		ORF1	1	564:2576	+	2959	linear	false		SAfiA-388-50	
MN770308.1	MN770308.1_UGV35112.1	UGV35112.1	UGV35112.1		ORF1	1	534:2495	+	2862	linear	false		SAfiA-401-22	
MN770312.1	MN770312.1_UGV35116.1	UGV35116.1	UGV35116.1		ORF1	1	536:2470	+	2838	linear	false		SAfiA-4-20	
MN770317.1	MN770317.1_UGV35121.1	UGV35121.1	UGV35121.1		ORF1	1	511:2487	+	2870	linear	false		SAfiA-491-15	
MN770318.1	MN770318.1_UGV35122.1	UGV35122.1	UGV35122.1		ORF1	1	487:2424	+	2821	linear	false		SAfiA-514-29	
MN770320.1	MN770320.1_UGV35124.1	UGV35124.1	UGV35124.1		ORF1	1	528:2531	+	2917	linear	false		SAfiA-55-16	
MN770322.1	MN770322.1_UGV35126.1	UGV35126.1	UGV35126.1		ORF1	1	522:2519	+	2902	linear	false		SAfiA-573-25	
MN770323.1	MN770323.1_UGV35127.1	UGV35127.1	UGV35127.1		ORF1	1	519:2543	+	2920	linear	false		SAfiA-581-11	
MN770324.1	MN770324.1_UGV35128.1	UGV35128.1	UGV35128.1		ORF1	1	516:2522	+	2916	linear	false		SAfiA-587-39	
MN770328.1	MN770328.1_UGV35132.1	UGV35132.1	UGV35132.1		ORF1	1	521:2533	+	2907	linear	false		SAfiA-666-11	
MN770330.1	MN770330.1_UGV35134.1	UGV35134.1	UGV35134.1		ORF1	1	519:2492	+	2873	linear	false		SAfiA-69B-45	
MN770331.1	MN770331.1_UGV35135.1	UGV35135.1	UGV35135.1		ORF1	1	515:2512	+	2895	linear	false		SAfiA-765-10	
MN770332.1	MN770332.1_UGV35136.1	UGV35136.1	UGV35136.1		ORF1	1	508:2487	+	2883	linear	false		SAfiA-791-116	
MN770333.1	MN770333.1_UGV35137.1	UGV35137.1	UGV35137.1		ORF1	1	545:2566	+	2939	linear	false		SAfiA-842-3	
MN770334.1	MN770334.1_UGV35138.1	UGV35138.1	UGV35138.1		ORF1	1	538:2496	+	2859	linear	false		SAfiA-865-110	
MN770335.1	MN770335.1_UGV35139.1	UGV35139.1	UGV35139.1		ORF1	1	524:2485	+	2861	linear	false		SAfiA-87-32	
MN770336.1	MN770336.1_UGV35140.1	UGV35140.1	UGV35140.1		ORF1	1	531:2555	+	2914	linear	false		SAfiA-100A-28	
MN770337.1	MN770337.1_UGV35141.1	UGV35141.1	UGV35141.1		ORF1	1	513:2516	+	2895	linear	false		SAfiA-234-12	
MN770338.1	MN770338.1_UGV35142.1	UGV35142.1	UGV35142.1		ORF1	1	559:2556	+	2937	linear	false		SAfiA-235-21	
MN770341.1	MN770341.1_UGV35145.1	UGV35145.1	UGV35145.1		ORF1	1	536:2557	+	2929	linear	false		SAfiA-278-7	
MN770342.1	MN770342.1_UGV35146.1	UGV35146.1	UGV35146.1		ORF1	1	527:2563	+	2921	linear	false		SAfiA-27-9	
MN770344.1	MN770344.1_UGV35148.1	UGV35148.1	UGV35148.1		ORF1	1	501:2507	+	2856	linear	false		SAfiA-330-12	
MN770345.1	MN770345.1_UGV35149.1	UGV35149.1	UGV35149.1		ORF1	1	526:2550	+	2929	linear	false		SAfiA-33-15	
MN770346.1	MN770346.1_UGV35150.1	UGV35150.1	UGV35150.1		ORF1	1	495:2528	+	2920	linear	false		SAfiA-332-4	
MN770347.1	MN770347.1_UGV35151.1	UGV35151.1	UGV35151.1		ORF1	1	541:2526	+	2891	linear	false		SAfiA-334-17	
MN770349.1	MN770349.1_UGV35153.1	UGV35153.1	UGV35153.1		ORF1	1	583:2601	+	2972	linear	false		SAfiA-338-13	
MN770350.1	MN770350.1_UGV35154.1	UGV35154.1	UGV35154.1		ORF1	1	518:2512	+	2824	linear	false		SAfiA-346-22	
MN770351.1	MN770351.1_UGV35155.1	UGV35155.1	UGV35155.1		ORF1	1	510:2501	+	2882	linear	false		SAfiA-346-30	
MN770352.1	MN770352.1_UGV35156.1	UGV35156.1	UGV35156.1		ORF1	1	516:2495	+	2867	linear	false		SAfiA-352-13	
MN770353.1	MN770353.1_UGV35157.1	UGV35157.1	UGV35157.1		ORF1	1	500:2500	+	2902	linear	false		SAfiA-360-15	
MN770355.1	MN770355.1_UGV35159.1	UGV35159.1	UGV35159.1		ORF1	1	491:2500	+	2847	linear	false		SAfiA-361-28	
MN770357.1	MN770357.1_UGV35161.1	UGV35161.1	UGV35161.1		ORF1	1	593:2611	+	2962	linear	false		SAfiA-369-12	
MN770359.1	MN770359.1_UGV35163.1	UGV35163.1	UGV35163.1		ORF1	1	532:2574	+	2958	linear	false		SAfiA-387-1	
MN770360.1	MN770360.1_UGV35164.1	UGV35164.1	UGV35164.1		ORF1	1	521:2533	+	2891	linear	false		SAfiA-387-4	
MN770361.1	MN770361.1_UGV35165.1	UGV35165.1	UGV35165.1		ORF1	1	520:2520	+	2845	linear	false		SAfiA-388-125	
MN770362.1	MN770362.1_UGV35166.1	UGV35166.1	UGV35166.1		ORF1	1	503:2515	+	2893	linear	false		SAfiA-388-128	
MN770364.1	MN770364.1_UGV35168.1	UGV35168.1	UGV35168.1		ORF1	1	517:2517	+	2883	linear	false		SAfiA-388-62	
MN770366.1	MN770366.1_UGV35170.1	UGV35170.1	UGV35170.1		ORF1	1	505:2478	+	2901	linear	false		SAfiA-42-3	
MN770367.1	MN770367.1_UGV35171.1	UGV35171.1	UGV35171.1		ORF1	1	513:2543	+	2900	linear	false		SAfiA-427-3	
MN770371.1	MN770371.1_UGV35175.1	UGV35175.1	UGV35175.1		ORF1	1	502:2496	+	2877	linear	false		SAfiA-512-7	
MN770374.1	MN770374.1_UGV35178.1	UGV35178.1	UGV35178.1		ORF1	1	539:2530	+	2888	linear	false		SAfiA-542-39	
MN770375.1	MN770375.1_UGV35179.1	UGV35179.1	UGV35179.1		ORF1	1	529:2502	+	2877	linear	false		SAfiA-552-23	
MN770378.1	MN770378.1_UGV35182.1	UGV35182.1	UGV35182.1		ORF1	1	462:2483	+	2844	linear	false		SAfiA-564-3	
MN770379.1	MN770379.1_UGV35183.1	UGV35183.1	UGV35183.1		ORF1	1	527:2575	+	2923	linear	false		SAfiA-565-10	
MN770382.1	MN770382.1_UGV35186.1	UGV35186.1	UGV35186.1		ORF1	1	546:2555	+	2938	linear	false		SAfiA-578-6	
MN770383.1	MN770383.1_UGV35187.1	UGV35187.1	UGV35187.1		ORF1	1	580:2577	+	2954	linear	false		SAfiA-587-19	
MN770384.1	MN770384.1_UGV35188.1	UGV35188.1	UGV35188.1		ORF1	1	518:2521	+	2887	linear	false		SAfiA-587-51	
MN770386.1	MN770386.1_UGV35190.1	UGV35190.1	UGV35190.1		ORF1	1	469:2463	+	2845	linear	false		SAfiA-590-58	
MN770389.1	MN770389.1_UGV35193.1	UGV35193.1	UGV35193.1		ORF1	1	497:2476	+	2837	linear	false		SAfiA-6-15	
MN770390.1	MN770390.1_UGV35194.1	UGV35194.1	UGV35194.1		ORF1	1	491:2488	+	2862	linear	false		SAfiA-615-676	
MN770392.1	MN770392.1_UGV35196.1	UGV35196.1	UGV35196.1		ORF1	1	479:2509	+	2825	linear	false		SAfiA-644-9	
MN770393.1	MN770393.1_UGV35197.1	UGV35197.1	UGV35197.1		ORF1	1	612:2624	+	2977	linear	false		SAfiA-668-2	
MN770395.1	MN770395.1_UGV35199.1	UGV35199.1	UGV35199.1		ORF1	1	483:2417	+	2781	linear	false		SAfiA-676-31	
MN770396.1	MN770396.1_UGV35200.1	UGV35200.1	UGV35200.1		ORF1	1	572:2596	+	2948	linear	false		SAfiA-680-4	
MN770398.1	MN770398.1_UGV35202.1	UGV35202.1	UGV35202.1		ORF1	1	515:2491	+	2849	linear	false		SAfiA-701-9	
MN770401.1	MN770401.1_UGV35205.1	UGV35205.1	UGV35205.1		ORF1	1	464:2479	+	2856	linear	false		SAfiA-77-120	
MN770403.1	MN770403.1_UGV35207.1	UGV35207.1	UGV35207.1		ORF1	1	536:2569	+	2913	linear	false		SAfiA-77-92	
MN770405.1	MN770405.1_UGV35209.1	UGV35209.1	UGV35209.1		ORF1	1	484:2451	+	2812	linear	false		SAfiA-787-10	
MN770406.1	MN770406.1_UGV35210.1	UGV35210.1	UGV35210.1		ORF1	1	599:2563	+	2902	linear	false		SAfiA-787-13	
MN770407.1	MN770407.1_UGV35211.1	UGV35211.1	UGV35211.1		ORF1	1	529:2571	+	2945	linear	false		SAfiA-787-7	
MN770408.1	MN770408.1_UGV35212.1	UGV35212.1	UGV35212.1		ORF1	1	501:2468	+	2851	linear	false		SAfiA-789-6	
MN770410.1	MN770410.1_UGV35214.1	UGV35214.1	UGV35214.1		ORF1	1	514:2520	+	2912	linear	false		SAfiA-794-3	
MN770411.1	MN770411.1_UGV35215.1	UGV35215.1	UGV35215.1		ORF1	1	551:2557	+	2988	linear	false		SAfiA-795-11	
MN770413.1	MN770413.1_UGV35217.1	UGV35217.1	UGV35217.1		ORF1	1	519:2549	+	2931	linear	false		SAfiA-854-10	
MN770415.1	MN770415.1_UGV35219.1	UGV35219.1	UGV35219.1		ORF1	1	520:2526	+	2901	linear	false		SAfiA-88-16	
MN770416.1	MN770416.1_UGV35220.1	UGV35220.1	UGV35220.1		ORF1	1	464:2479	+	2857	linear	false		SAfiA-88-25	
MN770418.1	MN770418.1_UGV35222.1	UGV35222.1	UGV35222.1		ORF1	1	469:2454	+	2828	linear	false		SAfiA-287B-11	
MN770419.1	MN770419.1_UGV35223.1	UGV35223.1	UGV35223.1		ORF1	1	500:2482	+	2861	linear	false		SAfiA-307-5	
MN770420.1	MN770420.1_UGV35224.1	UGV35224.1	UGV35224.1		ORF1	1	511:2499	+	2876	linear	false		SAfiA-350-36	
MN770421.1	MN770421.1_UGV35225.1	UGV35225.1	UGV35225.1		ORF1	1	533:2533	+	2884	linear	false		SAfiA-536-7	
MN770422.1	MN770422.1_UGV35226.1	UGV35226.1	UGV35226.1		ORF1	1	511:2499	+	2876	linear	false		SAfiA-682-5	
MN770425.1	MN770425.1_UGV35229.1	UGV35229.1	UGV35229.1		ORF1	1	551:2545	+	2922	linear	false		SAfiA-640-12	
MN770426.1	MN770426.1_UGV35230.1	UGV35230.1	UGV35230.1		ORF1	1	589:2589	+	2967	linear	false		SAfiA-369-11	
MN770428.1	MN770428.1_UGV35232.1	UGV35232.1	UGV35232.1		ORF1	1	486:2480	+	2841	linear	false		SAfiA-646-15	
MN770429.1	MN770429.1_UGV35233.1	UGV35233.1	UGV35233.1		ORF1	1	476:2467	+	2825	linear	false		SAfiA-49-16	
MN770430.1	MN770430.1_UGV35234.1	UGV35234.1	UGV35234.1		ORF1	1	482:2476	+	2826	linear	false		SAfiA-587-81	
MN770431.1	MN770431.1_UGV35235.1	UGV35235.1	UGV35235.1		ORF1	1	476:2458	+	2804	linear	false		SAfiA-301-14	
MN770432.1	MN770432.1_UGV35236.1	UGV35236.1	UGV35236.1		ORF1	1	485:2488	+	2824	linear	false		SAfiA-40-4	
MN770433.1	MN770433.1_UGV35237.1	UGV35237.1	UGV35237.1		ORF1	1	521:2530	+	2876	linear	false		SAfiA-468-9	
MN770435.1	MN770435.1_UGV35239.1	UGV35239.1	UGV35239.1		ORF1	1	587:2593	+	2950	linear	false		SAfiA-321-8	
MN770436.1	MN770436.1_UGV35240.1	UGV35240.1	UGV35240.1		ORF1	1	455:2452	+	2800	linear	false		SAfiA-388-133	
MN770437.1	MN770437.1_UGV35241.1	UGV35241.1	UGV35241.1		ORF1	1	513:2519	+	2897	linear	false		SAfiA-567-19	
MN770440.1	MN770440.1_UGV35244.1	UGV35244.1	UGV35244.1		ORF1	1	475:2469	+	2814	linear	false		SAfiA-285B-2	
MN770446.1	MN770446.1_UGV35250.1	UGV35250.1	UGV35250.1		ORF1	1	484:2475	+	2802	linear	false		SAfiA-552-34	
MN770447.1	MN770447.1_UGV35251.1	UGV35251.1	UGV35251.1		ORF1	1	487:2475	+	2852	linear	false		SAfiA-104-13	
MN770451.1	MN770451.1_UGV35255.1	UGV35255.1	UGV35255.1		ORF1	1	521:2536	+	2901	linear	false		SAfiA-107-19	
MN770452.1	MN770452.1_UGV35256.1	UGV35256.1	UGV35256.1		ORF1	1	507:2456	+	2796	linear	false		SAfiA-108-26	
MN770455.1	MN770455.1_UGV35259.1	UGV35259.1	UGV35259.1		ORF1	1	488:2476	+	2805	linear	false		SAfiA-11-33	
MN770456.1	MN770456.1_UGV35260.1	UGV35260.1	UGV35260.1		ORF1	1	528:2534	+	2907	linear	false		SAfiA-116-21	
MN770457.1	MN770457.1_UGV35261.1	UGV35261.1	UGV35261.1		ORF1	1	552:2576	+	2931	linear	false		SAfiA-119-6	
MN770458.1	MN770458.1_UGV35262.1	UGV35262.1	UGV35262.1		ORF1	1	564:2642	+	2994	linear	false		SAfiA-122-6	
MN770459.1	MN770459.1_UGV35263.1	UGV35263.1	UGV35263.1		ORF1	1	529:2547	+	2914	linear	false		SAfiA-122-8	
MN770463.1	MN770463.1_UGV35267.1	UGV35267.1	UGV35267.1		ORF1	1	500:2467	+	2850	linear	false		SAfiA-124-33	
MN770464.1	MN770464.1_UGV35268.1	UGV35268.1	UGV35268.1		ORF1	1	540:2546	+	2889	linear	false		SAfiA-128A-25	
MN770465.1	MN770465.1_UGV35269.1	UGV35269.1	UGV35269.1		ORF1	1	514:2475	+	2877	linear	false		SAfiA-128A-26	
MN770466.1	MN770466.1_UGV35270.1	UGV35270.1	UGV35270.1		ORF1	1	451:2412	+	2769	linear	false		SAfiA-12A-5	
MN770468.1	MN770468.1_UGV35272.1	UGV35272.1	UGV35272.1		ORF1	1	573:2561	+	2909	linear	false		SAfiA-224-26	
MN770469.1	MN770469.1_UGV35273.1	UGV35273.1	UGV35273.1		ORF1	1	496:2460	+	2847	linear	false		SAfiA-224-28	
MN770470.1	MN770470.1_UGV35274.1	UGV35274.1	UGV35274.1		ORF1	1	528:2501	+	2855	linear	false		SAfiA-224-31	
MN770472.1	MN770472.1_UGV35276.1	UGV35276.1	UGV35276.1		ORF1	1	492:2483	+	2829	linear	false		SAfiA-229-11	
MN770475.1	MN770475.1_UGV35279.1	UGV35279.1	UGV35279.1		ORF1	1	577:2646	+	2994	linear	false		SAfiA-232-9	
MN770476.1	MN770476.1_UGV35280.1	UGV35280.1	UGV35280.1		ORF1	1	533:2560	+	2951	linear	false		SAfiA-234-8	
MN770478.1	MN770478.1_UGV35282.1	UGV35282.1	UGV35282.1		ORF1	1	482:2416	+	2780	linear	false		SAfiA-235-52	
MN770479.1	MN770479.1_UGV35283.1	UGV35283.1	UGV35283.1		ORF1	1	504:2462	+	2845	linear	false		SAfiA-238-14	
MN770480.1	MN770480.1_UGV35284.1	UGV35284.1	UGV35284.1		ORF1	1	502:2469	+	2852	linear	false		SAfiA-241-23	
MN770482.1	MN770482.1_UGV35286.1	UGV35286.1	UGV35286.1		ORF1	1	539:2509	+	2864	linear	false		SAfiA-242-25	
MN770483.1	MN770483.1_UGV35287.1	UGV35287.1	UGV35287.1		ORF1	1	535:2580	+	2995	linear	false		SAfiA-244-6	
MN770484.1	MN770484.1_UGV35288.1	UGV35288.1	UGV35288.1		ORF1	1	495:2510	+	2875	linear	false		SAfiA-245-18	
MN770485.1	MN770485.1_UGV35289.1	UGV35289.1	UGV35289.1		ORF1	1	543:2552	+	2902	linear	false		SAfiA-245-19	
MN770486.1	MN770486.1_UGV35290.1	UGV35290.1	UGV35290.1		ORF1	1	482:2416	+	2780	linear	false		SAfiA-245-24	
MN770489.1	MN770489.1_UGV35293.1	UGV35293.1	UGV35293.1		ORF1	1	523:2547	+	2965	linear	false		SAfiA-251-11	
MN770490.1	MN770490.1_UGV35294.1	UGV35294.1	UGV35294.1		ORF1	1	525:2537	+	2988	linear	false		SAfiA-251-13	
MN770495.1	MN770495.1_UGV35299.1	UGV35299.1	UGV35299.1		ORF1	1	512:2509	+	2863	linear	false		SAfiA-262-10	
MN770497.1	MN770497.1_UGV35301.1	UGV35301.1	UGV35301.1		ORF1	1	491:2476	+	2831	linear	false		SAfiA-263-19	
MN770500.1	MN770500.1_UGV35304.1	UGV35304.1	UGV35304.1		ORF1	1	487:2433	+	2768	linear	false		SAfiA-265-23	
MN770501.1	MN770501.1_UGV35305.1	UGV35305.1	UGV35305.1		ORF1	1	505:2466	+	2845	linear	false		SAfiA-266-9	
MN770502.1	MN770502.1_UGV35306.1	UGV35306.1	UGV35306.1		ORF1	1	541:2550	+	2899	linear	false		SAfiA-267-15	
MN770503.1	MN770503.1_UGV35307.1	UGV35307.1	UGV35307.1		ORF1	1	509:2491	+	2870	linear	false		SAfiA-267-16	
MN770506.1	MN770506.1_UGV35310.1	UGV35310.1	UGV35310.1		ORF1	1	503:2464	+	2817	linear	false		SAfiA-273-7	
MN770507.1	MN770507.1_UGV35311.1	UGV35311.1	UGV35311.1		ORF1	1	547:2544	+	2935	linear	false		SAfiA-274-15	
MN770508.1	MN770508.1_UGV35312.1	UGV35312.1	UGV35312.1		ORF1	1	552:2573	+	2928	linear	false		SAfiA-274-17	
MN770511.1	MN770511.1_UGV35315.1	UGV35315.1	UGV35315.1		ORF1	1	386:2407	+	2761	linear	false		SAfiA-277-40	
MN770513.1	MN770513.1_UGV35317.1	UGV35317.1	UGV35317.1		ORF1	1	482:2416	+	2753	linear	false		SAfiA-301-16	
MN770514.1	MN770514.1_UGV35318.1	UGV35318.1	UGV35318.1		ORF1	1	518:2509	+	2948	linear	false		SAfiA-304-10	
MN770515.1	MN770515.1_UGV35319.1	UGV35319.1	UGV35319.1		ORF1	1	529:2532	+	2921	linear	false		SAfiA-304-12	
MN770516.1	MN770516.1_UGV35320.1	UGV35320.1	UGV35320.1		ORF1	1	539:2422	+	2768	linear	false		SAfiA-304-14	
MN770519.1	MN770519.1_UGV35323.1	UGV35323.1	UGV35323.1		ORF1	1	248:2242	+	2580	linear	false		SAfiA-306A-56	
MN770520.1	MN770520.1_UGV35324.1	UGV35324.1	UGV35324.1		ORF1	1	520:2457	+	2824	linear	false		SAfiA-306B-32	
MN770525.1	MN770525.1_UGV35329.1	UGV35329.1	UGV35329.1		ORF1	1	530:2518	+	2891	linear	false		SAfiA-312-9	
MN770526.1	MN770526.1_UGV35330.1	UGV35330.1	UGV35330.1		ORF1	1	500:2434	+	2784	linear	false		SAfiA-314-21	
MN770527.1	MN770527.1_UGV35331.1	UGV35331.1	UGV35331.1		ORF1	1	526:2547	+	2924	linear	false		SAfiA-316-14	
MN770529.1	MN770529.1_UGV35333.1	UGV35333.1	UGV35333.1		ORF1	1	537:2576	+	2949	linear	false		SAfiA-319-15	
MN770531.1	MN770531.1_UGV35335.1	UGV35335.1	UGV35335.1		ORF1	1	539:2530	+	2897	linear	false		SAfiA-32-1	
MN770532.1	MN770532.1_UGV35336.1	UGV35336.1	UGV35336.1		ORF1	1	524:2533	+	2954	linear	false		SAfiA-321-7	
MN770533.1	MN770533.1_UGV35337.1	UGV35337.1	UGV35337.1		ORF1	1	468:2462	+	2844	linear	false		SAfiA-324-18	
MN770535.1	MN770535.1_UGV35339.1	UGV35339.1	UGV35339.1		ORF1	1	573:2528	+	2871	linear	false		SAfiA-325-19	
MN770537.1	MN770537.1_UGV35341.1	UGV35341.1	UGV35341.1		ORF1	1	531:2543	+	2900	linear	false		SAfiA-327-14	
MN770538.1	MN770538.1_UGV35342.1	UGV35342.1	UGV35342.1		ORF1	1	501:2510	+	2899	linear	false		SAfiA-327-15	
MN770541.1	MN770541.1_UGV35345.1	UGV35345.1	UGV35345.1		ORF1	1	525:2567	+	2998	linear	false		SAfiA-330-4	
MN770543.1	MN770543.1_UGV35347.1	UGV35347.1	UGV35347.1		ORF1	1	533:2548	+	2911	linear	false		SAfiA-330-8	
MN770544.1	MN770544.1_UGV35348.1	UGV35348.1	UGV35348.1		ORF1	1	500:2506	+	2908	linear	false		SAfiA-331-16	
MN770546.1	MN770546.1_UGV35350.1	UGV35350.1	UGV35350.1		ORF1	1	544:2502	+	2897	linear	false		SAfiA-33-16	
MN770552.1	MN770552.1_UGV35356.1	UGV35356.1	UGV35356.1		ORF1	1	505:2463	+	2841	linear	false		SAfiA-341-16	
MN770554.1	MN770554.1_UGV35358.1	UGV35358.1	UGV35358.1		ORF1	1	515:2518	+	2896	linear	false		SAfiA-342-12	
MN770555.1	MN770555.1_UGV35359.1	UGV35359.1	UGV35359.1		ORF1	1	518:2527	+	2905	linear	false		SAfiA-342-14	
MN770556.1	MN770556.1_UGV35360.1	UGV35360.1	UGV35360.1		ORF1	1	527:2545	+	2933	linear	false		SAfiA-345-9	
MN770558.1	MN770558.1_UGV35362.1	UGV35362.1	UGV35362.1		ORF1	1	581:2611	+	2942	linear	false		SAfiA-349-13	
MN770559.1	MN770559.1_UGV35363.1	UGV35363.1	UGV35363.1		ORF1	1	517:2511	+	2891	linear	false		SAfiA-349-31	
MN770560.1	MN770560.1_UGV35364.1	UGV35364.1	UGV35364.1		ORF1	1	493:2427	+	2735	linear	false		SAfiA-349-46	
MN770563.1	MN770563.1_UGV35367.1	UGV35367.1	UGV35367.1		ORF1	1	546:2546	+	2902	linear	false		SAfiA-350-24	
MN770564.1	MN770564.1_UGV35368.1	UGV35368.1	UGV35368.1		ORF1	1	588:2594	+	2946	linear	false		SAfiA-352-10	
MN770565.1	MN770565.1_UGV35369.1	UGV35369.1	UGV35369.1		ORF1	1	501:2471	+	2840	linear	false		SAfiA-352-14	
MN770567.1	MN770567.1_UGV35371.1	UGV35371.1	UGV35371.1		ORF1	1	342:2276	+	2586	linear	false		SAfiA-353-122	
MN770569.1	MN770569.1_UGV35373.1	UGV35373.1	UGV35373.1		ORF1	1	516:2522	+	2901	linear	false		SAfiA-35-43	
MN770576.1	MN770576.1_UGV35380.1	UGV35380.1	UGV35380.1		ORF1	1	478:2463	+	2825	linear	false		SAfiA-361-33	
MN770577.1	MN770577.1_UGV35381.1	UGV35381.1	UGV35381.1		ORF1	1	507:2450	+	2790	linear	false		SAfiA-362-23	
MN770579.1	MN770579.1_UGV35383.1	UGV35383.1	UGV35383.1		ORF1	1	574:2586	+	2953	linear	false		SAfiA-362-9	
MN770581.1	MN770581.1_UGV35385.1	UGV35385.1	UGV35385.1		ORF1	1	554:2584	+	2940	linear	false		SAfiA-367-21	
MN770584.1	MN770584.1_UGV35388.1	UGV35388.1	UGV35388.1		ORF1	1	511:2499	+	2874	linear	false		SAfiA-373-17	
MN770585.1	MN770585.1_UGV35389.1	UGV35389.1	UGV35389.1		ORF1	1	517:2541	+	2896	linear	false		SAfiA-37-6	
MN770588.1	MN770588.1_UGV35392.1	UGV35392.1	UGV35392.1		ORF1	1	511:2469	+	2815	linear	false		SAfiA-380-53	
MN770589.1	MN770589.1_UGV35393.1	UGV35393.1	UGV35393.1		ORF1	1	495:2492	+	2853	linear	false		SAfiA-380-62	
MN770590.1	MN770590.1_UGV35394.1	UGV35394.1	UGV35394.1		ORF1	1	770:2533	+	2915	linear	false		SAfiA-383-1	
MN770593.1	MN770593.1_UGV35397.1	UGV35397.1	UGV35397.1		ORF1	1	522:2495	+	2895	linear	false		SAfiA-388-109	
MN770597.1	MN770597.1_UGV35401.1	UGV35401.1	UGV35401.1		ORF1	1	466:2448	+	2821	linear	false		SAfiA-388-130	
MN770598.1	MN770598.1_UGV35402.1	UGV35402.1	UGV35402.1		ORF1	1	570:2531	+	2871	linear	false		SAfiA-388-132	
MN770600.1	MN770600.1_UGV35404.1	UGV35404.1	UGV35404.1		ORF1	1	505:2436	+	2813	linear	false		SAfiA-388-155	
MN770601.1	MN770601.1_UGV35405.1	UGV35405.1	UGV35405.1		ORF1	1	528:2546	+	2933	linear	false		SAfiA-388-25	
MN770602.1	MN770602.1_UGV35406.1	UGV35406.1	UGV35406.1		ORF1	1	518:2533	+	2910	linear	false		SAfiA-388-34	
MN770603.1	MN770603.1_UGV35407.1	UGV35407.1	UGV35407.1		ORF1	1	565:2580	+	2907	linear	false		SAfiA-388-39	
MN770607.1	MN770607.1_UGV35411.1	UGV35411.1	UGV35411.1		ORF1	1	530:2530	+	2884	linear	false		SAfiA-388-59	
MN770608.1	MN770608.1_UGV35412.1	UGV35412.1	UGV35412.1		ORF1	1	824:2446	+	2873	linear	false		SAfiA-388-66	
MN770610.1	MN770610.1_UGV35414.1	UGV35414.1	UGV35414.1		ORF1	1	515:2515	+	2913	linear	false		SAfiA-388-86	
MN770614.1	MN770614.1_UGV35418.1	UGV35418.1	UGV35418.1		ORF1	1	566:2563	+	2904	linear	false		SAfiA-39-3	
MN770617.1	MN770617.1_UGV35421.1	UGV35421.1	UGV35421.1		ORF1	1	563:2587	+	2947	linear	false		SAfiA-398-15	
MN770622.1	MN770622.1_UGV35426.1	UGV35426.1	UGV35426.1		ORF1	1	374:2422	+	2769	linear	false		SAfiA-401-33	
MN770623.1	MN770623.1_UGV35427.1	UGV35427.1	UGV35427.1		ORF1	1	574:2607	+	2962	linear	false		SAfiA-402-6	
MN770624.1	MN770624.1_UGV35428.1	UGV35428.1	UGV35428.1		ORF1	1	539:2530	+	2897	linear	false		SAfiA-418-16	
MN770626.1	MN770626.1_UGV35430.1	UGV35430.1	UGV35430.1		ORF1	1	515:2509	+	2892	linear	false		SAfiA-427-5	
MN770627.1	MN770627.1_UGV35431.1	UGV35431.1	UGV35431.1		ORF1	1	525:2489	+	2865	linear	false		SAfiA-435-5	
MN770630.1	MN770630.1_UGV35434.1	UGV35434.1	UGV35434.1		ORF1	1	526:2526	+	2955	linear	false		SAfiA-445-4	
MN770631.1	MN770631.1_UGV35435.1	UGV35435.1	UGV35435.1		ORF1	1	509:2527	+	2905	linear	false		SAfiA-446-11	
MN770632.1	MN770632.1_UGV35436.1	UGV35436.1	UGV35436.1		ORF1	1	530:2515	+	2898	linear	false		SAfiA-454-6	
MN770644.1	MN770644.1_UGV35447.1	UGV35447.1	UGV35447.1		ORF1	1	557:2587	+	2928	linear	false		SAfiA-500-26	
MN770646.1	MN770646.1_UGV35449.1	UGV35449.1	UGV35449.1		ORF1	1	500:2488	+	2836	linear	false		SAfiA-511-14	
MN770647.1	MN770647.1_UGV35450.1	UGV35450.1	UGV35450.1		ORF1	1	558:2573	+	2926	linear	false		SAfiA-51-21	
MN770649.1	MN770649.1_UGV35452.1	UGV35452.1	UGV35452.1		ORF1	1	510:2522	+	2921	linear	false		SAfiA-521-10	
MN770650.1	MN770650.1_UGV35453.1	UGV35453.1	UGV35453.1		ORF1	1	564:2603	+	3018	linear	false		SAfiA-521-7	
MN770651.1	MN770651.1_UGV35454.1	UGV35454.1	UGV35454.1		ORF1	1	553:2568	+	2922	linear	false		SAfiA-523-9	
MN770652.1	MN770652.1_UGV35455.1	UGV35455.1	UGV35455.1		ORF1	1	507:2453	+	2793	linear	false		SAfiA-529-16	
MN770653.1	MN770653.1_UGV35456.1	UGV35456.1	UGV35456.1		ORF1	1	515:2425	+	2819	linear	false		SAfiA-532-12	
MN770655.1	MN770655.1_UGV35458.1	UGV35458.1	UGV35458.1		ORF1	1	480:2474	+	2811	linear	false		SAfiA-536-10	
MN770656.1	MN770656.1_UGV35459.1	UGV35459.1	UGV35459.1		ORF1	1	564:2615	+	2937	linear	false		SAfiA-536-4	
MN770658.1	MN770658.1_UGV35461.1	UGV35461.1	UGV35461.1		ORF1	1	591:2591	+	2945	linear	false		SAfiA-542-20	
MN770659.1	MN770659.1_UGV35462.1	UGV35462.1	UGV35462.1		ORF1	1	530:2572	+	2942	linear	false		SAfiA-542-25	
MN770660.1	MN770660.1_UGV35463.1	UGV35463.1	UGV35463.1		ORF1	1	502:2496	+	2872	linear	false		SAfiA-542-31	
MN770662.1	MN770662.1_UGV35465.1	UGV35465.1	UGV35465.1		ORF1	1	516:2531	+	2884	linear	false		SAfiA-552-22	
MN770663.1	MN770663.1_UGV35466.1	UGV35466.1	UGV35466.1		ORF1	1	566:2563	+	2904	linear	false		SAfiA-558-8	
MN770670.1	MN770670.1_UGV35473.1	UGV35473.1	UGV35473.1		ORF1	1	546:2570	+	2971	linear	false		SAfiA-572-18	
MN770671.1	MN770671.1_UGV35474.1	UGV35474.1	UGV35474.1		ORF1	1	531:2474	+	2825	linear	false		SAfiA-572-34	
MN770672.1	MN770672.1_UGV35475.1	UGV35475.1	UGV35475.1		ORF1	1	536:2566	+	2988	linear	false		SAfiA-573-19	
MN770673.1	MN770673.1_UGV35476.1	UGV35476.1	UGV35476.1		ORF1	1	549:2537	+	2900	linear	false		SAfiA-573-24	
MN770678.1	MN770678.1_UGV35481.1	UGV35481.1	UGV35481.1		ORF1	1	505:2511	+	2853	linear	false		SAfiA-57-40	
MN770682.1	MN770682.1_UGV35485.1	UGV35485.1	UGV35485.1		ORF1	1	494:2482	+	2856	linear	false		SAfiA-577-106	
MN770683.1	MN770683.1_UGV35486.1	UGV35486.1	UGV35486.1		ORF1	1	523:2514	+	2893	linear	false		SAfiA-577-109	
MN770684.1	MN770684.1_UGV35487.1	UGV35487.1	UGV35487.1		ORF1	1	510:2462	+	2824	linear	false		SAfiA-577-129	
MN770685.1	MN770685.1_UGV35488.1	UGV35488.1	UGV35488.1		ORF1	1	524:2473	+	2831	linear	false		SAfiA-577-185	
MN770687.1	MN770687.1_UGV35490.1	UGV35490.1	UGV35490.1		ORF1	1	499:2502	+	2904	linear	false		SAfiA-577-89	
MN770692.1	MN770692.1_UGV35495.1	UGV35495.1	UGV35495.1		ORF1	1	475:2442	+	2801	linear	false		SAfiA-581-39	
MN770695.1	MN770695.1_UGV35498.1	UGV35498.1	UGV35498.1		ORF1	1	516:2492	+	2859	linear	false		SAfiA-583-13	
MN770696.1	MN770696.1_UGV35499.1	UGV35499.1	UGV35499.1		ORF1	1	500:2467	+	2813	linear	false		SAfiA-583-16	
MN770697.1	MN770697.1_UGV35500.1	UGV35500.1	UGV35500.1		ORF1	1	541:2580	+	2968	linear	false		SAfiA-584-8	
MN770698.1	MN770698.1_UGV35501.1	UGV35501.1	UGV35501.1		ORF1	1	516:2471	+	2808	linear	false		SAfiA-587-124	
MN770700.1	MN770700.1_UGV35503.1	UGV35503.1	UGV35503.1		ORF1	1	550:2601	+	2943	linear	false		SAfiA-587-25	
MN770701.1	MN770701.1_UGV35504.1	UGV35504.1	UGV35504.1		ORF1	1	518:2527	+	2908	linear	false		SAfiA-587-42	
MN770702.1	MN770702.1_UGV35505.1	UGV35505.1	UGV35505.1		ORF1	1	592:2619	+	2999	linear	false		SAfiA-587-9	
MN770703.1	MN770703.1_UGV35506.1	UGV35506.1	UGV35506.1		ORF1	1	490:2457	+	2808	linear	false		SAfiA-587-95	
MN770706.1	MN770706.1_UGV35509.1	UGV35509.1	UGV35509.1		ORF1	1	520:2541	+	2897	linear	false		SAfiA-590-42	
MN770707.1	MN770707.1_UGV35510.1	UGV35510.1	UGV35510.1		ORF1	1	520:2526	+	2879	linear	false		SAfiA-590-46	
MN770708.1	MN770708.1_UGV35511.1	UGV35511.1	UGV35511.1		ORF1	1	521:2488	+	2855	linear	false		SAfiA-590-54	
MN770710.1	MN770710.1_UGV35513.1	UGV35513.1	UGV35513.1		ORF1	1	527:2458	+	2834	linear	false		SAfiA-590-63	
MN770711.1	MN770711.1_UGV35514.1	UGV35514.1	UGV35514.1		ORF1	1	520:2523	+	2886	linear	false		SAfiA-591-9	
MN770713.1	MN770713.1_UGV35516.1	UGV35516.1	UGV35516.1		ORF1	1	516:2486	+	2853	linear	false		SAfiA-5A-14	
MN770714.1	MN770714.1_UGV35517.1	UGV35517.1	UGV35517.1		ORF1	1	482:2407	+	2725	linear	false		SAfiA-5A-18	
MN770717.1	MN770717.1_UGV35520.1	UGV35520.1	UGV35520.1		ORF1	1	510:2489	+	2878	linear	false		SAfiA-610-15	
MN770719.1	MN770719.1_UGV35522.1	UGV35522.1	UGV35522.1		ORF1	1	579:2606	+	2951	linear	false		SAfiA-615-600	
MN770724.1	MN770724.1_UGV35527.1	UGV35527.1	UGV35527.1		ORF1	1	501:2447	+	2874	linear	false		SAfiA-624-14	
MN770725.1	MN770725.1_UGV35528.1	UGV35528.1	UGV35528.1		ORF1	1	525:2555	+	2978	linear	false		SAfiA-626-13	
MN770726.1	MN770726.1_UGV35529.1	UGV35529.1	UGV35529.1		ORF1	1	476:2488	+	2837	linear	false		SAfiA-630A-29	
MN770728.1	MN770728.1_UGV35531.1	UGV35531.1	UGV35531.1		ORF1	1	490:2439	+	2787	linear	false		SAfiA-634-22	
MN770732.1	MN770732.1_UGV35535.1	UGV35535.1	UGV35535.1		ORF1	1	535:2580	+	2995	linear	false		SAfiA-646-5	
MN770733.1	MN770733.1_UGV35536.1	UGV35536.1	UGV35536.1		ORF1	1	590:2575	+	2931	linear	false		SAfiA-646-7	
MN770736.1	MN770736.1_UGV35539.1	UGV35539.1	UGV35539.1		ORF1	1	521:2464	+	2806	linear	false		SAfiA-651-33	
MN770737.1	MN770737.1_UGV35540.1	UGV35540.1	UGV35540.1		ORF1	1	516:2522	+	2901	linear	false		SAfiA-652-7	
MN770740.1	MN770740.1_UGV35543.1	UGV35543.1	UGV35543.1		ORF1	1	531:2540	+	2914	linear	false		SAfiA-666-8	
MN770748.1	MN770748.1_UGV35551.1	UGV35551.1	UGV35551.1		ORF1	1	1063:2586	+	2974	linear	false		SAfiA-686-3	
MN770750.1	MN770750.1_UGV35553.1	UGV35553.1	UGV35553.1		ORF1	1	588:2618	+	2966	linear	false		SAfiA-687-5	
MN770753.1	MN770753.1_UGV35556.1	UGV35556.1	UGV35556.1		ORF1	1	517:2532	+	2902	linear	false		SAfiA-690-3	
MN770758.1	MN770758.1_UGV35561.1	UGV35561.1	UGV35561.1		ORF1	1	566:2605	+	3020	linear	false		SAfiA-73-2	
MN770760.1	MN770760.1_UGV35563.1	UGV35563.1	UGV35563.1		ORF1	1	513:2495	+	2887	linear	false		SAfiA-739-1	
MN770761.1	MN770761.1_UGV35564.1	UGV35564.1	UGV35564.1		ORF1	1	492:2516	+	2881	linear	false		SAfiA-765-7	
MN770770.1	MN770770.1_UGV35573.1	UGV35573.1	UGV35573.1		ORF1	1	587:2599	+	2972	linear	false		SAfiA-803-5	
MN770776.1	MN770776.1_UGV35579.1	UGV35579.1	UGV35579.1		ORF1	1	531:2552	+	2908	linear	false		SAfiA-819-15	
MN770778.1	MN770778.1_UGV35581.1	UGV35581.1	UGV35581.1		ORF1	1	503:2467	+	2851	linear	false		SAfiA-823-4	
MN770779.1	MN770779.1_UGV35582.1	UGV35582.1	UGV35582.1		ORF1	1	518:2512	+	2923	linear	false		SAfiA-833-10	
MN770781.1	MN770781.1_UGV35584.1	UGV35584.1	UGV35584.1		ORF1	1	553:2562	+	2925	linear	false		SAfiA-842-5	
MN770782.1	MN770782.1_UGV35585.1	UGV35585.1	UGV35585.1		ORF1	1	498:2468	+	2842	linear	false		SAfiA-842-8	
MN770783.1	MN770783.1_UGV35586.1	UGV35586.1	UGV35586.1		ORF1	1	539:2554	+	2902	linear	false		SAfiA-850-13	
MN770786.1	MN770786.1_UGV35589.1	UGV35589.1	UGV35589.1		ORF1	1	550:2571	+	2949	linear	false		SAfiA-857-189	
MN770788.1	MN770788.1_UGV35591.1	UGV35591.1	UGV35591.1		ORF1	1	555:2540	+	2911	linear	false		SAfiA-861-154	
MN770789.1	MN770789.1_UGV35592.1	UGV35592.1	UGV35592.1		ORF1	1	494:2461	+	2827	linear	false		SAfiA-865-117	
MN770790.1	MN770790.1_UGV35593.1	UGV35593.1	UGV35593.1		ORF1	1	500:2506	+	2889	linear	false		SAfiA-866-417	
MN770792.1	MN770792.1_UGV35595.1	UGV35595.1	UGV35595.1		ORF1	1	546:2549	+	2901	linear	false		SAfiA-87-26	
MN770794.1	MN770794.1_UGV35597.1	UGV35597.1	UGV35597.1		ORF1	1	468:2462	+	2834	linear	false		SAfiA-87-40	
MN770795.1	MN770795.1_UGV35598.1	UGV35598.1	UGV35598.1		ORF1	1	515:2512	+	2888	linear	false		SAfiA-88-19	
MN770800.1	MN770800.1_UGV35603.1	UGV35603.1	UGV35603.1		ORF1	1	540:2558	+	2907	linear	false		SAfiA-91-18	
MN770801.1	MN770801.1_UGV35604.1	UGV35604.1	UGV35604.1		ORF1	1	593:2611	+	2962	linear	false		SAfiA-94-14	
MN770805.1	MN770805.1_UGV35608.1	UGV35608.1	UGV35608.1		ORF1	1	480:2477	+	2840	linear	false		SAfiA-124-34	
MN770807.1	MN770807.1_UGV35610.1	UGV35610.1	UGV35610.1		ORF1	1	483:2498	+	2872	linear	false		SAfiA-274-30	
MN770808.1	MN770808.1_UGV35611.1	UGV35611.1	UGV35611.1		ORF1	1	523:2538	+	2890	linear	false		SAfiA-311-14	
MN770809.1	MN770809.1_UGV35612.1	UGV35612.1	UGV35612.1		ORF1	1	515:2506	+	2880	linear	false		SAfiA-319-18	
MN770811.1	MN770811.1_UGV35614.1	UGV35614.1	UGV35614.1		ORF1	1	532:2490	+	2804	linear	false		SAfiA-325-26	
MN770812.1	MN770812.1_UGV35615.1	UGV35615.1	UGV35615.1		ORF1	1	480:2420	+	2807	linear	false		SAfiA-326-21	
MN770813.1	MN770813.1_UGV35616.1	UGV35616.1	UGV35616.1		ORF1	1	542:2554	+	2924	linear	false		SAfiA-338-12	
MN770814.1	MN770814.1_UGV35617.1	UGV35617.1	UGV35617.1		ORF1	1	515:2494	+	2845	linear	false		SAfiA-350-30	
MN770815.1	MN770815.1_UGV35618.1	UGV35618.1	UGV35618.1		ORF1	1	547:2571	+	2926	linear	false		SAfiA-35-20	
MN770817.1	MN770817.1_UGV35620.1	UGV35620.1	UGV35620.1		ORF1	1	501:2480	+	2850	linear	false		SAfiA-35-56	
MN770819.1	MN770819.1_UGV35622.1	UGV35622.1	UGV35622.1		ORF1	1	499:2484	+	2830	linear	false		SAfiA-367-32	
MN770821.1	MN770821.1_UGV35624.1	UGV35624.1	UGV35624.1		ORF1	1	558:2558	+	2942	linear	false		SAfiA-388-18	
MN770822.1	MN770822.1_UGV35625.1	UGV35625.1	UGV35625.1		ORF1	1	538:2529	+	2871	linear	false		SAfiA-388-64	
MN770823.1	MN770823.1_UGV35626.1	UGV35626.1	UGV35626.1		ORF1	1	488:2488	+	2853	linear	false		SAfiA-388-82	
MN770827.1	MN770827.1_UGV35630.1	UGV35630.1	UGV35630.1		ORF1	1	491:2428	+	2785	linear	false		SAfiA-571-15	
MN770828.1	MN770828.1_UGV35631.1	UGV35631.1	UGV35631.1		ORF1	1	518:2503	+	2824	linear	false		SAfiA-577-131	
MN770834.1	MN770834.1_UGV35637.1	UGV35637.1	UGV35637.1		ORF1	1	582:2579	+	2931	linear	false		SAfiA-831-8	
MN770836.1	MN770836.1_UGV35639.1	UGV35639.1	UGV35639.1		ORF1	1	516:2486	+	2860	linear	false		SAfiA-873-32	
MN770844.1	MN770844.1_UGV35647.1	UGV35647.1	UGV35647.1		ORF1	1	527:2533	+	2906	linear	false		SAfiA-647-6	
MN770848.1	MN770848.1_UGV35651.1	UGV35651.1	UGV35651.1		ORF1	1	518:2533	+	2912	linear	false		SAfiA-316-20	
MN770849.1	MN770849.1_UGV35652.1	UGV35652.1	UGV35652.1		ORF1	1	535:2565	+	2935	linear	false		SAfiA-327-11	
MN770853.1	MN770853.1_UGV35656.1	UGV35656.1	UGV35656.1		ORF1	1	474:2462	+	2846	linear	false		SAfiA-393-21	
MN770856.1	MN770856.1_UGV35659.1	UGV35659.1	UGV35659.1		ORF1	1	530:2506	+	2879	linear	false		SAfiA-573-33	
MN770859.1	MN770859.1_UGV35662.1	UGV35662.1	UGV35662.1		ORF1	1	522:2516	+	2894	linear	false		SAfiA-314-26	
MN770860.1	MN770860.1_UGV35663.1	UGV35663.1	UGV35663.1		ORF1	1	527:2572	+	2911	linear	false		SAfiA-316-19	
MN770861.1	MN770861.1_UGV35664.1	UGV35664.1	UGV35664.1		ORF1	1	522:2501	+	2886	linear	false		SAfiA-369-22	
MN770862.1	MN770862.1_UGV35665.1	UGV35665.1	UGV35665.1		ORF1	1	534:2564	+	2952	linear	false		SAfiA-380-17	
MN770863.1	MN770863.1_UGV35666.1	UGV35666.1	UGV35666.1		ORF1	1	535:2553	+	2922	linear	false		SAfiA-502-11	
MN770864.1	MN770864.1_UGV35667.1	UGV35667.1	UGV35667.1		ORF1	1	516:2516	+	2881	linear	false		SAfiA-514-18	
MN770865.1	MN770865.1_UGV35668.1	UGV35668.1	UGV35668.1		ORF1	1	539:2500	+	2863	linear	false		SAfiA-587-64	
MN770866.1	MN770866.1_UGV35669.1	UGV35669.1	UGV35669.1		ORF1	1	524:2515	+	2894	linear	false		SAfiA-87-29	
MN770867.1	MN770867.1_UGV35670.1	UGV35670.1	UGV35670.1		ORF1	1	506:2467	+	2846	linear	false		SAfiA-272-12	
MN770868.1	MN770868.1_UGV35671.1	UGV35671.1	UGV35671.1		ORF1	1	486:2486	+	2900	linear	false		SAfiA-32-2	
MN770869.1	MN770869.1_UGV35672.1	UGV35672.1	UGV35672.1		ORF1	1	500:2494	+	2875	linear	false		SAfiA-35-41	
MN770875.1	MN770875.1_UGV35677.1	UGV35677.1	UGV35677.1		ORF1	1	527:2524	+	2869	linear	false		SAfiA-484-10	
MN770876.1	MN770876.1_UGV35678.1	UGV35678.1	UGV35678.1		ORF1	1	519:2525	+	2905	linear	false		SAfiA-640-16	
MN770877.1	MN770877.1_UGV35679.1	UGV35679.1	UGV35679.1		ORF1	1	553:2520	+	2892	linear	false		SAfiA-684-6	
MN770885.1	MN770885.1_UGV35687.1	UGV35687.1	UGV35687.1		ORF1	1	505:2439	+	2821	linear	false		SAfiA-402-17	
MN770888.1	MN770888.1_UGV35690.1	UGV35690.1	UGV35690.1		ORF1	1	577:2610	+	2998	linear	false		SAfiA-587-10	
MN770889.1	MN770889.1_UGV35691.1	UGV35691.1	UGV35691.1		ORF1	1	544:2466	+	2840	linear	false		SAfiA-590-59	
MN770890.1	MN770890.1_UGV35692.1	UGV35692.1	UGV35692.1		ORF1	1	548:2569	+	2948	linear	false		SAfiA-610-11	
MN770894.1	MN770894.1_UGV35696.1	UGV35696.1	UGV35696.1		ORF1	1	528:2501	+	2876	linear	false		SAfiA-380-31	
MN770895.1	MN770895.1_UGV35697.1	UGV35697.1	UGV35697.1		ORF1	1	528:2498	+	2873	linear	false		SAfiA-478-24	
MN770896.1	MN770896.1_UGV35698.1	UGV35698.1	UGV35698.1		ORF1	1	550:2571	+	2948	linear	false		SAfiA-481-7	
MN770897.1	MN770897.1_UGV35699.1	UGV35699.1	UGV35699.1		ORF1	1	536:2539	+	2909	linear	false		SAfiA-421-14	
MN770901.1	MN770901.1_UGV35703.1	UGV35703.1	UGV35703.1		ORF1	1	513:2477	+	2879	linear	false		SAfiA-523-13	
MN770904.1	MN770904.1_UGV35706.1	UGV35706.1	UGV35706.1		ORF1	1	518:2506	+	2897	linear	false		SAfiA-867-312	
MN770905.1	MN770905.1_UGV35707.1	UGV35707.1	UGV35707.1		ORF1	1	517:2541	+	2918	linear	false		SAfiA-326-8	
MN770906.1	MN770906.1_UGV35708.1	UGV35708.1	UGV35708.1		ORF1	1	548:2575	+	2927	linear	false		SAfiA-651-15	
MN770907.1	MN770907.1_UGV35709.1	UGV35709.1	UGV35709.1		ORF1	1	493:2472	+	2795	linear	false		SAfiA-311-20	
MN770908.1	MN770908.1_UGV35710.1	UGV35710.1	UGV35710.1		ORF1	1	562:2586	+	2989	linear	false		SAfiA-321-5	
MN770910.1	MN770910.1_UGV35712.1	UGV35712.1	UGV35712.1		ORF1	1	484:2478	+	2827	linear	false		SAfiA-361-37	
MN770912.1	MN770912.1_UGV35714.1	UGV35714.1	UGV35714.1		ORF1	1	528:2462	+	2830	linear	false		SAfiA-526-11	
MN770913.1	MN770913.1_UGV35715.1	UGV35715.1	UGV35715.1		ORF1	1	532:2559	+	2930	linear	false		SAfiA-94-15	
MN770914.1	MN770914.1_UGV35716.1	UGV35716.1	UGV35716.1		ORF1	1	510:2507	+	2888	linear	false		SAfiA-339-8	
MN770915.1	MN770915.1_UGV35717.1	UGV35717.1	UGV35717.1		ORF1	1	532:2538	+	2902	linear	false		SAfiA-647-8	
MN770918.1	MN770918.1_UGV35720.1	UGV35720.1	UGV35720.1		ORF1	1	520:2463	+	2846	linear	false		SAfiA-87-34	
MN770919.1	MN770919.1_UGV35721.1	UGV35721.1	UGV35721.1		ORF1	1	499:2493	+	2867	linear	false		SAfiA-91-23	
MN770920.1	MN770920.1_UGV35722.1	UGV35722.1	UGV35722.1		ORF1	1	526:2577	+	2970	linear	false		SAfiA-402-4	
MN770922.1	MN770922.1_UGV35724.1	UGV35724.1	UGV35724.1		ORF1	1	491:2413	+	2796	linear	false		SAfiA-124-42	
MN770926.1	MN770926.1_UGV35728.1	UGV35728.1	UGV35728.1		ORF1	1	500:2479	+	2825	linear	false		SAfiA-31-27	
MN770928.1	MN770928.1_UGV35730.1	UGV35730.1	UGV35730.1		ORF1	1	516:2522	+	2900	linear	false		SAfiA-335-3	
MN770933.1	MN770933.1_UGV35735.1	UGV35735.1	UGV35735.1		ORF1	1	534:2528	+	2873	linear	false		SAfiA-366-12	
MN770935.1	MN770935.1_UGV35737.1	UGV35737.1	UGV35737.1		ORF1	1	486:2483	+	2813	linear	false		SAfiA-37-9	
MN770936.1	MN770936.1_UGV35738.1	UGV35738.1	UGV35738.1		ORF1	1	466:2448	+	2822	linear	false		SAfiA-380-67	
MN770937.1	MN770937.1_UGV35739.1	UGV35739.1	UGV35739.1		ORF1	1	501:2435	+	2785	linear	false		SAfiA-380-73	
MN770940.1	MN770940.1_UGV35742.1	UGV35742.1	UGV35742.1		ORF1	1	493:2490	+	2849	linear	false		SAfiA-388-88	
MN770944.1	MN770944.1_UGV35746.1	UGV35746.1	UGV35746.1		ORF1	1	556:2553	+	2948	linear	false		SAfiA-479-8	
MN770946.1	MN770946.1_UGV35748.1	UGV35748.1	UGV35748.1		ORF1	1	504:2501	+	2830	linear	false		SAfiA-51-28	
MN770952.1	MN770952.1_UGV35754.1	UGV35754.1	UGV35754.1		ORF1	1	476:2476	+	2821	linear	false		SAfiA-589-21	
MN770956.1	MN770956.1_UGV35758.1	UGV35758.1	UGV35758.1		ORF1	1	490:2469	+	2798	linear	false		SAfiA-642-39	
MN770957.1	MN770957.1_UGV35759.1	UGV35759.1	UGV35759.1		ORF1	1	501:2543	+	2907	linear	false		SAfiA-646-12	
MN770958.1	MN770958.1_UGV35760.1	UGV35760.1	UGV35760.1		ORF1	1	519:2486	+	2856	linear	false		SAfiA-763-4	
MN770959.1	MN770959.1_UGV35761.1	UGV35761.1	UGV35761.1		ORF1	1	413:2374	+	2750	linear	false		SAfiA-77-190	
MN770962.1	MN770962.1_UGV35764.1	UGV35764.1	UGV35764.1		ORF1	1	476:2443	+	2802	linear	false		SAfiA-859-18	
MN770963.1	MN770963.1_UGV35765.1	UGV35765.1	UGV35765.1		ORF1	1	541:2508	+	2855	linear	false		SAfiA-895-8	
MN770965.1	MN770965.1_UGV35767.1	UGV35767.1	UGV35767.1		ORF1	1	509:2476	+	2859	linear	false		SAfiA-113-22	
MN770966.1	MN770966.1_UGV35768.1	UGV35768.1	UGV35768.1		ORF1	1	507:2489	+	2893	linear	false		SAfiA-231-8	
MN770967.1	MN770967.1_UGV35769.1	UGV35769.1	UGV35769.1		ORF1	1	484:2478	+	2839	linear	false		SAfiA-235-44	
MN770970.1	MN770970.1_UGV35772.1	UGV35772.1	UGV35772.1		ORF1	1	589:2586	+	2964	linear	false		SAfiA-263-10	
MN770971.1	MN770971.1_UGV35773.1	UGV35773.1	UGV35773.1		ORF1	1	486:2486	+	2815	linear	false		SAfiA-275-59	
MN770973.1	MN770973.1_UGV35775.1	UGV35775.1	UGV35775.1		ORF1	1	519:2492	+	2873	linear	false		SAfiA-309-19	
MN770983.1	MN770983.1_UGV35785.1	UGV35785.1	UGV35785.1		ORF1	1	524:2560	+	2990	linear	false		SAfiA-349-8	
MN770986.1	MN770986.1_UGV35788.1	UGV35788.1	UGV35788.1		ORF1	1	521:2488	+	2855	linear	false		SAfiA-35-54	
MN770989.1	MN770989.1_UGV35791.1	UGV35791.1	UGV35791.1		ORF1	1	514:2475	+	2878	linear	false		SAfiA-365-19	
MN770990.1	MN770990.1_UGV35792.1	UGV35792.1	UGV35792.1		ORF1	1	515:2491	+	2920	linear	false		SAfiA-367-27	
MN770991.1	MN770991.1_UGV35793.1	UGV35793.1	UGV35793.1		ORF1	1	486:2480	+	2841	linear	false		SAfiA-369-28	
MN770992.1	MN770992.1_UGV35794.1	UGV35794.1	UGV35794.1		ORF1	1	495:2489	+	2850	linear	false		SAfiA-370-7	
MN770993.1	MN770993.1_UGV35795.1	UGV35795.1	UGV35795.1		ORF1	1	496:2469	+	2831	linear	false		SAfiA-388-112	
MN770994.1	MN770994.1_UGV35796.1	UGV35796.1	UGV35796.1		ORF1	1	498:2504	+	2903	linear	false		SAfiA-388-119	
MN770995.1	MN770995.1_UGV35797.1	UGV35797.1	UGV35797.1		ORF1	1	537:2510	+	2903	linear	false		SAfiA-388-87	
MN770998.1	MN770998.1_UGV35800.1	UGV35800.1	UGV35800.1		ORF1	1	521:2506	+	2959	linear	false		SAfiA-441-3	
MN771004.1	MN771004.1_UGV35806.1	UGV35806.1	UGV35806.1		ORF1	1	476:2491	+	2840	linear	false		SAfiA-590-64	
MN771006.1	MN771006.1_UGV35808.1	UGV35808.1	UGV35808.1		ORF1	1	514:2490	+	2877	linear	false		SAfiA-632-2	
MN771009.1	MN771009.1_UGV35811.1	UGV35811.1	UGV35811.1		ORF1	1	520:2496	+	2863	linear	false		SAfiA-77-114	
MN771013.1	MN771013.1_UGV35815.1	UGV35815.1	UGV35815.1		ORF1	1	533:2545	+	2890	linear	false		SAfiA-810-49	
MN771016.1	MN771016.1_UGV35818.1	UGV35818.1	UGV35818.1		ORF1	1	543:2498	+	2855	linear	false		SAfiA-254-23	
MN771017.1	MN771017.1_UGV35819.1	UGV35819.1	UGV35819.1		ORF1	1	559:2583	+	2972	linear	false		SAfiA-378-5	
MN771023.1	MN771023.1_UGV35825.1	UGV35825.1	UGV35825.1		ORF1	1	586:2628	+	3003	linear	false		SAfiA-100B-26	
MN771024.1	MN771024.1_UGV35826.1	UGV35826.1	UGV35826.1		ORF1	1	589:2586	+	2964	linear	false		SAfiA-35-14	
MN771027.1	MN771027.1_UGV35829.1	UGV35829.1	UGV35829.1		ORF1	1	588:2588	+	2966	linear	false		SAfiA-60-5	
MN771030.1	MN771030.1_UGV35832.1	UGV35832.1	UGV35832.1		ORF1	1	551:2590	+	2938	linear	false		SAfiA-87-21	
MN771038.1	MN771038.1_UGV35840.1	UGV35840.1	UGV35840.1		ORF1	1	491:2452	+	2819	linear	false		SAfiA-266-19	
MN771039.1	MN771039.1_UGV35841.1	UGV35841.1	UGV35841.1		ORF1	1	491:2455	+	2823	linear	false		SAfiA-50-16	
MN771041.1	MN771041.1_UGV35843.1	UGV35843.1	UGV35843.1		ORF1	1	440:2395	+	2749	linear	false		SAfiA-314-30	
MN771042.1	MN771042.1_UGV35844.1	UGV35844.1	UGV35844.1		ORF1	1	523:2544	+	2887	linear	false		SAfiA-388-56	
MN771043.1	MN771043.1_UGV35845.1	UGV35845.1	UGV35845.1		ORF1	1	560:2560	+	2934	linear	false		SAfiA-584-10	
MN771044.1	MN771044.1_UGV35846.1	UGV35846.1	UGV35846.1		ORF1	1	576:2588	+	2954	linear	false		SAfiA-97-8	
MN771045.1	MN771045.1_UGV35847.1	UGV35847.1	UGV35847.1		ORF1	1	550:2601	+	2943	linear	false		SAfiA-309-13	
MN771046.1	MN771046.1_UGV35848.1	UGV35848.1	UGV35848.1		ORF1	1	536:2539	+	2910	linear	false		SAfiA-350-18	
MN771048.1	MN771048.1_UGV35850.1	UGV35850.1	UGV35850.1		ORF1	1	549:2585	+	2968	linear	false		SAfiA-604-8	
MN771051.1	MN771051.1_UGV35853.1	UGV35853.1	UGV35853.1		ORF1	1	501:2432	+	2799	linear	false		SAfiA-247-27	
MN771055.1	MN771055.1_UGV35857.1	UGV35857.1	UGV35857.1		ORF1	1	499:2433	+	2810	linear	false		SAfiA-352-26	
MN771056.1	MN771056.1_UGV35858.1	UGV35858.1	UGV35858.1		ORF1	1	516:2507	+	2867	linear	false		SAfiA-35-34	
MN771057.1	MN771057.1_UGV35859.1	UGV35859.1	UGV35859.1		ORF1	1	505:2394	+	2764	linear	false		SAfiA-353-49	
MN771059.1	MN771059.1_UGV35861.1	UGV35861.1	UGV35861.1		ORF1	1	580:2586	+	2938	linear	false		SAfiA-369-14	
MN771061.1	MN771061.1_UGV35863.1	UGV35863.1	UGV35863.1		ORF1	1	565:2493	+	2842	linear	false		SAfiA-380-54	
MN771063.1	MN771063.1_UGV35865.1	UGV35865.1	UGV35865.1		ORF1	1	505:2526	+	2877	linear	false		SAfiA-39-8	
MN771065.1	MN771065.1_UGV35867.1	UGV35867.1	UGV35867.1		ORF1	1	501:2498	+	2897	linear	false		SAfiA-460-5	
MN771066.1	MN771066.1_UGV35868.1	UGV35868.1	UGV35868.1		ORF1	1	527:2704	+	2835	linear	false		SAfiA-502-37	
MN771067.1	MN771067.1_UGV35869.1	UGV35869.1	UGV35869.1		ORF1	1	617:2641	+	3039	linear	false		SAfiA-527-0	
MN771068.1	MN771068.1_UGV35870.1	UGV35870.1	UGV35870.1		ORF1	1	504:2474	+	2802	linear	false		SAfiA-528-9	
MN771070.1	MN771070.1_UGV35872.1	UGV35872.1	UGV35872.1		ORF1	1	510:2558	+	2896	linear	false		SAfiA-581-18	
MN771072.1	MN771072.1_UGV35874.1	UGV35874.1	UGV35874.1		ORF1	1	548:2506	+	2865	linear	false		SAfiA-584-17	
MN771074.1	MN771074.1_UGV35876.1	UGV35876.1	UGV35876.1		ORF1	1	498:2471	+	2832	linear	false		SAfiA-676-26	
MN771077.1	MN771077.1_UGV35879.1	UGV35879.1	UGV35879.1		ORF1	1	526:2505	+	2817	linear	false		SAfiA-106A-23	
MN771080.1	MN771080.1_UGV35882.1	UGV35882.1	UGV35882.1		ORF1	1	550:2508	+	2840	linear	false		SAfiA-113-19	
MN771081.1	MN771081.1_UGV35883.1	UGV35883.1	UGV35883.1		ORF1	1	554:2569	+	2908	linear	false		SAfiA-119-8	
MN771083.1	MN771083.1_UGV35885.1	UGV35885.1	UGV35885.1		ORF1	1	510:2489	+	2877	linear	false		SAfiA-12A-4	
MN771086.1	MN771086.1_UGV35888.1	UGV35888.1	UGV35888.1		ORF1	1	516:2489	+	2864	linear	false		SAfiA-244-14	
MN771087.1	MN771087.1_UGV35889.1	UGV35889.1	UGV35889.1		ORF1	1	531:2528	+	2911	linear	false		SAfiA-245-9	
MN771089.1	MN771089.1_UGV35891.1	UGV35891.1	UGV35891.1		ORF1	1	601:2604	+	2920	linear	false		SAfiA-271-2	
MN771091.1	MN771091.1_UGV35893.1	UGV35893.1	UGV35893.1		ORF1	1	483:2486	+	2810	linear	false		SAfiA-275-62	
MN771092.1	MN771092.1_UGV35894.1	UGV35894.1	UGV35894.1		ORF1	1	526:2565	+	2889	linear	false		SAfiA-287B-10	
MN771093.1	MN771093.1_UGV35895.1	UGV35895.1	UGV35895.1		ORF1	1	525:2537	+	2892	linear	false		SAfiA-304-11	
MN771097.1	MN771097.1_UGV35899.1	UGV35899.1	UGV35899.1		ORF1	1	532:2493	+	2869	linear	false		SAfiA-330-15	
MN771098.1	MN771098.1_UGV35900.1	UGV35900.1	UGV35900.1		ORF1	1	503:2479	+	2868	linear	false		SAfiA-330-16	
MN771102.1	MN771102.1_UGV35904.1	UGV35904.1	UGV35904.1		ORF1	1	574:2502	+	2824	linear	false		SAfiA-353-11	
MN771104.1	MN771104.1_UGV35906.1	UGV35906.1	UGV35906.1		ORF1	1	511:2487	+	2868	linear	false		SAfiA-369-21	
MN771106.1	MN771106.1_UGV35908.1	UGV35908.1	UGV35908.1		ORF1	1	527:2533	+	2881	linear	false		SAfiA-378-10	
MN771108.1	MN771108.1_UGV35910.1	UGV35910.1	UGV35910.1		ORF1	1	531:2552	+	2901	linear	false		SAfiA-38-7	
MN771110.1	MN771110.1_UGV35912.1	UGV35912.1	UGV35912.1		ORF1	1	559:2565	+	2931	linear	false		SAfiA-388-22	
MN771111.1	MN771111.1_UGV35913.1	UGV35913.1	UGV35913.1		ORF1	1	523:2526	+	2909	linear	false		SAfiA-388-45	
MN771112.1	MN771112.1_UGV35914.1	UGV35914.1	UGV35914.1		ORF1	1	520:2532	+	2879	linear	false		SAfiA-394-12	
MN771115.1	MN771115.1_UGV35917.1	UGV35917.1	UGV35917.1		ORF1	1	528:2546	+	2915	linear	false		SAfiA-410-4	
MN771117.1	MN771117.1_UGV35918.1	UGV35918.1	UGV35918.1		ORF1	1	467:2494	+	2836	linear	false		SAfiA-446-14	
MN771119.1	MN771119.1_UGV35920.1	UGV35920.1	UGV35920.1		ORF1	1	532:2505	+	2892	linear	false		SAfiA-461-9	
MN771120.1	MN771120.1_UGV35921.1	UGV35921.1	UGV35921.1		ORF1	1	527:2530	+	2851	linear	false		SAfiA-470-12	
MN771123.1	MN771123.1_UGV35924.1	UGV35924.1	UGV35924.1		ORF1	1	484:2439	+	2806	linear	false		SAfiA-475-13	
MN771129.1	MN771129.1_UGV35930.1	UGV35930.1	UGV35930.1		ORF1	1	519:2582	+	2932	linear	false		SAfiA-495-11	
MN771133.1	MN771133.1_UGV35934.1	UGV35934.1	UGV35934.1		ORF1	1	522:2507	+	2852	linear	false		SAfiA-522-6	
MN771134.1	MN771134.1_UGV35935.1	UGV35935.1	UGV35935.1		ORF1	1	520:2514	+	2899	linear	false		SAfiA-52-3	
MN771135.1	MN771135.1_UGV35936.1	UGV35936.1	UGV35936.1		ORF1	1	500:2488	+	2869	linear	false		SAfiA-532-11	
MN771136.1	MN771136.1_UGV35937.1	UGV35937.1	UGV35937.1		ORF1	1	522:2543	+	2855	linear	false		SAfiA-535-9	
MN771137.1	MN771137.1_UGV35938.1	UGV35938.1	UGV35938.1		ORF1	1	605:2569	+	2914	linear	false		SAfiA-541-10	
MN771139.1	MN771139.1_UGV35940.1	UGV35940.1	UGV35940.1		ORF1	1	536:2578	+	3014	linear	false		SAfiA-560-3	
MN771140.1	MN771140.1_UGV35941.1	UGV35941.1	UGV35941.1		ORF1	1	521:2440	+	2822	linear	false		SAfiA-564-2	
MN771141.1	MN771141.1_UGV35942.1	UGV35942.1	UGV35942.1		ORF1	1	495:2453	+	2803	linear	false		SAfiA-566-25	
MN771144.1	MN771144.1_UGV35945.1	UGV35945.1	UGV35945.1		ORF1	1	505:2466	+	2846	linear	false		SAfiA-587-76	
MN771145.1	MN771145.1_UGV35946.1	UGV35946.1	UGV35946.1		ORF1	1	580:2610	+	2938	linear	false		SAfiA-589-13	
MN771147.1	MN771147.1_UGV35948.1	UGV35948.1	UGV35948.1		ORF1	1	482:2485	+	2836	linear	false		SAfiA-590-79	
MN771150.1	MN771150.1_UGV35951.1	UGV35951.1	UGV35951.1		ORF1	1	502:2475	+	2856	linear	false		SAfiA-611-151	
MN771151.1	MN771151.1_UGV35952.1	UGV35952.1	UGV35952.1		ORF1	1	521:2566	+	2923	linear	false		SAfiA-6-12	
MN771153.1	MN771153.1_UGV35954.1	UGV35954.1	UGV35954.1		ORF1	1	501:2507	+	2881	linear	false		SAfiA-624-10	
MN771154.1	MN771154.1_UGV35955.1	UGV35955.1	UGV35955.1		ORF1	1	519:2519	+	2896	linear	false		SAfiA-625-12	
MN771155.1	MN771155.1_UGV35956.1	UGV35956.1	UGV35956.1		ORF1	1	469:2475	+	2808	linear	false		SAfiA-628-38	
MN771156.1	MN771156.1_UGV35957.1	UGV35957.1	UGV35957.1		ORF1	1	498:2498	+	2864	linear	false		SAfiA-634-20	
MN771158.1	MN771158.1_UGV35959.1	UGV35959.1	UGV35959.1		ORF1	1	527:2491	+	2838	linear	false		SAfiA-642-29	
MN771159.1	MN771159.1_UGV35960.1	UGV35960.1	UGV35960.1		ORF1	1	515:2497	+	2860	linear	false		SAfiA-651-25	
MN771161.1	MN771161.1_UGV35962.1	UGV35962.1	UGV35962.1		ORF1	1	529:2592	+	2927	linear	false		SAfiA-676-11	
MN771162.1	MN771162.1_UGV35963.1	UGV35963.1	UGV35963.1		ORF1	1	527:2548	+	2895	linear	false		SAfiA-676-13	
MN771163.1	MN771163.1_UGV35964.1	UGV35964.1	UGV35964.1		ORF1	1	490:2502	+	2880	linear	false		SAfiA-676-21	
MN771166.1	MN771166.1_UGV35967.1	UGV35967.1	UGV35967.1		ORF1	1	475:2460	+	2860	linear	false		SAfiA-686-17	
MN771168.1	MN771168.1_UGV35969.1	UGV35969.1	UGV35969.1		ORF1	1	534:2555	+	2950	linear	false		SAfiA-687-7	
MN771169.1	MN771169.1_UGV35970.1	UGV35970.1	UGV35970.1		ORF1	1	499:2469	+	2849	linear	false		SAfiA-688-3	
MN771170.1	MN771170.1_UGV35971.1	UGV35971.1	UGV35971.1		ORF1	1	502:2511	+	2923	linear	false		SAfiA-696-1	
MN771171.1	MN771171.1_UGV35972.1	UGV35972.1	UGV35972.1		ORF1	1	501:2411	+	2781	linear	false		SAfiA-70-26	
MN771173.1	MN771173.1_UGV35974.1	UGV35974.1	UGV35974.1		ORF1	1	525:2516	+	2901	linear	false		SAfiA-71-20	
MN771176.1	MN771176.1_UGV35977.1	UGV35977.1	UGV35977.1		ORF1	1	588:2594	+	2919	linear	false		SAfiA-721-8	
MN771177.1	MN771177.1_UGV35978.1	UGV35978.1	UGV35978.1		ORF1	1	547:2571	+	2972	linear	false		SAfiA-729-1	
MN771180.1	MN771180.1_UGV35981.1	UGV35981.1	UGV35981.1		ORF1	1	554:2590	+	2944	linear	false		SAfiA-760-1	
MN771181.1	MN771181.1_UGV35982.1	UGV35982.1	UGV35982.1		ORF1	1	536:2578	+	2996	linear	false		SAfiA-767-62	
MN771183.1	MN771183.1_UGV35984.1	UGV35984.1	UGV35984.1		ORF1	1	514:2511	+	2885	linear	false		SAfiA-779-27	
MN771195.1	MN771195.1_UGV35996.1	UGV35996.1	UGV35996.1		ORF1	1	495:2480	+	2828	linear	false		SAfiA-857-205	
MN771199.1	MN771199.1_UGV36000.1	UGV36000.1	UGV36000.1		ORF1	1	502:2505	+	2869	linear	false		SAfiA-87-28	
MN771204.1	MN771204.1_UGV36005.1	UGV36005.1	UGV36005.1		ORF1	1	496:2502	+	2940	linear	false		SAfiA-393-16	
MN771205.1	MN771205.1_UGV36006.1	UGV36006.1	UGV36006.1		ORF1	1	528:2585	+	2905	linear	false		SAfiA-401-18	
MN771208.1	MN771208.1_UGV36009.1	UGV36009.1	UGV36009.1		ORF1	1	523:2544	+	2918	linear	false		SAfiA-581-37	
MN771212.1	MN771212.1_UGV36013.1	UGV36013.1	UGV36013.1		ORF1	1	469:2454	+	2826	linear	false		SAfiA-368-11	
MN771213.1	MN771213.1_UGV36014.1	UGV36014.1	UGV36014.1		ORF1	1	469:2463	+	2860	linear	false		SAfiA-445-5	
MN771215.1	MN771215.1_UGV36016.1	UGV36016.1	UGV36016.1		ORF1	1	469:2460	+	2805	linear	false		SAfiA-581-45	
MN771217.1	MN771217.1_UGV36018.1	UGV36018.1	UGV36018.1		ORF1	1	481:2484	+	2824	linear	false		SAfiA-11-32	
MN771219.1	MN771219.1_UGV36020.1	UGV36020.1	UGV36020.1		ORF1	1	555:2594	+	2936	linear	false		SAfiA-130-9	
MN771220.1	MN771220.1_UGV36021.1	UGV36021.1	UGV36021.1		ORF1	1	485:2503	+	2846	linear	false		SAfiA-224-29	
MN771221.1	MN771221.1_UGV36022.1	UGV36022.1	UGV36022.1		ORF1	1	593:2647	+	3004	linear	false		SAfiA-230-9	
MN771223.1	MN771223.1_UGV36024.1	UGV36024.1	UGV36024.1		ORF1	1	580:2595	+	2937	linear	false		SAfiA-235-24	
MN771226.1	MN771226.1_UGV36027.1	UGV36027.1	UGV36027.1		ORF1	1	478:2472	+	2814	linear	false		SAfiA-275-60	
MN771228.1	MN771228.1_UGV36029.1	UGV36029.1	UGV36029.1		ORF1	1	535:2571	+	2963	linear	false		SAfiA-287B-7	
MN771231.1	MN771231.1_UGV36032.1	UGV36032.1	UGV36032.1		ORF1	1	537:2546	+	2912	linear	false		SAfiA-321-9	
MN771232.1	MN771232.1_UGV36033.1	UGV36033.1	UGV36033.1		ORF1	1	526:2553	+	2909	linear	false		SAfiA-326-11	
MN771236.1	MN771236.1_UGV36037.1	UGV36037.1	UGV36037.1		ORF1	1	473:2476	+	2835	linear	false		SAfiA-350-31	
MN771237.1	MN771237.1_UGV36038.1	UGV36038.1	UGV36038.1		ORF1	1	548:2518	+	2874	linear	false		SAfiA-352-16	
MN771238.1	MN771238.1_UGV36039.1	UGV36039.1	UGV36039.1		ORF1	1	593:2647	+	3004	linear	false		SAfiA-376-9	
MN771239.1	MN771239.1_UGV36040.1	UGV36040.1	UGV36040.1		ORF1	1	521:2524	+	2867	linear	false		SAfiA-380-34	
MN771243.1	MN771243.1_UGV36044.1	UGV36044.1	UGV36044.1		ORF1	1	513:2543	+	2897	linear	false		SAfiA-388-76	
MN771244.1	MN771244.1_UGV36045.1	UGV36045.1	UGV36045.1		ORF1	1	542:2578	+	2920	linear	false		SAfiA-388-79	
MN771246.1	MN771246.1_UGV36047.1	UGV36047.1	UGV36047.1		ORF1	1	501:2480	+	2845	linear	false		SAfiA-388-95	
MN771248.1	MN771248.1_UGV36049.1	UGV36049.1	UGV36049.1		ORF1	1	554:2536	+	2923	linear	false		SAfiA-410-3	
MN771249.1	MN771249.1_UGV36050.1	UGV36050.1	UGV36050.1		ORF1	1	526:2541	+	2894	linear	false		SAfiA-425-2	
MN771251.1	MN771251.1_UGV36052.1	UGV36052.1	UGV36052.1		ORF1	1	531:2546	+	2903	linear	false		SAfiA-452-3	
MN771253.1	MN771253.1_UGV36053.1	UGV36053.1	UGV36053.1		ORF1	1	526:2562	+	2913	linear	false		SAfiA-475-9	
MN771254.1	MN771254.1_UGV36054.1	UGV36054.1	UGV36054.1		ORF1	1	505:2466	+	2845	linear	false		SAfiA-476-12	
MN771255.1	MN771255.1_UGV36055.1	UGV36055.1	UGV36055.1		ORF1	1	516:2498	+	2843	linear	false		SAfiA-478-21	
MN771256.1	MN771256.1_UGV36056.1	UGV36056.1	UGV36056.1		ORF1	1	530:2545	+	2903	linear	false		SAfiA-498-7	
MN771257.1	MN771257.1_UGV36057.1	UGV36057.1	UGV36057.1		ORF1	1	527:2581	+	2954	linear	false		SAfiA-513-4	
MN771261.1	MN771261.1_UGV36061.1	UGV36061.1	UGV36061.1		ORF1	1	506:2464	+	2842	linear	false		SAfiA-57-35	
MN771262.1	MN771262.1_UGV36062.1	UGV36062.1	UGV36062.1		ORF1	1	503:2467	+	2850	linear	false		SAfiA-577-113	
MN771263.1	MN771263.1_UGV36063.1	UGV36063.1	UGV36063.1		ORF1	1	524:2560	+	2901	linear	false		SAfiA-577-93	
MN771265.1	MN771265.1_UGV36065.1	UGV36065.1	UGV36065.1		ORF1	1	561:2606	+	2966	linear	false		SAfiA-578-13	
MN771268.1	MN771268.1_UGV36068.1	UGV36068.1	UGV36068.1		ORF1	1	617:2635	+	2950	linear	false		SAfiA-587-21	
MN771269.1	MN771269.1_UGV36069.1	UGV36069.1	UGV36069.1		ORF1	1	581:2596	+	2926	linear	false		SAfiA-587-33	
MN771270.1	MN771270.1_UGV36070.1	UGV36070.1	UGV36070.1		ORF1	1	517:2490	+	2857	linear	false		SAfiA-587-71	
MN771271.1	MN771271.1_UGV36071.1	UGV36071.1	UGV36071.1		ORF1	1	484:2493	+	2826	linear	false		SAfiA-587-84	
MN771272.1	MN771272.1_UGV36072.1	UGV36072.1	UGV36072.1		ORF1	1	489:2474	+	2793	linear	false		SAfiA-587-87	
MN771273.1	MN771273.1_UGV36073.1	UGV36073.1	UGV36073.1		ORF1	1	528:2543	+	2911	linear	false		SAfiA-590-43	
MN771275.1	MN771275.1_UGV36075.1	UGV36075.1	UGV36075.1		ORF1	1	501:2468	+	2815	linear	false		SAfiA-608-11	
MN771276.1	MN771276.1_UGV36076.1	UGV36076.1	UGV36076.1		ORF1	1	518:2530	+	2901	linear	false		SAfiA-609-7	
MN771277.1	MN771277.1_UGV36077.1	UGV36077.1	UGV36077.1		ORF1	1	516:2510	+	2942	linear	false		SAfiA-6-11	
MN771279.1	MN771279.1_UGV36079.1	UGV36079.1	UGV36079.1		ORF1	1	526:2529	+	2868	linear	false		SAfiA-616-19	
MN771281.1	MN771281.1_UGV36081.1	UGV36081.1	UGV36081.1		ORF1	1	514:2526	+	2884	linear	false		SAfiA-6-19	
MN771282.1	MN771282.1_UGV36082.1	UGV36082.1	UGV36082.1		ORF1	1	518:2527	+	2898	linear	false		SAfiA-625-8	
MN771284.1	MN771284.1_UGV36084.1	UGV36084.1	UGV36084.1		ORF1	1	476:2458	+	2784	linear	false		SAfiA-656-11	
MN771289.1	MN771289.1_UGV36089.1	UGV36089.1	UGV36089.1		ORF1	1	495:2483	+	2856	linear	false		SAfiA-687-17	
MN771291.1	MN771291.1_UGV36091.1	UGV36091.1	UGV36091.1		ORF1	1	484:2475	+	2799	linear	false		SAfiA-731-10	
MN771293.1	MN771293.1_UGV36093.1	UGV36093.1	UGV36093.1		ORF1	1	510:2516	+	2867	linear	false		SAfiA-761-12	
MN771294.1	MN771294.1_UGV36094.1	UGV36094.1	UGV36094.1		ORF1	1	491:2488	+	2862	linear	false		SAfiA-77-104	
MN771297.1	MN771297.1_UGV36097.1	UGV36097.1	UGV36097.1		ORF1	1	526:2550	+	2902	linear	false		SAfiA-803-9	
MN771299.1	MN771299.1_UGV36099.1	UGV36099.1	UGV36099.1		ORF1	1	524:2464	+	2831	linear	false		SAfiA-866-433	
MN771300.1	MN771300.1_UGV36100.1	UGV36100.1	UGV36100.1		ORF1	1	570:2627	+	2984	linear	false		SAfiA-873-24	
MN771303.1	MN771303.1_UGV36103.1	UGV36103.1	UGV36103.1		ORF1	1	488:2485	+	2835	linear	false		SAfiA-94-28	
MN771304.1	MN771304.1_UGV36104.1	UGV36104.1	UGV36104.1		ORF1	1	511:2499	+	2883	linear	false		SAfiA-119-9	
MN771305.1	MN771305.1_UGV36105.1	UGV36105.1	UGV36105.1		ORF1	1	492:2489	+	2861	linear	false		SAfiA-390-10	
MN771310.1	MN771310.1_UGV36110.1	UGV36110.1	UGV36110.1		ORF1	1	517:2523	+	2899	linear	false		SAfiA-865-115	
MN771311.1	MN771311.1_UGV36111.1	UGV36111.1	UGV36111.1		ORF1	1	526:2565	+	2916	linear	false		SAfiA-122-3	
MN771312.1	MN771312.1_UGV36112.1	UGV36112.1	UGV36112.1		ORF1	1	531:2564	+	2878	linear	false		SAfiA-254-27	
MN771315.1	MN771315.1_UGV36115.1	UGV36115.1	UGV36115.1		ORF1	1	498:2453	+	2813	linear	false		SAfiA-810-60	
MN771316.1	MN771316.1_UGV36116.1	UGV36116.1	UGV36116.1		ORF1	1	551:2566	+	2959	linear	false		SAfiA-870-6	
MN771319.1	MN771319.1_UGV36119.1	UGV36119.1	UGV36119.1		ORF1	1	593:2629	+	3013	linear	false		SAfiA-449-8	
MN771322.1	MN771322.1_UGV36122.1	UGV36122.1	UGV36122.1		ORF1	1	549:2588	+	2970	linear	false		SAfiA-297-89	
MN771326.1	MN771326.1_UGV36126.1	UGV36126.1	UGV36126.1		ORF1	1	593:2620	+	2999	linear	false		SAfiA-353-16	
MN771329.1	MN771329.1_UGV36129.1	UGV36129.1	UGV36129.1		ORF1	1	553:2568	+	2943	linear	false		SAfiA-473-1	
MN771333.1	MN771333.1_UGV36133.1	UGV36133.1	UGV36133.1		ORF1	1	593:2620	+	2999	linear	false		SAfiA-577-27	
MN771334.1	MN771334.1_UGV36134.1	UGV36134.1	UGV36134.1		ORF1	1	494:2485	+	2993	linear	false		SAfiA-766-268	
MN771339.1	MN771339.1_UGV36139.1	UGV36139.1	UGV36139.1		ORF1	1	529:2568	+	2891	linear	false		SAfiA-38-9	
MN771345.1	MN771345.1_UGV36145.1	UGV36145.1	UGV36145.1		ORF1	1	525:2540	+	2925	linear	false		SAfiA-11-25	
MN771347.1	MN771347.1_UGV36147.1	UGV36147.1	UGV36147.1		ORF1	1	480:2486	+	2802	linear	false		SAfiA-238-18	
MN771348.1	MN771348.1_UGV36148.1	UGV36148.1	UGV36148.1		ORF1	1	510:2582	+	2900	linear	false		SAfiA-251-19	
MN771349.1	MN771349.1_UGV36149.1	UGV36149.1	UGV36149.1		ORF1	1	600:2606	+	2961	linear	false		SAfiA-254-21	
MN771350.1	MN771350.1_UGV36150.1	UGV36150.1	UGV36150.1		ORF1	1	527:2572	+	2937	linear	false		SAfiA-319-20	
MN771351.1	MN771351.1_UGV36151.1	UGV36151.1	UGV36151.1		ORF1	1	500:2434	+	2774	linear	false		SAfiA-324-19	
MN771352.1	MN771352.1_UGV36152.1	UGV36152.1	UGV36152.1		ORF1	1	526:2508	+	2867	linear	false		SAfiA-335-6	
MN771354.1	MN771354.1_UGV36154.1	UGV36154.1	UGV36154.1		ORF1	1	485:2482	+	2791	linear	false		SAfiA-346-49	
MN771355.1	MN771355.1_UGV36155.1	UGV36155.1	UGV36155.1		ORF1	1	625:2670	+	2991	linear	false		SAfiA-35-27	
MN771356.1	MN771356.1_UGV36156.1	UGV36156.1	UGV36156.1		ORF1	1	492:2483	+	2774	linear	false		SAfiA-353-56	
MN771357.1	MN771357.1_UGV36157.1	UGV36157.1	UGV36157.1		ORF1	1	504:2462	+	2797	linear	false		SAfiA-35-82	
MN771359.1	MN771359.1_UGV36159.1	UGV36159.1	UGV36159.1		ORF1	1	535:2556	+	2919	linear	false		SAfiA-369-24	
MN771360.1	MN771360.1_UGV36160.1	UGV36160.1	UGV36160.1		ORF1	1	518:2548	+	2914	linear	false		SAfiA-380-47	
MN771361.1	MN771361.1_UGV36161.1	UGV36161.1	UGV36161.1		ORF1	1	485:2479	+	2816	linear	false		SAfiA-388-153	
MN771362.1	MN771362.1_UGV36162.1	UGV36162.1	UGV36162.1		ORF1	1	518:2500	+	2815	linear	false		SAfiA-388-156	
MN771364.1	MN771364.1_UGV36164.1	UGV36164.1	UGV36164.1		ORF1	1	480:2462	+	2792	linear	false		SAfiA-468-12	
MN771365.1	MN771365.1_UGV36165.1	UGV36165.1	UGV36165.1		ORF1	1	506:2467	+	2801	linear	false		SAfiA-475-16	
MN771366.1	MN771366.1_UGV36166.1	UGV36166.1	UGV36166.1		ORF1	1	544:2526	+	2876	linear	false		SAfiA-479-12	
MN771367.1	MN771367.1_UGV36167.1	UGV36167.1	UGV36167.1		ORF1	1	516:2504	+	2853	linear	false		SAfiA-552-46	
MN771370.1	MN771370.1_UGV36170.1	UGV36170.1	UGV36170.1		ORF1	1	500:2509	+	2835	linear	false		SAfiA-590-73	
MN771371.1	MN771371.1_UGV36171.1	UGV36171.1	UGV36171.1		ORF1	1	497:2509	+	2837	linear	false		SAfiA-593-18	
MN771372.1	MN771372.1_UGV36172.1	UGV36172.1	UGV36172.1		ORF1	1	505:2517	+	2844	linear	false		SAfiA-595-28	
MN771373.1	MN771373.1_UGV36173.1	UGV36173.1	UGV36173.1		ORF1	1	522:2519	+	2930	linear	false		SAfiA-61-11	
MN771374.1	MN771374.1_UGV36174.1	UGV36174.1	UGV36174.1		ORF1	1	519:2555	+	2872	linear	false		SAfiA-615-669	
MN771375.1	MN771375.1_UGV36175.1	UGV36175.1	UGV36175.1		ORF1	1	510:2426	+	2799	linear	false		SAfiA-626-28	
MN771376.1	MN771376.1_UGV36176.1	UGV36176.1	UGV36176.1		ORF1	1	574:2559	+	2869	linear	false		SAfiA-639-1584	
MN771378.1	MN771378.1_UGV36178.1	UGV36178.1	UGV36178.1		ORF1	1	534:2516	+	2833	linear	false		SAfiA-654-6	
MN771379.1	MN771379.1_UGV36179.1	UGV36179.1	UGV36179.1		ORF1	1	486:2480	+	2778	linear	false		SAfiA-666-17	
MN771383.1	MN771383.1_UGV36183.1	UGV36183.1	UGV36183.1		ORF1	1	526:2544	+	2861	linear	false		SAfiA-77-130	
MN771386.1	MN771386.1_UGV36186.1	UGV36186.1	UGV36186.1		ORF1	1	513:2480	+	2763	linear	false		SAfiA-804-54	
MN771387.1	MN771387.1_UGV36187.1	UGV36187.1	UGV36187.1		ORF1	1	564:2573	+	2892	linear	false		SAfiA-810-56	
MN771392.1	MN771392.1_UGV36192.1	UGV36192.1	UGV36192.1		ORF1	1	504:2477	+	2789	linear	false		SAfiA-87-60	
MN771395.1	MN771395.1_UGV36195.1	UGV36195.1	UGV36195.1		ORF1	1	522:2507	+	2931	linear	false		SAfiA-110-12	
MN771396.1	MN771396.1_UGV36196.1	UGV36196.1	UGV36196.1		ORF1	1	501:2471	+	2792	linear	false		SAfiA-113-23	
MN771398.1	MN771398.1_UGV36198.1	UGV36198.1	UGV36198.1		ORF1	1	527:2497	+	2841	linear	false		SAfiA-224-32	
MN771400.1	MN771400.1_UGV36200.1	UGV36200.1	UGV36200.1		ORF1	1	469:2460	+	2768	linear	false		SAfiA-262-11	
MN771401.1	MN771401.1_UGV36201.1	UGV36201.1	UGV36201.1		ORF1	1	494:2470	+	2828	linear	false		SAfiA-266-17	
MN771404.1	MN771404.1_UGV36204.1	UGV36204.1	UGV36204.1		ORF1	1	517:2490	+	2837	linear	false		SAfiA-297-107	
MN771405.1	MN771405.1_UGV36205.1	UGV36205.1	UGV36205.1		ORF1	1	535:2556	+	2956	linear	false		SAfiA-300-15	
MN771406.1	MN771406.1_UGV36206.1	UGV36206.1	UGV36206.1		ORF1	1	505:2433	+	2756	linear	false		SAfiA-300-26	
MN771408.1	MN771408.1_UGV36208.1	UGV36208.1	UGV36208.1		ORF1	1	516:2507	+	2851	linear	false		SAfiA-314-22	
MN771409.1	MN771409.1_UGV36209.1	UGV36209.1	UGV36209.1		ORF1	1	496:2400	+	2769	linear	false		SAfiA-316-34	
MN771410.1	MN771410.1_UGV36210.1	UGV36210.1	UGV36210.1		ORF1	1	540:2576	+	2885	linear	false		SAfiA-317-11	
MN771411.1	MN771411.1_UGV36211.1	UGV36211.1	UGV36211.1		ORF1	1	506:2497	+	2798	linear	false		SAfiA-334-30	
MN771415.1	MN771415.1_UGV36215.1	UGV36215.1	UGV36215.1		ORF1	1	504:2465	+	2810	linear	false		SAfiA-352-28	
MN771416.1	MN771416.1_UGV36216.1	UGV36216.1	UGV36216.1		ORF1	1	533:2572	+	2935	linear	false		SAfiA-35-31	
MN771418.1	MN771418.1_UGV36218.1	UGV36218.1	UGV36218.1		ORF1	1	527:2461	+	2799	linear	false		SAfiA-35-78	
MN771419.1	MN771419.1_UGV36219.1	UGV36219.1	UGV36219.1		ORF1	1	501:2480	+	2818	linear	false		SAfiA-367-39	
MN771421.1	MN771421.1_UGV36221.1	UGV36221.1	UGV36221.1		ORF1	1	496:2526	+	2893	linear	false		SAfiA-370-6	
MN771423.1	MN771423.1_UGV36223.1	UGV36223.1	UGV36223.1		ORF1	1	505:2493	+	2872	linear	false		SAfiA-380-32	
MN771425.1	MN771425.1_UGV36225.1	UGV36225.1	UGV36225.1		ORF1	1	525:2504	+	2813	linear	false		SAfiA-380-71	
MN771426.1	MN771426.1_UGV36226.1	UGV36226.1	UGV36226.1		ORF1	1	486:2474	+	2797	linear	false		SAfiA-380-77	
MN771428.1	MN771428.1_UGV36228.1	UGV36228.1	UGV36228.1		ORF1	1	578:2578	+	2897	linear	false		SAfiA-388-124	
MN771429.1	MN771429.1_UGV36229.1	UGV36229.1	UGV36229.1		ORF1	1	518:2497	+	2817	linear	false		SAfiA-388-151	
MN771431.1	MN771431.1_UGV36231.1	UGV36231.1	UGV36231.1		ORF1	1	546:2582	+	2883	linear	false		SAfiA-401-20	
MN771432.1	MN771432.1_UGV36232.1	UGV36232.1	UGV36232.1		ORF1	1	536:2425	+	2738	linear	false		SAfiA-402-43	
MN771438.1	MN771438.1_UGV36238.1	UGV36238.1	UGV36238.1		ORF1	1	534:2459	+	2834	linear	false		SAfiA-462-3	
MN771443.1	MN771443.1_UGV36242.1	UGV36242.1	UGV36242.1		ORF1	1	501:2492	+	2819	linear	false		SAfiA-511-15	
MN771444.1	MN771444.1_UGV36243.1	UGV36243.1	UGV36243.1		ORF1	1	490:2472	+	2846	linear	false		SAfiA-51-25	
MN771445.1	MN771445.1_UGV36244.1	UGV36244.1	UGV36244.1		ORF1	1	551:2539	+	2890	linear	false		SAfiA-514-27	
MN771447.1	MN771447.1_UGV36246.1	UGV36246.1	UGV36246.1		ORF1	1	495:2492	+	2849	linear	false		SAfiA-525-1	
MN771450.1	MN771450.1_UGV36249.1	UGV36249.1	UGV36249.1		ORF1	1	505:2484	+	2773	linear	false		SAfiA-546-19	
MN771452.1	MN771452.1_UGV36251.1	UGV36251.1	UGV36251.1		ORF1	1	501:2489	+	2782	linear	false		SAfiA-552-53	
MN771453.1	MN771453.1_UGV36252.1	UGV36252.1	UGV36252.1		ORF1	1	511:2535	+	2911	linear	false		SAfiA-563-15	
MN771455.1	MN771455.1_UGV36254.1	UGV36254.1	UGV36254.1		ORF1	1	489:2492	+	2818	linear	false		SAfiA-572-35	
MN771456.1	MN771456.1_UGV36255.1	UGV36255.1	UGV36255.1		ORF1	1	491:2467	+	2777	linear	false		SAfiA-57-43	
MN771457.1	MN771457.1_UGV36256.1	UGV36256.1	UGV36256.1		ORF1	1	525:2558	+	2898	linear	false		SAfiA-577-78	
MN771459.1	MN771459.1_UGV36258.1	UGV36258.1	UGV36258.1		ORF1	1	544:2550	+	2869	linear	false		SAfiA-578-15	
MN771460.1	MN771460.1_UGV36259.1	UGV36259.1	UGV36259.1		ORF1	1	516:2546	+	2894	linear	false		SAfiA-581-36	
MN771461.1	MN771461.1_UGV36260.1	UGV36260.1	UGV36260.1		ORF1	1	500:2437	+	2770	linear	false		SAfiA-581-53	
MN771464.1	MN771464.1_UGV36263.1	UGV36263.1	UGV36263.1		ORF1	1	526:2508	+	2817	linear	false		SAfiA-587-106	
MN771465.1	MN771465.1_UGV36264.1	UGV36264.1	UGV36264.1		ORF1	1	504:2465	+	2808	linear	false		SAfiA-587-13	
MN771466.1	MN771466.1_UGV36265.1	UGV36265.1	UGV36265.1		ORF1	1	490:2484	+	2797	linear	false		SAfiA-587-281	
MN771468.1	MN771468.1_UGV36267.1	UGV36267.1	UGV36267.1		ORF1	1	515:2470	+	2775	linear	false		SAfiA-590-18	
MN771470.1	MN771470.1_UGV36269.1	UGV36269.1	UGV36269.1		ORF1	1	511:2448	+	2817	linear	false		SAfiA-590-84	
MN771471.1	MN771471.1_UGV36270.1	UGV36270.1	UGV36270.1		ORF1	1	504:2417	+	2737	linear	false		SAfiA-590-90	
MN771472.1	MN771472.1_UGV36271.1	UGV36271.1	UGV36271.1		ORF1	1	526:2544	+	2910	linear	false		SAfiA-595-13	
MN771474.1	MN771474.1_UGV36273.1	UGV36273.1	UGV36273.1		ORF1	1	469:2460	+	2778	linear	false		SAfiA-611-175	
MN771479.1	MN771479.1_UGV36278.1	UGV36278.1	UGV36278.1		ORF1	1	538:2565	+	2863	linear	false		SAfiA-626-23	
MN771481.1	MN771481.1_UGV36280.1	UGV36280.1	UGV36280.1		ORF1	1	402:2363	+	2739	linear	false		SAfiA-628-67	
MN771486.1	MN771486.1_UGV36285.1	UGV36285.1	UGV36285.1		ORF1	1	497:2482	+	2843	linear	false		SAfiA-651-32	
MN771495.1	MN771495.1_UGV36294.1	UGV36294.1	UGV36294.1		ORF1	1	589:2595	+	2918	linear	false		SAfiA-724-7	
MN771496.1	MN771496.1_UGV36295.1	UGV36295.1	UGV36295.1		ORF1	1	483:2516	+	2808	linear	false		SAfiA-727-6	
MN771499.1	MN771499.1_UGV36298.1	UGV36298.1	UGV36298.1		ORF1	1	563:2611	+	2957	linear	false		SAfiA-766-277	
MN771500.1	MN771500.1_UGV36299.1	UGV36299.1	UGV36299.1		ORF1	1	506:2506	+	2903	linear	false		SAfiA-766-286	
MN771501.1	MN771501.1_UGV36300.1	UGV36300.1	UGV36300.1		ORF1	1	516:2510	+	2882	linear	false		SAfiA-77-109	
MN771504.1	MN771504.1_UGV36303.1	UGV36303.1	UGV36303.1		ORF1	1	498:2396	+	2701	linear	false		SAfiA-810-69	
MN771505.1	MN771505.1_UGV36304.1	UGV36304.1	UGV36304.1		ORF1	1	511:2484	+	2869	linear	false		SAfiA-812-68	
MN771510.1	MN771510.1_UGV36309.1	UGV36309.1	UGV36309.1		ORF1	1	492:2471	+	2824	linear	false		SAfiA-87-46	
MN771511.1	MN771511.1_UGV36310.1	UGV36310.1	UGV36310.1		ORF1	1	526:2514	+	2865	linear	false		SAfiA-88-20	
MN771514.1	MN771514.1_UGV36313.1	UGV36313.1	UGV36313.1		ORF1	1	553:2571	+	2917	linear	false		SAfiA-388-83	
MN774927.1	MN774927.1_UHK03655.1	UHK03655.1	UHK03655.1		ORF1	1	453:2453	+	3057	linear	false		SAfiA-350-6	
MN774928.1	MN774928.1_UHK03656.1	UHK03656.1	UHK03656.1		ORF1	1	454:2457	+	3043	linear	false		SAfiA-388-8	
MN774929.1	MN774929.1_UHK03657.1	UHK03657.1	UHK03657.1		ORF1	1	410:2386	+	3053	linear	false		SAfiA-361-6	
MN774930.1	MN774930.1_UHK03658.1	UHK03658.1	UHK03658.1		ORF1	1	464:2455	+	3037	linear	false		SAfiA-542-8	
MN774932.1	MN774932.1_UHK03660.1	UHK03660.1	UHK03660.1		ORF1	1	411:2387	+	3066	linear	false		SAfiA-376-5	
MN774933.1	MN774933.1_UHK03661.1	UHK03661.1	UHK03661.1		ORF1	1	413:2395	+	3038	linear	false		SAfiA-398-7	
MN774934.1	MN774934.1_UHK03662.1	UHK03662.1	UHK03662.1		ORF1	1	417:2405	+	3033	linear	false		SAfiA-521-5	
MN774935.1	MN774935.1_UHK03663.1	UHK03663.1	UHK03663.1		ORF1	1	427:2439	+	2642	linear	false		SAfiA-861-232	
MN774936.1	MN774936.1_UHK03664.1	UHK03664.1	UHK03664.1		ORF1	1	374:2407	+	3065	linear	false		SAfiA-362-29	
MN774937.1	MN774937.1_UHK03665.1	UHK03665.1	UHK03665.1		ORF1	1	306:2303	+	3072	linear	false		SAfiA-768-12	
MN774938.1	MN774938.1_UHK03666.1	UHK03666.1	UHK03666.1		ORF1	1	467:2464	+	3228	linear	false		SAfiA-355-3	
MN774939.1	MN774939.1_UHK03667.1	UHK03667.1	UHK03667.1		ORF1	1	468:2486	+	3248	linear	false		SAfiA-573-3	
MN774940.1	MN774940.1_UHK03668.1	UHK03668.1	UHK03668.1		ORF1	1	433:2442	+	3229	linear	false		SAfiA-108-10	
MN774941.1	MN774941.1_UHK03669.1	UHK03669.1	UHK03669.1		ORF1	1	431:2443	+	3220	linear	false		SAfiA-364-0	
MN774942.1	MN774942.1_UHK03670.1	UHK03670.1	UHK03670.1		ORF1	1	433:2403	+	3179	linear	false		SAfiA-498-1	
MN774943.1	MN774943.1_UHK03671.1	UHK03671.1	UHK03671.1		ORF1	1	413:2395	+	3181	linear	false		SAfiA-391-3	
MN774944.1	MN774944.1_UHK03672.1	UHK03672.1	UHK03672.1		ORF1	1	428:2419	+	3195	linear	false		SAfiA-336-2	
MN774945.1	MN774945.1_UHK03673.1	UHK03673.1	UHK03673.1		ORF1	1	422:2389	+	3019	linear	false		SAfiA-116-48	
MN774948.1	MN774948.1_UHK03675.1	UHK03675.1	UHK03675.1		ORF1	1	454:2409	+	3191	linear	false		SAfiA-355-4	
MN774949.1	MN774949.1_UHK03676.1	UHK03676.1	UHK03676.1		ORF1	1	430:2397	+	3185	linear	false		SAfiA-389-3	
MN774950.1	MN774950.1_UHK03677.1	UHK03677.1	UHK03677.1		ORF1	1	435:2411	+	3198	linear	false		SAfiA-131-3	
MN774951.1	MN774951.1_UHK03678.1	UHK03678.1	UHK03678.1		ORF1	1	427:2424	+	3207	linear	false		SAfiA-252-4	
MN774952.1	MN774952.1_UHK03679.1	UHK03679.1	UHK03679.1		ORF1	1	428:2446	+	3229	linear	false		SAfiA-333-2	
MN774953.1	MN774953.1_UHK03680.1	UHK03680.1	UHK03680.1		ORF1	1	349:2313	+	3086	linear	false		SAfiA-525-8	
MN774954.1	MN774954.1_UHK03681.1	UHK03681.1	UHK03681.1		ORF1	1	429:2564	+	2986	linear	false		SAfiA-396-35	
MN774955.1	MN774955.1_UHK03682.1	UHK03682.1	UHK03682.1		ORF1	1	433:2421	+	3060	linear	false		SAfiA-390-23	
MN774956.1	MN774956.1_UHK03683.1	UHK03683.1	UHK03683.1		ORF1	1	418:2403	+	3056	linear	false		SAfiA-610-7	
MN774958.1	MN774958.1_UHK03685.1	UHK03685.1	UHK03685.1		ORF1	1	371:2332	+	2894	linear	false		SAfiA-595-49	
MN774959.1	MN774959.1_UHK03686.1	UHK03686.1	UHK03686.1		ORF1	1	381:2372	+	2923	linear	false		SAfiA-569-59	
MN774961.1	MN774961.1_UHK03688.1	UHK03688.1	UHK03688.1		ORF1	1	375:2360	+	2956	linear	false		SAfiA-48-1	
MN774962.1	MN774962.1_UHK03689.1	UHK03689.1	UHK03689.1		ORF1	1	393:2426	+	2902	linear	false		SAfiA-50-20	
MN774963.1	MN774963.1_UHK03690.1	UHK03690.1	UHK03690.1		ORF1	1	388:2385	+	2857	linear	false		SAfiA-412-9	
MN774964.1	MN774964.1_UHK03691.1	UHK03691.1	UHK03691.1		ORF1	1	377:2383	+	2993	linear	false		SAfiA-496-0	
MN774965.1	MN774965.1_UHK03692.1	UHK03692.1	UHK03692.1		ORF1	1	123:2114	+	2723	linear	false		SAfiA-276-16	
MN774967.1	MN774967.1_UHK03693.1	UHK03693.1	UHK03693.1		ORF1	1	395:2368	+	2866	linear	false		SAfiA-335-8	
MN774968.1	MN774968.1_UHK03694.1	UHK03694.1	UHK03694.1		ORF1	1	395:2371	+	2856	linear	false		SAfiA-47-21	
MN774969.1	MN774969.1_UHK03695.1	UHK03695.1	UHK03695.1		ORF1	1	394:2370	+	2989	linear	false		SAfiA-76-2	
MN774970.1	MN774970.1_UHK03696.1	UHK03696.1	UHK03696.1		ORF1	1	396:2387	+	2997	linear	false		SAfiA-584-6	
MN774971.1	MN774971.1_UHK03697.1	UHK03697.1	UHK03697.1		ORF1	1	374:2371	+	2896	linear	false		SAfiA-640-34	
MN774972.1	MN774972.1_UHK03698.1	UHK03698.1	UHK03698.1		ORF1	1	376:2349	+	2961	linear	false		SAfiA-114-8	
MN774973.1	MN774973.1_UHK03699.1	UHK03699.1	UHK03699.1		ORF1	1	320:2341	+	2961	linear	false		SAfiA-562-17	
MN774974.1	MN774974.1_UHK03700.1	UHK03700.1	UHK03700.1		ORF1	1	384:2366	+	2977	linear	false		SAfiA-45-3	
MN774975.1	MN774975.1_UHK03701.1	UHK03701.1	UHK03701.1		ORF1	1	404:2389	+	3010	linear	false		SAfiA-458B-3	
MN774976.1	MN774976.1_UHK03702.1	UHK03702.1	UHK03702.1		ORF1	1	396:2378	+	2988	linear	false		SAfiA-531-1	
MN774977.1	MN774977.1_UHK03703.1	UHK03703.1	UHK03703.1		ORF1	1	387:2396	+	3010	linear	false		SAfiA-668-0	
MN774978.1	MN774978.1_UHK03704.1	UHK03704.1	UHK03704.1		ORF1	1	325:2331	+	2941	linear	false		SAfiA-591-21	
MN774980.1	MN774980.1_UHK03706.1	UHK03706.1	UHK03706.1		ORF1	1	378:2381	+	2991	linear	false		SAfiA-429-7	
MN774981.1	MN774981.1_UHK03707.1	UHK03707.1	UHK03707.1		ORF1	1	389:2341	+	2963	linear	false		SAfiA-635-1	
MN774984.1	MN774984.1_UHK03710.1	UHK03710.1	UHK03710.1		ORF1	1	396:2420	+	3033	linear	false		SAfiA-459-2	
MN774985.1	MN774985.1_UHK03711.1	UHK03711.1	UHK03711.1		ORF1	1	395:2383	+	2998	linear	false		SAfiA-348-4	
MN774986.1	MN774986.1_UHK03712.1	UHK03712.1	UHK03712.1		ORF1	1	435:2411	+	3083	linear	false		SAfiA-420-5	
MN774987.1	MN774987.1_UHK03713.1	UHK03713.1	UHK03713.1		ORF1	1	550:2556	+	3269	linear	false		SAfiA-403-16	
MN774988.1	MN774988.1_UHK03714.1	UHK03714.1	UHK03714.1		ORF1	1	543:2543	+	3301	linear	false		SAfiA-353-59	
MN774989.1	MN774989.1_UHK03715.1	UHK03715.1	UHK03715.1		ORF1	1	557:2548	+	3111	linear	false		SAfiA-405-3	
MT157223.1	MT157223.1_QRG28981.1	QRG28981.1	QRG28981.1		ORF1	1	556:2565	+	2875	linear	false			anel-ch-zj
MT157223.1	MT157223.1_QRG28982.1	QRG28982.1	QRG28982.1		ORF2	1	383:691	+	2875	linear	false			anel-ch-zj
MT157223.1	MT157223.1_QRG28983.1	QRG28983.1	QRG28983.1		hypothetical protein	1	2225:2545	+	2875	linear	false			anel-ch-zj
MT157223.1	MT157223.1_QRG28984.1	QRG28984.1	QRG28984.1		hypothetical protein	1	2451:2780	+	2875	linear	false			anel-ch-zj
MT210805.1	MT210805.1_QOI17544.1	QOI17544.1	QOI17544.1		ORF1	1	186:2198	+	2841	circular	false			HuAV-zj-ad 1
MT210805.1	MT210805.1_QOI17545.1	QOI17545.1	QOI17545.1		ORF2	1	2258:2410	+	2841	circular	false			HuAV-zj-ad 1
MT210805.1	MT210805.1_QOI17546.1	QOI17546.1	QOI17546.1		ORF3	1	2677:2817	+	2841	circular	false			HuAV-zj-ad 1
MT210805.1	MT210805.1_QOI17547.1	QOI17547.1	QOI17547.1		ORF4	1	1:318	+	2841	circular	false			HuAV-zj-ad 1
MT501646.1	MT501646.1_QLC35787.1	QLC35787.1	QLC35787.1		Orf1	1	620:2824	+	3651	circular	false		cya/2019	
MT501648.1	MT501648.1_QLC35785.1	QLC35785.1	QLC35785.1		Orf1	1	576:2786	+	3759	circular	false		cyb/2019	
MT506588.1	MT506588.1_QMI58087.1	QMI58087.1	QMI58087.1		ORF1	1	510:2513	+	2900	circular	false		0405_TTV2	
MT506588.1	MT506588.1_QMI58088.1	QMI58088.1	QMI58088.1		ORF2	1	340:627	+	2900	circular	false		0405_TTV2	
MT506588.1	MT506588.1_QMI58089.1	QMI58089.1	QMI58089.1		ORF3	1	1866:2513	+	2900	circular	false		0405_TTV2	
MT506589.1	MT506589.1_QMI58090.1	QMI58090.1	QMI58090.1		ORF1	1	649:2676	+	3245	circular	false		0405_TTV3	
MT506589.1	MT506589.1_QMI58091.1	QMI58091.1	QMI58091.1		ORF2	1	434:802	+	3245	circular	false		0405_TTV3	
MT506589.1	MT506589.1_QMI58092.1	QMI58092.1	QMI58092.1		ORF3	1	2170:2676	+	3245	circular	false		0405_TTV3	
MT783403.1	MT783403.1_QOI17548.1	QOI17548.1	QOI17548.1		hypothetical protein	1	340:627	+	2897	linear	false			ydyzj-2020
MT783403.1	MT783403.1_QOI17549.1	QOI17549.1	QOI17549.1		ORF1	1	516:2543	+	2897	linear	false			ydyzj-2020
MT783403.1	MT783403.1_QOI17550.1	QOI17550.1	QOI17550.1		hypothetical protein	1	2597:2746	+	2897	linear	false			ydyzj-2020
MT783404.1	MT783404.1_QOI17551.1	QOI17551.1	QOI17551.1		hypothetical protein	1	40:435	+	3700	linear	false			ydyzj-6106
MT783404.1	MT783404.1_QOI17552.1	QOI17552.1	QOI17552.1		ORF1	1	605:2902	+	3700	linear	false			ydyzj-6106
MT783404.1	MT783404.1_QOI17553.1	QOI17553.1	QOI17553.1		hypothetical protein	1	2914:3084	+	3700	linear	false			ydyzj-6106
MT783405.1	MT783405.1_QOI17554.1	QOI17554.1	QOI17554.1		hypothetical protein	1	220:678	+	3732	linear	false			ydyzj-6462
MT783405.1	MT783405.1_QOI17555.1	QOI17555.1	QOI17555.1		ORF1	1	549:2852	+	3732	linear	false			ydyzj-6462
MT783405.1	MT783405.1_QOI17556.1	QOI17556.1	QOI17556.1		hypothetical protein	1	2908:3282	+	3732	linear	false			ydyzj-6462
MT783405.1	MT783405.1_QOI17557.1	QOI17557.1	QOI17557.1		hypothetical protein	1	3461:3637	+	3732	linear	false			ydyzj-6462
MT783406.1	MT783406.1_QOI17558.1	QOI17558.1	QOI17558.1		hypothetical protein	1	188:658	+	3633	linear	false			ydyzj-7432
MT783406.1	MT783406.1_QOI17559.1	QOI17559.1	QOI17559.1		ORF1	1	538:2772	+	3633	linear	false			ydyzj-7432
MT783406.1	MT783406.1_QOI17560.1	QOI17560.1	QOI17560.1		hypothetical protein	1	3429:3572	+	3633	linear	false			ydyzj-7432
MW455346.1	MW455346.1_ORF1	QUD39718.1	ORF1	ORF1	ORF1	1	527:2764	+	3569	circular	false		P1-c2	
MW455347.1	MW455347.1_ORF1	QUD39719.1	ORF1	ORF1	ORF1	1	608:2881	+	3487	circular	false		P1-c3	
MW455348.1	MW455348.1_ORF1	QUD39720.1	ORF1	ORF1	ORF1	1	596:2914	+	3243	circular	false		P1-c4	
MW455349.1	MW455349.1_ORF1	QUD39721.1	ORF1	ORF1	ORF1	1	873:2816	+	3154	circular	false		P1-c5	
MW455351.1	MW455351.1_ORF1	QUD39723.1	ORF1	ORF1	ORF1	1	469:2796	+	3108	circular	false		P1-c7	
MW455352.1	MW455352.1_ORF1	QUD39724.1	ORF1	ORF1	ORF1	1	479:2785	+	3091	circular	false		P1-c8	
MW455354.1	MW455354.1_ORF1	QUD39726.1	ORF1	ORF1	ORF1	1	376:2403	+	2894	circular	false		P1-c12	
MW455358.1	MW455358.1_ORF1	QUD39730.1	ORF1	ORF1	ORF1	1	599:2563	+	2853	circular	false		P1-c16	
MW455359.1	MW455359.1_ORF1	QUD39731.1	ORF1	ORF1	ORF1	1	404:2620	+	2926	circular	false		P1-c17	
MW455361.1	MW455361.1_ORF1	QUD39733.1	ORF1	ORF1	ORF1	1	260:2308	+	2555	circular	false		P1-c19	
MW455362.1	MW455362.1_ORF1	QUD39734.1	ORF1	ORF1	ORF1	1	842:2800	+	3092	circular	false		P1-c23	
MW455363.1	MW455363.1_ORF1	QUD39735.1	ORF1	ORF1	ORF1	1	519:2501	+	2912	circular	false		P1-c24	
MW455364.1	MW455364.1_ORF1	QUD39736.1	ORF1	ORF1	ORF1	1	547:2517	+	2897	circular	false		P1-c25	
MW455365.1	MW455365.1_ORF1	QUD39737.1	ORF1	ORF1	ORF1	1	332:2317	+	2576	circular	false		P1-c26	
MW455368.1	MW455368.1_ORF1	QUD39740.1	ORF1	ORF1	ORF1	1	883:2811	+	3169	circular	false		P2-c3	
MW455369.1	MW455369.1_ORF1	QUD39741.1	ORF1	ORF1	ORF1	1	425:2647	+	3074	circular	false		P2-c4	
MW455373.1	MW455373.1_ORF1	QUD39745.1	ORF1	ORF1	ORF1	1	317:2326	+	2567	circular	false		P2-c8	
MW455375.1	MW455375.1_ORF1	QUD39747.1	ORF1	ORF1	ORF1	1	605:2800	+	3125	circular	false		P3-c2	
MW455378.1	MW455378.1_ORF1	QUD39750.1	ORF1	ORF1	ORF1	1	556:2553	+	2796	circular	false		P3-c5	
MW455380.1	MW455380.1_ORF1	QUD39752.1	ORF1	ORF1	ORF1	1	591:2861	+	3215	circular	false		P3-c7	
MW455381.1	MW455381.1_ORF1	QUD39753.1	ORF1	ORF1	ORF1	1	582:2603	+	2989	circular	false		P3-c8	
MW455382.1	MW455382.1_ORF1	QUD39754.1	ORF1	ORF1	ORF1	1	523:2484	+	2810	circular	false		P3-c9	
MW455383.1	MW455383.1_ORF1	QUD39755.1	ORF1	ORF1	ORF1	1	601:2820	+	3709	circular	false		P4-c1	
MW455384.1	MW455384.1_ORF1	QUD39756.1	ORF1	ORF1	ORF1	1	394:2619	+	2968	circular	false		P4-c2	
MW455385.1	MW455385.1_ORF1	QUD39757.1	ORF1	ORF1	ORF1	1	405:2603	+	2865	circular	false		P4-c3	
MW455386.1	MW455386.1_ORF1	QUD39758.1	ORF1	ORF1	ORF1	1	463:2367	+	2777	circular	false		P4-c4	
MW455387.1	MW455387.1_ORF1	QUD39759.1	ORF1	ORF1	ORF1	1	587:2875	+	3235	circular	false		P5-c1	
MW455388.1	MW455388.1_ORF1	QUD39760.1	ORF1	ORF1	ORF1	1	79:2109	+	2241	circular	false		P5-c2	
MW455389.1	MW455389.1_ORF1	QUD39761.1	ORF1	ORF1	ORF1	1	605:2950	+	3826	circular	false		P6-c1	
MW455390.1	MW455390.1_ORF1	QUD39762.1	ORF1	ORF1	ORF1	1	477:2837	+	3135	circular	false		P6-c2	
MW455391.1	MW455391.1_ORF1	QUD39763.1	ORF1	ORF1	ORF1	1	555:2534	+	2839	circular	false		P6-c3	
MW455392.1	MW455392.1_ORF1	QUD39764.1	ORF1	ORF1	ORF1	1	566:2833	+	3328	circular	false		P7-c1	
MW455393.1	MW455393.1_ORF1	QUD39765.1	ORF1	ORF1	ORF1	1	672:2948	+	3280	circular	false		P7-c2	
MW455394.1	MW455394.1_ORF1	QUD39766.1	ORF1	ORF1	ORF1	1	604:2634	+	3268	circular	false		P7-c3	
MW455395.1	MW455395.1_ORF1	QUD39767.1	ORF1	ORF1	ORF1	1	609:2918	+	3243	circular	false		P7-c4	
MW455397.1	MW455397.1_ORF1	QUD39769.1	ORF1	ORF1	ORF1	1	507:2774	+	3065	circular	false		P7-c6	
MW455398.1	MW455398.1_ORF1	QUD39770.1	ORF1	ORF1	ORF1	1	661:2538	+	3042	circular	false		P7-c7	
MW455399.1	MW455399.1_ORF1	QUD39771.1	ORF1	ORF1	ORF1	1	393:2678	+	2987	circular	false		P7-c8	
MW455400.1	MW455400.1_ORF1	QUD39772.1	ORF1	ORF1	ORF1	1	403:2634	+	2958	circular	false		P7-c9	
MW455401.1	MW455401.1_ORF1	QUD39773.1	ORF1	ORF1	ORF1	1	396:2633	+	2950	circular	false		P7-c10	
MW455402.1	MW455402.1_ORF1	QUD39774.1	ORF1	ORF1	ORF1	1	478:2481	+	2854	circular	false		P7-c12	
MW455403.1	MW455403.1_ORF1	QUD39775.1	ORF1	ORF1	ORF1	1	457:2499	+	2785	circular	false		P7-c14	
MW455405.1	MW455405.1_ORF1	QUD39777.1	ORF1	ORF1	ORF1	1	329:2314	+	2606	circular	false		P7-c17	
MW455406.1	MW455406.1_ORF1	QUD39778.1	ORF1	ORF1	ORF1	1	289:2274	+	2557	circular	false		P7-c18	
MW455407.1	MW455407.1_ORF1	QUD39779.1	ORF1	ORF1	ORF1	1	306:2294	+	2550	circular	false		P7-c19	
MW455408.1	MW455408.1_ORF1	QUD39780.1	ORF1	ORF1	ORF1	1	79:2040	+	2098	circular	false		P7-c20	
MW455409.1	MW455409.1_ORF1	QUD39781.1	ORF1	ORF1	ORF1	1	491:2452	+	2866	circular	false		P7-c21	
MW455410.1	MW455410.1_ORF1	QUD39782.1	ORF1	ORF1	ORF1	1	646:2643	+	2915	circular	false		P7-c22	
MW455411.1	MW455411.1_ORF1	QUD39783.1	ORF1	ORF1	ORF1	1	501:2480	+	2837	circular	false		P7-c23	
MW455413.1	MW455413.1_ORF1	QUD39785.1	ORF1	ORF1	ORF1	1	297:2297	+	2565	circular	false		P7-c25	
MW455414.1	MW455414.1_ORF1	QUD39786.1	ORF1	ORF1	ORF1	1	631:2901	+	3215	circular	false		P8-c1	
MW455416.1	MW455416.1_ORF1	QUD39788.1	ORF1	ORF1	ORF1	1	591:2894	+	3181	circular	false		P8-c3	
MW455417.1	MW455417.1_ORF1	QUD39789.1	ORF1	ORF1	ORF1	1	585:2840	+	3134	circular	false		P8-c4	
MW455419.1	MW455419.1_ORF1	QUD39791.1	ORF1	ORF1	ORF1	1	498:2504	+	2988	circular	false		P8-c6	
MW455420.1	MW455420.1_ORF1	QUD39792.1	ORF1	ORF1	ORF1	1	430:2772	+	3013	circular	false		P8-c8	
MW455421.1	MW455421.1_ORF1	QUD39793.1	ORF1	ORF1	ORF1	1	450:2681	+	3000	circular	false		P8-c9	
MW455422.1	MW455422.1_ORF1	QUD39794.1	ORF1	ORF1	ORF1	1	430:2694	+	2988	circular	false		P8-c10	
MW455423.1	MW455423.1_ORF1	QUD39795.1	ORF1	ORF1	ORF1	1	404:2623	+	2927	circular	false		P8-c13	
MW455425.1	MW455425.1_ORF1	QUD39797.1	ORF1	ORF1	ORF1	1	531:2459	+	2810	circular	false		P8-c17	
MW455426.1	MW455426.1_ORF1	QUD39798.1	ORF1	ORF1	ORF1	1	293:2296	+	2546	circular	false		P8-c18	
MW455427.1	MW455427.1_ORF1	QUD39799.1	ORF1	ORF1	ORF1	1	464:2464	+	2947	circular	false		P8-c22	
MW455428.1	MW455428.1_ORF1	QUD39800.1	ORF1	ORF1	ORF1	1	552:2198	+	2860	circular	false		P8-c23	
MW455429.1	MW455429.1_ORF1	QUD39801.1	ORF1	ORF1	ORF1	1	342:2333	+	2851	circular	false		P8-c24	
MW455430.1	MW455430.1_ORF1	QUD39802.1	ORF1	ORF1	ORF1	1	467:2446	+	2848	circular	false		P8-c25	
MW455431.1	MW455431.1_ORF1	QUD39803.1	ORF1	ORF1	ORF1	1	504:2444	+	2824	circular	false		P8-c26	
MW455432.1	MW455432.1_ORF1	QUD39804.1	ORF1	ORF1	ORF1	1	596:2896	+	3763	circular	false		P9-c1	
MW455434.1	MW455434.1_ORF1	QUD39806.1	ORF1	ORF1	ORF1	1	297:2279	+	3057	circular	false		P9-c3	
MW455435.1	MW455435.1_ORF1	QUD39807.1	ORF1	ORF1	ORF1	1	417:2687	+	2996	circular	false		P9-c4	
MW455436.1	MW455436.1_ORF1	QUD39808.1	ORF1	ORF1	ORF1	1	308:2287	+	2476	circular	false		P9-c5	
MW455438.1	MW455438.1_ORF1	QUD39810.1	ORF1	ORF1	ORF1	1	610:2829	+	3717	circular	false		P10-c2	
MW455439.1	MW455439.1_ORF1	QUD39811.1	ORF1	ORF1	ORF1	1	884:2821	+	3655	circular	false		P10-c3	
MW455440.1	MW455440.1_ORF1	QUD39812.1	ORF1	ORF1	ORF1	1	618:2876	+	3195	circular	false		P10-c4	
MW455442.1	MW455442.1_ORF1	QUD39814.1	ORF1	ORF1	ORF1	1	401:2632	+	2961	circular	false		P10-c6	
MW455444.1	MW455444.1_ORF1	QUD39816.1	ORF1	ORF1	ORF1	1	642:2570	+	2925	circular	false		P10-c8	
MW455445.1	MW455445.1_ORF1	QUD39817.1	ORF1	ORF1	ORF1	1	454:2475	+	2874	circular	false		P10-c9	
MW455446.1	MW455446.1_ORF1	QUD39818.1	ORF1	ORF1	ORF1	1	583:2511	+	3160	circular	false		P11-c1	
MW455448.1	MW455448.1_ORF1	QUD39820.1	ORF1	ORF1	ORF1	1	594:2813	+	3741	circular	false		P12-c1	
MW455450.1	MW455450.1_ORF1	QUD39822.1	ORF1	ORF1	ORF1	1	311:2311	+	2568	circular	false		P12-c3	
MW679003.1	MW679003.1_QXM18808.1	QXM18808.1	QXM18808.1		hypothetical protein	1	2505:3059	+	3770	circular	false		AZ1_2	
MW679003.1	MW679003.1_QXM18809.1	QXM18809.1	QXM18809.1		ORF1	1	619:2916	+	3770	circular	false		AZ1_2	
MW679003.1	MW679003.1_QXM18810.1	QXM18810.1	QXM18810.1		ORF2	1	275:745	+	3770	circular	false		AZ1_2	
MW679003.1	MW679003.1_QXM18811.1	QXM18811.1	QXM18811.1		ORF3	1	2537:2845	+	3770	circular	false		AZ1_2	
MW679005.1	MW679005.1_QXM18812.1	QXM18812.1	QXM18812.1		ORF1	1	772:2748	+	3684	circular	false		AZ6_5	
MW679005.1	MW679005.1_QXM18813.1	QXM18813.1	QXM18813.1		ORF2	1	299:631	+	3684	circular	false		AZ6_5	
MW679005.1	MW679005.1_QXM18814.1	QXM18814.1	QXM18814.1		ORF3	1	2444:2794	+	3684	circular	false		AZ6_5	
MW679006.1	MW679006.1_QXM18815.1	QXM18815.1	QXM18815.1		ORF1	1	622:2853	+	3781	circular	false		AZ7_4	
MW679006.1	MW679006.1_QXM18816.1	QXM18816.1	QXM18816.1		ORF2	1	263:754	+	3781	circular	false		AZ7_4	
MW679006.1	MW679006.1_QXM18817.1	QXM18817.1	QXM18817.1		ORF3	1	2474:2827	+	3781	circular	false		AZ7_4	
MW857571.1	MW857571.1_UWW89400.1	UWW89400.1	UWW89400.1		ORF 2	1	66:497	+	3573	circular	false			TZ19
MW857571.1	MW857571.1_UWW89401.1	UWW89401.1	UWW89401.1		ORF 1	1	371:2668	+	3573	circular	false			TZ19
MW857571.1	MW857571.1_UWW89402.1	UWW89402.1	UWW89402.1		ORF 3	1	2175:2672	+	3573	circular	false			TZ19
MZ285962.1	MZ285962.1_UJO01818.1	UJO01818.1	UJO01818.1		ORF1	1	594:2573	+	3223	linear	false		SP1_C1	
MZ285963.1	MZ285963.1_UJO01819.1	UJO01819.1	UJO01819.1		ORF1	1	598:2598	+	2961	linear	false		SP1_C3	
MZ285964.1	MZ285964.1_UJO01820.1	UJO01820.1	UJO01820.1		ORF1	1	393:2612	+	2930	linear	false		SP1_C4	
MZ285969.1	MZ285969.1_UJO01825.1	UJO01825.1	UJO01825.1		ORF1	1	879:2804	+	3668	linear	false		SP2_C2	
MZ285971.1	MZ285971.1_UJO01827.1	UJO01827.1	UJO01827.1		ORF1	1	418:2724	+	2988	linear	false		SP2_C4	
MZ285973.1	MZ285973.1_UJO01829.1	UJO01829.1	UJO01829.1		ORF1	1	648:2807	+	3195	linear	false		SP3_C1	
MZ285976.1	MZ285976.1_UJO01832.1	UJO01832.1	UJO01832.1		ORF1	1	416:2716	+	3012	linear	false		SP3_C4	
MZ285978.1	MZ285978.1_UJO01834.1	UJO01834.1	UJO01834.1		ORF1	1	375:2627	+	2976	linear	false		SP3_C6	
MZ285979.1	MZ285979.1_UJO01835.1	UJO01835.1	UJO01835.1		ORF1	1	420:2657	+	2972	linear	false		SP3_C7	
MZ285982.1	MZ285982.1_UJO01838.1	UJO01838.1	UJO01838.1		ORF1	1	408:2723	+	2943	linear	false		SP3_C10	
MZ285983.1	MZ285983.1_UJO01839.1	UJO01839.1	UJO01839.1		ORF1	1	635:2563	+	2904	linear	false		SP3_C11	
MZ285984.1	MZ285984.1_UJO01840.1	UJO01840.1	UJO01840.1		ORF1	1	401:2689	+	2872	linear	false		SP3_C12	
MZ285985.1	MZ285985.1_UJO01841.1	UJO01841.1	UJO01841.1		ORF1	1	402:2684	+	2867	linear	false		SP3_C13	
MZ285986.1	MZ285986.1_UJO01842.1	UJO01842.1	UJO01842.1		ORF1	1	598:2589	+	2842	linear	false		SP3_C15	
MZ285987.1	MZ285987.1_UJO01843.1	UJO01843.1	UJO01843.1		ORF1	1	405:2684	+	2759	linear	false		SP3_C16	
MZ285989.1	MZ285989.1_UJO01845.1	UJO01845.1	UJO01845.1		ORF1	1	629:2566	+	3033	linear	false		SP3_C18	
MZ285991.1	MZ285991.1_UJO01847.1	UJO01847.1	UJO01847.1		ORF1	1	494:2503	+	2817	linear	false		SP6_C5	
MZ285992.1	MZ285992.1_UJO01848.1	UJO01848.1	UJO01848.1		ORF1	1	403:2706	+	3585	linear	false		SP6_C6	
MZ285994.1	MZ285994.1_UJO01850.1	UJO01850.1	UJO01850.1		ORF1	1	866:2800	+	3167	linear	false		SP7_C2	
MZ285996.1	MZ285996.1_UJO01852.1	UJO01852.1	UJO01852.1		ORF1	1	1050:2573	+	2752	linear	false		SP7_C6	
MZ285999.1	MZ285999.1_UJO01855.1	UJO01855.1	UJO01855.1		ORF1	1	279:2267	+	2475	linear	false		SP7_C10	
MZ286000.1	MZ286000.1_UJO01856.1	UJO01856.1	UJO01856.1		ORF1	1	606:2588	+	3186	linear	false		SP8_C1	
MZ286001.1	MZ286001.1_UJO01857.1	UJO01857.1	UJO01857.1		ORF1	1	569:2572	+	2775	linear	false		SP8_C3	
MZ286002.1	MZ286002.1_UJO01858.1	UJO01858.1	UJO01858.1		ORF1	1	890:2815	+	3643	linear	false		SP10_C1	
MZ286003.1	MZ286003.1_UJO01859.1	UJO01859.1	UJO01859.1		ORF1	1	873:2807	+	3175	linear	false		SP10_C2	
MZ286004.1	MZ286004.1_UJO01860.1	UJO01860.1	UJO01860.1		ORF1	1	608:2593	+	2972	linear	false		SP10_C3	
MZ286005.1	MZ286005.1_UJO01861.1	UJO01861.1	UJO01861.1		ORF1	1	550:2535	+	2786	linear	false		SP10_C4	
MZ286006.1	MZ286006.1_UJO01862.1	UJO01862.1	UJO01862.1		ORF1	1	626:2833	+	3649	linear	false		SP11_C1	
MZ286007.1	MZ286007.1_UJO01863.1	UJO01863.1	UJO01863.1		ORF1	1	569:2500	+	2817	linear	false		SP11_C2	
MZ286008.1	MZ286008.1_UJO01864.1	UJO01864.1	UJO01864.1		ORF1	1	878:2824	+	3566	linear	false		SP12_C1	
MZ286011.1	MZ286011.1_UJO01866.1	UJO01866.1	UJO01866.1		ORF1	1	408:2684	+	3165	linear	false		SP13_C3	
MZ286014.1	MZ286014.1_UJO01869.1	UJO01869.1	UJO01869.1		ORF1	1	435:2732	+	3029	linear	false		SP14_C2	
MZ286017.1	MZ286017.1_UJO01872.1	UJO01872.1	UJO01872.1		ORF1	1	663:2912	+	3806	linear	false		SP15_C2	
MZ286018.1	MZ286018.1_UJO01873.1	UJO01873.1	UJO01873.1		ORF1	1	644:2923	+	3145	linear	false		SP15_C3	
MZ286019.1	MZ286019.1_UJO01874.1	UJO01874.1	UJO01874.1		ORF1	1	364:2595	+	2947	linear	false		SP15_C5	
MZ286020.1	MZ286020.1_UJO01875.1	UJO01875.1	UJO01875.1		ORF1	1	521:2440	+	2776	linear	false		SP15_C6	
MZ286021.1	MZ286021.1_UJO01876.1	UJO01876.1	UJO01876.1		ORF1	1	232:2163	+	2514	linear	false		SP15_C7	
MZ286022.1	MZ286022.1_UJO01877.1	UJO01877.1	UJO01877.1		ORF1	1	387:2612	+	3918	linear	false		SP16_C2	
MZ286023.1	MZ286023.1_UJO01878.1	UJO01878.1	UJO01878.1		ORF1	1	392:2608	+	3443	linear	false		SP16_C3	
MZ286024.1	MZ286024.1_UJO01879.1	UJO01879.1	UJO01879.1		ORF1	1	635:2611	+	3230	linear	false		SP16_C4	
MZ286025.1	MZ286025.1_UJO01880.1	UJO01880.1	UJO01880.1		ORF1	1	434:2665	+	3174	linear	false		SP16_C5	
MZ286026.1	MZ286026.1_UJO01881.1	UJO01881.1	UJO01881.1		ORF1	1	533:2518	+	3157	linear	false		SP16_C6	
MZ286027.1	MZ286027.1_UJO01882.1	UJO01882.1	UJO01882.1		ORF1	1	398:2635	+	3134	linear	false		SP16_C7	
MZ286031.1	MZ286031.1_UJO01886.1	UJO01886.1	UJO01886.1		ORF1	1	414:2717	+	2917	linear	false		SP16_C13	
MZ286032.1	MZ286032.1_UJO01887.1	UJO01887.1	UJO01887.1		ORF1	1	609:2615	+	2871	linear	false		SP16_C14	
MZ286033.1	MZ286033.1_UJO01888.1	UJO01888.1	UJO01888.1		ORF1	1	504:2498	+	2830	linear	false		SP16_C16	
MZ286034.1	MZ286034.1_UJO01889.1	UJO01889.1	UJO01889.1		ORF1	1	278:2245	+	2623	linear	false		SP16_C17	
MZ286037.1	MZ286037.1_UJO01892.1	UJO01892.1	UJO01892.1		ORF1	1	611:2926	+	3816	linear	false		SP18_C1	
MZ286038.1	MZ286038.1_UJO01893.1	UJO01893.1	UJO01893.1		ORF1	1	620:2869	+	3732	linear	false		SP18_C2	
MZ286041.1	MZ286041.1_UJO01896.1	UJO01896.1	UJO01896.1		ORF1	1	575:2551	+	2837	linear	false		SP19_C2	
MZ286042.1	MZ286042.1_UJO01897.1	UJO01897.1	UJO01897.1		ORF1	1	600:2903	+	3370	linear	false		SP20_C1	
MZ286043.1	MZ286043.1_UJO01898.1	UJO01898.1	UJO01898.1		ORF1	1	587:2881	+	3184	linear	false		SP20_C2	
MZ286044.1	MZ286044.1_UJO01899.1	UJO01899.1	UJO01899.1		ORF1	1	484:2478	+	2894	linear	false		SP20_C3	
MZ286046.1	MZ286046.1_UJO01901.1	UJO01901.1	UJO01901.1		ORF1	1	403:2631	+	3507	linear	false		SP21_C1	
MZ286047.1	MZ286047.1_UJO01902.1	UJO01902.1	UJO01902.1		ORF1	1	409:2688	+	2988	linear	false		SP21_C2	
MZ286048.1	MZ286048.1_UJO01903.1	UJO01903.1	UJO01903.1		ORF1	1	595:2541	+	2891	linear	false		SP21_C3	
MZ286050.1	MZ286050.1_UJO01905.1	UJO01905.1	UJO01905.1		ORF1	1	592:2595	+	3241	linear	false		SP22_C2	
MZ286052.1	MZ286052.1_UJO01907.1	UJO01907.1	UJO01907.1		ORF1	1	501:2477	+	2858	linear	false		SP22_C5	
MZ286053.1	MZ286053.1_UJO01908.1	UJO01908.1	UJO01908.1		ORF1	1	504:2435	+	2819	linear	false		SP22_C6	
MZ286055.1	MZ286055.1_UJO01910.1	UJO01910.1	UJO01910.1		ORF1	1	269:2272	+	2471	linear	false		SP22_C8	
MZ286056.1	MZ286056.1_UJO01911.1	UJO01911.1	UJO01911.1		ORF1	1	514:2835	+	3866	linear	false		SP23_C1	
MZ286057.1	MZ286057.1_UJO01912.1	UJO01912.1	UJO01912.1		ORF1	1	400:2688	+	3515	linear	false		SP23_C2	
MZ286058.1	MZ286058.1_UJO01913.1	UJO01913.1	UJO01913.1		ORF1	1	591:2501	+	2879	linear	false		SP23_C4	
MZ286060.1	MZ286060.1_UJO01915.1	UJO01915.1	UJO01915.1		ORF1	1	411:2681	+	3537	linear	false		SP24_C2	
MZ286061.1	MZ286061.1_UJO01916.1	UJO01916.1	UJO01916.1		ORF1	1	412:2619	+	3446	linear	false		SP24_C3	
MZ286062.1	MZ286062.1_UJO01917.1	UJO01917.1	UJO01917.1		ORF1	1	609:2789	+	3034	linear	false		SP24_C4	
MZ286063.1	MZ286063.1_UJO01918.1	UJO01918.1	UJO01918.1		ORF1	1	388:2736	+	3007	linear	false		SP24_C5	
MZ286064.1	MZ286064.1_UJO01919.1	UJO01919.1	UJO01919.1		ORF1	1	405:2651	+	2954	linear	false		SP24_C6	
MZ286065.1	MZ286065.1_UJO01920.1	UJO01920.1	UJO01920.1		ORF1	1	412:2373	+	2680	linear	false		SP24_C8	
MZ286067.1	MZ286067.1_UJO01922.1	UJO01922.1	UJO01922.1		ORF1	1	378:2390	+	2644	linear	false		SP25_C2	
MZ286068.1	MZ286068.1_UJO01923.1	UJO01923.1	UJO01923.1		ORF1	1	373:2367	+	2641	linear	false		SP25_C3	
MZ286069.1	MZ286069.1_UJO01924.1	UJO01924.1	UJO01924.1		ORF1	1	284:2260	+	2501	linear	false		SP25_C4	
MZ286070.1	MZ286070.1_UJO01925.1	UJO01925.1	UJO01925.1		ORF1	1	631:2931	+	3872	linear	false		SP26_C1	
MZ286071.1	MZ286071.1_UJO01926.1	UJO01926.1	UJO01926.1		ORF1	1	592:2535	+	2796	linear	false		SP26_C2	
MZ286072.1	MZ286072.1_UJO01927.1	UJO01927.1	UJO01927.1		ORF1	1	200:2206	+	2634	linear	false		SP26_C3	
MZ286074.1	MZ286074.1_UJO01929.1	UJO01929.1	UJO01929.1		ORF1	1	403:2709	+	3027	linear	false		SP27_C3	
MZ286076.1	MZ286076.1_UJO01931.1	UJO01931.1	UJO01931.1		ORF1	1	412:2691	+	2958	linear	false		SP27_C5	
MZ286081.1	MZ286081.1_UJO01936.1	UJO01936.1	UJO01936.1		ORF1	1	289:2304	+	2545	linear	false		SP28_C5	
MZ286082.1	MZ286082.1_UJO01937.1	UJO01937.1	UJO01937.1		ORF1	1	239:2218	+	2544	linear	false		SP28_C6	
MZ286083.1	MZ286083.1_UJO01938.1	UJO01938.1	UJO01938.1		ORF1	1	288:2300	+	2534	linear	false		SP28_C7	
MZ286084.1	MZ286084.1_UJO01939.1	UJO01939.1	UJO01939.1		ORF1	1	499:2505	+	2803	linear	false		SP29_C1	
MZ286085.1	MZ286085.1_UJO01940.1	UJO01940.1	UJO01940.1		ORF1	1	179:1624	+	1802	linear	false		SP29_C2	
MZ286086.1	MZ286086.1_UJO01941.1	UJO01941.1	UJO01941.1		ORF1	1	655:2973	+	3770	linear	false		SP30_C1	
MZ286087.1	MZ286087.1_UJO01942.1	UJO01942.1	UJO01942.1		ORF1	1	387:2369	+	2954	linear	false		SP30_C3	
MZ286088.1	MZ286088.1_UJO01943.1	UJO01943.1	UJO01943.1		ORF1	1	525:2504	+	2871	linear	false		SP30_C5	
MZ286089.1	MZ286089.1_UJO01944.1	UJO01944.1	UJO01944.1		ORF1	1	286:2298	+	2583	linear	false		SP30_C8	
MZ286090.1	MZ286090.1_UJO01945.1	UJO01945.1	UJO01945.1		ORF1	1	271:2271	+	2550	linear	false		SP30_C9	
MZ286091.1	MZ286091.1_UJO01946.1	UJO01946.1	UJO01946.1		ORF1	1	289:2277	+	2460	linear	false		SP30_C10	
MZ286092.1	MZ286092.1_UJO01947.1	UJO01947.1	UJO01947.1		ORF1	1	952:2817	+	3733	linear	false		SP31_C1	
MZ286093.1	MZ286093.1_UJO01948.1	UJO01948.1	UJO01948.1		ORF1	1	863:2845	+	3690	linear	false		SP31_C2	
MZ286094.1	MZ286094.1_UJO01949.1	UJO01949.1	UJO01949.1		ORF1	1	610:2808	+	3123	linear	false		SP31_C3	
MZ286095.1	MZ286095.1_UJO01950.1	UJO01950.1	UJO01950.1		ORF1	1	602:2593	+	2842	linear	false		SP31_C5	
MZ286096.1	MZ286096.1_UJO01951.1	UJO01951.1	UJO01951.1		ORF1	1	588:2573	+	2818	linear	false		SP31_C6	
MZ286097.1	MZ286097.1_UJO01952.1	UJO01952.1	UJO01952.1		ORF1	1	605:2947	+	3823	linear	false		SP32_C1	
MZ286098.1	MZ286098.1_UJO01953.1	UJO01953.1	UJO01953.1		ORF1	1	897:2831	+	3686	linear	false		SP33_C1	
MZ286099.1	MZ286099.1_UJO01954.1	UJO01954.1	UJO01954.1		ORF1	1	417:2720	+	3574	linear	false		SP33_C2	
MZ286100.1	MZ286100.1_UJO01955.1	UJO01955.1	UJO01955.1		ORF1	1	414:2675	+	3547	linear	false		SP33_C3	
MZ286101.1	MZ286101.1_UJO01956.1	UJO01956.1	UJO01956.1		ORF1	1	373:2607	+	3172	linear	false		SP33_C4	
MZ286102.1	MZ286102.1_UJO01957.1	UJO01957.1	UJO01957.1		ORF1	1	402:2771	+	3137	linear	false		SP33_C5	
MZ286105.1	MZ286105.1_UJO01960.1	UJO01960.1	UJO01960.1		ORF1	1	415:2721	+	2983	linear	false		SP35_C1	
MZ286106.1	MZ286106.1_UJO01961.1	UJO01961.1	UJO01961.1		ORF1	1	413:2620	+	2976	linear	false		SP35_C3	
MZ286107.1	MZ286107.1_UJO01962.1	UJO01962.1	UJO01962.1		ORF1	1	382:2577	+	2933	linear	false		SP35_C5	
MZ286109.1	MZ286109.1_UJO01964.1	UJO01964.1	UJO01964.1		ORF1	1	890:2824	+	3667	linear	false		SP35_C9	
MZ286110.1	MZ286110.1_UJO01965.1	UJO01965.1	UJO01965.1		ORF1	1	617:2779	+	3716	linear	false		SP36_C1	
MZ286111.1	MZ286111.1_UJO01966.1	UJO01966.1	UJO01966.1		ORF1	1	538:2541	+	2889	linear	false		SP36_C4	
MZ286112.1	MZ286112.1_UJO01967.1	UJO01967.1	UJO01967.1		ORF1	1	611:2608	+	2861	linear	false		SP36_C5	
MZ286113.1	MZ286113.1_UJO01968.1	UJO01968.1	UJO01968.1		ORF1	1	656:2899	+	3818	linear	false		SP37_C1	
MZ286114.1	MZ286114.1_UJO01969.1	UJO01969.1	UJO01969.1		ORF1	1	528:2876	+	3187	linear	false		SP37_C2	
MZ286115.1	MZ286115.1_UJO01970.1	UJO01970.1	UJO01970.1		ORF1	1	533:2803	+	3114	linear	false		SP37_C3	
MZ286116.1	MZ286116.1_UJO01971.1	UJO01971.1	UJO01971.1		ORF1	1	329:2293	+	2961	linear	false		SP37_C4	
MZ286117.1	MZ286117.1_UJO01972.1	UJO01972.1	UJO01972.1		ORF1	1	328:2331	+	2592	linear	false		SP37_C7	
MZ286118.1	MZ286118.1_UJO01973.1	UJO01973.1	UJO01973.1		ORF1	1	605:2947	+	3237	linear	false		SP38_C1	
MZ286122.1	MZ286122.1_UJO01977.1	UJO01977.1	UJO01977.1		ORF1	1	807:2741	+	3503	linear	false		SP39_C2	
MZ286124.1	MZ286124.1_UJO01979.1	UJO01979.1	UJO01979.1		ORF1	1	381:2636	+	3513	linear	false		SP40_C1	
MZ286127.1	MZ286127.1_UJO01982.1	UJO01982.1	UJO01982.1		ORF1	1	642:2609	+	2993	linear	false		SP40_C4	
MZ286128.1	MZ286128.1_UJO01983.1	UJO01983.1	UJO01983.1		ORF1	1	392:2752	+	3623	linear	false		SP41_C1	
MZ286130.1	MZ286130.1_UJO01985.1	UJO01985.1	UJO01985.1		ORF1	1	591:2843	+	3193	linear	false		SP42_C1	
MZ286133.1	MZ286133.1_UJO01988.1	UJO01988.1	UJO01988.1		ORF1	1	579:2618	+	2969	linear	false		SP43_C2	
MZ286134.1	MZ286134.1_UJO01989.1	UJO01989.1	UJO01989.1		ORF1	1	539:2557	+	2923	linear	false		SP43_C3	
MZ286136.1	MZ286136.1_UJO01991.1	UJO01991.1	UJO01991.1		ORF1	1	256:2271	+	2652	linear	false		SP43_C9	
MZ286137.1	MZ286137.1_UJO01992.1	UJO01992.1	UJO01992.1		ORF1	1	271:2274	+	2575	linear	false		SP43_C10	
MZ286138.1	MZ286138.1_UJO01993.1	UJO01993.1	UJO01993.1		ORF1	1	297:2291	+	2557	linear	false		SP43_C11	
MZ286140.1	MZ286140.1_UJO01995.1	UJO01995.1	UJO01995.1		ORF1	1	646:2865	+	3787	linear	false		SP44_C1	
MZ286141.1	MZ286141.1_UJO01996.1	UJO01996.1	UJO01996.1		ORF1	1	424:2625	+	3479	linear	false		SP44_C2	
MZ286142.1	MZ286142.1_UJO01997.1	UJO01997.1	UJO01997.1		ORF1	1	443:2677	+	2936	linear	false		SP44_C3	
MZ286143.1	MZ286143.1_UJO01998.1	UJO01998.1	UJO01998.1		ORF1	1	584:2692	+	3551	linear	false		SP45_C1	
MZ286144.1	MZ286144.1_UJO01999.1	UJO01999.1	UJO01999.1		ORF1	1	633:2921	+	3146	linear	false		SP45_C2	
MZ286147.1	MZ286147.1_UJO02002.1	UJO02002.1	UJO02002.1		ORF1	1	380:2368	+	2822	linear	false		SP45_C5	
MZ286148.1	MZ286148.1_UJO02003.1	UJO02003.1	UJO02003.1		ORF1	1	508:2436	+	2816	linear	false		SP45_C6	
MZ286149.1	MZ286149.1_UJO02004.1	UJO02004.1	UJO02004.1		ORF1	1	385:2364	+	2645	linear	false		SP45_C7	
MZ286150.1	MZ286150.1_UJO02005.1	UJO02005.1	UJO02005.1		ORF1	1	269:2254	+	2517	linear	false		SP45_C8	
MZ286151.1	MZ286151.1_UJO02006.1	UJO02006.1	UJO02006.1		ORF1	1	372:2591	+	2895	linear	false		SP45_C9	
MZ286152.1	MZ286152.1_UJO02007.1	UJO02007.1	UJO02007.1		ORF1	1	602:2872	+	3705	linear	false		SP46_C1	
MZ286153.1	MZ286153.1_UJO02008.1	UJO02008.1	UJO02008.1		ORF1	1	360:2336	+	2963	linear	false		SP46_C3	
MZ286154.1	MZ286154.1_UJO02009.1	UJO02009.1	UJO02009.1		ORF1	1	361:2349	+	2600	linear	false		SP46_C4	
MZ286156.1	MZ286156.1_UJO02011.1	UJO02011.1	UJO02011.1		ORF1	1	645:2864	+	3996	linear	false		SP47_C1	
MZ286157.1	MZ286157.1_UJO02012.1	UJO02012.1	UJO02012.1		ORF1	1	644:2926	+	3428	linear	false		SP47_C2	
MZ286158.1	MZ286158.1_UJO02013.1	UJO02013.1	UJO02013.1		ORF1	1	642:2843	+	3353	linear	false		SP47_C3	
MZ286159.1	MZ286159.1_UJO02014.1	UJO02014.1	UJO02014.1		ORF1	1	595:2598	+	3226	linear	false		SP47_C4	
MZ286160.1	MZ286160.1_UJO02015.1	UJO02015.1	UJO02015.1		ORF1	1	595:2898	+	3076	linear	false		SP47_C5	
MZ286161.1	MZ286161.1_UJO02016.1	UJO02016.1	UJO02016.1		ORF1	1	407:2728	+	3072	linear	false		SP47_C6	
MZ286163.1	MZ286163.1_UJO02018.1	UJO02018.1	UJO02018.1		ORF1	1	579:2570	+	2906	linear	false		SP47_C8	
MZ286164.1	MZ286164.1_UJO02019.1	UJO02019.1	UJO02019.1		ORF1	1	272:2263	+	2517	linear	false		SP47_C9	
MZ286165.1	MZ286165.1_UJO02020.1	UJO02020.1	UJO02020.1		ORF1	1	287:2305	+	2510	linear	false		SP47_C10	
MZ286168.1	MZ286168.1_UJO02023.1	UJO02023.1	UJO02023.1		ORF1	1	391:2661	+	2923	linear	false		SP47_C13	
MZ286170.1	MZ286170.1_UJO02025.1	UJO02025.1	UJO02025.1		ORF1	1	383:2611	+	3367	linear	false		SP48_C2	
MZ286171.1	MZ286171.1_UJO02026.1	UJO02026.1	UJO02026.1		ORF1	1	580:2616	+	2938	linear	false		SP48_C4	
MZ286172.1	MZ286172.1_UJO02027.1	UJO02027.1	UJO02027.1		ORF1	1	280:2268	+	2921	linear	false		SP48_C5	
MZ286173.1	MZ286173.1_UJO02028.1	UJO02028.1	UJO02028.1		ORF1	1	570:2585	+	2783	linear	false		SP48_C6	
MZ286175.1	MZ286175.1_UJO02030.1	UJO02030.1	UJO02030.1		ORF1	1	287:2299	+	2539	linear	false		SP48_C8	
MZ286176.1	MZ286176.1_UJO02031.1	UJO02031.1	UJO02031.1		ORF1	1	650:2617	+	3275	linear	false		SP49_C1	
MZ286177.1	MZ286177.1_UJO02032.1	UJO02032.1	UJO02032.1		ORF1	1	549:2534	+	3181	linear	false		SP49_C2	
MZ286180.1	MZ286180.1_UJO02035.1	UJO02035.1	UJO02035.1		ORF1	1	577:2496	+	2829	linear	false		SP49_C6	
MZ286181.1	MZ286181.1_UJO02036.1	UJO02036.1	UJO02036.1		ORF1	1	649:2874	+	3738	linear	false		SP51_C1	
MZ286182.1	MZ286182.1_UJO02037.1	UJO02037.1	UJO02037.1		ORF1	1	411:2753	+	3651	linear	false		SP51_C2	
MZ286183.1	MZ286183.1_UJO02038.1	UJO02038.1	UJO02038.1		ORF1	1	816:2801	+	3621	linear	false		SP51_C3	
MZ286184.1	MZ286184.1_UJO02039.1	UJO02039.1	UJO02039.1		ORF1	1	411:2669	+	3537	linear	false		SP51_C4	
MZ286185.1	MZ286185.1_UJO02040.1	UJO02040.1	UJO02040.1		ORF1	1	847:2793	+	3113	linear	false		SP51_C5	
MZ286186.1	MZ286186.1_UJO02041.1	UJO02041.1	UJO02041.1		ORF1	1	630:2567	+	2946	linear	false		SP51_C10	
MZ286187.1	MZ286187.1_UJO02042.1	UJO02042.1	UJO02042.1		ORF1	1	530:2572	+	2942	linear	false		SP51_C11	
MZ286188.1	MZ286188.1_UJO02043.1	UJO02043.1	UJO02043.1		ORF1	1	402:2621	+	2932	linear	false		SP51_C12	
MZ286190.1	MZ286190.1_UJO02045.1	UJO02045.1	UJO02045.1		ORF1	1	242:2203	+	2880	linear	false		SP51_C14	
MZ286191.1	MZ286191.1_UJO02046.1	UJO02046.1	UJO02046.1		ORF1	1	580:2580	+	2850	linear	false		SP51_C15	
MZ286192.1	MZ286192.1_UJO02047.1	UJO02047.1	UJO02047.1		ORF1	1	529:2520	+	2820	linear	false		SP51_C16	
MZ286193.1	MZ286193.1_UJO02048.1	UJO02048.1	UJO02048.1		ORF1	1	498:2435	+	2775	linear	false		SP51_C17	
MZ286194.1	MZ286194.1_UJO02049.1	UJO02049.1	UJO02049.1		ORF1	1	286:2301	+	2675	linear	false		SP51_C18	
MZ286195.1	MZ286195.1_UJO02050.1	UJO02050.1	UJO02050.1		ORF1	1	236:2248	+	2596	linear	false		SP51_C19	
MZ286196.1	MZ286196.1_UJO02051.1	UJO02051.1	UJO02051.1		ORF1	1	274:2265	+	2581	linear	false		SP51_C20	
MZ286197.1	MZ286197.1_UJO02052.1	UJO02052.1	UJO02052.1		ORF1	1	297:2291	+	2554	linear	false		SP51_C21	
MZ286198.1	MZ286198.1_UJO02053.1	UJO02053.1	UJO02053.1		ORF1	1	282:2270	+	2546	linear	false		SP51_C22	
MZ286199.1	MZ286199.1_UJO02054.1	UJO02054.1	UJO02054.1		ORF1	1	289:2256	+	2506	linear	false		SP51_C23	
MZ286200.1	MZ286200.1_UJO02055.1	UJO02055.1	UJO02055.1		ORF1	1	259:2163	+	2492	linear	false		SP51_C24	
MZ286201.1	MZ286201.1_UJO02056.1	UJO02056.1	UJO02056.1		ORF1	1	282:2264	+	2463	linear	false		SP51_C25	
MZ286202.1	MZ286202.1_UJO02057.1	UJO02057.1	UJO02057.1		ORF1	1	266:2278	+	2463	linear	false		SP51_C26	
MZ286203.1	MZ286203.1_UJO02058.1	UJO02058.1	UJO02058.1		ORF1	1	286:2274	+	2443	linear	false		SP51_C27	
MZ286205.1	MZ286205.1_UJO02060.1	UJO02060.1	UJO02060.1		ORF1	1	639:2858	+	3778	linear	false		SP52_C1	
MZ286206.1	MZ286206.1_UJO02061.1	UJO02061.1	UJO02061.1		ORF1	1	409:2691	+	3552	linear	false		SP52_C2	
MZ286207.1	MZ286207.1_UJO02062.1	UJO02062.1	UJO02062.1		ORF1	1	649:2631	+	3016	linear	false		SP53_C1	
MZ286209.1	MZ286209.1_UJO02064.1	UJO02064.1	UJO02064.1		ORF1	1	612:2921	+	3813	linear	false		SP55_C1	
MZ286214.1	MZ286214.1_UJO02069.1	UJO02069.1	UJO02069.1		ORF1	1	594:2579	+	2777	linear	false		SP56_C7	
MZ286215.1	MZ286215.1_UJO02070.1	UJO02070.1	UJO02070.1		ORF1	1	594:2933	+	3809	linear	false		SP57_C1	
MZ286217.1	MZ286217.1_UJO02072.1	UJO02072.1	UJO02072.1		ORF1	1	540:2525	+	2779	linear	false		SP58_C3	
MZ286218.1	MZ286218.1_UJO02073.1	UJO02073.1	UJO02073.1		ORF1	1	586:2856	+	3161	linear	false		SP59_C1	
MZ286219.1	MZ286219.1_UJO02074.1	UJO02074.1	UJO02074.1		ORF1	1	550:2511	+	2861	linear	false		SP59_C3	
MZ286220.1	MZ286220.1_UJO02075.1	UJO02075.1	UJO02075.1		ORF1	1	416:2713	+	3532	linear	false		SP60_C1	
MZ286221.1	MZ286221.1_UJO02076.1	UJO02076.1	UJO02076.1		ORF1	1	559:2850	+	3160	linear	false		SP60_C2	
MZ286222.1	MZ286222.1_UJO02077.1	UJO02077.1	UJO02077.1		ORF1	1	388:2595	+	2959	linear	false		SP60_C3	
MZ286223.1	MZ286223.1_UJO02078.1	UJO02078.1	UJO02078.1		ORF1	1	599:2611	+	2861	linear	false		SP60_C6	
MZ286224.1	MZ286224.1_UJO02079.1	UJO02079.1	UJO02079.1		ORF1	1	531:2504	+	2849	linear	false		SP60_C7	
MZ286225.1	MZ286225.1_UJO02080.1	UJO02080.1	UJO02080.1		ORF1	1	554:2437	+	2772	linear	false		SP60_C8	
MZ286226.1	MZ286226.1_ORF1	UJI58591.1	ORF1	ORF1	ORF1	1	538:2544	+	2988	circular	false		SP1_C2	
MZ286228.1	MZ286228.1_ORF1	UJI58593.1	ORF1	ORF1	ORF1	1	367:2361	+	2808	circular	false		SP3_C14	
MZ286229.1	MZ286229.1_ORF1	UJI58594.1	ORF1	ORF1	ORF1	1	460:2439	+	2879	circular	false		SP4_C1	
MZ286230.1	MZ286230.1_ORF1	UJI58595.1	ORF1	ORF1	ORF1	1	484:2469	+	2848	circular	false		SP4_C2	
MZ286231.1	MZ286231.1_ORF1	UJI58596.1	ORF1	ORF1	ORF1	1	550:2586	+	2925	circular	false		SP6_C2	
MZ286233.1	MZ286233.1_ORF1	UJI58598.1	ORF1	ORF1	ORF1	1	566:2572	+	2937	circular	false		SP6_C7	
MZ286234.1	MZ286234.1_ORF1	UJI58599.1	ORF1	ORF1	ORF1	1	591:2558	+	2876	circular	false		SP7_C4	
MZ286236.1	MZ286236.1_ORF1	UJI58601.1	ORF1	ORF1	ORF1	1	561:2522	+	2839	circular	false		SP8_C2	
MZ286237.1	MZ286237.1_ORF1	UJI58602.1	ORF1	ORF1	ORF1	1	520:2487	+	2876	circular	false		SP9_C1	
MZ286238.1	MZ286238.1_ORF1	UJI58603.1	ORF1	ORF1	ORF1	1	647:2635	+	3268	circular	false		SP13_C2	
MZ286239.1	MZ286239.1_ORF1	UJI58604.1	ORF1	ORF1	ORF1	1	514:2517	+	2906	circular	false		SP14_C3	
MZ286240.1	MZ286240.1_ORF1	UJI58605.1	ORF1	ORF1	ORF1	1	396:2354	+	2862	circular	false		SP14_C4	
MZ286241.1	MZ286241.1_ORF1	UJI58606.1	ORF1	ORF1	ORF1	1	260:2266	+	2948	circular	false		SP15_C4	
MZ286242.1	MZ286242.1_ORF1	UJI58607.1	ORF1	ORF1	ORF1	1	571:2586	+	2859	circular	false		SP16_C1	
MZ286243.1	MZ286243.1_ORF1	UJI58608.1	ORF1	ORF1	ORF1	1	504:2465	+	2890	circular	false		SP16_C10	
MZ286244.1	MZ286244.1_ORF1	UJI58609.1	ORF1	ORF1	ORF1	1	576:2546	+	2879	circular	false		SP16_C11	
MZ286245.1	MZ286245.1_ORF1	UJI58610.1	ORF1	ORF1	ORF1	1	496:2439	+	2781	circular	false		SP16_C15	
MZ286246.1	MZ286246.1_ORF1	UJI58611.1	ORF1	ORF1	ORF1	1	563:2608	+	2961	circular	false		SP19_C1	
MZ286247.1	MZ286247.1_ORF1	UJI58612.1	ORF1	ORF1	ORF1	1	491:2467	+	2713	circular	false		SP20_C5	
MZ286248.1	MZ286248.1_ORF1	UJI58613.1	ORF1	ORF1	ORF1	1	532:2538	+	2825	circular	false		SP22_C4	
MZ286249.1	MZ286249.1_ORF1	UJI58614.1	ORF1	ORF1	ORF1	1	576:2570	+	2860	circular	false		SP23_C3	
MZ286250.1	MZ286250.1_ORF1	UJI58615.1	ORF1	ORF1	ORF1	1	526:2517	+	2852	circular	false		SP24_C7	
MZ286252.1	MZ286252.1_ORF1	UJI58617.1	ORF1	ORF1	ORF1	1	515:2503	+	2832	circular	false		SP28_C1	
MZ286253.1	MZ286253.1_ORF1	UJI58618.1	ORF1	ORF1	ORF1	1	507:2549	+	2920	circular	false		SP28_C4	
MZ286254.1	MZ286254.1_ORF1	UJI58619.1	ORF1	ORF1	ORF1	1	507:2528	+	2978	circular	false		SP30_C2	
MZ286255.1	MZ286255.1_ORF1	UJI58620.1	ORF1	ORF1	ORF1	1	513:2486	+	2832	circular	false		SP30_C4	
MZ286256.1	MZ286256.1_ORF1	UJI58621.1	ORF1	ORF1	ORF1	1	549:2477	+	2811	circular	false		SP30_C6	
MZ286257.1	MZ286257.1_ORF1	UJI58622.1	ORF1	ORF1	ORF1	1	614:2500	+	2762	circular	false		SP30_C7	
MZ286258.1	MZ286258.1_ORF1	UJI58623.1	ORF1	ORF1	ORF1	1	568:2595	+	2952	circular	false		SP31_C4	
MZ286259.1	MZ286259.1_ORF1	UJI58624.1	ORF1	ORF1	ORF1	1	520:2496	+	2821	circular	false		SP34_C1	
MZ286260.1	MZ286260.1_ORF1	UJI58625.1	ORF1	ORF1	ORF1	1	475:2508	+	2928	circular	false		SP35_C2	
MZ286262.1	MZ286262.1_ORF1	UJI58627.1	ORF1	ORF1	ORF1	1	314:2272	+	2849	circular	false		SP35_C6	
MZ286263.1	MZ286263.1_ORF1	UJI58628.1	ORF1	ORF1	ORF1	1	475:2448	+	2878	circular	false		SP36_C2	
MZ286264.1	MZ286264.1_ORF1	UJI58629.1	ORF1	ORF1	ORF1	1	523:2514	+	2851	circular	false		SP36_C3	
MZ286265.1	MZ286265.1_ORF1	UJI58630.1	ORF1	ORF1	ORF1	1	449:2419	+	2848	circular	false		SP37_C5	
MZ286266.1	MZ286266.1_ORF1	UJI58631.1	ORF1	ORF1	ORF1	1	525:2462	+	2802	circular	false		SP37_C6	
MZ286267.1	MZ286267.1_ORF1	UJI58632.1	ORF1	ORF1	ORF1	1	404:2383	+	2823	circular	false		SP38_C2	
MZ286268.1	MZ286268.1_ORF1	UJI58633.1	ORF1	ORF1	ORF1	1	528:2525	+	2965	circular	false		SP41_C2	
MZ286269.1	MZ286269.1_ORF1	UJI58634.1	ORF1	ORF1	ORF1	1	501:2462	+	2888	circular	false		SP41_C4	
MZ286270.1	MZ286270.1_ORF1	UJI58635.1	ORF1	ORF1	ORF1	1	546:2489	+	2781	circular	false		SP41_C5	
MZ286271.1	MZ286271.1_ORF1	UJI58636.1	ORF1	ORF1	ORF1	1	481:2508	+	2855	circular	false		SP42_C2	
MZ286272.1	MZ286272.1_ORF1	UJI58637.1	ORF1	ORF1	ORF1	1	571:2565	+	2849	circular	false		SP43_C4	
MZ286273.1	MZ286273.1_ORF1	UJI58638.1	ORF1	ORF1	ORF1	1	548:2524	+	2834	circular	false		SP43_C5	
MZ286274.1	MZ286274.1_ORF1	UJI58639.1	ORF1	ORF1	ORF1	1	568:2556	+	2840	circular	false		SP43_C6	
MZ286275.1	MZ286275.1_ORF1	UJI58640.1	ORF1	ORF1	ORF1	1	200:2086	+	2762	circular	false		SP43_C8	
MZ286276.1	MZ286276.1_ORF1	UJI58641.1	ORF1	ORF1	ORF1	1	595:2562	+	2876	circular	false		SP45_C11	
MZ286277.1	MZ286277.1_ORF1	UJI58642.1	ORF1	ORF1	ORF1	1	505:2433	+	2810	circular	false		SP45_C12	
MZ286278.1	MZ286278.1_ORF1	UJI58643.1	ORF1	ORF1	ORF1	1	421:2448	+	2908	circular	false		SP46_C2	
MZ286279.1	MZ286279.1_ORF1	UJI58644.1	ORF1	ORF1	ORF1	1	468:2459	+	2962	circular	false		SP48_C3	
MZ286280.1	MZ286280.1_ORF1	UJI58645.1	ORF1	ORF1	ORF1	1	555:2513	+	2859	circular	false		SP49_C5	
MZ286281.1	MZ286281.1_ORF1	UJI58646.1	ORF1	ORF1	ORF1	1	463:2487	+	2963	circular	false		SP51_C6	
MZ286282.1	MZ286282.1_ORF1	UJI58647.1	ORF1	ORF1	ORF1	1	351:2354	+	2958	circular	false		SP51_C7	
MZ286284.1	MZ286284.1_ORF1	UJI58649.1	ORF1	ORF1	ORF1	1	252:2279	+	2907	circular	false		SP51_C9	
MZ286285.1	MZ286285.1_ORF1	UJI58650.1	ORF1	ORF1	ORF1	1	540:2585	+	2963	circular	false		SP52_C3	
MZ286286.1	MZ286286.1_ORF1	UJI58651.1	ORF1	ORF1	ORF1	1	350:2341	+	2837	circular	false		SP56_C3	
MZ286288.1	MZ286288.1_ORF1	UJI58653.1	ORF1	ORF1	ORF1	1	514:2520	+	2898	circular	false		SP56_C6	
MZ286289.1	MZ286289.1_ORF1	UJI58654.1	ORF1	ORF1	ORF1	1	499:2487	+	2847	circular	false		SP57_C2	
MZ286290.1	MZ286290.1_ORF1	UJI58655.1	ORF1	ORF1	ORF1	1	479:2455	+	2834	circular	false		SP58_C2	
MZ286291.1	MZ286291.1_ORF1	UJI58656.1	ORF1	ORF1	ORF1	1	465:2462	+	2824	circular	false		SP59_C2	
MZ286292.1	MZ286292.1_ORF1	UJI58657.1	ORF1	ORF1	ORF1	1	583:2571	+	2889	circular	false		SP60_C4	
NC_002076.2	NC_002076.2_TTVgp3	NP_817122.1	TTVgp3	orf1	VP1	1	589:2901	+	3852	circular	false		VT416	
NC_002076.2	NC_002076.2_TTVgp1	NP_817120.1	TTVgp1	orf2/5	VP3	2	353:711,2564:3077	+	3852	circular	false		VT416	
NC_002076.2	NC_002076.2_TTVgp2	NP_817121.1	TTVgp2	orf2/4	VP2	2	353:711,2374:2875	+	3852	circular	false		VT416	
NC_014073.1	NC_014073.1_TTV28_gp3	YP_003587840.1	TTV28_gp3		hypothetical protein	1	299:604	+	3629	circular	false		CT43F	
NC_014073.1	NC_014073.1_TTV28_gp4	YP_003587841.1	TTV28_gp4		hypothetical protein	1	487:2691	+	3629	circular	false		CT43F	
NC_014073.1	NC_014073.1_TTV28_gp1	YP_003587838.1	TTV28_gp1		hypothetical protein	2	299:600,2411:2912	+	3629	circular	false		CT43F	
NC_014073.1	NC_014073.1_TTV28_gp2	YP_003587839.1	TTV28_gp2		hypothetical protein	2	299:600,2209:2740	+	3629	circular	false		CT43F	
NC_014075.1	NC_014075.1_TTV12_gp3	YP_003587848.1	TTV12_gp3		hypothetical protein	1	333:725	+	3759	circular	false		CT44F	
NC_014075.1	NC_014075.1_TTV12_gp4	YP_003587849.1	TTV12_gp4		hypothetical protein	1	605:2839	+	3759	circular	false		CT44F	
NC_014075.1	NC_014075.1_TTV12_gp1	YP_003587846.1	TTV12_gp1		hypothetical protein	2	333:721,2613:3024	+	3759	circular	false		CT44F	
NC_014075.1	NC_014075.1_TTV12_gp2	YP_003587847.1	TTV12_gp2		hypothetical protein	2	333:721,2366:2795	+	3759	circular	false		CT44F	
NC_014076.1	NC_014076.1_TTV10_gp3	YP_003587852.1	TTV10_gp3		hypothetical protein	1	340:732	+	3770	circular	false		JT34F	
NC_014076.1	NC_014076.1_TTV10_gp4	YP_003587853.1	TTV10_gp4		hypothetical protein	1	612:2849	+	3770	circular	false		JT34F	
NC_014076.1	NC_014076.1_TTV10_gp1	YP_003587850.1	TTV10_gp1		hypothetical protein	2	340:728,2581:3034	+	3770	circular	false		JT34F	
NC_014076.1	NC_014076.1_TTV10_gp2	YP_003587851.1	TTV10_gp2		hypothetical protein	2	340:728,2379:2805	+	3770	circular	false		JT34F	
NC_014078.1	NC_014078.1_TTV19_gp1	YP_003587856.1	TTV19_gp1		hypothetical protein	1	236:727	+	3808	circular	false		TTV SANBAN	
NC_014078.1	NC_014078.1_TTV19_gp2	YP_003587857.1	TTV19_gp2		hypothetical protein	1	595:2832	+	3808	circular	false		TTV SANBAN	
NC_014080.1	NC_014080.1_TTV7_gp1	YP_003587861.1	TTV7_gp1	ORF2	pORF2	1	270:734	+	3736	circular	false		PMV	
NC_014080.1	NC_014080.1_TTV7_gp2	YP_003587862.1	TTV7_gp2	ORF1	pORF1	1	608:2908	+	3736	circular	false		PMV	
NC_014080.1	NC_014080.1_TTV7_gp3	YP_003587863.1	TTV7_gp3	ORF3	pORF3	1	2868:3032	+	3736	circular	false		PMV	
NC_014081.1	NC_014081.1_TTV3_gp3	YP_003587866.1	TTV3_gp3		ORF2	1	354:707	+	3748	circular	false	6		HEL32
NC_014081.1	NC_014081.1_TTV3_gp5	YP_003587868.1	TTV3_gp5		ORF1	1	581:2791	+	3748	circular	false	6		HEL32
NC_014081.1	NC_014081.1_TTV3_gp1	YP_003587864.1	TTV3_gp1		ORF2/3	2	354:703,2505:2982	+	3748	circular	false	6		HEL32
NC_014081.1	NC_014081.1_TTV3_gp2	YP_003587865.1	TTV3_gp2		ORF2/2	2	354:703,2315:2810	+	3748	circular	false	6		HEL32
NC_014081.1	NC_014081.1_TTV3_gp4	YP_003587867.1	TTV3_gp4		ORF1/2	2	581:703,2505:2810	+	3748	circular	false	6		HEL32
NC_014081.1	NC_014081.1_TTV3_gp5_dup2	YP_003587869.1	TTV3_gp5		ORF1/1	2	581:703,2315:2791	+	3748	circular	false	6		HEL32
NC_014084.1	NC_014084.1_TTV8_gp3	YP_003587877.1	TTV8_gp3		hypothetical protein	1	341:718	+	3790	circular	false		Kt-08F	
NC_014084.1	NC_014084.1_TTV8_gp4	YP_003587878.1	TTV8_gp4		hypothetical protein	1	592:2829	+	3790	circular	false		Kt-08F	
NC_014084.1	NC_014084.1_TTV8_gp1	YP_003587875.1	TTV8_gp1		hypothetical protein	2	341:714,2561:3026	+	3790	circular	false		Kt-08F	
NC_014084.1	NC_014084.1_TTV8_gp2	YP_003587876.1	TTV8_gp2		hypothetical protein	2	341:714,2362:2791	+	3790	circular	false		Kt-08F	
NC_014091.1	NC_014091.1_TTV16_gp1	YP_003587897.1	TTV16_gp1		hypothetical protein	1	260:730	+	3818	circular	false		TUS01	
NC_014091.1	NC_014091.1_TTV16_gp2	YP_003587898.1	TTV16_gp2		hypothetical protein	1	592:2877	+	3818	circular	false		TUS01	
NC_014094.1	NC_014094.1_TTV6_gp3	YP_003587908.1	TTV6_gp3	ORF2	ORF2	1	344:721	+	3705	circular	false	28	KAV	
NC_014094.1	NC_014094.1_TTV6_gp4	YP_003587909.1	TTV6_gp4	ORF1	ORF1	1	598:2757	+	3705	circular	false	28	KAV	
NC_014094.1	NC_014094.1_TTV6_gp1	YP_003587906.1	TTV6_gp1	ORF4	ORF4	2	344:717,2495:2942	+	3705	circular	false	28	KAV	
NC_014094.1	NC_014094.1_TTV6_gp2	YP_003587907.1	TTV6_gp2	ORF3	ORF3	2	344:717,2293:2713	+	3705	circular	false	28	KAV	
NC_014096.1	NC_014096.1_TTV15_gp1	YP_003587913.1	TTV15_gp1		hypothetical protein	1	259:732	+	3787	circular	false		TJN01	
NC_014096.1	NC_014096.1_TTV15_gp2	YP_003587914.1	TTV15_gp2		hypothetical protein	1	591:2855	+	3787	circular	false		TJN01	
NC_014480.2	NC_014480.2_TTV2_gp1	YP_004021042.1	TTV2_gp1		hypothetical protein	1	153:518	+	3322	linear	false		s-TTV CH71	
NC_014480.2	NC_014480.2_TTV2_gp2	YP_004021043.1	TTV2_gp2		hypothetical protein	1	389:2572	+	3322	linear	false		s-TTV CH71	
NC_038336.1	NC_038336.1_D1P64_gp1	YP_009505711.1	D1P64_gp1		Orf2	1	137:604	+	3229	linear	false		TCHN-C1	
NC_038336.1	NC_038336.1_D1P64_gp2	YP_009505712.1	D1P64_gp2		Orf1	1	1050:2768	+	3229	linear	false		TCHN-C1	
NC_038337.1	NC_038337.1_D1P65_gp1	YP_009505713.1	D1P65_gp1	ORF2	ORF2	1	261:743	+	3064	linear	false		BM1C	
NC_038338.1	NC_038338.1_D1P66_gp1	YP_009505714.1	D1P66_gp1		Orf2	1	136:600	+	3193	linear	false		TCHN-D1	
NC_038338.1	NC_038338.1_D1P66_gp2	YP_009505715.1	D1P66_gp2		Orf1	1	480:2708	+	3193	linear	false		TCHN-D1	
NC_038339.1	NC_038339.1_D1P67_gp1	YP_009505716.1	D1P67_gp1		Orf2	1	159:623	+	3312	linear	false		TCHN-A	
NC_038339.1	NC_038339.1_D1P67_gp2	YP_009505717.1	D1P67_gp2		Orf1	1	767:2836	+	3312	linear	false		TCHN-A	
NC_038340.1	NC_038340.1_D1P68_gp3	YP_009505720.1	D1P68_gp3		hypothetical protein	1	244:633	+	3234	linear	false			
NC_038340.1	NC_038340.1_D1P68_gp4	YP_009505721.1	D1P68_gp4		hypothetical protein	1	504:2756	+	3234	linear	false			
NC_038340.1	NC_038340.1_D1P68_gp1	YP_009505718.1	D1P68_gp1		hypothetical protein	2	244:629,2536:2938	+	3234	linear	false			
NC_038340.1	NC_038340.1_D1P68_gp2	YP_009505719.1	D1P68_gp2		hypothetical protein	2	244:629,2307:2805	+	3234	linear	false			
NC_038341.1	NC_038341.1_D1P69_gp1	YP_009505722.1	D1P69_gp1		ORF2	1	156:581	+	3153	linear	false		TCHN-B	
NC_038341.1	NC_038341.1_D1P69_gp2	YP_009505723.1	D1P69_gp2		ORF1	1	455:2677	+	3153	linear	false		TCHN-B	
NC_038343.1	NC_038343.1_D1P71_gp3	YP_009505728.1	D1P71_gp3		hypothetical protein	1	245:634	+	3246	linear	false			
NC_038343.1	NC_038343.1_D1P71_gp4	YP_009505729.1	D1P71_gp4		hypothetical protein	1	508:2808	+	3246	linear	false			
NC_038343.1	NC_038343.1_D1P71_gp1	YP_009505726.1	D1P71_gp1		hypothetical protein	2	245:630,2510:2951	+	3246	linear	false			
NC_038343.1	NC_038343.1_D1P71_gp2	YP_009505727.1	D1P71_gp2		hypothetical protein	2	245:630,2275:2737	+	3246	linear	false			
NC_038344.1	NC_038344.1_D1P72_gp1	YP_009505730.1	D1P72_gp1		hypothetical protein	1	403:789	+	3676	linear	false		TTVyon-KC009	
NC_038344.1	NC_038344.1_D1P72_gp2	YP_009505731.1	D1P72_gp2		hypothetical protein	1	666:2867	+	3676	linear	false		TTVyon-KC009	
NC_038344.1	NC_038344.1_D1P72_gp3	YP_009505732.1	D1P72_gp3		hypothetical protein	1	2560:2904	+	3676	linear	false		TTVyon-KC009	
NC_038345.1	NC_038345.1_D1P73_gp1	YP_009505733.1	D1P73_gp1		ORF2	1	188:511	+	2887	linear	false		LIL-y1	
NC_038345.1	NC_038345.1_D1P73_gp2	YP_009505734.1	D1P73_gp2		ORF1	1	370:2322	+	2887	linear	false		LIL-y1	
NC_038345.1	NC_038345.1_D1P73_gp3	YP_009505735.1	D1P73_gp3		ORF3	1	1961:2305	+	2887	linear	false		LIL-y1	
NC_038345.1	NC_038345.1_D1P73_gp4	YP_009505736.1	D1P73_gp4		ORF4	1	2175:2528	+	2887	linear	false		LIL-y1	
NC_038346.1	NC_038346.1_D1P74_gp1	YP_009505737.1	D1P74_gp1		ORF2	1	183:494	+	2871	linear	false		LIL-y2	
NC_038346.1	NC_038346.1_D1P74_gp2	YP_009505738.1	D1P74_gp2		ORF1	1	359:2347	+	2871	linear	false		LIL-y2	
NC_038346.1	NC_038346.1_D1P74_gp3	YP_009505739.1	D1P74_gp3		ORF3	1	1992:2561	+	2871	linear	false		LIL-y2	
NC_038350.1	NC_038350.1_D1P78_gp1	YP_009505750.1	D1P78_gp1		ORF2	1	200:550	+	2002	linear	false		2PoSMA	
NC_038350.1	NC_038350.1_D1P78_gp2	YP_009505751.1	D1P78_gp2		ORF1	1	397:1998	+	2002	linear	false		2PoSMA	
NC_038351.1	NC_038351.1_D1P79_gp1	YP_009505752.1	D1P79_gp1		ORF2	1	200:550	+	2454	linear	false		6PoSMA	
NC_038351.1	NC_038351.1_D1P79_gp2	YP_009505753.1	D1P79_gp2		ORF1	1	394:2370	+	2454	linear	false		6PoSMA	
NC_038351.1	NC_038351.1_D1P79_gp3	YP_009505754.1	D1P79_gp3		ORF3	1	1853:2389	+	2454	linear	false		6PoSMA	
NC_038359.1	NC_038359.1_D1P87_gp3	YP_009505785.1	D1P87_gp3		hypothetical protein	1	219:572	+	3187	circular	false		MDJN51	
NC_038359.1	NC_038359.1_D1P87_gp4	YP_009505786.1	D1P87_gp4		hypothetical protein	1	413:2407	+	3187	circular	false		MDJN51	
NC_038359.1	NC_038359.1_D1P87_gp1	YP_009505783.1	D1P87_gp1		hypothetical protein	2	219:568,2130:2559	+	3187	circular	false		MDJN51	
NC_038359.1	NC_038359.1_D1P87_gp2	YP_009505784.1	D1P87_gp2		hypothetical protein	2	219:568,1919:2351	+	3187	circular	false		MDJN51	
OK574345.1	OK574345.1_UHS18210.1	UHS18210.1	UHS18210.1		hypothetical protein	1	101:469	+	3205	circular	false		TF1YBNDZJ	
OK574345.1	OK574345.1_UHS18211.1	UHS18211.1	UHS18211.1		hypothetical protein	1	316:2301	+	3205	circular	false		TF1YBNDZJ	
OK574345.1	OK574345.1_UHS18212.1	UHS18212.1	UHS18212.1		hypothetical protein	1	2127:2456	+	3205	circular	false		TF1YBNDZJ	
OK574350.1	OK574350.1_UHS18225.1	UHS18225.1	UHS18225.1		hypothetical protein	1	107:430	+	2900	circular	false		TF1YBNDCY	
OK574350.1	OK574350.1_UHS18226.1	UHS18226.1	UHS18226.1		hypothetical protein	1	289:2289	+	2900	circular	false		TF1YBNDCY	
OK574352.1	OK574352.1_UMO75637.1	UMO75637.1	UMO75637.1		hypothetical protein	1	291:2297	+	2939	circular	false		TF1YBNGHH	
OK574362.1	OK574362.1_UHS18257.1	UHS18257.1	UHS18257.1		hypothetical protein	1	59:367	+	2805	circular	false		TF1YBNRX3	
OK574362.1	OK574362.1_UHS18258.1	UHS18258.1	UHS18258.1		hypothetical protein	1	241:2229	+	2805	circular	false		TF1YBNRX3	
OK574362.1	OK574362.1_UHS18259.1	UHS18259.1	UHS18259.1		hypothetical protein	1	2268:2435	+	2805	circular	false		TF1YBNRX3	
OK574363.1	OK574363.1_UHS18260.1	UHS18260.1	UHS18260.1		hypothetical protein	1	106:423	+	2953	circular	false		TF1YBNFZ8	
OK574363.1	OK574363.1_UHS18261.1	UHS18261.1	UHS18261.1		hypothetical protein	1	288:2297	+	2953	circular	false		TF1YBNFZ8	
OK574363.1	OK574363.1_UHS18262.1	UHS18262.1	UHS18262.1		hypothetical protein	1	2336:2509	+	2953	circular	false		TF1YBNFZ8	
OK574365.1	OK574365.1_UHS18265.1	UHS18265.1	UHS18265.1		hypothetical protein	1	103:372	+	2842	circular	false		TF1YBNDFQ	
OK574365.1	OK574365.1_UHS18266.1	UHS18266.1	UHS18266.1		hypothetical protein	1	246:2240	+	2842	circular	false		TF1YBNDFQ	
OK574365.1	OK574365.1_UHS18267.1	UHS18267.1	UHS18267.1		hypothetical protein	1	2060:2473	+	2842	circular	false		TF1YBNDFQ	
OK574370.1	OK574370.1_UHS18275.1	UHS18275.1	UHS18275.1		hypothetical protein	1	287:2314	+	2958	circular	false		TF1YBNFH7	
OK574371.1	OK574371.1_UHS18276.1	UHS18276.1	UHS18276.1		hypothetical protein	1	102:356	+	2863	circular	false		TF1YBNRTW	
OK574371.1	OK574371.1_UHS18277.1	UHS18277.1	UHS18277.1		hypothetical protein	1	245:2218	+	2863	circular	false		TF1YBNRTW	
OK574371.1	OK574371.1_UHS18278.1	UHS18278.1	UHS18278.1		hypothetical protein	1	2077:2433	+	2863	circular	false		TF1YBNRTW	
OK574374.1	OK574374.1_UHS18283.1	UHS18283.1	UHS18283.1		hypothetical protein	1	104:478	+	3241	circular	false		TF1YBNF3D	
OK574374.1	OK574374.1_UHS18284.1	UHS18284.1	UHS18284.1		hypothetical protein	1	319:2337	+	3241	circular	false		TF1YBNF3D	
OK574374.1	OK574374.1_UHS18285.1	UHS18285.1	UHS18285.1		hypothetical protein	1	2112:2492	+	3241	circular	false		TF1YBNF3D	
OK574382.1	OK574382.1_UHS18303.1	UHS18303.1	UHS18303.1		hypothetical protein	1	103:453	+	3175	circular	false		TF1YBNFTU	
OK574382.1	OK574382.1_UHS18304.1	UHS18304.1	UHS18304.1		hypothetical protein	1	300:2270	+	3175	circular	false		TF1YBNFTU	
OK574382.1	OK574382.1_UHS18305.1	UHS18305.1	UHS18305.1		hypothetical protein	1	2063:2425	+	3175	circular	false		TF1YBNFTU	
OK574383.1	OK574383.1_UHS18306.1	UHS18306.1	UHS18306.1		hypothetical protein	1	98:400	+	2901	circular	false		TF1YBN8M6	
OK574383.1	OK574383.1_UHS18307.1	UHS18307.1	UHS18307.1		hypothetical protein	1	286:2253	+	2901	circular	false		TF1YBN8M6	
OK574387.1	OK574387.1_UMO75638.1	UMO75638.1	UMO75638.1		hypothetical protein	1	288:2324	+	2967	circular	false		TF1YBNG3N	
OK574388.1	OK574388.1_UHS18315.1	UHS18315.1	UHS18315.1		hypothetical protein	1	97:402	+	2866	circular	false		TF1YBNF59	
OK574388.1	OK574388.1_UHS18316.1	UHS18316.1	UHS18316.1		hypothetical protein	1	285:2267	+	2866	circular	false		TF1YBNF59	
OK574394.1	OK574394.1_UHS18330.1	UHS18330.1	UHS18330.1		hypothetical protein	1	59:427	+	2930	circular	false		TF1YBNDQH	
OK574394.1	OK574394.1_UHS18331.1	UHS18331.1	UHS18331.1		hypothetical protein	1	178:2301	+	2930	circular	false		TF1YBNDQH	
OK574395.1	OK574395.1_UHS18332.1	UHS18332.1	UHS18332.1		hypothetical protein	1	60:386	+	2810	circular	false		TF1YBNF1T	
OK574395.1	OK574395.1_UHS18333.1	UHS18333.1	UHS18333.1		hypothetical protein	1	257:2221	+	2810	circular	false		TF1YBNF1T	
OK574395.1	OK574395.1_UHS18334.1	UHS18334.1	UHS18334.1		hypothetical protein	1	2089:2400	+	2810	circular	false		TF1YBNF1T	
OK574402.1	OK574402.1_UHS18351.1	UHS18351.1	UHS18351.1		hypothetical protein	1	103:417	+	2903	circular	false		TF1YBNF9Z	
OK574402.1	OK574402.1_UHS18352.1	UHS18352.1	UHS18352.1		hypothetical protein	1	291:2312	+	2903	circular	false		TF1YBNF9Z	
OK574402.1	OK574402.1_UHS18353.1	UHS18353.1	UHS18353.1		hypothetical protein	1	2147:2515	+	2903	circular	false		TF1YBNF9Z	
OK574405.1	OK574405.1_UHS18360.1	UHS18360.1	UHS18360.1		hypothetical protein	1	106:432	+	2978	circular	false		TF1YBNFOI	
OK574405.1	OK574405.1_UHS18361.1	UHS18361.1	UHS18361.1		hypothetical protein	1	288:2345	+	2978	circular	false		TF1YBNFOI	
OK574410.1	OK574410.1_UHS18373.1	UHS18373.1	UHS18373.1		hypothetical protein	1	104:412	+	2860	circular	false		TF1YBNRC9	
OK574410.1	OK574410.1_UHS18374.1	UHS18374.1	UHS18374.1		hypothetical protein	1	286:2235	+	2860	circular	false		TF1YBNRC9	
OK574411.1	OK574411.1_UHS18375.1	UHS18375.1	UHS18375.1		hypothetical protein	1	105:380	+	2840	circular	false		TF1YBNDWX	
OK574411.1	OK574411.1_UHS18376.1	UHS18376.1	UHS18376.1		hypothetical protein	1	257:2215	+	2840	circular	false		TF1YBNDWX	
OK574412.1	OK574412.1_UHS18377.1	UHS18377.1	UHS18377.1		hypothetical protein	1	103:429	+	2901	circular	false		TF1YBND1U	
OK574412.1	OK574412.1_UHS18378.1	UHS18378.1	UHS18378.1		hypothetical protein	1	285:2327	+	2901	circular	false		TF1YBND1U	
OK574414.1	OK574414.1_UHS18381.1	UHS18381.1	UHS18381.1		hypothetical protein	1	100:390	+	2863	circular	false		TF1YBNDSM	
OK574414.1	OK574414.1_UHS18382.1	UHS18382.1	UHS18382.1		hypothetical protein	1	282:2267	+	2863	circular	false		TF1YBNDSM	
OK574414.1	OK574414.1_UHS18383.1	UHS18383.1	UHS18383.1		hypothetical protein	1	2294:2485	+	2863	circular	false		TF1YBNDSM	
OK574415.1	OK574415.1_UHS18384.1	UHS18384.1	UHS18384.1		hypothetical protein	1	49:384	+	2809	circular	false		TF1YBNGAR	
OK574415.1	OK574415.1_UHS18385.1	UHS18385.1	UHS18385.1		hypothetical protein	1	258:2222	+	2809	circular	false		TF1YBNGAR	
OK574418.1	OK574418.1_UHS18392.1	UHS18392.1	UHS18392.1		hypothetical protein	1	44:412	+	2752	circular	false		TF1YBNFJR	
OK574418.1	OK574418.1_UHS18393.1	UHS18393.1	UHS18393.1		hypothetical protein	1	289:2244	+	2752	circular	false		TF1YBNFJR	
OK574421.1	OK574421.1_UHS18399.1	UHS18399.1	UHS18399.1		hypothetical protein	1	103:411	+	2853	circular	false		TF1YBNDEE	
OK574421.1	OK574421.1_UHS18400.1	UHS18400.1	UHS18400.1		hypothetical protein	1	285:2234	+	2853	circular	false		TF1YBNDEE	
OK574422.1	OK574422.1_UHS18401.1	UHS18401.1	UHS18401.1		hypothetical protein	1	59:391	+	2875	circular	false		TF1YBNGWC	
OK574422.1	OK574422.1_UHS18402.1	UHS18402.1	UHS18402.1		hypothetical protein	1	280:2274	+	2875	circular	false		TF1YBNGWC	
OK574422.1	OK574422.1_UHS18403.1	UHS18403.1	UHS18403.1		hypothetical protein	1	2271:2468	+	2875	circular	false		TF1YBNGWC	
OK574426.1	OK574426.1_UHS18413.1	UHS18413.1	UHS18413.1		hypothetical protein	1	90:371	+	2863	circular	false		TF1YBNRWQ	
OK574426.1	OK574426.1_UHS18414.1	UHS18414.1	UHS18414.1		hypothetical protein	1	245:2269	+	2863	circular	false		TF1YBNRWQ	
OK574427.1	OK574427.1_UHS18415.1	UHS18415.1	UHS18415.1		hypothetical protein	1	103:432	+	2981	circular	false		TF1YBNG74	
OK574427.1	OK574427.1_UHS18416.1	UHS18416.1	UHS18416.1		hypothetical protein	1	291:2351	+	2981	circular	false		TF1YBNG74	
OK574427.1	OK574427.1_UHS18417.1	UHS18417.1	UHS18417.1		hypothetical protein	1	2159:2554	+	2981	circular	false		TF1YBNG74	
OK574428.1	OK574428.1_UHS18418.1	UHS18418.1	UHS18418.1		hypothetical protein	1	67:402	+	2816	circular	false		TF1YBN8DQ	
OK574428.1	OK574428.1_UHS18419.1	UHS18419.1	UHS18419.1		hypothetical protein	1	279:2198	+	2816	circular	false		TF1YBN8DQ	
OK574428.1	OK574428.1_UHS18420.1	UHS18420.1	UHS18420.1		hypothetical protein	1	2030:2395	+	2816	circular	false		TF1YBN8DQ	
OK574434.1	OK574434.1_UHS18435.1	UHS18435.1	UHS18435.1		hypothetical protein	1	59:430	+	2931	circular	false		TF1YBNDUT	
OK574434.1	OK574434.1_UHS18436.1	UHS18436.1	UHS18436.1		hypothetical protein	1	286:2298	+	2931	circular	false		TF1YBNDUT	
OK574434.1	OK574434.1_UHS18437.1	UHS18437.1	UHS18437.1		hypothetical protein	1	2328:2510	+	2931	circular	false		TF1YBNDUT	
OK574436.1	OK574436.1_UHS18441.1	UHS18441.1	UHS18441.1		hypothetical protein	1	60:365	+	2815	circular	false		TF1YBNFGK	
OK574436.1	OK574436.1_UHS18442.1	UHS18442.1	UHS18442.1		hypothetical protein	1	242:2242	+	2815	circular	false		TF1YBNFGK	
OK574436.1	OK574436.1_UHS18443.1	UHS18443.1	UHS18443.1		hypothetical protein	1	2056:2451	+	2815	circular	false		TF1YBNFGK	
OK574437.1	OK574437.1_UHS18444.1	UHS18444.1	UHS18444.1		hypothetical protein	1	101:358	+	2829	circular	false		TF1YBNR3R	
OK574437.1	OK574437.1_UHS18445.1	UHS18445.1	UHS18445.1		hypothetical protein	1	247:2235	+	2829	circular	false		TF1YBNR3R	
OK574439.1	OK574439.1_UHS18449.1	UHS18449.1	UHS18449.1		hypothetical protein	1	100:393	+	2898	circular	false		TF1YBND77	
OK574439.1	OK574439.1_UHS18450.1	UHS18450.1	UHS18450.1		hypothetical protein	1	279:2282	+	2898	circular	false		TF1YBND77	
OK574443.1	OK574443.1_UHS18459.1	UHS18459.1	UHS18459.1		hypothetical protein	1	280:2217	+	2831	circular	false		TF1YBND3F	
OP549858.1	OP549858.1_UYL88384.1	UYL88384.1	UYL88384.1		ORF1	1	616:2553	+	3156	circular	false		UC008V3_C344	
OP549858.1	OP549858.1_UYL88385.1	UYL88385.1	UYL88385.1		ORF2	1	386:775	+	3156	circular	false		UC008V3_C344	
OP549858.1	OP549858.1_UYL88386.1	UYL88386.1	UYL88386.1		ORF3	1	2361:2732	+	3156	circular	false		UC008V3_C344	
OP549859.1	OP549859.1_UYL88387.1	UYL88387.1	UYL88387.1		ORF1	1	738:2768	+	3248	circular	false		UC145V1_C197	
OP549859.1	OP549859.1_UYL88388.1	UYL88388.1	UYL88388.1		ORF2	1	523:900	+	3248	circular	false		UC145V1_C197	
OP549859.1	OP549859.1_UYL88389.1	UYL88389.1	UYL88389.1		ORF3	1	2561:2923	+	3248	circular	false		UC145V1_C197	
OP549860.1	OP549860.1_UYL88390.1	UYL88390.1	UYL88390.1		ORF1	1	736:2730	+	3213	circular	false		UC156V1_C016	
OP549860.1	OP549860.1_UYL88391.1	UYL88391.1	UYL88391.1		ORF2	1	521:883	+	3213	circular	false		UC156V1_C016	
OP549860.1	OP549860.1_UYL88392.1	UYL88392.1	UYL88392.1		ORF3	1	2559:2882	+	3213	circular	false		UC156V1_C016	
OP985293.1	OP985293.1_WHN78858.1	WHN78858.1	WHN78858.1		ORF2	1	220:690	+	3609	linear	false		TTV/hb036-anello-2	
OP985293.1	OP985293.1_WHN78859.1	WHN78859.1	WHN78859.1		ORF1	1	564:2855	+	3609	linear	false		TTV/hb036-anello-2	
OP985293.1	OP985293.1_WHN78860.1	WHN78860.1	WHN78860.1		hypothetical protein	1	2444:2998	+	3609	linear	false		TTV/hb036-anello-2	
OP985293.1	OP985293.1_WHN78861.1	WHN78861.1	WHN78861.1		ORF3	1	2476:2784	+	3609	linear	false		TTV/hb036-anello-2	
OP985294.1	OP985294.1_WHN78862.1	WHN78862.1	WHN78862.1		ORF2	1	251:721	+	3721	linear	false		TTV/hb036-anello-1	
OP985294.1	OP985294.1_WHN78863.1	WHN78863.1	WHN78863.1		ORF1	1	595:2889	+	3721	linear	false		TTV/hb036-anello-1	
OP985294.1	OP985294.1_WHN78864.1	WHN78864.1	WHN78864.1		hypothetical protein	1	2472:3032	+	3721	linear	false		TTV/hb036-anello-1	
OP985294.1	OP985294.1_WHN78865.1	WHN78865.1	WHN78865.1		ORF3	1	2504:2818	+	3721	linear	false		TTV/hb036-anello-1	
OQ283124.1	OQ283124.1_WCB70599.1	WCB70599.1	WCB70599.1		ORF2	1	31:498	+	3512	linear	false		humanfe115av01	
OQ283124.1	OQ283124.1_WCB70600.1	WCB70600.1	WCB70600.1		ORF1	1	372:2666	+	3512	linear	false		humanfe115av01	
OQ283124.1	OQ283124.1_WCB70601.1	WCB70601.1	WCB70601.1		ORF3	1	2365:2670	+	3512	linear	false		humanfe115av01	
OQ283124.1	OQ283124.1_WCB70602.1	WCB70602.1	WCB70602.1		ORF4	1	2654:2842	+	3512	linear	false		humanfe115av01	
OR148953.1	OR148953.1_WMC00961.1	WMC00961.1	WMC00961.1		ORF1	1	619:2916	+	3780	circular	false		D_HF6_322	
OR148953.1	OR148953.1_WMC00962.1	WMC00962.1	WMC00962.1		ORF2	1	275:745	+	3780	circular	false		D_HF6_322	
OR148953.1	OR148953.1_WMC00963.1	WMC00963.1	WMC00963.1		ORF3	1	2496:3059	+	3780	circular	false		D_HF6_322	
OR148954.1	OR148954.1_WMC00964.1	WMC00964.1	WMC00964.1		ORF1	1	538:2550	+	2876	circular	false		D_HF6_591	
OR148954.1	OR148954.1_WMC00965.1	WMC00965.1	WMC00965.1		ORF2	1	350:661	+	2876	circular	false		D_HF6_591	
OR148954.1	OR148954.1_WMC00966.1	WMC00966.1	WMC00966.1		ORF3	1	2123:2542	+	2876	circular	false		D_HF6_591	
OR148955.1	OR148955.1_WMC00967.1	WMC00967.1	WMC00967.1		ORF1	1	619:2922	+	3789	circular	false		D_HF7_66	
OR148955.1	OR148955.1_WMC00968.1	WMC00968.1	WMC00968.1		ORF2	1	275:745	+	3789	circular	false		D_HF7_66	
OR148955.1	OR148955.1_WMC00969.1	WMC00969.1	WMC00969.1		ORF3	1	2502:3065	+	3789	circular	false		D_HF7_66	
OR197588.1	OR197588.1_WMQ52978.1	WMQ52978.1	WMQ52978.1		ORF1	1	769:2754	+	2857	circular	false			HIMFG
OR197588.1	OR197588.1_WMQ52979.1	WMQ52979.1	WMQ52979.1		ORF2	1	617:901	+	2857	circular	false			HIMFG
OR197588.1	OR197588.1_WMQ52980.1	WMQ52980.1	WMQ52980.1		ORF3	1	2414:2746	+	2857	circular	false			HIMFG
OZ258610.1	OZ258610.1_orf1	CAN2512687.1	orf1	orf1	hypothetical protein	1	415:2418	+	3230	circular	false			
OZ258612.1	OZ258612.1_orf1	CAN2512692.1	orf1	orf1	hypothetical protein	1	479:2731	+	3766	circular	false			
OZ258617.1	OZ258617.1_orf1	CAN2512704.1	orf1	orf1	hypothetical protein	1	509:2857	+	3896	circular	false			
OZ258620.1	OZ258620.1_orf1	CAN2512709.1	orf1	orf1	hypothetical protein	1	742:2688	+	3724	circular	false			
OZ258626.1	OZ258626.1_orf1	CAN2512721.1	orf1	orf1	hypothetical protein	1	329:2326	+	2836	circular	false			
OZ258632.1	OZ258632.1_orf1	CAN2512732.1	orf1	orf1	hypothetical protein	1	748:2673	+	3712	circular	false			
OZ258650.1	OZ258650.1_orf1	CAN2512768.1	orf1	orf1	hypothetical protein	1	342:2318	+	2845	circular	false			
OZ258652.1	OZ258652.1_orf1	CAN2512775.1	orf1	orf1	hypothetical protein	1	534:2831	+	3837	circular	false			
OZ258660.1	OZ258660.1_orf1	CAN2512788.1	orf1	orf1	hypothetical protein	1	502:2697	+	3750	circular	false			
OZ258664.1	OZ258664.1_orf1	CAN2512795.1	orf1	orf1	hypothetical protein	1	502:2709	+	3762	circular	false			
OZ258670.1	OZ258670.1_orf1	CAN2512807.1	orf1	orf1	hypothetical protein	1	877:2691	+	3726	circular	false			
OZ258672.1	OZ258672.1_orf1	CAN2512811.1	orf1	orf1	hypothetical protein	1	518:2857	+	3927	circular	false			
OZ258675.1	OZ258675.1_orf1	CAN2512818.1	orf1	orf1	hypothetical protein	1	514:2799	+	3474	circular	false			
OZ258684.1	OZ258684.1_orf1	CAN2512835.1	orf1	orf1	hypothetical protein	1	508:2790	+	3818	circular	false			
OZ258692.1	OZ258692.1_orf1	CAN2512851.1	orf1	orf1	hypothetical protein	1	534:2831	+	3780	circular	false			
OZ258693.1	OZ258693.1_orf1	CAN2512853.1	orf1	orf1	hypothetical protein	1	742:2688	+	3726	circular	false			
OZ258697.1	OZ258697.1_orf1	CAN2512862.1	orf1	orf1	hypothetical protein	1	374:2395	+	2996	circular	false			
OZ258698.1	OZ258698.1_orf1	CAN2512863.1	orf1	orf1	hypothetical protein	1	419:2413	+	3114	circular	false			
OZ258700.1	OZ258700.1_orf1	CAN2512867.1	orf1	orf1	hypothetical protein	1	509:2776	+	3783	circular	false			
OZ258705.1	OZ258705.1_orf1	CAN2512878.1	orf1	orf1	hypothetical protein	1	416:2416	+	3222	circular	false			
OZ258712.1	OZ258712.1_orf1	CAN2512891.1	orf1	orf1	hypothetical protein	1	357:2255	+	2725	circular	false			
OZ258713.1	OZ258713.1_orf1	CAN2512894.1	orf1	orf1	hypothetical protein	1	339:2297	+	2811	circular	false			
OZ258714.1	OZ258714.1_orf1	CAN2512896.1	orf1	orf1	hypothetical protein	1	360:2357	+	2895	circular	false			
OZ258715.1	OZ258715.1_orf1	CAN2512897.1	orf1	orf1	hypothetical protein	1	376:2391	+	2879	circular	false			
OZ258716.1	OZ258716.1_orf1	CAN2512899.1	orf1	orf1	hypothetical protein	1	351:2369	+	2978	circular	false			
OZ258719.1	OZ258719.1_orf1	CAN2512905.1	orf1	orf1	hypothetical protein	1	517:2790	+	3473	circular	false			
OZ258721.1	OZ258721.1_orf1	CAN2512909.1	orf1	orf1	hypothetical protein	1	374:2386	+	2952	circular	false			
OZ258723.1	OZ258723.1_orf1	CAN2512913.1	orf1	orf1	hypothetical protein	1	330:2321	+	2810	circular	false			
OZ258724.1	OZ258724.1_orf1	CAN2512915.1	orf1	orf1	hypothetical protein	1	343:2340	+	2958	circular	false			
OZ258725.1	OZ258725.1_orf1	CAN2512917.1	orf1	orf1	hypothetical protein	1	371:2377	+	2904	circular	false			
OZ258728.1	OZ258728.1_orf1	CAN2512924.1	orf1	orf1	hypothetical protein	1	357:2027	+	2908	circular	false			
OZ258729.1	OZ258729.1_orf1	CAN2512926.1	orf1	orf1	hypothetical protein	1	502:2334	+	2888	circular	false			
OZ258731.1	OZ258731.1_orf1	CAN2512930.1	orf1	orf1	hypothetical protein	1	380:2398	+	2948	circular	false			
OZ258737.1	OZ258737.1_orf1	CAN2512942.1	orf1	orf1	hypothetical protein	1	377:2350	+	2873	circular	false			
OZ258739.1	OZ258739.1_orf1	CAN2512945.1	orf1	orf1	hypothetical protein	1	373:2394	+	2933	circular	false			
OZ258741.1	OZ258741.1_orf1	CAN2512949.1	orf1	orf1	hypothetical protein	1	359:2326	+	2856	circular	false			
OZ258742.1	OZ258742.1_orf1	CAN2512952.1	orf1	orf1	hypothetical protein	1	527:2758	+	3726	circular	false			
OZ258747.1	OZ258747.1_orf1	CAN2512961.1	orf1	orf1	hypothetical protein	1	374:2386	+	2872	circular	false			
OZ258748.1	OZ258748.1_orf1	CAN2512963.1	orf1	orf1	hypothetical protein	1	373:1656	+	2946	circular	false			
OZ258750.1	OZ258750.1_orf1	CAN2512967.1	orf1	orf1	hypothetical protein	1	547:2754	+	3809	circular	false			
OZ258751.1	OZ258751.1_orf1	CAN2512969.1	orf1	orf1	hypothetical protein	1	346:2352	+	2681	circular	false			
OZ258753.1	OZ258753.1_orf1	CAN2512974.1	orf1	orf1	hypothetical protein	1	369:2315	+	2829	circular	false			
OZ258761.1	OZ258761.1_orf1	CAN2512989.1	orf1	orf1	hypothetical protein	1	737:2344	+	2867	circular	false			
OZ258764.1	OZ258764.1_orf1	CAN2512995.1	orf1	orf1	hypothetical protein	1	369:2357	+	2861	circular	false			
OZ258769.1	OZ258769.1_orf1	CAN2513005.1	orf1	orf1	hypothetical protein	1	363:2366	+	2951	circular	false			
OZ258770.1	OZ258770.1_orf1	CAN2513008.1	orf1	orf1	hypothetical protein	1	370:2364	+	2833	circular	false			
OZ258771.1	OZ258771.1_orf1	CAN2513009.1	orf1	orf1	hypothetical protein	1	325:2055	+	2824	circular	false			
OZ258775.1	OZ258775.1_orf1	CAN2513017.1	orf1	orf1	hypothetical protein	1	378:2378	+	2908	circular	false			
OZ258776.1	OZ258776.1_orf1	CAN2513020.1	orf1	orf1	hypothetical protein	1	356:2356	+	2892	circular	false			
OZ258777.1	OZ258777.1_orf1	CAN2513022.1	orf1	orf1	hypothetical protein	1	331:2337	+	2859	circular	false			
OZ258778.1	OZ258778.1_orf1	CAN2513024.1	orf1	orf1	hypothetical protein	1	366:2408	+	2935	circular	false			
OZ258785.1	OZ258785.1_orf1	CAN2513037.1	orf1	orf1	hypothetical protein	1	506:2815	+	3882	circular	false			
OZ258790.1	OZ258790.1_orf1	CAN2513049.1	orf1	orf1	hypothetical protein	1	1153:2418	+	2901	circular	false			
OZ258793.1	OZ258793.1_orf1	CAN2513054.1	orf1	orf1	hypothetical protein	1	374:2371	+	2902	circular	false			
OZ258797.1	OZ258797.1_orf1	CAN2513061.1	orf1	orf1	hypothetical protein	1	384:2414	+	2958	circular	false			
OZ258798.1	OZ258798.1_orf1	CAN2513064.1	orf1	orf1	hypothetical protein	1	368:2386	+	2928	circular	false			
OZ258799.1	OZ258799.1_orf1	CAN2513065.1	orf1	orf1	hypothetical protein	1	504:2732	+	3757	circular	false			
OZ258803.1	OZ258803.1_orf1	CAN2513073.1	orf1	orf1	hypothetical protein	1	700:2658	+	3687	circular	false			
OZ258804.1	OZ258804.1_orf1	CAN2513076.1	orf1	orf1	hypothetical protein	1	368:2335	+	2720	circular	false			
OZ258807.1	OZ258807.1_orf1	CAN2513082.1	orf1	orf1	hypothetical protein	1	365:2365	+	2940	circular	false			
OZ258809.1	OZ258809.1_orf1	CAN2513086.1	orf1	orf1	hypothetical protein	1	374:2386	+	2908	circular	false			
OZ258816.1	OZ258816.1_orf1	CAN2513100.1	orf1	orf1	hypothetical protein	1	697:2685	+	3150	circular	false			
PP374828.1	PP374828.1_XDJ14205.1	XDJ14205.1	XDJ14205.1		hypothetical protein ORF1	1	615:2915	+	3830	circular	false		HNPP1	
PP374828.1	PP374828.1_XDJ14206.1	XDJ14206.1	XDJ14206.1		hypothetical protein ORF2	1	271:741	+	3830	circular	false		HNPP1	
PP374828.1	PP374828.1_XDJ14207.1	XDJ14207.1	XDJ14207.1		ORF3 protein	1	2498:3058	+	3830	circular	false		HNPP1	
PP374829.1	PP374829.1_XDJ14208.1	XDJ14208.1	XDJ14208.1		hypothetical protein ORF2	1	237:728	+	3794	circular	false		HNPP2	
PP374829.1	PP374829.1_XDJ14209.1	XDJ14209.1	XDJ14209.1		hypothetical protein ORF1	1	596:2833	+	3794	circular	false		HNPP2	
PP374830.1	PP374830.1_XDJ14210.1	XDJ14210.1	XDJ14210.1		hypothetical protein ORF2	1	237:728	+	3741	circular	false		HNPP3	
PP374830.1	PP374830.1_XDJ14211.1	XDJ14211.1	XDJ14211.1		hypothetical protein ORF1	1	596:2830	+	3741	circular	false		HNPP3	
PP374831.1	PP374831.1_XDJ14212.1	XDJ14212.1	XDJ14212.1		hypothetical protein ORF2	1	260:721	+	3769	circular	false		HNPP4	
PP374831.1	PP374831.1_XDJ14213.1	XDJ14213.1	XDJ14213.1		hypothetical protein ORF1	1	595:2847	+	3769	circular	false		HNPP4	
PP374832.1	PP374832.1_XDJ14214.1	XDJ14214.1	XDJ14214.1		hypothetical protein ORF2	1	260:733	+	3908	circular	false		HNPP5	
PP374832.1	PP374832.1_XDJ14215.1	XDJ14215.1	XDJ14215.1		hypothetical protein ORF1	1	592:2964	+	3908	circular	false		HNPP5	
PP374834.1	PP374834.1_XDJ14219.1	XDJ14219.1	XDJ14219.1		hypothetical protein ORF1	1	589:2799	+	3773	circular	false		HNPP6-2	
PP374834.1	PP374834.1_XDJ14220.1	XDJ14220.1	XDJ14220.1		hypothetical protein ORF2	1	239:712	+	3773	circular	false		HNPP6-2	
PP374834.1	PP374834.1_XDJ14221.1	XDJ14221.1	XDJ14221.1		ORF3 protein	1	2811:2990	+	3773	circular	false		HNPP6-2	
PP374835.1	PP374835.1_XDJ14222.1	XDJ14222.1	XDJ14222.1		hypothetical protein ORF2	1	237:728	+	3798	circular	false		HNPP7-1	
PP374835.1	PP374835.1_XDJ14223.1	XDJ14223.1	XDJ14223.1		hypothetical protein ORF1	1	596:2881	+	3798	circular	false		HNPP7-1	
PP728776.1	PP728776.1_XBC19349.1	XBC19349.1	XBC19349.1		ORF2	1	202:570	+	3178	circular	false		ASU71878	
PP728776.1	PP728776.1_XBC19350.1	XBC19350.1	XBC19350.1		ORF1	1	405:2396	+	3178	circular	false		ASU71878	
PP728779.1	PP728779.1_XBC19355.1	XBC19355.1	XBC19355.1		ORF2	1	209:589	+	3230	circular	false		ASU82758a	
PP728779.1	PP728779.1_XBC19356.1	XBC19356.1	XBC19356.1		ORF1	1	418:2400	+	3230	circular	false		ASU82758a	
PP728781.1	PP728781.1_XBC19359.1	XBC19359.1	XBC19359.1		ORF2	1	210:578	+	2940	circular	false		ASU82773	
PP728781.1	PP728781.1_XBC19360.1	XBC19360.1	XBC19360.1		ORF1	1	419:2410	+	2940	circular	false		ASU82773	
PP728782.1	PP728782.1_XBC19361.1	XBC19361.1	XBC19361.1		ORF2	1	231:608	+	3223	circular	false		ASU82836	
PP728782.1	PP728782.1_XBC19362.1	XBC19362.1	XBC19362.1		ORF1	1	467:2458	+	3223	circular	false		ASU82836	
PQ438050.1	PQ438050.1_XHY09029.1	XHY09029.1	XHY09029.1		ORF1	1	515:2710	+	3062	linear	false		BB02_W200314045308P	
