accession	accession_version	species	genus	family	lineage	molecule	topology	genome_length	segment	host	isolate	refseq	source	gb_sha256	tier	persistence_class	risk_class	inclusion_rationale
NC_001405	NC_001405.1	Human mastadenovirus C	Mastadenovirus	Adenoviridae	Viruses; Varidnaviria; Bamfordvirae; Preplasmiviricota; Polisuviricotina; Pharingeaviricetes; Rowavirales; Adenoviridae; Mastadenovirus; Mastadenovirus caesari	DNA	linear	35937		Homo sapiens		true	ncbi-genbank	3e634bd00bc0c60c84eee7a89cf73d66a6ad46883195c6a387027671b8c38674				
OZ258617	OZ258617.1	Alphatorquevirus homin13	Alphatorquevirus	Anelloviridae	Viruses; Floreoviria; Shotokuvirae; Commensaviricota; Cardeaviricetes; Sanitavirales; Anelloviridae; Alphatorquevirus	DNA	circular	3896		Homo sapiens		false	ncbi-genbank	bf26587b7242db509f7cf0fee0cd90efe9685be7d1f43e5e8d2373cc7b41cc8b				
OZ258672	OZ258672.1	Alphatorquevirus homin13	Alphatorquevirus	Anelloviridae	Viruses; Floreoviria; Shotokuvirae; Commensaviricota; Cardeaviricetes; Sanitavirales; Anelloviridae; Alphatorquevirus	DNA	circular	3927		Homo sapiens		false	ncbi-genbank	f9b9e67bd123fb9d7259ff31bc7d2dd3cbd2931057f3ea674f7b84199498731a				
OZ258675	OZ258675.1	Alphatorquevirus homin20	Alphatorquevirus	Anelloviridae	Viruses; Floreoviria; Shotokuvirae; Commensaviricota; Cardeaviricetes; Sanitavirales; Anelloviridae; Alphatorquevirus	DNA	circular	3474		Homo sapiens		false	ncbi-genbank	e0d205aa6e978a979bd00a0356d015dc9220be179edccdea1836d8270bd703b2				
OZ258612	OZ258612.1	Alphatorquevirus sp.	Alphatorquevirus	Anelloviridae	Viruses; Floreoviria; Shotokuvirae; Commensaviricota; Cardeaviricetes; Sanitavirales; Anelloviridae; Alphatorquevirus	DNA	circular	3766		Homo sapiens		false	ncbi-genbank	8b940c303d0e3f4237b7a06cfb4d1f4452ab212b7dd65fc04d64267253ac89c8				
OZ258620	OZ258620.1	Alphatorquevirus sp.	Alphatorquevirus	Anelloviridae	Viruses; Floreoviria; Shotokuvirae; Commensaviricota; Cardeaviricetes; Sanitavirales; Anelloviridae; Alphatorquevirus	DNA	circular	3724		Homo sapiens		false	ncbi-genbank	8a27ac2e41cfd18b51b68d5a2bfde154e3697aab57eea5659ecd338cd563893c				
OZ258632	OZ258632.1	Alphatorquevirus sp.	Alphatorquevirus	Anelloviridae	Viruses; Floreoviria; Shotokuvirae; Commensaviricota; Cardeaviricetes; Sanitavirales; Anelloviridae; Alphatorquevirus	DNA	circular	3712		Homo sapiens		false	ncbi-genbank	d1eeba728b3f630a0e86bf43455efc78c381bc88075d6fdd0f36096b23ef7360				
OZ258652	OZ258652.1	Alphatorquevirus sp.	Alphatorquevirus	Anelloviridae	Viruses; Floreoviria; Shotokuvirae; Commensaviricota; Cardeaviricetes; Sanitavirales; Anelloviridae; Alphatorquevirus	DNA	circular	3837		Homo sapiens		false	ncbi-genbank	adf762c2ce44128d63b52424ee7d480f526f8d05726b170cfe0f3cfd371fc98c				
OZ258660	OZ258660.1	Alphatorquevirus sp.	Alphatorquevirus	Anelloviridae	Viruses; Floreoviria; Shotokuvirae; Commensaviricota; Cardeaviricetes; Sanitavirales; Anelloviridae; Alphatorquevirus	DNA	circular	3750		Homo sapiens		false	ncbi-genbank	8282a970bda23799ec9c8d480a0149d914002785ab1e4e6e454fa87697b5b546				
OZ258664	OZ258664.1	Alphatorquevirus sp.	Alphatorquevirus	Anelloviridae	Viruses; Floreoviria; Shotokuvirae; Commensaviricota; Cardeaviricetes; Sanitavirales; Anelloviridae; Alphatorquevirus	DNA	circular	3762		Homo sapiens		false	ncbi-genbank	127030051be8883a0b641fea58d1a491e66caccf0de9187ec3071c52f2b157c4				
OZ258670	OZ258670.1	Alphatorquevirus sp.	Alphatorquevirus	Anelloviridae	Viruses; Floreoviria; Shotokuvirae; Commensaviricota; Cardeaviricetes; Sanitavirales; Anelloviridae; Alphatorquevirus	DNA	circular	3726		Homo sapiens		false	ncbi-genbank	2c11ee9b24e2f3b1f41ba8782efa905abe3060938354bd2e1872908bba0198f0				
OZ258684	OZ258684.1	Alphatorquevirus sp.	Alphatorquevirus	Anelloviridae	Viruses; Floreoviria; Shotokuvirae; Commensaviricota; Cardeaviricetes; Sanitavirales; Anelloviridae; Alphatorquevirus	DNA	circular	3818		Homo sapiens		false	ncbi-genbank	efcbf30110d53859b6b2036f3a41e40232687802a9c01254249384314d5e9871				
OZ258692	OZ258692.1	Alphatorquevirus sp.	Alphatorquevirus	Anelloviridae	Viruses; Floreoviria; Shotokuvirae; Commensaviricota; Cardeaviricetes; Sanitavirales; Anelloviridae; Alphatorquevirus	DNA	circular	3780		Homo sapiens		false	ncbi-genbank	aaf53c4d3a49389179336192be2107a99f160ed8d102d4cd761c39d67f532065				
OZ258693	OZ258693.1	Alphatorquevirus sp.	Alphatorquevirus	Anelloviridae	Viruses; Floreoviria; Shotokuvirae; Commensaviricota; Cardeaviricetes; Sanitavirales; Anelloviridae; Alphatorquevirus	DNA	circular	3726		Homo sapiens		false	ncbi-genbank	295b4796da0a557ad3f21041074ad2c4e38f925bb89a432052e7289e0447c325				
OZ258700	OZ258700.1	Alphatorquevirus sp.	Alphatorquevirus	Anelloviridae	Viruses; Floreoviria; Shotokuvirae; Commensaviricota; Cardeaviricetes; Sanitavirales; Anelloviridae; Alphatorquevirus	DNA	circular	3783		Homo sapiens		false	ncbi-genbank	81e734016fe7a8dcfe6fcb02bc8d3d1a25bea0ed00c2b8bbfecd9caa47936dc5				
OZ258719	OZ258719.1	Alphatorquevirus sp.	Alphatorquevirus	Anelloviridae	Viruses; Floreoviria; Shotokuvirae; Commensaviricota; Cardeaviricetes; Sanitavirales; Anelloviridae; Alphatorquevirus	DNA	circular	3473		Homo sapiens		false	ncbi-genbank	46f76f9bd50f0e412e81e7c959eadb816ba6ba06cdc90f83350102af04dbcb70				
OZ258742	OZ258742.1	Alphatorquevirus sp.	Alphatorquevirus	Anelloviridae	Viruses; Floreoviria; Shotokuvirae; Commensaviricota; Cardeaviricetes; Sanitavirales; Anelloviridae; Alphatorquevirus	DNA	circular	3726		Homo sapiens		false	ncbi-genbank	5357875b88d102eb2d9ea3e1e1e9a84bcd66667b8e2f712ad0215ac61fb46366				
OZ258750	OZ258750.1	Alphatorquevirus sp.	Alphatorquevirus	Anelloviridae	Viruses; Floreoviria; Shotokuvirae; Commensaviricota; Cardeaviricetes; Sanitavirales; Anelloviridae; Alphatorquevirus	DNA	circular	3809		Homo sapiens		false	ncbi-genbank	c7d7f0255b5dec5c690663ef031093ec785b89b535127e0b21181cfa92ae7ce8				
OZ258785	OZ258785.1	Alphatorquevirus sp.	Alphatorquevirus	Anelloviridae	Viruses; Floreoviria; Shotokuvirae; Commensaviricota; Cardeaviricetes; Sanitavirales; Anelloviridae; Alphatorquevirus	DNA	circular	3882		Homo sapiens		false	ncbi-genbank	17a2d0334ceee1620f89db758021832686905fda9095ee40acda6de240bc9696				
OZ258799	OZ258799.1	Alphatorquevirus sp.	Alphatorquevirus	Anelloviridae	Viruses; Floreoviria; Shotokuvirae; Commensaviricota; Cardeaviricetes; Sanitavirales; Anelloviridae; Alphatorquevirus	DNA	circular	3757		Homo sapiens		false	ncbi-genbank	d27aaef42423161a54554c86b09d1f14339ad3c5078f704e9178d4cff906445f				
OZ258803	OZ258803.1	Alphatorquevirus sp.	Alphatorquevirus	Anelloviridae	Viruses; Floreoviria; Shotokuvirae; Commensaviricota; Cardeaviricetes; Sanitavirales; Anelloviridae; Alphatorquevirus	DNA	circular	3687		Homo sapiens		false	ncbi-genbank	1adce46747bd1f2e3354673fbb44fb1cd2487e6d54c1c7655d1b14c10aef75a8				
OZ258816	OZ258816.1	Alphatorquevirus sp.	Alphatorquevirus	Anelloviridae	Viruses; Floreoviria; Shotokuvirae; Commensaviricota; Cardeaviricetes; Sanitavirales; Anelloviridae; Alphatorquevirus	DNA	circular	3150		Homo sapiens		false	ncbi-genbank	1ac322c7179213d68d43b4ef175851f27bcd68d13567823017a4967a83251394				
MH648892	MH648892.1	Anelloviridae sp.		Anelloviridae	Viruses; Floreoviria; Shotokuvirae; Commensaviricota; Cardeaviricetes; Sanitavirales; Anelloviridae	DNA	circular	2547			ctdc048	false	ncbi-genbank	85533c35021a264b1134e005de4372988183f88ec27e3f6d5909ac005b08bd11				
MH648893	MH648893.1	Anelloviridae sp.		Anelloviridae	Viruses; Floreoviria; Shotokuvirae; Commensaviricota; Cardeaviricetes; Sanitavirales; Anelloviridae	DNA	circular	3261			ctdh007	false	ncbi-genbank	e9565e030fb06993fa57cd004200c8afe31a161b7ab48d54053cda359c3f2f4d				
MH648897	MH648897.1	Anelloviridae sp.		Anelloviridae	Viruses; Floreoviria; Shotokuvirae; Commensaviricota; Cardeaviricetes; Sanitavirales; Anelloviridae	DNA	circular	2795			ctcb038	false	ncbi-genbank	02274d5a0a721acda614a68bf62221947326130ca031c7c2fdb42f8c3d5e31de				
MH648900	MH648900.1	Anelloviridae sp.		Anelloviridae	Viruses; Floreoviria; Shotokuvirae; Commensaviricota; Cardeaviricetes; Sanitavirales; Anelloviridae	DNA	circular	2256			ctfc019	false	ncbi-genbank	5f7fb26260c7859de3039d6fe11b66827a801d2305351713a120ccc12d695e82				
MH648901	MH648901.1	Anelloviridae sp.		Anelloviridae	Viruses; Floreoviria; Shotokuvirae; Commensaviricota; Cardeaviricetes; Sanitavirales; Anelloviridae	DNA	circular	3076			ctbb022	false	ncbi-genbank	e8460ce0a032c3d6065b1a50d3fc9918e2a49cae0ef6b5aad6d64a590780c1ae				
MH648911	MH648911.1	Anelloviridae sp.		Anelloviridae	Viruses; Floreoviria; Shotokuvirae; Commensaviricota; Cardeaviricetes; Sanitavirales; Anelloviridae	DNA	circular	2521			cthi018	false	ncbi-genbank	d300f5bb751e51fc8b32caec5fe9004535631af7d5e10fee7838bca9c884bb1f				
MH648913	MH648913.1	Anelloviridae sp.		Anelloviridae	Viruses; Floreoviria; Shotokuvirae; Commensaviricota; Cardeaviricetes; Sanitavirales; Anelloviridae	DNA	circular	3749			ctbg006	false	ncbi-genbank	da06910b2346e41ab37fece9f2c506f9708508f71335d107e7598ccd759bbead				
MH648916	MH648916.1	Anelloviridae sp.		Anelloviridae	Viruses; Floreoviria; Shotokuvirae; Commensaviricota; Cardeaviricetes; Sanitavirales; Anelloviridae	DNA	circular	3147			ctbg020	false	ncbi-genbank	876e29679dcd579b5dda2921ed0387e197a15d19e161a63ea37fefbe6f6483b8				
MH648922	MH648922.1	Anelloviridae sp.		Anelloviridae	Viruses; Floreoviria; Shotokuvirae; Commensaviricota; Cardeaviricetes; Sanitavirales; Anelloviridae	DNA	circular	1722			ctih028	false	ncbi-genbank	d33d5e9622a5e963ddaef994f75a04c40f2e4c832a553f30623be988691d8811				
MH648925	MH648925.1	Anelloviridae sp.		Anelloviridae	Viruses; Floreoviria; Shotokuvirae; Commensaviricota; Cardeaviricetes; Sanitavirales; Anelloviridae	DNA	circular	2840			ctci019	false	ncbi-genbank	3d3c27f25480ec824526d52b359ecb20dec99bdae325fb20391729094bc20248				
MH648942	MH648942.1	Anelloviridae sp.		Anelloviridae	Viruses; Floreoviria; Shotokuvirae; Commensaviricota; Cardeaviricetes; Sanitavirales; Anelloviridae	DNA	circular	1989			ctje022	false	ncbi-genbank	d906157b735311a35ed7d9f5cc3d4988caeeb61c06ddce3d22e9058593629416				
MH648946	MH648946.1	Anelloviridae sp.		Anelloviridae	Viruses; Floreoviria; Shotokuvirae; Commensaviricota; Cardeaviricetes; Sanitavirales; Anelloviridae	DNA	circular	3287			ctdb017	false	ncbi-genbank	0b7e5ccd732ecbffd9cb623c23c557e807fabe8e9514cf3c6b18139a074e30fe				
MH648950	MH648950.1	Anelloviridae sp.		Anelloviridae	Viruses; Floreoviria; Shotokuvirae; Commensaviricota; Cardeaviricetes; Sanitavirales; Anelloviridae	DNA	circular	1785			ctji039	false	ncbi-genbank	0c515d9ec066b4a96f9de7f1493326d89f0b251938ff02d0c7111d10789325a1				
MH648957	MH648957.1	Anelloviridae sp.		Anelloviridae	Viruses; Floreoviria; Shotokuvirae; Commensaviricota; Cardeaviricetes; Sanitavirales; Anelloviridae	DNA	circular	2622			ctch017	false	ncbi-genbank	add2466545f0b7b75eb35464c7a350d5d53eb8be6f516e8ec38ea702107e99ae				
MH648958	MH648958.1	Anelloviridae sp.		Anelloviridae	Viruses; Floreoviria; Shotokuvirae; Commensaviricota; Cardeaviricetes; Sanitavirales; Anelloviridae	DNA	circular	3164			ctbh011	false	ncbi-genbank	f73d943132c9688a24fa8744bc8efec75a27942a27d0e2419109892fcbb2bd8a				
MH648959	MH648959.1	Anelloviridae sp.		Anelloviridae	Viruses; Floreoviria; Shotokuvirae; Commensaviricota; Cardeaviricetes; Sanitavirales; Anelloviridae	DNA	circular	2683			ctbc020	false	ncbi-genbank	a16ef56050c5ab025a431377e51df1ed1e2e9d17f98ca7ee255bb735531f3aaa				
MH648962	MH648962.1	Anelloviridae sp.		Anelloviridae	Viruses; Floreoviria; Shotokuvirae; Commensaviricota; Cardeaviricetes; Sanitavirales; Anelloviridae	DNA	circular	2868			ctif015	false	ncbi-genbank	281f0334dc4b8723ac1c534744e94ad9a082b57a58d647a76be487adcbb088ad				
MH648969	MH648969.1	Anelloviridae sp.		Anelloviridae	Viruses; Floreoviria; Shotokuvirae; Commensaviricota; Cardeaviricetes; Sanitavirales; Anelloviridae	DNA	circular	3682			ctjg000	false	ncbi-genbank	1a2fe980c6af980780dd1b41188cff32221e541babbd67374b378d3316e18b58				
MH648976	MH648976.1	Anelloviridae sp.		Anelloviridae	Viruses; Floreoviria; Shotokuvirae; Commensaviricota; Cardeaviricetes; Sanitavirales; Anelloviridae	DNA	circular	2088			ctcj064	false	ncbi-genbank	09c2efff55acaebb0a37aea9164da1a8af93bc64279ab84f1f819f5943356ffa				
MH648977	MH648977.1	Anelloviridae sp.		Anelloviridae	Viruses; Floreoviria; Shotokuvirae; Commensaviricota; Cardeaviricetes; Sanitavirales; Anelloviridae	DNA	circular	2520			ctbj022	false	ncbi-genbank	d6c6798f58658b018b721025261a16745fee1bce23dc5a5b9173970f1776a1c7				
MH648978	MH648978.1	Anelloviridae sp.		Anelloviridae	Viruses; Floreoviria; Shotokuvirae; Commensaviricota; Cardeaviricetes; Sanitavirales; Anelloviridae	DNA	circular	1726			cted030	false	ncbi-genbank	3a0fa82f9ef1803dfc77d5f04bcb5c872634cb01091cb4ec81099437873f9390				
MH648983	MH648983.1	Anelloviridae sp.		Anelloviridae	Viruses; Floreoviria; Shotokuvirae; Commensaviricota; Cardeaviricetes; Sanitavirales; Anelloviridae	DNA	circular	2191			ctbd027	false	ncbi-genbank	1efadf18138e477724a62ce6689ad2c7bd049c82fb0d2fa95ba3e181d0e617b7				
MH648985	MH648985.1	Anelloviridae sp.		Anelloviridae	Viruses; Floreoviria; Shotokuvirae; Commensaviricota; Cardeaviricetes; Sanitavirales; Anelloviridae	DNA	circular	2648			ctch016	false	ncbi-genbank	0a22f122709300df6bddfbca5533d4c477c64778c8b3b1cb3bb107df7f188f4a				
MH648990	MH648990.1	Anelloviridae sp.		Anelloviridae	Viruses; Floreoviria; Shotokuvirae; Commensaviricota; Cardeaviricetes; Sanitavirales; Anelloviridae	DNA	circular	3008			cthf001	false	ncbi-genbank	4ffdca94572dc210ef98260924042ab40451d7a4dcaaab6a9839ce051a2d2350				
MH648995	MH648995.1	Anelloviridae sp.		Anelloviridae	Viruses; Floreoviria; Shotokuvirae; Commensaviricota; Cardeaviricetes; Sanitavirales; Anelloviridae	DNA	circular	2045			ctbd067	false	ncbi-genbank	7be4678ff40abd8f58f514fa3f1145d4a775b10435e6aaf11927d70d85e921e7				
MH648997	MH648997.1	Anelloviridae sp.		Anelloviridae	Viruses; Floreoviria; Shotokuvirae; Commensaviricota; Cardeaviricetes; Sanitavirales; Anelloviridae	DNA	circular	3047			ctce026	false	ncbi-genbank	786760dfaef1db7b279a592930bd295e0d3e9edb968167634826946266bf6c57				
MH648999	MH648999.1	Anelloviridae sp.		Anelloviridae	Viruses; Floreoviria; Shotokuvirae; Commensaviricota; Cardeaviricetes; Sanitavirales; Anelloviridae	DNA	circular	2299			ctfb058	false	ncbi-genbank	7499dbe63b72787f80073a3b56d24459decdead0bb7ba249e54840459af771e7				
MH649002	MH649002.1	Anelloviridae sp.		Anelloviridae	Viruses; Floreoviria; Shotokuvirae; Commensaviricota; Cardeaviricetes; Sanitavirales; Anelloviridae	DNA	circular	2584			ctjj046	false	ncbi-genbank	8f67c45c448fd7ffa2c4027392bd8d88601c1ee90bdea8663c47de6cc8f3876b				
MH649006	MH649006.1	Anelloviridae sp.		Anelloviridae	Viruses; Floreoviria; Shotokuvirae; Commensaviricota; Cardeaviricetes; Sanitavirales; Anelloviridae	DNA	circular	2814			ctcf030	false	ncbi-genbank	a41a4bdb53dbcd08b0b0b78f291dbf7cfc9b7b2ba28debf799ebfd0beb5c6210				
MH649009	MH649009.1	Anelloviridae sp.		Anelloviridae	Viruses; Floreoviria; Shotokuvirae; Commensaviricota; Cardeaviricetes; Sanitavirales; Anelloviridae	DNA	circular	1983			ctbe64	false	ncbi-genbank	53df3bb13e8251046cf2f6552c11083eca9ad91e68397476281cbcfa439c21f8				
MH649011	MH649011.1	Anelloviridae sp.		Anelloviridae	Viruses; Floreoviria; Shotokuvirae; Commensaviricota; Cardeaviricetes; Sanitavirales; Anelloviridae	DNA	circular	2476			ctbh052	false	ncbi-genbank	9931d613ff1eb1e66aa1207655bcab9cd730fbed5d406c3ff7d571f36e6932ee				
MH649014	MH649014.1	Anelloviridae sp.		Anelloviridae	Viruses; Floreoviria; Shotokuvirae; Commensaviricota; Cardeaviricetes; Sanitavirales; Anelloviridae	DNA	circular	3886			ctba003	false	ncbi-genbank	bd5b15324f74305969a972fe95b4adc99ea2da25142bb935e9545da1fa50e832				
MH649022	MH649022.1	Anelloviridae sp.		Anelloviridae	Viruses; Floreoviria; Shotokuvirae; Commensaviricota; Cardeaviricetes; Sanitavirales; Anelloviridae	DNA	circular	3073			ctch023	false	ncbi-genbank	db14a69aadfab6b2cb89522018887a2387631ac7f7f94dece3aff9e5b3333d34				
MH649023	MH649023.1	Anelloviridae sp.		Anelloviridae	Viruses; Floreoviria; Shotokuvirae; Commensaviricota; Cardeaviricetes; Sanitavirales; Anelloviridae	DNA	circular	2250			ctbd051	false	ncbi-genbank	3e2cc131e506067145edb1e71a7d14bb0234268442d700f46dd511e46cc9e790				
MH649028	MH649028.1	Anelloviridae sp.		Anelloviridae	Viruses; Floreoviria; Shotokuvirae; Commensaviricota; Cardeaviricetes; Sanitavirales; Anelloviridae	DNA	circular	2789			ctbf9	false	ncbi-genbank	ee47470424c53de7ca2bc7e075a5367af31ab38a29ad9eeca4c66a198dae2882				
MH649037	MH649037.1	Anelloviridae sp.		Anelloviridae	Viruses; Floreoviria; Shotokuvirae; Commensaviricota; Cardeaviricetes; Sanitavirales; Anelloviridae	DNA	circular	1962			ctbh034	false	ncbi-genbank	2f6f0eecaf166fc1c0f2d3a52dc3b852497e783b286e9d3dd193bceb37aac98d				
MH649039	MH649039.1	Anelloviridae sp.		Anelloviridae	Viruses; Floreoviria; Shotokuvirae; Commensaviricota; Cardeaviricetes; Sanitavirales; Anelloviridae	DNA	circular	2366			ctca057	false	ncbi-genbank	40c324ef8b0aba16dc36d283e49aa2de1225c26a711a6048e26d210cd1445591				
MH649040	MH649040.1	Anelloviridae sp.		Anelloviridae	Viruses; Floreoviria; Shotokuvirae; Commensaviricota; Cardeaviricetes; Sanitavirales; Anelloviridae	DNA	circular	2874			ctch033	false	ncbi-genbank	054cef0e7c4e1ab1e81176ec95fa9b85bdf1516aa21107822f2df78d6955bff2				
MH649042	MH649042.1	Anelloviridae sp.		Anelloviridae	Viruses; Floreoviria; Shotokuvirae; Commensaviricota; Cardeaviricetes; Sanitavirales; Anelloviridae	DNA	circular	3718			ctjd005	false	ncbi-genbank	967aba7b69647482844783ab0f6c05ae2f010d445cc2128d1777e73b6bb203a7				
MH649045	MH649045.1	Anelloviridae sp.		Anelloviridae	Viruses; Floreoviria; Shotokuvirae; Commensaviricota; Cardeaviricetes; Sanitavirales; Anelloviridae	DNA	circular	2861			ctdc021	false	ncbi-genbank	088d11e678bdddbd692a399c7b93ab7e08abbbc2ed69df88680b850c4a09397b				
MH649051	MH649051.1	Anelloviridae sp.		Anelloviridae	Viruses; Floreoviria; Shotokuvirae; Commensaviricota; Cardeaviricetes; Sanitavirales; Anelloviridae	DNA	circular	2563			ctdg044	false	ncbi-genbank	f44e4ea9af14791d2fb03d6f1491f1f89793520786e736ba02f90f6f5712b872				
MH649056	MH649056.1	Anelloviridae sp.		Anelloviridae	Viruses; Floreoviria; Shotokuvirae; Commensaviricota; Cardeaviricetes; Sanitavirales; Anelloviridae	DNA	circular	2000			ctcc062	false	ncbi-genbank	ecc1efbd39b3c5a39bfb4e1bd2233afe5837aa31122f4b7e804b2be69a83c81d				
MH649061	MH649061.1	Anelloviridae sp.		Anelloviridae	Viruses; Floreoviria; Shotokuvirae; Commensaviricota; Cardeaviricetes; Sanitavirales; Anelloviridae	DNA	circular	2904			ctid009	false	ncbi-genbank	6841420a9f234c290927f3a7afa8f95fc7cbbda4f013efda3c4aa50903a6c1c1				
MH649062	MH649062.1	Anelloviridae sp.		Anelloviridae	Viruses; Floreoviria; Shotokuvirae; Commensaviricota; Cardeaviricetes; Sanitavirales; Anelloviridae	DNA	circular	2884			ctdc018	false	ncbi-genbank	2714068f55d307fb3cc9a8ca00ddf5d293c92d6a57937981bcad212e9c89ef26				
MH649063	MH649063.1	Anelloviridae sp.		Anelloviridae	Viruses; Floreoviria; Shotokuvirae; Commensaviricota; Cardeaviricetes; Sanitavirales; Anelloviridae	DNA	circular	3116			ctbf012	false	ncbi-genbank	14675c29ea8245086ebfe09481c74c1ac2fb30e96b925a2c754f7945af79525d				
MH649068	MH649068.1	Anelloviridae sp.		Anelloviridae	Viruses; Floreoviria; Shotokuvirae; Commensaviricota; Cardeaviricetes; Sanitavirales; Anelloviridae	DNA	circular	2066			ctcc066	false	ncbi-genbank	bbc84435d923fdf075294ea2ebf7b0970d5a3c92af8d635a709a5b53a4e30346				
MH649070	MH649070.1	Anelloviridae sp.		Anelloviridae	Viruses; Floreoviria; Shotokuvirae; Commensaviricota; Cardeaviricetes; Sanitavirales; Anelloviridae	DNA	circular	3718			ctda011	false	ncbi-genbank	283a0d3e10731ec9d5ff6489a5b80043abc137172fe16d20bcb1dd277aacb1d7				
MH649077	MH649077.1	Anelloviridae sp.		Anelloviridae	Viruses; Floreoviria; Shotokuvirae; Commensaviricota; Cardeaviricetes; Sanitavirales; Anelloviridae	DNA	circular	2743			ctbh034	false	ncbi-genbank	783d575ebf383f58c89976f19fe4123f700e1513d9edc4a13f200db133a96c25				
MH649083	MH649083.1	Anelloviridae sp.		Anelloviridae	Viruses; Floreoviria; Shotokuvirae; Commensaviricota; Cardeaviricetes; Sanitavirales; Anelloviridae	DNA	circular	2794			ctdg028	false	ncbi-genbank	6f21105e33f34fe669f5e2032df7e7629bc318f4e83f9343dad44c293124ad08				
MH649084	MH649084.1	Anelloviridae sp.		Anelloviridae	Viruses; Floreoviria; Shotokuvirae; Commensaviricota; Cardeaviricetes; Sanitavirales; Anelloviridae	DNA	circular	2127			ctii061	false	ncbi-genbank	98b5083247bea2d5a11f0316478540890c1a4cd66d216c094b6136bad8cb3623				
MH649085	MH649085.1	Anelloviridae sp.		Anelloviridae	Viruses; Floreoviria; Shotokuvirae; Commensaviricota; Cardeaviricetes; Sanitavirales; Anelloviridae	DNA	circular	2280			cteh021	false	ncbi-genbank	4e6cf715aac2a4c0160ae4e91514ee8b12d731f687a28272964d64f7b5d16426				
MH649087	MH649087.1	Anelloviridae sp.		Anelloviridae	Viruses; Floreoviria; Shotokuvirae; Commensaviricota; Cardeaviricetes; Sanitavirales; Anelloviridae	DNA	circular	1702			ctda070	false	ncbi-genbank	06e9d5f32727c6521d4dc12dcc259bb41bf51964a4b2e06e89130ae3c452ca0a				
MH649092	MH649092.1	Anelloviridae sp.		Anelloviridae	Viruses; Floreoviria; Shotokuvirae; Commensaviricota; Cardeaviricetes; Sanitavirales; Anelloviridae	DNA	circular	3686			ctbg012	false	ncbi-genbank	8c02cf1013f5705e865f2c524d2e275707163c3058a00b766472c0fa41ab36b8				
MH649101	MH649101.1	Anelloviridae sp.		Anelloviridae	Viruses; Floreoviria; Shotokuvirae; Commensaviricota; Cardeaviricetes; Sanitavirales; Anelloviridae	DNA	circular	2182			ctif053	false	ncbi-genbank	ce5420c2c6bbd705c4fbc297ef63733ad5925598ef8646970081bedf2411822b				
MH649104	MH649104.1	Anelloviridae sp.		Anelloviridae	Viruses; Floreoviria; Shotokuvirae; Commensaviricota; Cardeaviricetes; Sanitavirales; Anelloviridae	DNA	circular	2858			ctei657	false	ncbi-genbank	b5540cf324e36869bfce38e235bddf3c5c12515ee7ce32f36bedef0290de3c23				
MH649106	MH649106.1	Anelloviridae sp.		Anelloviridae	Viruses; Floreoviria; Shotokuvirae; Commensaviricota; Cardeaviricetes; Sanitavirales; Anelloviridae	DNA	circular	2839			ctca015	false	ncbi-genbank	d33c9662653261fbd8a9d09835603032db50f1a4456bbd1275e6403ec975ff9e				
MH649109	MH649109.1	Anelloviridae sp.		Anelloviridae	Viruses; Floreoviria; Shotokuvirae; Commensaviricota; Cardeaviricetes; Sanitavirales; Anelloviridae	DNA	circular	1996			ctda033	false	ncbi-genbank	ed0dd25c4b3d03ee2e524d5c471a4fabf08f97f63b648eb8147d775f35a16b3b				
MH649113	MH649113.1	Anelloviridae sp.		Anelloviridae	Viruses; Floreoviria; Shotokuvirae; Commensaviricota; Cardeaviricetes; Sanitavirales; Anelloviridae	DNA	circular	1854			ctch068	false	ncbi-genbank	905e149d327ebf4eb18fedf10c0abe35f4fc9fb5eaf92d31e3a848ceaf499761				
MH649122	MH649122.1	Anelloviridae sp.		Anelloviridae	Viruses; Floreoviria; Shotokuvirae; Commensaviricota; Cardeaviricetes; Sanitavirales; Anelloviridae	DNA	circular	3955			ctdc002	false	ncbi-genbank	2e570e423e205e9d51bb7c4c74260e22875ed7cf5c57c34d7677effecc08c877				
MH649125	MH649125.1	Anelloviridae sp.		Anelloviridae	Viruses; Floreoviria; Shotokuvirae; Commensaviricota; Cardeaviricetes; Sanitavirales; Anelloviridae	DNA	circular	2897			ctbb15	false	ncbi-genbank	d761e460b33ab66a3a254a864113687f6d0846aad5ee1be189db3b1743d6ea1d				
MH649127	MH649127.1	Anelloviridae sp.		Anelloviridae	Viruses; Floreoviria; Shotokuvirae; Commensaviricota; Cardeaviricetes; Sanitavirales; Anelloviridae	DNA	circular	3515			ctba013	false	ncbi-genbank	6b24bd90629284cba8ef2508895531899ae6cf197805deb89871467444fc9474				
MH649129	MH649129.1	Anelloviridae sp.		Anelloviridae	Viruses; Floreoviria; Shotokuvirae; Commensaviricota; Cardeaviricetes; Sanitavirales; Anelloviridae	DNA	circular	1911			ctia035	false	ncbi-genbank	1b4edab04daace8a7ac6e4b32c616b0a9e6eca7c17ddd1a8f9c213a924bb07e7				
MH649137	MH649137.1	Anelloviridae sp.		Anelloviridae	Viruses; Floreoviria; Shotokuvirae; Commensaviricota; Cardeaviricetes; Sanitavirales; Anelloviridae	DNA	circular	3696			ctbb000	false	ncbi-genbank	b5a211632523a988f1603e41a66101281b6363433d55a73725055e6e308c8f06				
MH649142	MH649142.1	Anelloviridae sp.		Anelloviridae	Viruses; Floreoviria; Shotokuvirae; Commensaviricota; Cardeaviricetes; Sanitavirales; Anelloviridae	DNA	circular	2467			ctid026	false	ncbi-genbank	d61e073ba33bd2833490a7e2f13c7048f5f52d123bcd695d0d8c8e0f2c133a27				
MH649144	MH649144.1	Anelloviridae sp.		Anelloviridae	Viruses; Floreoviria; Shotokuvirae; Commensaviricota; Cardeaviricetes; Sanitavirales; Anelloviridae	DNA	circular	3624			ctfj004	false	ncbi-genbank	7e297fef1ba3fd00d866888d317cfedb80b0276cac48c3906d1cc30cadcb0b1e				
MH649152	MH649152.1	Anelloviridae sp.		Anelloviridae	Viruses; Floreoviria; Shotokuvirae; Commensaviricota; Cardeaviricetes; Sanitavirales; Anelloviridae	DNA	circular	2848			ctcj13	false	ncbi-genbank	434bb8ecf30e7bf53a5ed65ad22612432eb27da47b5ce4da292e5d614b19ef4c				
MH649156	MH649156.1	Anelloviridae sp.		Anelloviridae	Viruses; Floreoviria; Shotokuvirae; Commensaviricota; Cardeaviricetes; Sanitavirales; Anelloviridae	DNA	circular	3316			ctci006	false	ncbi-genbank	298914a54acb3c516f9f9f1a187026fc0ee7980c5ed666431ef917c0ec020605				
MH649157	MH649157.1	Anelloviridae sp.		Anelloviridae	Viruses; Floreoviria; Shotokuvirae; Commensaviricota; Cardeaviricetes; Sanitavirales; Anelloviridae	DNA	circular	2961			ctbd025	false	ncbi-genbank	706ea3e57a9c38898552269b9dcb0b339d799257d486eb4a2b749064b0ab6196				
MH649158	MH649158.1	Anelloviridae sp.		Anelloviridae	Viruses; Floreoviria; Shotokuvirae; Commensaviricota; Cardeaviricetes; Sanitavirales; Anelloviridae	DNA	circular	3798			ctbf005	false	ncbi-genbank	537545aeb0caaf29bae39550d08ea7212d69157d0ab6564b1c16c2e3e1a64a8f				
MH649161	MH649161.1	Anelloviridae sp.		Anelloviridae	Viruses; Floreoviria; Shotokuvirae; Commensaviricota; Cardeaviricetes; Sanitavirales; Anelloviridae	DNA	circular	2501			ctcf045	false	ncbi-genbank	be48d2c5c4cf28f4ea4b97eda1322fa66d83eff4b4524b2434a632cb08b19237				
MH649165	MH649165.1	Anelloviridae sp.		Anelloviridae	Viruses; Floreoviria; Shotokuvirae; Commensaviricota; Cardeaviricetes; Sanitavirales; Anelloviridae	DNA	circular	2312			ctcc29	false	ncbi-genbank	977f47cffc765699542fbe712bb25f1ef7a415645600d4a208861bfb88ae4eb7				
MH649172	MH649172.1	Anelloviridae sp.		Anelloviridae	Viruses; Floreoviria; Shotokuvirae; Commensaviricota; Cardeaviricetes; Sanitavirales; Anelloviridae	DNA	circular	2255			ctbh857	false	ncbi-genbank	ab20d2ca78345aed717524309667bbb50412b209bf0e786627144710b0eded5c				
MH649174	MH649174.1	Anelloviridae sp.		Anelloviridae	Viruses; Floreoviria; Shotokuvirae; Commensaviricota; Cardeaviricetes; Sanitavirales; Anelloviridae	DNA	circular	2291			ctbj049	false	ncbi-genbank	7b7d891efe9c1259276ee19bf1765f14bd5a8a049d11b02aae647ea6de889622				
MH649178	MH649178.1	Anelloviridae sp.		Anelloviridae	Viruses; Floreoviria; Shotokuvirae; Commensaviricota; Cardeaviricetes; Sanitavirales; Anelloviridae	DNA	circular	3837			ctfc006	false	ncbi-genbank	11b6614831d8b4ff4c3215e76f8053c15fac06a06a6bc79ba8387d884624275e				
MH649183	MH649183.1	Anelloviridae sp.		Anelloviridae	Viruses; Floreoviria; Shotokuvirae; Commensaviricota; Cardeaviricetes; Sanitavirales; Anelloviridae	DNA	circular	2932			ctbb031	false	ncbi-genbank	2c041fb13ec92dc910f4bd635bf3fe3f0f42dd6b2e54b929076a7663cc2cd0cd				
MH649185	MH649185.1	Anelloviridae sp.		Anelloviridae	Viruses; Floreoviria; Shotokuvirae; Commensaviricota; Cardeaviricetes; Sanitavirales; Anelloviridae	DNA	circular	1649			ctcb059	false	ncbi-genbank	237cf7e059d4ca5e729000e2b38805f9dadf68e141b90ebb1aace6aadc3edea1				
MH649186	MH649186.1	Anelloviridae sp.		Anelloviridae	Viruses; Floreoviria; Shotokuvirae; Commensaviricota; Cardeaviricetes; Sanitavirales; Anelloviridae	DNA	circular	2665			ctcb33	false	ncbi-genbank	01f0717ea80a6a73c609476a2f4852e3a165afb5d66f7ee79cf6dbb61cbd9b4a				
MH649189	MH649189.1	Anelloviridae sp.		Anelloviridae	Viruses; Floreoviria; Shotokuvirae; Commensaviricota; Cardeaviricetes; Sanitavirales; Anelloviridae	DNA	circular	2894			ctcc12	false	ncbi-genbank	dd77ded809c12e5319202ec37fefec0b27cca23d992263a9fb4fe3ea8c3eaa1e				
MH649199	MH649199.1	Anelloviridae sp.		Anelloviridae	Viruses; Floreoviria; Shotokuvirae; Commensaviricota; Cardeaviricetes; Sanitavirales; Anelloviridae	DNA	circular	2933			ctbb017	false	ncbi-genbank	b4b79e2405c4ae01dcc161076b07b130a245682c068c4a0eeba7782a9c0ca88d				
MH649204	MH649204.1	Anelloviridae sp.		Anelloviridae	Viruses; Floreoviria; Shotokuvirae; Commensaviricota; Cardeaviricetes; Sanitavirales; Anelloviridae	DNA	circular	2665			ctbj003	false	ncbi-genbank	5ca15713b0c7e7dfd00932f5c73c595faa0b63783fae58cd7fea91a1be83a203				
MH649210	MH649210.1	Anelloviridae sp.		Anelloviridae	Viruses; Floreoviria; Shotokuvirae; Commensaviricota; Cardeaviricetes; Sanitavirales; Anelloviridae	DNA	circular	3965			ctda001	false	ncbi-genbank	8dae10e8694170aaca328b0f37e5d45d044b62c63661da96f2490f3b4e5d3fb1				
MH649212	MH649212.1	Anelloviridae sp.		Anelloviridae	Viruses; Floreoviria; Shotokuvirae; Commensaviricota; Cardeaviricetes; Sanitavirales; Anelloviridae	DNA	circular	2403			ctcf004	false	ncbi-genbank	af3cbe056a17e469e9bf6773a98d960ec18057b3dcda8ad8568311becfa954e2				
MH649217	MH649217.1	Anelloviridae sp.		Anelloviridae	Viruses; Floreoviria; Shotokuvirae; Commensaviricota; Cardeaviricetes; Sanitavirales; Anelloviridae	DNA	circular	2228			ctbe029	false	ncbi-genbank	c05f0cb1bbfa1dd442ceddaecbceedbbbe0776077103b06c91878f56495bf278				
MH649223	MH649223.1	Anelloviridae sp.		Anelloviridae	Viruses; Floreoviria; Shotokuvirae; Commensaviricota; Cardeaviricetes; Sanitavirales; Anelloviridae	DNA	circular	3141			ctci016	false	ncbi-genbank	3f2bc76b7de540fd52620a52984c2395f1bee15a6e4718cb09b8eb5cc4376452				
MH649224	MH649224.1	Anelloviridae sp.		Anelloviridae	Viruses; Floreoviria; Shotokuvirae; Commensaviricota; Cardeaviricetes; Sanitavirales; Anelloviridae	DNA	circular	2891			ctce11	false	ncbi-genbank	53a1601124352a322387cfa0f76ce041e77183cf3a06ca73459c749800cd2f0a				
MH649228	MH649228.1	Anelloviridae sp.		Anelloviridae	Viruses; Floreoviria; Shotokuvirae; Commensaviricota; Cardeaviricetes; Sanitavirales; Anelloviridae	DNA	circular	2980			ctcf013	false	ncbi-genbank	a5ac3a839f151df7a24af9b91d9ee82bd3cd81e92c55169b54b6231b340f0bfd				
MH649229	MH649229.1	Anelloviridae sp.		Anelloviridae	Viruses; Floreoviria; Shotokuvirae; Commensaviricota; Cardeaviricetes; Sanitavirales; Anelloviridae	DNA	circular	2550			ctcb036	false	ncbi-genbank	7a3f7a8261e4d3e34da5921111d1830893791ff37f72e1bd87f88943a1eeaca6				
MH649241	MH649241.1	Anelloviridae sp.		Anelloviridae	Viruses; Floreoviria; Shotokuvirae; Commensaviricota; Cardeaviricetes; Sanitavirales; Anelloviridae	DNA	circular	2709			ctda027	false	ncbi-genbank	095f996c5ef6b29bca27aa348147774d5a0e52ea750767071e0b923b9afd50c3				
MH649242	MH649242.1	Anelloviridae sp.		Anelloviridae	Viruses; Floreoviria; Shotokuvirae; Commensaviricota; Cardeaviricetes; Sanitavirales; Anelloviridae	DNA	circular	3905			ctbf003	false	ncbi-genbank	f641b2a8f7a53e4e4e1348ea5c2b6805bf8109b815ab48687884c9a12f4e1c9c				
MH649254	MH649254.1	Anelloviridae sp.		Anelloviridae	Viruses; Floreoviria; Shotokuvirae; Commensaviricota; Cardeaviricetes; Sanitavirales; Anelloviridae	DNA	circular	2571			ctjb007	false	ncbi-genbank	177a8fb237e72da13011c96071fb8e1f635f966dd1e46f5e67b47b8cc2604e64				
MH649255	MH649255.1	Anelloviridae sp.		Anelloviridae	Viruses; Floreoviria; Shotokuvirae; Commensaviricota; Cardeaviricetes; Sanitavirales; Anelloviridae	DNA	circular	2562			ctbb023	false	ncbi-genbank	50913a0bdcd280410c2e475107ef9e3f01c334e32e6842f73407dce36d272765				
MH649256	MH649256.1	Anelloviridae sp.		Anelloviridae	Viruses; Floreoviria; Shotokuvirae; Commensaviricota; Cardeaviricetes; Sanitavirales; Anelloviridae	DNA	circular	3904			ctca002	false	ncbi-genbank	57ec464c2c63a7bfd10dc858ee5a69ae7b65aa11ed9c77363c0621c9e13063ce				
MH649258	MH649258.1	Anelloviridae sp.		Anelloviridae	Viruses; Floreoviria; Shotokuvirae; Commensaviricota; Cardeaviricetes; Sanitavirales; Anelloviridae	DNA	circular	3168			ctcg010	false	ncbi-genbank	5e5ddc25183b5b781fac3dffb44b1f2dbea3bd788ffbc3d472f877861b9dd6e7				
MH649263	MH649263.1	Anelloviridae sp.		Anelloviridae	Viruses; Floreoviria; Shotokuvirae; Commensaviricota; Cardeaviricetes; Sanitavirales; Anelloviridae	DNA	circular	2845			ctgh3	false	ncbi-genbank	059e4f8862b5cf62a6b66907a48b35dabf60d324c04515dcf7308df580ae74de				
MT157223	MT157223.1	Anelloviridae sp.		Anelloviridae	Viruses; Floreoviria; Shotokuvirae; Commensaviricota; Cardeaviricetes; Sanitavirales; Anelloviridae	DNA	linear	2875		Homo sapiens; newborn	anel-ch-zj	false	ncbi-genbank	600257d9c4d00649fbb077800483b15b4413deb06e9c5471b8b97bba58620d10				
MW455346	MW455346.1	Anelloviridae sp.		Anelloviridae	Viruses; Floreoviria; Shotokuvirae; Commensaviricota; Cardeaviricetes; Sanitavirales; Anelloviridae	DNA	circular	3569		Homo sapiens	P1-c2	false	ncbi-genbank	d0a6f188af266ec0de20c74f3b2bf0bdff722c740185a13d19e0a254ddde3056				
MW455347	MW455347.1	Anelloviridae sp.		Anelloviridae	Viruses; Floreoviria; Shotokuvirae; Commensaviricota; Cardeaviricetes; Sanitavirales; Anelloviridae	DNA	circular	3487		Homo sapiens	P1-c3	false	ncbi-genbank	651cc5ac566c888120bfdc63c41fed7d52b5215996faba224309509e4a860fee				
MW455348	MW455348.1	Anelloviridae sp.		Anelloviridae	Viruses; Floreoviria; Shotokuvirae; Commensaviricota; Cardeaviricetes; Sanitavirales; Anelloviridae	DNA	circular	3243		Homo sapiens	P1-c4	false	ncbi-genbank	8bdb9bb625fdbbd72de502857ae395647f9220d9d80f675c1f0cdbe8c40c5bbe				
MW455349	MW455349.1	Anelloviridae sp.		Anelloviridae	Viruses; Floreoviria; Shotokuvirae; Commensaviricota; Cardeaviricetes; Sanitavirales; Anelloviridae	DNA	circular	3154		Homo sapiens	P1-c5	false	ncbi-genbank	995e441a42df789554a7bd25d1eb632e1f1ad197fcb4ffe02a33e7c6b0619d84				
MW455351	MW455351.1	Anelloviridae sp.		Anelloviridae	Viruses; Floreoviria; Shotokuvirae; Commensaviricota; Cardeaviricetes; Sanitavirales; Anelloviridae	DNA	circular	3108		Homo sapiens	P1-c7	false	ncbi-genbank	00888dc631535d594cfbfc55fa00f860b023a945b07f7befe131cd11fbbac30e				
MW455352	MW455352.1	Anelloviridae sp.		Anelloviridae	Viruses; Floreoviria; Shotokuvirae; Commensaviricota; Cardeaviricetes; Sanitavirales; Anelloviridae	DNA	circular	3091		Homo sapiens	P1-c8	false	ncbi-genbank	1ba6ab469bd3af26643c706063085ddcc01cb748dc08291980123744a401708b				
MW455354	MW455354.1	Anelloviridae sp.		Anelloviridae	Viruses; Floreoviria; Shotokuvirae; Commensaviricota; Cardeaviricetes; Sanitavirales; Anelloviridae	DNA	circular	2894		Homo sapiens	P1-c12	false	ncbi-genbank	1919939c3d5cd4f45726e54641dd704e7c5bb5dd54c3eb3bc6f57c7fd2aafb1f				
MW455358	MW455358.1	Anelloviridae sp.		Anelloviridae	Viruses; Floreoviria; Shotokuvirae; Commensaviricota; Cardeaviricetes; Sanitavirales; Anelloviridae	DNA	circular	2853		Homo sapiens	P1-c16	false	ncbi-genbank	baa2a0474ee56bc38631f7be0e024fda86b46bda57a3469c6a05d44bdc0e83a8				
MW455359	MW455359.1	Anelloviridae sp.		Anelloviridae	Viruses; Floreoviria; Shotokuvirae; Commensaviricota; Cardeaviricetes; Sanitavirales; Anelloviridae	DNA	circular	2926		Homo sapiens	P1-c17	false	ncbi-genbank	3b2fb057666b17a18282743e7351b752cef04916d36364d5a4141e977aad1625				
MW455361	MW455361.1	Anelloviridae sp.		Anelloviridae	Viruses; Floreoviria; Shotokuvirae; Commensaviricota; Cardeaviricetes; Sanitavirales; Anelloviridae	DNA	circular	2555		Homo sapiens	P1-c19	false	ncbi-genbank	c9b84ac266f7b568c62cbbd07a415d74a4e5ea950834d11266538ea1a23af7da				
MW455362	MW455362.1	Anelloviridae sp.		Anelloviridae	Viruses; Floreoviria; Shotokuvirae; Commensaviricota; Cardeaviricetes; Sanitavirales; Anelloviridae	DNA	circular	3092		Homo sapiens	P1-c23	false	ncbi-genbank	c8b6132d32dc2df931ad9d2a9ffbe83fe85524318c027536c8c6e975009285ec				
MW455363	MW455363.1	Anelloviridae sp.		Anelloviridae	Viruses; Floreoviria; Shotokuvirae; Commensaviricota; Cardeaviricetes; Sanitavirales; Anelloviridae	DNA	circular	2912		Homo sapiens	P1-c24	false	ncbi-genbank	941257355a25450a50a5ae9974789c428613c9b6eb34deeb7d02017df8d76412				
MW455364	MW455364.1	Anelloviridae sp.		Anelloviridae	Viruses; Floreoviria; Shotokuvirae; Commensaviricota; Cardeaviricetes; Sanitavirales; Anelloviridae	DNA	circular	2897		Homo sapiens	P1-c25	false	ncbi-genbank	dd924fb3c1a47138234f78d63ab1ecb74dc8ce94fff77ddaeb4f3597628d6151				
MW455365	MW455365.1	Anelloviridae sp.		Anelloviridae	Viruses; Floreoviria; Shotokuvirae; Commensaviricota; Cardeaviricetes; Sanitavirales; Anelloviridae	DNA	circular	2576		Homo sapiens	P1-c26	false	ncbi-genbank	8c3576593f47606a9cb1049e9b01ee63585ed9bab3c7e098873aaa080bae504e				
MW455368	MW455368.1	Anelloviridae sp.		Anelloviridae	Viruses; Floreoviria; Shotokuvirae; Commensaviricota; Cardeaviricetes; Sanitavirales; Anelloviridae	DNA	circular	3169		Homo sapiens	P2-c3	false	ncbi-genbank	907eeaaa77850cbca4f7cff2f83b503459099417816d7aa0416824512a311d13				
MW455369	MW455369.1	Anelloviridae sp.		Anelloviridae	Viruses; Floreoviria; Shotokuvirae; Commensaviricota; Cardeaviricetes; Sanitavirales; Anelloviridae	DNA	circular	3074		Homo sapiens	P2-c4	false	ncbi-genbank	4dd87d89206451fa17cf645a2f7d352b77625c35768dfbd2ccac09d9f9e7eed8				
MW455373	MW455373.1	Anelloviridae sp.		Anelloviridae	Viruses; Floreoviria; Shotokuvirae; Commensaviricota; Cardeaviricetes; Sanitavirales; Anelloviridae	DNA	circular	2567		Homo sapiens	P2-c8	false	ncbi-genbank	3c5307495662cd89e7fe6e3d67e99c3058635c4048e19f8fbfd8393d86afe4ba				
MW455375	MW455375.1	Anelloviridae sp.		Anelloviridae	Viruses; Floreoviria; Shotokuvirae; Commensaviricota; Cardeaviricetes; Sanitavirales; Anelloviridae	DNA	circular	3125		Homo sapiens	P3-c2	false	ncbi-genbank	8c520670ecc7bed9674f0f38120732fd50c0575c87a71b1ea6b0096e9f5f6051				
MW455378	MW455378.1	Anelloviridae sp.		Anelloviridae	Viruses; Floreoviria; Shotokuvirae; Commensaviricota; Cardeaviricetes; Sanitavirales; Anelloviridae	DNA	circular	2796		Homo sapiens	P3-c5	false	ncbi-genbank	48c467ff127252566d5b454c099b0534e24487b192e68fa8dfe7419824c6eabb				
MW455380	MW455380.1	Anelloviridae sp.		Anelloviridae	Viruses; Floreoviria; Shotokuvirae; Commensaviricota; Cardeaviricetes; Sanitavirales; Anelloviridae	DNA	circular	3215		Homo sapiens	P3-c7	false	ncbi-genbank	9626586e732af8742c1ed06c8458561de5f7d9bc2cf0e50e8407ba0f76e7e0b5				
MW455381	MW455381.1	Anelloviridae sp.		Anelloviridae	Viruses; Floreoviria; Shotokuvirae; Commensaviricota; Cardeaviricetes; Sanitavirales; Anelloviridae	DNA	circular	2989		Homo sapiens	P3-c8	false	ncbi-genbank	29bbae60d47b8e2cd614282c6a7b6738953052c84ef50af7cbd6c73a02d9c3f2				
MW455382	MW455382.1	Anelloviridae sp.		Anelloviridae	Viruses; Floreoviria; Shotokuvirae; Commensaviricota; Cardeaviricetes; Sanitavirales; Anelloviridae	DNA	circular	2810		Homo sapiens	P3-c9	false	ncbi-genbank	75e5c5f83e59b858257b29baeefbd938572cc0bda8ced2826bef800ac21a4e44				
MW455383	MW455383.1	Anelloviridae sp.		Anelloviridae	Viruses; Floreoviria; Shotokuvirae; Commensaviricota; Cardeaviricetes; Sanitavirales; Anelloviridae	DNA	circular	3709		Homo sapiens	P4-c1	false	ncbi-genbank	e7697a8b7772bf1ae56c9f3f8858d9f0581a8df534efb120d4019a66c3c57ba3				
MW455384	MW455384.1	Anelloviridae sp.		Anelloviridae	Viruses; Floreoviria; Shotokuvirae; Commensaviricota; Cardeaviricetes; Sanitavirales; Anelloviridae	DNA	circular	2968		Homo sapiens	P4-c2	false	ncbi-genbank	43f842717cc918de2467f917cdcb5325a690e5a7acf15cbf7c4f225df8464235				
MW455385	MW455385.1	Anelloviridae sp.		Anelloviridae	Viruses; Floreoviria; Shotokuvirae; Commensaviricota; Cardeaviricetes; Sanitavirales; Anelloviridae	DNA	circular	2865		Homo sapiens	P4-c3	false	ncbi-genbank	4a715d43b954f584b5c7be4670b510c423edb51cff7bdc8930231b7ba8fe71ef				
MW455386	MW455386.1	Anelloviridae sp.		Anelloviridae	Viruses; Floreoviria; Shotokuvirae; Commensaviricota; Cardeaviricetes; Sanitavirales; Anelloviridae	DNA	circular	2777		Homo sapiens	P4-c4	false	ncbi-genbank	fc84c02c3eb66841a7ba7a6860e7328864f682b9168df239263e0fcd9f9f258b				
MW455387	MW455387.1	Anelloviridae sp.		Anelloviridae	Viruses; Floreoviria; Shotokuvirae; Commensaviricota; Cardeaviricetes; Sanitavirales; Anelloviridae	DNA	circular	3235		Homo sapiens	P5-c1	false	ncbi-genbank	14d2331e9a4e216e87fd625e2d6a7ed890c8c4717e42094124f4d7db9078dcdd				
MW455388	MW455388.1	Anelloviridae sp.		Anelloviridae	Viruses; Floreoviria; Shotokuvirae; Commensaviricota; Cardeaviricetes; Sanitavirales; Anelloviridae	DNA	circular	2241		Homo sapiens	P5-c2	false	ncbi-genbank	61697dfbf3918ae68a6bb0175327360b75ddb3dd0324eb110c04b3c83907dccc				
MW455389	MW455389.1	Anelloviridae sp.		Anelloviridae	Viruses; Floreoviria; Shotokuvirae; Commensaviricota; Cardeaviricetes; Sanitavirales; Anelloviridae	DNA	circular	3826		Homo sapiens	P6-c1	false	ncbi-genbank	3ca2cc25e7765935f8ecd0c338874c1be13fc631faacfd37c9799f86dd71a65c				
MW455390	MW455390.1	Anelloviridae sp.		Anelloviridae	Viruses; Floreoviria; Shotokuvirae; Commensaviricota; Cardeaviricetes; Sanitavirales; Anelloviridae	DNA	circular	3135		Homo sapiens	P6-c2	false	ncbi-genbank	2a14438a68d9fec4464af75b6275f6e6101eacc4e4cc2f589f31d14bb7035b3e				
MW455391	MW455391.1	Anelloviridae sp.		Anelloviridae	Viruses; Floreoviria; Shotokuvirae; Commensaviricota; Cardeaviricetes; Sanitavirales; Anelloviridae	DNA	circular	2839		Homo sapiens	P6-c3	false	ncbi-genbank	cfe662c2a4881d69a9088fff958b63354a46c04938760ca934aed45d55152b1c				
MW455392	MW455392.1	Anelloviridae sp.		Anelloviridae	Viruses; Floreoviria; Shotokuvirae; Commensaviricota; Cardeaviricetes; Sanitavirales; Anelloviridae	DNA	circular	3328		Homo sapiens	P7-c1	false	ncbi-genbank	36cba1c72d516264a44f4701d0daca4b3c102f890ed3e144cdb68e1adc8bb40c				
MW455393	MW455393.1	Anelloviridae sp.		Anelloviridae	Viruses; Floreoviria; Shotokuvirae; Commensaviricota; Cardeaviricetes; Sanitavirales; Anelloviridae	DNA	circular	3280		Homo sapiens	P7-c2	false	ncbi-genbank	9858764eb951f5e8919ce8a93b3812bcbf674a1ca3413abcf2ee07790d8d4b15				
MW455394	MW455394.1	Anelloviridae sp.		Anelloviridae	Viruses; Floreoviria; Shotokuvirae; Commensaviricota; Cardeaviricetes; Sanitavirales; Anelloviridae	DNA	circular	3268		Homo sapiens	P7-c3	false	ncbi-genbank	0e4f2e84323afb4f44e7d66d223f75ffda704b6e506d46f0bba8237a02253916				
MW455395	MW455395.1	Anelloviridae sp.		Anelloviridae	Viruses; Floreoviria; Shotokuvirae; Commensaviricota; Cardeaviricetes; Sanitavirales; Anelloviridae	DNA	circular	3243		Homo sapiens	P7-c4	false	ncbi-genbank	14dde6c6244ba999c977506036c4af5cd3d24f1c3aff37a1c4dbfbb496ce58fd				
MW455397	MW455397.1	Anelloviridae sp.		Anelloviridae	Viruses; Floreoviria; Shotokuvirae; Commensaviricota; Cardeaviricetes; Sanitavirales; Anelloviridae	DNA	circular	3065		Homo sapiens	P7-c6	false	ncbi-genbank	6f0464963da7c125d3b7bb769edceec2fa5baee09aacb450ce64a0ed2fb6fee5				
MW455398	MW455398.1	Anelloviridae sp.		Anelloviridae	Viruses; Floreoviria; Shotokuvirae; Commensaviricota; Cardeaviricetes; Sanitavirales; Anelloviridae	DNA	circular	3042		Homo sapiens	P7-c7	false	ncbi-genbank	5ecdcf737310dcafeef4a0dec2b2eee985e969101c6318b20ef1a409813239c4				
MW455399	MW455399.1	Anelloviridae sp.		Anelloviridae	Viruses; Floreoviria; Shotokuvirae; Commensaviricota; Cardeaviricetes; Sanitavirales; Anelloviridae	DNA	circular	2987		Homo sapiens	P7-c8	false	ncbi-genbank	59be7745aa01271b5a96d4db0f53c571edf980b5a829e45b93f4f708aaef2ead				
MW455400	MW455400.1	Anelloviridae sp.		Anelloviridae	Viruses; Floreoviria; Shotokuvirae; Commensaviricota; Cardeaviricetes; Sanitavirales; Anelloviridae	DNA	circular	2958		Homo sapiens	P7-c9	false	ncbi-genbank	22a646b881f57333875e1f775d00e613da647347bd44cfffefc475141661baac				
MW455401	MW455401.1	Anelloviridae sp.		Anelloviridae	Viruses; Floreoviria; Shotokuvirae; Commensaviricota; Cardeaviricetes; Sanitavirales; Anelloviridae	DNA	circular	2950		Homo sapiens	P7-c10	false	ncbi-genbank	ccfaf5ecb22e6e01bb6793657b544e4408a738c584e8fcfbc8054f716d7321b2				
MW455402	MW455402.1	Anelloviridae sp.		Anelloviridae	Viruses; Floreoviria; Shotokuvirae; Commensaviricota; Cardeaviricetes; Sanitavirales; Anelloviridae	DNA	circular	2854		Homo sapiens	P7-c12	false	ncbi-genbank	14e4a8f60ca951857a716e944f5675fd4860962505be424bb70173bca382d4fb				
MW455403	MW455403.1	Anelloviridae sp.		Anelloviridae	Viruses; Floreoviria; Shotokuvirae; Commensaviricota; Cardeaviricetes; Sanitavirales; Anelloviridae	DNA	circular	2785		Homo sapiens	P7-c14	false	ncbi-genbank	c93bc5d4c66b6843976cfc23a8296acba87787ea2ffacf579c92397ffa57ff38				
MW455405	MW455405.1	Anelloviridae sp.		Anelloviridae	Viruses; Floreoviria; Shotokuvirae; Commensaviricota; Cardeaviricetes; Sanitavirales; Anelloviridae	DNA	circular	2606		Homo sapiens	P7-c17	false	ncbi-genbank	02bcabc7b293da5c8d6dea26c4ed3a83721b64c4e72c00f31e6b2241d9c584e9				
MW455406	MW455406.1	Anelloviridae sp.		Anelloviridae	Viruses; Floreoviria; Shotokuvirae; Commensaviricota; Cardeaviricetes; Sanitavirales; Anelloviridae	DNA	circular	2557		Homo sapiens	P7-c18	false	ncbi-genbank	d854820daa6efbb6f79dafaaf4c4db08ec402df1cd95f506d8be664408640f02				
MW455407	MW455407.1	Anelloviridae sp.		Anelloviridae	Viruses; Floreoviria; Shotokuvirae; Commensaviricota; Cardeaviricetes; Sanitavirales; Anelloviridae	DNA	circular	2550		Homo sapiens	P7-c19	false	ncbi-genbank	d408a4913b1580b33ed50b991a5faa6b64fddea6e95a9eb6f6a68fdcc67e0649				
MW455408	MW455408.1	Anelloviridae sp.		Anelloviridae	Viruses; Floreoviria; Shotokuvirae; Commensaviricota; Cardeaviricetes; Sanitavirales; Anelloviridae	DNA	circular	2098		Homo sapiens	P7-c20	false	ncbi-genbank	bb3944e92406f128092492a06de57624417cafbff5b359644b022a14a10ac47d				
MW455409	MW455409.1	Anelloviridae sp.		Anelloviridae	Viruses; Floreoviria; Shotokuvirae; Commensaviricota; Cardeaviricetes; Sanitavirales; Anelloviridae	DNA	circular	2866		Homo sapiens	P7-c21	false	ncbi-genbank	dd1861ec3d39719c48cdc94d0f54b537f989f8fac963de68a7621e5b2ee93cac				
MW455410	MW455410.1	Anelloviridae sp.		Anelloviridae	Viruses; Floreoviria; Shotokuvirae; Commensaviricota; Cardeaviricetes; Sanitavirales; Anelloviridae	DNA	circular	2915		Homo sapiens	P7-c22	false	ncbi-genbank	abd4612f7125c382c1e64f8783db1f46154d1c43fa41c1c3305ee093e172d31f				
MW455411	MW455411.1	Anelloviridae sp.		Anelloviridae	Viruses; Floreoviria; Shotokuvirae; Commensaviricota; Cardeaviricetes; Sanitavirales; Anelloviridae	DNA	circular	2837		Homo sapiens	P7-c23	false	ncbi-genbank	f9552c208d8a09c437ac10fa70013ffae6d4daf20eb847d9914feab92ad4b146				
MW455413	MW455413.1	Anelloviridae sp.		Anelloviridae	Viruses; Floreoviria; Shotokuvirae; Commensaviricota; Cardeaviricetes; Sanitavirales; Anelloviridae	DNA	circular	2565		Homo sapiens	P7-c25	false	ncbi-genbank	0e31977a70e7bba51c41fc5ea02c6ac878e3518933c6e439bb1e44dd69444d4e				
MW455414	MW455414.1	Anelloviridae sp.		Anelloviridae	Viruses; Floreoviria; Shotokuvirae; Commensaviricota; Cardeaviricetes; Sanitavirales; Anelloviridae	DNA	circular	3215		Homo sapiens	P8-c1	false	ncbi-genbank	73ff6c43fe988a4ab703126fffc43e23dea4298b3c8bbab3dbb245230d8c4fd1				
MW455416	MW455416.1	Anelloviridae sp.		Anelloviridae	Viruses; Floreoviria; Shotokuvirae; Commensaviricota; Cardeaviricetes; Sanitavirales; Anelloviridae	DNA	circular	3181		Homo sapiens	P8-c3	false	ncbi-genbank	647f14b9e2e2713be6568b645db923963ef8a155e318f794c3769f341f5d38b5				
MW455417	MW455417.1	Anelloviridae sp.		Anelloviridae	Viruses; Floreoviria; Shotokuvirae; Commensaviricota; Cardeaviricetes; Sanitavirales; Anelloviridae	DNA	circular	3134		Homo sapiens	P8-c4	false	ncbi-genbank	0261837b23a45e4802def46f14acd1c455039416b6d98892f619bb38b7c2950f				
MW455419	MW455419.1	Anelloviridae sp.		Anelloviridae	Viruses; Floreoviria; Shotokuvirae; Commensaviricota; Cardeaviricetes; Sanitavirales; Anelloviridae	DNA	circular	2988		Homo sapiens	P8-c6	false	ncbi-genbank	63f4af31e4d0849fc4924d04b43515dd9c76bf2a4381e0f22a82573c5c64afe7				
MW455420	MW455420.1	Anelloviridae sp.		Anelloviridae	Viruses; Floreoviria; Shotokuvirae; Commensaviricota; Cardeaviricetes; Sanitavirales; Anelloviridae	DNA	circular	3013		Homo sapiens	P8-c8	false	ncbi-genbank	b24ab17ced8ecddf51db20b8caef0a5713e3482994de5778e2f36d3d3aacb590				
MW455421	MW455421.1	Anelloviridae sp.		Anelloviridae	Viruses; Floreoviria; Shotokuvirae; Commensaviricota; Cardeaviricetes; Sanitavirales; Anelloviridae	DNA	circular	3000		Homo sapiens	P8-c9	false	ncbi-genbank	f313ed46e5eaa1226e20f0eac9a0f1654d57a0cad0cf53f6ad738e1bae1d59c1				
MW455422	MW455422.1	Anelloviridae sp.		Anelloviridae	Viruses; Floreoviria; Shotokuvirae; Commensaviricota; Cardeaviricetes; Sanitavirales; Anelloviridae	DNA	circular	2988		Homo sapiens	P8-c10	false	ncbi-genbank	8f64876e4635f7d5c3a5beae2e790c68753fee2c5029ff054860e8a882cbbbf2				
MW455423	MW455423.1	Anelloviridae sp.		Anelloviridae	Viruses; Floreoviria; Shotokuvirae; Commensaviricota; Cardeaviricetes; Sanitavirales; Anelloviridae	DNA	circular	2927		Homo sapiens	P8-c13	false	ncbi-genbank	2f8161945be0ceb1101ab54fffbaa424d8f39944ea9c306baeb66ae301275dcb				
MW455425	MW455425.1	Anelloviridae sp.		Anelloviridae	Viruses; Floreoviria; Shotokuvirae; Commensaviricota; Cardeaviricetes; Sanitavirales; Anelloviridae	DNA	circular	2810		Homo sapiens	P8-c17	false	ncbi-genbank	5be1050b429de65cd1dd5e34e2ac75c2a6430c36c96da68720f996360eea487d				
MW455426	MW455426.1	Anelloviridae sp.		Anelloviridae	Viruses; Floreoviria; Shotokuvirae; Commensaviricota; Cardeaviricetes; Sanitavirales; Anelloviridae	DNA	circular	2546		Homo sapiens	P8-c18	false	ncbi-genbank	206f3d40f15cf910d04ab29943cd4f48227738fdc4691bc2dbd2f039f9c41e66				
MW455427	MW455427.1	Anelloviridae sp.		Anelloviridae	Viruses; Floreoviria; Shotokuvirae; Commensaviricota; Cardeaviricetes; Sanitavirales; Anelloviridae	DNA	circular	2947		Homo sapiens	P8-c22	false	ncbi-genbank	97e64c48d80ee9becf8d5022d6dad697f3895583d431176ee5fde03e7fb88975				
MW455428	MW455428.1	Anelloviridae sp.		Anelloviridae	Viruses; Floreoviria; Shotokuvirae; Commensaviricota; Cardeaviricetes; Sanitavirales; Anelloviridae	DNA	circular	2860		Homo sapiens	P8-c23	false	ncbi-genbank	e2236febd872d8988141656c97f0881cd5fc8c5e0a13cad63739e47a64618279				
MW455429	MW455429.1	Anelloviridae sp.		Anelloviridae	Viruses; Floreoviria; Shotokuvirae; Commensaviricota; Cardeaviricetes; Sanitavirales; Anelloviridae	DNA	circular	2851		Homo sapiens	P8-c24	false	ncbi-genbank	e26144eb54f6e87e15f6a87f3383ea2688760695aa26499beddf8d36920701a6				
MW455430	MW455430.1	Anelloviridae sp.		Anelloviridae	Viruses; Floreoviria; Shotokuvirae; Commensaviricota; Cardeaviricetes; Sanitavirales; Anelloviridae	DNA	circular	2848		Homo sapiens	P8-c25	false	ncbi-genbank	e19ddfbd053cd6dbb6c796e0a3687b3046305e40fd272d7bc52d07bd8bad7421				
MW455431	MW455431.1	Anelloviridae sp.		Anelloviridae	Viruses; Floreoviria; Shotokuvirae; Commensaviricota; Cardeaviricetes; Sanitavirales; Anelloviridae	DNA	circular	2824		Homo sapiens	P8-c26	false	ncbi-genbank	40d191f2dbbce2f39b0976df09b0d133197d9bfbc39c17018232f1ca74fde784				
MW455432	MW455432.1	Anelloviridae sp.		Anelloviridae	Viruses; Floreoviria; Shotokuvirae; Commensaviricota; Cardeaviricetes; Sanitavirales; Anelloviridae	DNA	circular	3763		Homo sapiens	P9-c1	false	ncbi-genbank	9d934aa01c647ef89bf1c289c93eb243c712c30f908b192f882316156acbd2e7				
MW455434	MW455434.1	Anelloviridae sp.		Anelloviridae	Viruses; Floreoviria; Shotokuvirae; Commensaviricota; Cardeaviricetes; Sanitavirales; Anelloviridae	DNA	circular	3057		Homo sapiens	P9-c3	false	ncbi-genbank	84e5dc983311073b5c20f096cf676c13c17bd955330e9c8f0f37e452e0e8bc21				
MW455435	MW455435.1	Anelloviridae sp.		Anelloviridae	Viruses; Floreoviria; Shotokuvirae; Commensaviricota; Cardeaviricetes; Sanitavirales; Anelloviridae	DNA	circular	2996		Homo sapiens	P9-c4	false	ncbi-genbank	21736cd3d0b897148896cfc117f242f2540249e5332b7076dbecd212311e1b6e				
MW455436	MW455436.1	Anelloviridae sp.		Anelloviridae	Viruses; Floreoviria; Shotokuvirae; Commensaviricota; Cardeaviricetes; Sanitavirales; Anelloviridae	DNA	circular	2476		Homo sapiens	P9-c5	false	ncbi-genbank	30be08cd33c88576d77450fdd86e47e6873d51d7a5b26dbe901b42d7dfec2cb4				
MW455438	MW455438.1	Anelloviridae sp.		Anelloviridae	Viruses; Floreoviria; Shotokuvirae; Commensaviricota; Cardeaviricetes; Sanitavirales; Anelloviridae	DNA	circular	3717		Homo sapiens	P10-c2	false	ncbi-genbank	cf23d1449d90a825b4a0cfa9878a127b87e85b59647c4688d64738ff13f3679f				
MW455439	MW455439.1	Anelloviridae sp.		Anelloviridae	Viruses; Floreoviria; Shotokuvirae; Commensaviricota; Cardeaviricetes; Sanitavirales; Anelloviridae	DNA	circular	3655		Homo sapiens	P10-c3	false	ncbi-genbank	60722542c15dedbed88f29fbf82358f8fa91824f359d28ff464d8493a504d33c				
MW455440	MW455440.1	Anelloviridae sp.		Anelloviridae	Viruses; Floreoviria; Shotokuvirae; Commensaviricota; Cardeaviricetes; Sanitavirales; Anelloviridae	DNA	circular	3195		Homo sapiens	P10-c4	false	ncbi-genbank	2582823bc344f4346373e578e6748eef031e3ac1f2ad7220eb9faecc631f0507				
MW455442	MW455442.1	Anelloviridae sp.		Anelloviridae	Viruses; Floreoviria; Shotokuvirae; Commensaviricota; Cardeaviricetes; Sanitavirales; Anelloviridae	DNA	circular	2961		Homo sapiens	P10-c6	false	ncbi-genbank	29a2e40478d12e7f18042d5fe0b2fe0c9cda24a5e70edc9b7053e180ae1bde50				
MW455444	MW455444.1	Anelloviridae sp.		Anelloviridae	Viruses; Floreoviria; Shotokuvirae; Commensaviricota; Cardeaviricetes; Sanitavirales; Anelloviridae	DNA	circular	2925		Homo sapiens	P10-c8	false	ncbi-genbank	92b36881a8d6e68cf40418ec481b3369e66ded9602306e5c8c488c259cf4bf09				
MW455445	MW455445.1	Anelloviridae sp.		Anelloviridae	Viruses; Floreoviria; Shotokuvirae; Commensaviricota; Cardeaviricetes; Sanitavirales; Anelloviridae	DNA	circular	2874		Homo sapiens	P10-c9	false	ncbi-genbank	df8b82cab95227ede3ac25ca0e9b33392d2b445d964b34d485b62b5525208687				
MW455446	MW455446.1	Anelloviridae sp.		Anelloviridae	Viruses; Floreoviria; Shotokuvirae; Commensaviricota; Cardeaviricetes; Sanitavirales; Anelloviridae	DNA	circular	3160		Homo sapiens	P11-c1	false	ncbi-genbank	0b012d9c6a989dc973bab9cb479f0d6309fc214dd8d275b58a52045710b0b1d9				
MW455448	MW455448.1	Anelloviridae sp.		Anelloviridae	Viruses; Floreoviria; Shotokuvirae; Commensaviricota; Cardeaviricetes; Sanitavirales; Anelloviridae	DNA	circular	3741		Homo sapiens	P12-c1	false	ncbi-genbank	069c2ac6d3b8f41f7d57024cd656d9110b51cb5c4cae083aca93deb4b02c244c				
MW455450	MW455450.1	Anelloviridae sp.		Anelloviridae	Viruses; Floreoviria; Shotokuvirae; Commensaviricota; Cardeaviricetes; Sanitavirales; Anelloviridae	DNA	circular	2568		Homo sapiens	P12-c3	false	ncbi-genbank	7c54e374d164c2dcba752aa44d4bf5f866baab28f26ffe02af442c07a7dcce91				
MZ285962	MZ285962.1	Anelloviridae sp.		Anelloviridae	Viruses; Floreoviria; Shotokuvirae; Commensaviricota; Cardeaviricetes; Sanitavirales; Anelloviridae	DNA	linear	3223		Homo sapiens	SP1_C1	false	ncbi-genbank	82fb9e6bc177bbdc1dd90dea08b0b32e53afdea9bde6a7b83c1bb90768cb2750				
MZ285963	MZ285963.1	Anelloviridae sp.		Anelloviridae	Viruses; Floreoviria; Shotokuvirae; Commensaviricota; Cardeaviricetes; Sanitavirales; Anelloviridae	DNA	linear	2961		Homo sapiens	SP1_C3	false	ncbi-genbank	9bdbd586d9a6588a72e3df9c6ad5b3e9f0bb0329275380c783f7dee6ca7eaec8				
MZ285964	MZ285964.1	Anelloviridae sp.		Anelloviridae	Viruses; Floreoviria; Shotokuvirae; Commensaviricota; Cardeaviricetes; Sanitavirales; Anelloviridae	DNA	linear	2930		Homo sapiens	SP1_C4	false	ncbi-genbank	50398a3cf9ea9e85fd6202cc2270fc10cbdd6343ae8591872e215f7ee5b976c1				
MZ285969	MZ285969.1	Anelloviridae sp.		Anelloviridae	Viruses; Floreoviria; Shotokuvirae; Commensaviricota; Cardeaviricetes; Sanitavirales; Anelloviridae	DNA	linear	3668		Homo sapiens	SP2_C2	false	ncbi-genbank	7631b757cfeae26422a8d7093748b79202bedda4f2198a24061a3b114aa2805b				
MZ285971	MZ285971.1	Anelloviridae sp.		Anelloviridae	Viruses; Floreoviria; Shotokuvirae; Commensaviricota; Cardeaviricetes; Sanitavirales; Anelloviridae	DNA	linear	2988		Homo sapiens	SP2_C4	false	ncbi-genbank	929dab1c87461d5784c14b89e9ef683e04dee68eb764a606ef87c17475085905				
MZ285973	MZ285973.1	Anelloviridae sp.		Anelloviridae	Viruses; Floreoviria; Shotokuvirae; Commensaviricota; Cardeaviricetes; Sanitavirales; Anelloviridae	DNA	linear	3195		Homo sapiens	SP3_C1	false	ncbi-genbank	c9287165fa4de8741fdba1b21ad5cf8f60fe4b4138a427f5c4582815f5747f8d				
MZ285976	MZ285976.1	Anelloviridae sp.		Anelloviridae	Viruses; Floreoviria; Shotokuvirae; Commensaviricota; Cardeaviricetes; Sanitavirales; Anelloviridae	DNA	linear	3012		Homo sapiens	SP3_C4	false	ncbi-genbank	9f30c9dd53eeed89461a5fd59ee9ebb778d7ba2fb7c655773397ee9b6b7a4596				
MZ285978	MZ285978.1	Anelloviridae sp.		Anelloviridae	Viruses; Floreoviria; Shotokuvirae; Commensaviricota; Cardeaviricetes; Sanitavirales; Anelloviridae	DNA	linear	2976		Homo sapiens	SP3_C6	false	ncbi-genbank	6d1de9241fab89bf1052fcf5eb73342918921a03187f810d8a5d41fee1b6d461				
MZ285979	MZ285979.1	Anelloviridae sp.		Anelloviridae	Viruses; Floreoviria; Shotokuvirae; Commensaviricota; Cardeaviricetes; Sanitavirales; Anelloviridae	DNA	linear	2972		Homo sapiens	SP3_C7	false	ncbi-genbank	7f4d3220abcf7ab1bdda7eed0ee453ce7b48951cdeb4be761fbcf4fb0e25867c				
MZ285982	MZ285982.1	Anelloviridae sp.		Anelloviridae	Viruses; Floreoviria; Shotokuvirae; Commensaviricota; Cardeaviricetes; Sanitavirales; Anelloviridae	DNA	linear	2943		Homo sapiens	SP3_C10	false	ncbi-genbank	c8d055e5fc6518fdaf2b38652e69b743f709d7322ef676fc2bf84d171fbdbcad				
MZ285983	MZ285983.1	Anelloviridae sp.		Anelloviridae	Viruses; Floreoviria; Shotokuvirae; Commensaviricota; Cardeaviricetes; Sanitavirales; Anelloviridae	DNA	linear	2904		Homo sapiens	SP3_C11	false	ncbi-genbank	f8809972369574f48b3b42a947cd0f98f131b3425edbbd38dc7b217fb72cf54a				
MZ285984	MZ285984.1	Anelloviridae sp.		Anelloviridae	Viruses; Floreoviria; Shotokuvirae; Commensaviricota; Cardeaviricetes; Sanitavirales; Anelloviridae	DNA	linear	2872		Homo sapiens	SP3_C12	false	ncbi-genbank	0eefd8192526b2bd7c7302c660d89d7299ab217f5a5b44b0862664a75470a489				
MZ285985	MZ285985.1	Anelloviridae sp.		Anelloviridae	Viruses; Floreoviria; Shotokuvirae; Commensaviricota; Cardeaviricetes; Sanitavirales; Anelloviridae	DNA	linear	2867		Homo sapiens	SP3_C13	false	ncbi-genbank	0874f7a98a8051f015a6861f293e2bd9ac79b51cd4356a0ce72fcaea243d3f67				
MZ285986	MZ285986.1	Anelloviridae sp.		Anelloviridae	Viruses; Floreoviria; Shotokuvirae; Commensaviricota; Cardeaviricetes; Sanitavirales; Anelloviridae	DNA	linear	2842		Homo sapiens	SP3_C15	false	ncbi-genbank	4833daf15feffe6f06028354069d9b8002296678c679d19771143411f3424069				
MZ285987	MZ285987.1	Anelloviridae sp.		Anelloviridae	Viruses; Floreoviria; Shotokuvirae; Commensaviricota; Cardeaviricetes; Sanitavirales; Anelloviridae	DNA	linear	2759		Homo sapiens	SP3_C16	false	ncbi-genbank	e5754f7b1c9584bf11a81c062ec76702ca82f56ab4563a2248f88c38a5860a81				
MZ285989	MZ285989.1	Anelloviridae sp.		Anelloviridae	Viruses; Floreoviria; Shotokuvirae; Commensaviricota; Cardeaviricetes; Sanitavirales; Anelloviridae	DNA	linear	3033		Homo sapiens	SP3_C18	false	ncbi-genbank	b4417eb9706c800372daae314f639b9d5d621b9097b8d3e164e50a9253de4f1d				
MZ285991	MZ285991.1	Anelloviridae sp.		Anelloviridae	Viruses; Floreoviria; Shotokuvirae; Commensaviricota; Cardeaviricetes; Sanitavirales; Anelloviridae	DNA	linear	2817		Homo sapiens	SP6_C5	false	ncbi-genbank	9cb0b595cebaffaec01870c1974c842b572a82a1e465c76b701194873d71bf7b				
MZ285992	MZ285992.1	Anelloviridae sp.		Anelloviridae	Viruses; Floreoviria; Shotokuvirae; Commensaviricota; Cardeaviricetes; Sanitavirales; Anelloviridae	DNA	linear	3585		Homo sapiens	SP6_C6	false	ncbi-genbank	7c09021270cce65258b67ae7057dd5b98b5e4ea44a1d5559d47d2b8473cb6f48				
MZ285994	MZ285994.1	Anelloviridae sp.		Anelloviridae	Viruses; Floreoviria; Shotokuvirae; Commensaviricota; Cardeaviricetes; Sanitavirales; Anelloviridae	DNA	linear	3167		Homo sapiens	SP7_C2	false	ncbi-genbank	79daef9c596c21e5ab533aa79468e629463193944442ba60a5b1ff8b95f1aedf				
MZ285996	MZ285996.1	Anelloviridae sp.		Anelloviridae	Viruses; Floreoviria; Shotokuvirae; Commensaviricota; Cardeaviricetes; Sanitavirales; Anelloviridae	DNA	linear	2752		Homo sapiens	SP7_C6	false	ncbi-genbank	6abe43742a95934a473da1a7b0553317e7c416cd416bfdd86115f16820af071e				
MZ285999	MZ285999.1	Anelloviridae sp.		Anelloviridae	Viruses; Floreoviria; Shotokuvirae; Commensaviricota; Cardeaviricetes; Sanitavirales; Anelloviridae	DNA	linear	2475		Homo sapiens	SP7_C10	false	ncbi-genbank	2a0e3bad339316b3b73539bc94d599f76cc11b345140a8b9179bc84f0664cffa				
MZ286000	MZ286000.1	Anelloviridae sp.		Anelloviridae	Viruses; Floreoviria; Shotokuvirae; Commensaviricota; Cardeaviricetes; Sanitavirales; Anelloviridae	DNA	linear	3186		Homo sapiens	SP8_C1	false	ncbi-genbank	0978361d9ef9ccda4b23489ea47e99410676887fe180796317779679d0393509				
MZ286001	MZ286001.1	Anelloviridae sp.		Anelloviridae	Viruses; Floreoviria; Shotokuvirae; Commensaviricota; Cardeaviricetes; Sanitavirales; Anelloviridae	DNA	linear	2775		Homo sapiens	SP8_C3	false	ncbi-genbank	3f30f36457882bbc26aadd42463ab0ba7a18974cf69003c234a9e06540bd0bc0				
MZ286002	MZ286002.1	Anelloviridae sp.		Anelloviridae	Viruses; Floreoviria; Shotokuvirae; Commensaviricota; Cardeaviricetes; Sanitavirales; Anelloviridae	DNA	linear	3643		Homo sapiens	SP10_C1	false	ncbi-genbank	25309bc441ce9955de2ed2d9e97ee915841ae7369ea05f6d0bc9bbf08d8e7c39				
MZ286003	MZ286003.1	Anelloviridae sp.		Anelloviridae	Viruses; Floreoviria; Shotokuvirae; Commensaviricota; Cardeaviricetes; Sanitavirales; Anelloviridae	DNA	linear	3175		Homo sapiens	SP10_C2	false	ncbi-genbank	40582e78989d61dfb0228d20fdf3c7b561a7b78bbdb7c0ced41cfe5b63dcf4db				
MZ286004	MZ286004.1	Anelloviridae sp.		Anelloviridae	Viruses; Floreoviria; Shotokuvirae; Commensaviricota; Cardeaviricetes; Sanitavirales; Anelloviridae	DNA	linear	2972		Homo sapiens	SP10_C3	false	ncbi-genbank	0f087e2ac4bc96dfc175f1140dc0efee52d7f45fa42b42e3a6fe6bff1eed0c32				
MZ286005	MZ286005.1	Anelloviridae sp.		Anelloviridae	Viruses; Floreoviria; Shotokuvirae; Commensaviricota; Cardeaviricetes; Sanitavirales; Anelloviridae	DNA	linear	2786		Homo sapiens	SP10_C4	false	ncbi-genbank	838f7920d7d653be8b9a62a5ef5371dd48978ea5ed6db8a5607aeda26cf07a1c				
MZ286006	MZ286006.1	Anelloviridae sp.		Anelloviridae	Viruses; Floreoviria; Shotokuvirae; Commensaviricota; Cardeaviricetes; Sanitavirales; Anelloviridae	DNA	linear	3649		Homo sapiens	SP11_C1	false	ncbi-genbank	a4b34d2004a0b4a5b502613a7f17fb60bb838faf3896c6733de11b5131a37cd5				
MZ286007	MZ286007.1	Anelloviridae sp.		Anelloviridae	Viruses; Floreoviria; Shotokuvirae; Commensaviricota; Cardeaviricetes; Sanitavirales; Anelloviridae	DNA	linear	2817		Homo sapiens	SP11_C2	false	ncbi-genbank	83382f9e9d8b2d40b179772991a87e1fbec9e0c4e6b19181669cb3edc6b53f3b				
MZ286008	MZ286008.1	Anelloviridae sp.		Anelloviridae	Viruses; Floreoviria; Shotokuvirae; Commensaviricota; Cardeaviricetes; Sanitavirales; Anelloviridae	DNA	linear	3566		Homo sapiens	SP12_C1	false	ncbi-genbank	c346392b2af4516d27b8db6b8a77e3f2c33e18163eb8b0311244602ca157cce5				
MZ286009	MZ286009.1	Anelloviridae sp.		Anelloviridae	Viruses; Floreoviria; Shotokuvirae; Commensaviricota; Cardeaviricetes; Sanitavirales; Anelloviridae	DNA	linear	3515		Homo sapiens	SP12_C2	false	ncbi-genbank	2931808ebfad8b829c0ace4a5a7226f0fe2c9aac3de6d2239203e224685ec534				
MZ286011	MZ286011.1	Anelloviridae sp.		Anelloviridae	Viruses; Floreoviria; Shotokuvirae; Commensaviricota; Cardeaviricetes; Sanitavirales; Anelloviridae	DNA	linear	3165		Homo sapiens	SP13_C3	false	ncbi-genbank	3c8007e8b06d585f5d486b25a7f72edfa7f625c3d54510fa145519aaa1297507				
MZ286014	MZ286014.1	Anelloviridae sp.		Anelloviridae	Viruses; Floreoviria; Shotokuvirae; Commensaviricota; Cardeaviricetes; Sanitavirales; Anelloviridae	DNA	linear	3029		Homo sapiens	SP14_C2	false	ncbi-genbank	20b2ad509eaa88d234cf8676a94c0c7ee2922eba945ca145f46894ceeed6e6fc				
MZ286017	MZ286017.1	Anelloviridae sp.		Anelloviridae	Viruses; Floreoviria; Shotokuvirae; Commensaviricota; Cardeaviricetes; Sanitavirales; Anelloviridae	DNA	linear	3806		Homo sapiens	SP15_C2	false	ncbi-genbank	ee84aafcabf8a2924939afb0891b012c4c010d113c2f679d421b00890b50f23b				
MZ286018	MZ286018.1	Anelloviridae sp.		Anelloviridae	Viruses; Floreoviria; Shotokuvirae; Commensaviricota; Cardeaviricetes; Sanitavirales; Anelloviridae	DNA	linear	3145		Homo sapiens	SP15_C3	false	ncbi-genbank	0161cb8cc96ce686bfe5fc7497db7e55dab91c4c66ca35b7816fcbd90b8ea8bb				
MZ286019	MZ286019.1	Anelloviridae sp.		Anelloviridae	Viruses; Floreoviria; Shotokuvirae; Commensaviricota; Cardeaviricetes; Sanitavirales; Anelloviridae	DNA	linear	2947		Homo sapiens	SP15_C5	false	ncbi-genbank	34d9d374bdbb8869e55d53f91df0db884cac2df97b65f6c615c25cd8a0a7216e				
MZ286020	MZ286020.1	Anelloviridae sp.		Anelloviridae	Viruses; Floreoviria; Shotokuvirae; Commensaviricota; Cardeaviricetes; Sanitavirales; Anelloviridae	DNA	linear	2776		Homo sapiens	SP15_C6	false	ncbi-genbank	a153682256a2f9a423c9a39fcbbbe08a8d12077603682e5ea9419e9e140cba56				
MZ286021	MZ286021.1	Anelloviridae sp.		Anelloviridae	Viruses; Floreoviria; Shotokuvirae; Commensaviricota; Cardeaviricetes; Sanitavirales; Anelloviridae	DNA	linear	2514		Homo sapiens	SP15_C7	false	ncbi-genbank	4b3d014f21ec1bc1bb4f530becf33dae0536296f98fbd210e8dbedcfb1ab8734				
MZ286022	MZ286022.1	Anelloviridae sp.		Anelloviridae	Viruses; Floreoviria; Shotokuvirae; Commensaviricota; Cardeaviricetes; Sanitavirales; Anelloviridae	DNA	linear	3918		Homo sapiens	SP16_C2	false	ncbi-genbank	0045da0e3c691d10a86534494f46e7753504b631eb5e7edfb81e54f037967c58				
MZ286023	MZ286023.1	Anelloviridae sp.		Anelloviridae	Viruses; Floreoviria; Shotokuvirae; Commensaviricota; Cardeaviricetes; Sanitavirales; Anelloviridae	DNA	linear	3443		Homo sapiens	SP16_C3	false	ncbi-genbank	ab6e3adee07fff781393d54196efee192807166b9e30473302fbb82785b19893				
MZ286024	MZ286024.1	Anelloviridae sp.		Anelloviridae	Viruses; Floreoviria; Shotokuvirae; Commensaviricota; Cardeaviricetes; Sanitavirales; Anelloviridae	DNA	linear	3230		Homo sapiens	SP16_C4	false	ncbi-genbank	ff490c970fb25c9755a3f1d2071a462f9c18b8c1d96cbb88148f50cb9d1653c6				
MZ286025	MZ286025.1	Anelloviridae sp.		Anelloviridae	Viruses; Floreoviria; Shotokuvirae; Commensaviricota; Cardeaviricetes; Sanitavirales; Anelloviridae	DNA	linear	3174		Homo sapiens	SP16_C5	false	ncbi-genbank	cd542745c9153ee2c6c306ccf29dc54ce59279a790b2c5e91ac3df804d634e4c				
MZ286026	MZ286026.1	Anelloviridae sp.		Anelloviridae	Viruses; Floreoviria; Shotokuvirae; Commensaviricota; Cardeaviricetes; Sanitavirales; Anelloviridae	DNA	linear	3157		Homo sapiens	SP16_C6	false	ncbi-genbank	94f4cddadca04542ea0085addbbdda319b01061cec3d090c39845d5ec30f480e				
MZ286027	MZ286027.1	Anelloviridae sp.		Anelloviridae	Viruses; Floreoviria; Shotokuvirae; Commensaviricota; Cardeaviricetes; Sanitavirales; Anelloviridae	DNA	linear	3134		Homo sapiens	SP16_C7	false	ncbi-genbank	33fcdff63a69bb25981450a3b128ac71ed5e506909a901f11557caba5a2b09b9				
MZ286031	MZ286031.1	Anelloviridae sp.		Anelloviridae	Viruses; Floreoviria; Shotokuvirae; Commensaviricota; Cardeaviricetes; Sanitavirales; Anelloviridae	DNA	linear	2917		Homo sapiens	SP16_C13	false	ncbi-genbank	9e4f08eb103446dd54a4e914690e24b14125646e4dfdc1fa0bf425f19a1abb6d				
MZ286032	MZ286032.1	Anelloviridae sp.		Anelloviridae	Viruses; Floreoviria; Shotokuvirae; Commensaviricota; Cardeaviricetes; Sanitavirales; Anelloviridae	DNA	linear	2871		Homo sapiens	SP16_C14	false	ncbi-genbank	6161da5b4ff395bf719ed2eb7d8939e46660819b39e79f75aebee32f9d2ef6dc				
MZ286033	MZ286033.1	Anelloviridae sp.		Anelloviridae	Viruses; Floreoviria; Shotokuvirae; Commensaviricota; Cardeaviricetes; Sanitavirales; Anelloviridae	DNA	linear	2830		Homo sapiens	SP16_C16	false	ncbi-genbank	e4383852e2fa957846c5d924940c9d562b7ca2ec569b5457b57193fda8bf43fb				
MZ286034	MZ286034.1	Anelloviridae sp.		Anelloviridae	Viruses; Floreoviria; Shotokuvirae; Commensaviricota; Cardeaviricetes; Sanitavirales; Anelloviridae	DNA	linear	2623		Homo sapiens	SP16_C17	false	ncbi-genbank	1928ad3db974bce95a2ff6c61abae91df1f8c1e26b0b3becf8d0029dac8dae12				
MZ286037	MZ286037.1	Anelloviridae sp.		Anelloviridae	Viruses; Floreoviria; Shotokuvirae; Commensaviricota; Cardeaviricetes; Sanitavirales; Anelloviridae	DNA	linear	3816		Homo sapiens	SP18_C1	false	ncbi-genbank	c53f4081189aacd95f1800c6dcaa40ac01394fb77ce207490459716a951e95ce				
MZ286038	MZ286038.1	Anelloviridae sp.		Anelloviridae	Viruses; Floreoviria; Shotokuvirae; Commensaviricota; Cardeaviricetes; Sanitavirales; Anelloviridae	DNA	linear	3732		Homo sapiens	SP18_C2	false	ncbi-genbank	435b81be4b48ebd92fca8e583fc1b78b09a303ab5978bf773d5bf74452f9d090				
MZ286041	MZ286041.1	Anelloviridae sp.		Anelloviridae	Viruses; Floreoviria; Shotokuvirae; Commensaviricota; Cardeaviricetes; Sanitavirales; Anelloviridae	DNA	linear	2837		Homo sapiens	SP19_C2	false	ncbi-genbank	437f3a64c0439f1b97aa99aba61fffedf14a3b8de9425931e83fbed9689a17aa				
MZ286042	MZ286042.1	Anelloviridae sp.		Anelloviridae	Viruses; Floreoviria; Shotokuvirae; Commensaviricota; Cardeaviricetes; Sanitavirales; Anelloviridae	DNA	linear	3370		Homo sapiens	SP20_C1	false	ncbi-genbank	21f9377a807799e3f5a31538b0acc8643208c071341653ff95c19bbfa78dc612				
MZ286043	MZ286043.1	Anelloviridae sp.		Anelloviridae	Viruses; Floreoviria; Shotokuvirae; Commensaviricota; Cardeaviricetes; Sanitavirales; Anelloviridae	DNA	linear	3184		Homo sapiens	SP20_C2	false	ncbi-genbank	8415dc6acd0178376f3fb98c029c9c722e6c01cba9f8eafe5f076290e5d4416b				
MZ286044	MZ286044.1	Anelloviridae sp.		Anelloviridae	Viruses; Floreoviria; Shotokuvirae; Commensaviricota; Cardeaviricetes; Sanitavirales; Anelloviridae	DNA	linear	2894		Homo sapiens	SP20_C3	false	ncbi-genbank	3502496b56257e8210e49b7197377a4bf5092e37d8ac750bd1e0e3f10789ee25				
MZ286046	MZ286046.1	Anelloviridae sp.		Anelloviridae	Viruses; Floreoviria; Shotokuvirae; Commensaviricota; Cardeaviricetes; Sanitavirales; Anelloviridae	DNA	linear	3507		Homo sapiens	SP21_C1	false	ncbi-genbank	edf0cf454dade39927e18cc2db4b9db52cf11d3d4de2dd8fd9e14473f298f66c				
MZ286047	MZ286047.1	Anelloviridae sp.		Anelloviridae	Viruses; Floreoviria; Shotokuvirae; Commensaviricota; Cardeaviricetes; Sanitavirales; Anelloviridae	DNA	linear	2988		Homo sapiens	SP21_C2	false	ncbi-genbank	d26e93a2f25939b2959f682bf6653678a24b05ebfdd1519fb60a3cf43a1829a5				
MZ286048	MZ286048.1	Anelloviridae sp.		Anelloviridae	Viruses; Floreoviria; Shotokuvirae; Commensaviricota; Cardeaviricetes; Sanitavirales; Anelloviridae	DNA	linear	2891		Homo sapiens	SP21_C3	false	ncbi-genbank	75ebaa1b500d7f1178d8dae32b26ceab8990967b8fa06e9e03c939471edf7b9a				
MZ286050	MZ286050.1	Anelloviridae sp.		Anelloviridae	Viruses; Floreoviria; Shotokuvirae; Commensaviricota; Cardeaviricetes; Sanitavirales; Anelloviridae	DNA	linear	3241		Homo sapiens	SP22_C2	false	ncbi-genbank	3079e04846da3c7ada8b27e8192ab849703899cd701c2aad9c213be9939321ee				
MZ286052	MZ286052.1	Anelloviridae sp.		Anelloviridae	Viruses; Floreoviria; Shotokuvirae; Commensaviricota; Cardeaviricetes; Sanitavirales; Anelloviridae	DNA	linear	2858		Homo sapiens	SP22_C5	false	ncbi-genbank	6efc34f0f31b3d8cd6bd5a7a757582eb9cd68d887ffda3faddeb9cf635fa1a69				
MZ286053	MZ286053.1	Anelloviridae sp.		Anelloviridae	Viruses; Floreoviria; Shotokuvirae; Commensaviricota; Cardeaviricetes; Sanitavirales; Anelloviridae	DNA	linear	2819		Homo sapiens	SP22_C6	false	ncbi-genbank	a9c8bfac2f3869e5ec147786bc2fd9f44f9f4b3bab957889d5406a858895a30e				
MZ286055	MZ286055.1	Anelloviridae sp.		Anelloviridae	Viruses; Floreoviria; Shotokuvirae; Commensaviricota; Cardeaviricetes; Sanitavirales; Anelloviridae	DNA	linear	2471		Homo sapiens	SP22_C8	false	ncbi-genbank	0b18cca065a34c1446ab5ff3dc90e23a58283411997e47e5cf33fff7b28a3212				
MZ286056	MZ286056.1	Anelloviridae sp.		Anelloviridae	Viruses; Floreoviria; Shotokuvirae; Commensaviricota; Cardeaviricetes; Sanitavirales; Anelloviridae	DNA	linear	3866		Homo sapiens	SP23_C1	false	ncbi-genbank	33f218b783d417a320e8868972015c56ca211fa76fda958d0940e309e448b1bc				
MZ286057	MZ286057.1	Anelloviridae sp.		Anelloviridae	Viruses; Floreoviria; Shotokuvirae; Commensaviricota; Cardeaviricetes; Sanitavirales; Anelloviridae	DNA	linear	3515		Homo sapiens	SP23_C2	false	ncbi-genbank	a915a0351af92777fcc477f790e9b20f86aa65e519560127c5d490f2b6bf50a7				
MZ286058	MZ286058.1	Anelloviridae sp.		Anelloviridae	Viruses; Floreoviria; Shotokuvirae; Commensaviricota; Cardeaviricetes; Sanitavirales; Anelloviridae	DNA	linear	2879		Homo sapiens	SP23_C4	false	ncbi-genbank	bbbfd7207a9d4e42a084013ec1ccaef904f87acbcb4e72e20fa0b9c781b458c8				
MZ286060	MZ286060.1	Anelloviridae sp.		Anelloviridae	Viruses; Floreoviria; Shotokuvirae; Commensaviricota; Cardeaviricetes; Sanitavirales; Anelloviridae	DNA	linear	3537		Homo sapiens	SP24_C2	false	ncbi-genbank	383529c2940c89d495c87d195929b4f79d14eccf1747ead36acb5883c72313e2				
MZ286061	MZ286061.1	Anelloviridae sp.		Anelloviridae	Viruses; Floreoviria; Shotokuvirae; Commensaviricota; Cardeaviricetes; Sanitavirales; Anelloviridae	DNA	linear	3446		Homo sapiens	SP24_C3	false	ncbi-genbank	86d10253af7f7f5648c52624a284b6c070121e461c70657671737db2e5ae0728				
MZ286062	MZ286062.1	Anelloviridae sp.		Anelloviridae	Viruses; Floreoviria; Shotokuvirae; Commensaviricota; Cardeaviricetes; Sanitavirales; Anelloviridae	DNA	linear	3034		Homo sapiens	SP24_C4	false	ncbi-genbank	4b63b362a7794f4fdb1e5ac965e08382b749467587633c87f5b2318de4d173fe				
MZ286063	MZ286063.1	Anelloviridae sp.		Anelloviridae	Viruses; Floreoviria; Shotokuvirae; Commensaviricota; Cardeaviricetes; Sanitavirales; Anelloviridae	DNA	linear	3007		Homo sapiens	SP24_C5	false	ncbi-genbank	6a9748e0ef1e0ea08e626763b3859b3e149c400e8750e18c6ab0aa10ce025086				
MZ286064	MZ286064.1	Anelloviridae sp.		Anelloviridae	Viruses; Floreoviria; Shotokuvirae; Commensaviricota; Cardeaviricetes; Sanitavirales; Anelloviridae	DNA	linear	2954		Homo sapiens	SP24_C6	false	ncbi-genbank	31dac635a0bd4129de9015fe8c6369356bafb63eea93d6797a9863de09111175				
MZ286065	MZ286065.1	Anelloviridae sp.		Anelloviridae	Viruses; Floreoviria; Shotokuvirae; Commensaviricota; Cardeaviricetes; Sanitavirales; Anelloviridae	DNA	linear	2680		Homo sapiens	SP24_C8	false	ncbi-genbank	719e433bb6b11f4e6d60a9308bb4b7e0376c1a808ee6b18a01d167b6f3d4392a				
MZ286067	MZ286067.1	Anelloviridae sp.		Anelloviridae	Viruses; Floreoviria; Shotokuvirae; Commensaviricota; Cardeaviricetes; Sanitavirales; Anelloviridae	DNA	linear	2644		Homo sapiens	SP25_C2	false	ncbi-genbank	8346ce555deb044283d26723ae0d5a474aa05186e2bc1f1e4ef9aec51c5f44e4				
MZ286068	MZ286068.1	Anelloviridae sp.		Anelloviridae	Viruses; Floreoviria; Shotokuvirae; Commensaviricota; Cardeaviricetes; Sanitavirales; Anelloviridae	DNA	linear	2641		Homo sapiens	SP25_C3	false	ncbi-genbank	5814f947573e73a2f384625b0a6826c88bd4d31277fe3e41725f09e5d139950a				
MZ286069	MZ286069.1	Anelloviridae sp.		Anelloviridae	Viruses; Floreoviria; Shotokuvirae; Commensaviricota; Cardeaviricetes; Sanitavirales; Anelloviridae	DNA	linear	2501		Homo sapiens	SP25_C4	false	ncbi-genbank	52f17f70e7e751e9216e55e9a6ee08dae3e65e91be51900a598c0ef3896cb00c				
MZ286070	MZ286070.1	Anelloviridae sp.		Anelloviridae	Viruses; Floreoviria; Shotokuvirae; Commensaviricota; Cardeaviricetes; Sanitavirales; Anelloviridae	DNA	linear	3872		Homo sapiens	SP26_C1	false	ncbi-genbank	924c35a4797c92eaa59208a39c117b08dde12e9d17f186c011c5b45382a1e1ba				
MZ286071	MZ286071.1	Anelloviridae sp.		Anelloviridae	Viruses; Floreoviria; Shotokuvirae; Commensaviricota; Cardeaviricetes; Sanitavirales; Anelloviridae	DNA	linear	2796		Homo sapiens	SP26_C2	false	ncbi-genbank	4ccc445ea7a3341ec537b82660b399919e84c63ba9eff519556c3a7b22aa0649				
MZ286072	MZ286072.1	Anelloviridae sp.		Anelloviridae	Viruses; Floreoviria; Shotokuvirae; Commensaviricota; Cardeaviricetes; Sanitavirales; Anelloviridae	DNA	linear	2634		Homo sapiens	SP26_C3	false	ncbi-genbank	ee65a5a606f363b9af35b4145f6d060b1c2bebe255ec228ae36b9996f4e83c5e				
MZ286074	MZ286074.1	Anelloviridae sp.		Anelloviridae	Viruses; Floreoviria; Shotokuvirae; Commensaviricota; Cardeaviricetes; Sanitavirales; Anelloviridae	DNA	linear	3027		Homo sapiens	SP27_C3	false	ncbi-genbank	ae1292ad6d42f76869a174ddd6d019b07980115cb47f41ceae86d33feaf26714				
MZ286076	MZ286076.1	Anelloviridae sp.		Anelloviridae	Viruses; Floreoviria; Shotokuvirae; Commensaviricota; Cardeaviricetes; Sanitavirales; Anelloviridae	DNA	linear	2958		Homo sapiens	SP27_C5	false	ncbi-genbank	06d5d2d61a7dc7b13247d49da5bb5493830678c0b4c9cd52cc56b5de4ad92db4				
MZ286081	MZ286081.1	Anelloviridae sp.		Anelloviridae	Viruses; Floreoviria; Shotokuvirae; Commensaviricota; Cardeaviricetes; Sanitavirales; Anelloviridae	DNA	linear	2545		Homo sapiens	SP28_C5	false	ncbi-genbank	c84fab35825ebef2b200ce61d792b9d08f73bc1571649d2934f9492fd8ee6056				
MZ286082	MZ286082.1	Anelloviridae sp.		Anelloviridae	Viruses; Floreoviria; Shotokuvirae; Commensaviricota; Cardeaviricetes; Sanitavirales; Anelloviridae	DNA	linear	2544		Homo sapiens	SP28_C6	false	ncbi-genbank	a004e703dce1ac806a45b90d94fe4d00d790bc13f60c9cb5bd33dce167248303				
MZ286083	MZ286083.1	Anelloviridae sp.		Anelloviridae	Viruses; Floreoviria; Shotokuvirae; Commensaviricota; Cardeaviricetes; Sanitavirales; Anelloviridae	DNA	linear	2534		Homo sapiens	SP28_C7	false	ncbi-genbank	bf7800e12089e56687f708136e0138d724c96e7e495defc7b1288ca75e0f20c0				
MZ286084	MZ286084.1	Anelloviridae sp.		Anelloviridae	Viruses; Floreoviria; Shotokuvirae; Commensaviricota; Cardeaviricetes; Sanitavirales; Anelloviridae	DNA	linear	2803		Homo sapiens	SP29_C1	false	ncbi-genbank	01ffb52e37069bd9dc6f9dea4af7d7673488b93f9680ecd3c9cf8085c7efb9bf				
MZ286085	MZ286085.1	Anelloviridae sp.		Anelloviridae	Viruses; Floreoviria; Shotokuvirae; Commensaviricota; Cardeaviricetes; Sanitavirales; Anelloviridae	DNA	linear	1802		Homo sapiens	SP29_C2	false	ncbi-genbank	7b268b47b4d288c5b66738757c91847066c6d6a89c0e3787af28bc8c610e422b				
MZ286086	MZ286086.1	Anelloviridae sp.		Anelloviridae	Viruses; Floreoviria; Shotokuvirae; Commensaviricota; Cardeaviricetes; Sanitavirales; Anelloviridae	DNA	linear	3770		Homo sapiens	SP30_C1	false	ncbi-genbank	ad58413b549181aae7f8948095672d0a55c57470aa7c644c3d83afff73364b14				
MZ286087	MZ286087.1	Anelloviridae sp.		Anelloviridae	Viruses; Floreoviria; Shotokuvirae; Commensaviricota; Cardeaviricetes; Sanitavirales; Anelloviridae	DNA	linear	2954		Homo sapiens	SP30_C3	false	ncbi-genbank	9dfdfe2c2fa4812202c6018b8573f9eb859d520c7127af5944803e8ca22aa333				
MZ286088	MZ286088.1	Anelloviridae sp.		Anelloviridae	Viruses; Floreoviria; Shotokuvirae; Commensaviricota; Cardeaviricetes; Sanitavirales; Anelloviridae	DNA	linear	2871		Homo sapiens	SP30_C5	false	ncbi-genbank	afb16794d7a9e9b385add0e3fd2c173c86805a459f4d1180441a5bca7626e53a				
MZ286089	MZ286089.1	Anelloviridae sp.		Anelloviridae	Viruses; Floreoviria; Shotokuvirae; Commensaviricota; Cardeaviricetes; Sanitavirales; Anelloviridae	DNA	linear	2583		Homo sapiens	SP30_C8	false	ncbi-genbank	4746118870a14df65feab0b947a2a097638e46b17ac4a8396f81a8b577c4b787				
MZ286090	MZ286090.1	Anelloviridae sp.		Anelloviridae	Viruses; Floreoviria; Shotokuvirae; Commensaviricota; Cardeaviricetes; Sanitavirales; Anelloviridae	DNA	linear	2550		Homo sapiens	SP30_C9	false	ncbi-genbank	e16edd23c49900e85371929cd1f41a94bd2123364a02a6389b0c8dc064f1f28b				
MZ286091	MZ286091.1	Anelloviridae sp.		Anelloviridae	Viruses; Floreoviria; Shotokuvirae; Commensaviricota; Cardeaviricetes; Sanitavirales; Anelloviridae	DNA	linear	2460		Homo sapiens	SP30_C10	false	ncbi-genbank	fc3f2e539ebd1d5a1c61c08f79a75aeb9951efa7f971a61535cd4b6dd0af5afa				
MZ286092	MZ286092.1	Anelloviridae sp.		Anelloviridae	Viruses; Floreoviria; Shotokuvirae; Commensaviricota; Cardeaviricetes; Sanitavirales; Anelloviridae	DNA	linear	3733		Homo sapiens	SP31_C1	false	ncbi-genbank	3458303831c665c58a1315ab403f6fc600d825e6bc721b34fe2b2b5e886fec6b				
MZ286093	MZ286093.1	Anelloviridae sp.		Anelloviridae	Viruses; Floreoviria; Shotokuvirae; Commensaviricota; Cardeaviricetes; Sanitavirales; Anelloviridae	DNA	linear	3690		Homo sapiens	SP31_C2	false	ncbi-genbank	f576fd64e90d79821f459ebbbb04c5e961994b09bd817561035fa182d687a0ff				
MZ286094	MZ286094.1	Anelloviridae sp.		Anelloviridae	Viruses; Floreoviria; Shotokuvirae; Commensaviricota; Cardeaviricetes; Sanitavirales; Anelloviridae	DNA	linear	3123		Homo sapiens	SP31_C3	false	ncbi-genbank	d38c8e41d9769f1a8764bc0dd2506b26a82a23feede3ab2e4ebb748136e4597d				
MZ286095	MZ286095.1	Anelloviridae sp.		Anelloviridae	Viruses; Floreoviria; Shotokuvirae; Commensaviricota; Cardeaviricetes; Sanitavirales; Anelloviridae	DNA	linear	2842		Homo sapiens	SP31_C5	false	ncbi-genbank	bdc45c15ce72f3cd1ccd2d6fe23c7e953b0fd492d1ac0f4551f5b65ca53ba79a				
MZ286096	MZ286096.1	Anelloviridae sp.		Anelloviridae	Viruses; Floreoviria; Shotokuvirae; Commensaviricota; Cardeaviricetes; Sanitavirales; Anelloviridae	DNA	linear	2818		Homo sapiens	SP31_C6	false	ncbi-genbank	2bee0a02f74ef94506904997e2e2188e8de0380d91b8b661b436047f9c209c52				
MZ286097	MZ286097.1	Anelloviridae sp.		Anelloviridae	Viruses; Floreoviria; Shotokuvirae; Commensaviricota; Cardeaviricetes; Sanitavirales; Anelloviridae	DNA	linear	3823		Homo sapiens	SP32_C1	false	ncbi-genbank	ed9662ba13084c11621c1d45d80152b298437021782da1d28977885b5da4ac1e				
MZ286098	MZ286098.1	Anelloviridae sp.		Anelloviridae	Viruses; Floreoviria; Shotokuvirae; Commensaviricota; Cardeaviricetes; Sanitavirales; Anelloviridae	DNA	linear	3686		Homo sapiens	SP33_C1	false	ncbi-genbank	fb76d9e3750bbc427035f804b7746e0ef6e777fec338262002a5621d5e7dc098				
MZ286099	MZ286099.1	Anelloviridae sp.		Anelloviridae	Viruses; Floreoviria; Shotokuvirae; Commensaviricota; Cardeaviricetes; Sanitavirales; Anelloviridae	DNA	linear	3574		Homo sapiens	SP33_C2	false	ncbi-genbank	b681e519b4989621dd9ab9d2022975415a156994a2c33395ed7c54769aa6f87a				
MZ286100	MZ286100.1	Anelloviridae sp.		Anelloviridae	Viruses; Floreoviria; Shotokuvirae; Commensaviricota; Cardeaviricetes; Sanitavirales; Anelloviridae	DNA	linear	3547		Homo sapiens	SP33_C3	false	ncbi-genbank	e2417388376f7b4f57d558dac433e5cd025d78e814817769666c92c44d7ae94b				
MZ286101	MZ286101.1	Anelloviridae sp.		Anelloviridae	Viruses; Floreoviria; Shotokuvirae; Commensaviricota; Cardeaviricetes; Sanitavirales; Anelloviridae	DNA	linear	3172		Homo sapiens	SP33_C4	false	ncbi-genbank	6151650099a7b5dedce4b5daa430c3afb22b0ee3c30a3c03f71371bdd3e88cc2				
MZ286102	MZ286102.1	Anelloviridae sp.		Anelloviridae	Viruses; Floreoviria; Shotokuvirae; Commensaviricota; Cardeaviricetes; Sanitavirales; Anelloviridae	DNA	linear	3137		Homo sapiens	SP33_C5	false	ncbi-genbank	df7e5cbe2e8ceaa797e36bf8196564f02aa678cbd0ac503c8e206b8f2735ad85				
MZ286105	MZ286105.1	Anelloviridae sp.		Anelloviridae	Viruses; Floreoviria; Shotokuvirae; Commensaviricota; Cardeaviricetes; Sanitavirales; Anelloviridae	DNA	linear	2983		Homo sapiens	SP35_C1	false	ncbi-genbank	38e3228074926c2ccd1f1fe0d58f8b0c5b84398a1f10801daf19b84f79d2b2bd				
MZ286106	MZ286106.1	Anelloviridae sp.		Anelloviridae	Viruses; Floreoviria; Shotokuvirae; Commensaviricota; Cardeaviricetes; Sanitavirales; Anelloviridae	DNA	linear	2976		Homo sapiens	SP35_C3	false	ncbi-genbank	3ad664b3b6589536b88f22d8c626e3f0f75d75f2d7ff00764a5dc5eb0373eddc				
MZ286107	MZ286107.1	Anelloviridae sp.		Anelloviridae	Viruses; Floreoviria; Shotokuvirae; Commensaviricota; Cardeaviricetes; Sanitavirales; Anelloviridae	DNA	linear	2933		Homo sapiens	SP35_C5	false	ncbi-genbank	d9cfa1cbeb3812307edc6c8434be0b3c0efb583280ac36f79f47549169815e50				
MZ286109	MZ286109.1	Anelloviridae sp.		Anelloviridae	Viruses; Floreoviria; Shotokuvirae; Commensaviricota; Cardeaviricetes; Sanitavirales; Anelloviridae	DNA	linear	3667		Homo sapiens	SP35_C9	false	ncbi-genbank	90d205c031fb59b386e9070e4c9be33fa9b1a7aca2b198306be15e8bf6bc3ff3				
MZ286110	MZ286110.1	Anelloviridae sp.		Anelloviridae	Viruses; Floreoviria; Shotokuvirae; Commensaviricota; Cardeaviricetes; Sanitavirales; Anelloviridae	DNA	linear	3716		Homo sapiens	SP36_C1	false	ncbi-genbank	d93f70ac2981a8fe736e6c56bfc6064821afe575f44bcc100cd8ca4d3304772a				
MZ286111	MZ286111.1	Anelloviridae sp.		Anelloviridae	Viruses; Floreoviria; Shotokuvirae; Commensaviricota; Cardeaviricetes; Sanitavirales; Anelloviridae	DNA	linear	2889		Homo sapiens	SP36_C4	false	ncbi-genbank	f0fd937016d3d53fcfc7404963cc8c33444b9e936216557d5f691db387cede66				
MZ286112	MZ286112.1	Anelloviridae sp.		Anelloviridae	Viruses; Floreoviria; Shotokuvirae; Commensaviricota; Cardeaviricetes; Sanitavirales; Anelloviridae	DNA	linear	2861		Homo sapiens	SP36_C5	false	ncbi-genbank	f6939d97cf1875604973abf49ee92164848931c25a7b3e256e1927b355782b9c				
MZ286113	MZ286113.1	Anelloviridae sp.		Anelloviridae	Viruses; Floreoviria; Shotokuvirae; Commensaviricota; Cardeaviricetes; Sanitavirales; Anelloviridae	DNA	linear	3818		Homo sapiens	SP37_C1	false	ncbi-genbank	c08b899b3d1401bfe414cbb65d90342c7cffa6aff77180bf5676fa17d57bf778				
MZ286114	MZ286114.1	Anelloviridae sp.		Anelloviridae	Viruses; Floreoviria; Shotokuvirae; Commensaviricota; Cardeaviricetes; Sanitavirales; Anelloviridae	DNA	linear	3187		Homo sapiens	SP37_C2	false	ncbi-genbank	fa8ebd56fcf398f5402e14f19abd96392548206b2b816ed354f30f30941b414d				
MZ286115	MZ286115.1	Anelloviridae sp.		Anelloviridae	Viruses; Floreoviria; Shotokuvirae; Commensaviricota; Cardeaviricetes; Sanitavirales; Anelloviridae	DNA	linear	3114		Homo sapiens	SP37_C3	false	ncbi-genbank	bf2d6b105247ad3e981e89d5191d2d14518587f2d19571fee7d8d005273552d5				
MZ286116	MZ286116.1	Anelloviridae sp.		Anelloviridae	Viruses; Floreoviria; Shotokuvirae; Commensaviricota; Cardeaviricetes; Sanitavirales; Anelloviridae	DNA	linear	2961		Homo sapiens	SP37_C4	false	ncbi-genbank	7a5cd4204b9c23ce71828e1a393cce72377ea84fbe79fa2d25de9c8083f54f8d				
MZ286117	MZ286117.1	Anelloviridae sp.		Anelloviridae	Viruses; Floreoviria; Shotokuvirae; Commensaviricota; Cardeaviricetes; Sanitavirales; Anelloviridae	DNA	linear	2592		Homo sapiens	SP37_C7	false	ncbi-genbank	3df09b1d263539c5051325579b933b157c6a608ee7ffbdcaf69978e73dfcea3c				
MZ286118	MZ286118.1	Anelloviridae sp.		Anelloviridae	Viruses; Floreoviria; Shotokuvirae; Commensaviricota; Cardeaviricetes; Sanitavirales; Anelloviridae	DNA	linear	3237		Homo sapiens	SP38_C1	false	ncbi-genbank	987a4323a11902324455c2b5d8b18e7f316b434fbf68ee23f8cd2d02c57f3201				
MZ286122	MZ286122.1	Anelloviridae sp.		Anelloviridae	Viruses; Floreoviria; Shotokuvirae; Commensaviricota; Cardeaviricetes; Sanitavirales; Anelloviridae	DNA	linear	3503		Homo sapiens	SP39_C2	false	ncbi-genbank	dde305510e9617bac0dfb595057299c502d5dbd78dacfeb7503831f281a2f22e				
MZ286124	MZ286124.1	Anelloviridae sp.		Anelloviridae	Viruses; Floreoviria; Shotokuvirae; Commensaviricota; Cardeaviricetes; Sanitavirales; Anelloviridae	DNA	linear	3513		Homo sapiens	SP40_C1	false	ncbi-genbank	43319ad18682f5244c63ea89c887e28d3b341abdfdc6df98c9555ae1f80d6775				
MZ286127	MZ286127.1	Anelloviridae sp.		Anelloviridae	Viruses; Floreoviria; Shotokuvirae; Commensaviricota; Cardeaviricetes; Sanitavirales; Anelloviridae	DNA	linear	2993		Homo sapiens	SP40_C4	false	ncbi-genbank	ffa14be3aa5cccbb7c93472a7fd38e877420fa954afd6a08bbf1e4aef23f819f				
MZ286128	MZ286128.1	Anelloviridae sp.		Anelloviridae	Viruses; Floreoviria; Shotokuvirae; Commensaviricota; Cardeaviricetes; Sanitavirales; Anelloviridae	DNA	linear	3623		Homo sapiens	SP41_C1	false	ncbi-genbank	ca1608c0bec15d9a9d298dddc2c4c9d2b19051ba6c3d82a6b8f7b39bd382f2a7				
MZ286130	MZ286130.1	Anelloviridae sp.		Anelloviridae	Viruses; Floreoviria; Shotokuvirae; Commensaviricota; Cardeaviricetes; Sanitavirales; Anelloviridae	DNA	linear	3193		Homo sapiens	SP42_C1	false	ncbi-genbank	d305db7a61766fe7f05617197d1faa0bfa93fb2086c2fd31cd6059b4e35796c6				
MZ286133	MZ286133.1	Anelloviridae sp.		Anelloviridae	Viruses; Floreoviria; Shotokuvirae; Commensaviricota; Cardeaviricetes; Sanitavirales; Anelloviridae	DNA	linear	2969		Homo sapiens	SP43_C2	false	ncbi-genbank	42b7a6eb9df4a256f26e5988611ae7d563f6a8e09f42732fff75c1892c11f0cb				
MZ286134	MZ286134.1	Anelloviridae sp.		Anelloviridae	Viruses; Floreoviria; Shotokuvirae; Commensaviricota; Cardeaviricetes; Sanitavirales; Anelloviridae	DNA	linear	2923		Homo sapiens	SP43_C3	false	ncbi-genbank	b89b00b05c3d0290b6311111da2cc5374b79c05231611b4b49328eba64bd13bc				
MZ286136	MZ286136.1	Anelloviridae sp.		Anelloviridae	Viruses; Floreoviria; Shotokuvirae; Commensaviricota; Cardeaviricetes; Sanitavirales; Anelloviridae	DNA	linear	2652		Homo sapiens	SP43_C9	false	ncbi-genbank	52ca06ed9f9e0c13f89ee2bc616caf9ff52598cb933780c91f7be82bb228809a				
MZ286137	MZ286137.1	Anelloviridae sp.		Anelloviridae	Viruses; Floreoviria; Shotokuvirae; Commensaviricota; Cardeaviricetes; Sanitavirales; Anelloviridae	DNA	linear	2575		Homo sapiens	SP43_C10	false	ncbi-genbank	bf9a0949ff85608c5573561fd7dc37b443949f8d3f591fd4a978a813fdbe37b2				
MZ286138	MZ286138.1	Anelloviridae sp.		Anelloviridae	Viruses; Floreoviria; Shotokuvirae; Commensaviricota; Cardeaviricetes; Sanitavirales; Anelloviridae	DNA	linear	2557		Homo sapiens	SP43_C11	false	ncbi-genbank	9006e866d56a73de16becd50a821a4549291b2218628a75afe0c76fa4a1909ea				
MZ286140	MZ286140.1	Anelloviridae sp.		Anelloviridae	Viruses; Floreoviria; Shotokuvirae; Commensaviricota; Cardeaviricetes; Sanitavirales; Anelloviridae	DNA	linear	3787		Homo sapiens	SP44_C1	false	ncbi-genbank	b4e255f832fa85c85a310ef23a945be05db2ff4432567f14ae4b90e6e19c8be6				
MZ286141	MZ286141.1	Anelloviridae sp.		Anelloviridae	Viruses; Floreoviria; Shotokuvirae; Commensaviricota; Cardeaviricetes; Sanitavirales; Anelloviridae	DNA	linear	3479		Homo sapiens	SP44_C2	false	ncbi-genbank	d706a92694cbfc469f50d47c38ab18e1e7cd5d6d22b76d87f48bdfbf21f55d02				
MZ286142	MZ286142.1	Anelloviridae sp.		Anelloviridae	Viruses; Floreoviria; Shotokuvirae; Commensaviricota; Cardeaviricetes; Sanitavirales; Anelloviridae	DNA	linear	2936		Homo sapiens	SP44_C3	false	ncbi-genbank	4549e009203c87fd2b5d043d04c4b1bf75456400844a7088e0f3155414c61ce6				
MZ286143	MZ286143.1	Anelloviridae sp.		Anelloviridae	Viruses; Floreoviria; Shotokuvirae; Commensaviricota; Cardeaviricetes; Sanitavirales; Anelloviridae	DNA	linear	3551		Homo sapiens	SP45_C1	false	ncbi-genbank	150e022a3299f00495dbfa0556666b43a3ddf3a4f53eb7470b17e6bfca92b12a				
MZ286144	MZ286144.1	Anelloviridae sp.		Anelloviridae	Viruses; Floreoviria; Shotokuvirae; Commensaviricota; Cardeaviricetes; Sanitavirales; Anelloviridae	DNA	linear	3146		Homo sapiens	SP45_C2	false	ncbi-genbank	992a41ef73f4b9c441871ee61758ea4bf9721d093a13589b0373020d3128c414				
MZ286147	MZ286147.1	Anelloviridae sp.		Anelloviridae	Viruses; Floreoviria; Shotokuvirae; Commensaviricota; Cardeaviricetes; Sanitavirales; Anelloviridae	DNA	linear	2822		Homo sapiens	SP45_C5	false	ncbi-genbank	49c3c1e34fa5d5493a9d7c661a2e5ccd206966ccdb76ac119ee4becca3572c41				
MZ286148	MZ286148.1	Anelloviridae sp.		Anelloviridae	Viruses; Floreoviria; Shotokuvirae; Commensaviricota; Cardeaviricetes; Sanitavirales; Anelloviridae	DNA	linear	2816		Homo sapiens	SP45_C6	false	ncbi-genbank	eb4474fa2553bb78182cb140ecb6542b91ecc91f8703916e84c412a4838e0445				
MZ286149	MZ286149.1	Anelloviridae sp.		Anelloviridae	Viruses; Floreoviria; Shotokuvirae; Commensaviricota; Cardeaviricetes; Sanitavirales; Anelloviridae	DNA	linear	2645		Homo sapiens	SP45_C7	false	ncbi-genbank	fc77a638b4cde760e3684a18d820653ef7efe4df250f1f37abac515222526dfe				
MZ286150	MZ286150.1	Anelloviridae sp.		Anelloviridae	Viruses; Floreoviria; Shotokuvirae; Commensaviricota; Cardeaviricetes; Sanitavirales; Anelloviridae	DNA	linear	2517		Homo sapiens	SP45_C8	false	ncbi-genbank	79522db24e2911d296581e9ac797da84645a6271961a3ef8eced90986a184e0b				
MZ286151	MZ286151.1	Anelloviridae sp.		Anelloviridae	Viruses; Floreoviria; Shotokuvirae; Commensaviricota; Cardeaviricetes; Sanitavirales; Anelloviridae	DNA	linear	2895		Homo sapiens	SP45_C9	false	ncbi-genbank	0ce4b430641d5773a2599b158e8732a27ec01684417beda5f8e7ae96502d685e				
MZ286152	MZ286152.1	Anelloviridae sp.		Anelloviridae	Viruses; Floreoviria; Shotokuvirae; Commensaviricota; Cardeaviricetes; Sanitavirales; Anelloviridae	DNA	linear	3705		Homo sapiens	SP46_C1	false	ncbi-genbank	cb3a29f675e079c7d38aa099c74f7ffbd265e347f64d0854625b9af06477112b				
MZ286153	MZ286153.1	Anelloviridae sp.		Anelloviridae	Viruses; Floreoviria; Shotokuvirae; Commensaviricota; Cardeaviricetes; Sanitavirales; Anelloviridae	DNA	linear	2963		Homo sapiens	SP46_C3	false	ncbi-genbank	8ddb65b56502b4979ce4bc283616142301654c8c71e75d3d8e773cbb236097c6				
MZ286154	MZ286154.1	Anelloviridae sp.		Anelloviridae	Viruses; Floreoviria; Shotokuvirae; Commensaviricota; Cardeaviricetes; Sanitavirales; Anelloviridae	DNA	linear	2600		Homo sapiens	SP46_C4	false	ncbi-genbank	eede12d6e311fac6642eafd40beff026f429f19bcbf149a6f5690afae1e8354d				
MZ286156	MZ286156.1	Anelloviridae sp.		Anelloviridae	Viruses; Floreoviria; Shotokuvirae; Commensaviricota; Cardeaviricetes; Sanitavirales; Anelloviridae	DNA	linear	3996		Homo sapiens	SP47_C1	false	ncbi-genbank	6fc50da85cb878fcfbdbc2658e3deaab4dbf766558798c4499c05cc037e21b0c				
MZ286157	MZ286157.1	Anelloviridae sp.		Anelloviridae	Viruses; Floreoviria; Shotokuvirae; Commensaviricota; Cardeaviricetes; Sanitavirales; Anelloviridae	DNA	linear	3428		Homo sapiens	SP47_C2	false	ncbi-genbank	fc816e2c1966d99511a74fdecf64f1780c2b4821df9d4d677aa948214131b914				
MZ286158	MZ286158.1	Anelloviridae sp.		Anelloviridae	Viruses; Floreoviria; Shotokuvirae; Commensaviricota; Cardeaviricetes; Sanitavirales; Anelloviridae	DNA	linear	3353		Homo sapiens	SP47_C3	false	ncbi-genbank	b9be6f75c9f5a4fe1607c4ed64b986c0d9d05204dd631225e6b5c74bd07f5859				
MZ286159	MZ286159.1	Anelloviridae sp.		Anelloviridae	Viruses; Floreoviria; Shotokuvirae; Commensaviricota; Cardeaviricetes; Sanitavirales; Anelloviridae	DNA	linear	3226		Homo sapiens	SP47_C4	false	ncbi-genbank	d73fbc2869e79a37be0e411a52653b2c24d4e221dcec2c46efc9c0958d66f249				
MZ286160	MZ286160.1	Anelloviridae sp.		Anelloviridae	Viruses; Floreoviria; Shotokuvirae; Commensaviricota; Cardeaviricetes; Sanitavirales; Anelloviridae	DNA	linear	3076		Homo sapiens	SP47_C5	false	ncbi-genbank	e90ea6dfc5db0fd9e4885f7e8301ef840fcf260677976b21cae0821f54510ca8				
MZ286161	MZ286161.1	Anelloviridae sp.		Anelloviridae	Viruses; Floreoviria; Shotokuvirae; Commensaviricota; Cardeaviricetes; Sanitavirales; Anelloviridae	DNA	linear	3072		Homo sapiens	SP47_C6	false	ncbi-genbank	3d92e3230dc309fd9cfe4a5040acd58677ca2d31801600bea0b0bb4303d38224				
MZ286163	MZ286163.1	Anelloviridae sp.		Anelloviridae	Viruses; Floreoviria; Shotokuvirae; Commensaviricota; Cardeaviricetes; Sanitavirales; Anelloviridae	DNA	linear	2906		Homo sapiens	SP47_C8	false	ncbi-genbank	c2345681b041354c5c52a6e2ba15945faf33b03908a928ae1db8aa24a7456377				
MZ286164	MZ286164.1	Anelloviridae sp.		Anelloviridae	Viruses; Floreoviria; Shotokuvirae; Commensaviricota; Cardeaviricetes; Sanitavirales; Anelloviridae	DNA	linear	2517		Homo sapiens	SP47_C9	false	ncbi-genbank	58335a398d1b530e55b30428f30cee7794edd14d65e5e10378c52d2faf9653a5				
MZ286165	MZ286165.1	Anelloviridae sp.		Anelloviridae	Viruses; Floreoviria; Shotokuvirae; Commensaviricota; Cardeaviricetes; Sanitavirales; Anelloviridae	DNA	linear	2510		Homo sapiens	SP47_C10	false	ncbi-genbank	afeb928ecb964697319964cefe4f860ebb9e526d6bfa460c7ced150701fdb467				
MZ286168	MZ286168.1	Anelloviridae sp.		Anelloviridae	Viruses; Floreoviria; Shotokuvirae; Commensaviricota; Cardeaviricetes; Sanitavirales; Anelloviridae	DNA	linear	2923		Homo sapiens	SP47_C13	false	ncbi-genbank	fd0262a3290efeb7d21863af54a0ab867dcf005e1a1f239d4c07a623c02508ad				
MZ286170	MZ286170.1	Anelloviridae sp.		Anelloviridae	Viruses; Floreoviria; Shotokuvirae; Commensaviricota; Cardeaviricetes; Sanitavirales; Anelloviridae	DNA	linear	3367		Homo sapiens	SP48_C2	false	ncbi-genbank	efb15ed25e9a4c0def19f3d76971cc4b4ef9055e451248f0632a242a92f81ca6				
MZ286171	MZ286171.1	Anelloviridae sp.		Anelloviridae	Viruses; Floreoviria; Shotokuvirae; Commensaviricota; Cardeaviricetes; Sanitavirales; Anelloviridae	DNA	linear	2938		Homo sapiens	SP48_C4	false	ncbi-genbank	6db962f16c7e1d8c0e1878887f5bc13c9b8c7aba8124f3e14f2e14e71b10b46b				
MZ286172	MZ286172.1	Anelloviridae sp.		Anelloviridae	Viruses; Floreoviria; Shotokuvirae; Commensaviricota; Cardeaviricetes; Sanitavirales; Anelloviridae	DNA	linear	2921		Homo sapiens	SP48_C5	false	ncbi-genbank	b8a46944770cd96602dc405bf432a0b8b7c94392d4f416364f7164669c0251b7				
MZ286173	MZ286173.1	Anelloviridae sp.		Anelloviridae	Viruses; Floreoviria; Shotokuvirae; Commensaviricota; Cardeaviricetes; Sanitavirales; Anelloviridae	DNA	linear	2783		Homo sapiens	SP48_C6	false	ncbi-genbank	34b2c2db644d5dd9a30e5f8fdac21d08f9991f72a795638d6b6cb02368256cd9				
MZ286175	MZ286175.1	Anelloviridae sp.		Anelloviridae	Viruses; Floreoviria; Shotokuvirae; Commensaviricota; Cardeaviricetes; Sanitavirales; Anelloviridae	DNA	linear	2539		Homo sapiens	SP48_C8	false	ncbi-genbank	ade63f320a7defa6942da9a893e0270ed54de271a60dd43fbea57223be0ced76				
MZ286176	MZ286176.1	Anelloviridae sp.		Anelloviridae	Viruses; Floreoviria; Shotokuvirae; Commensaviricota; Cardeaviricetes; Sanitavirales; Anelloviridae	DNA	linear	3275		Homo sapiens	SP49_C1	false	ncbi-genbank	2982b606de7f572cc25375353ee51a56dbe6b1475739395f66c1a2e407b5bd4d				
MZ286177	MZ286177.1	Anelloviridae sp.		Anelloviridae	Viruses; Floreoviria; Shotokuvirae; Commensaviricota; Cardeaviricetes; Sanitavirales; Anelloviridae	DNA	linear	3181		Homo sapiens	SP49_C2	false	ncbi-genbank	b3d4cb156a70c8f7d328ae244b6b8d7b14691a53d469bf74d6de694909c02888				
MZ286180	MZ286180.1	Anelloviridae sp.		Anelloviridae	Viruses; Floreoviria; Shotokuvirae; Commensaviricota; Cardeaviricetes; Sanitavirales; Anelloviridae	DNA	linear	2829		Homo sapiens	SP49_C6	false	ncbi-genbank	82a712395f2b30eb6c87af788cce08896b9b0f93df6848b0722744d562d46c67				
MZ286181	MZ286181.1	Anelloviridae sp.		Anelloviridae	Viruses; Floreoviria; Shotokuvirae; Commensaviricota; Cardeaviricetes; Sanitavirales; Anelloviridae	DNA	linear	3738		Homo sapiens	SP51_C1	false	ncbi-genbank	e43e2d162dc429aa6e2c8e958acfd74caa8589cb50df8da74a16bc9c5fdfb9e7				
MZ286182	MZ286182.1	Anelloviridae sp.		Anelloviridae	Viruses; Floreoviria; Shotokuvirae; Commensaviricota; Cardeaviricetes; Sanitavirales; Anelloviridae	DNA	linear	3651		Homo sapiens	SP51_C2	false	ncbi-genbank	03205d299c9a3157ec55db652da644d422ba0ae4a0c9af4a138ec94c34b4aed4				
MZ286183	MZ286183.1	Anelloviridae sp.		Anelloviridae	Viruses; Floreoviria; Shotokuvirae; Commensaviricota; Cardeaviricetes; Sanitavirales; Anelloviridae	DNA	linear	3621		Homo sapiens	SP51_C3	false	ncbi-genbank	9ab66d54d73f3c99ea1d99ac7f5382ea91b343d2b08e0e566e65557f53c18ac3				
MZ286184	MZ286184.1	Anelloviridae sp.		Anelloviridae	Viruses; Floreoviria; Shotokuvirae; Commensaviricota; Cardeaviricetes; Sanitavirales; Anelloviridae	DNA	linear	3537		Homo sapiens	SP51_C4	false	ncbi-genbank	5c61d6db5ce59eaa4c05e1309766b01e63840066ef066038ffe57a845c286407				
MZ286185	MZ286185.1	Anelloviridae sp.		Anelloviridae	Viruses; Floreoviria; Shotokuvirae; Commensaviricota; Cardeaviricetes; Sanitavirales; Anelloviridae	DNA	linear	3113		Homo sapiens	SP51_C5	false	ncbi-genbank	10d665d444670a6dad12aff1ccadae987f175599b6f3fc209e6d47e3e86bbd33				
MZ286186	MZ286186.1	Anelloviridae sp.		Anelloviridae	Viruses; Floreoviria; Shotokuvirae; Commensaviricota; Cardeaviricetes; Sanitavirales; Anelloviridae	DNA	linear	2946		Homo sapiens	SP51_C10	false	ncbi-genbank	efd79af552efafcc2273430dd28c8948b5cad11ed22ea582f1dafdfa2c3771f4				
MZ286187	MZ286187.1	Anelloviridae sp.		Anelloviridae	Viruses; Floreoviria; Shotokuvirae; Commensaviricota; Cardeaviricetes; Sanitavirales; Anelloviridae	DNA	linear	2942		Homo sapiens	SP51_C11	false	ncbi-genbank	e378b7911988d21d334141e8a3b4520ddfb2e9eb0f77aa97974e0f1bd44e96b2				
MZ286188	MZ286188.1	Anelloviridae sp.		Anelloviridae	Viruses; Floreoviria; Shotokuvirae; Commensaviricota; Cardeaviricetes; Sanitavirales; Anelloviridae	DNA	linear	2932		Homo sapiens	SP51_C12	false	ncbi-genbank	b0f3de584f239eb9752f2eb58d374d545deb41ee1e15c1ffad792707cfd20397				
MZ286190	MZ286190.1	Anelloviridae sp.		Anelloviridae	Viruses; Floreoviria; Shotokuvirae; Commensaviricota; Cardeaviricetes; Sanitavirales; Anelloviridae	DNA	linear	2880		Homo sapiens	SP51_C14	false	ncbi-genbank	47e5a4d5329658f997085d641e28c4ca4892cf89440bc86c3cda73fbe79c4cc3				
MZ286191	MZ286191.1	Anelloviridae sp.		Anelloviridae	Viruses; Floreoviria; Shotokuvirae; Commensaviricota; Cardeaviricetes; Sanitavirales; Anelloviridae	DNA	linear	2850		Homo sapiens	SP51_C15	false	ncbi-genbank	739395660be3dcc385b82fc5e54ed4d13d3818f1d9951b27021f20c3f3d8bce4				
MZ286192	MZ286192.1	Anelloviridae sp.		Anelloviridae	Viruses; Floreoviria; Shotokuvirae; Commensaviricota; Cardeaviricetes; Sanitavirales; Anelloviridae	DNA	linear	2820		Homo sapiens	SP51_C16	false	ncbi-genbank	7977be085e1b23430742b11710bc4459b444908ce0c4fb26df83bb277db96201				
MZ286193	MZ286193.1	Anelloviridae sp.		Anelloviridae	Viruses; Floreoviria; Shotokuvirae; Commensaviricota; Cardeaviricetes; Sanitavirales; Anelloviridae	DNA	linear	2775		Homo sapiens	SP51_C17	false	ncbi-genbank	7f1816f02be683c0997c426789f7796af8bee30509c192177f39e0234cf9a276				
MZ286194	MZ286194.1	Anelloviridae sp.		Anelloviridae	Viruses; Floreoviria; Shotokuvirae; Commensaviricota; Cardeaviricetes; Sanitavirales; Anelloviridae	DNA	linear	2675		Homo sapiens	SP51_C18	false	ncbi-genbank	a1e635b046827f6f87872b14f3e14bc8566799d6c2ea8a49c089a053721f833b				
MZ286195	MZ286195.1	Anelloviridae sp.		Anelloviridae	Viruses; Floreoviria; Shotokuvirae; Commensaviricota; Cardeaviricetes; Sanitavirales; Anelloviridae	DNA	linear	2596		Homo sapiens	SP51_C19	false	ncbi-genbank	742e09e9ebe0589603216dede76d6c6b65ae586ad5b3cd69a125e33ebcf54f01				
MZ286196	MZ286196.1	Anelloviridae sp.		Anelloviridae	Viruses; Floreoviria; Shotokuvirae; Commensaviricota; Cardeaviricetes; Sanitavirales; Anelloviridae	DNA	linear	2581		Homo sapiens	SP51_C20	false	ncbi-genbank	5d4e2fcc11cffb740fee469242b70ce17477351bf989a9c347e771ef2b9a4a8d				
MZ286197	MZ286197.1	Anelloviridae sp.		Anelloviridae	Viruses; Floreoviria; Shotokuvirae; Commensaviricota; Cardeaviricetes; Sanitavirales; Anelloviridae	DNA	linear	2554		Homo sapiens	SP51_C21	false	ncbi-genbank	b6f7e629c8045d7e2883058ff078865b381519defe3f51e1e5523c45cf2ee5ce				
MZ286198	MZ286198.1	Anelloviridae sp.		Anelloviridae	Viruses; Floreoviria; Shotokuvirae; Commensaviricota; Cardeaviricetes; Sanitavirales; Anelloviridae	DNA	linear	2546		Homo sapiens	SP51_C22	false	ncbi-genbank	cdc563768775e0d01384edc3d8a2697654a5f43f08859ed09c952c5dbf9206f8				
MZ286199	MZ286199.1	Anelloviridae sp.		Anelloviridae	Viruses; Floreoviria; Shotokuvirae; Commensaviricota; Cardeaviricetes; Sanitavirales; Anelloviridae	DNA	linear	2506		Homo sapiens	SP51_C23	false	ncbi-genbank	3467f2614ad4a01491e8a0b38b75602284d5d098424515949669beda5753a7e0				
MZ286200	MZ286200.1	Anelloviridae sp.		Anelloviridae	Viruses; Floreoviria; Shotokuvirae; Commensaviricota; Cardeaviricetes; Sanitavirales; Anelloviridae	DNA	linear	2492		Homo sapiens	SP51_C24	false	ncbi-genbank	2d8b7d174aebf71defa9fe23d4ffcde72c28868b25464721302f1cdf5a7a5f99				
MZ286201	MZ286201.1	Anelloviridae sp.		Anelloviridae	Viruses; Floreoviria; Shotokuvirae; Commensaviricota; Cardeaviricetes; Sanitavirales; Anelloviridae	DNA	linear	2463		Homo sapiens	SP51_C25	false	ncbi-genbank	35747c61baccb86adcecb905f7499d434633b38bdb125f39e6d5b1767f145738				
MZ286202	MZ286202.1	Anelloviridae sp.		Anelloviridae	Viruses; Floreoviria; Shotokuvirae; Commensaviricota; Cardeaviricetes; Sanitavirales; Anelloviridae	DNA	linear	2463		Homo sapiens	SP51_C26	false	ncbi-genbank	f7235ce244b631d426db7b86d1f98663201fe847de3190c2cb9c6076563a5cc9				
MZ286203	MZ286203.1	Anelloviridae sp.		Anelloviridae	Viruses; Floreoviria; Shotokuvirae; Commensaviricota; Cardeaviricetes; Sanitavirales; Anelloviridae	DNA	linear	2443		Homo sapiens	SP51_C27	false	ncbi-genbank	8d3370005e73295625514a41f6ee9183c809cf2917ed09f764764a84a2c4e47f				
MZ286205	MZ286205.1	Anelloviridae sp.		Anelloviridae	Viruses; Floreoviria; Shotokuvirae; Commensaviricota; Cardeaviricetes; Sanitavirales; Anelloviridae	DNA	linear	3778		Homo sapiens	SP52_C1	false	ncbi-genbank	313023c50e38e13f3ebbb7a55d432d1fe189e9736932ba09bd751b2cce8db384				
MZ286206	MZ286206.1	Anelloviridae sp.		Anelloviridae	Viruses; Floreoviria; Shotokuvirae; Commensaviricota; Cardeaviricetes; Sanitavirales; Anelloviridae	DNA	linear	3552		Homo sapiens	SP52_C2	false	ncbi-genbank	cb12f7ceec0a2cf7117792be0c4e4498f9efa6ab1f0d71fd7e0fd89f80f29f9e				
MZ286207	MZ286207.1	Anelloviridae sp.		Anelloviridae	Viruses; Floreoviria; Shotokuvirae; Commensaviricota; Cardeaviricetes; Sanitavirales; Anelloviridae	DNA	linear	3016		Homo sapiens	SP53_C1	false	ncbi-genbank	01dae4e6469d7fc0d611471a48848f9a2fae36eff813c409fe19c70add38d44b				
MZ286209	MZ286209.1	Anelloviridae sp.		Anelloviridae	Viruses; Floreoviria; Shotokuvirae; Commensaviricota; Cardeaviricetes; Sanitavirales; Anelloviridae	DNA	linear	3813		Homo sapiens	SP55_C1	false	ncbi-genbank	d32dba3b338831aeae17fe273537f7933a963b2c43d5074b297caff3e9e0344d				
MZ286214	MZ286214.1	Anelloviridae sp.		Anelloviridae	Viruses; Floreoviria; Shotokuvirae; Commensaviricota; Cardeaviricetes; Sanitavirales; Anelloviridae	DNA	linear	2777		Homo sapiens	SP56_C7	false	ncbi-genbank	d491f20a4949c27820f3b68cc6fccba59fd906df73eb12b74453997c3e533360				
MZ286215	MZ286215.1	Anelloviridae sp.		Anelloviridae	Viruses; Floreoviria; Shotokuvirae; Commensaviricota; Cardeaviricetes; Sanitavirales; Anelloviridae	DNA	linear	3809		Homo sapiens	SP57_C1	false	ncbi-genbank	e074002fad52a335b1e1c8534e1a2b6f3f61dd7e9975fccaa3497efdbe7c3946				
MZ286217	MZ286217.1	Anelloviridae sp.		Anelloviridae	Viruses; Floreoviria; Shotokuvirae; Commensaviricota; Cardeaviricetes; Sanitavirales; Anelloviridae	DNA	linear	2779		Homo sapiens	SP58_C3	false	ncbi-genbank	e436f48bb558af14ed4e3427938e6d2e9645258780a99f5c481b6909b00784aa				
MZ286218	MZ286218.1	Anelloviridae sp.		Anelloviridae	Viruses; Floreoviria; Shotokuvirae; Commensaviricota; Cardeaviricetes; Sanitavirales; Anelloviridae	DNA	linear	3161		Homo sapiens	SP59_C1	false	ncbi-genbank	af34a98de0250d87ee923ecd42630056be72a896c1824c81857ecd703241142b				
MZ286219	MZ286219.1	Anelloviridae sp.		Anelloviridae	Viruses; Floreoviria; Shotokuvirae; Commensaviricota; Cardeaviricetes; Sanitavirales; Anelloviridae	DNA	linear	2861		Homo sapiens	SP59_C3	false	ncbi-genbank	118d479423dc46e80fde61e38dd56508d56733712e6828299a0033d6c784196f				
MZ286220	MZ286220.1	Anelloviridae sp.		Anelloviridae	Viruses; Floreoviria; Shotokuvirae; Commensaviricota; Cardeaviricetes; Sanitavirales; Anelloviridae	DNA	linear	3532		Homo sapiens	SP60_C1	false	ncbi-genbank	380c5279e9d2133a4202b1960674ee809a3a1a4e2cc1311c917cfa12fcc7207a				
MZ286221	MZ286221.1	Anelloviridae sp.		Anelloviridae	Viruses; Floreoviria; Shotokuvirae; Commensaviricota; Cardeaviricetes; Sanitavirales; Anelloviridae	DNA	linear	3160		Homo sapiens	SP60_C2	false	ncbi-genbank	b15dfde0c46d3a02718c8c9e8baf93024c4177454e3f051b95f714f484f60b63				
MZ286222	MZ286222.1	Anelloviridae sp.		Anelloviridae	Viruses; Floreoviria; Shotokuvirae; Commensaviricota; Cardeaviricetes; Sanitavirales; Anelloviridae	DNA	linear	2959		Homo sapiens	SP60_C3	false	ncbi-genbank	77face13c32eb8bfb4bce35a7381b2867f29d2a3b0196e846d22d2aebb853869				
MZ286223	MZ286223.1	Anelloviridae sp.		Anelloviridae	Viruses; Floreoviria; Shotokuvirae; Commensaviricota; Cardeaviricetes; Sanitavirales; Anelloviridae	DNA	linear	2861		Homo sapiens	SP60_C6	false	ncbi-genbank	76f8f7235c9ff374423fbf431d283d4a5741c681af35fbae6874b48ba710f9ef				
MZ286224	MZ286224.1	Anelloviridae sp.		Anelloviridae	Viruses; Floreoviria; Shotokuvirae; Commensaviricota; Cardeaviricetes; Sanitavirales; Anelloviridae	DNA	linear	2849		Homo sapiens	SP60_C7	false	ncbi-genbank	765fd6d97ebf20b21aa82cc50dab4010ec5d0404b491fa0901c82ce1cf9f5119				
MZ286225	MZ286225.1	Anelloviridae sp.		Anelloviridae	Viruses; Floreoviria; Shotokuvirae; Commensaviricota; Cardeaviricetes; Sanitavirales; Anelloviridae	DNA	linear	2772		Homo sapiens	SP60_C8	false	ncbi-genbank	7337779e7c5713359da0ddeec492cb65e12396b51bb4c676375f6955ca3d03ea				
MZ286226	MZ286226.1	Anelloviridae sp.		Anelloviridae	Viruses; Floreoviria; Shotokuvirae; Commensaviricota; Cardeaviricetes; Sanitavirales; Anelloviridae	DNA	circular	2988		Homo sapiens	SP1_C2	false	ncbi-genbank	13c8c1b8a48650f3500131dde34a9d46a371e03b51d931e2bb5c08af26fd9171				
MZ286228	MZ286228.1	Anelloviridae sp.		Anelloviridae	Viruses; Floreoviria; Shotokuvirae; Commensaviricota; Cardeaviricetes; Sanitavirales; Anelloviridae	DNA	circular	2808		Homo sapiens	SP3_C14	false	ncbi-genbank	1180bdaa860b60353a3da6180499a634e6769ff27be7e34c69a080d4e7dc4637				
MZ286229	MZ286229.1	Anelloviridae sp.		Anelloviridae	Viruses; Floreoviria; Shotokuvirae; Commensaviricota; Cardeaviricetes; Sanitavirales; Anelloviridae	DNA	circular	2879		Homo sapiens	SP4_C1	false	ncbi-genbank	c9c7f8f2da97d79388c2be9b19dd36769a31093f14858a266ba0d12e7706f565				
MZ286230	MZ286230.1	Anelloviridae sp.		Anelloviridae	Viruses; Floreoviria; Shotokuvirae; Commensaviricota; Cardeaviricetes; Sanitavirales; Anelloviridae	DNA	circular	2848		Homo sapiens	SP4_C2	false	ncbi-genbank	9ac518955e14e014d132ec168ef2c3058f7703a628e075732a3c2535704a248d				
MZ286231	MZ286231.1	Anelloviridae sp.		Anelloviridae	Viruses; Floreoviria; Shotokuvirae; Commensaviricota; Cardeaviricetes; Sanitavirales; Anelloviridae	DNA	circular	2925		Homo sapiens	SP6_C2	false	ncbi-genbank	f40449eb01aa6c01c208b85693151d69bfa7d897e46637c77502a28d932233ba				
MZ286233	MZ286233.1	Anelloviridae sp.		Anelloviridae	Viruses; Floreoviria; Shotokuvirae; Commensaviricota; Cardeaviricetes; Sanitavirales; Anelloviridae	DNA	circular	2937		Homo sapiens	SP6_C7	false	ncbi-genbank	3549a898d5d9378680303669867476690f6c84cf55a2ef9cfcbfc940e6f6dc98				
MZ286234	MZ286234.1	Anelloviridae sp.		Anelloviridae	Viruses; Floreoviria; Shotokuvirae; Commensaviricota; Cardeaviricetes; Sanitavirales; Anelloviridae	DNA	circular	2876		Homo sapiens	SP7_C4	false	ncbi-genbank	8b1d2c046e9108a19f836d92f6148623477ea762f07f8512ed38571d8cbfccc0				
MZ286236	MZ286236.1	Anelloviridae sp.		Anelloviridae	Viruses; Floreoviria; Shotokuvirae; Commensaviricota; Cardeaviricetes; Sanitavirales; Anelloviridae	DNA	circular	2839		Homo sapiens	SP8_C2	false	ncbi-genbank	0e25edf537e7175d55a32eb77d307ebd2c61a2640c6eb413f209cc6a95372640				
MZ286237	MZ286237.1	Anelloviridae sp.		Anelloviridae	Viruses; Floreoviria; Shotokuvirae; Commensaviricota; Cardeaviricetes; Sanitavirales; Anelloviridae	DNA	circular	2876		Homo sapiens	SP9_C1	false	ncbi-genbank	e06bc0cc9d83e287740925aa02a2f1a6b382f30488497e981b121b5ce530ed2c				
MZ286238	MZ286238.1	Anelloviridae sp.		Anelloviridae	Viruses; Floreoviria; Shotokuvirae; Commensaviricota; Cardeaviricetes; Sanitavirales; Anelloviridae	DNA	circular	3268		Homo sapiens	SP13_C2	false	ncbi-genbank	8557219138fe6ef208a8c4829f7e9b34424525cc9a02146130cb3e241c2d0cd8				
MZ286239	MZ286239.1	Anelloviridae sp.		Anelloviridae	Viruses; Floreoviria; Shotokuvirae; Commensaviricota; Cardeaviricetes; Sanitavirales; Anelloviridae	DNA	circular	2906		Homo sapiens	SP14_C3	false	ncbi-genbank	42f259396deef7718c173050615287c8d82669982bb2407dbc90148face03535				
MZ286240	MZ286240.1	Anelloviridae sp.		Anelloviridae	Viruses; Floreoviria; Shotokuvirae; Commensaviricota; Cardeaviricetes; Sanitavirales; Anelloviridae	DNA	circular	2862		Homo sapiens	SP14_C4	false	ncbi-genbank	471c58bf82c3f08f9d49f9d6e583a9fb36dccdd91bfaeff065cd1ebc1b8651d4				
MZ286241	MZ286241.1	Anelloviridae sp.		Anelloviridae	Viruses; Floreoviria; Shotokuvirae; Commensaviricota; Cardeaviricetes; Sanitavirales; Anelloviridae	DNA	circular	2948		Homo sapiens	SP15_C4	false	ncbi-genbank	4232657bc5f1f1a6a11c972bb570442ddeb198bffcdbe847aaf4929ae1dd614e				
MZ286242	MZ286242.1	Anelloviridae sp.		Anelloviridae	Viruses; Floreoviria; Shotokuvirae; Commensaviricota; Cardeaviricetes; Sanitavirales; Anelloviridae	DNA	circular	2859		Homo sapiens	SP16_C1	false	ncbi-genbank	913bbd8013c3df162026086a5e5233d8bc5d0aa70e53587859758103c35d9793				
MZ286243	MZ286243.1	Anelloviridae sp.		Anelloviridae	Viruses; Floreoviria; Shotokuvirae; Commensaviricota; Cardeaviricetes; Sanitavirales; Anelloviridae	DNA	circular	2890		Homo sapiens	SP16_C10	false	ncbi-genbank	3d4cecda375423840cb9fc1728c26e8b72abb9231e50722874a3ed5e01d294d7				
MZ286244	MZ286244.1	Anelloviridae sp.		Anelloviridae	Viruses; Floreoviria; Shotokuvirae; Commensaviricota; Cardeaviricetes; Sanitavirales; Anelloviridae	DNA	circular	2879		Homo sapiens	SP16_C11	false	ncbi-genbank	f3a412dd09e4da45035f55e8b204d3deb94dc7079d08374def85737565076dcb				
MZ286245	MZ286245.1	Anelloviridae sp.		Anelloviridae	Viruses; Floreoviria; Shotokuvirae; Commensaviricota; Cardeaviricetes; Sanitavirales; Anelloviridae	DNA	circular	2781		Homo sapiens	SP16_C15	false	ncbi-genbank	a05cd889de13ce7bde433227261ae38c5bc627f9a85b7cd400ae9ecc5c3fbb73				
MZ286246	MZ286246.1	Anelloviridae sp.		Anelloviridae	Viruses; Floreoviria; Shotokuvirae; Commensaviricota; Cardeaviricetes; Sanitavirales; Anelloviridae	DNA	circular	2961		Homo sapiens	SP19_C1	false	ncbi-genbank	9f10443c054414101cfebedbbf03b1ab493c4e1d6d55ca6296039815d4f9bc85				
MZ286247	MZ286247.1	Anelloviridae sp.		Anelloviridae	Viruses; Floreoviria; Shotokuvirae; Commensaviricota; Cardeaviricetes; Sanitavirales; Anelloviridae	DNA	circular	2713		Homo sapiens	SP20_C5	false	ncbi-genbank	3ae3752a230ecf8d2cfab4f330c209c4afac926b20632aadd1399dd0a39aff71				
MZ286248	MZ286248.1	Anelloviridae sp.		Anelloviridae	Viruses; Floreoviria; Shotokuvirae; Commensaviricota; Cardeaviricetes; Sanitavirales; Anelloviridae	DNA	circular	2825		Homo sapiens	SP22_C4	false	ncbi-genbank	dfb7eaa5c63764cb70602b84fd79c7d256bafe7db4b5700da0f718070c1e1ee5				
MZ286249	MZ286249.1	Anelloviridae sp.		Anelloviridae	Viruses; Floreoviria; Shotokuvirae; Commensaviricota; Cardeaviricetes; Sanitavirales; Anelloviridae	DNA	circular	2860		Homo sapiens	SP23_C3	false	ncbi-genbank	7c2c26079f387206cc4ffcf3b140d1cef23ade09cf6b4f079adf43f04c5aa99d				
MZ286250	MZ286250.1	Anelloviridae sp.		Anelloviridae	Viruses; Floreoviria; Shotokuvirae; Commensaviricota; Cardeaviricetes; Sanitavirales; Anelloviridae	DNA	circular	2852		Homo sapiens	SP24_C7	false	ncbi-genbank	f61978ea4785d42160eec7acd10217a1b2adb3be3713d04ea673eb5c2d352e31				
MZ286252	MZ286252.1	Anelloviridae sp.		Anelloviridae	Viruses; Floreoviria; Shotokuvirae; Commensaviricota; Cardeaviricetes; Sanitavirales; Anelloviridae	DNA	circular	2832		Homo sapiens	SP28_C1	false	ncbi-genbank	e60ae18120825603b8db082de1ecefd29cfaa2f268f5e6f64eb0b38da51c2bff				
MZ286253	MZ286253.1	Anelloviridae sp.		Anelloviridae	Viruses; Floreoviria; Shotokuvirae; Commensaviricota; Cardeaviricetes; Sanitavirales; Anelloviridae	DNA	circular	2920		Homo sapiens	SP28_C4	false	ncbi-genbank	30b3eb3cfb1415b15f86b1dcb0ab47795c97aa2c8647ac8f18b7442fd8bcc0d8				
MZ286254	MZ286254.1	Anelloviridae sp.		Anelloviridae	Viruses; Floreoviria; Shotokuvirae; Commensaviricota; Cardeaviricetes; Sanitavirales; Anelloviridae	DNA	circular	2978		Homo sapiens	SP30_C2	false	ncbi-genbank	16f595cf9433dd02ed612a5e88f678e83b45635f645c508868ba4841e7acbbc7				
MZ286255	MZ286255.1	Anelloviridae sp.		Anelloviridae	Viruses; Floreoviria; Shotokuvirae; Commensaviricota; Cardeaviricetes; Sanitavirales; Anelloviridae	DNA	circular	2832		Homo sapiens	SP30_C4	false	ncbi-genbank	fb092c2dbc74c7bf8a387b5d89937cb78a0c0e4b9de57890e1589f263261830a				
MZ286256	MZ286256.1	Anelloviridae sp.		Anelloviridae	Viruses; Floreoviria; Shotokuvirae; Commensaviricota; Cardeaviricetes; Sanitavirales; Anelloviridae	DNA	circular	2811		Homo sapiens	SP30_C6	false	ncbi-genbank	d61151789d551dd90f7141a831564fd0ad99756ec56b2d313a3bd721a7fd3f34				
MZ286257	MZ286257.1	Anelloviridae sp.		Anelloviridae	Viruses; Floreoviria; Shotokuvirae; Commensaviricota; Cardeaviricetes; Sanitavirales; Anelloviridae	DNA	circular	2762		Homo sapiens	SP30_C7	false	ncbi-genbank	448780cd292120d60fcb684f3767385b1852543b3df302198a693d217777116d				
MZ286258	MZ286258.1	Anelloviridae sp.		Anelloviridae	Viruses; Floreoviria; Shotokuvirae; Commensaviricota; Cardeaviricetes; Sanitavirales; Anelloviridae	DNA	circular	2952		Homo sapiens	SP31_C4	false	ncbi-genbank	49b6c983ca7b8be5a5b4dd4d57a36b4996f1833193f54a267567709964fe7c2f				
MZ286259	MZ286259.1	Anelloviridae sp.		Anelloviridae	Viruses; Floreoviria; Shotokuvirae; Commensaviricota; Cardeaviricetes; Sanitavirales; Anelloviridae	DNA	circular	2821		Homo sapiens	SP34_C1	false	ncbi-genbank	b0ddf02b94df102e74f94706425e4c7b05d203276b5340de3f5fb1dd54dc9233				
MZ286260	MZ286260.1	Anelloviridae sp.		Anelloviridae	Viruses; Floreoviria; Shotokuvirae; Commensaviricota; Cardeaviricetes; Sanitavirales; Anelloviridae	DNA	circular	2928		Homo sapiens	SP35_C2	false	ncbi-genbank	e7f095e8f202e7d27bd43d26730d2ab3fbd9a888361b5669e1fe751798d66596				
MZ286262	MZ286262.1	Anelloviridae sp.		Anelloviridae	Viruses; Floreoviria; Shotokuvirae; Commensaviricota; Cardeaviricetes; Sanitavirales; Anelloviridae	DNA	circular	2849		Homo sapiens	SP35_C6	false	ncbi-genbank	204c044cdd158138001d002f732024d2ae3d66a29903f076906058c88d6f30c8				
MZ286263	MZ286263.1	Anelloviridae sp.		Anelloviridae	Viruses; Floreoviria; Shotokuvirae; Commensaviricota; Cardeaviricetes; Sanitavirales; Anelloviridae	DNA	circular	2878		Homo sapiens	SP36_C2	false	ncbi-genbank	0aa6f8c68db9ec1f3663852c280662e429c059f2ab8037a4f264fcfa423c9cb2				
MZ286264	MZ286264.1	Anelloviridae sp.		Anelloviridae	Viruses; Floreoviria; Shotokuvirae; Commensaviricota; Cardeaviricetes; Sanitavirales; Anelloviridae	DNA	circular	2851		Homo sapiens	SP36_C3	false	ncbi-genbank	23fc8b27e9a2669045e3a2f4f3ff88c9c95f5c7fd3f9a0a0676d62f1c61391cc				
MZ286265	MZ286265.1	Anelloviridae sp.		Anelloviridae	Viruses; Floreoviria; Shotokuvirae; Commensaviricota; Cardeaviricetes; Sanitavirales; Anelloviridae	DNA	circular	2848		Homo sapiens	SP37_C5	false	ncbi-genbank	efe4fd645285bdf8b10d8af0f7e831f391e130019dbb2a2860ead5e474f75d05				
MZ286266	MZ286266.1	Anelloviridae sp.		Anelloviridae	Viruses; Floreoviria; Shotokuvirae; Commensaviricota; Cardeaviricetes; Sanitavirales; Anelloviridae	DNA	circular	2802		Homo sapiens	SP37_C6	false	ncbi-genbank	9aefd1dd8a69dd673d5fea3e0a7fbe2c17d270b9d685cb1ae170ae98e69a3419				
MZ286267	MZ286267.1	Anelloviridae sp.		Anelloviridae	Viruses; Floreoviria; Shotokuvirae; Commensaviricota; Cardeaviricetes; Sanitavirales; Anelloviridae	DNA	circular	2823		Homo sapiens	SP38_C2	false	ncbi-genbank	95a0dae793efaceda8c827c7acc4f7b5d7032a84c8649baa20343f574ee6d6e6				
MZ286268	MZ286268.1	Anelloviridae sp.		Anelloviridae	Viruses; Floreoviria; Shotokuvirae; Commensaviricota; Cardeaviricetes; Sanitavirales; Anelloviridae	DNA	circular	2965		Homo sapiens	SP41_C2	false	ncbi-genbank	5daea25a335ba4559d6b2bb17de45fb8552a64b1f64eea9d2b66c8e219c4d4df				
MZ286269	MZ286269.1	Anelloviridae sp.		Anelloviridae	Viruses; Floreoviria; Shotokuvirae; Commensaviricota; Cardeaviricetes; Sanitavirales; Anelloviridae	DNA	circular	2888		Homo sapiens	SP41_C4	false	ncbi-genbank	f9310d98b9012eca49a07ace4db34b71bbc0908c40de01d4e1f980077031a7d6				
MZ286270	MZ286270.1	Anelloviridae sp.		Anelloviridae	Viruses; Floreoviria; Shotokuvirae; Commensaviricota; Cardeaviricetes; Sanitavirales; Anelloviridae	DNA	circular	2781		Homo sapiens	SP41_C5	false	ncbi-genbank	d269267ad431e6398a202f518d0f4a3d253d82ee49dea0c83e1a5b1218a4a1cb				
MZ286271	MZ286271.1	Anelloviridae sp.		Anelloviridae	Viruses; Floreoviria; Shotokuvirae; Commensaviricota; Cardeaviricetes; Sanitavirales; Anelloviridae	DNA	circular	2855		Homo sapiens	SP42_C2	false	ncbi-genbank	7bd09c882e7076cecceea2923977f196fa975780dc3e9e1f7254c52ca8e0ca21				
MZ286272	MZ286272.1	Anelloviridae sp.		Anelloviridae	Viruses; Floreoviria; Shotokuvirae; Commensaviricota; Cardeaviricetes; Sanitavirales; Anelloviridae	DNA	circular	2849		Homo sapiens	SP43_C4	false	ncbi-genbank	e97668947747304f22b4017cfafe5a6ad08ae1b1d1100274d7d02e7909be3a59				
MZ286273	MZ286273.1	Anelloviridae sp.		Anelloviridae	Viruses; Floreoviria; Shotokuvirae; Commensaviricota; Cardeaviricetes; Sanitavirales; Anelloviridae	DNA	circular	2834		Homo sapiens	SP43_C5	false	ncbi-genbank	eef6c4ed45bf77caf902030b9317e5e40b586d159c1e8374c0c09e90b66ce1b1				
MZ286274	MZ286274.1	Anelloviridae sp.		Anelloviridae	Viruses; Floreoviria; Shotokuvirae; Commensaviricota; Cardeaviricetes; Sanitavirales; Anelloviridae	DNA	circular	2840		Homo sapiens	SP43_C6	false	ncbi-genbank	423127fcc31ea75008ceb4630253dcf56423eb9eba0559e1389caeb6bee1a740				
MZ286275	MZ286275.1	Anelloviridae sp.		Anelloviridae	Viruses; Floreoviria; Shotokuvirae; Commensaviricota; Cardeaviricetes; Sanitavirales; Anelloviridae	DNA	circular	2762		Homo sapiens	SP43_C8	false	ncbi-genbank	93bbaf677837c2402a6fa26ff86f5de0ed4a00530182bb1560750ca80e925ce2				
MZ286276	MZ286276.1	Anelloviridae sp.		Anelloviridae	Viruses; Floreoviria; Shotokuvirae; Commensaviricota; Cardeaviricetes; Sanitavirales; Anelloviridae	DNA	circular	2876		Homo sapiens	SP45_C11	false	ncbi-genbank	4e2f39f14def198c4039d54ea754c06fefc8773ed1f70909b61bbf6733444bfc				
MZ286277	MZ286277.1	Anelloviridae sp.		Anelloviridae	Viruses; Floreoviria; Shotokuvirae; Commensaviricota; Cardeaviricetes; Sanitavirales; Anelloviridae	DNA	circular	2810		Homo sapiens	SP45_C12	false	ncbi-genbank	8652338685c9e081f252e759211a26a8d503366a793ee1e83b4ddccd3d4d6ea5				
MZ286278	MZ286278.1	Anelloviridae sp.		Anelloviridae	Viruses; Floreoviria; Shotokuvirae; Commensaviricota; Cardeaviricetes; Sanitavirales; Anelloviridae	DNA	circular	2908		Homo sapiens	SP46_C2	false	ncbi-genbank	395bc342afb01eb327b52b5f1e6ae9994a7431d1cf45c103ecd6aa639b7d6916				
MZ286279	MZ286279.1	Anelloviridae sp.		Anelloviridae	Viruses; Floreoviria; Shotokuvirae; Commensaviricota; Cardeaviricetes; Sanitavirales; Anelloviridae	DNA	circular	2962		Homo sapiens	SP48_C3	false	ncbi-genbank	b7e9cd21e39a976f96a14d2f5002d662cfe6cc829533c4892c36412bd9d39302				
MZ286280	MZ286280.1	Anelloviridae sp.		Anelloviridae	Viruses; Floreoviria; Shotokuvirae; Commensaviricota; Cardeaviricetes; Sanitavirales; Anelloviridae	DNA	circular	2859		Homo sapiens	SP49_C5	false	ncbi-genbank	93b9827e4a421d90d8399696e50f3240088fd720ad0eed8801b9eaee332c83f1				
MZ286281	MZ286281.1	Anelloviridae sp.		Anelloviridae	Viruses; Floreoviria; Shotokuvirae; Commensaviricota; Cardeaviricetes; Sanitavirales; Anelloviridae	DNA	circular	2963		Homo sapiens	SP51_C6	false	ncbi-genbank	dd302fc837efe36353b8f44d1ac305142acae07bb9a8659b60bebf20055da265				
MZ286282	MZ286282.1	Anelloviridae sp.		Anelloviridae	Viruses; Floreoviria; Shotokuvirae; Commensaviricota; Cardeaviricetes; Sanitavirales; Anelloviridae	DNA	circular	2958		Homo sapiens	SP51_C7	false	ncbi-genbank	baeb6fb1acb3ae496e5b11ea9d673f08abb644bb174166341fb5e664185ee941				
MZ286284	MZ286284.1	Anelloviridae sp.		Anelloviridae	Viruses; Floreoviria; Shotokuvirae; Commensaviricota; Cardeaviricetes; Sanitavirales; Anelloviridae	DNA	circular	2907		Homo sapiens	SP51_C9	false	ncbi-genbank	4f6c321f02973d4a3d85985945b22d375679ad6076812db1ba3854f77eac5771				
MZ286285	MZ286285.1	Anelloviridae sp.		Anelloviridae	Viruses; Floreoviria; Shotokuvirae; Commensaviricota; Cardeaviricetes; Sanitavirales; Anelloviridae	DNA	circular	2963		Homo sapiens	SP52_C3	false	ncbi-genbank	b9a97719c1bc1e9594fc97ab05b2a5cc4537f053656bc21298e14ad10c8c0b3a				
MZ286286	MZ286286.1	Anelloviridae sp.		Anelloviridae	Viruses; Floreoviria; Shotokuvirae; Commensaviricota; Cardeaviricetes; Sanitavirales; Anelloviridae	DNA	circular	2837		Homo sapiens	SP56_C3	false	ncbi-genbank	a8b5d6d9a626509e1076a077482479252f594ecff483ce589c2607fb6c44f0bc				
MZ286288	MZ286288.1	Anelloviridae sp.		Anelloviridae	Viruses; Floreoviria; Shotokuvirae; Commensaviricota; Cardeaviricetes; Sanitavirales; Anelloviridae	DNA	circular	2898		Homo sapiens	SP56_C6	false	ncbi-genbank	dd08ee38a02abfe63af48ff603c63510c78f6ef9fa1afe3be86a2e99e7538707				
MZ286289	MZ286289.1	Anelloviridae sp.		Anelloviridae	Viruses; Floreoviria; Shotokuvirae; Commensaviricota; Cardeaviricetes; Sanitavirales; Anelloviridae	DNA	circular	2847		Homo sapiens	SP57_C2	false	ncbi-genbank	e27d95e6b575461ea1a538b1c6e9594e7e56b76d1abe153e6f29b9e703fabab3				
MZ286290	MZ286290.1	Anelloviridae sp.		Anelloviridae	Viruses; Floreoviria; Shotokuvirae; Commensaviricota; Cardeaviricetes; Sanitavirales; Anelloviridae	DNA	circular	2834		Homo sapiens	SP58_C2	false	ncbi-genbank	3ff1b9740200adb4eee9093bb656052815e77179943f21d2c3b3d3999311acb9				
MZ286291	MZ286291.1	Anelloviridae sp.		Anelloviridae	Viruses; Floreoviria; Shotokuvirae; Commensaviricota; Cardeaviricetes; Sanitavirales; Anelloviridae	DNA	circular	2824		Homo sapiens	SP59_C2	false	ncbi-genbank	f63817756f44756ff6558e64223ca96fb09ca6ad64b1a62880d7aca04b6570a5				
MZ286292	MZ286292.1	Anelloviridae sp.		Anelloviridae	Viruses; Floreoviria; Shotokuvirae; Commensaviricota; Cardeaviricetes; Sanitavirales; Anelloviridae	DNA	circular	2889		Homo sapiens	SP60_C4	false	ncbi-genbank	4e848f63a8b0c99902bcd37c7ee2a943690cc37d1df53c65a650946fd0060b30				
MZ825126	MZ825126.1	Anelloviridae sp.		Anelloviridae	Viruses; Floreoviria; Shotokuvirae; Commensaviricota; Cardeaviricetes; Sanitavirales; Anelloviridae	DNA	circular	2972		Homo sapiens	SPI29_C3	false	ncbi-genbank	f2a418f843e2646beed206116d66a5056230ab3b994fb44f7f9d6ae7fda256b4				
OQ283124	OQ283124.1	Anelloviridae sp.		Anelloviridae	Viruses; Floreoviria; Shotokuvirae; Commensaviricota; Cardeaviricetes; Sanitavirales; Anelloviridae	DNA	linear	3512		Homo sapiens	humanfe115av01	false	ncbi-genbank	eebfbc1434ba130524a7ae8f01fefe45593f4d788a4fab2d9a8d24fab15cd850				
OR148953	OR148953.1	Anellovirus D_HF6_322		Anelloviridae	Viruses; Floreoviria; Shotokuvirae; Commensaviricota; Cardeaviricetes; Sanitavirales; Anelloviridae	DNA	circular	3780		Homo sapiens	D_HF6_322	false	ncbi-genbank	f05fa0d56d81208a129e667444bd6aab5d4f4051862abc647f4d3de19002d2d5				
OR148954	OR148954.1	Anellovirus D_HF6_591		Anelloviridae	Viruses; Floreoviria; Shotokuvirae; Commensaviricota; Cardeaviricetes; Sanitavirales; Anelloviridae	DNA	circular	2876		Homo sapiens	D_HF6_591	false	ncbi-genbank	0950f63a45a80e6a8e7c57681a43061384edd38734754ca8379d5f2b80f3e6d7				
OR148955	OR148955.1	Anellovirus D_HF7_66		Anelloviridae	Viruses; Floreoviria; Shotokuvirae; Commensaviricota; Cardeaviricetes; Sanitavirales; Anelloviridae	DNA	circular	3789		Homo sapiens	D_HF7_66	false	ncbi-genbank	68f9103505160aff605bd165aa64c38b4cfe497e008e9150e9a752ce42b563aa				
MT501646	MT501646.1	Anellovirus cya/2019		Anelloviridae	Viruses; Floreoviria; Shotokuvirae; Commensaviricota; Cardeaviricetes; Sanitavirales; Anelloviridae	DNA	circular	3651		Homo sapiens	cya/2019	false	ncbi-genbank	b248a8f168187c8f1d3e4503888949160768a28a068a3a0a62cc590db9105e18				
OZ258776	OZ258776.1	Anellovirus sp.		Anelloviridae	Viruses; Floreoviria; Shotokuvirae; Commensaviricota; Cardeaviricetes; Sanitavirales; Anelloviridae	DNA	circular	2892		Homo sapiens		false	ncbi-genbank	2975cfb32fab4cf69b529f6deeef69c6375fe3414da7a0efc8855258e67a2e9a				
JQ690763	JQ690763.1	Avian gyrovirus 2	Gyrovirus	Anelloviridae	Viruses; Floreoviria; Shotokuvirae; Commensaviricota; Cardeaviricetes; Sanitavirales; Anelloviridae; Gyrovirus; Gyrovirus galga1	DNA	circular	2375		Homo sapiens	China	false	ncbi-genbank	e7420321cb30348dfbb28e21f4e6b7c0d074894c0826e519a2281581acbf62a6				
OZ258650	OZ258650.1	Betatorquevirus homini1	Betatorquevirus	Anelloviridae	Viruses; Floreoviria; Shotokuvirae; Commensaviricota; Cardeaviricetes; Sanitavirales; Anelloviridae; Betatorquevirus	DNA	circular	2845		Homo sapiens		false	ncbi-genbank	698131bf9bf52b05f16df6262fc6ed84156a5edb187071a4b6523f0b76247aac				
KY856742	KY856742.1	Betatorquevirus homini13	Betatorquevirus	Anelloviridae	Viruses; Floreoviria; Shotokuvirae; Commensaviricota; Cardeaviricetes; Sanitavirales; Anelloviridae; Betatorquevirus	DNA	circular	2943		Homo sapiens	zhenjiang	false	ncbi-genbank	b2689fdf311182d546e0972b46f573a57921fc4ab30aa89743abbead6df118f2				
JX134044	JX134044.1	Betatorquevirus homini15	Betatorquevirus	Anelloviridae	Viruses; Floreoviria; Shotokuvirae; Commensaviricota; Cardeaviricetes; Sanitavirales; Anelloviridae; Betatorquevirus	DNA	circular	2912		Homo sapiens	TTMV_LY1	false	ncbi-genbank	89fa8227be1e49b6725fcebff0cbae3f8a3f5a975c2c2e6d849a5b174c87ed61				
OZ258778	OZ258778.1	Betatorquevirus homini15	Betatorquevirus	Anelloviridae	Viruses; Floreoviria; Shotokuvirae; Commensaviricota; Cardeaviricetes; Sanitavirales; Anelloviridae; Betatorquevirus	DNA	circular	2935		Homo sapiens		false	ncbi-genbank	13405c8a952ffc15de3fbd7ab93469c79d7b334094f2bc336ce4e9c7aa19600d				
MH648907	MH648907.1	Betatorquevirus homini17	Betatorquevirus	Anelloviridae	Viruses; Floreoviria; Shotokuvirae; Commensaviricota; Cardeaviricetes; Sanitavirales; Anelloviridae; Betatorquevirus	DNA	circular	2550			ctcf040	false	ncbi-genbank	2c17f5640433db4494aa06b3fd2f79089a12b01199230edd887cd4a3ca919662				
KF764701	KF764701.1	Betatorquevirus homini18	Betatorquevirus	Anelloviridae	Viruses; Floreoviria; Shotokuvirae; Commensaviricota; Cardeaviricetes; Sanitavirales; Anelloviridae; Betatorquevirus	DNA	circular	2853		Homo sapiens	D11	false	ncbi-genbank	eb377aa6af8bf4516a4492ed5d434025a1777f0c5a2b545852bd7bf74bb9a091				
JX134046	JX134046.1	Betatorquevirus homini19	Betatorquevirus	Anelloviridae	Viruses; Floreoviria; Shotokuvirae; Commensaviricota; Cardeaviricetes; Sanitavirales; Anelloviridae; Betatorquevirus	DNA	circular	2915		Homo sapiens	TTMV_LY3	false	ncbi-genbank	62e12db3e8ced5cfecd8814984deb641b1ac69bb2228a17176e8ae2cf828751a				
MH648989	MH648989.1	Betatorquevirus homini20	Betatorquevirus	Anelloviridae	Viruses; Floreoviria; Shotokuvirae; Commensaviricota; Cardeaviricetes; Sanitavirales; Anelloviridae; Betatorquevirus	DNA	circular	2854			ctga035	false	ncbi-genbank	4aaca510c0a964d1cc03a94bf977696fe953ca19c0f9a03f1d574f8dfedfea63				
MH648910	MH648910.1	Betatorquevirus homini21	Betatorquevirus	Anelloviridae	Viruses; Floreoviria; Shotokuvirae; Commensaviricota; Cardeaviricetes; Sanitavirales; Anelloviridae; Betatorquevirus	DNA	circular	1871			ctcd026	false	ncbi-genbank	1d0abf4537a157740385a79f9b36f1f8f23e04eebde88d9d2c77590d186bba50				
MK212031	MK212031.1	Betatorquevirus homini22	Betatorquevirus	Anelloviridae	Viruses; Floreoviria; Shotokuvirae; Commensaviricota; Cardeaviricetes; Sanitavirales; Anelloviridae; Betatorquevirus	DNA	circular	2907		Homo sapiens	vzttmv4	false	ncbi-genbank	ba6d45f47eac2fc326078ebd5ae61297987dd3581834ceaa34f0c174c614e133				
MH649141	MH649141.1	Betatorquevirus homini24	Betatorquevirus	Anelloviridae	Viruses; Floreoviria; Shotokuvirae; Commensaviricota; Cardeaviricetes; Sanitavirales; Anelloviridae; Betatorquevirus	DNA	circular	2668			ctbc019	false	ncbi-genbank	b0857e2fdd29673cbec7017b3dfae38f62ee13cd852a73d1ad79209901c4e821				
MH648986	MH648986.1	Betatorquevirus homini25	Betatorquevirus	Anelloviridae	Viruses; Floreoviria; Shotokuvirae; Commensaviricota; Cardeaviricetes; Sanitavirales; Anelloviridae; Betatorquevirus	DNA	circular	2368			ctbd020	false	ncbi-genbank	73c181066193fc6cb56f6f6c4860bd961f44be4d4bbca255865608063c879f59				
MH017563	MH017563.1	Betatorquevirus homini28	Betatorquevirus	Anelloviridae	Viruses; Floreoviria; Shotokuvirae; Commensaviricota; Cardeaviricetes; Sanitavirales; Anelloviridae; Betatorquevirus	DNA	circular	2839		Homo sapiens	BNI-700835-G3-CSF	false	ncbi-genbank	ba33c2afcabc5733248124c8eb54214905d8fcbf65e89d8a8a9272541379ac62				
KX810064	KX810064.1	Betatorquevirus homini29	Betatorquevirus	Anelloviridae	Viruses; Floreoviria; Shotokuvirae; Commensaviricota; Cardeaviricetes; Sanitavirales; Anelloviridae; Betatorquevirus	DNA	circular	2938		Homo sapiens	Emory2	false	ncbi-genbank	9a2a5db2a5af550c140a7fc10b9fdb4ea64fce976b3b4a26ce6deeaa4e9957af				
MH648912	MH648912.1	Betatorquevirus homini30	Betatorquevirus	Anelloviridae	Viruses; Floreoviria; Shotokuvirae; Commensaviricota; Cardeaviricetes; Sanitavirales; Anelloviridae; Betatorquevirus	DNA	circular	2679			ctea38	false	ncbi-genbank	177d15b7802c11125f92dac5c3f1a115f321893ece8a2219f6ffac0f47c8bf0b				
MH649017	MH649017.1	Betatorquevirus homini31	Betatorquevirus	Anelloviridae	Viruses; Floreoviria; Shotokuvirae; Commensaviricota; Cardeaviricetes; Sanitavirales; Anelloviridae; Betatorquevirus	DNA	circular	2810			ctbb016	false	ncbi-genbank	31865ff2311b14978c7051827b323c8f24880e0e1873fcf04a31a53bb98a3bc3				
MH649029	MH649029.1	Betatorquevirus homini33	Betatorquevirus	Anelloviridae	Viruses; Floreoviria; Shotokuvirae; Commensaviricota; Cardeaviricetes; Sanitavirales; Anelloviridae; Betatorquevirus	DNA	circular	1744			ctbi042	false	ncbi-genbank	5e5dff99880a5662624fb37adb062dc8a3d1979b8006c2fc414acb35adb73485				
MH649114	MH649114.1	Betatorquevirus homini34	Betatorquevirus	Anelloviridae	Viruses; Floreoviria; Shotokuvirae; Commensaviricota; Cardeaviricetes; Sanitavirales; Anelloviridae; Betatorquevirus	DNA	circular	2536			ctbf050	false	ncbi-genbank	5fbc3c7d4a8fdf4ee0b94599d346e253c7d246449b134022c584b9b15eb06f5c				
MH648966	MH648966.1	Betatorquevirus homini35	Betatorquevirus	Anelloviridae	Viruses; Floreoviria; Shotokuvirae; Commensaviricota; Cardeaviricetes; Sanitavirales; Anelloviridae; Betatorquevirus	DNA	circular	2407			ctei055	false	ncbi-genbank	1621b0e9eec580e1b27faa0a20711f7c9f83eb76dfdea14cea85ef006bcbf383				
OZ258723	OZ258723.1	Betatorquevirus homini36	Betatorquevirus	Anelloviridae	Viruses; Floreoviria; Shotokuvirae; Commensaviricota; Cardeaviricetes; Sanitavirales; Anelloviridae; Betatorquevirus	DNA	circular	2810		Homo sapiens		false	ncbi-genbank	aabec0ee108775b5e4a140426dfd71d80eb58fa49f359110ec8bd1218814439c				
MH649209	MH649209.1	Betatorquevirus homini37	Betatorquevirus	Anelloviridae	Viruses; Floreoviria; Shotokuvirae; Commensaviricota; Cardeaviricetes; Sanitavirales; Anelloviridae; Betatorquevirus	DNA	circular	2381			ctbg056	false	ncbi-genbank	08625bb982208175211222b847c5ce0298804943c4276d52da9908102a3de934				
MH648982	MH648982.1	Betatorquevirus homini38	Betatorquevirus	Anelloviridae	Viruses; Floreoviria; Shotokuvirae; Commensaviricota; Cardeaviricetes; Sanitavirales; Anelloviridae; Betatorquevirus	DNA	circular	2691			ctbf014	false	ncbi-genbank	63747d1183b3e440f2f1e4b0813665c0db44ea9de6adbef529d173737f986bb2				
OZ258626	OZ258626.1	Betatorquevirus homini38	Betatorquevirus	Anelloviridae	Viruses; Floreoviria; Shotokuvirae; Commensaviricota; Cardeaviricetes; Sanitavirales; Anelloviridae; Betatorquevirus	DNA	circular	2836		Homo sapiens		false	ncbi-genbank	3ce39bdc7fc057dfa3a6f3ec240d9bd6d775745eabcddcd73ba3649533d1a598				
OK574350	OK574350.1	Betatorquevirus sp.	Betatorquevirus	Anelloviridae	Viruses; Floreoviria; Shotokuvirae; Commensaviricota; Cardeaviricetes; Sanitavirales; Anelloviridae; Betatorquevirus	DNA	circular	2900		Homo sapiens	TF1YBNDCY	false	ncbi-genbank	a5899292587814cb8ffe17a0f0d30976b51b7cab1d15527bbd089140ffc0a929				
OK574352	OK574352.1	Betatorquevirus sp.	Betatorquevirus	Anelloviridae	Viruses; Floreoviria; Shotokuvirae; Commensaviricota; Cardeaviricetes; Sanitavirales; Anelloviridae; Betatorquevirus	DNA	circular	2939		Homo sapiens	TF1YBNGHH	false	ncbi-genbank	740acfb5fad1ae0a4c975bd2752249cac7101e9ae2da74e8790d66e0d69dbd41				
OK574362	OK574362.1	Betatorquevirus sp.	Betatorquevirus	Anelloviridae	Viruses; Floreoviria; Shotokuvirae; Commensaviricota; Cardeaviricetes; Sanitavirales; Anelloviridae; Betatorquevirus	DNA	circular	2805		Homo sapiens	TF1YBNRX3	false	ncbi-genbank	7d8b76bdaf51b3ca3dd3a08862106bbb0dfe61e25f25f80e156c3f50c4ac30cf				
OK574363	OK574363.1	Betatorquevirus sp.	Betatorquevirus	Anelloviridae	Viruses; Floreoviria; Shotokuvirae; Commensaviricota; Cardeaviricetes; Sanitavirales; Anelloviridae; Betatorquevirus	DNA	circular	2953		Homo sapiens	TF1YBNFZ8	false	ncbi-genbank	8347cf284c521b3ee9168f9c698846fc0f765ed15cc2bb4bfb9522abaa950bf7				
OK574365	OK574365.1	Betatorquevirus sp.	Betatorquevirus	Anelloviridae	Viruses; Floreoviria; Shotokuvirae; Commensaviricota; Cardeaviricetes; Sanitavirales; Anelloviridae; Betatorquevirus	DNA	circular	2842		Homo sapiens	TF1YBNDFQ	false	ncbi-genbank	f5bba3b4e0984d17a9c36a8857c08a32b44869c096df36f2add21c45a04ee7f6				
OK574370	OK574370.1	Betatorquevirus sp.	Betatorquevirus	Anelloviridae	Viruses; Floreoviria; Shotokuvirae; Commensaviricota; Cardeaviricetes; Sanitavirales; Anelloviridae; Betatorquevirus	DNA	circular	2958		Homo sapiens	TF1YBNFH7	false	ncbi-genbank	f8b75d06e11aecf042ac9b771a3cbe5e13f1bd89e66594f337acdf24dd17c688				
OK574371	OK574371.1	Betatorquevirus sp.	Betatorquevirus	Anelloviridae	Viruses; Floreoviria; Shotokuvirae; Commensaviricota; Cardeaviricetes; Sanitavirales; Anelloviridae; Betatorquevirus	DNA	circular	2863		Homo sapiens	TF1YBNRTW	false	ncbi-genbank	3484eac2f9b8e2293dd6fb95657007197ae576c00fa257627bbeea38aadaa5c9				
OK574383	OK574383.1	Betatorquevirus sp.	Betatorquevirus	Anelloviridae	Viruses; Floreoviria; Shotokuvirae; Commensaviricota; Cardeaviricetes; Sanitavirales; Anelloviridae; Betatorquevirus	DNA	circular	2901		Homo sapiens	TF1YBN8M6	false	ncbi-genbank	6a6bd64bda8d24d4a3166e8ef44a8fa26aeb9250c2ce376cc28d87830ff63408				
OK574387	OK574387.1	Betatorquevirus sp.	Betatorquevirus	Anelloviridae	Viruses; Floreoviria; Shotokuvirae; Commensaviricota; Cardeaviricetes; Sanitavirales; Anelloviridae; Betatorquevirus	DNA	circular	2967		Homo sapiens	TF1YBNG3N	false	ncbi-genbank	65230201dd4e9d1a038eaf398cb806470bcad486c40b211d84ebea4664fb177a				
OK574388	OK574388.1	Betatorquevirus sp.	Betatorquevirus	Anelloviridae	Viruses; Floreoviria; Shotokuvirae; Commensaviricota; Cardeaviricetes; Sanitavirales; Anelloviridae; Betatorquevirus	DNA	circular	2866		Homo sapiens	TF1YBNF59	false	ncbi-genbank	39b57d7154c816e4e7e0ad1151d4e5211a7629dd4d5f38fd875e94d71d6d3803				
OK574394	OK574394.1	Betatorquevirus sp.	Betatorquevirus	Anelloviridae	Viruses; Floreoviria; Shotokuvirae; Commensaviricota; Cardeaviricetes; Sanitavirales; Anelloviridae; Betatorquevirus	DNA	circular	2930		Homo sapiens	TF1YBNDQH	false	ncbi-genbank	24c0adc3b630dacd10206ce46113cb43d81163b41cd09affe478f1e9d3243f8a				
OK574395	OK574395.1	Betatorquevirus sp.	Betatorquevirus	Anelloviridae	Viruses; Floreoviria; Shotokuvirae; Commensaviricota; Cardeaviricetes; Sanitavirales; Anelloviridae; Betatorquevirus	DNA	circular	2810		Homo sapiens	TF1YBNF1T	false	ncbi-genbank	d0b8012dab9bab31a5ce540ac0faf6cbb984c1872f99d23c8194ee28e6df9500				
OK574402	OK574402.1	Betatorquevirus sp.	Betatorquevirus	Anelloviridae	Viruses; Floreoviria; Shotokuvirae; Commensaviricota; Cardeaviricetes; Sanitavirales; Anelloviridae; Betatorquevirus	DNA	circular	2903		Homo sapiens	TF1YBNF9Z	false	ncbi-genbank	c4e7ce515dcb2911aa6449c0064039b6b88aaa19e6f032bd7a2acc140ec6f794				
OK574405	OK574405.1	Betatorquevirus sp.	Betatorquevirus	Anelloviridae	Viruses; Floreoviria; Shotokuvirae; Commensaviricota; Cardeaviricetes; Sanitavirales; Anelloviridae; Betatorquevirus	DNA	circular	2978		Homo sapiens	TF1YBNFOI	false	ncbi-genbank	4db22d621b2b8db47cb0b23e7a2c1b6119aa10780e60f4d1a2138e03e9ba6469				
OK574410	OK574410.1	Betatorquevirus sp.	Betatorquevirus	Anelloviridae	Viruses; Floreoviria; Shotokuvirae; Commensaviricota; Cardeaviricetes; Sanitavirales; Anelloviridae; Betatorquevirus	DNA	circular	2860		Homo sapiens	TF1YBNRC9	false	ncbi-genbank	b74fdb11cfbc52be34cfb8b5929f74b31bd9b1479d5743eea3d423cb68d860e2				
OK574411	OK574411.1	Betatorquevirus sp.	Betatorquevirus	Anelloviridae	Viruses; Floreoviria; Shotokuvirae; Commensaviricota; Cardeaviricetes; Sanitavirales; Anelloviridae; Betatorquevirus	DNA	circular	2840		Homo sapiens	TF1YBNDWX	false	ncbi-genbank	3f544b944d7d4ec076ad1f6dba463e537a48af235137f2450a2968e3c1f6b54f				
OK574412	OK574412.1	Betatorquevirus sp.	Betatorquevirus	Anelloviridae	Viruses; Floreoviria; Shotokuvirae; Commensaviricota; Cardeaviricetes; Sanitavirales; Anelloviridae; Betatorquevirus	DNA	circular	2901		Homo sapiens	TF1YBND1U	false	ncbi-genbank	099f74d997cacf1450ded17d2a4c34dbbbdef587b4925be04d50e99fe7b97133				
OK574414	OK574414.1	Betatorquevirus sp.	Betatorquevirus	Anelloviridae	Viruses; Floreoviria; Shotokuvirae; Commensaviricota; Cardeaviricetes; Sanitavirales; Anelloviridae; Betatorquevirus	DNA	circular	2863		Homo sapiens	TF1YBNDSM	false	ncbi-genbank	5018eb0c2a3f7475018e8284a6d028fd1d3d25e2e7257cf2426c226ef53736d9				
OK574415	OK574415.1	Betatorquevirus sp.	Betatorquevirus	Anelloviridae	Viruses; Floreoviria; Shotokuvirae; Commensaviricota; Cardeaviricetes; Sanitavirales; Anelloviridae; Betatorquevirus	DNA	circular	2809		Homo sapiens	TF1YBNGAR	false	ncbi-genbank	cff74d83298003427850c1748d7cdd761fa77a20d2d0af8d99bc1f9e4c06037d				
OK574418	OK574418.1	Betatorquevirus sp.	Betatorquevirus	Anelloviridae	Viruses; Floreoviria; Shotokuvirae; Commensaviricota; Cardeaviricetes; Sanitavirales; Anelloviridae; Betatorquevirus	DNA	circular	2752		Homo sapiens	TF1YBNFJR	false	ncbi-genbank	3fa5a7ee3178570f72f9f3157c8707b0b17d66e706409acf0d9371c583306217				
OK574421	OK574421.1	Betatorquevirus sp.	Betatorquevirus	Anelloviridae	Viruses; Floreoviria; Shotokuvirae; Commensaviricota; Cardeaviricetes; Sanitavirales; Anelloviridae; Betatorquevirus	DNA	circular	2853		Homo sapiens	TF1YBNDEE	false	ncbi-genbank	881339a8ed9b941783345b9ef8b62baabbd04de3cfff194aa148ae7581f718d5				
OK574422	OK574422.1	Betatorquevirus sp.	Betatorquevirus	Anelloviridae	Viruses; Floreoviria; Shotokuvirae; Commensaviricota; Cardeaviricetes; Sanitavirales; Anelloviridae; Betatorquevirus	DNA	circular	2875		Homo sapiens	TF1YBNGWC	false	ncbi-genbank	a5fd36b3fa2247ad06a89e7c57be9a9865671576646cb4fb47fb25ce9c751704				
OK574426	OK574426.1	Betatorquevirus sp.	Betatorquevirus	Anelloviridae	Viruses; Floreoviria; Shotokuvirae; Commensaviricota; Cardeaviricetes; Sanitavirales; Anelloviridae; Betatorquevirus	DNA	circular	2863		Homo sapiens	TF1YBNRWQ	false	ncbi-genbank	ecc9edf565cedf37a969263086120ae612b961e42f60452654168026f673e397				
OK574427	OK574427.1	Betatorquevirus sp.	Betatorquevirus	Anelloviridae	Viruses; Floreoviria; Shotokuvirae; Commensaviricota; Cardeaviricetes; Sanitavirales; Anelloviridae; Betatorquevirus	DNA	circular	2981		Homo sapiens	TF1YBNG74	false	ncbi-genbank	cbdd5f0bc4206b6d0b06cb4ff838eccbbbda4a291df43c416dada9655ab56841				
OK574428	OK574428.1	Betatorquevirus sp.	Betatorquevirus	Anelloviridae	Viruses; Floreoviria; Shotokuvirae; Commensaviricota; Cardeaviricetes; Sanitavirales; Anelloviridae; Betatorquevirus	DNA	circular	2816		Homo sapiens	TF1YBN8DQ	false	ncbi-genbank	66920f0352f0590f0c208ea1f0a37637280dbaf453c01cc351d75cbe70e889d7				
OK574434	OK574434.1	Betatorquevirus sp.	Betatorquevirus	Anelloviridae	Viruses; Floreoviria; Shotokuvirae; Commensaviricota; Cardeaviricetes; Sanitavirales; Anelloviridae; Betatorquevirus	DNA	circular	2931		Homo sapiens	TF1YBNDUT	false	ncbi-genbank	58e64fe902df2dc0965092a720482aa85cdfe83e946ad5083a91021af06cce93				
OK574436	OK574436.1	Betatorquevirus sp.	Betatorquevirus	Anelloviridae	Viruses; Floreoviria; Shotokuvirae; Commensaviricota; Cardeaviricetes; Sanitavirales; Anelloviridae; Betatorquevirus	DNA	circular	2815		Homo sapiens	TF1YBNFGK	false	ncbi-genbank	5788522b558075f20fdb15bbdfbce3eae4607bbf5d150b9b851c47350f4f7950				
OK574437	OK574437.1	Betatorquevirus sp.	Betatorquevirus	Anelloviridae	Viruses; Floreoviria; Shotokuvirae; Commensaviricota; Cardeaviricetes; Sanitavirales; Anelloviridae; Betatorquevirus	DNA	circular	2829		Homo sapiens	TF1YBNR3R	false	ncbi-genbank	d9495afd0b2ffedbff4520fb82601179bc746e628caeb6fe3731289c7a67bc24				
OK574439	OK574439.1	Betatorquevirus sp.	Betatorquevirus	Anelloviridae	Viruses; Floreoviria; Shotokuvirae; Commensaviricota; Cardeaviricetes; Sanitavirales; Anelloviridae; Betatorquevirus	DNA	circular	2898		Homo sapiens	TF1YBND77	false	ncbi-genbank	00fe15a02f7f464a8ee2bd0bbf74b67449ae29134de992ebea87b90f459a1e39				
OK574443	OK574443.1	Betatorquevirus sp.	Betatorquevirus	Anelloviridae	Viruses; Floreoviria; Shotokuvirae; Commensaviricota; Cardeaviricetes; Sanitavirales; Anelloviridae; Betatorquevirus	DNA	circular	2831		Homo sapiens	TF1YBND3F	false	ncbi-genbank	90e2cf457e26dc51d3ec975587d8d6e445c1990f34641dfdbafd4cd35088b486				
OZ258697	OZ258697.1	Betatorquevirus sp.	Betatorquevirus	Anelloviridae	Viruses; Floreoviria; Shotokuvirae; Commensaviricota; Cardeaviricetes; Sanitavirales; Anelloviridae; Betatorquevirus	DNA	circular	2996		Homo sapiens		false	ncbi-genbank	ea36c131ea8e89f1506227a88aa525f34fd199cbe7984866fa3d02422db806f1				
OZ258712	OZ258712.1	Betatorquevirus sp.	Betatorquevirus	Anelloviridae	Viruses; Floreoviria; Shotokuvirae; Commensaviricota; Cardeaviricetes; Sanitavirales; Anelloviridae; Betatorquevirus	DNA	circular	2725		Homo sapiens		false	ncbi-genbank	43466c1da1d9d79da9e116ef8b7a927c4994756f137b04f5f2345882b213d88b				
OZ258713	OZ258713.1	Betatorquevirus sp.	Betatorquevirus	Anelloviridae	Viruses; Floreoviria; Shotokuvirae; Commensaviricota; Cardeaviricetes; Sanitavirales; Anelloviridae; Betatorquevirus	DNA	circular	2811		Homo sapiens		false	ncbi-genbank	6c0cc5c6b40a057090fef0bf74daf300b0034d2331a1a72c46acad725df778fb				
OZ258715	OZ258715.1	Betatorquevirus sp.	Betatorquevirus	Anelloviridae	Viruses; Floreoviria; Shotokuvirae; Commensaviricota; Cardeaviricetes; Sanitavirales; Anelloviridae; Betatorquevirus	DNA	circular	2879		Homo sapiens		false	ncbi-genbank	e29b31004896fc0c471a4ed2a0731657587ed125c795d6ebf64febf2ea463499				
OZ258716	OZ258716.1	Betatorquevirus sp.	Betatorquevirus	Anelloviridae	Viruses; Floreoviria; Shotokuvirae; Commensaviricota; Cardeaviricetes; Sanitavirales; Anelloviridae; Betatorquevirus	DNA	circular	2978		Homo sapiens		false	ncbi-genbank	68e6cc58014b62d95d4e205859dffa9a05695d4e1ae19edac7bfd53eb5e79652				
OZ258721	OZ258721.1	Betatorquevirus sp.	Betatorquevirus	Anelloviridae	Viruses; Floreoviria; Shotokuvirae; Commensaviricota; Cardeaviricetes; Sanitavirales; Anelloviridae; Betatorquevirus	DNA	circular	2952		Homo sapiens		false	ncbi-genbank	e92a8fe22d3d0b924b33628acc7a71bc925d358ade5c5ba030e79093be442100				
OZ258724	OZ258724.1	Betatorquevirus sp.	Betatorquevirus	Anelloviridae	Viruses; Floreoviria; Shotokuvirae; Commensaviricota; Cardeaviricetes; Sanitavirales; Anelloviridae; Betatorquevirus	DNA	circular	2958		Homo sapiens		false	ncbi-genbank	ed6ccf38610f61c76e2eaaec8f5801e9a8b211909f92b1966b220a03fe0c1bf8				
OZ258725	OZ258725.1	Betatorquevirus sp.	Betatorquevirus	Anelloviridae	Viruses; Floreoviria; Shotokuvirae; Commensaviricota; Cardeaviricetes; Sanitavirales; Anelloviridae; Betatorquevirus	DNA	circular	2904		Homo sapiens		false	ncbi-genbank	173909b2262c66fef61abee69dd980f76aa0057934a2bb05ee020d4ff52addd1				
OZ258728	OZ258728.1	Betatorquevirus sp.	Betatorquevirus	Anelloviridae	Viruses; Floreoviria; Shotokuvirae; Commensaviricota; Cardeaviricetes; Sanitavirales; Anelloviridae; Betatorquevirus	DNA	circular	2908		Homo sapiens		false	ncbi-genbank	4b182bf010161933525aa5dfb3f66bfe64bd9723ee70482e54faa014ef36c5b7				
OZ258729	OZ258729.1	Betatorquevirus sp.	Betatorquevirus	Anelloviridae	Viruses; Floreoviria; Shotokuvirae; Commensaviricota; Cardeaviricetes; Sanitavirales; Anelloviridae; Betatorquevirus	DNA	circular	2888		Homo sapiens		false	ncbi-genbank	5506ff977f0a7a3374857be0e8479f8eea3a1a96092c49cf0f227a0b34aa11d9				
OZ258731	OZ258731.1	Betatorquevirus sp.	Betatorquevirus	Anelloviridae	Viruses; Floreoviria; Shotokuvirae; Commensaviricota; Cardeaviricetes; Sanitavirales; Anelloviridae; Betatorquevirus	DNA	circular	2948		Homo sapiens		false	ncbi-genbank	0bd8b909bd04d092b2b8f3649fa3bbaf75e1b5f590fd00c7cc65a55c7f65a3e3				
OZ258737	OZ258737.1	Betatorquevirus sp.	Betatorquevirus	Anelloviridae	Viruses; Floreoviria; Shotokuvirae; Commensaviricota; Cardeaviricetes; Sanitavirales; Anelloviridae; Betatorquevirus	DNA	circular	2873		Homo sapiens		false	ncbi-genbank	5e21c02e24026c177d859914f29ffa9157927888e5c04af0dea3bf477a9d8d2e				
OZ258739	OZ258739.1	Betatorquevirus sp.	Betatorquevirus	Anelloviridae	Viruses; Floreoviria; Shotokuvirae; Commensaviricota; Cardeaviricetes; Sanitavirales; Anelloviridae; Betatorquevirus	DNA	circular	2933		Homo sapiens		false	ncbi-genbank	c6351997da6a158676bdf8c205f4528bfb28fdc35da91d54d674f9b63b9f5551				
OZ258741	OZ258741.1	Betatorquevirus sp.	Betatorquevirus	Anelloviridae	Viruses; Floreoviria; Shotokuvirae; Commensaviricota; Cardeaviricetes; Sanitavirales; Anelloviridae; Betatorquevirus	DNA	circular	2856		Homo sapiens		false	ncbi-genbank	cbbeaba1544eb6fdb408ac0df8af38e9bdf277e29c34d46b0a79f6444fba51ab				
OZ258747	OZ258747.1	Betatorquevirus sp.	Betatorquevirus	Anelloviridae	Viruses; Floreoviria; Shotokuvirae; Commensaviricota; Cardeaviricetes; Sanitavirales; Anelloviridae; Betatorquevirus	DNA	circular	2872		Homo sapiens		false	ncbi-genbank	46dfc5dece681d693d0e33da60ba09741a5c1a858756f8bcbc796f621c5337fe				
OZ258748	OZ258748.1	Betatorquevirus sp.	Betatorquevirus	Anelloviridae	Viruses; Floreoviria; Shotokuvirae; Commensaviricota; Cardeaviricetes; Sanitavirales; Anelloviridae; Betatorquevirus	DNA	circular	2946		Homo sapiens		false	ncbi-genbank	29aeca8ccb1a2749b7f7263d1be8f4025919e47971b8de1ae5d3ecec0ca0c691				
OZ258751	OZ258751.1	Betatorquevirus sp.	Betatorquevirus	Anelloviridae	Viruses; Floreoviria; Shotokuvirae; Commensaviricota; Cardeaviricetes; Sanitavirales; Anelloviridae; Betatorquevirus	DNA	circular	2681		Homo sapiens		false	ncbi-genbank	27ead9080f818f1818bd25eab0e217ba4b92be068d1948e83e5b48ceb81d8d1a				
OZ258753	OZ258753.1	Betatorquevirus sp.	Betatorquevirus	Anelloviridae	Viruses; Floreoviria; Shotokuvirae; Commensaviricota; Cardeaviricetes; Sanitavirales; Anelloviridae; Betatorquevirus	DNA	circular	2829		Homo sapiens		false	ncbi-genbank	71393429702ebe67bea3fec18100fe100504aaa500d056facf790c4c9df543d0				
OZ258761	OZ258761.1	Betatorquevirus sp.	Betatorquevirus	Anelloviridae	Viruses; Floreoviria; Shotokuvirae; Commensaviricota; Cardeaviricetes; Sanitavirales; Anelloviridae; Betatorquevirus	DNA	circular	2867		Homo sapiens		false	ncbi-genbank	0977c30a7de0ad0c2256583e340787d16b105f54d10c3e33c50367ca73f6b962				
OZ258764	OZ258764.1	Betatorquevirus sp.	Betatorquevirus	Anelloviridae	Viruses; Floreoviria; Shotokuvirae; Commensaviricota; Cardeaviricetes; Sanitavirales; Anelloviridae; Betatorquevirus	DNA	circular	2861		Homo sapiens		false	ncbi-genbank	f8d33edcabada694dbebe423d365dafdf57368f663bbe832f03f9c9b8e5b6bee				
OZ258769	OZ258769.1	Betatorquevirus sp.	Betatorquevirus	Anelloviridae	Viruses; Floreoviria; Shotokuvirae; Commensaviricota; Cardeaviricetes; Sanitavirales; Anelloviridae; Betatorquevirus	DNA	circular	2951		Homo sapiens		false	ncbi-genbank	7ae673988ee57412238f94195d10a6db2903389213ef8ead308cb862fb5e1eed				
OZ258770	OZ258770.1	Betatorquevirus sp.	Betatorquevirus	Anelloviridae	Viruses; Floreoviria; Shotokuvirae; Commensaviricota; Cardeaviricetes; Sanitavirales; Anelloviridae; Betatorquevirus	DNA	circular	2833		Homo sapiens		false	ncbi-genbank	d81330f1753caa7139d7a0b9da5a1c9ef47deaa29dcfa29a5836f35450da77d6				
OZ258771	OZ258771.1	Betatorquevirus sp.	Betatorquevirus	Anelloviridae	Viruses; Floreoviria; Shotokuvirae; Commensaviricota; Cardeaviricetes; Sanitavirales; Anelloviridae; Betatorquevirus	DNA	circular	2824		Homo sapiens		false	ncbi-genbank	3ae0da8dd9e9f8de4ab24370579bdf980e67beb5dde105f69bd04b3564cc5ab4				
OZ258775	OZ258775.1	Betatorquevirus sp.	Betatorquevirus	Anelloviridae	Viruses; Floreoviria; Shotokuvirae; Commensaviricota; Cardeaviricetes; Sanitavirales; Anelloviridae; Betatorquevirus	DNA	circular	2908		Homo sapiens		false	ncbi-genbank	6ab679d4963728b11c1325d656c0f6df254bc7ad6054518b10a6a3ba96544d12				
OZ258777	OZ258777.1	Betatorquevirus sp.	Betatorquevirus	Anelloviridae	Viruses; Floreoviria; Shotokuvirae; Commensaviricota; Cardeaviricetes; Sanitavirales; Anelloviridae; Betatorquevirus	DNA	circular	2859		Homo sapiens		false	ncbi-genbank	ab84c9a2623c7943de37eb035a9368f60db9aa2c20877939672cca3a70861723				
OZ258790	OZ258790.1	Betatorquevirus sp.	Betatorquevirus	Anelloviridae	Viruses; Floreoviria; Shotokuvirae; Commensaviricota; Cardeaviricetes; Sanitavirales; Anelloviridae; Betatorquevirus	DNA	circular	2901		Homo sapiens		false	ncbi-genbank	631ed34ebe54b0e59de6e1d3dec38300ade07f5e4b1fafaeed4caa4d2958f9bb				
OZ258793	OZ258793.1	Betatorquevirus sp.	Betatorquevirus	Anelloviridae	Viruses; Floreoviria; Shotokuvirae; Commensaviricota; Cardeaviricetes; Sanitavirales; Anelloviridae; Betatorquevirus	DNA	circular	2902		Homo sapiens		false	ncbi-genbank	017ddec9ea93073c21877559c9fe3d5d6bfd56d646524d8704512daf31050bef				
OZ258797	OZ258797.1	Betatorquevirus sp.	Betatorquevirus	Anelloviridae	Viruses; Floreoviria; Shotokuvirae; Commensaviricota; Cardeaviricetes; Sanitavirales; Anelloviridae; Betatorquevirus	DNA	circular	2958		Homo sapiens		false	ncbi-genbank	88506ec6f2649e672ab6c4a9c2b9d2dbb8e96077120b6b5fdda8e019eb40cb20				
OZ258798	OZ258798.1	Betatorquevirus sp.	Betatorquevirus	Anelloviridae	Viruses; Floreoviria; Shotokuvirae; Commensaviricota; Cardeaviricetes; Sanitavirales; Anelloviridae; Betatorquevirus	DNA	circular	2928		Homo sapiens		false	ncbi-genbank	fee728921decdf9011157535facbe658c9d454bb8fdb755f419707b90bafff3c				
OZ258804	OZ258804.1	Betatorquevirus sp.	Betatorquevirus	Anelloviridae	Viruses; Floreoviria; Shotokuvirae; Commensaviricota; Cardeaviricetes; Sanitavirales; Anelloviridae; Betatorquevirus	DNA	circular	2720		Homo sapiens		false	ncbi-genbank	2d8a57dc07b327e9f8b09011099c77a9612eb96e97ab27c1aaed8b6aa371f937				
OZ258807	OZ258807.1	Betatorquevirus sp.	Betatorquevirus	Anelloviridae	Viruses; Floreoviria; Shotokuvirae; Commensaviricota; Cardeaviricetes; Sanitavirales; Anelloviridae; Betatorquevirus	DNA	circular	2940		Homo sapiens		false	ncbi-genbank	067ab7b27e9670830bf747f581f9b948e5c0b42b6397752407022c3d335dca04				
OZ258809	OZ258809.1	Betatorquevirus sp.	Betatorquevirus	Anelloviridae	Viruses; Floreoviria; Shotokuvirae; Commensaviricota; Cardeaviricetes; Sanitavirales; Anelloviridae; Betatorquevirus	DNA	circular	2908		Homo sapiens		false	ncbi-genbank	1044636c795d5b16810bb4ed2f66a949012bbda5108c4f4ffeba3ee92cd18647				
JQ690762	JQ690762.1	Chicken anemia virus	Gyrovirus	Anelloviridae	Viruses; Floreoviria; Shotokuvirae; Commensaviricota; Cardeaviricetes; Sanitavirales; Anelloviridae; Gyrovirus; Gyrovirus chickenanemia	DNA	circular	2316		Homo sapiens	China	false	ncbi-genbank	686535c76e5cc41d4f7d5dfdc26aed939fa89442ba640df5b410323ab3fcfebf				
OK574345	OK574345.1	Gammatorquevirus sp.	Gammatorquevirus	Anelloviridae	Viruses; Floreoviria; Shotokuvirae; Commensaviricota; Cardeaviricetes; Sanitavirales; Anelloviridae; Gammatorquevirus	DNA	circular	3205		Homo sapiens	TF1YBNDZJ	false	ncbi-genbank	a4c618911ebe05e4a9484d47e9bdd284c426349ebc25e6e533434e39d027c47c				
OK574374	OK574374.1	Gammatorquevirus sp.	Gammatorquevirus	Anelloviridae	Viruses; Floreoviria; Shotokuvirae; Commensaviricota; Cardeaviricetes; Sanitavirales; Anelloviridae; Gammatorquevirus	DNA	circular	3241		Homo sapiens	TF1YBNF3D	false	ncbi-genbank	dc7d9c2744adcf596f98e7d0eec5b57f412f780e8fd7d03fcae0cf1e476fe558				
OK574382	OK574382.1	Gammatorquevirus sp.	Gammatorquevirus	Anelloviridae	Viruses; Floreoviria; Shotokuvirae; Commensaviricota; Cardeaviricetes; Sanitavirales; Anelloviridae; Gammatorquevirus	DNA	circular	3175		Homo sapiens	TF1YBNFTU	false	ncbi-genbank	492a5417f7a6c6d5783f14653ba98ffccff09e06ae3178946e1463c609af4481				
OZ258610	OZ258610.1	Gammatorquevirus sp.	Gammatorquevirus	Anelloviridae	Viruses; Floreoviria; Shotokuvirae; Commensaviricota; Cardeaviricetes; Sanitavirales; Anelloviridae; Gammatorquevirus	DNA	circular	3230		Homo sapiens		false	ncbi-genbank	5f5a8f3c81d9a51239989d42655792d4e9dff6259a2ad0b5699922e07690a7f8				
OZ258698	OZ258698.1	Gammatorquevirus sp.	Gammatorquevirus	Anelloviridae	Viruses; Floreoviria; Shotokuvirae; Commensaviricota; Cardeaviricetes; Sanitavirales; Anelloviridae; Gammatorquevirus	DNA	circular	3114		Homo sapiens		false	ncbi-genbank	bc1446bca73bda2c6ea54248a23306ecbfc56349f33a674599bb877e419b29b8				
OZ258705	OZ258705.1	Gammatorquevirus sp.	Gammatorquevirus	Anelloviridae	Viruses; Floreoviria; Shotokuvirae; Commensaviricota; Cardeaviricetes; Sanitavirales; Anelloviridae; Gammatorquevirus	DNA	circular	3222		Homo sapiens		false	ncbi-genbank	57eb884143529b60d168412f63c8d8308bd65a36d0855b468fd184bb3dcd53aa				
JX310702	JX310702.1	Gyrovirus 4	Gyrovirus	Anelloviridae	Viruses; Floreoviria; Shotokuvirae; Commensaviricota; Cardeaviricetes; Sanitavirales; Anelloviridae; Gyrovirus; Gyrovirus homsa3	DNA	circular	2034		Homo sapiens	D137	false	ncbi-genbank	6693e1d292c7743f300d31bd5bbc90ce004915d0317e73319fac3e576ffd39d2				
JQ308210	JQ308210.1	Gyrovirus GyV3	Gyrovirus	Anelloviridae	Viruses; Floreoviria; Shotokuvirae; Commensaviricota; Cardeaviricetes; Sanitavirales; Anelloviridae; Gyrovirus; Gyrovirus homsa1	DNA	circular	2359		Homo sapiens	FecGy	false	ncbi-genbank	add19bcea11d6b47953ef5e82b19a01a704daf49f936c99f9156b6aba00d29e5				
KF294861	KF294861.1	Gyrovirus Tu243	Gyrovirus	Anelloviridae	Viruses; Floreoviria; Shotokuvirae; Commensaviricota; Cardeaviricetes; Sanitavirales; Anelloviridae; Gyrovirus; Gyrovirus homsa4	DNA	circular	2020		Homo sapiens	Tu243	false	ncbi-genbank	e8868ce04095891a975b659a1b87a144361fe1dece75caa75542cac990c1b7fb				
KF294862	KF294862.1	Gyrovirus Tu789	Gyrovirus	Anelloviridae	Viruses; Floreoviria; Shotokuvirae; Commensaviricota; Cardeaviricetes; Sanitavirales; Anelloviridae; Gyrovirus; Gyrovirus homsa2	DNA	circular	2282		Homo sapiens	Tu789	false	ncbi-genbank	ba6a0ea13fa4f8fb93dcc40305a829d664bfa9d3c2884a781a26195876ecdcc2				
MK212032	MK212032.1	Hetorquevirus hominid2	Hetorquevirus	Anelloviridae	Viruses; Floreoviria; Shotokuvirae; Commensaviricota; Cardeaviricetes; Sanitavirales; Anelloviridae; Hetorquevirus	DNA	circular	2919		Homo sapiens	vzttmv5	false	ncbi-genbank	ff7507318d532c0dff08ea85890a7b13fe8aa9404914d50e2d1252c153579d32				
MN769234	MN769234.1	Hetorquevirus hominid2	Hetorquevirus	Anelloviridae	Viruses; Floreoviria; Shotokuvirae; Commensaviricota; Cardeaviricetes; Sanitavirales; Anelloviridae; Hetorquevirus	DNA	linear	2919		Homo sapiens	SAfiA-349-33	false	ncbi-genbank	97076788caa9780ae11b34fc698de7af3c8b9bf337d96bce37ca181cde4e14dc				
MN771277	MN771277.1	Hetorquevirus hominid4	Hetorquevirus	Anelloviridae	Viruses; Floreoviria; Shotokuvirae; Commensaviricota; Cardeaviricetes; Sanitavirales; Anelloviridae; Hetorquevirus	DNA	linear	2942		Homo sapiens	SAfiA-6-11	false	ncbi-genbank	980bd7b787e11d02bcde77ce159d05f1e50f8e9b41bc93d0f0c762b1d0fc6b10				
OZ258714	OZ258714.1	Hetorquevirus hominid6	Hetorquevirus	Anelloviridae	Viruses; Floreoviria; Shotokuvirae; Commensaviricota; Cardeaviricetes; Sanitavirales; Anelloviridae; Hetorquevirus	DNA	circular	2895		Homo sapiens		false	ncbi-genbank	70002de99567fae8cfba418b8ee149b92ca0e66be5339830b072ad5e15ec7c54				
MT210805	MT210805.1	Human anellovirus zj-ad 1		Anelloviridae	Viruses; Floreoviria; Shotokuvirae; Commensaviricota; Cardeaviricetes; Sanitavirales; Anelloviridae	DNA	circular	2841		Homo sapiens	HuAV-zj-ad 1	false	ncbi-genbank	52b7e19613ceab16e9f28bf975fa1c7287d83fb6e8d08e7b1e1e151477bb097c				
MN774989	MN774989.1	Lamedtorquevirus hominid11	Lamedtorquevirus	Anelloviridae	Viruses; Floreoviria; Shotokuvirae; Commensaviricota; Cardeaviricetes; Sanitavirales; Anelloviridae; Lamedtorquevirus	DNA	linear	3111		Homo sapiens	SAfiA-405-3	false	ncbi-genbank	654ba73457e93ed3628fe1c6033e4afef9dda59405fdf180cacafc364b4b7199				
MN774927	MN774927.1	Memtorquevirus hominid13	Memtorquevirus	Anelloviridae	Viruses; Floreoviria; Shotokuvirae; Commensaviricota; Cardeaviricetes; Sanitavirales; Anelloviridae; Memtorquevirus	DNA	linear	3057		Homo sapiens	SAfiA-350-6	false	ncbi-genbank	3ff5228fc4e26eea3a8a6f1d2c5e8741f8889a79f7e9a306f1d13f186e25e09b				
MN774939	MN774939.1	Memtorquevirus hominid14	Memtorquevirus	Anelloviridae	Viruses; Floreoviria; Shotokuvirae; Commensaviricota; Cardeaviricetes; Sanitavirales; Anelloviridae; Memtorquevirus	DNA	linear	3248		Homo sapiens	SAfiA-573-3	false	ncbi-genbank	e3af6856dc27e229ae0021fef4073583f823ef3a01bf5d194dc4fd94e83b6096				
PP728782	PP728782.1	Memtorquevirus hominid14	Memtorquevirus	Anelloviridae	Viruses; Floreoviria; Shotokuvirae; Commensaviricota; Cardeaviricetes; Sanitavirales; Anelloviridae; Memtorquevirus	DNA	circular	3223		Homo sapiens	ASU82836	false	ncbi-genbank	2faa63aba739d201660cebea9feaee823c6862ac3692ee77562fc570a557b53b				
KM593802	KM593802.2	SEN virus		Anelloviridae	Viruses; Floreoviria; Shotokuvirae; Commensaviricota; Cardeaviricetes; Sanitavirales; Anelloviridae	DNA	circular	3840		Homo sapiens	HDMU-13	false	ncbi-genbank	381288a4d21747e084b1ad32b418dabda5e96a9c112acabc327d8cbe1009dd33				
MN771248	MN771248.1	Sadetorquevirus hominid7	Sadetorquevirus	Anelloviridae	Viruses; Floreoviria; Shotokuvirae; Commensaviricota; Cardeaviricetes; Sanitavirales; Anelloviridae; Sadetorquevirus	DNA	linear	2923		Homo sapiens	SAfiA-410-3	false	ncbi-genbank	3a349b0fd4131c1945e0c79cc36b8f41249bb4476158f9e33e09114f0c688501				
MN769236	MN769236.1	Sadetorquevirus hominid8	Sadetorquevirus	Anelloviridae	Viruses; Floreoviria; Shotokuvirae; Commensaviricota; Cardeaviricetes; Sanitavirales; Anelloviridae; Sadetorquevirus	DNA	linear	2987		Homo sapiens	SAfiA-349-9	false	ncbi-genbank	a314ea4e8f4670fc0d965f13c49df4cec9a35d15493746b0603e6541ff8cdfa0				
MN774932	MN774932.1	Samektorquevirus hominid15	Samektorquevirus	Anelloviridae	Viruses; Floreoviria; Shotokuvirae; Commensaviricota; Cardeaviricetes; Sanitavirales; Anelloviridae; Samektorquevirus	DNA	linear	3066		Homo sapiens	SAfiA-376-5	false	ncbi-genbank	2fe4eee8eb88d00211adbf393049972745770bb747cfbb270b73e8c13a049a74				
PP728776	PP728776.1	Samektorquevirus hominid16	Samektorquevirus	Anelloviridae	Viruses; Floreoviria; Shotokuvirae; Commensaviricota; Cardeaviricetes; Sanitavirales; Anelloviridae; Samektorquevirus	DNA	circular	3178		Homo sapiens	ASU71878	false	ncbi-genbank	fcab3e17a5fdeec6761db998cfde728e90d99296a1ad8e8bd38060c1898d7145				
MN774956	MN774956.1	Samektorquevirus hominid17	Samektorquevirus	Anelloviridae	Viruses; Floreoviria; Shotokuvirae; Commensaviricota; Cardeaviricetes; Sanitavirales; Anelloviridae; Samektorquevirus	DNA	linear	3056		Homo sapiens	SAfiA-610-7	false	ncbi-genbank	d82cae6c3ca6731d17af3e0098091e58b9461ab8fe6697f959c234efdd33425a				
PP728779	PP728779.1	Samektorquevirus hominid17	Samektorquevirus	Anelloviridae	Viruses; Floreoviria; Shotokuvirae; Commensaviricota; Cardeaviricetes; Sanitavirales; Anelloviridae; Samektorquevirus	DNA	circular	3230		Homo sapiens	ASU82758a	false	ncbi-genbank	4189df2a2048c4cdb1e331e258d84be48ee49b4db897b6264874ab13d768c900				
MN774959	MN774959.1	Samektorquevirus hominid18	Samektorquevirus	Anelloviridae	Viruses; Floreoviria; Shotokuvirae; Commensaviricota; Cardeaviricetes; Sanitavirales; Anelloviridae; Samektorquevirus	DNA	linear	2923		Homo sapiens	SAfiA-569-59	false	ncbi-genbank	1327aa3f82963df004ce11be258d8c2967e546ad00a92ea7977115f5df13437d				
PP728781	PP728781.1	Samektorquevirus hominid18	Samektorquevirus	Anelloviridae	Viruses; Floreoviria; Shotokuvirae; Commensaviricota; Cardeaviricetes; Sanitavirales; Anelloviridae; Samektorquevirus	DNA	circular	2940		Homo sapiens	ASU82773	false	ncbi-genbank	eb72695045d88a1ab90bfd41ba22818e1d9b915dcd2ae800f1cf0478b7557777				
AY622909	AY622909.1	Small anellovirus 2	Small anellovirus	Anelloviridae	Viruses; Floreoviria; Shotokuvirae; Commensaviricota; Cardeaviricetes; Sanitavirales; Anelloviridae; Small anellovirus	ss-DNA	linear	2635		Homo sapiens		false	ncbi-genbank	53c4f6ccdae117be0095e229e265d0c4a55d9869a1fb74aa25d17e3c82050a4d				
MT501648	MT501648.1	TT virus cyb/2019		Anelloviridae	Viruses; Floreoviria; Shotokuvirae; Commensaviricota; Cardeaviricetes; Sanitavirales; Anelloviridae	DNA	circular	3759		Homo sapiens	cyb/2019	false	ncbi-genbank	82264a5d2cf2b8f5efc14964ae82fdd13d5f892363b4a9c9672b134632dbef51				
AB026930	AB026930.1	TTV-like mini virus	Betatorquevirus	Anelloviridae	Viruses; Floreoviria; Shotokuvirae; Commensaviricota; Cardeaviricetes; Sanitavirales; Anelloviridae; Betatorquevirus; Betatorquevirus homini36	DNA	circular	2860		Homo sapiens	TLMV-CBD231	false	ncbi-genbank	a4ca095e6e357c84063218ac64b11fe87a8655735af74aa567d6b8e5503b06e8				
JX134045	JX134045.1	TTV-like mini virus	Betatorquevirus	Anelloviridae	Viruses; Floreoviria; Shotokuvirae; Commensaviricota; Cardeaviricetes; Sanitavirales; Anelloviridae; Betatorquevirus; Betatorquevirus homini36	DNA	circular	2979		Homo sapiens	TTMV_LY2	false	ncbi-genbank	c6df32b4e35a2f8c261311b503201c69b725d69f882af0ccfbf5b8ae4b3bd9b5				
KU243129	KU243129.1	TTV-like mini virus	Betatorquevirus	Anelloviridae	Viruses; Floreoviria; Shotokuvirae; Commensaviricota; Cardeaviricetes; Sanitavirales; Anelloviridae; Betatorquevirus; Betatorquevirus homini36	ss-DNA	circular	2824		Homo sapiens	TTMV-204	false	ncbi-genbank	6ed64be37aa200acf3042dc0664e69421825c831d77a181c20a13bbc832aef98				
LC381845	LC381845.1	TTV-like mini virus	Betatorquevirus	Anelloviridae	Viruses; Floreoviria; Shotokuvirae; Commensaviricota; Cardeaviricetes; Sanitavirales; Anelloviridae; Betatorquevirus; Betatorquevirus homini36	DNA	circular	2810		Homo sapiens	Human/Japan/KS025/2016	false	ncbi-genbank	27e4760293f1f973f81bac730b5942fa0bf70e60908ed7af39de07c6a4c4748b				
MK139485	MK139485.1	TTV-like mini virus	Betatorquevirus	Anelloviridae	Viruses; Floreoviria; Shotokuvirae; Commensaviricota; Cardeaviricetes; Sanitavirales; Anelloviridae; Betatorquevirus; Betatorquevirus homini36	DNA	circular	2915		Homo sapiens	vzttmv1	false	ncbi-genbank	92cf5914f84abc0086eb5bf0b1d7dbd57fb6651d1f85a7acee32b7be4b3b45bf				
MK212029	MK212029.1	TTV-like mini virus	Betatorquevirus	Anelloviridae	Viruses; Floreoviria; Shotokuvirae; Commensaviricota; Cardeaviricetes; Sanitavirales; Anelloviridae; Betatorquevirus; Betatorquevirus homini36	DNA	circular	2802		Homo sapiens	vzttmv2	false	ncbi-genbank	6a92fbb9847f405c5ac2844e3b69d484d61311f7436f5d65fada8ec56dd87e9b				
MK212030	MK212030.1	TTV-like mini virus	Betatorquevirus	Anelloviridae	Viruses; Floreoviria; Shotokuvirae; Commensaviricota; Cardeaviricetes; Sanitavirales; Anelloviridae; Betatorquevirus; Betatorquevirus homini36	DNA	circular	2869		Homo sapiens	vzttmv3	false	ncbi-genbank	39bdc6b7f52641a957e988dadef11a307847a2c5d1914e096355856274e17a1a				
MN769027	MN769027.1	TTV-like mini virus	Betatorquevirus	Anelloviridae	Viruses; Floreoviria; Shotokuvirae; Commensaviricota; Cardeaviricetes; Sanitavirales; Anelloviridae; Betatorquevirus; Betatorquevirus homini36	DNA	linear	2982		Homo sapiens	SAfiA-100A-22	false	ncbi-genbank	84757a0f1157b1045e0c99fb1bf8d5427eebdaa79f1e1a2072744640f42ecfc3				
MN769028	MN769028.1	TTV-like mini virus	Betatorquevirus	Anelloviridae	Viruses; Floreoviria; Shotokuvirae; Commensaviricota; Cardeaviricetes; Sanitavirales; Anelloviridae; Betatorquevirus; Betatorquevirus homini36	DNA	linear	2878		Homo sapiens	SAfiA-100A-26	false	ncbi-genbank	ba927b760f49998f238fac5e1933bf9a778fefb329741c9662b9bb1e6f784962				
MN769029	MN769029.1	TTV-like mini virus	Betatorquevirus	Anelloviridae	Viruses; Floreoviria; Shotokuvirae; Commensaviricota; Cardeaviricetes; Sanitavirales; Anelloviridae; Betatorquevirus; Betatorquevirus homini36	DNA	linear	2825		Homo sapiens	SAfiA-100A-29	false	ncbi-genbank	df87c6d0e46899e36f8b50ea1c18e2ae31f092668b163e373f6240821f21bfb9				
MN769032	MN769032.1	TTV-like mini virus	Betatorquevirus	Anelloviridae	Viruses; Floreoviria; Shotokuvirae; Commensaviricota; Cardeaviricetes; Sanitavirales; Anelloviridae; Betatorquevirus; Betatorquevirus homini36	DNA	linear	2889		Homo sapiens	SAfiA-10-13	false	ncbi-genbank	08e8f504c7a743c4bfa95e3f6278de19315950b20aedc1c2741856b17de3872e				
MN769033	MN769033.1	TTV-like mini virus	Betatorquevirus	Anelloviridae	Viruses; Floreoviria; Shotokuvirae; Commensaviricota; Cardeaviricetes; Sanitavirales; Anelloviridae; Betatorquevirus; Betatorquevirus homini36	DNA	linear	2852		Homo sapiens	SAfiA-102-50	false	ncbi-genbank	99230566a68d1a3db9f0b38d4e120ce7c5795e3913ebee19c7459cbebb062152				
MN769034	MN769034.1	TTV-like mini virus	Betatorquevirus	Anelloviridae	Viruses; Floreoviria; Shotokuvirae; Commensaviricota; Cardeaviricetes; Sanitavirales; Anelloviridae; Betatorquevirus; Betatorquevirus homini36	DNA	linear	2837		Homo sapiens	SAfiA-103A-3	false	ncbi-genbank	2e0033a0ad70c603d310e1404c70dde1d9a484299758b218cc5b3cf5681c100a				
MN769035	MN769035.1	TTV-like mini virus	Betatorquevirus	Anelloviridae	Viruses; Floreoviria; Shotokuvirae; Commensaviricota; Cardeaviricetes; Sanitavirales; Anelloviridae; Betatorquevirus; Betatorquevirus homini36	DNA	linear	2994		Homo sapiens	SAfiA-10-4	false	ncbi-genbank	5b302996ceac9131d83636a2e525ccc26cdd068b8827d7d96e836698e1efe264				
MN769037	MN769037.1	TTV-like mini virus	Betatorquevirus	Anelloviridae	Viruses; Floreoviria; Shotokuvirae; Commensaviricota; Cardeaviricetes; Sanitavirales; Anelloviridae; Betatorquevirus; Betatorquevirus homini36	DNA	linear	2882		Homo sapiens	SAfiA-104-14	false	ncbi-genbank	5d103a7a9acb94eebd2a7aef1eefa422a20723b38306b9304efca074453f0999				
MN769038	MN769038.1	TTV-like mini virus	Betatorquevirus	Anelloviridae	Viruses; Floreoviria; Shotokuvirae; Commensaviricota; Cardeaviricetes; Sanitavirales; Anelloviridae; Betatorquevirus; Betatorquevirus homini36	DNA	linear	2815		Homo sapiens	SAfiA-104-15	false	ncbi-genbank	821bc8bf6d7c4ce7573e28a7647471da87f2f01d754cae81afd0b8a701fc6189				
MN769040	MN769040.1	TTV-like mini virus	Betatorquevirus	Anelloviridae	Viruses; Floreoviria; Shotokuvirae; Commensaviricota; Cardeaviricetes; Sanitavirales; Anelloviridae; Betatorquevirus; Betatorquevirus homini36	DNA	linear	2988		Homo sapiens	SAfiA-104-5	false	ncbi-genbank	4fe3a9f5ce535eb10ac07188cf4e6d6898622171f34c133284b791cb137957e2				
MN769041	MN769041.1	TTV-like mini virus	Betatorquevirus	Anelloviridae	Viruses; Floreoviria; Shotokuvirae; Commensaviricota; Cardeaviricetes; Sanitavirales; Anelloviridae; Betatorquevirus; Betatorquevirus homini36	DNA	linear	2942		Homo sapiens	SAfiA-104-7	false	ncbi-genbank	c6ca1737ef79d46029ad559ace92500d9f2628faa9b6fec69ae198121e2f1dc3				
MN769042	MN769042.1	TTV-like mini virus	Betatorquevirus	Anelloviridae	Viruses; Floreoviria; Shotokuvirae; Commensaviricota; Cardeaviricetes; Sanitavirales; Anelloviridae; Betatorquevirus; Betatorquevirus homini36	DNA	linear	2959		Homo sapiens	SAfiA-104-8	false	ncbi-genbank	cf8cdd079edb4b8ae6e5b8075372d1b5d81c7401cb63297bd79e002a4652963d				
MN769044	MN769044.1	TTV-like mini virus	Betatorquevirus	Anelloviridae	Viruses; Floreoviria; Shotokuvirae; Commensaviricota; Cardeaviricetes; Sanitavirales; Anelloviridae; Betatorquevirus; Betatorquevirus homini36	DNA	linear	2982		Homo sapiens	SAfiA-108-13	false	ncbi-genbank	dabbca43a8babf1e15b5dfb4f648c80fc47d60947e82a40a62703acddc9bc9d7				
MN769045	MN769045.1	TTV-like mini virus	Betatorquevirus	Anelloviridae	Viruses; Floreoviria; Shotokuvirae; Commensaviricota; Cardeaviricetes; Sanitavirales; Anelloviridae; Betatorquevirus; Betatorquevirus homini36	DNA	linear	2961		Homo sapiens	SAfiA-108-14	false	ncbi-genbank	83dcc4d29bce4455d7e71948e212a341fa3815f0804cbbab6e47ee0c8fdaf5ea				
MN769046	MN769046.1	TTV-like mini virus	Betatorquevirus	Anelloviridae	Viruses; Floreoviria; Shotokuvirae; Commensaviricota; Cardeaviricetes; Sanitavirales; Anelloviridae; Betatorquevirus; Betatorquevirus homini36	DNA	linear	2948		Homo sapiens	SAfiA-108-15	false	ncbi-genbank	bb7c65ff27f0890a2ebca1bded5f5bc9d7cebdac4e1e0e8da746e709c9151b46				
MN769051	MN769051.1	TTV-like mini virus	Betatorquevirus	Anelloviridae	Viruses; Floreoviria; Shotokuvirae; Commensaviricota; Cardeaviricetes; Sanitavirales; Anelloviridae; Betatorquevirus; Betatorquevirus homini36	DNA	linear	2916		Homo sapiens	SAfiA-116-23	false	ncbi-genbank	5fd13e49f5fec0e0d7eb571b8bdd3ac43b5c0acc84df5f64697d5a80fb1fd859				
MN769052	MN769052.1	TTV-like mini virus	Betatorquevirus	Anelloviridae	Viruses; Floreoviria; Shotokuvirae; Commensaviricota; Cardeaviricetes; Sanitavirales; Anelloviridae; Betatorquevirus; Betatorquevirus homini36	DNA	linear	2906		Homo sapiens	SAfiA-116-25	false	ncbi-genbank	1ccbac0242a1f54705dc310b0c0ae0e7eb554ca0af81e1e4d7f6c7deaecac058				
MN769055	MN769055.1	TTV-like mini virus	Betatorquevirus	Anelloviridae	Viruses; Floreoviria; Shotokuvirae; Commensaviricota; Cardeaviricetes; Sanitavirales; Anelloviridae; Betatorquevirus; Betatorquevirus homini36	DNA	linear	2874		Homo sapiens	SAfiA-116-35	false	ncbi-genbank	1eed5abe31d8036f80c65146aa84a202126fbd2dcc98023e6c8797fb32243b22				
MN769056	MN769056.1	TTV-like mini virus	Betatorquevirus	Anelloviridae	Viruses; Floreoviria; Shotokuvirae; Commensaviricota; Cardeaviricetes; Sanitavirales; Anelloviridae; Betatorquevirus; Betatorquevirus homini36	DNA	linear	2864		Homo sapiens	SAfiA-118-7	false	ncbi-genbank	14981d3cce4e66706d506ffa5241e88427d510beb5f942aec27d4755487fcbf6				
MN769057	MN769057.1	TTV-like mini virus	Betatorquevirus	Anelloviridae	Viruses; Floreoviria; Shotokuvirae; Commensaviricota; Cardeaviricetes; Sanitavirales; Anelloviridae; Betatorquevirus; Betatorquevirus homini36	DNA	linear	2931		Homo sapiens	SAfiA-119-3	false	ncbi-genbank	21561092c19c6b3864a78d37279fe98a7a6cd1855ecc1761da0b9b497b2b5e65				
MN769058	MN769058.1	TTV-like mini virus	Betatorquevirus	Anelloviridae	Viruses; Floreoviria; Shotokuvirae; Commensaviricota; Cardeaviricetes; Sanitavirales; Anelloviridae; Betatorquevirus; Betatorquevirus homini36	DNA	linear	2859		Homo sapiens	SAfiA-120-10	false	ncbi-genbank	99ae5b3e240cdadf1e9efcbb3db785b73f6a8710889da79b5bd6ace0f9718b17				
MN769059	MN769059.1	TTV-like mini virus	Betatorquevirus	Anelloviridae	Viruses; Floreoviria; Shotokuvirae; Commensaviricota; Cardeaviricetes; Sanitavirales; Anelloviridae; Betatorquevirus; Betatorquevirus homini36	DNA	linear	2927		Homo sapiens	SAfiA-121-10	false	ncbi-genbank	9e006c7cc901acbabbbf753da2eff32a05a955e90454c366651f222e7a24c19d				
MN769060	MN769060.1	TTV-like mini virus	Betatorquevirus	Anelloviridae	Viruses; Floreoviria; Shotokuvirae; Commensaviricota; Cardeaviricetes; Sanitavirales; Anelloviridae; Betatorquevirus; Betatorquevirus homini36	DNA	linear	2861		Homo sapiens	SAfiA-121-12	false	ncbi-genbank	41a14a690ea166971c8554ef0c9e30ddad531f705ce2f0b2dada7466753a3ecb				
MN769062	MN769062.1	TTV-like mini virus	Betatorquevirus	Anelloviridae	Viruses; Floreoviria; Shotokuvirae; Commensaviricota; Cardeaviricetes; Sanitavirales; Anelloviridae; Betatorquevirus; Betatorquevirus homini36	DNA	linear	2825		Homo sapiens	SAfiA-121-17	false	ncbi-genbank	e9d108aa9e7581c263f17c83998003ea424b47df9dbf6f959bca5dd5bd3c6d8f				
MN769067	MN769067.1	TTV-like mini virus	Betatorquevirus	Anelloviridae	Viruses; Floreoviria; Shotokuvirae; Commensaviricota; Cardeaviricetes; Sanitavirales; Anelloviridae; Betatorquevirus; Betatorquevirus homini36	DNA	linear	2877		Homo sapiens	SAfiA-124-28	false	ncbi-genbank	e53362e9330a3d7c0799120c45325680e6a0c6c9fc778e1b940565e2f6026c76				
MN769068	MN769068.1	TTV-like mini virus	Betatorquevirus	Anelloviridae	Viruses; Floreoviria; Shotokuvirae; Commensaviricota; Cardeaviricetes; Sanitavirales; Anelloviridae; Betatorquevirus; Betatorquevirus homini36	DNA	linear	2876		Homo sapiens	SAfiA-124-29	false	ncbi-genbank	505fbd64c9c0dda029b183cd55825459bbf4ae03d49d0c3695bac9718c8f7c19				
MN769070	MN769070.1	TTV-like mini virus	Betatorquevirus	Anelloviridae	Viruses; Floreoviria; Shotokuvirae; Commensaviricota; Cardeaviricetes; Sanitavirales; Anelloviridae; Betatorquevirus; Betatorquevirus homini36	DNA	linear	2826		Homo sapiens	SAfiA-124-35	false	ncbi-genbank	f2d9dd864a5c64f0f4f3563c5f44fbada005485f2aed3deacd1e849430ba8e9e				
MN769071	MN769071.1	TTV-like mini virus	Betatorquevirus	Anelloviridae	Viruses; Floreoviria; Shotokuvirae; Commensaviricota; Cardeaviricetes; Sanitavirales; Anelloviridae; Betatorquevirus; Betatorquevirus homini36	DNA	linear	2811		Homo sapiens	SAfiA-124-36	false	ncbi-genbank	63f0504204861961cfb57c54fc775296218549a74bb5de47bb15d89450df165a				
MN769073	MN769073.1	TTV-like mini virus	Betatorquevirus	Anelloviridae	Viruses; Floreoviria; Shotokuvirae; Commensaviricota; Cardeaviricetes; Sanitavirales; Anelloviridae; Betatorquevirus; Betatorquevirus homini36	DNA	linear	2814		Homo sapiens	SAfiA-124-45	false	ncbi-genbank	59fbfcf3dd378f4f968370203c930b0ed7954f9d33a6ca74b818b58dd238c50a				
MN769074	MN769074.1	TTV-like mini virus	Betatorquevirus	Anelloviridae	Viruses; Floreoviria; Shotokuvirae; Commensaviricota; Cardeaviricetes; Sanitavirales; Anelloviridae; Betatorquevirus; Betatorquevirus homini36	DNA	linear	2890		Homo sapiens	SAfiA-127-14	false	ncbi-genbank	0ba4d103cf7b5ee40dea0b2189ea6fa9dfd35566895ddaf90414ba8eeb875db3				
MN769076	MN769076.1	TTV-like mini virus	Betatorquevirus	Anelloviridae	Viruses; Floreoviria; Shotokuvirae; Commensaviricota; Cardeaviricetes; Sanitavirales; Anelloviridae; Betatorquevirus; Betatorquevirus homini36	DNA	linear	2919		Homo sapiens	SAfiA-128A-23	false	ncbi-genbank	9113e1ff12bdb382434b88d8f250197ba2012e1386cd4c4297788fe731a2fd7e				
MN769077	MN769077.1	TTV-like mini virus	Betatorquevirus	Anelloviridae	Viruses; Floreoviria; Shotokuvirae; Commensaviricota; Cardeaviricetes; Sanitavirales; Anelloviridae; Betatorquevirus; Betatorquevirus homini36	DNA	linear	2970		Homo sapiens	SAfiA-128B-15	false	ncbi-genbank	370793d80e9d711539e6bd3ad53895587852bddf0c2c666059262291e43725b7				
MN769082	MN769082.1	TTV-like mini virus	Betatorquevirus	Anelloviridae	Viruses; Floreoviria; Shotokuvirae; Commensaviricota; Cardeaviricetes; Sanitavirales; Anelloviridae; Betatorquevirus; Betatorquevirus homini36	DNA	linear	2864		Homo sapiens	SAfiA-132-9	false	ncbi-genbank	d8f78129421016baf37544c0806e5d55047e1557cfa59049fa6e213e8bba1c03				
MN769083	MN769083.1	TTV-like mini virus	Betatorquevirus	Anelloviridae	Viruses; Floreoviria; Shotokuvirae; Commensaviricota; Cardeaviricetes; Sanitavirales; Anelloviridae; Betatorquevirus; Betatorquevirus homini36	DNA	linear	2908		Homo sapiens	SAfiA-224-19	false	ncbi-genbank	9c6695f8cbd546d1193531c2ba20629274aff5e60efd3d4e330a57787b2cf6bc				
MN769084	MN769084.1	TTV-like mini virus	Betatorquevirus	Anelloviridae	Viruses; Floreoviria; Shotokuvirae; Commensaviricota; Cardeaviricetes; Sanitavirales; Anelloviridae; Betatorquevirus; Betatorquevirus homini36	DNA	linear	2871		Homo sapiens	SAfiA-224-25	false	ncbi-genbank	88fda6460920be8801943277df2e2c74f43d9a3fc9ac10c1efc4bd5dec183fd3				
MN769087	MN769087.1	TTV-like mini virus	Betatorquevirus	Anelloviridae	Viruses; Floreoviria; Shotokuvirae; Commensaviricota; Cardeaviricetes; Sanitavirales; Anelloviridae; Betatorquevirus; Betatorquevirus homini36	DNA	linear	2894		Homo sapiens	SAfiA-225-5	false	ncbi-genbank	b4c097ba76803bd68182fdd27797c34b9634d6f8c1e32edb5125923a76695587				
MN769089	MN769089.1	TTV-like mini virus	Betatorquevirus	Anelloviridae	Viruses; Floreoviria; Shotokuvirae; Commensaviricota; Cardeaviricetes; Sanitavirales; Anelloviridae; Betatorquevirus; Betatorquevirus homini36	DNA	linear	2916		Homo sapiens	SAfiA-227-11	false	ncbi-genbank	51d451decb52a63e4291c2f4f9e620f8bf0f268cf8decf11e0b544443a0533a2				
MN769096	MN769096.1	TTV-like mini virus	Betatorquevirus	Anelloviridae	Viruses; Floreoviria; Shotokuvirae; Commensaviricota; Cardeaviricetes; Sanitavirales; Anelloviridae; Betatorquevirus; Betatorquevirus homini36	DNA	linear	2874		Homo sapiens	SAfiA-231-6	false	ncbi-genbank	cc8fcf6cc68936840b0becf7ce35b16252e4cd9d14a26504d608dbf3b664c049				
MN769100	MN769100.1	TTV-like mini virus	Betatorquevirus	Anelloviridae	Viruses; Floreoviria; Shotokuvirae; Commensaviricota; Cardeaviricetes; Sanitavirales; Anelloviridae; Betatorquevirus; Betatorquevirus homini36	DNA	linear	2902		Homo sapiens	SAfiA-234-14	false	ncbi-genbank	3d03276397b66ae0a5455cf7c55ab48dab1d0197fcb2531a445076fe1ddcb784				
MN769101	MN769101.1	TTV-like mini virus	Betatorquevirus	Anelloviridae	Viruses; Floreoviria; Shotokuvirae; Commensaviricota; Cardeaviricetes; Sanitavirales; Anelloviridae; Betatorquevirus; Betatorquevirus homini36	DNA	linear	2825		Homo sapiens	SAfiA-234-15	false	ncbi-genbank	3a7491db08e7e0c0a9cc92fa2368d63235a8e502d31260b43aaa14296f0dba3a				
MN769103	MN769103.1	TTV-like mini virus	Betatorquevirus	Anelloviridae	Viruses; Floreoviria; Shotokuvirae; Commensaviricota; Cardeaviricetes; Sanitavirales; Anelloviridae; Betatorquevirus; Betatorquevirus homini36	DNA	linear	2912		Homo sapiens	SAfiA-235-27	false	ncbi-genbank	65b11398774fd1b70b52daff6e734b0472f2f44f3561686d73ff66f858639795				
MN769104	MN769104.1	TTV-like mini virus	Betatorquevirus	Anelloviridae	Viruses; Floreoviria; Shotokuvirae; Commensaviricota; Cardeaviricetes; Sanitavirales; Anelloviridae; Betatorquevirus; Betatorquevirus homini36	DNA	linear	2820		Homo sapiens	SAfiA-235-33	false	ncbi-genbank	a0619d53cb603eebe92beb85decf2f51e1d61c214ea632a9a6f25c86c390cbd4				
MN769105	MN769105.1	TTV-like mini virus	Betatorquevirus	Anelloviridae	Viruses; Floreoviria; Shotokuvirae; Commensaviricota; Cardeaviricetes; Sanitavirales; Anelloviridae; Betatorquevirus; Betatorquevirus homini36	DNA	linear	2854		Homo sapiens	SAfiA-235-34	false	ncbi-genbank	fc8c25775f59aa7da2273941a2b30098ee620cf20152f0fd8c97d67636007ebf				
MN769106	MN769106.1	TTV-like mini virus	Betatorquevirus	Anelloviridae	Viruses; Floreoviria; Shotokuvirae; Commensaviricota; Cardeaviricetes; Sanitavirales; Anelloviridae; Betatorquevirus; Betatorquevirus homini36	DNA	linear	2912		Homo sapiens	SAfiA-235-40	false	ncbi-genbank	13db340cc79acfb631a7ce2c0f994d7247c0f492539be86d35065dfb5bce856e				
MN769107	MN769107.1	TTV-like mini virus	Betatorquevirus	Anelloviridae	Viruses; Floreoviria; Shotokuvirae; Commensaviricota; Cardeaviricetes; Sanitavirales; Anelloviridae; Betatorquevirus; Betatorquevirus homini36	DNA	linear	2875		Homo sapiens	SAfiA-235-42	false	ncbi-genbank	cd462f0f0ad108cc31ab982a56fa351939d6a5de19cf2d28c7d1f0eb1385c542				
MN769108	MN769108.1	TTV-like mini virus	Betatorquevirus	Anelloviridae	Viruses; Floreoviria; Shotokuvirae; Commensaviricota; Cardeaviricetes; Sanitavirales; Anelloviridae; Betatorquevirus; Betatorquevirus homini36	DNA	linear	2884		Homo sapiens	SAfiA-235-46	false	ncbi-genbank	3010136ca55e8b14ff4645f56a3fd8bca23e79769d06dd347b7e112a7d3d308d				
MN769109	MN769109.1	TTV-like mini virus	Betatorquevirus	Anelloviridae	Viruses; Floreoviria; Shotokuvirae; Commensaviricota; Cardeaviricetes; Sanitavirales; Anelloviridae; Betatorquevirus; Betatorquevirus homini36	DNA	linear	2803		Homo sapiens	SAfiA-235-49	false	ncbi-genbank	17cc8e2852a56a62baa00a5dbe69a16a1c7e96a2a8494a25dae4e6bb07384d17				
MN769110	MN769110.1	TTV-like mini virus	Betatorquevirus	Anelloviridae	Viruses; Floreoviria; Shotokuvirae; Commensaviricota; Cardeaviricetes; Sanitavirales; Anelloviridae; Betatorquevirus; Betatorquevirus homini36	DNA	linear	2901		Homo sapiens	SAfiA-237-6	false	ncbi-genbank	d3da1245c3054053cc41e4da59e3912d970661a94a764d54d8a8a677e2ebf82f				
MN769112	MN769112.1	TTV-like mini virus	Betatorquevirus	Anelloviridae	Viruses; Floreoviria; Shotokuvirae; Commensaviricota; Cardeaviricetes; Sanitavirales; Anelloviridae; Betatorquevirus; Betatorquevirus homini36	DNA	linear	2968		Homo sapiens	SAfiA-239-5	false	ncbi-genbank	329ff3c3d54858b25edec1e2fe06315e77d11d5d7e6ad77dd09572ebdc84088b				
MN769116	MN769116.1	TTV-like mini virus	Betatorquevirus	Anelloviridae	Viruses; Floreoviria; Shotokuvirae; Commensaviricota; Cardeaviricetes; Sanitavirales; Anelloviridae; Betatorquevirus; Betatorquevirus homini36	DNA	linear	2803		Homo sapiens	SAfiA-241-27	false	ncbi-genbank	1eeaa25b7a8b39e9d5ba2fd05b81b43fb7cd998a83fc68068140589baa16c73e				
MN769118	MN769118.1	TTV-like mini virus	Betatorquevirus	Anelloviridae	Viruses; Floreoviria; Shotokuvirae; Commensaviricota; Cardeaviricetes; Sanitavirales; Anelloviridae; Betatorquevirus; Betatorquevirus homini36	DNA	linear	2927		Homo sapiens	SAfiA-244-10	false	ncbi-genbank	705fe150612b7ab535276bdc9bca0c15c8f50ce1cba8e56171d8cc2157c26f77				
MN769123	MN769123.1	TTV-like mini virus	Betatorquevirus	Anelloviridae	Viruses; Floreoviria; Shotokuvirae; Commensaviricota; Cardeaviricetes; Sanitavirales; Anelloviridae; Betatorquevirus; Betatorquevirus homini36	DNA	linear	2919		Homo sapiens	SAfiA-245-16	false	ncbi-genbank	7a76664b261d5d9149d66b558be4ea64769480508a5123f6356b8342a8442560				
MN769124	MN769124.1	TTV-like mini virus	Betatorquevirus	Anelloviridae	Viruses; Floreoviria; Shotokuvirae; Commensaviricota; Cardeaviricetes; Sanitavirales; Anelloviridae; Betatorquevirus; Betatorquevirus homini36	DNA	linear	2941		Homo sapiens	SAfiA-245-6	false	ncbi-genbank	cb189c2e04904afbe0ccc7203fcaae746a46d76470eaa67d32f73340de8f828b				
MN769125	MN769125.1	TTV-like mini virus	Betatorquevirus	Anelloviridae	Viruses; Floreoviria; Shotokuvirae; Commensaviricota; Cardeaviricetes; Sanitavirales; Anelloviridae; Betatorquevirus; Betatorquevirus homini36	DNA	linear	2904		Homo sapiens	SAfiA-247-16	false	ncbi-genbank	207f63d4404ce692f89f1681c4cdee0002def0513838a3dfb7e1305e8fe3e5b9				
MN769126	MN769126.1	TTV-like mini virus	Betatorquevirus	Anelloviridae	Viruses; Floreoviria; Shotokuvirae; Commensaviricota; Cardeaviricetes; Sanitavirales; Anelloviridae; Betatorquevirus; Betatorquevirus homini36	DNA	linear	2781		Homo sapiens	SAfiA-247-30	false	ncbi-genbank	1e899473fb1212e7830635697fc79f395d000b24ca059cc72abbd2836661516a				
MN769128	MN769128.1	TTV-like mini virus	Betatorquevirus	Anelloviridae	Viruses; Floreoviria; Shotokuvirae; Commensaviricota; Cardeaviricetes; Sanitavirales; Anelloviridae; Betatorquevirus; Betatorquevirus homini36	DNA	linear	2951		Homo sapiens	SAfiA-248-5	false	ncbi-genbank	bb4f219cdde2e732c4ed0c76dfce8e571afd4fc2f82baa22b220eb9b9c52c74a				
MN769131	MN769131.1	TTV-like mini virus	Betatorquevirus	Anelloviridae	Viruses; Floreoviria; Shotokuvirae; Commensaviricota; Cardeaviricetes; Sanitavirales; Anelloviridae; Betatorquevirus; Betatorquevirus homini36	DNA	linear	2848		Homo sapiens	SAfiA-254-30	false	ncbi-genbank	580c97cb564baa4968bc539290904d087b6099b6b9ae2406c8a76e0505e9c1dd				
MN769135	MN769135.1	TTV-like mini virus	Betatorquevirus	Anelloviridae	Viruses; Floreoviria; Shotokuvirae; Commensaviricota; Cardeaviricetes; Sanitavirales; Anelloviridae; Betatorquevirus; Betatorquevirus homini36	DNA	linear	2900		Homo sapiens	SAfiA-259-10	false	ncbi-genbank	7cb796c8617d444b026801a42912c627fea395e1d415d7e2d72ece10fb245f46				
MN769136	MN769136.1	TTV-like mini virus	Betatorquevirus	Anelloviridae	Viruses; Floreoviria; Shotokuvirae; Commensaviricota; Cardeaviricetes; Sanitavirales; Anelloviridae; Betatorquevirus; Betatorquevirus homini36	DNA	linear	2900		Homo sapiens	SAfiA-25A-2	false	ncbi-genbank	b5c5165354ea70b5a56130f999a2c4fdb35e018c6c5059b5a7cd689bfd9cc4b4				
MN769137	MN769137.1	TTV-like mini virus	Betatorquevirus	Anelloviridae	Viruses; Floreoviria; Shotokuvirae; Commensaviricota; Cardeaviricetes; Sanitavirales; Anelloviridae; Betatorquevirus; Betatorquevirus homini36	DNA	linear	2982		Homo sapiens	SAfiA-262-4	false	ncbi-genbank	970cea2f24979c1d5ee1266922694cc695839e0207f651d77be8888b02ef80d8				
MN769140	MN769140.1	TTV-like mini virus	Betatorquevirus	Anelloviridae	Viruses; Floreoviria; Shotokuvirae; Commensaviricota; Cardeaviricetes; Sanitavirales; Anelloviridae; Betatorquevirus; Betatorquevirus homini36	DNA	linear	2842		Homo sapiens	SAfiA-263-22	false	ncbi-genbank	9be1063e6d2827935148e5eb6b2eca3f49f64613e13ad05ca1c58c60d4f2d2e0				
MN769141	MN769141.1	TTV-like mini virus	Betatorquevirus	Anelloviridae	Viruses; Floreoviria; Shotokuvirae; Commensaviricota; Cardeaviricetes; Sanitavirales; Anelloviridae; Betatorquevirus; Betatorquevirus homini36	DNA	linear	2897		Homo sapiens	SAfiA-266-13	false	ncbi-genbank	809c5b3933e8b79a724681dafabc014967e166317e234f32800747e724fa8d3b				
MN769142	MN769142.1	TTV-like mini virus	Betatorquevirus	Anelloviridae	Viruses; Floreoviria; Shotokuvirae; Commensaviricota; Cardeaviricetes; Sanitavirales; Anelloviridae; Betatorquevirus; Betatorquevirus homini36	DNA	linear	2958		Homo sapiens	SAfiA-266-6	false	ncbi-genbank	c0789b11300bc2a705add5324363070c66499577580ac60a7c24b6b4e5b3b60b				
MN769143	MN769143.1	TTV-like mini virus	Betatorquevirus	Anelloviridae	Viruses; Floreoviria; Shotokuvirae; Commensaviricota; Cardeaviricetes; Sanitavirales; Anelloviridae; Betatorquevirus; Betatorquevirus homini36	DNA	linear	2919		Homo sapiens	SAfiA-267-14	false	ncbi-genbank	b3b8922128c25bff80fc086da8681ee6444e765349b8aa3c1404459c07609953				
MN769144	MN769144.1	TTV-like mini virus	Betatorquevirus	Anelloviridae	Viruses; Floreoviria; Shotokuvirae; Commensaviricota; Cardeaviricetes; Sanitavirales; Anelloviridae; Betatorquevirus; Betatorquevirus homini36	DNA	linear	2785		Homo sapiens	SAfiA-267-25	false	ncbi-genbank	4d9f8a3967b2ba2d5b46b6bd4615ca1bb894773f6bb0104b71e78bb8ce74e264				
MN769147	MN769147.1	TTV-like mini virus	Betatorquevirus	Anelloviridae	Viruses; Floreoviria; Shotokuvirae; Commensaviricota; Cardeaviricetes; Sanitavirales; Anelloviridae; Betatorquevirus; Betatorquevirus homini36	DNA	linear	2896		Homo sapiens	SAfiA-275-28	false	ncbi-genbank	cf8eb109e49829551c5917005a59cb7358864e27e4f29ec052b68198a3ee3662				
MN769149	MN769149.1	TTV-like mini virus	Betatorquevirus	Anelloviridae	Viruses; Floreoviria; Shotokuvirae; Commensaviricota; Cardeaviricetes; Sanitavirales; Anelloviridae; Betatorquevirus; Betatorquevirus homini36	DNA	linear	2874		Homo sapiens	SAfiA-275-45	false	ncbi-genbank	23be106597b365467a84822935dc42689aa3c20d4f3c55087451c3b5c436762c				
MN769150	MN769150.1	TTV-like mini virus	Betatorquevirus	Anelloviridae	Viruses; Floreoviria; Shotokuvirae; Commensaviricota; Cardeaviricetes; Sanitavirales; Anelloviridae; Betatorquevirus; Betatorquevirus homini36	DNA	linear	2919		Homo sapiens	SAfiA-275-49	false	ncbi-genbank	9bfc8cebbf8f6bec3386a6bda97cb5f9e328ff42b672d5c5bb47a2755d41eb3b				
MN769151	MN769151.1	TTV-like mini virus	Betatorquevirus	Anelloviridae	Viruses; Floreoviria; Shotokuvirae; Commensaviricota; Cardeaviricetes; Sanitavirales; Anelloviridae; Betatorquevirus; Betatorquevirus homini36	DNA	linear	2808		Homo sapiens	SAfiA-275-55	false	ncbi-genbank	adef78a36e08d343971adb6feb026ed4f19ee7cfedac3cb2c03b40fe63b8edf1				
MN769153	MN769153.1	TTV-like mini virus	Betatorquevirus	Anelloviridae	Viruses; Floreoviria; Shotokuvirae; Commensaviricota; Cardeaviricetes; Sanitavirales; Anelloviridae; Betatorquevirus; Betatorquevirus homini36	DNA	linear	2936		Homo sapiens	SAfiA-277-21	false	ncbi-genbank	af883a1c1356e0aa492318da1b8a253490712cc3ab7c9c2ff13f82e873e04569				
MN769154	MN769154.1	TTV-like mini virus	Betatorquevirus	Anelloviridae	Viruses; Floreoviria; Shotokuvirae; Commensaviricota; Cardeaviricetes; Sanitavirales; Anelloviridae; Betatorquevirus; Betatorquevirus homini36	DNA	linear	2877		Homo sapiens	SAfiA-277-25	false	ncbi-genbank	6908d2a5b1c89c1a4f2c6de43f41c8c1586ca62df454936a224cf802cf574b99				
MN769155	MN769155.1	TTV-like mini virus	Betatorquevirus	Anelloviridae	Viruses; Floreoviria; Shotokuvirae; Commensaviricota; Cardeaviricetes; Sanitavirales; Anelloviridae; Betatorquevirus; Betatorquevirus homini36	DNA	linear	2615		Homo sapiens	SAfiA-277-43	false	ncbi-genbank	a1658c8ffef8044ee6d551a17a0b1fd93b699dced2f1b6df7964e5d4018947eb				
MN769158	MN769158.1	TTV-like mini virus	Betatorquevirus	Anelloviridae	Viruses; Floreoviria; Shotokuvirae; Commensaviricota; Cardeaviricetes; Sanitavirales; Anelloviridae; Betatorquevirus; Betatorquevirus homini36	DNA	linear	2887		Homo sapiens	SAfiA-297-99	false	ncbi-genbank	d445c6e1cbe185ad2a633e8433137c26790da41dcca4cbc07b39104566812107				
MN769159	MN769159.1	TTV-like mini virus	Betatorquevirus	Anelloviridae	Viruses; Floreoviria; Shotokuvirae; Commensaviricota; Cardeaviricetes; Sanitavirales; Anelloviridae; Betatorquevirus; Betatorquevirus homini36	DNA	linear	2931		Homo sapiens	SAfiA-299A-16	false	ncbi-genbank	80100fb749e7575e4b3860a7910905d1142c90aa2a1b6ded34ec48ce500e2afe				
MN769162	MN769162.1	TTV-like mini virus	Betatorquevirus	Anelloviridae	Viruses; Floreoviria; Shotokuvirae; Commensaviricota; Cardeaviricetes; Sanitavirales; Anelloviridae; Betatorquevirus; Betatorquevirus homini36	DNA	linear	2975		Homo sapiens	SAfiA-301-6	false	ncbi-genbank	8707f819828385e0990b0c8e756c7a72a71e8741c5cd8aac0a8f4142ffb6b83b				
MN769166	MN769166.1	TTV-like mini virus	Betatorquevirus	Anelloviridae	Viruses; Floreoviria; Shotokuvirae; Commensaviricota; Cardeaviricetes; Sanitavirales; Anelloviridae; Betatorquevirus; Betatorquevirus homini36	DNA	linear	2898		Homo sapiens	SAfiA-306A-26	false	ncbi-genbank	83fb2ac8aa1f90990036fb9345e91a513e5a7046ed52fabdf7a80ce5d383641e				
MN769169	MN769169.1	TTV-like mini virus	Betatorquevirus	Anelloviridae	Viruses; Floreoviria; Shotokuvirae; Commensaviricota; Cardeaviricetes; Sanitavirales; Anelloviridae; Betatorquevirus; Betatorquevirus homini36	DNA	linear	2988		Homo sapiens	SAfiA-306B-7	false	ncbi-genbank	452a9cce77b5d8185092b7b6ff302f07cbe91b068b1403d6ab7d7eb62b82752b				
MN769171	MN769171.1	TTV-like mini virus	Betatorquevirus	Anelloviridae	Viruses; Floreoviria; Shotokuvirae; Commensaviricota; Cardeaviricetes; Sanitavirales; Anelloviridae; Betatorquevirus; Betatorquevirus homini36	DNA	linear	2931		Homo sapiens	SAfiA-308-12	false	ncbi-genbank	b582d0988842dd194c593faf3e5e8815d016b04de6b210fbc7fa737693369be8				
MN769172	MN769172.1	TTV-like mini virus	Betatorquevirus	Anelloviridae	Viruses; Floreoviria; Shotokuvirae; Commensaviricota; Cardeaviricetes; Sanitavirales; Anelloviridae; Betatorquevirus; Betatorquevirus homini36	DNA	linear	2908		Homo sapiens	SAfiA-309-16	false	ncbi-genbank	75ab196936c93cf84ff7057034447f5f5ca071d9a02a98f0f1ea3af9eb568159				
MN769173	MN769173.1	TTV-like mini virus	Betatorquevirus	Anelloviridae	Viruses; Floreoviria; Shotokuvirae; Commensaviricota; Cardeaviricetes; Sanitavirales; Anelloviridae; Betatorquevirus; Betatorquevirus homini36	DNA	linear	2908		Homo sapiens	SAfiA-309-17	false	ncbi-genbank	599ee39afb4f33a94dc7d7213c00bce63d2b53c9dfa9a4bc3f056bb8957ea35e				
MN769175	MN769175.1	TTV-like mini virus	Betatorquevirus	Anelloviridae	Viruses; Floreoviria; Shotokuvirae; Commensaviricota; Cardeaviricetes; Sanitavirales; Anelloviridae; Betatorquevirus; Betatorquevirus homini36	DNA	linear	2846		Homo sapiens	SAfiA-313A-31	false	ncbi-genbank	d7e544d483fc4ac0142172849ed238f58e75c87832192185631b3c4595473642				
MN769177	MN769177.1	TTV-like mini virus	Betatorquevirus	Anelloviridae	Viruses; Floreoviria; Shotokuvirae; Commensaviricota; Cardeaviricetes; Sanitavirales; Anelloviridae; Betatorquevirus; Betatorquevirus homini36	DNA	linear	2852		Homo sapiens	SAfiA-314-25	false	ncbi-genbank	af200b1a22c4065804c56fb82b3d116d619c1c24c5d0918cb57488cf8d729385				
MN769178	MN769178.1	TTV-like mini virus	Betatorquevirus	Anelloviridae	Viruses; Floreoviria; Shotokuvirae; Commensaviricota; Cardeaviricetes; Sanitavirales; Anelloviridae; Betatorquevirus; Betatorquevirus homini36	DNA	linear	2737		Homo sapiens	SAfiA-314-33	false	ncbi-genbank	aeed7f473cf43861ede736c243e26273ee35c1ca05902b85252654ef8ebc1eac				
MN769179	MN769179.1	TTV-like mini virus	Betatorquevirus	Anelloviridae	Viruses; Floreoviria; Shotokuvirae; Commensaviricota; Cardeaviricetes; Sanitavirales; Anelloviridae; Betatorquevirus; Betatorquevirus homini36	DNA	linear	2807		Homo sapiens	SAfiA-315-27	false	ncbi-genbank	cce8bc8c0e30f937d11c10bc6a713d301a095750ae275efc0cb0fc6c2bfbdb8d				
MN769180	MN769180.1	TTV-like mini virus	Betatorquevirus	Anelloviridae	Viruses; Floreoviria; Shotokuvirae; Commensaviricota; Cardeaviricetes; Sanitavirales; Anelloviridae; Betatorquevirus; Betatorquevirus homini36	DNA	linear	2883		Homo sapiens	SAfiA-316-21	false	ncbi-genbank	9db3807820d7c2c380aa2f59de36c217fb35ab386c944ebb7bf31b0d48db79f1				
MN769181	MN769181.1	TTV-like mini virus	Betatorquevirus	Anelloviridae	Viruses; Floreoviria; Shotokuvirae; Commensaviricota; Cardeaviricetes; Sanitavirales; Anelloviridae; Betatorquevirus; Betatorquevirus homini36	DNA	linear	2924		Homo sapiens	SAfiA-316-25	false	ncbi-genbank	10e510794d05c31442680615049e04a6c3e2d9420b6c5722c47ba9146eb00d45				
MN769182	MN769182.1	TTV-like mini virus	Betatorquevirus	Anelloviridae	Viruses; Floreoviria; Shotokuvirae; Commensaviricota; Cardeaviricetes; Sanitavirales; Anelloviridae; Betatorquevirus; Betatorquevirus homini36	DNA	linear	2902		Homo sapiens	SAfiA-316-28	false	ncbi-genbank	8e1069b1ba31b073803469cb8656c1feedd22a9cf7e0d6d5af4ff7e873972d08				
MN769183	MN769183.1	TTV-like mini virus	Betatorquevirus	Anelloviridae	Viruses; Floreoviria; Shotokuvirae; Commensaviricota; Cardeaviricetes; Sanitavirales; Anelloviridae; Betatorquevirus; Betatorquevirus homini36	DNA	linear	2874		Homo sapiens	SAfiA-317-12	false	ncbi-genbank	98a92e8f3278635ae62257c8ab4e19158f3cbf2f5f40b7d0aa08ed50ef4c515b				
MN769185	MN769185.1	TTV-like mini virus	Betatorquevirus	Anelloviridae	Viruses; Floreoviria; Shotokuvirae; Commensaviricota; Cardeaviricetes; Sanitavirales; Anelloviridae; Betatorquevirus; Betatorquevirus homini36	DNA	linear	2876		Homo sapiens	SAfiA-319-22	false	ncbi-genbank	2a330aef656025c4a40cb250b5bc536f6f1db5c96146ec1b1fd80aa972656e2e				
MN769186	MN769186.1	TTV-like mini virus	Betatorquevirus	Anelloviridae	Viruses; Floreoviria; Shotokuvirae; Commensaviricota; Cardeaviricetes; Sanitavirales; Anelloviridae; Betatorquevirus; Betatorquevirus homini36	DNA	linear	2851		Homo sapiens	SAfiA-319-23	false	ncbi-genbank	26959706f82fa89403e232020e8b0c1ba62806873172ca225386761303610e2b				
MN769187	MN769187.1	TTV-like mini virus	Betatorquevirus	Anelloviridae	Viruses; Floreoviria; Shotokuvirae; Commensaviricota; Cardeaviricetes; Sanitavirales; Anelloviridae; Betatorquevirus; Betatorquevirus homini36	DNA	linear	2823		Homo sapiens	SAfiA-319-26	false	ncbi-genbank	2727266f7e32d71b1a33c463ec617d63d0544c349e4b644813ddc0c0a29b50e2				
MN769188	MN769188.1	TTV-like mini virus	Betatorquevirus	Anelloviridae	Viruses; Floreoviria; Shotokuvirae; Commensaviricota; Cardeaviricetes; Sanitavirales; Anelloviridae; Betatorquevirus; Betatorquevirus homini36	DNA	linear	2934		Homo sapiens	SAfiA-319-8	false	ncbi-genbank	daa51ac5959e99eeb498b29c03a1bd345c87ccb09bf9a8b5d66501bd2bc5975f				
MN769189	MN769189.1	TTV-like mini virus	Betatorquevirus	Anelloviridae	Viruses; Floreoviria; Shotokuvirae; Commensaviricota; Cardeaviricetes; Sanitavirales; Anelloviridae; Betatorquevirus; Betatorquevirus homini36	DNA	linear	2923		Homo sapiens	SAfiA-32-0	false	ncbi-genbank	704b8bc7daa11634c2334de03b7aa977abe5baa1e4d0d84466de2fc35e1da2d0				
MN769190	MN769190.1	TTV-like mini virus	Betatorquevirus	Anelloviridae	Viruses; Floreoviria; Shotokuvirae; Commensaviricota; Cardeaviricetes; Sanitavirales; Anelloviridae; Betatorquevirus; Betatorquevirus homini36	DNA	linear	2865		Homo sapiens	SAfiA-321-10	false	ncbi-genbank	e2db7e71267940004b8f985381af41587fe9361055a0002f5969cb39199bc52d				
MN769191	MN769191.1	TTV-like mini virus	Betatorquevirus	Anelloviridae	Viruses; Floreoviria; Shotokuvirae; Commensaviricota; Cardeaviricetes; Sanitavirales; Anelloviridae; Betatorquevirus; Betatorquevirus homini36	DNA	linear	2945		Homo sapiens	SAfiA-322-2	false	ncbi-genbank	cba85d397775c9a38145fe2b4e00a7b7de1f27c585b5cdd57af848848ae9678f				
MN769192	MN769192.1	TTV-like mini virus	Betatorquevirus	Anelloviridae	Viruses; Floreoviria; Shotokuvirae; Commensaviricota; Cardeaviricetes; Sanitavirales; Anelloviridae; Betatorquevirus; Betatorquevirus homini36	DNA	linear	2933		Homo sapiens	SAfiA-323-3	false	ncbi-genbank	0eaf29f11bd4479582eadcd617e04df0760c3820401910b9e4e6e6e79339644c				
MN769193	MN769193.1	TTV-like mini virus	Betatorquevirus	Anelloviridae	Viruses; Floreoviria; Shotokuvirae; Commensaviricota; Cardeaviricetes; Sanitavirales; Anelloviridae; Betatorquevirus; Betatorquevirus homini36	DNA	linear	2898		Homo sapiens	SAfiA-323-4	false	ncbi-genbank	e4cbb85acd6346fbf1eb4fe362aa68eff167c6ea3efbe976681ee4afcfb98505				
MN769200	MN769200.1	TTV-like mini virus	Betatorquevirus	Anelloviridae	Viruses; Floreoviria; Shotokuvirae; Commensaviricota; Cardeaviricetes; Sanitavirales; Anelloviridae; Betatorquevirus; Betatorquevirus homini36	DNA	linear	2890		Homo sapiens	SAfiA-330-10	false	ncbi-genbank	34074c3459f65b5bcb3b497c957aa84976702fc0c31975c9bbb610fc3197b81f				
MN769201	MN769201.1	TTV-like mini virus	Betatorquevirus	Anelloviridae	Viruses; Floreoviria; Shotokuvirae; Commensaviricota; Cardeaviricetes; Sanitavirales; Anelloviridae; Betatorquevirus; Betatorquevirus homini36	DNA	linear	2995		Homo sapiens	SAfiA-330-3	false	ncbi-genbank	29a7151cba092f61add989ba62d60008bc02731f5e3e88970ded129a84773295				
MN769202	MN769202.1	TTV-like mini virus	Betatorquevirus	Anelloviridae	Viruses; Floreoviria; Shotokuvirae; Commensaviricota; Cardeaviricetes; Sanitavirales; Anelloviridae; Betatorquevirus; Betatorquevirus homini36	DNA	linear	2953		Homo sapiens	SAfiA-331-13	false	ncbi-genbank	49449c9a203aaefdba2c9f498e8a8071bb7891eeca41197ea93a4c634a585ade				
MN769204	MN769204.1	TTV-like mini virus	Betatorquevirus	Anelloviridae	Viruses; Floreoviria; Shotokuvirae; Commensaviricota; Cardeaviricetes; Sanitavirales; Anelloviridae; Betatorquevirus; Betatorquevirus homini36	DNA	linear	2836		Homo sapiens	SAfiA-33-22	false	ncbi-genbank	851181452727d0c8acbb1860507973ea47a69d8336f6a239e53eed48ad925c47				
MN769205	MN769205.1	TTV-like mini virus	Betatorquevirus	Anelloviridae	Viruses; Floreoviria; Shotokuvirae; Commensaviricota; Cardeaviricetes; Sanitavirales; Anelloviridae; Betatorquevirus; Betatorquevirus homini36	DNA	linear	2843		Homo sapiens	SAfiA-33-23	false	ncbi-genbank	d51589ef3007db2ef8274f197fa90bbe21ae7b1f3dc8b69e5ad7366e8499275a				
MN769206	MN769206.1	TTV-like mini virus	Betatorquevirus	Anelloviridae	Viruses; Floreoviria; Shotokuvirae; Commensaviricota; Cardeaviricetes; Sanitavirales; Anelloviridae; Betatorquevirus; Betatorquevirus homini36	DNA	linear	2925		Homo sapiens	SAfiA-332-5	false	ncbi-genbank	f9d78543288c6ce046b86d8f5782ca5611ee81be2434109d40eff169d32dc350				
MN769207	MN769207.1	TTV-like mini virus	Betatorquevirus	Anelloviridae	Viruses; Floreoviria; Shotokuvirae; Commensaviricota; Cardeaviricetes; Sanitavirales; Anelloviridae; Betatorquevirus; Betatorquevirus homini36	DNA	linear	2884		Homo sapiens	SAfiA-332-9	false	ncbi-genbank	0a8abb493970cb192c778f10817be74876591f470c4acc75b7ed3680ab6efeb6				
MN769209	MN769209.1	TTV-like mini virus	Betatorquevirus	Anelloviridae	Viruses; Floreoviria; Shotokuvirae; Commensaviricota; Cardeaviricetes; Sanitavirales; Anelloviridae; Betatorquevirus; Betatorquevirus homini36	DNA	linear	2979		Homo sapiens	SAfiA-338-9	false	ncbi-genbank	b5614889094eb7fbe5597c833188f75c94c48d5d2d286022e203cd7c5d179b72				
MN769210	MN769210.1	TTV-like mini virus	Betatorquevirus	Anelloviridae	Viruses; Floreoviria; Shotokuvirae; Commensaviricota; Cardeaviricetes; Sanitavirales; Anelloviridae; Betatorquevirus; Betatorquevirus homini36	DNA	linear	2848		Homo sapiens	SAfiA-339-10	false	ncbi-genbank	a7b093a577d45e72cf6a643832b27f7b654a7097cfd4901adebf18466e2a6083				
MN769211	MN769211.1	TTV-like mini virus	Betatorquevirus	Anelloviridae	Viruses; Floreoviria; Shotokuvirae; Commensaviricota; Cardeaviricetes; Sanitavirales; Anelloviridae; Betatorquevirus; Betatorquevirus homini36	DNA	linear	2894		Homo sapiens	SAfiA-339-7	false	ncbi-genbank	994eed850191fd9b42d9a444904246a35b90f6c914ec27d6bc65873e11f32a66				
MN769212	MN769212.1	TTV-like mini virus	Betatorquevirus	Anelloviridae	Viruses; Floreoviria; Shotokuvirae; Commensaviricota; Cardeaviricetes; Sanitavirales; Anelloviridae; Betatorquevirus; Betatorquevirus homini36	DNA	linear	2912		Homo sapiens	SAfiA-340-2	false	ncbi-genbank	e821f4eeda8420b0b9f3db6e0be10511a589178884751692bf1deb5fe6a284f8				
MN769214	MN769214.1	TTV-like mini virus	Betatorquevirus	Anelloviridae	Viruses; Floreoviria; Shotokuvirae; Commensaviricota; Cardeaviricetes; Sanitavirales; Anelloviridae; Betatorquevirus; Betatorquevirus homini36	DNA	linear	2892		Homo sapiens	SAfiA-341-13	false	ncbi-genbank	824e6c0fd11aed4ff51cdfe73fd537dc03f4d294b6ecb84d3429b96bfd37aa62				
MN769219	MN769219.1	TTV-like mini virus	Betatorquevirus	Anelloviridae	Viruses; Floreoviria; Shotokuvirae; Commensaviricota; Cardeaviricetes; Sanitavirales; Anelloviridae; Betatorquevirus; Betatorquevirus homini36	DNA	linear	2941		Homo sapiens	SAfiA-344-3	false	ncbi-genbank	45abc8e72dd868d98637d1aef7e5d62b185f6c0dd5175ce2ae482d521249cf5d				
MN769221	MN769221.1	TTV-like mini virus	Betatorquevirus	Anelloviridae	Viruses; Floreoviria; Shotokuvirae; Commensaviricota; Cardeaviricetes; Sanitavirales; Anelloviridae; Betatorquevirus; Betatorquevirus homini36	DNA	linear	2870		Homo sapiens	SAfiA-345-14	false	ncbi-genbank	35a7be956e24af75dd25578b3bc45091f22d7d9e141ec8c61ec8281541ce92cc				
MN769223	MN769223.1	TTV-like mini virus	Betatorquevirus	Anelloviridae	Viruses; Floreoviria; Shotokuvirae; Commensaviricota; Cardeaviricetes; Sanitavirales; Anelloviridae; Betatorquevirus; Betatorquevirus homini36	DNA	linear	2791		Homo sapiens	SAfiA-345-17	false	ncbi-genbank	a422b27e880b996b5f06bc2e64a308ff674aa3ea1b00fe15b6db53d695853a25				
MN769224	MN769224.1	TTV-like mini virus	Betatorquevirus	Anelloviridae	Viruses; Floreoviria; Shotokuvirae; Commensaviricota; Cardeaviricetes; Sanitavirales; Anelloviridae; Betatorquevirus; Betatorquevirus homini36	DNA	linear	2913		Homo sapiens	SAfiA-346-16	false	ncbi-genbank	8bb33b7f89acf5c04f45b6b2696d54e20d92f9d98c4f41b2aa894e7ce79d539a				
MN769226	MN769226.1	TTV-like mini virus	Betatorquevirus	Anelloviridae	Viruses; Floreoviria; Shotokuvirae; Commensaviricota; Cardeaviricetes; Sanitavirales; Anelloviridae; Betatorquevirus; Betatorquevirus homini36	DNA	linear	2831		Homo sapiens	SAfiA-346-33	false	ncbi-genbank	f396e62c060635dc9c444f42fc648845f542975e79d34bdbb11444267ce7c042				
MN769228	MN769228.1	TTV-like mini virus	Betatorquevirus	Anelloviridae	Viruses; Floreoviria; Shotokuvirae; Commensaviricota; Cardeaviricetes; Sanitavirales; Anelloviridae; Betatorquevirus; Betatorquevirus homini36	DNA	linear	2810		Homo sapiens	SAfiA-346-35	false	ncbi-genbank	42aa5c6115d350e05f4301b9e89c338f2127f1b5ea199f848c651b1f74f02bb4				
MN769231	MN769231.1	TTV-like mini virus	Betatorquevirus	Anelloviridae	Viruses; Floreoviria; Shotokuvirae; Commensaviricota; Cardeaviricetes; Sanitavirales; Anelloviridae; Betatorquevirus; Betatorquevirus homini36	DNA	linear	2939		Homo sapiens	SAfiA-349-14	false	ncbi-genbank	830a5e0b421a72fc33ccaa293fe3564fa6327df2b0b6588ec2a5f23571c69d2d				
MN769233	MN769233.1	TTV-like mini virus	Betatorquevirus	Anelloviridae	Viruses; Floreoviria; Shotokuvirae; Commensaviricota; Cardeaviricetes; Sanitavirales; Anelloviridae; Betatorquevirus; Betatorquevirus homini36	DNA	linear	2880		Homo sapiens	SAfiA-349-32	false	ncbi-genbank	ef741e5fd0df89c3762e3a675ef5796b5bade929acc7597eb3fecd658a9b7aff				
MN769235	MN769235.1	TTV-like mini virus	Betatorquevirus	Anelloviridae	Viruses; Floreoviria; Shotokuvirae; Commensaviricota; Cardeaviricetes; Sanitavirales; Anelloviridae; Betatorquevirus; Betatorquevirus homini36	DNA	linear	2839		Homo sapiens	SAfiA-349-42	false	ncbi-genbank	299561d171e43b5b25f1261eb9c9b0ca8c559c78af4785a1b2d7c9c3b058dd44				
MN769237	MN769237.1	TTV-like mini virus	Betatorquevirus	Anelloviridae	Viruses; Floreoviria; Shotokuvirae; Commensaviricota; Cardeaviricetes; Sanitavirales; Anelloviridae; Betatorquevirus; Betatorquevirus homini36	DNA	linear	2936		Homo sapiens	SAfiA-350-14	false	ncbi-genbank	9dd14ace519e2faff6b541e97e2358beae064324d283fffd8fc6a824c21d689f				
MN769238	MN769238.1	TTV-like mini virus	Betatorquevirus	Anelloviridae	Viruses; Floreoviria; Shotokuvirae; Commensaviricota; Cardeaviricetes; Sanitavirales; Anelloviridae; Betatorquevirus; Betatorquevirus homini36	DNA	linear	2919		Homo sapiens	SAfiA-350-16	false	ncbi-genbank	698303057524c6f99df440e34fc6a5014b6346121ffe2f58325aaa7d0ee1c79c				
MN769241	MN769241.1	TTV-like mini virus	Betatorquevirus	Anelloviridae	Viruses; Floreoviria; Shotokuvirae; Commensaviricota; Cardeaviricetes; Sanitavirales; Anelloviridae; Betatorquevirus; Betatorquevirus homini36	DNA	linear	2960		Homo sapiens	SAfiA-35-15	false	ncbi-genbank	fe27d3b3401255bc80348a6557706e722edf90c9186df7214668001f4fd43a76				
MN769244	MN769244.1	TTV-like mini virus	Betatorquevirus	Anelloviridae	Viruses; Floreoviria; Shotokuvirae; Commensaviricota; Cardeaviricetes; Sanitavirales; Anelloviridae; Betatorquevirus; Betatorquevirus homini36	DNA	linear	2900		Homo sapiens	SAfiA-352-24	false	ncbi-genbank	8fdeaec890db70d138bc0419f2ec5c80d586403fe9caa4c4714835f15a8413b5				
MN769245	MN769245.1	TTV-like mini virus	Betatorquevirus	Anelloviridae	Viruses; Floreoviria; Shotokuvirae; Commensaviricota; Cardeaviricetes; Sanitavirales; Anelloviridae; Betatorquevirus; Betatorquevirus homini36	DNA	linear	2829		Homo sapiens	SAfiA-35-24	false	ncbi-genbank	a44015d845e4399c95ea35042fbf653fa73fd40ec52b1e9318056c98380941e3				
MN769246	MN769246.1	TTV-like mini virus	Betatorquevirus	Anelloviridae	Viruses; Floreoviria; Shotokuvirae; Commensaviricota; Cardeaviricetes; Sanitavirales; Anelloviridae; Betatorquevirus; Betatorquevirus homini36	DNA	linear	2902		Homo sapiens	SAfiA-35-29	false	ncbi-genbank	0de177c9f33d8168f3231023ab5a39f127c2cfe19183f917b7b1f940778e3ee5				
MN769247	MN769247.1	TTV-like mini virus	Betatorquevirus	Anelloviridae	Viruses; Floreoviria; Shotokuvirae; Commensaviricota; Cardeaviricetes; Sanitavirales; Anelloviridae; Betatorquevirus; Betatorquevirus homini36	DNA	linear	2893		Homo sapiens	SAfiA-35-32	false	ncbi-genbank	c0b93d685e009154413b917ff80baf914b81743c5c6b452428ce079a4a52b3d0				
MN769251	MN769251.1	TTV-like mini virus	Betatorquevirus	Anelloviridae	Viruses; Floreoviria; Shotokuvirae; Commensaviricota; Cardeaviricetes; Sanitavirales; Anelloviridae; Betatorquevirus; Betatorquevirus homini36	DNA	linear	2885		Homo sapiens	SAfiA-353-39	false	ncbi-genbank	82517c00afcb7946eb11a8e702a2ccc33a7d4c2961fbc78a02d49ee71fe3a3ac				
MN769252	MN769252.1	TTV-like mini virus	Betatorquevirus	Anelloviridae	Viruses; Floreoviria; Shotokuvirae; Commensaviricota; Cardeaviricetes; Sanitavirales; Anelloviridae; Betatorquevirus; Betatorquevirus homini36	DNA	linear	2761		Homo sapiens	SAfiA-353-43	false	ncbi-genbank	04be9c6990d4357b19c69ca757ba58fa1e78474f629c57b21f350f8d2db59841				
MN769253	MN769253.1	TTV-like mini virus	Betatorquevirus	Anelloviridae	Viruses; Floreoviria; Shotokuvirae; Commensaviricota; Cardeaviricetes; Sanitavirales; Anelloviridae; Betatorquevirus; Betatorquevirus homini36	DNA	linear	2947		Homo sapiens	SAfiA-35-40	false	ncbi-genbank	eaa2aedcc3076bf0bfa3983e6e74e00e1a1612d9d51d82f854e877aa117fe160				
MN769256	MN769256.1	TTV-like mini virus	Betatorquevirus	Anelloviridae	Viruses; Floreoviria; Shotokuvirae; Commensaviricota; Cardeaviricetes; Sanitavirales; Anelloviridae; Betatorquevirus; Betatorquevirus homini36	DNA	linear	2820		Homo sapiens	SAfiA-35-59	false	ncbi-genbank	5d521f1a25139fb857c55593e06e1ad5da2aed549c03953a471662e9705bb0c0				
MN769257	MN769257.1	TTV-like mini virus	Betatorquevirus	Anelloviridae	Viruses; Floreoviria; Shotokuvirae; Commensaviricota; Cardeaviricetes; Sanitavirales; Anelloviridae; Betatorquevirus; Betatorquevirus homini36	DNA	linear	2882		Homo sapiens	SAfiA-35-61	false	ncbi-genbank	86b096dcb4eebce67337070b96e305dbf7ce1a0e7ffc6d15b9a69bea1ddf9220				
MN769258	MN769258.1	TTV-like mini virus	Betatorquevirus	Anelloviridae	Viruses; Floreoviria; Shotokuvirae; Commensaviricota; Cardeaviricetes; Sanitavirales; Anelloviridae; Betatorquevirus; Betatorquevirus homini36	DNA	linear	2876		Homo sapiens	SAfiA-35-62	false	ncbi-genbank	d9e9d9f317152b11f6744aaf16bbf31da648da0d9718ec0d2ec89bf744c8f48c				
MN769259	MN769259.1	TTV-like mini virus	Betatorquevirus	Anelloviridae	Viruses; Floreoviria; Shotokuvirae; Commensaviricota; Cardeaviricetes; Sanitavirales; Anelloviridae; Betatorquevirus; Betatorquevirus homini36	DNA	linear	2817		Homo sapiens	SAfiA-35-65	false	ncbi-genbank	326c30b3d93613aed765474275fb8a9c45ce807261d32e313ef956422c3ba130				
MN769260	MN769260.1	TTV-like mini virus	Betatorquevirus	Anelloviridae	Viruses; Floreoviria; Shotokuvirae; Commensaviricota; Cardeaviricetes; Sanitavirales; Anelloviridae; Betatorquevirus; Betatorquevirus homini36	DNA	linear	2848		Homo sapiens	SAfiA-35-68	false	ncbi-genbank	b1bdfc4f7f855c8a0637d40f6341b61141abad8c54c93da4b7bbbf7bb3c68119				
MN769263	MN769263.1	TTV-like mini virus	Betatorquevirus	Anelloviridae	Viruses; Floreoviria; Shotokuvirae; Commensaviricota; Cardeaviricetes; Sanitavirales; Anelloviridae; Betatorquevirus; Betatorquevirus homini36	DNA	linear	2834		Homo sapiens	SAfiA-358-7	false	ncbi-genbank	04e8a09b7bedce57afb2ceaf5a4166946ea607cf2bce289b052963a2532150a4				
MN769264	MN769264.1	TTV-like mini virus	Betatorquevirus	Anelloviridae	Viruses; Floreoviria; Shotokuvirae; Commensaviricota; Cardeaviricetes; Sanitavirales; Anelloviridae; Betatorquevirus; Betatorquevirus homini36	DNA	linear	2846		Homo sapiens	SAfiA-359-14	false	ncbi-genbank	32849a986d82c64a8108d2c48410564d85ee7102f63a5c622dc2697802d15a3c				
MN769265	MN769265.1	TTV-like mini virus	Betatorquevirus	Anelloviridae	Viruses; Floreoviria; Shotokuvirae; Commensaviricota; Cardeaviricetes; Sanitavirales; Anelloviridae; Betatorquevirus; Betatorquevirus homini36	DNA	linear	2816		Homo sapiens	SAfiA-359-20	false	ncbi-genbank	b0e5aeac69f3ce7b357f338c168965a73f98c37afe72ccfa79a62ea3021af17a				
MN769266	MN769266.1	TTV-like mini virus	Betatorquevirus	Anelloviridae	Viruses; Floreoviria; Shotokuvirae; Commensaviricota; Cardeaviricetes; Sanitavirales; Anelloviridae; Betatorquevirus; Betatorquevirus homini36	DNA	linear	3013		Homo sapiens	SAfiA-359-6	false	ncbi-genbank	008fe2ca8fc59fd5538502ae8e8a494c6efdeb4f3593b6826747c81e2cacd003				
MN769269	MN769269.1	TTV-like mini virus	Betatorquevirus	Anelloviridae	Viruses; Floreoviria; Shotokuvirae; Commensaviricota; Cardeaviricetes; Sanitavirales; Anelloviridae; Betatorquevirus; Betatorquevirus homini36	DNA	linear	2875		Homo sapiens	SAfiA-360-16	false	ncbi-genbank	f1840f7102c008f169010d52e4b75ff27945f36f9ad813d93ac647a7a4dffa8a				
MN769270	MN769270.1	TTV-like mini virus	Betatorquevirus	Anelloviridae	Viruses; Floreoviria; Shotokuvirae; Commensaviricota; Cardeaviricetes; Sanitavirales; Anelloviridae; Betatorquevirus; Betatorquevirus homini36	DNA	linear	2839		Homo sapiens	SAfiA-360-22	false	ncbi-genbank	bec269cc02ee78e8ad23bbc7efa9b862638b20e091934e238b0a822ed17b8a19				
MN769273	MN769273.1	TTV-like mini virus	Betatorquevirus	Anelloviridae	Viruses; Floreoviria; Shotokuvirae; Commensaviricota; Cardeaviricetes; Sanitavirales; Anelloviridae; Betatorquevirus; Betatorquevirus homini36	DNA	linear	2864		Homo sapiens	SAfiA-361-26	false	ncbi-genbank	252a78cdd63625876ce4572f38bd698ae57b921908604a554ed135ad6f113cf2				
MN769274	MN769274.1	TTV-like mini virus	Betatorquevirus	Anelloviridae	Viruses; Floreoviria; Shotokuvirae; Commensaviricota; Cardeaviricetes; Sanitavirales; Anelloviridae; Betatorquevirus; Betatorquevirus homini36	DNA	linear	2813		Homo sapiens	SAfiA-361-34	false	ncbi-genbank	340c22724f06f539a8505acdb94f726432655af329d09d8556f13ad52b3df0f1				
MN769281	MN769281.1	TTV-like mini virus	Betatorquevirus	Anelloviridae	Viruses; Floreoviria; Shotokuvirae; Commensaviricota; Cardeaviricetes; Sanitavirales; Anelloviridae; Betatorquevirus; Betatorquevirus homini36	DNA	linear	2905		Homo sapiens	SAfiA-364-8	false	ncbi-genbank	446922642e42305069cace4e8fa1379b57bd2ae480c97c8e43b0c6c312f72035				
MN769282	MN769282.1	TTV-like mini virus	Betatorquevirus	Anelloviridae	Viruses; Floreoviria; Shotokuvirae; Commensaviricota; Cardeaviricetes; Sanitavirales; Anelloviridae; Betatorquevirus; Betatorquevirus homini36	DNA	linear	2923		Homo sapiens	SAfiA-365-11	false	ncbi-genbank	a277f0148e95fa488a55bc7ef67b1f85b1c592ed6761f9d1d0de73360dde084d				
MN769283	MN769283.1	TTV-like mini virus	Betatorquevirus	Anelloviridae	Viruses; Floreoviria; Shotokuvirae; Commensaviricota; Cardeaviricetes; Sanitavirales; Anelloviridae; Betatorquevirus; Betatorquevirus homini36	DNA	linear	2907		Homo sapiens	SAfiA-365-14	false	ncbi-genbank	4ef47ab9802081d05540a9b326c120c6496cf90c81cf0bcd7bf3a10851f273aa				
MN769286	MN769286.1	TTV-like mini virus	Betatorquevirus	Anelloviridae	Viruses; Floreoviria; Shotokuvirae; Commensaviricota; Cardeaviricetes; Sanitavirales; Anelloviridae; Betatorquevirus; Betatorquevirus homini36	DNA	linear	2851		Homo sapiens	SAfiA-367-31	false	ncbi-genbank	55585141dc0d1a99ce038942c2f8341576cc74bdbf7d0df870e18741f14ee669				
MN769289	MN769289.1	TTV-like mini virus	Betatorquevirus	Anelloviridae	Viruses; Floreoviria; Shotokuvirae; Commensaviricota; Cardeaviricetes; Sanitavirales; Anelloviridae; Betatorquevirus; Betatorquevirus homini36	DNA	linear	2896		Homo sapiens	SAfiA-370-3	false	ncbi-genbank	15afd93f8df8db4c298fa80fb823aac1289cf1a69449bc49a3b9253e97e41613				
MN769292	MN769292.1	TTV-like mini virus	Betatorquevirus	Anelloviridae	Viruses; Floreoviria; Shotokuvirae; Commensaviricota; Cardeaviricetes; Sanitavirales; Anelloviridae; Betatorquevirus; Betatorquevirus homini36	DNA	linear	2889		Homo sapiens	SAfiA-376-19	false	ncbi-genbank	dedeea81cf5f38378e379f2e2face1778f30414dfd1bb9ea36612cda3e0fb53f				
MN769293	MN769293.1	TTV-like mini virus	Betatorquevirus	Anelloviridae	Viruses; Floreoviria; Shotokuvirae; Commensaviricota; Cardeaviricetes; Sanitavirales; Anelloviridae; Betatorquevirus; Betatorquevirus homini36	DNA	linear	2884		Homo sapiens	SAfiA-376-22	false	ncbi-genbank	fb34597d7aa5005c745a9fdbd02f3866b15409cfb0a10e9fd6f06733e32db726				
MN769294	MN769294.1	TTV-like mini virus	Betatorquevirus	Anelloviridae	Viruses; Floreoviria; Shotokuvirae; Commensaviricota; Cardeaviricetes; Sanitavirales; Anelloviridae; Betatorquevirus; Betatorquevirus homini36	DNA	linear	2839		Homo sapiens	SAfiA-376-28	false	ncbi-genbank	b0e686a8e3d600f47f6c7720560c9bc90e495f1474a97f74d026145897bdcc57				
MN769297	MN769297.1	TTV-like mini virus	Betatorquevirus	Anelloviridae	Viruses; Floreoviria; Shotokuvirae; Commensaviricota; Cardeaviricetes; Sanitavirales; Anelloviridae; Betatorquevirus; Betatorquevirus homini36	DNA	linear	2873		Homo sapiens	SAfiA-378-9	false	ncbi-genbank	766dc559a77f35b0866ceabc1ee488a5b60495e19b7fc747f8fc40dacf832f1e				
MN769298	MN769298.1	TTV-like mini virus	Betatorquevirus	Anelloviridae	Viruses; Floreoviria; Shotokuvirae; Commensaviricota; Cardeaviricetes; Sanitavirales; Anelloviridae; Betatorquevirus; Betatorquevirus homini36	DNA	linear	2921		Homo sapiens	SAfiA-380-19	false	ncbi-genbank	e45f8e26ca370dc7bb98d231b19c87041d5ccbb9ef9d85e340e17eb56c2d8e3a				
MN769300	MN769300.1	TTV-like mini virus	Betatorquevirus	Anelloviridae	Viruses; Floreoviria; Shotokuvirae; Commensaviricota; Cardeaviricetes; Sanitavirales; Anelloviridae; Betatorquevirus; Betatorquevirus homini36	DNA	linear	2905		Homo sapiens	SAfiA-380-24	false	ncbi-genbank	1a9e670062d28be5f5bfe14cbbcacde00c250c4f2bb04b80f67ffa0c23d6f4e0				
MN769301	MN769301.1	TTV-like mini virus	Betatorquevirus	Anelloviridae	Viruses; Floreoviria; Shotokuvirae; Commensaviricota; Cardeaviricetes; Sanitavirales; Anelloviridae; Betatorquevirus; Betatorquevirus homini36	DNA	linear	2899		Homo sapiens	SAfiA-380-26	false	ncbi-genbank	c4a35c56ed01a27de993cfd0c2f5705410ab64160600cec50b670b10b836ad28				
MN769302	MN769302.1	TTV-like mini virus	Betatorquevirus	Anelloviridae	Viruses; Floreoviria; Shotokuvirae; Commensaviricota; Cardeaviricetes; Sanitavirales; Anelloviridae; Betatorquevirus; Betatorquevirus homini36	DNA	linear	2833		Homo sapiens	SAfiA-380-42	false	ncbi-genbank	9078ebb20abde58c8a9a059c843a6a0d7b2f9fc83e5b48e84706b9c9eb0cb3b3				
MN769303	MN769303.1	TTV-like mini virus	Betatorquevirus	Anelloviridae	Viruses; Floreoviria; Shotokuvirae; Commensaviricota; Cardeaviricetes; Sanitavirales; Anelloviridae; Betatorquevirus; Betatorquevirus homini36	DNA	linear	2898		Homo sapiens	SAfiA-380-43	false	ncbi-genbank	5bd22b5e9b76102d52b8635a9d11a15b90d072a2adcb168cb917fd498dce6c80				
MN769304	MN769304.1	TTV-like mini virus	Betatorquevirus	Anelloviridae	Viruses; Floreoviria; Shotokuvirae; Commensaviricota; Cardeaviricetes; Sanitavirales; Anelloviridae; Betatorquevirus; Betatorquevirus homini36	DNA	linear	2868		Homo sapiens	SAfiA-380-46	false	ncbi-genbank	49f08cd2358adcc51da8d1805b758af8d99884fd9ed76034d2904e541406a566				
MN769305	MN769305.1	TTV-like mini virus	Betatorquevirus	Anelloviridae	Viruses; Floreoviria; Shotokuvirae; Commensaviricota; Cardeaviricetes; Sanitavirales; Anelloviridae; Betatorquevirus; Betatorquevirus homini36	DNA	linear	2849		Homo sapiens	SAfiA-380-7	false	ncbi-genbank	8afed283281b245e42e33b18dad4baa21c988a26d0af3450f326b0cabfd31b60				
MN769308	MN769308.1	TTV-like mini virus	Betatorquevirus	Anelloviridae	Viruses; Floreoviria; Shotokuvirae; Commensaviricota; Cardeaviricetes; Sanitavirales; Anelloviridae; Betatorquevirus; Betatorquevirus homini36	DNA	linear	2759		Homo sapiens	SAfiA-380-94	false	ncbi-genbank	a47fcf466cba2317833e3bfd843af33db64556a46c1781b43370d99458fb8b81				
MN769309	MN769309.1	TTV-like mini virus	Betatorquevirus	Anelloviridae	Viruses; Floreoviria; Shotokuvirae; Commensaviricota; Cardeaviricetes; Sanitavirales; Anelloviridae; Betatorquevirus; Betatorquevirus homini36	DNA	linear	2827		Homo sapiens	SAfiA-38-10	false	ncbi-genbank	267a2a06c9cb0d537c43d3dec5194eb44aba32ef91b416dc2d25e1308c29c204				
MN769310	MN769310.1	TTV-like mini virus	Betatorquevirus	Anelloviridae	Viruses; Floreoviria; Shotokuvirae; Commensaviricota; Cardeaviricetes; Sanitavirales; Anelloviridae; Betatorquevirus; Betatorquevirus homini36	DNA	linear	2970		Homo sapiens	SAfiA-382-3	false	ncbi-genbank	6f58f8b9f8d83c75064c8fb2f1261e9dad69ee0c37124dbe16d7310e1b37c746				
MN769311	MN769311.1	TTV-like mini virus	Betatorquevirus	Anelloviridae	Viruses; Floreoviria; Shotokuvirae; Commensaviricota; Cardeaviricetes; Sanitavirales; Anelloviridae; Betatorquevirus; Betatorquevirus homini36	DNA	linear	2963		Homo sapiens	SAfiA-382-4	false	ncbi-genbank	bc41187a49655b5893c64955708b61a292d8283f46f9facb286f3da6f36aa562				
MN769314	MN769314.1	TTV-like mini virus	Betatorquevirus	Anelloviridae	Viruses; Floreoviria; Shotokuvirae; Commensaviricota; Cardeaviricetes; Sanitavirales; Anelloviridae; Betatorquevirus; Betatorquevirus homini36	DNA	linear	2885		Homo sapiens	SAfiA-388-107	false	ncbi-genbank	fa84e3874326eedb4aaa1812404e39f84f432544b4308202f2c6487d8c50bfac				
MN769316	MN769316.1	TTV-like mini virus	Betatorquevirus	Anelloviridae	Viruses; Floreoviria; Shotokuvirae; Commensaviricota; Cardeaviricetes; Sanitavirales; Anelloviridae; Betatorquevirus; Betatorquevirus homini36	DNA	linear	2903		Homo sapiens	SAfiA-388-117	false	ncbi-genbank	7f6cfa8c191b6bce42169ee5451035574e06b30d61e911c9459633c30978d8fe				
MN769318	MN769318.1	TTV-like mini virus	Betatorquevirus	Anelloviridae	Viruses; Floreoviria; Shotokuvirae; Commensaviricota; Cardeaviricetes; Sanitavirales; Anelloviridae; Betatorquevirus; Betatorquevirus homini36	DNA	linear	2876		Homo sapiens	SAfiA-388-127	false	ncbi-genbank	77547a00e85c55cd54383faffce5221b53b140cf9a20c947c4a536b042584383				
MN769319	MN769319.1	TTV-like mini virus	Betatorquevirus	Anelloviridae	Viruses; Floreoviria; Shotokuvirae; Commensaviricota; Cardeaviricetes; Sanitavirales; Anelloviridae; Betatorquevirus; Betatorquevirus homini36	DNA	linear	2817		Homo sapiens	SAfiA-388-134	false	ncbi-genbank	5d13c35c1ab8e065f921d0d3cd896ce36ea8430718d94d36d7820aa9ee0bc504				
MN769320	MN769320.1	TTV-like mini virus	Betatorquevirus	Anelloviridae	Viruses; Floreoviria; Shotokuvirae; Commensaviricota; Cardeaviricetes; Sanitavirales; Anelloviridae; Betatorquevirus; Betatorquevirus homini36	DNA	linear	2842		Homo sapiens	SAfiA-388-139	false	ncbi-genbank	30a5481e117f59306096ad35bd2e3fa312ed68cb70aa3534ba705f5ae9408691				
MN769321	MN769321.1	TTV-like mini virus	Betatorquevirus	Anelloviridae	Viruses; Floreoviria; Shotokuvirae; Commensaviricota; Cardeaviricetes; Sanitavirales; Anelloviridae; Betatorquevirus; Betatorquevirus homini36	DNA	linear	2971		Homo sapiens	SAfiA-388-30	false	ncbi-genbank	7e4d7a67d3f60d3317277d3170216b427e91b80dcb6ede03a505b28f7b28048e				
MN769323	MN769323.1	TTV-like mini virus	Betatorquevirus	Anelloviridae	Viruses; Floreoviria; Shotokuvirae; Commensaviricota; Cardeaviricetes; Sanitavirales; Anelloviridae; Betatorquevirus; Betatorquevirus homini36	DNA	linear	2865		Homo sapiens	SAfiA-388-55	false	ncbi-genbank	8399e8c82362de624e628fad35516796405b0d05b3b8c9d117f86d3ff925077b				
MN769324	MN769324.1	TTV-like mini virus	Betatorquevirus	Anelloviridae	Viruses; Floreoviria; Shotokuvirae; Commensaviricota; Cardeaviricetes; Sanitavirales; Anelloviridae; Betatorquevirus; Betatorquevirus homini36	DNA	linear	2879		Homo sapiens	SAfiA-388-61	false	ncbi-genbank	3d73e05b9436bd22d13f7cd2c808fa91961fc80dd71ae9577a1afe80dcbf8685				
MN769325	MN769325.1	TTV-like mini virus	Betatorquevirus	Anelloviridae	Viruses; Floreoviria; Shotokuvirae; Commensaviricota; Cardeaviricetes; Sanitavirales; Anelloviridae; Betatorquevirus; Betatorquevirus homini36	DNA	linear	2905		Homo sapiens	SAfiA-388-63	false	ncbi-genbank	973822c5f47daf9eb9fdb527d03e846283751c354e22b0fb8ede8b7a605a6d28				
MN769329	MN769329.1	TTV-like mini virus	Betatorquevirus	Anelloviridae	Viruses; Floreoviria; Shotokuvirae; Commensaviricota; Cardeaviricetes; Sanitavirales; Anelloviridae; Betatorquevirus; Betatorquevirus homini36	DNA	linear	2848		Homo sapiens	SAfiA-388-89	false	ncbi-genbank	4ddaec57cf0b34ac0c199575917adb980db6d7bf7d25be058e8956fc53fb9178				
MN769330	MN769330.1	TTV-like mini virus	Betatorquevirus	Anelloviridae	Viruses; Floreoviria; Shotokuvirae; Commensaviricota; Cardeaviricetes; Sanitavirales; Anelloviridae; Betatorquevirus; Betatorquevirus homini36	DNA	linear	2903		Homo sapiens	SAfiA-388-90	false	ncbi-genbank	50a4687fce18a877fd1f5f2f406181e2350443cd593101b956c2e05f8cc01837				
MN769332	MN769332.1	TTV-like mini virus	Betatorquevirus	Anelloviridae	Viruses; Floreoviria; Shotokuvirae; Commensaviricota; Cardeaviricetes; Sanitavirales; Anelloviridae; Betatorquevirus; Betatorquevirus homini36	DNA	linear	2798		Homo sapiens	SAfiA-388-97	false	ncbi-genbank	b7ba4e565bfa1fd82910ff1f2cfb71c62a08f031d21226a2f897d05f96d8691d				
MN769333	MN769333.1	TTV-like mini virus	Betatorquevirus	Anelloviridae	Viruses; Floreoviria; Shotokuvirae; Commensaviricota; Cardeaviricetes; Sanitavirales; Anelloviridae; Betatorquevirus; Betatorquevirus homini36	DNA	linear	2863		Homo sapiens	SAfiA-390-14	false	ncbi-genbank	c57d280297aed3f4f99e0d212b87afc104b3c83405c3bf3112762f1314256dbf				
MN769335	MN769335.1	TTV-like mini virus	Betatorquevirus	Anelloviridae	Viruses; Floreoviria; Shotokuvirae; Commensaviricota; Cardeaviricetes; Sanitavirales; Anelloviridae; Betatorquevirus; Betatorquevirus homini36	DNA	linear	2870		Homo sapiens	SAfiA-39-12	false	ncbi-genbank	a1f4e729ea29a7bb5d25140bb3d1ff1f5cf0d9ea7017f214bff74dee9c35cf1b				
MN769336	MN769336.1	TTV-like mini virus	Betatorquevirus	Anelloviridae	Viruses; Floreoviria; Shotokuvirae; Commensaviricota; Cardeaviricetes; Sanitavirales; Anelloviridae; Betatorquevirus; Betatorquevirus homini36	DNA	linear	3006		Homo sapiens	SAfiA-392-16	false	ncbi-genbank	3b013378b86e865c6f3e6fab3b0c0880fa6227871bc572e73de1d087d6e59b16				
MN769337	MN769337.1	TTV-like mini virus	Betatorquevirus	Anelloviridae	Viruses; Floreoviria; Shotokuvirae; Commensaviricota; Cardeaviricetes; Sanitavirales; Anelloviridae; Betatorquevirus; Betatorquevirus homini36	DNA	linear	2900		Homo sapiens	SAfiA-392-23	false	ncbi-genbank	e3885d600b17fb76c8d4bbceacbd5bcc479b2cc77026626e0f860aaa3065f476				
MN769340	MN769340.1	TTV-like mini virus	Betatorquevirus	Anelloviridae	Viruses; Floreoviria; Shotokuvirae; Commensaviricota; Cardeaviricetes; Sanitavirales; Anelloviridae; Betatorquevirus; Betatorquevirus homini36	DNA	linear	2918		Homo sapiens	SAfiA-396-7	false	ncbi-genbank	40414665540cd0ed5b2e05e3430865d4eeaa26023268491a6eb1ccf36d67b468				
MN769342	MN769342.1	TTV-like mini virus	Betatorquevirus	Anelloviridae	Viruses; Floreoviria; Shotokuvirae; Commensaviricota; Cardeaviricetes; Sanitavirales; Anelloviridae; Betatorquevirus; Betatorquevirus homini36	DNA	linear	2872		Homo sapiens	SAfiA-397-6	false	ncbi-genbank	b19aff7084cb4f67bd3afa7c9a239b21851c0f46878583cb53d85bcd607a9fa9				
MN769344	MN769344.1	TTV-like mini virus	Betatorquevirus	Anelloviridae	Viruses; Floreoviria; Shotokuvirae; Commensaviricota; Cardeaviricetes; Sanitavirales; Anelloviridae; Betatorquevirus; Betatorquevirus homini36	DNA	linear	2909		Homo sapiens	SAfiA-398-17	false	ncbi-genbank	ff0936e61f7ae50c46e1ab84568643639de28414c50354c6fbe7a21a9db83157				
MN769346	MN769346.1	TTV-like mini virus	Betatorquevirus	Anelloviridae	Viruses; Floreoviria; Shotokuvirae; Commensaviricota; Cardeaviricetes; Sanitavirales; Anelloviridae; Betatorquevirus; Betatorquevirus homini36	DNA	linear	2883		Homo sapiens	SAfiA-39-9	false	ncbi-genbank	0bda289e6e14ba04387707e827c28ba6d4b2e17656ccd029edad3147f7ab8bc0				
MN769347	MN769347.1	TTV-like mini virus	Betatorquevirus	Anelloviridae	Viruses; Floreoviria; Shotokuvirae; Commensaviricota; Cardeaviricetes; Sanitavirales; Anelloviridae; Betatorquevirus; Betatorquevirus homini36	DNA	linear	2849		Homo sapiens	SAfiA-400-8	false	ncbi-genbank	98257ff2df71192cd53ad1742f03ca5607fdabd13053030a85531df90f2d1f61				
MN769348	MN769348.1	TTV-like mini virus	Betatorquevirus	Anelloviridae	Viruses; Floreoviria; Shotokuvirae; Commensaviricota; Cardeaviricetes; Sanitavirales; Anelloviridae; Betatorquevirus; Betatorquevirus homini36	DNA	linear	2927		Homo sapiens	SAfiA-401-12	false	ncbi-genbank	edcd7417e97b72786ce7a0533d2eb5c4c8f1878f320a3237e1fd0bc1c7efb9b9				
MN769349	MN769349.1	TTV-like mini virus	Betatorquevirus	Anelloviridae	Viruses; Floreoviria; Shotokuvirae; Commensaviricota; Cardeaviricetes; Sanitavirales; Anelloviridae; Betatorquevirus; Betatorquevirus homini36	DNA	linear	2904		Homo sapiens	SAfiA-401-16	false	ncbi-genbank	42742a04d9761bea759833f34dfde0834e38894eefdf6dcfaad77e2504b2fa8e				
MN769350	MN769350.1	TTV-like mini virus	Betatorquevirus	Anelloviridae	Viruses; Floreoviria; Shotokuvirae; Commensaviricota; Cardeaviricetes; Sanitavirales; Anelloviridae; Betatorquevirus; Betatorquevirus homini36	DNA	linear	2884		Homo sapiens	SAfiA-401-17	false	ncbi-genbank	d92555e822754aac9bef0a5836123b91c1c0ca5c8a065904dfeee95759d9d811				
MN769351	MN769351.1	TTV-like mini virus	Betatorquevirus	Anelloviridae	Viruses; Floreoviria; Shotokuvirae; Commensaviricota; Cardeaviricetes; Sanitavirales; Anelloviridae; Betatorquevirus; Betatorquevirus homini36	DNA	linear	2953		Homo sapiens	SAfiA-401-9	false	ncbi-genbank	345fac5273411a043d8ac7818945c1aa6442560ebe785ab0ecb36e783ecc32ca				
MN769353	MN769353.1	TTV-like mini virus	Betatorquevirus	Anelloviridae	Viruses; Floreoviria; Shotokuvirae; Commensaviricota; Cardeaviricetes; Sanitavirales; Anelloviridae; Betatorquevirus; Betatorquevirus homini36	DNA	linear	2844		Homo sapiens	SAfiA-402-21	false	ncbi-genbank	081a85f7136560fdb0ecf1d665d50bd56b56005732bd59252cb243f5b6c8e773				
MN769355	MN769355.1	TTV-like mini virus	Betatorquevirus	Anelloviridae	Viruses; Floreoviria; Shotokuvirae; Commensaviricota; Cardeaviricetes; Sanitavirales; Anelloviridae; Betatorquevirus; Betatorquevirus homini36	DNA	linear	2838		Homo sapiens	SAfiA-402-24	false	ncbi-genbank	66de67126fa1d0fcdabbdd81dfc5aa4e8bf63dc27dcd5d57dd3d112339c84b41				
MN769356	MN769356.1	TTV-like mini virus	Betatorquevirus	Anelloviridae	Viruses; Floreoviria; Shotokuvirae; Commensaviricota; Cardeaviricetes; Sanitavirales; Anelloviridae; Betatorquevirus; Betatorquevirus homini36	DNA	linear	2830		Homo sapiens	SAfiA-402-30	false	ncbi-genbank	d348bc14846a036959f46a37d23eb32e06fff0aed1577dadf1b94c9189ffb928				
MN769357	MN769357.1	TTV-like mini virus	Betatorquevirus	Anelloviridae	Viruses; Floreoviria; Shotokuvirae; Commensaviricota; Cardeaviricetes; Sanitavirales; Anelloviridae; Betatorquevirus; Betatorquevirus homini36	DNA	linear	2794		Homo sapiens	SAfiA-403-12	false	ncbi-genbank	b7bf950d01f920fe0ead5fb729f8221412d9275d8fa38e0c809a939116f6b825				
MN769358	MN769358.1	TTV-like mini virus	Betatorquevirus	Anelloviridae	Viruses; Floreoviria; Shotokuvirae; Commensaviricota; Cardeaviricetes; Sanitavirales; Anelloviridae; Betatorquevirus; Betatorquevirus homini36	DNA	linear	2891		Homo sapiens	SAfiA-405-4	false	ncbi-genbank	ab1dcf45f09cb89ecdcbe36d4a5e1562254cddb7acde93f849e9a078b4cd3ad4				
MN769359	MN769359.1	TTV-like mini virus	Betatorquevirus	Anelloviridae	Viruses; Floreoviria; Shotokuvirae; Commensaviricota; Cardeaviricetes; Sanitavirales; Anelloviridae; Betatorquevirus; Betatorquevirus homini36	DNA	linear	2877		Homo sapiens	SAfiA-409-3	false	ncbi-genbank	27be1d3ef65254a8ae6eca021c0dc565ab96a3acf6218e71240efb600356b43a				
MN769363	MN769363.1	TTV-like mini virus	Betatorquevirus	Anelloviridae	Viruses; Floreoviria; Shotokuvirae; Commensaviricota; Cardeaviricetes; Sanitavirales; Anelloviridae; Betatorquevirus; Betatorquevirus homini36	DNA	linear	2877		Homo sapiens	SAfiA-413-5	false	ncbi-genbank	31da7ef2032848c4263749eaeb0df5b57bafa3e3688087b493f538775ad99e4b				
MN769365	MN769365.1	TTV-like mini virus	Betatorquevirus	Anelloviridae	Viruses; Floreoviria; Shotokuvirae; Commensaviricota; Cardeaviricetes; Sanitavirales; Anelloviridae; Betatorquevirus; Betatorquevirus homini36	DNA	linear	2846		Homo sapiens	SAfiA-4-18	false	ncbi-genbank	af363277cefc4854ac72d92062d423363ca89afab6137e8b2e89d118f30fa288				
MN769367	MN769367.1	TTV-like mini virus	Betatorquevirus	Anelloviridae	Viruses; Floreoviria; Shotokuvirae; Commensaviricota; Cardeaviricetes; Sanitavirales; Anelloviridae; Betatorquevirus; Betatorquevirus homini36	DNA	linear	2887		Homo sapiens	SAfiA-418-13	false	ncbi-genbank	65c0abe5c173075d3235b4d50b7440b3806086ba8734acf10a31a04c344fa1b8				
MN769369	MN769369.1	TTV-like mini virus	Betatorquevirus	Anelloviridae	Viruses; Floreoviria; Shotokuvirae; Commensaviricota; Cardeaviricetes; Sanitavirales; Anelloviridae; Betatorquevirus; Betatorquevirus homini36	DNA	linear	2929		Homo sapiens	SAfiA-418-8	false	ncbi-genbank	99f67a2c1c5568c590dad3b55c833ea2b0228c1fd8aa5a676323e671ed930b5b				
MN769372	MN769372.1	TTV-like mini virus	Betatorquevirus	Anelloviridae	Viruses; Floreoviria; Shotokuvirae; Commensaviricota; Cardeaviricetes; Sanitavirales; Anelloviridae; Betatorquevirus; Betatorquevirus homini36	DNA	linear	2910		Homo sapiens	SAfiA-421-13	false	ncbi-genbank	5daabae1c83ec4d07e80c356a8f4388e91cb551ac53d132f87479eebdce2a1ab				
MN769373	MN769373.1	TTV-like mini virus	Betatorquevirus	Anelloviridae	Viruses; Floreoviria; Shotokuvirae; Commensaviricota; Cardeaviricetes; Sanitavirales; Anelloviridae; Betatorquevirus; Betatorquevirus homini36	DNA	linear	2899		Homo sapiens	SAfiA-421-15	false	ncbi-genbank	821658a5b1eeebb2e24d4f24be54f772f3128d181633fda404413e2003be8354				
MN769375	MN769375.1	TTV-like mini virus	Betatorquevirus	Anelloviridae	Viruses; Floreoviria; Shotokuvirae; Commensaviricota; Cardeaviricetes; Sanitavirales; Anelloviridae; Betatorquevirus; Betatorquevirus homini36	DNA	linear	2827		Homo sapiens	SAfiA-4-22	false	ncbi-genbank	ddc9cda39b996fc78fb1116355bb7ad8fc9ca45137fbb00273e72f36dee78e34				
MN769376	MN769376.1	TTV-like mini virus	Betatorquevirus	Anelloviridae	Viruses; Floreoviria; Shotokuvirae; Commensaviricota; Cardeaviricetes; Sanitavirales; Anelloviridae; Betatorquevirus; Betatorquevirus homini36	DNA	linear	2851		Homo sapiens	SAfiA-425-3	false	ncbi-genbank	78e9e76f5d68580183d1b931c3ef5549451f5c1747e567dc19690b63a4bb83fe				
MN769380	MN769380.1	TTV-like mini virus	Betatorquevirus	Anelloviridae	Viruses; Floreoviria; Shotokuvirae; Commensaviricota; Cardeaviricetes; Sanitavirales; Anelloviridae; Betatorquevirus; Betatorquevirus homini36	DNA	linear	2941		Homo sapiens	SAfiA-434-4	false	ncbi-genbank	51ad127cc559e2278cac85658f7af15739774510c5355d75d4876cd9b5d58103				
MN769382	MN769382.1	TTV-like mini virus	Betatorquevirus	Anelloviridae	Viruses; Floreoviria; Shotokuvirae; Commensaviricota; Cardeaviricetes; Sanitavirales; Anelloviridae; Betatorquevirus; Betatorquevirus homini36	DNA	linear	2917		Homo sapiens	SAfiA-437-4	false	ncbi-genbank	f3a08209648d5755d73610d0320508d1fd854cada41cd2aa5f1fbc22c4253708				
MN769383	MN769383.1	TTV-like mini virus	Betatorquevirus	Anelloviridae	Viruses; Floreoviria; Shotokuvirae; Commensaviricota; Cardeaviricetes; Sanitavirales; Anelloviridae; Betatorquevirus; Betatorquevirus homini36	DNA	linear	2809		Homo sapiens	SAfiA-437-8	false	ncbi-genbank	9a2e993eab58e045249d6aa0b36fb9634699d8bd1c5a72554ec8c012f6514d78				
MN769384	MN769384.1	TTV-like mini virus	Betatorquevirus	Anelloviridae	Viruses; Floreoviria; Shotokuvirae; Commensaviricota; Cardeaviricetes; Sanitavirales; Anelloviridae; Betatorquevirus; Betatorquevirus homini36	DNA	linear	2900		Homo sapiens	SAfiA-440-12	false	ncbi-genbank	6deba29f6090dccc70e30b33c464ef72866c2a1bd76c45be0f2089245591372a				
MN769386	MN769386.1	TTV-like mini virus	Betatorquevirus	Anelloviridae	Viruses; Floreoviria; Shotokuvirae; Commensaviricota; Cardeaviricetes; Sanitavirales; Anelloviridae; Betatorquevirus; Betatorquevirus homini36	DNA	linear	2835		Homo sapiens	SAfiA-442-12	false	ncbi-genbank	b02b5037ed755e1fbe9cd77d15b8f1f307e7f1d3ebcc6e866324c21329dcefc8				
MN769389	MN769389.1	TTV-like mini virus	Betatorquevirus	Anelloviridae	Viruses; Floreoviria; Shotokuvirae; Commensaviricota; Cardeaviricetes; Sanitavirales; Anelloviridae; Betatorquevirus; Betatorquevirus homini36	DNA	linear	2848		Homo sapiens	SAfiA-446-15	false	ncbi-genbank	7962f8d7c70ce202be2f07e3441c60ac2791900ceb0511813ca48f5f41b64e00				
MN769390	MN769390.1	TTV-like mini virus	Betatorquevirus	Anelloviridae	Viruses; Floreoviria; Shotokuvirae; Commensaviricota; Cardeaviricetes; Sanitavirales; Anelloviridae; Betatorquevirus; Betatorquevirus homini36	DNA	linear	2887		Homo sapiens	SAfiA-447-2	false	ncbi-genbank	4db6dd86151ddb76a61b72d7fedeb9e3a5dbe5be91f6428138c9e9f6591d37ab				
MN769392	MN769392.1	TTV-like mini virus	Betatorquevirus	Anelloviridae	Viruses; Floreoviria; Shotokuvirae; Commensaviricota; Cardeaviricetes; Sanitavirales; Anelloviridae; Betatorquevirus; Betatorquevirus homini36	DNA	linear	2819		Homo sapiens	SAfiA-453-11	false	ncbi-genbank	18fbfb97aa6b966d5d0fd0801b6514610eccab6fa32324c7a86089ff502fbf09				
MN769395	MN769395.1	TTV-like mini virus	Betatorquevirus	Anelloviridae	Viruses; Floreoviria; Shotokuvirae; Commensaviricota; Cardeaviricetes; Sanitavirales; Anelloviridae; Betatorquevirus; Betatorquevirus homini36	DNA	linear	2933		Homo sapiens	SAfiA-45-4	false	ncbi-genbank	70028bc65046b967a07d7977afc96b450b475368c60bdcc546717a8a41847efe				
MN769398	MN769398.1	TTV-like mini virus	Betatorquevirus	Anelloviridae	Viruses; Floreoviria; Shotokuvirae; Commensaviricota; Cardeaviricetes; Sanitavirales; Anelloviridae; Betatorquevirus; Betatorquevirus homini36	DNA	linear	2858		Homo sapiens	SAfiA-460-9	false	ncbi-genbank	7d96b49aa9a6fd31658e4d1807b1e9c08feb121e7f9154e195d920421bdeff65				
MN769401	MN769401.1	TTV-like mini virus	Betatorquevirus	Anelloviridae	Viruses; Floreoviria; Shotokuvirae; Commensaviricota; Cardeaviricetes; Sanitavirales; Anelloviridae; Betatorquevirus; Betatorquevirus homini36	DNA	linear	2786		Homo sapiens	SAfiA-469-10	false	ncbi-genbank	78e6988b3c817c2a0cebf730597475b3eb8d0982e5a523cadbbd1163f2da1de3				
MN769402	MN769402.1	TTV-like mini virus	Betatorquevirus	Anelloviridae	Viruses; Floreoviria; Shotokuvirae; Commensaviricota; Cardeaviricetes; Sanitavirales; Anelloviridae; Betatorquevirus; Betatorquevirus homini36	DNA	linear	2910		Homo sapiens	SAfiA-469-6	false	ncbi-genbank	44b8235800f91e2b5a73a5cb23eaf7c0a29a04202dbf7896888375a9aa7c7ad1				
MN769403	MN769403.1	TTV-like mini virus	Betatorquevirus	Anelloviridae	Viruses; Floreoviria; Shotokuvirae; Commensaviricota; Cardeaviricetes; Sanitavirales; Anelloviridae; Betatorquevirus; Betatorquevirus homini36	DNA	linear	2949		Homo sapiens	SAfiA-470-7	false	ncbi-genbank	f7681d107cae1f1b751dcb1d75976b7830044a870f8253cbc431f283a8607930				
MN769404	MN769404.1	TTV-like mini virus	Betatorquevirus	Anelloviridae	Viruses; Floreoviria; Shotokuvirae; Commensaviricota; Cardeaviricetes; Sanitavirales; Anelloviridae; Betatorquevirus; Betatorquevirus homini36	DNA	linear	2941		Homo sapiens	SAfiA-47-10	false	ncbi-genbank	fc49f125108d78c7ac053641f2b2e3d8b41f607bfea573baa414634b6f489cf4				
MN769405	MN769405.1	TTV-like mini virus	Betatorquevirus	Anelloviridae	Viruses; Floreoviria; Shotokuvirae; Commensaviricota; Cardeaviricetes; Sanitavirales; Anelloviridae; Betatorquevirus; Betatorquevirus homini36	DNA	linear	2879		Homo sapiens	SAfiA-47-14	false	ncbi-genbank	fcc93f070a7527debb1896a3d121a5d575a3910b4059517e862523d0c448d524				
MN769407	MN769407.1	TTV-like mini virus	Betatorquevirus	Anelloviridae	Viruses; Floreoviria; Shotokuvirae; Commensaviricota; Cardeaviricetes; Sanitavirales; Anelloviridae; Betatorquevirus; Betatorquevirus homini36	DNA	linear	2935		Homo sapiens	SAfiA-475-5	false	ncbi-genbank	9609c7c561b3a1f7055a73c2de7def6046eb125a744a3741e5a374da0937a704				
MN769409	MN769409.1	TTV-like mini virus	Betatorquevirus	Anelloviridae	Viruses; Floreoviria; Shotokuvirae; Commensaviricota; Cardeaviricetes; Sanitavirales; Anelloviridae; Betatorquevirus; Betatorquevirus homini36	DNA	linear	2913		Homo sapiens	SAfiA-476-6	false	ncbi-genbank	f36239eb2c3ea80a472e30fe663ee15a9230677ec7a752e345906b2aeeb6ea12				
MN769410	MN769410.1	TTV-like mini virus	Betatorquevirus	Anelloviridae	Viruses; Floreoviria; Shotokuvirae; Commensaviricota; Cardeaviricetes; Sanitavirales; Anelloviridae; Betatorquevirus; Betatorquevirus homini36	DNA	linear	2900		Homo sapiens	SAfiA-476-8	false	ncbi-genbank	480bfae3e7785e4355e55604b368db6095bf420c3bf09eb9e8f8b0c550d3cf8b				
MN769412	MN769412.1	TTV-like mini virus	Betatorquevirus	Anelloviridae	Viruses; Floreoviria; Shotokuvirae; Commensaviricota; Cardeaviricetes; Sanitavirales; Anelloviridae; Betatorquevirus; Betatorquevirus homini36	DNA	linear	2848		Homo sapiens	SAfiA-477-5	false	ncbi-genbank	ff7d4a75aded36f83cab37a0e011f3ccf45e0234edb58d4745b4dd0abcfd0670				
MN769414	MN769414.1	TTV-like mini virus	Betatorquevirus	Anelloviridae	Viruses; Floreoviria; Shotokuvirae; Commensaviricota; Cardeaviricetes; Sanitavirales; Anelloviridae; Betatorquevirus; Betatorquevirus homini36	DNA	linear	2916		Homo sapiens	SAfiA-478-15	false	ncbi-genbank	5a9974ad7552047552e353dc34a57feda9528f2f6084fb5b91f90b4df7b8186f				
MN769415	MN769415.1	TTV-like mini virus	Betatorquevirus	Anelloviridae	Viruses; Floreoviria; Shotokuvirae; Commensaviricota; Cardeaviricetes; Sanitavirales; Anelloviridae; Betatorquevirus; Betatorquevirus homini36	DNA	linear	2872		Homo sapiens	SAfiA-478-20	false	ncbi-genbank	a16daa5b29a2928b9e2153ff614537a3e158c8b4275b1c3a1f7c7ec727510ebf				
MN769416	MN769416.1	TTV-like mini virus	Betatorquevirus	Anelloviridae	Viruses; Floreoviria; Shotokuvirae; Commensaviricota; Cardeaviricetes; Sanitavirales; Anelloviridae; Betatorquevirus; Betatorquevirus homini36	DNA	linear	2864		Homo sapiens	SAfiA-478-22	false	ncbi-genbank	9e7d483939769d038c6961cf6cc2c995f571f25fc6514d9f5da6ecf0b57448a3				
MN769417	MN769417.1	TTV-like mini virus	Betatorquevirus	Anelloviridae	Viruses; Floreoviria; Shotokuvirae; Commensaviricota; Cardeaviricetes; Sanitavirales; Anelloviridae; Betatorquevirus; Betatorquevirus homini36	DNA	linear	2820		Homo sapiens	SAfiA-478-27	false	ncbi-genbank	ad3a4aee829ea2f7b676b61dc9904e39be1dd4c0dfa3ba2bc69970d1958ca626				
MN769418	MN769418.1	TTV-like mini virus	Betatorquevirus	Anelloviridae	Viruses; Floreoviria; Shotokuvirae; Commensaviricota; Cardeaviricetes; Sanitavirales; Anelloviridae; Betatorquevirus; Betatorquevirus homini36	DNA	linear	2909		Homo sapiens	SAfiA-481-10	false	ncbi-genbank	9299750cd572727ffb905e86cdc107f2523383ad8bd85ce36d8624c7d5423e5e				
MN769425	MN769425.1	TTV-like mini virus	Betatorquevirus	Anelloviridae	Viruses; Floreoviria; Shotokuvirae; Commensaviricota; Cardeaviricetes; Sanitavirales; Anelloviridae; Betatorquevirus; Betatorquevirus homini36	DNA	linear	2956		Homo sapiens	SAfiA-488-4	false	ncbi-genbank	95831a4b248d3424830cc01c7b0a7e8a530639c21abe9992bd9a0b1f1803e15b				
MN769426	MN769426.1	TTV-like mini virus	Betatorquevirus	Anelloviridae	Viruses; Floreoviria; Shotokuvirae; Commensaviricota; Cardeaviricetes; Sanitavirales; Anelloviridae; Betatorquevirus; Betatorquevirus homini36	DNA	linear	2879		Homo sapiens	SAfiA-488-6	false	ncbi-genbank	602e2d31c3956cb77a112cebbfefe557b024ef1d09be97a665983612c1003161				
MN769427	MN769427.1	TTV-like mini virus	Betatorquevirus	Anelloviridae	Viruses; Floreoviria; Shotokuvirae; Commensaviricota; Cardeaviricetes; Sanitavirales; Anelloviridae; Betatorquevirus; Betatorquevirus homini36	DNA	linear	2856		Homo sapiens	SAfiA-488-7	false	ncbi-genbank	021b94d0482a3691e8d04b4e3d264e5356f0d81a1706b0c4c6e9c7003d620a41				
MN769428	MN769428.1	TTV-like mini virus	Betatorquevirus	Anelloviridae	Viruses; Floreoviria; Shotokuvirae; Commensaviricota; Cardeaviricetes; Sanitavirales; Anelloviridae; Betatorquevirus; Betatorquevirus homini36	DNA	linear	2906		Homo sapiens	SAfiA-491-14	false	ncbi-genbank	da78e6277ad915ab466ec0d7830a9d145d60c6559288831eb1f46800fe4b04e5				
MN769432	MN769432.1	TTV-like mini virus	Betatorquevirus	Anelloviridae	Viruses; Floreoviria; Shotokuvirae; Commensaviricota; Cardeaviricetes; Sanitavirales; Anelloviridae; Betatorquevirus; Betatorquevirus homini36	DNA	linear	2905		Homo sapiens	SAfiA-498-5	false	ncbi-genbank	1d3b32afa9e7ba074795363b9e97f9f50fdf210a630e2343903bc616d6125017				
MN769433	MN769433.1	TTV-like mini virus	Betatorquevirus	Anelloviridae	Viruses; Floreoviria; Shotokuvirae; Commensaviricota; Cardeaviricetes; Sanitavirales; Anelloviridae; Betatorquevirus; Betatorquevirus homini36	DNA	linear	2898		Homo sapiens	SAfiA-500-30	false	ncbi-genbank	d861cc9846c0c4cc802fe5450787c19199b9d5ceb804f6d2749ee387c8bfb284				
MN769434	MN769434.1	TTV-like mini virus	Betatorquevirus	Anelloviridae	Viruses; Floreoviria; Shotokuvirae; Commensaviricota; Cardeaviricetes; Sanitavirales; Anelloviridae; Betatorquevirus; Betatorquevirus homini36	DNA	linear	2950		Homo sapiens	SAfiA-500-31	false	ncbi-genbank	01ba63b0ee0ac6b147a2005c92fdc1f0553be968bd4ed6dcb2768980a44bcf5f				
MN769436	MN769436.1	TTV-like mini virus	Betatorquevirus	Anelloviridae	Viruses; Floreoviria; Shotokuvirae; Commensaviricota; Cardeaviricetes; Sanitavirales; Anelloviridae; Betatorquevirus; Betatorquevirus homini36	DNA	linear	2880		Homo sapiens	SAfiA-500-41	false	ncbi-genbank	a97dc7a3d830957066f6b482c637e862da9d61ae6f0bc484b134a4720ef435dd				
MN769437	MN769437.1	TTV-like mini virus	Betatorquevirus	Anelloviridae	Viruses; Floreoviria; Shotokuvirae; Commensaviricota; Cardeaviricetes; Sanitavirales; Anelloviridae; Betatorquevirus; Betatorquevirus homini36	DNA	linear	2841		Homo sapiens	SAfiA-500-44	false	ncbi-genbank	8172f6dd656797eb26c4eb9871c64e9a619ada921d5089ccff29628b8151729e				
MN769438	MN769438.1	TTV-like mini virus	Betatorquevirus	Anelloviridae	Viruses; Floreoviria; Shotokuvirae; Commensaviricota; Cardeaviricetes; Sanitavirales; Anelloviridae; Betatorquevirus; Betatorquevirus homini36	DNA	linear	2810		Homo sapiens	SAfiA-500-47	false	ncbi-genbank	858f7bd736082de8c19259b4bbf656d07b37a2ce651091726ab0a237e66f71f1				
MN769440	MN769440.1	TTV-like mini virus	Betatorquevirus	Anelloviridae	Viruses; Floreoviria; Shotokuvirae; Commensaviricota; Cardeaviricetes; Sanitavirales; Anelloviridae; Betatorquevirus; Betatorquevirus homini36	DNA	linear	2899		Homo sapiens	SAfiA-502-12	false	ncbi-genbank	949d8995227185db9e04c22d53ccf345a106d2a726b755c1afc75cffa0e882ee				
MN769441	MN769441.1	TTV-like mini virus	Betatorquevirus	Anelloviridae	Viruses; Floreoviria; Shotokuvirae; Commensaviricota; Cardeaviricetes; Sanitavirales; Anelloviridae; Betatorquevirus; Betatorquevirus homini36	DNA	linear	2904		Homo sapiens	SAfiA-504-5	false	ncbi-genbank	ac885230e7420bfdfe19fcd2ffbb4d5fb229868e925518889701adfd6db7b645				
MN769442	MN769442.1	TTV-like mini virus	Betatorquevirus	Anelloviridae	Viruses; Floreoviria; Shotokuvirae; Commensaviricota; Cardeaviricetes; Sanitavirales; Anelloviridae; Betatorquevirus; Betatorquevirus homini36	DNA	linear	2898		Homo sapiens	SAfiA-504-9	false	ncbi-genbank	c33e4a7f10a3bfe427fb0364f15d74d34bcaeb6baa6d8c9ab08a3a89c6293659				
MN769446	MN769446.1	TTV-like mini virus	Betatorquevirus	Anelloviridae	Viruses; Floreoviria; Shotokuvirae; Commensaviricota; Cardeaviricetes; Sanitavirales; Anelloviridae; Betatorquevirus; Betatorquevirus homini36	DNA	linear	2862		Homo sapiens	SAfiA-509-8	false	ncbi-genbank	df18d939bbd7d7db4f19232f62c8351ffe51838f8359d6df856f79a4ebdcffad				
MN769447	MN769447.1	TTV-like mini virus	Betatorquevirus	Anelloviridae	Viruses; Floreoviria; Shotokuvirae; Commensaviricota; Cardeaviricetes; Sanitavirales; Anelloviridae; Betatorquevirus; Betatorquevirus homini36	DNA	linear	2893		Homo sapiens	SAfiA-511-13	false	ncbi-genbank	796263fac0642faac8a40a3319b408824bdb35a31a435d448f462364f8522fbe				
MN769448	MN769448.1	TTV-like mini virus	Betatorquevirus	Anelloviridae	Viruses; Floreoviria; Shotokuvirae; Commensaviricota; Cardeaviricetes; Sanitavirales; Anelloviridae; Betatorquevirus; Betatorquevirus homini36	DNA	linear	2910		Homo sapiens	SAfiA-51-14	false	ncbi-genbank	027a537894be605f1a54f76a331d5394047ee8fe75c687406f7228014ed8b818				
MN769449	MN769449.1	TTV-like mini virus	Betatorquevirus	Anelloviridae	Viruses; Floreoviria; Shotokuvirae; Commensaviricota; Cardeaviricetes; Sanitavirales; Anelloviridae; Betatorquevirus; Betatorquevirus homini36	DNA	linear	2901		Homo sapiens	SAfiA-51-17	false	ncbi-genbank	b6f63ace681a3a9ea2cfc59ab22288e61333343c49d79b41c0fa90b3563ea4a8				
MN769450	MN769450.1	TTV-like mini virus	Betatorquevirus	Anelloviridae	Viruses; Floreoviria; Shotokuvirae; Commensaviricota; Cardeaviricetes; Sanitavirales; Anelloviridae; Betatorquevirus; Betatorquevirus homini36	DNA	linear	2865		Homo sapiens	SAfiA-512-11	false	ncbi-genbank	4cdeaed9f77ac1b9cfdfd9b3fa9b90b2df925b0926ad08b316d93f28614e0e84				
MN769451	MN769451.1	TTV-like mini virus	Betatorquevirus	Anelloviridae	Viruses; Floreoviria; Shotokuvirae; Commensaviricota; Cardeaviricetes; Sanitavirales; Anelloviridae; Betatorquevirus; Betatorquevirus homini36	DNA	linear	2807		Homo sapiens	SAfiA-51-26	false	ncbi-genbank	333d1c063b468ebb5997a7f736c2eabf20f8bf9e5f11e1641878697d59945590				
MN769453	MN769453.1	TTV-like mini virus	Betatorquevirus	Anelloviridae	Viruses; Floreoviria; Shotokuvirae; Commensaviricota; Cardeaviricetes; Sanitavirales; Anelloviridae; Betatorquevirus; Betatorquevirus homini36	DNA	linear	2852		Homo sapiens	SAfiA-514-23	false	ncbi-genbank	393a501df4150f132b86ccf92e7fc4f3149fbb7f24578c17709a4aa656991af8				
MN769454	MN769454.1	TTV-like mini virus	Betatorquevirus	Anelloviridae	Viruses; Floreoviria; Shotokuvirae; Commensaviricota; Cardeaviricetes; Sanitavirales; Anelloviridae; Betatorquevirus; Betatorquevirus homini36	DNA	linear	2911		Homo sapiens	SAfiA-514-24	false	ncbi-genbank	e877e909192361d8760907878a106812862c7f4a80b355470cf41de8e7b1e983				
MN769455	MN769455.1	TTV-like mini virus	Betatorquevirus	Anelloviridae	Viruses; Floreoviria; Shotokuvirae; Commensaviricota; Cardeaviricetes; Sanitavirales; Anelloviridae; Betatorquevirus; Betatorquevirus homini36	DNA	linear	2850		Homo sapiens	SAfiA-514-31	false	ncbi-genbank	bdf31a7049e72ae845bfb478fafdbb979bbad53ed893eae903a8d6854b148800				
MN769457	MN769457.1	TTV-like mini virus	Betatorquevirus	Anelloviridae	Viruses; Floreoviria; Shotokuvirae; Commensaviricota; Cardeaviricetes; Sanitavirales; Anelloviridae; Betatorquevirus; Betatorquevirus homini36	DNA	linear	2941		Homo sapiens	SAfiA-520-10	false	ncbi-genbank	bdebfb9e8274b43db7db7f969f6068836340cef1e8a220591b97f528f072efea				
MN769459	MN769459.1	TTV-like mini virus	Betatorquevirus	Anelloviridae	Viruses; Floreoviria; Shotokuvirae; Commensaviricota; Cardeaviricetes; Sanitavirales; Anelloviridae; Betatorquevirus; Betatorquevirus homini36	DNA	linear	2890		Homo sapiens	SAfiA-521-11	false	ncbi-genbank	7181a517fc733614b57e133da0e1378c79e1eea37d7267a03cb87ba6c1707f46				
MN769460	MN769460.1	TTV-like mini virus	Betatorquevirus	Anelloviridae	Viruses; Floreoviria; Shotokuvirae; Commensaviricota; Cardeaviricetes; Sanitavirales; Anelloviridae; Betatorquevirus; Betatorquevirus homini36	DNA	linear	2859		Homo sapiens	SAfiA-521-13	false	ncbi-genbank	ab2ca516f71b8148565f75f490db06d4651d996b77682e2faae97a993c64a166				
MN769461	MN769461.1	TTV-like mini virus	Betatorquevirus	Anelloviridae	Viruses; Floreoviria; Shotokuvirae; Commensaviricota; Cardeaviricetes; Sanitavirales; Anelloviridae; Betatorquevirus; Betatorquevirus homini36	DNA	linear	2870		Homo sapiens	SAfiA-522-5	false	ncbi-genbank	6d2373149a2b5af1bc3897f380a00db5d793c7b21a658e81d7affa0a04fbdc7c				
MN769463	MN769463.1	TTV-like mini virus	Betatorquevirus	Anelloviridae	Viruses; Floreoviria; Shotokuvirae; Commensaviricota; Cardeaviricetes; Sanitavirales; Anelloviridae; Betatorquevirus; Betatorquevirus homini36	DNA	linear	2748		Homo sapiens	SAfiA-523-17	false	ncbi-genbank	e6ae5141300e8fcc4315941189bcba14dc9cc92611a4f07251a2e7da21132065				
MN769464	MN769464.1	TTV-like mini virus	Betatorquevirus	Anelloviridae	Viruses; Floreoviria; Shotokuvirae; Commensaviricota; Cardeaviricetes; Sanitavirales; Anelloviridae; Betatorquevirus; Betatorquevirus homini36	DNA	linear	2849		Homo sapiens	SAfiA-529-15	false	ncbi-genbank	e3cab89e1e172affd5bd2e8be4fcbf5f9e25abbeb241b95688d75857b9a9e55c				
MN769465	MN769465.1	TTV-like mini virus	Betatorquevirus	Anelloviridae	Viruses; Floreoviria; Shotokuvirae; Commensaviricota; Cardeaviricetes; Sanitavirales; Anelloviridae; Betatorquevirus; Betatorquevirus homini36	DNA	linear	2875		Homo sapiens	SAfiA-530-2	false	ncbi-genbank	62a52217fa352bd2e3aa8df066d19f153666f966eb660f43d3e143cea2882681				
MN769466	MN769466.1	TTV-like mini virus	Betatorquevirus	Anelloviridae	Viruses; Floreoviria; Shotokuvirae; Commensaviricota; Cardeaviricetes; Sanitavirales; Anelloviridae; Betatorquevirus; Betatorquevirus homini36	DNA	linear	2885		Homo sapiens	SAfiA-531-2	false	ncbi-genbank	e9bded48aafceaea92c4f10428c3e67a51e979749f90e0db1c93d0c9a4092d57				
MN769470	MN769470.1	TTV-like mini virus	Betatorquevirus	Anelloviridae	Viruses; Floreoviria; Shotokuvirae; Commensaviricota; Cardeaviricetes; Sanitavirales; Anelloviridae; Betatorquevirus; Betatorquevirus homini36	DNA	linear	2913		Homo sapiens	SAfiA-535-7	false	ncbi-genbank	49454216b05a6c932a8f661aee323e414f5b2a2169e3cea53a9632fd5d692deb				
MN769472	MN769472.1	TTV-like mini virus	Betatorquevirus	Anelloviridae	Viruses; Floreoviria; Shotokuvirae; Commensaviricota; Cardeaviricetes; Sanitavirales; Anelloviridae; Betatorquevirus; Betatorquevirus homini36	DNA	linear	2883		Homo sapiens	SAfiA-541-13	false	ncbi-genbank	42c44607e2498b5a0ff52f9f1aa9671c918e57fc141621fcc70177866306b496				
MN769473	MN769473.1	TTV-like mini virus	Betatorquevirus	Anelloviridae	Viruses; Floreoviria; Shotokuvirae; Commensaviricota; Cardeaviricetes; Sanitavirales; Anelloviridae; Betatorquevirus; Betatorquevirus homini36	DNA	linear	2919		Homo sapiens	SAfiA-542-15	false	ncbi-genbank	fb4827c1891daf8140cbcbae6432b6f76c3414bdb471a665c47f0c6544d06cc4				
MN769475	MN769475.1	TTV-like mini virus	Betatorquevirus	Anelloviridae	Viruses; Floreoviria; Shotokuvirae; Commensaviricota; Cardeaviricetes; Sanitavirales; Anelloviridae; Betatorquevirus; Betatorquevirus homini36	DNA	linear	2912		Homo sapiens	SAfiA-542-3	false	ncbi-genbank	2f3a240ea31b8a957fb1adddfecfb43d0c94379069ed4bddea7c69d4c56f0271				
MN769476	MN769476.1	TTV-like mini virus	Betatorquevirus	Anelloviridae	Viruses; Floreoviria; Shotokuvirae; Commensaviricota; Cardeaviricetes; Sanitavirales; Anelloviridae; Betatorquevirus; Betatorquevirus homini36	DNA	linear	2817		Homo sapiens	SAfiA-542-34	false	ncbi-genbank	973157f8c1798dde560bbda42892c45cae4f914d8652b363ae86a98e9ea48318				
MN769480	MN769480.1	TTV-like mini virus	Betatorquevirus	Anelloviridae	Viruses; Floreoviria; Shotokuvirae; Commensaviricota; Cardeaviricetes; Sanitavirales; Anelloviridae; Betatorquevirus; Betatorquevirus homini36	DNA	linear	2910		Homo sapiens	SAfiA-546-12	false	ncbi-genbank	0b4d36620085e042e3f058566fee3c793b5a5df7e87c0359317101959f3a9b7d				
MN769482	MN769482.1	TTV-like mini virus	Betatorquevirus	Anelloviridae	Viruses; Floreoviria; Shotokuvirae; Commensaviricota; Cardeaviricetes; Sanitavirales; Anelloviridae; Betatorquevirus; Betatorquevirus homini36	DNA	linear	2893		Homo sapiens	SAfiA-548-8	false	ncbi-genbank	c42045d92979377d7fca54362c6e27ad76366290ed742ad16fa0b53d186c0348				
MN769484	MN769484.1	TTV-like mini virus	Betatorquevirus	Anelloviridae	Viruses; Floreoviria; Shotokuvirae; Commensaviricota; Cardeaviricetes; Sanitavirales; Anelloviridae; Betatorquevirus; Betatorquevirus homini36	DNA	linear	2902		Homo sapiens	SAfiA-552-21	false	ncbi-genbank	4b8c88e1d222bd6de7f4f40428fd4fad7e472f95dba7ac8594c9f0d7501c937d				
MN769492	MN769492.1	TTV-like mini virus	Betatorquevirus	Anelloviridae	Viruses; Floreoviria; Shotokuvirae; Commensaviricota; Cardeaviricetes; Sanitavirales; Anelloviridae; Betatorquevirus; Betatorquevirus homini36	DNA	linear	2891		Homo sapiens	SAfiA-563-9	false	ncbi-genbank	37105290e5da6ca7445ef03081d15e30e36646af543d9cffa01c2bdf788cabc6				
MN769494	MN769494.1	TTV-like mini virus	Betatorquevirus	Anelloviridae	Viruses; Floreoviria; Shotokuvirae; Commensaviricota; Cardeaviricetes; Sanitavirales; Anelloviridae; Betatorquevirus; Betatorquevirus homini36	DNA	linear	2834		Homo sapiens	SAfiA-565-18	false	ncbi-genbank	52e5c7ca8d30df32eeb6429f55747da104bb60a601dbfa6a1ffe0228539e5a4f				
MN769497	MN769497.1	TTV-like mini virus	Betatorquevirus	Anelloviridae	Viruses; Floreoviria; Shotokuvirae; Commensaviricota; Cardeaviricetes; Sanitavirales; Anelloviridae; Betatorquevirus; Betatorquevirus homini36	DNA	linear	2879		Homo sapiens	SAfiA-566-18	false	ncbi-genbank	5d053eff710505056c2f85633a6ad4565bcad5742f0de6d66669739219a5a858				
MN769500	MN769500.1	TTV-like mini virus	Betatorquevirus	Anelloviridae	Viruses; Floreoviria; Shotokuvirae; Commensaviricota; Cardeaviricetes; Sanitavirales; Anelloviridae; Betatorquevirus; Betatorquevirus homini36	DNA	linear	2807		Homo sapiens	SAfiA-566-23	false	ncbi-genbank	fa118cea6e2c58c9579a0ffc0be31141a8af72ca94534c19f2276b94d4d297d8				
MN769501	MN769501.1	TTV-like mini virus	Betatorquevirus	Anelloviridae	Viruses; Floreoviria; Shotokuvirae; Commensaviricota; Cardeaviricetes; Sanitavirales; Anelloviridae; Betatorquevirus; Betatorquevirus homini36	DNA	linear	2860		Homo sapiens	SAfiA-566-24	false	ncbi-genbank	ea6bad75b4324dcbd708c0b86c5a169d782edbaeb694d3fef1b76aa41d6f7c9a				
MN769506	MN769506.1	TTV-like mini virus	Betatorquevirus	Anelloviridae	Viruses; Floreoviria; Shotokuvirae; Commensaviricota; Cardeaviricetes; Sanitavirales; Anelloviridae; Betatorquevirus; Betatorquevirus homini36	DNA	linear	2859		Homo sapiens	SAfiA-571-12	false	ncbi-genbank	35553dde7d3731d72a88d5614c525310e19bb68d2335cdd0a65ee2b30670ffcf				
MN769507	MN769507.1	TTV-like mini virus	Betatorquevirus	Anelloviridae	Viruses; Floreoviria; Shotokuvirae; Commensaviricota; Cardeaviricetes; Sanitavirales; Anelloviridae; Betatorquevirus; Betatorquevirus homini36	DNA	linear	2969		Homo sapiens	SAfiA-57-12	false	ncbi-genbank	66fe5cc8cf4a9e1fad125ca408c636018dc2778c4ab9b2d4ae6a180c66faeb52				
MN769508	MN769508.1	TTV-like mini virus	Betatorquevirus	Anelloviridae	Viruses; Floreoviria; Shotokuvirae; Commensaviricota; Cardeaviricetes; Sanitavirales; Anelloviridae; Betatorquevirus; Betatorquevirus homini36	DNA	linear	2961		Homo sapiens	SAfiA-57-19	false	ncbi-genbank	e0e87bc8f8f4041d1d8c66412c2940c3e1fcc847784ae827a2a84d7b1a2c54e3				
MN769510	MN769510.1	TTV-like mini virus	Betatorquevirus	Anelloviridae	Viruses; Floreoviria; Shotokuvirae; Commensaviricota; Cardeaviricetes; Sanitavirales; Anelloviridae; Betatorquevirus; Betatorquevirus homini36	DNA	linear	2954		Homo sapiens	SAfiA-572-16	false	ncbi-genbank	fe09982f14aace4f5278a972e456b6f4568bfb74266d53b25c54e5b2ddf86e86				
MN769513	MN769513.1	TTV-like mini virus	Betatorquevirus	Anelloviridae	Viruses; Floreoviria; Shotokuvirae; Commensaviricota; Cardeaviricetes; Sanitavirales; Anelloviridae; Betatorquevirus; Betatorquevirus homini36	DNA	linear	2893		Homo sapiens	SAfiA-572-27	false	ncbi-genbank	6417facc11d64394ea2795a7c7ad260c08260d73b323f79cab301cf9437af143				
MN769515	MN769515.1	TTV-like mini virus	Betatorquevirus	Anelloviridae	Viruses; Floreoviria; Shotokuvirae; Commensaviricota; Cardeaviricetes; Sanitavirales; Anelloviridae; Betatorquevirus; Betatorquevirus homini36	DNA	linear	2861		Homo sapiens	SAfiA-57-26	false	ncbi-genbank	aee44903f374dd53e4c2b9a8762072980de700f4fc753e379ba871aa217f57db				
MN769519	MN769519.1	TTV-like mini virus	Betatorquevirus	Anelloviridae	Viruses; Floreoviria; Shotokuvirae; Commensaviricota; Cardeaviricetes; Sanitavirales; Anelloviridae; Betatorquevirus; Betatorquevirus homini36	DNA	linear	2934		Homo sapiens	SAfiA-573-27	false	ncbi-genbank	0ce1d2d3be0e2e534d1206c3f7b66c2c498f166b7d019cf9bc4719cbeb56e6eb				
MN769522	MN769522.1	TTV-like mini virus	Betatorquevirus	Anelloviridae	Viruses; Floreoviria; Shotokuvirae; Commensaviricota; Cardeaviricetes; Sanitavirales; Anelloviridae; Betatorquevirus; Betatorquevirus homini36	DNA	linear	2950		Homo sapiens	SAfiA-573-32	false	ncbi-genbank	221b645a3c64c333367638ee045e8d188548044932bd4c386a943c9017f59765				
MN769523	MN769523.1	TTV-like mini virus	Betatorquevirus	Anelloviridae	Viruses; Floreoviria; Shotokuvirae; Commensaviricota; Cardeaviricetes; Sanitavirales; Anelloviridae; Betatorquevirus; Betatorquevirus homini36	DNA	linear	2877		Homo sapiens	SAfiA-573-34	false	ncbi-genbank	395cfe24d9f0a66efaa89c33b490081c24bb4456f61816b7e315fa4b8ff6fe95				
MN769524	MN769524.1	TTV-like mini virus	Betatorquevirus	Anelloviridae	Viruses; Floreoviria; Shotokuvirae; Commensaviricota; Cardeaviricetes; Sanitavirales; Anelloviridae; Betatorquevirus; Betatorquevirus homini36	DNA	linear	2919		Homo sapiens	SAfiA-573-35	false	ncbi-genbank	e4d2579809dd285c834877af043356aed54eaa4e88d8b431c7e43361e9df5014				
MN769525	MN769525.1	TTV-like mini virus	Betatorquevirus	Anelloviridae	Viruses; Floreoviria; Shotokuvirae; Commensaviricota; Cardeaviricetes; Sanitavirales; Anelloviridae; Betatorquevirus; Betatorquevirus homini36	DNA	linear	2846		Homo sapiens	SAfiA-57-34	false	ncbi-genbank	ad9c6f7fcce8935232d7983004e92c2e3702f8094703fa11b5f90f0f3922e2ab				
MN769527	MN769527.1	TTV-like mini virus	Betatorquevirus	Anelloviridae	Viruses; Floreoviria; Shotokuvirae; Commensaviricota; Cardeaviricetes; Sanitavirales; Anelloviridae; Betatorquevirus; Betatorquevirus homini36	DNA	linear	2874		Homo sapiens	SAfiA-57-37	false	ncbi-genbank	c0ade6c2f051ede7b5d18bba19128fa2173e2954ab8ad8b9321f311addcfa7f7				
MN769532	MN769532.1	TTV-like mini virus	Betatorquevirus	Anelloviridae	Viruses; Floreoviria; Shotokuvirae; Commensaviricota; Cardeaviricetes; Sanitavirales; Anelloviridae; Betatorquevirus; Betatorquevirus homini36	DNA	linear	2822		Homo sapiens	SAfiA-575-4	false	ncbi-genbank	b98729b70b0b16b72aa5c6a730e40084fe036043728f6c4aac1c730f7c297095				
MN769533	MN769533.1	TTV-like mini virus	Betatorquevirus	Anelloviridae	Viruses; Floreoviria; Shotokuvirae; Commensaviricota; Cardeaviricetes; Sanitavirales; Anelloviridae; Betatorquevirus; Betatorquevirus homini36	DNA	linear	2920		Homo sapiens	SAfiA-577-104	false	ncbi-genbank	2eeaa03893a1ea32c7e5233a5ee4525d72c5a2e87334c65049ee70cd769145c0				
MN769535	MN769535.1	TTV-like mini virus	Betatorquevirus	Anelloviridae	Viruses; Floreoviria; Shotokuvirae; Commensaviricota; Cardeaviricetes; Sanitavirales; Anelloviridae; Betatorquevirus; Betatorquevirus homini36	DNA	linear	2943		Homo sapiens	SAfiA-577-77	false	ncbi-genbank	b1dc6337579b533075a58a3fe3bb6faa6e6cec6d5274076d47ca302482434bb8				
MN769537	MN769537.1	TTV-like mini virus	Betatorquevirus	Anelloviridae	Viruses; Floreoviria; Shotokuvirae; Commensaviricota; Cardeaviricetes; Sanitavirales; Anelloviridae; Betatorquevirus; Betatorquevirus homini36	DNA	linear	2946		Homo sapiens	SAfiA-581-10	false	ncbi-genbank	fd5386d0503c7313262d6c7ecd8464ab416e45578fd2dfb71f70efa4ef59b873				
MN769540	MN769540.1	TTV-like mini virus	Betatorquevirus	Anelloviridae	Viruses; Floreoviria; Shotokuvirae; Commensaviricota; Cardeaviricetes; Sanitavirales; Anelloviridae; Betatorquevirus; Betatorquevirus homini36	DNA	linear	2894		Homo sapiens	SAfiA-581-20	false	ncbi-genbank	26cf52a8af0fff4972c8d4cf76d2a2510e72d426a991f8451ca115284919b875				
MN769541	MN769541.1	TTV-like mini virus	Betatorquevirus	Anelloviridae	Viruses; Floreoviria; Shotokuvirae; Commensaviricota; Cardeaviricetes; Sanitavirales; Anelloviridae; Betatorquevirus; Betatorquevirus homini36	DNA	linear	2961		Homo sapiens	SAfiA-581-21	false	ncbi-genbank	a36a79520a3a4a4d6f741fae979ed13ac3b4f3d506bed36e6ced9e74501cd52f				
MN769542	MN769542.1	TTV-like mini virus	Betatorquevirus	Anelloviridae	Viruses; Floreoviria; Shotokuvirae; Commensaviricota; Cardeaviricetes; Sanitavirales; Anelloviridae; Betatorquevirus; Betatorquevirus homini36	DNA	linear	2948		Homo sapiens	SAfiA-581-23	false	ncbi-genbank	c3104b3a4f334534c906779beb0dcd45d9cc762b9d9daa0100483857a60e44db				
MN769543	MN769543.1	TTV-like mini virus	Betatorquevirus	Anelloviridae	Viruses; Floreoviria; Shotokuvirae; Commensaviricota; Cardeaviricetes; Sanitavirales; Anelloviridae; Betatorquevirus; Betatorquevirus homini36	DNA	linear	2873		Homo sapiens	SAfiA-581-24	false	ncbi-genbank	8ec7707fe59179859ccf3794c9ced7d366a1d343d2b70afb78d4059f361a6f61				
MN769544	MN769544.1	TTV-like mini virus	Betatorquevirus	Anelloviridae	Viruses; Floreoviria; Shotokuvirae; Commensaviricota; Cardeaviricetes; Sanitavirales; Anelloviridae; Betatorquevirus; Betatorquevirus homini36	DNA	linear	2879		Homo sapiens	SAfiA-581-26	false	ncbi-genbank	4e34a66f265d6681ff50c3152b81ce333e88c59fca0c1dc9f46db89373a1f9b3				
MN769545	MN769545.1	TTV-like mini virus	Betatorquevirus	Anelloviridae	Viruses; Floreoviria; Shotokuvirae; Commensaviricota; Cardeaviricetes; Sanitavirales; Anelloviridae; Betatorquevirus; Betatorquevirus homini36	DNA	linear	2833		Homo sapiens	SAfiA-581-30	false	ncbi-genbank	103141fa84c3ae12ad1b3b45d0e03e87b9b5c5edb825cdacd6a91fc32bf3d542				
MN769546	MN769546.1	TTV-like mini virus	Betatorquevirus	Anelloviridae	Viruses; Floreoviria; Shotokuvirae; Commensaviricota; Cardeaviricetes; Sanitavirales; Anelloviridae; Betatorquevirus; Betatorquevirus homini36	DNA	linear	2819		Homo sapiens	SAfiA-581-44	false	ncbi-genbank	f3fffae7a629bf44472151288ed0a0c0ff4dec3ee0327256999694b9e33910f7				
MN769549	MN769549.1	TTV-like mini virus	Betatorquevirus	Anelloviridae	Viruses; Floreoviria; Shotokuvirae; Commensaviricota; Cardeaviricetes; Sanitavirales; Anelloviridae; Betatorquevirus; Betatorquevirus homini36	DNA	linear	2988		Homo sapiens	SAfiA-582-7	false	ncbi-genbank	13e9efdc1ccf1e220f5ae4dd750f69f19e03fd9fe6569ff5252f6ec543678d44				
MN769550	MN769550.1	TTV-like mini virus	Betatorquevirus	Anelloviridae	Viruses; Floreoviria; Shotokuvirae; Commensaviricota; Cardeaviricetes; Sanitavirales; Anelloviridae; Betatorquevirus; Betatorquevirus homini36	DNA	linear	2972		Homo sapiens	SAfiA-582-9	false	ncbi-genbank	f05f408d5202a54ae86893a495b2f6a6fd6909ffe505ed232eaa71dfd3cbf6de				
MN769552	MN769552.1	TTV-like mini virus	Betatorquevirus	Anelloviridae	Viruses; Floreoviria; Shotokuvirae; Commensaviricota; Cardeaviricetes; Sanitavirales; Anelloviridae; Betatorquevirus; Betatorquevirus homini36	DNA	linear	2889		Homo sapiens	SAfiA-583-12	false	ncbi-genbank	e37fdafffe2886c1178bbd95e2a078ff5adf754734b50212c058ae50ae66769c				
MN769554	MN769554.1	TTV-like mini virus	Betatorquevirus	Anelloviridae	Viruses; Floreoviria; Shotokuvirae; Commensaviricota; Cardeaviricetes; Sanitavirales; Anelloviridae; Betatorquevirus; Betatorquevirus homini36	DNA	linear	2918		Homo sapiens	SAfiA-583-9	false	ncbi-genbank	e3ebafeadab33983668146373d25c186233712b898895ae23d8df5ec65c2573c				
MN769556	MN769556.1	TTV-like mini virus	Betatorquevirus	Anelloviridae	Viruses; Floreoviria; Shotokuvirae; Commensaviricota; Cardeaviricetes; Sanitavirales; Anelloviridae; Betatorquevirus; Betatorquevirus homini36	DNA	linear	2757		Homo sapiens	SAfiA-587-114	false	ncbi-genbank	c312de48aa267b1a01b1d137edbb6e240a5788a88646ffdb7fb509ba1b93a2ee				
MN769558	MN769558.1	TTV-like mini virus	Betatorquevirus	Anelloviridae	Viruses; Floreoviria; Shotokuvirae; Commensaviricota; Cardeaviricetes; Sanitavirales; Anelloviridae; Betatorquevirus; Betatorquevirus homini36	DNA	linear	2921		Homo sapiens	SAfiA-587-34	false	ncbi-genbank	3a6eed5aef8b87b931c40c5a95142f742f209426b3a96ce77d27341be83eeec8				
MN769559	MN769559.1	TTV-like mini virus	Betatorquevirus	Anelloviridae	Viruses; Floreoviria; Shotokuvirae; Commensaviricota; Cardeaviricetes; Sanitavirales; Anelloviridae; Betatorquevirus; Betatorquevirus homini36	DNA	linear	2921		Homo sapiens	SAfiA-587-36	false	ncbi-genbank	244366637891939409eb76ca2ffb584805d1af7382f6337b84e8a26f071ecfea				
MN769560	MN769560.1	TTV-like mini virus	Betatorquevirus	Anelloviridae	Viruses; Floreoviria; Shotokuvirae; Commensaviricota; Cardeaviricetes; Sanitavirales; Anelloviridae; Betatorquevirus; Betatorquevirus homini36	DNA	linear	2906		Homo sapiens	SAfiA-587-41	false	ncbi-genbank	f0c4ea4ff9322101c291b4d868a7361e87b79b50220101570e32c0c31a98fc2c				
MN769561	MN769561.1	TTV-like mini virus	Betatorquevirus	Anelloviridae	Viruses; Floreoviria; Shotokuvirae; Commensaviricota; Cardeaviricetes; Sanitavirales; Anelloviridae; Betatorquevirus; Betatorquevirus homini36	DNA	linear	2885		Homo sapiens	SAfiA-587-45	false	ncbi-genbank	037d7595df633d2e617ca821c252c25ad70d1d62ec93bd0779a839380bc54d42				
MN769562	MN769562.1	TTV-like mini virus	Betatorquevirus	Anelloviridae	Viruses; Floreoviria; Shotokuvirae; Commensaviricota; Cardeaviricetes; Sanitavirales; Anelloviridae; Betatorquevirus; Betatorquevirus homini36	DNA	linear	2889		Homo sapiens	SAfiA-587-50	false	ncbi-genbank	8c7f39c54d3804f2f192cf8b705cb2bd408b3ea004e63e52dee99615e19400cd				
MN769563	MN769563.1	TTV-like mini virus	Betatorquevirus	Anelloviridae	Viruses; Floreoviria; Shotokuvirae; Commensaviricota; Cardeaviricetes; Sanitavirales; Anelloviridae; Betatorquevirus; Betatorquevirus homini36	DNA	linear	2882		Homo sapiens	SAfiA-587-53	false	ncbi-genbank	58c16de5252c5dab9c6cd3b12277106fd2cba9a3edde2aa50fd4481d9ce61cfc				
MN769564	MN769564.1	TTV-like mini virus	Betatorquevirus	Anelloviridae	Viruses; Floreoviria; Shotokuvirae; Commensaviricota; Cardeaviricetes; Sanitavirales; Anelloviridae; Betatorquevirus; Betatorquevirus homini36	DNA	linear	2938		Homo sapiens	SAfiA-587-65	false	ncbi-genbank	84bc6989c65e87753dae82f847be5946a0ca8c99a8ba0aabffe56cadd1420444				
MN769565	MN769565.1	TTV-like mini virus	Betatorquevirus	Anelloviridae	Viruses; Floreoviria; Shotokuvirae; Commensaviricota; Cardeaviricetes; Sanitavirales; Anelloviridae; Betatorquevirus; Betatorquevirus homini36	DNA	linear	2872		Homo sapiens	SAfiA-587-68	false	ncbi-genbank	335f96658779ab0acc71ebc9f15fb6ce4d939542287a8b0782aff2a7a2f542c6				
MN769566	MN769566.1	TTV-like mini virus	Betatorquevirus	Anelloviridae	Viruses; Floreoviria; Shotokuvirae; Commensaviricota; Cardeaviricetes; Sanitavirales; Anelloviridae; Betatorquevirus; Betatorquevirus homini36	DNA	linear	2856		Homo sapiens	SAfiA-587-69	false	ncbi-genbank	6de3c088088a918c3a277864c34638a9911a8502aeecaca0bed89c64fd0f57e2				
MN769567	MN769567.1	TTV-like mini virus	Betatorquevirus	Anelloviridae	Viruses; Floreoviria; Shotokuvirae; Commensaviricota; Cardeaviricetes; Sanitavirales; Anelloviridae; Betatorquevirus; Betatorquevirus homini36	DNA	linear	2842		Homo sapiens	SAfiA-587-78	false	ncbi-genbank	7a2ac6f9eae37a270aae9e82ec17fbeb2c0d7c8393f4cedcf9ac5c52fb4b1ac0				
MN769568	MN769568.1	TTV-like mini virus	Betatorquevirus	Anelloviridae	Viruses; Floreoviria; Shotokuvirae; Commensaviricota; Cardeaviricetes; Sanitavirales; Anelloviridae; Betatorquevirus; Betatorquevirus homini36	DNA	linear	2809		Homo sapiens	SAfiA-587-96	false	ncbi-genbank	2f95e38dc316aa8b396a5821d240b4a739d2472808add3b4ac1eae2a11246d8e				
MN769569	MN769569.1	TTV-like mini virus	Betatorquevirus	Anelloviridae	Viruses; Floreoviria; Shotokuvirae; Commensaviricota; Cardeaviricetes; Sanitavirales; Anelloviridae; Betatorquevirus; Betatorquevirus homini36	DNA	linear	2787		Homo sapiens	SAfiA-587-98	false	ncbi-genbank	3cad68bc7ab28b5695f9153d81314aae69dab84470df091a4ef34e0d73839711				
MN769573	MN769573.1	TTV-like mini virus	Betatorquevirus	Anelloviridae	Viruses; Floreoviria; Shotokuvirae; Commensaviricota; Cardeaviricetes; Sanitavirales; Anelloviridae; Betatorquevirus; Betatorquevirus homini36	DNA	linear	2830		Homo sapiens	SAfiA-589-22	false	ncbi-genbank	e0f3c863c945c158d70ce266d7d9431a415e8c4606c85dc791faa5e0e6a42a26				
MN769574	MN769574.1	TTV-like mini virus	Betatorquevirus	Anelloviridae	Viruses; Floreoviria; Shotokuvirae; Commensaviricota; Cardeaviricetes; Sanitavirales; Anelloviridae; Betatorquevirus; Betatorquevirus homini36	DNA	linear	2995		Homo sapiens	SAfiA-590-21	false	ncbi-genbank	1b0b3b1e2deee3a5a39dc2bb8028b04ab0f6616d4410576c171a272d12bbe837				
MN769576	MN769576.1	TTV-like mini virus	Betatorquevirus	Anelloviridae	Viruses; Floreoviria; Shotokuvirae; Commensaviricota; Cardeaviricetes; Sanitavirales; Anelloviridae; Betatorquevirus; Betatorquevirus homini36	DNA	linear	2813		Homo sapiens	SAfiA-590-62	false	ncbi-genbank	74b75a8a7a422c13d7c6ce8f02cfaceea8adcd551a59a7ab4c2d77e690803710				
MN769577	MN769577.1	TTV-like mini virus	Betatorquevirus	Anelloviridae	Viruses; Floreoviria; Shotokuvirae; Commensaviricota; Cardeaviricetes; Sanitavirales; Anelloviridae; Betatorquevirus; Betatorquevirus homini36	DNA	linear	2832		Homo sapiens	SAfiA-590-66	false	ncbi-genbank	03b76b02827def5e179ce589c4132736cff87181931a6da898dd935ea52e057c				
MN769578	MN769578.1	TTV-like mini virus	Betatorquevirus	Anelloviridae	Viruses; Floreoviria; Shotokuvirae; Commensaviricota; Cardeaviricetes; Sanitavirales; Anelloviridae; Betatorquevirus; Betatorquevirus homini36	DNA	linear	2809		Homo sapiens	SAfiA-590-67	false	ncbi-genbank	d514ae510f821c972a10d28216def317e90e6c94cd3ca3e626ec970f5de498f7				
MN769579	MN769579.1	TTV-like mini virus	Betatorquevirus	Anelloviridae	Viruses; Floreoviria; Shotokuvirae; Commensaviricota; Cardeaviricetes; Sanitavirales; Anelloviridae; Betatorquevirus; Betatorquevirus homini36	DNA	linear	2803		Homo sapiens	SAfiA-590-70	false	ncbi-genbank	4bc12edfe58d5f400c8a456cc2372d69d788607e8c8ee0da600237f2c217baa0				
MN769580	MN769580.1	TTV-like mini virus	Betatorquevirus	Anelloviridae	Viruses; Floreoviria; Shotokuvirae; Commensaviricota; Cardeaviricetes; Sanitavirales; Anelloviridae; Betatorquevirus; Betatorquevirus homini36	DNA	linear	2900		Homo sapiens	SAfiA-590-71	false	ncbi-genbank	0a32dceffb0087a123a90ee332fd4451dd604fd02c2938ce6d2cf308eb47a979				
MN769581	MN769581.1	TTV-like mini virus	Betatorquevirus	Anelloviridae	Viruses; Floreoviria; Shotokuvirae; Commensaviricota; Cardeaviricetes; Sanitavirales; Anelloviridae; Betatorquevirus; Betatorquevirus homini36	DNA	linear	2807		Homo sapiens	SAfiA-590-75	false	ncbi-genbank	07014d444913aa8af3952f2fee44db191e1c13b4613129eefe1c894db1075ff7				
MN769583	MN769583.1	TTV-like mini virus	Betatorquevirus	Anelloviridae	Viruses; Floreoviria; Shotokuvirae; Commensaviricota; Cardeaviricetes; Sanitavirales; Anelloviridae; Betatorquevirus; Betatorquevirus homini36	DNA	linear	2917		Homo sapiens	SAfiA-593-12	false	ncbi-genbank	925822f7198922bb6d3fd6212b95b4a95337225c2f8a04c0f08cd0b082500d1a				
MN769584	MN769584.1	TTV-like mini virus	Betatorquevirus	Anelloviridae	Viruses; Floreoviria; Shotokuvirae; Commensaviricota; Cardeaviricetes; Sanitavirales; Anelloviridae; Betatorquevirus; Betatorquevirus homini36	DNA	linear	2883		Homo sapiens	SAfiA-593-14	false	ncbi-genbank	d6c3d487a8884119c2e0c34566c28d4bf597e0a744e0d8be70030526810a0356				
MN769585	MN769585.1	TTV-like mini virus	Betatorquevirus	Anelloviridae	Viruses; Floreoviria; Shotokuvirae; Commensaviricota; Cardeaviricetes; Sanitavirales; Anelloviridae; Betatorquevirus; Betatorquevirus homini36	DNA	linear	2936		Homo sapiens	SAfiA-595-14	false	ncbi-genbank	93ade06141f8b8a4e07862b28e367d4c2022bdab9709fb1475cb4e6212a83706				
MN769586	MN769586.1	TTV-like mini virus	Betatorquevirus	Anelloviridae	Viruses; Floreoviria; Shotokuvirae; Commensaviricota; Cardeaviricetes; Sanitavirales; Anelloviridae; Betatorquevirus; Betatorquevirus homini36	DNA	linear	2912		Homo sapiens	SAfiA-595-16	false	ncbi-genbank	fc9afa7ed86fcffe4531de546f8e8057029567d65b3d056b25cb5c01e467d002				
MN769587	MN769587.1	TTV-like mini virus	Betatorquevirus	Anelloviridae	Viruses; Floreoviria; Shotokuvirae; Commensaviricota; Cardeaviricetes; Sanitavirales; Anelloviridae; Betatorquevirus; Betatorquevirus homini36	DNA	linear	2901		Homo sapiens	SAfiA-595-17	false	ncbi-genbank	9dfea06753d9ae305f6f4be8ec9ba95e6cc3ec3f04238538eb0dcaef7021da06				
MN769589	MN769589.1	TTV-like mini virus	Betatorquevirus	Anelloviridae	Viruses; Floreoviria; Shotokuvirae; Commensaviricota; Cardeaviricetes; Sanitavirales; Anelloviridae; Betatorquevirus; Betatorquevirus homini36	DNA	linear	2912		Homo sapiens	SAfiA-597-8	false	ncbi-genbank	75131cf2d2f53bc8bc6b82c14be25e7f0f8a9c3aa259946c875ee2394ae179ff				
MN769596	MN769596.1	TTV-like mini virus	Betatorquevirus	Anelloviridae	Viruses; Floreoviria; Shotokuvirae; Commensaviricota; Cardeaviricetes; Sanitavirales; Anelloviridae; Betatorquevirus; Betatorquevirus homini36	DNA	linear	2949		Homo sapiens	SAfiA-604-9	false	ncbi-genbank	9e17ed33334bc6ace7c5cc2d570c596eb5695204477d1d9b30967aad88d38e7f				
MN769597	MN769597.1	TTV-like mini virus	Betatorquevirus	Anelloviridae	Viruses; Floreoviria; Shotokuvirae; Commensaviricota; Cardeaviricetes; Sanitavirales; Anelloviridae; Betatorquevirus; Betatorquevirus homini36	DNA	linear	2914		Homo sapiens	SAfiA-605-0	false	ncbi-genbank	252c32d23f00aa2f1be85a819cd29fd794cc07490751f28ec09f9d9893004f1b				
MN769598	MN769598.1	TTV-like mini virus	Betatorquevirus	Anelloviridae	Viruses; Floreoviria; Shotokuvirae; Commensaviricota; Cardeaviricetes; Sanitavirales; Anelloviridae; Betatorquevirus; Betatorquevirus homini36	DNA	linear	2946		Homo sapiens	SAfiA-609-13	false	ncbi-genbank	6d6230874fb3b3cd0e15338125669673c33cc6863bc96dbaf5e59fe1d64e3031				
MN769599	MN769599.1	TTV-like mini virus	Betatorquevirus	Anelloviridae	Viruses; Floreoviria; Shotokuvirae; Commensaviricota; Cardeaviricetes; Sanitavirales; Anelloviridae; Betatorquevirus; Betatorquevirus homini36	DNA	linear	2904		Homo sapiens	SAfiA-609-17	false	ncbi-genbank	a7a11b83959d28bc61843b04b11219ecfda64f684fe93a2ea4f84858d39f6c85				
MN769600	MN769600.1	TTV-like mini virus	Betatorquevirus	Anelloviridae	Viruses; Floreoviria; Shotokuvirae; Commensaviricota; Cardeaviricetes; Sanitavirales; Anelloviridae; Betatorquevirus; Betatorquevirus homini36	DNA	linear	2960		Homo sapiens	SAfiA-609-6	false	ncbi-genbank	1c05c123282aab3f488a72886f592b26cc9865d8567bc88d3266a8c88f9c4d17				
MN769602	MN769602.1	TTV-like mini virus	Betatorquevirus	Anelloviridae	Viruses; Floreoviria; Shotokuvirae; Commensaviricota; Cardeaviricetes; Sanitavirales; Anelloviridae; Betatorquevirus; Betatorquevirus homini36	DNA	linear	2809		Homo sapiens	SAfiA-610-17	false	ncbi-genbank	9db7555a6d695a4aaa49ad6730bdf2bec69209ddbcda707a920ad0becd3bb7ea				
MN769605	MN769605.1	TTV-like mini virus	Betatorquevirus	Anelloviridae	Viruses; Floreoviria; Shotokuvirae; Commensaviricota; Cardeaviricetes; Sanitavirales; Anelloviridae; Betatorquevirus; Betatorquevirus homini36	DNA	linear	2994		Homo sapiens	SAfiA-611-129	false	ncbi-genbank	84f6c6f30461f26a0eb213d403993d7681962c4d438ef62b5e0352d1913b5082				
MN769606	MN769606.1	TTV-like mini virus	Betatorquevirus	Anelloviridae	Viruses; Floreoviria; Shotokuvirae; Commensaviricota; Cardeaviricetes; Sanitavirales; Anelloviridae; Betatorquevirus; Betatorquevirus homini36	DNA	linear	2899		Homo sapiens	SAfiA-611-145	false	ncbi-genbank	1a1109566c5571bd64de2cc7ce53c637732d76974a2ea9f80d26d63bed284882				
MN769608	MN769608.1	TTV-like mini virus	Betatorquevirus	Anelloviridae	Viruses; Floreoviria; Shotokuvirae; Commensaviricota; Cardeaviricetes; Sanitavirales; Anelloviridae; Betatorquevirus; Betatorquevirus homini36	DNA	linear	2824		Homo sapiens	SAfiA-611-162	false	ncbi-genbank	11d2d1423079fb2027b1b08fcc80bfbf5d07cbdc1c6ca75a8bdefee9de613e9c				
MN769611	MN769611.1	TTV-like mini virus	Betatorquevirus	Anelloviridae	Viruses; Floreoviria; Shotokuvirae; Commensaviricota; Cardeaviricetes; Sanitavirales; Anelloviridae; Betatorquevirus; Betatorquevirus homini36	DNA	linear	2856		Homo sapiens	SAfiA-6-13	false	ncbi-genbank	e846123b90de33cbf63504140520e50537956fd5d4a81002819459937adb3ddd				
MN769612	MN769612.1	TTV-like mini virus	Betatorquevirus	Anelloviridae	Viruses; Floreoviria; Shotokuvirae; Commensaviricota; Cardeaviricetes; Sanitavirales; Anelloviridae; Betatorquevirus; Betatorquevirus homini36	DNA	linear	2946		Homo sapiens	SAfiA-613-0	false	ncbi-genbank	10b73ea1650ce624ce6a667264d43573965e3e8fd71de9c50b51693604f14ccd				
MN769614	MN769614.1	TTV-like mini virus	Betatorquevirus	Anelloviridae	Viruses; Floreoviria; Shotokuvirae; Commensaviricota; Cardeaviricetes; Sanitavirales; Anelloviridae; Betatorquevirus; Betatorquevirus homini36	DNA	linear	2884		Homo sapiens	SAfiA-6-14	false	ncbi-genbank	34fae5c5f4a600835b6ecd2747b85d06b82a2875761232e7481d4cd4e58ddfdb				
MN769615	MN769615.1	TTV-like mini virus	Betatorquevirus	Anelloviridae	Viruses; Floreoviria; Shotokuvirae; Commensaviricota; Cardeaviricetes; Sanitavirales; Anelloviridae; Betatorquevirus; Betatorquevirus homini36	DNA	linear	2955		Homo sapiens	SAfiA-61-4	false	ncbi-genbank	d0c6e3df699bb5cb45ec85976d1a047b4a0f8e69a21801f67e401bd7a836dcc8				
MN769616	MN769616.1	TTV-like mini virus	Betatorquevirus	Anelloviridae	Viruses; Floreoviria; Shotokuvirae; Commensaviricota; Cardeaviricetes; Sanitavirales; Anelloviridae; Betatorquevirus; Betatorquevirus homini36	DNA	linear	2742		Homo sapiens	SAfiA-61-40	false	ncbi-genbank	591862e669465ad9be83f2d83f07a43df3611ce3ecea284aa5f184d614e3664b				
MN769617	MN769617.1	TTV-like mini virus	Betatorquevirus	Anelloviridae	Viruses; Floreoviria; Shotokuvirae; Commensaviricota; Cardeaviricetes; Sanitavirales; Anelloviridae; Betatorquevirus; Betatorquevirus homini36	DNA	linear	2887		Homo sapiens	SAfiA-615-657	false	ncbi-genbank	83153abd761f162cd0be0c1646a236968fe8b382bc9563c1aa6ca7f796d6bdf9				
MN769618	MN769618.1	TTV-like mini virus	Betatorquevirus	Anelloviridae	Viruses; Floreoviria; Shotokuvirae; Commensaviricota; Cardeaviricetes; Sanitavirales; Anelloviridae; Betatorquevirus; Betatorquevirus homini36	DNA	linear	2840		Homo sapiens	SAfiA-615-686	false	ncbi-genbank	ca0b9235a6fcc624cdea27d346390d69531e0079d108a5815ce5b2f827eb15f5				
MN769619	MN769619.1	TTV-like mini virus	Betatorquevirus	Anelloviridae	Viruses; Floreoviria; Shotokuvirae; Commensaviricota; Cardeaviricetes; Sanitavirales; Anelloviridae; Betatorquevirus; Betatorquevirus homini36	DNA	linear	2837		Homo sapiens	SAfiA-615-695	false	ncbi-genbank	4a3023ad9e3f54c2b55a41c0ec3de7d996ce100a692d96ea18076be34112c738				
MN769620	MN769620.1	TTV-like mini virus	Betatorquevirus	Anelloviridae	Viruses; Floreoviria; Shotokuvirae; Commensaviricota; Cardeaviricetes; Sanitavirales; Anelloviridae; Betatorquevirus; Betatorquevirus homini36	DNA	linear	2825		Homo sapiens	SAfiA-615-708	false	ncbi-genbank	f97795f4a254ec9efaba4d92374bc5d4a0890fc3f38042a3f61cd738b930806c				
MN769621	MN769621.1	TTV-like mini virus	Betatorquevirus	Anelloviridae	Viruses; Floreoviria; Shotokuvirae; Commensaviricota; Cardeaviricetes; Sanitavirales; Anelloviridae; Betatorquevirus; Betatorquevirus homini36	DNA	linear	2835		Homo sapiens	SAfiA-6-16	false	ncbi-genbank	59fb1c7e8c4e8083e3f14ba17c2da6794f3cf186bc59d5dc9aaba04ae95772a2				
MN769625	MN769625.1	TTV-like mini virus	Betatorquevirus	Anelloviridae	Viruses; Floreoviria; Shotokuvirae; Commensaviricota; Cardeaviricetes; Sanitavirales; Anelloviridae; Betatorquevirus; Betatorquevirus homini36	DNA	linear	2888		Homo sapiens	SAfiA-618-9	false	ncbi-genbank	db65400e770fe380e34a442fb4aee6ffbba63281e23034c60b69d168079950c4				
MN769627	MN769627.1	TTV-like mini virus	Betatorquevirus	Anelloviridae	Viruses; Floreoviria; Shotokuvirae; Commensaviricota; Cardeaviricetes; Sanitavirales; Anelloviridae; Betatorquevirus; Betatorquevirus homini36	DNA	linear	2911		Homo sapiens	SAfiA-619-12	false	ncbi-genbank	229490fa3343b2426563b9e36181191a71173ddae1db5f6c711cdebfa044e32d				
MN769629	MN769629.1	TTV-like mini virus	Betatorquevirus	Anelloviridae	Viruses; Floreoviria; Shotokuvirae; Commensaviricota; Cardeaviricetes; Sanitavirales; Anelloviridae; Betatorquevirus; Betatorquevirus homini36	DNA	linear	2844		Homo sapiens	SAfiA-622-8	false	ncbi-genbank	31376ad94be7a2b4aa283f84cc1239e0d3dacf5de5f33f59da04e8eb59e690fd				
MN769630	MN769630.1	TTV-like mini virus	Betatorquevirus	Anelloviridae	Viruses; Floreoviria; Shotokuvirae; Commensaviricota; Cardeaviricetes; Sanitavirales; Anelloviridae; Betatorquevirus; Betatorquevirus homini36	DNA	linear	2941		Homo sapiens	SAfiA-625-6	false	ncbi-genbank	40b64e757cf724b281fe213a6dc435d536c560a744c6bb1a84eafa4cce1eb481				
MN769632	MN769632.1	TTV-like mini virus	Betatorquevirus	Anelloviridae	Viruses; Floreoviria; Shotokuvirae; Commensaviricota; Cardeaviricetes; Sanitavirales; Anelloviridae; Betatorquevirus; Betatorquevirus homini36	DNA	linear	2832		Homo sapiens	SAfiA-626-27	false	ncbi-genbank	5357654d834f9d352f923393ac813a8feb37acac7743385cb7df0553d173638e				
MN769633	MN769633.1	TTV-like mini virus	Betatorquevirus	Anelloviridae	Viruses; Floreoviria; Shotokuvirae; Commensaviricota; Cardeaviricetes; Sanitavirales; Anelloviridae; Betatorquevirus; Betatorquevirus homini36	DNA	linear	2842		Homo sapiens	SAfiA-628-39	false	ncbi-genbank	d80875ffdc9e97431cb307d974d47cf1e2006196211d26c9efeece1eb6918c46				
MN769639	MN769639.1	TTV-like mini virus	Betatorquevirus	Anelloviridae	Viruses; Floreoviria; Shotokuvirae; Commensaviricota; Cardeaviricetes; Sanitavirales; Anelloviridae; Betatorquevirus; Betatorquevirus homini36	DNA	linear	2900		Homo sapiens	SAfiA-639-1506	false	ncbi-genbank	39c550999740dbeb3dd02c5a88de46280f8d6ec6f20e0240634d71da5196c9b3				
MN769641	MN769641.1	TTV-like mini virus	Betatorquevirus	Anelloviridae	Viruses; Floreoviria; Shotokuvirae; Commensaviricota; Cardeaviricetes; Sanitavirales; Anelloviridae; Betatorquevirus; Betatorquevirus homini36	DNA	linear	2987		Homo sapiens	SAfiA-640-6	false	ncbi-genbank	a081f7cb4b27ec5dfe5fdd2aaeb3fc461f614382c8a5ed839f6f6c2eb425d8ac				
MN769642	MN769642.1	TTV-like mini virus	Betatorquevirus	Anelloviridae	Viruses; Floreoviria; Shotokuvirae; Commensaviricota; Cardeaviricetes; Sanitavirales; Anelloviridae; Betatorquevirus; Betatorquevirus homini36	DNA	linear	2908		Homo sapiens	SAfiA-642-22	false	ncbi-genbank	c138c8e27d67cadf4a4393c9e0a906d154757fb92cccc8131f450a407cceb005				
MN769647	MN769647.1	TTV-like mini virus	Betatorquevirus	Anelloviridae	Viruses; Floreoviria; Shotokuvirae; Commensaviricota; Cardeaviricetes; Sanitavirales; Anelloviridae; Betatorquevirus; Betatorquevirus homini36	DNA	linear	2861		Homo sapiens	SAfiA-644-7	false	ncbi-genbank	c3d6e60c812a18eedf9f3c738698dadf6ad6cd625f1c4f4f7f141be582a010aa				
MN769648	MN769648.1	TTV-like mini virus	Betatorquevirus	Anelloviridae	Viruses; Floreoviria; Shotokuvirae; Commensaviricota; Cardeaviricetes; Sanitavirales; Anelloviridae; Betatorquevirus; Betatorquevirus homini36	DNA	linear	2843		Homo sapiens	SAfiA-644-8	false	ncbi-genbank	a3b1d6ef392554fd5e812c03f44fa8acc75986ad094e72e2267e18414aa7ac1c				
MN769649	MN769649.1	TTV-like mini virus	Betatorquevirus	Anelloviridae	Viruses; Floreoviria; Shotokuvirae; Commensaviricota; Cardeaviricetes; Sanitavirales; Anelloviridae; Betatorquevirus; Betatorquevirus homini36	DNA	linear	2895		Homo sapiens	SAfiA-646-11	false	ncbi-genbank	2d61a58e72d211d2fc87c239c5ffe91c6fe50af8a15d54eabc6605ac3a5c8abf				
MN769650	MN769650.1	TTV-like mini virus	Betatorquevirus	Anelloviridae	Viruses; Floreoviria; Shotokuvirae; Commensaviricota; Cardeaviricetes; Sanitavirales; Anelloviridae; Betatorquevirus; Betatorquevirus homini36	DNA	linear	2856		Homo sapiens	SAfiA-646-13	false	ncbi-genbank	c4287d0ac19fac91d49e3f5715acf12378c7ec804bb29c022ce41aaf0d805996				
MN769651	MN769651.1	TTV-like mini virus	Betatorquevirus	Anelloviridae	Viruses; Floreoviria; Shotokuvirae; Commensaviricota; Cardeaviricetes; Sanitavirales; Anelloviridae; Betatorquevirus; Betatorquevirus homini36	DNA	linear	2825		Homo sapiens	SAfiA-647-10	false	ncbi-genbank	0331c202c0172edbd8a2b92b961e4fc264840469e37a23142e81f1f2083af37f				
MN769658	MN769658.1	TTV-like mini virus	Betatorquevirus	Anelloviridae	Viruses; Floreoviria; Shotokuvirae; Commensaviricota; Cardeaviricetes; Sanitavirales; Anelloviridae; Betatorquevirus; Betatorquevirus homini36	DNA	linear	2920		Homo sapiens	SAfiA-650-6	false	ncbi-genbank	753465ea839332fd8a3c6006a88cd69dfc87a6399cf1897ef9784be046d57f02				
MN769659	MN769659.1	TTV-like mini virus	Betatorquevirus	Anelloviridae	Viruses; Floreoviria; Shotokuvirae; Commensaviricota; Cardeaviricetes; Sanitavirales; Anelloviridae; Betatorquevirus; Betatorquevirus homini36	DNA	linear	2940		Homo sapiens	SAfiA-651-23	false	ncbi-genbank	dc0dc31d7b1710baaeb25b6984fb44cad94ff41f7b1dd6a7bddabc4efe4e1546				
MN769661	MN769661.1	TTV-like mini virus	Betatorquevirus	Anelloviridae	Viruses; Floreoviria; Shotokuvirae; Commensaviricota; Cardeaviricetes; Sanitavirales; Anelloviridae; Betatorquevirus; Betatorquevirus homini36	DNA	linear	2868		Homo sapiens	SAfiA-651-27	false	ncbi-genbank	b04b73589c42a6a61bda9b409f05a980ed91f30a9fa80aa5a845c4059c542702				
MN769662	MN769662.1	TTV-like mini virus	Betatorquevirus	Anelloviridae	Viruses; Floreoviria; Shotokuvirae; Commensaviricota; Cardeaviricetes; Sanitavirales; Anelloviridae; Betatorquevirus; Betatorquevirus homini36	DNA	linear	2848		Homo sapiens	SAfiA-655-47	false	ncbi-genbank	d6543bb79dfa8a9f3da4f1ab1f4ddf355450e2da1a4e11bf2eeecb9852faed48				
MN769663	MN769663.1	TTV-like mini virus	Betatorquevirus	Anelloviridae	Viruses; Floreoviria; Shotokuvirae; Commensaviricota; Cardeaviricetes; Sanitavirales; Anelloviridae; Betatorquevirus; Betatorquevirus homini36	DNA	linear	2914		Homo sapiens	SAfiA-656-8	false	ncbi-genbank	4977a6aeb0a74d82123c76d455457a8d81962a5616be8da02392fad06d2a00e3				
MN769665	MN769665.1	TTV-like mini virus	Betatorquevirus	Anelloviridae	Viruses; Floreoviria; Shotokuvirae; Commensaviricota; Cardeaviricetes; Sanitavirales; Anelloviridae; Betatorquevirus; Betatorquevirus homini36	DNA	linear	2798		Homo sapiens	SAfiA-659-16	false	ncbi-genbank	c58d0070cafaa24f111a4c9552b1c79e899f9defff0e5c96a6da218934501f0b				
MN769666	MN769666.1	TTV-like mini virus	Betatorquevirus	Anelloviridae	Viruses; Floreoviria; Shotokuvirae; Commensaviricota; Cardeaviricetes; Sanitavirales; Anelloviridae; Betatorquevirus; Betatorquevirus homini36	DNA	linear	2960		Homo sapiens	SAfiA-6-6	false	ncbi-genbank	67dd01fd782e959f6883bb24afd70b6ad397bcbd9cb7054fe4477342865e33ca				
MN769667	MN769667.1	TTV-like mini virus	Betatorquevirus	Anelloviridae	Viruses; Floreoviria; Shotokuvirae; Commensaviricota; Cardeaviricetes; Sanitavirales; Anelloviridae; Betatorquevirus; Betatorquevirus homini36	DNA	linear	2889		Homo sapiens	SAfiA-661-0	false	ncbi-genbank	9d0e30d096efb7ee330c47656c682e63428d1e180d33481d44c72f5e975178b5				
MN769670	MN769670.1	TTV-like mini virus	Betatorquevirus	Anelloviridae	Viruses; Floreoviria; Shotokuvirae; Commensaviricota; Cardeaviricetes; Sanitavirales; Anelloviridae; Betatorquevirus; Betatorquevirus homini36	DNA	linear	2906		Homo sapiens	SAfiA-6-7	false	ncbi-genbank	6e23da5fc8074b8d2c645bb065336df9fc0c0d3e8e7a26ee1f40a34f0c5103f9				
MN769671	MN769671.1	TTV-like mini virus	Betatorquevirus	Anelloviridae	Viruses; Floreoviria; Shotokuvirae; Commensaviricota; Cardeaviricetes; Sanitavirales; Anelloviridae; Betatorquevirus; Betatorquevirus homini36	DNA	linear	2875		Homo sapiens	SAfiA-670-7	false	ncbi-genbank	7a024948f797d2cae999fe03d3b31a35c8fdabd4f4032a2f4fb84b72554f2a12				
MN769676	MN769676.1	TTV-like mini virus	Betatorquevirus	Anelloviridae	Viruses; Floreoviria; Shotokuvirae; Commensaviricota; Cardeaviricetes; Sanitavirales; Anelloviridae; Betatorquevirus; Betatorquevirus homini36	DNA	linear	2911		Homo sapiens	SAfiA-676-14	false	ncbi-genbank	1ed1ce45c09dab5829bab02873937f0d97a5a945024c512a0a0c4e580f77454a				
MN769678	MN769678.1	TTV-like mini virus	Betatorquevirus	Anelloviridae	Viruses; Floreoviria; Shotokuvirae; Commensaviricota; Cardeaviricetes; Sanitavirales; Anelloviridae; Betatorquevirus; Betatorquevirus homini36	DNA	linear	2825		Homo sapiens	SAfiA-676-27	false	ncbi-genbank	983b973fd582311beba03a4525b137936ad8f9d8e1401b761828b1515870ef4a				
MN769680	MN769680.1	TTV-like mini virus	Betatorquevirus	Anelloviridae	Viruses; Floreoviria; Shotokuvirae; Commensaviricota; Cardeaviricetes; Sanitavirales; Anelloviridae; Betatorquevirus; Betatorquevirus homini36	DNA	linear	2914		Homo sapiens	SAfiA-677-7	false	ncbi-genbank	da29e58fe6ed79d06aa2e49bee3f1124c24552b4832e68222e607465c1e9b1ea				
MN769682	MN769682.1	TTV-like mini virus	Betatorquevirus	Anelloviridae	Viruses; Floreoviria; Shotokuvirae; Commensaviricota; Cardeaviricetes; Sanitavirales; Anelloviridae; Betatorquevirus; Betatorquevirus homini36	DNA	linear	2890		Homo sapiens	SAfiA-679-10	false	ncbi-genbank	2db8ba36803bef9eabe2ec1663576662a2adef590e6c3ee2e5d7058fad8d5a94				
MN769684	MN769684.1	TTV-like mini virus	Betatorquevirus	Anelloviridae	Viruses; Floreoviria; Shotokuvirae; Commensaviricota; Cardeaviricetes; Sanitavirales; Anelloviridae; Betatorquevirus; Betatorquevirus homini36	DNA	linear	2884		Homo sapiens	SAfiA-679-14	false	ncbi-genbank	b8d0f55fdade7c47357c9e2de7d79b0ef4437aff73165525075baf77a7fc4199				
MN769686	MN769686.1	TTV-like mini virus	Betatorquevirus	Anelloviridae	Viruses; Floreoviria; Shotokuvirae; Commensaviricota; Cardeaviricetes; Sanitavirales; Anelloviridae; Betatorquevirus; Betatorquevirus homini36	DNA	linear	2847		Homo sapiens	SAfiA-679-16	false	ncbi-genbank	ed6fb9516dcf4c7f159682ac2949aaa7008c5b83cca1b626707db8062f303763				
MN769690	MN769690.1	TTV-like mini virus	Betatorquevirus	Anelloviridae	Viruses; Floreoviria; Shotokuvirae; Commensaviricota; Cardeaviricetes; Sanitavirales; Anelloviridae; Betatorquevirus; Betatorquevirus homini36	DNA	linear	2932		Homo sapiens	SAfiA-685-13	false	ncbi-genbank	6269339c3279805b9836a90fad7da4a6216e6c6353b81cd431758195905454e0				
MN769692	MN769692.1	TTV-like mini virus	Betatorquevirus	Anelloviridae	Viruses; Floreoviria; Shotokuvirae; Commensaviricota; Cardeaviricetes; Sanitavirales; Anelloviridae; Betatorquevirus; Betatorquevirus homini36	DNA	linear	2903		Homo sapiens	SAfiA-686-13	false	ncbi-genbank	c220600a6bc8ac2f67285681c0a8d624d48fd5ff2cb469a7c4bc992aea2f9579				
MN769694	MN769694.1	TTV-like mini virus	Betatorquevirus	Anelloviridae	Viruses; Floreoviria; Shotokuvirae; Commensaviricota; Cardeaviricetes; Sanitavirales; Anelloviridae; Betatorquevirus; Betatorquevirus homini36	DNA	linear	2916		Homo sapiens	SAfiA-690-2	false	ncbi-genbank	4c36b559f2f94ec826e2b0e5c478aec16e4c182e47257f189868c35657d9f5dd				
MN769695	MN769695.1	TTV-like mini virus	Betatorquevirus	Anelloviridae	Viruses; Floreoviria; Shotokuvirae; Commensaviricota; Cardeaviricetes; Sanitavirales; Anelloviridae; Betatorquevirus; Betatorquevirus homini36	DNA	linear	2968		Homo sapiens	SAfiA-690-4	false	ncbi-genbank	3eb0226b7ae55a02f3e80a1f9631b9a48f7d7cc6fdee2de52639f9f373bf3683				
MN769701	MN769701.1	TTV-like mini virus	Betatorquevirus	Anelloviridae	Viruses; Floreoviria; Shotokuvirae; Commensaviricota; Cardeaviricetes; Sanitavirales; Anelloviridae; Betatorquevirus; Betatorquevirus homini36	DNA	linear	2877		Homo sapiens	SAfiA-699-11	false	ncbi-genbank	35ddee7ff29757ef7dcd6a462ac14c002156b285802abdf964fa916dacb3245f				
MN769702	MN769702.1	TTV-like mini virus	Betatorquevirus	Anelloviridae	Viruses; Floreoviria; Shotokuvirae; Commensaviricota; Cardeaviricetes; Sanitavirales; Anelloviridae; Betatorquevirus; Betatorquevirus homini36	DNA	linear	2987		Homo sapiens	SAfiA-69B-34	false	ncbi-genbank	346e05995807840694bbac08e699ad8a2b11005967d780b817c546cc7be21e38				
MN769705	MN769705.1	TTV-like mini virus	Betatorquevirus	Anelloviridae	Viruses; Floreoviria; Shotokuvirae; Commensaviricota; Cardeaviricetes; Sanitavirales; Anelloviridae; Betatorquevirus; Betatorquevirus homini36	DNA	linear	2952		Homo sapiens	SAfiA-701-7	false	ncbi-genbank	dd9d81f4ac2260092e2f4bfd0ddd779983e2931510d14d2bfb349b2d688ba283				
MN769706	MN769706.1	TTV-like mini virus	Betatorquevirus	Anelloviridae	Viruses; Floreoviria; Shotokuvirae; Commensaviricota; Cardeaviricetes; Sanitavirales; Anelloviridae; Betatorquevirus; Betatorquevirus homini36	DNA	linear	2839		Homo sapiens	SAfiA-70-18	false	ncbi-genbank	2f89dcae5c9ca6fb9a53645e6f53211ef80e4916c5a1bb933451d8d7857562c6				
MN769711	MN769711.1	TTV-like mini virus	Betatorquevirus	Anelloviridae	Viruses; Floreoviria; Shotokuvirae; Commensaviricota; Cardeaviricetes; Sanitavirales; Anelloviridae; Betatorquevirus; Betatorquevirus homini36	DNA	linear	2955		Homo sapiens	SAfiA-71-8	false	ncbi-genbank	07494323709b2900771e1231b2a7dba0b601729506205eea78c9247fa3be1cc1				
MN769713	MN769713.1	TTV-like mini virus	Betatorquevirus	Anelloviridae	Viruses; Floreoviria; Shotokuvirae; Commensaviricota; Cardeaviricetes; Sanitavirales; Anelloviridae; Betatorquevirus; Betatorquevirus homini36	DNA	linear	2823		Homo sapiens	SAfiA-721-22	false	ncbi-genbank	119415e35fb61d792ec892affe0ee57b93560e9588e29c010b74206b6dbce0a7				
MN769716	MN769716.1	TTV-like mini virus	Betatorquevirus	Anelloviridae	Viruses; Floreoviria; Shotokuvirae; Commensaviricota; Cardeaviricetes; Sanitavirales; Anelloviridae; Betatorquevirus; Betatorquevirus homini36	DNA	linear	2812		Homo sapiens	SAfiA-72-7	false	ncbi-genbank	86f7379dbea05dc452324289453bf727f4f5d64a70695327dbfda8f74ab62358				
MN769719	MN769719.1	TTV-like mini virus	Betatorquevirus	Anelloviridae	Viruses; Floreoviria; Shotokuvirae; Commensaviricota; Cardeaviricetes; Sanitavirales; Anelloviridae; Betatorquevirus; Betatorquevirus homini36	DNA	linear	2808		Homo sapiens	SAfiA-731-9	false	ncbi-genbank	7e561a63d3094a48d8df27567a752473b41c3532efd24c8c17e3ea997dc38fb3				
MN769721	MN769721.1	TTV-like mini virus	Betatorquevirus	Anelloviridae	Viruses; Floreoviria; Shotokuvirae; Commensaviricota; Cardeaviricetes; Sanitavirales; Anelloviridae; Betatorquevirus; Betatorquevirus homini36	DNA	linear	2953		Homo sapiens	SAfiA-74-2	false	ncbi-genbank	04438c3213105f8309866cec5cf1ae89c3358fbd4d28ff1618651d5655ffc62f				
MN769722	MN769722.1	TTV-like mini virus	Betatorquevirus	Anelloviridae	Viruses; Floreoviria; Shotokuvirae; Commensaviricota; Cardeaviricetes; Sanitavirales; Anelloviridae; Betatorquevirus; Betatorquevirus homini36	DNA	linear	2910		Homo sapiens	SAfiA-757-5	false	ncbi-genbank	82f9a2d14088202b1779101958382b238b26cd293586d0e85b45d68152c45adf				
MN769730	MN769730.1	TTV-like mini virus	Betatorquevirus	Anelloviridae	Viruses; Floreoviria; Shotokuvirae; Commensaviricota; Cardeaviricetes; Sanitavirales; Anelloviridae; Betatorquevirus; Betatorquevirus homini36	DNA	linear	2872		Homo sapiens	SAfiA-772-18	false	ncbi-genbank	8ef57fb09a907fde4082db5e1d905d317c8bbca1f5016353d79b024e8fab6135				
MN769732	MN769732.1	TTV-like mini virus	Betatorquevirus	Anelloviridae	Viruses; Floreoviria; Shotokuvirae; Commensaviricota; Cardeaviricetes; Sanitavirales; Anelloviridae; Betatorquevirus; Betatorquevirus homini36	DNA	linear	2900		Homo sapiens	SAfiA-778-20	false	ncbi-genbank	57683fe6add3f7b12f1c39ff366019b0a33f1d67a7656e2559a15387cfa0ef71				
MN769733	MN769733.1	TTV-like mini virus	Betatorquevirus	Anelloviridae	Viruses; Floreoviria; Shotokuvirae; Commensaviricota; Cardeaviricetes; Sanitavirales; Anelloviridae; Betatorquevirus; Betatorquevirus homini36	DNA	linear	2841		Homo sapiens	SAfiA-779-29	false	ncbi-genbank	87203f4b436df0a942532553274614a7b085fd27f80dfc7cc6e1acd998429bfe				
MN769734	MN769734.1	TTV-like mini virus	Betatorquevirus	Anelloviridae	Viruses; Floreoviria; Shotokuvirae; Commensaviricota; Cardeaviricetes; Sanitavirales; Anelloviridae; Betatorquevirus; Betatorquevirus homini36	DNA	linear	2912		Homo sapiens	SAfiA-780-10	false	ncbi-genbank	75c495f7720cb314dd2a73dca309bddd637e0f6b2fd77ea1ce488c9eb6b38ecd				
MN769737	MN769737.1	TTV-like mini virus	Betatorquevirus	Anelloviridae	Viruses; Floreoviria; Shotokuvirae; Commensaviricota; Cardeaviricetes; Sanitavirales; Anelloviridae; Betatorquevirus; Betatorquevirus homini36	DNA	linear	2826		Homo sapiens	SAfiA-789-11	false	ncbi-genbank	bfdc31a4ca21cb0924d1296e8b220ea6c8c982c8649b67d53d8f7959827f91e9				
MN769738	MN769738.1	TTV-like mini virus	Betatorquevirus	Anelloviridae	Viruses; Floreoviria; Shotokuvirae; Commensaviricota; Cardeaviricetes; Sanitavirales; Anelloviridae; Betatorquevirus; Betatorquevirus homini36	DNA	linear	2869		Homo sapiens	SAfiA-79-5	false	ncbi-genbank	8c745fe46bba5f13721feea2c4875dbee19d12aaec916062c8f99827f3e911fd				
MN769739	MN769739.1	TTV-like mini virus	Betatorquevirus	Anelloviridae	Viruses; Floreoviria; Shotokuvirae; Commensaviricota; Cardeaviricetes; Sanitavirales; Anelloviridae; Betatorquevirus; Betatorquevirus homini36	DNA	linear	2917		Homo sapiens	SAfiA-797-28	false	ncbi-genbank	a258b501e953f770ee8cb6c84d03863e7d3aa5b33850d7a52dc45270587020ee				
MN769742	MN769742.1	TTV-like mini virus	Betatorquevirus	Anelloviridae	Viruses; Floreoviria; Shotokuvirae; Commensaviricota; Cardeaviricetes; Sanitavirales; Anelloviridae; Betatorquevirus; Betatorquevirus homini36	DNA	linear	2883		Homo sapiens	SAfiA-803-13	false	ncbi-genbank	bcb3aea37eb11e9db0019cc5f1972068285322cb40ff412ddaa45c9855eca314				
MN769746	MN769746.1	TTV-like mini virus	Betatorquevirus	Anelloviridae	Viruses; Floreoviria; Shotokuvirae; Commensaviricota; Cardeaviricetes; Sanitavirales; Anelloviridae; Betatorquevirus; Betatorquevirus homini36	DNA	linear	2960		Homo sapiens	SAfiA-810-48	false	ncbi-genbank	8caa399901e259047804fcc0cd587ee81bc0ad4f46576c80b8e6543611fd58f7				
MN769747	MN769747.1	TTV-like mini virus	Betatorquevirus	Anelloviridae	Viruses; Floreoviria; Shotokuvirae; Commensaviricota; Cardeaviricetes; Sanitavirales; Anelloviridae; Betatorquevirus; Betatorquevirus homini36	DNA	linear	2869		Homo sapiens	SAfiA-810-50	false	ncbi-genbank	b57d2873ed22e0e7adbe93d6c5e769afd558aa8364cfe8d6d0603f2d2a59dfc5				
MN769748	MN769748.1	TTV-like mini virus	Betatorquevirus	Anelloviridae	Viruses; Floreoviria; Shotokuvirae; Commensaviricota; Cardeaviricetes; Sanitavirales; Anelloviridae; Betatorquevirus; Betatorquevirus homini36	DNA	linear	2969		Homo sapiens	SAfiA-812-38	false	ncbi-genbank	c3678382276a6e471836102a1b6d54ada0a8ee84815492c08c10a43ee2b781c0				
MN769749	MN769749.1	TTV-like mini virus	Betatorquevirus	Anelloviridae	Viruses; Floreoviria; Shotokuvirae; Commensaviricota; Cardeaviricetes; Sanitavirales; Anelloviridae; Betatorquevirus; Betatorquevirus homini36	DNA	linear	2855		Homo sapiens	SAfiA-813-461	false	ncbi-genbank	2b43cd536e6208dd8baf4797601e7dc2512863b97bfcef7b41c504638234170c				
MN769756	MN769756.1	TTV-like mini virus	Betatorquevirus	Anelloviridae	Viruses; Floreoviria; Shotokuvirae; Commensaviricota; Cardeaviricetes; Sanitavirales; Anelloviridae; Betatorquevirus; Betatorquevirus homini36	DNA	linear	2836		Homo sapiens	SAfiA-823-7	false	ncbi-genbank	ee338de284b9080d90ca60548fdc2ebcd923fa1ccf8b8fc270ba3423c7077104				
MN769763	MN769763.1	TTV-like mini virus	Betatorquevirus	Anelloviridae	Viruses; Floreoviria; Shotokuvirae; Commensaviricota; Cardeaviricetes; Sanitavirales; Anelloviridae; Betatorquevirus; Betatorquevirus homini36	DNA	linear	2922		Homo sapiens	SAfiA-844-3	false	ncbi-genbank	1e129881efe8862d1ebaa3e038517e4233522fb26b43b7ed806ede3410eeec62				
MN769768	MN769768.1	TTV-like mini virus	Betatorquevirus	Anelloviridae	Viruses; Floreoviria; Shotokuvirae; Commensaviricota; Cardeaviricetes; Sanitavirales; Anelloviridae; Betatorquevirus; Betatorquevirus homini36	DNA	linear	2977		Homo sapiens	SAfiA-857-180	false	ncbi-genbank	d1f49a93da3a7a29a010179f841646affae60dbe0824437dd9d565577001d871				
MN769772	MN769772.1	TTV-like mini virus	Betatorquevirus	Anelloviridae	Viruses; Floreoviria; Shotokuvirae; Commensaviricota; Cardeaviricetes; Sanitavirales; Anelloviridae; Betatorquevirus; Betatorquevirus homini36	DNA	linear	2878		Homo sapiens	SAfiA-858-91	false	ncbi-genbank	275c6095b0ed54ea71665c05c2c6dc73b893bb8c5caabc3da867fe2b991f3b3c				
MN769773	MN769773.1	TTV-like mini virus	Betatorquevirus	Anelloviridae	Viruses; Floreoviria; Shotokuvirae; Commensaviricota; Cardeaviricetes; Sanitavirales; Anelloviridae; Betatorquevirus; Betatorquevirus homini36	DNA	linear	2791		Homo sapiens	SAfiA-858-94	false	ncbi-genbank	b628f3c27ad5de5f209d8c748a09c18ce53fcd60ba78172bc047ac06668d0e2a				
MN769774	MN769774.1	TTV-like mini virus	Betatorquevirus	Anelloviridae	Viruses; Floreoviria; Shotokuvirae; Commensaviricota; Cardeaviricetes; Sanitavirales; Anelloviridae; Betatorquevirus; Betatorquevirus homini36	DNA	linear	2910		Homo sapiens	SAfiA-858-95	false	ncbi-genbank	1d255bcaaa173eb3f629b03cf570d057243feb264516583a1322030f2b4ba43a				
MN769776	MN769776.1	TTV-like mini virus	Betatorquevirus	Anelloviridae	Viruses; Floreoviria; Shotokuvirae; Commensaviricota; Cardeaviricetes; Sanitavirales; Anelloviridae; Betatorquevirus; Betatorquevirus homini36	DNA	linear	2808		Homo sapiens	SAfiA-859-22	false	ncbi-genbank	22180d6627aa51088ef174f54510c7ff1a1b53973e224d25869c07008b84d253				
MN769780	MN769780.1	TTV-like mini virus	Betatorquevirus	Anelloviridae	Viruses; Floreoviria; Shotokuvirae; Commensaviricota; Cardeaviricetes; Sanitavirales; Anelloviridae; Betatorquevirus; Betatorquevirus homini36	DNA	linear	2987		Homo sapiens	SAfiA-867-290	false	ncbi-genbank	c7648c1c9c1078b2e3abc5de814b9bf8e99f8594ac47413d78234db89b66858d				
MN769782	MN769782.1	TTV-like mini virus	Betatorquevirus	Anelloviridae	Viruses; Floreoviria; Shotokuvirae; Commensaviricota; Cardeaviricetes; Sanitavirales; Anelloviridae; Betatorquevirus; Betatorquevirus homini36	DNA	linear	2874		Homo sapiens	SAfiA-867-309	false	ncbi-genbank	1ba3b4e30378eb02408ef71ea9270190e531bce83a4cf8743a1df903b8b8f998				
MN769785	MN769785.1	TTV-like mini virus	Betatorquevirus	Anelloviridae	Viruses; Floreoviria; Shotokuvirae; Commensaviricota; Cardeaviricetes; Sanitavirales; Anelloviridae; Betatorquevirus; Betatorquevirus homini36	DNA	linear	2856		Homo sapiens	SAfiA-870-11	false	ncbi-genbank	bcd159493886cc55e5983fb5ac622010c040d03cf9b021782d955047fa79e163				
MN769788	MN769788.1	TTV-like mini virus	Betatorquevirus	Anelloviridae	Viruses; Floreoviria; Shotokuvirae; Commensaviricota; Cardeaviricetes; Sanitavirales; Anelloviridae; Betatorquevirus; Betatorquevirus homini36	DNA	linear	2930		Homo sapiens	SAfiA-87-23	false	ncbi-genbank	6e08999ba7b257638133bfa09ccbbe89676f58a5bbf4ae91f74dfd093811ec37				
MN769789	MN769789.1	TTV-like mini virus	Betatorquevirus	Anelloviridae	Viruses; Floreoviria; Shotokuvirae; Commensaviricota; Cardeaviricetes; Sanitavirales; Anelloviridae; Betatorquevirus; Betatorquevirus homini36	DNA	linear	2938		Homo sapiens	SAfiA-87-24	false	ncbi-genbank	1e54d760eff42fb7b0d4572c11d9dc60b6374c7e9f63b2de6f6ddb7eb957e985				
MN769790	MN769790.1	TTV-like mini virus	Betatorquevirus	Anelloviridae	Viruses; Floreoviria; Shotokuvirae; Commensaviricota; Cardeaviricetes; Sanitavirales; Anelloviridae; Betatorquevirus; Betatorquevirus homini36	DNA	linear	2826		Homo sapiens	SAfiA-873-34	false	ncbi-genbank	4791e7e1b70889fe3415c3b94a16372b5e91b224b8a6cf5742ad808b7a94ba4c				
MN769793	MN769793.1	TTV-like mini virus	Betatorquevirus	Anelloviridae	Viruses; Floreoviria; Shotokuvirae; Commensaviricota; Cardeaviricetes; Sanitavirales; Anelloviridae; Betatorquevirus; Betatorquevirus homini36	DNA	linear	2856		Homo sapiens	SAfiA-87-37	false	ncbi-genbank	36e385f3c7cf939bcebe61379d2c3e11f72d79fd56fc98a1b77a953d8ba947ad				
MN769794	MN769794.1	TTV-like mini virus	Betatorquevirus	Anelloviridae	Viruses; Floreoviria; Shotokuvirae; Commensaviricota; Cardeaviricetes; Sanitavirales; Anelloviridae; Betatorquevirus; Betatorquevirus homini36	DNA	linear	2837		Homo sapiens	SAfiA-87-39	false	ncbi-genbank	9bd81ff12cf0588974454c8403a9833d427514819632bcd92376de37cf76e731				
MN769795	MN769795.1	TTV-like mini virus	Betatorquevirus	Anelloviridae	Viruses; Floreoviria; Shotokuvirae; Commensaviricota; Cardeaviricetes; Sanitavirales; Anelloviridae; Betatorquevirus; Betatorquevirus homini36	DNA	linear	2821		Homo sapiens	SAfiA-87-41	false	ncbi-genbank	1daa619614893c8fc15d510507d89075690343cce649aa75e79735d92e5903c2				
MN769796	MN769796.1	TTV-like mini virus	Betatorquevirus	Anelloviridae	Viruses; Floreoviria; Shotokuvirae; Commensaviricota; Cardeaviricetes; Sanitavirales; Anelloviridae; Betatorquevirus; Betatorquevirus homini36	DNA	linear	2824		Homo sapiens	SAfiA-87-42	false	ncbi-genbank	ec17ff316a3844aaf4c8199117bbd909770f9549d2eac14e3c7069f6fdc9946d				
MN769797	MN769797.1	TTV-like mini virus	Betatorquevirus	Anelloviridae	Viruses; Floreoviria; Shotokuvirae; Commensaviricota; Cardeaviricetes; Sanitavirales; Anelloviridae; Betatorquevirus; Betatorquevirus homini36	DNA	linear	2811		Homo sapiens	SAfiA-87-44	false	ncbi-genbank	9658c635f42fa6d3734ed5a3a20e458968148c99d583802ba5bd04bd907f1fc3				
MN769801	MN769801.1	TTV-like mini virus	Betatorquevirus	Anelloviridae	Viruses; Floreoviria; Shotokuvirae; Commensaviricota; Cardeaviricetes; Sanitavirales; Anelloviridae; Betatorquevirus; Betatorquevirus homini36	DNA	linear	2830		Homo sapiens	SAfiA-87-50	false	ncbi-genbank	54972ca4e03a6b2645ed33a8e24bcc58257b6a73809c99fe8019eae47a1877d4				
MN769802	MN769802.1	TTV-like mini virus	Betatorquevirus	Anelloviridae	Viruses; Floreoviria; Shotokuvirae; Commensaviricota; Cardeaviricetes; Sanitavirales; Anelloviridae; Betatorquevirus; Betatorquevirus homini36	DNA	linear	2971		Homo sapiens	SAfiA-879-6	false	ncbi-genbank	4d03af6cedaca96ae12fea656a0fd922e898f9888958528b898233c9a30dbe90				
MN769804	MN769804.1	TTV-like mini virus	Betatorquevirus	Anelloviridae	Viruses; Floreoviria; Shotokuvirae; Commensaviricota; Cardeaviricetes; Sanitavirales; Anelloviridae; Betatorquevirus; Betatorquevirus homini36	DNA	linear	2882		Homo sapiens	SAfiA-88-14	false	ncbi-genbank	0885a679eb0674be9ef39980c180ff07e90170acf6c2c1bf2c87a368b18fab21				
MN769805	MN769805.1	TTV-like mini virus	Betatorquevirus	Anelloviridae	Viruses; Floreoviria; Shotokuvirae; Commensaviricota; Cardeaviricetes; Sanitavirales; Anelloviridae; Betatorquevirus; Betatorquevirus homini36	DNA	linear	2871		Homo sapiens	SAfiA-88-21	false	ncbi-genbank	a623bf2a945b7d5ee9bfec356e5e2cd4f7ba7752dcfcb4ecabbd5c863c22f519				
MN769806	MN769806.1	TTV-like mini virus	Betatorquevirus	Anelloviridae	Viruses; Floreoviria; Shotokuvirae; Commensaviricota; Cardeaviricetes; Sanitavirales; Anelloviridae; Betatorquevirus; Betatorquevirus homini36	DNA	linear	2885		Homo sapiens	SAfiA-88-27	false	ncbi-genbank	32ee45513d71d78ac6fb5ae161b6548e69a6605c8fbaeff20389351ac977cdfe				
MN769809	MN769809.1	TTV-like mini virus	Betatorquevirus	Anelloviridae	Viruses; Floreoviria; Shotokuvirae; Commensaviricota; Cardeaviricetes; Sanitavirales; Anelloviridae; Betatorquevirus; Betatorquevirus homini36	DNA	linear	2783		Homo sapiens	SAfiA-88-33	false	ncbi-genbank	ac07875de14ee5a1be2165417053987438f1afac7fc0ad85418536bcb4b0ef22				
MN769810	MN769810.1	TTV-like mini virus	Betatorquevirus	Anelloviridae	Viruses; Floreoviria; Shotokuvirae; Commensaviricota; Cardeaviricetes; Sanitavirales; Anelloviridae; Betatorquevirus; Betatorquevirus homini36	DNA	linear	2851		Homo sapiens	SAfiA-886-8	false	ncbi-genbank	4dd24ec9d119a56d96c11623d223eab29030196f3e4451b607b429bf842a9248				
MN769816	MN769816.1	TTV-like mini virus	Betatorquevirus	Anelloviridae	Viruses; Floreoviria; Shotokuvirae; Commensaviricota; Cardeaviricetes; Sanitavirales; Anelloviridae; Betatorquevirus; Betatorquevirus homini36	DNA	linear	2814		Homo sapiens	SAfiA-896-3	false	ncbi-genbank	528f9d809b17f3fea4c8674630132550b0fe86688664afda04acd389094893bd				
MN769818	MN769818.1	TTV-like mini virus	Betatorquevirus	Anelloviridae	Viruses; Floreoviria; Shotokuvirae; Commensaviricota; Cardeaviricetes; Sanitavirales; Anelloviridae; Betatorquevirus; Betatorquevirus homini36	DNA	linear	2934		Homo sapiens	SAfiA-8A-24	false	ncbi-genbank	1c0a339cec83a713452ef09d928d655c9b6f7d42ddf1adead04a15978abe89fc				
MN769824	MN769824.1	TTV-like mini virus	Betatorquevirus	Anelloviridae	Viruses; Floreoviria; Shotokuvirae; Commensaviricota; Cardeaviricetes; Sanitavirales; Anelloviridae; Betatorquevirus; Betatorquevirus homini36	DNA	linear	2864		Homo sapiens	SAfiA-94-30	false	ncbi-genbank	4821f8e1754c57b766c9f25286a7f4626fec30eb24844040ccc6d38a1cf7fde2				
MN769828	MN769828.1	TTV-like mini virus	Betatorquevirus	Anelloviridae	Viruses; Floreoviria; Shotokuvirae; Commensaviricota; Cardeaviricetes; Sanitavirales; Anelloviridae; Betatorquevirus; Betatorquevirus homini36	DNA	linear	2949		Homo sapiens	SAfiA-98-14	false	ncbi-genbank	37cb79e492e52ecbfd36edfb8a7914c28829bb8974749bc80c0daae5a3840aa5				
MN769832	MN769832.1	TTV-like mini virus	Betatorquevirus	Anelloviridae	Viruses; Floreoviria; Shotokuvirae; Commensaviricota; Cardeaviricetes; Sanitavirales; Anelloviridae; Betatorquevirus; Betatorquevirus homini36	DNA	linear	2923		Homo sapiens	SAfiA-122-12	false	ncbi-genbank	d438307c18045d40e039d9a2c2570ce87b8cf1b3ffb3c4f95c66fb669976b985				
MN769836	MN769836.1	TTV-like mini virus	Betatorquevirus	Anelloviridae	Viruses; Floreoviria; Shotokuvirae; Commensaviricota; Cardeaviricetes; Sanitavirales; Anelloviridae; Betatorquevirus; Betatorquevirus homini36	DNA	linear	2903		Homo sapiens	SAfiA-388-3	false	ncbi-genbank	291fd21474d26e6c566b3d0458b91d7b9f0c0e7188e7aa31a6f02f25db909994				
MN769837	MN769837.1	TTV-like mini virus	Betatorquevirus	Anelloviridae	Viruses; Floreoviria; Shotokuvirae; Commensaviricota; Cardeaviricetes; Sanitavirales; Anelloviridae; Betatorquevirus; Betatorquevirus homini36	DNA	linear	2883		Homo sapiens	SAfiA-587-3	false	ncbi-genbank	7d2e30ed672c0c74b9afc7f3b8d39faf093ea9894d25a6611fbb8035efc29492				
MN769838	MN769838.1	TTV-like mini virus	Betatorquevirus	Anelloviridae	Viruses; Floreoviria; Shotokuvirae; Commensaviricota; Cardeaviricetes; Sanitavirales; Anelloviridae; Betatorquevirus; Betatorquevirus homini36	DNA	linear	2897		Homo sapiens	SAfiA-461-7	false	ncbi-genbank	aaf1ede1ce99c51ebe9f9c90dc8ae51645d6bf41ab2b3fa7b2405aeb8a092bf1				
MN769840	MN769840.1	TTV-like mini virus	Betatorquevirus	Anelloviridae	Viruses; Floreoviria; Shotokuvirae; Commensaviricota; Cardeaviricetes; Sanitavirales; Anelloviridae; Betatorquevirus; Betatorquevirus homini36	DNA	linear	2860		Homo sapiens	SAfiA-482-6	false	ncbi-genbank	50edc5e6507a69191118f860686471fd1af7d7344df9c08c08f2462e4c9cf581				
MN769842	MN769842.1	TTV-like mini virus	Betatorquevirus	Anelloviridae	Viruses; Floreoviria; Shotokuvirae; Commensaviricota; Cardeaviricetes; Sanitavirales; Anelloviridae; Betatorquevirus; Betatorquevirus homini36	DNA	linear	2895		Homo sapiens	SAfiA-488-8	false	ncbi-genbank	2e19b2f509bea40ce17c53780bf0810f8da9a83b95c11947b130769c3ee0e7ad				
MN769843	MN769843.1	TTV-like mini virus	Betatorquevirus	Anelloviridae	Viruses; Floreoviria; Shotokuvirae; Commensaviricota; Cardeaviricetes; Sanitavirales; Anelloviridae; Betatorquevirus; Betatorquevirus homini36	DNA	linear	2826		Homo sapiens	SAfiA-493-6	false	ncbi-genbank	17f29d7ff99e0b93714cb98e5d1cc2506b14995a89c721e6199a1aa50e558568				
MN769849	MN769849.1	TTV-like mini virus	Betatorquevirus	Anelloviridae	Viruses; Floreoviria; Shotokuvirae; Commensaviricota; Cardeaviricetes; Sanitavirales; Anelloviridae; Betatorquevirus; Betatorquevirus homini36	DNA	linear	2907		Homo sapiens	SAfiA-53-3	false	ncbi-genbank	5669da7c2ab632b19a8e8b7cb3f3a792986ed087ac3c7041b554fcb387f2102a				
MN769850	MN769850.1	TTV-like mini virus	Betatorquevirus	Anelloviridae	Viruses; Floreoviria; Shotokuvirae; Commensaviricota; Cardeaviricetes; Sanitavirales; Anelloviridae; Betatorquevirus; Betatorquevirus homini36	DNA	linear	2912		Homo sapiens	SAfiA-535-8	false	ncbi-genbank	c72044ab050d2c0e95d907650eb12d969c1b7d6de344f6733e310f4b440ea258				
MN769852	MN769852.1	TTV-like mini virus	Betatorquevirus	Anelloviridae	Viruses; Floreoviria; Shotokuvirae; Commensaviricota; Cardeaviricetes; Sanitavirales; Anelloviridae; Betatorquevirus; Betatorquevirus homini36	DNA	linear	2875		Homo sapiens	SAfiA-888-6	false	ncbi-genbank	8d6a5cc7474112748ce751121096d0f89f4dcf21881aa116ce5274fe8edfd624				
MN769853	MN769853.1	TTV-like mini virus	Betatorquevirus	Anelloviridae	Viruses; Floreoviria; Shotokuvirae; Commensaviricota; Cardeaviricetes; Sanitavirales; Anelloviridae; Betatorquevirus; Betatorquevirus homini36	DNA	linear	2853		Homo sapiens	SAfiA-92-20	false	ncbi-genbank	5fb92c057c64d5e141310885988ce79e21a842869f1b606aea7ef752c79bd1fc				
MN769854	MN769854.1	TTV-like mini virus	Betatorquevirus	Anelloviridae	Viruses; Floreoviria; Shotokuvirae; Commensaviricota; Cardeaviricetes; Sanitavirales; Anelloviridae; Betatorquevirus; Betatorquevirus homini36	DNA	linear	2863		Homo sapiens	SAfiA-10-15	false	ncbi-genbank	45832890492f2293792ae50db32cd7371872b6e204baa1c7f93d7243232acb20				
MN769855	MN769855.1	TTV-like mini virus	Betatorquevirus	Anelloviridae	Viruses; Floreoviria; Shotokuvirae; Commensaviricota; Cardeaviricetes; Sanitavirales; Anelloviridae; Betatorquevirus; Betatorquevirus homini36	DNA	linear	2858		Homo sapiens	SAfiA-102-49	false	ncbi-genbank	423655ecd765aae45bdd768bb7d7b34c7517d0a2f7638dfa9c1fc179a0c4ef1e				
MN769857	MN769857.1	TTV-like mini virus	Betatorquevirus	Anelloviridae	Viruses; Floreoviria; Shotokuvirae; Commensaviricota; Cardeaviricetes; Sanitavirales; Anelloviridae; Betatorquevirus; Betatorquevirus homini36	DNA	linear	2922		Homo sapiens	SAfiA-108-17	false	ncbi-genbank	d47945dc1eb4bceab3b136b874950cb04b36824a7e0005fb833d727e42d5b339				
MN769858	MN769858.1	TTV-like mini virus	Betatorquevirus	Anelloviridae	Viruses; Floreoviria; Shotokuvirae; Commensaviricota; Cardeaviricetes; Sanitavirales; Anelloviridae; Betatorquevirus; Betatorquevirus homini36	DNA	linear	2859		Homo sapiens	SAfiA-110-13	false	ncbi-genbank	f07a51272bc7308a438cbe27054d0271cb08e6d228b942279a91f5145703214c				
MN769859	MN769859.1	TTV-like mini virus	Betatorquevirus	Anelloviridae	Viruses; Floreoviria; Shotokuvirae; Commensaviricota; Cardeaviricetes; Sanitavirales; Anelloviridae; Betatorquevirus; Betatorquevirus homini36	DNA	linear	2959		Homo sapiens	SAfiA-11-21	false	ncbi-genbank	41500dee18f9f319fe6f4c16269329fe3bf75779d80df0ea65351fbf8b5ef919				
MN769860	MN769860.1	TTV-like mini virus	Betatorquevirus	Anelloviridae	Viruses; Floreoviria; Shotokuvirae; Commensaviricota; Cardeaviricetes; Sanitavirales; Anelloviridae; Betatorquevirus; Betatorquevirus homini36	DNA	linear	2862		Homo sapiens	SAfiA-11-27	false	ncbi-genbank	12eff0c543454c507594eecbaf9263806c2fb03a0baaa9ad22584491608f3263				
MN769862	MN769862.1	TTV-like mini virus	Betatorquevirus	Anelloviridae	Viruses; Floreoviria; Shotokuvirae; Commensaviricota; Cardeaviricetes; Sanitavirales; Anelloviridae; Betatorquevirus; Betatorquevirus homini36	DNA	linear	2911		Homo sapiens	SAfiA-123-19	false	ncbi-genbank	f425f4654ba9e61f1c4f17197130744d7824f0ebe808f8993c582ebe49842f04				
MN769863	MN769863.1	TTV-like mini virus	Betatorquevirus	Anelloviridae	Viruses; Floreoviria; Shotokuvirae; Commensaviricota; Cardeaviricetes; Sanitavirales; Anelloviridae; Betatorquevirus; Betatorquevirus homini36	DNA	linear	2896		Homo sapiens	SAfiA-123-22	false	ncbi-genbank	285ac07d5e041ee4778a8f3ad8580febf23e4a8dbf99f6245e56610602e5ad7a				
MN769864	MN769864.1	TTV-like mini virus	Betatorquevirus	Anelloviridae	Viruses; Floreoviria; Shotokuvirae; Commensaviricota; Cardeaviricetes; Sanitavirales; Anelloviridae; Betatorquevirus; Betatorquevirus homini36	DNA	linear	2934		Homo sapiens	SAfiA-124-17	false	ncbi-genbank	8204108b53bd0ac46b0e7993c64ccceb485f2d8cae15c35c549d18f2f702cc01				
MN769867	MN769867.1	TTV-like mini virus	Betatorquevirus	Anelloviridae	Viruses; Floreoviria; Shotokuvirae; Commensaviricota; Cardeaviricetes; Sanitavirales; Anelloviridae; Betatorquevirus; Betatorquevirus homini36	DNA	linear	2949		Homo sapiens	SAfiA-125-12	false	ncbi-genbank	ac60cd8e0d42eca764f09c0e47676fe4473b2e75a26a4420c0441b4ccc1fce8b				
MN769870	MN769870.1	TTV-like mini virus	Betatorquevirus	Anelloviridae	Viruses; Floreoviria; Shotokuvirae; Commensaviricota; Cardeaviricetes; Sanitavirales; Anelloviridae; Betatorquevirus; Betatorquevirus homini36	DNA	linear	2870		Homo sapiens	SAfiA-225-8	false	ncbi-genbank	9c49ddd19b1f72e3b45f544a9ff2d93d029a286d8c6cfe718bb152128e0b805e				
MN769872	MN769872.1	TTV-like mini virus	Betatorquevirus	Anelloviridae	Viruses; Floreoviria; Shotokuvirae; Commensaviricota; Cardeaviricetes; Sanitavirales; Anelloviridae; Betatorquevirus; Betatorquevirus homini36	DNA	linear	2951		Homo sapiens	SAfiA-232-16	false	ncbi-genbank	bbcbc3e447d9aadfbd0dccd28ea8b75ed9d8c65d614825749f392b582a55d0e9				
MN769874	MN769874.1	TTV-like mini virus	Betatorquevirus	Anelloviridae	Viruses; Floreoviria; Shotokuvirae; Commensaviricota; Cardeaviricetes; Sanitavirales; Anelloviridae; Betatorquevirus; Betatorquevirus homini36	DNA	linear	2905		Homo sapiens	SAfiA-241-22	false	ncbi-genbank	1feae4d1599049bab9cb0c594ba5fd79e42a9292374ce56bd093a50b6a4ef3de				
MN769876	MN769876.1	TTV-like mini virus	Betatorquevirus	Anelloviridae	Viruses; Floreoviria; Shotokuvirae; Commensaviricota; Cardeaviricetes; Sanitavirales; Anelloviridae; Betatorquevirus; Betatorquevirus homini36	DNA	linear	2907		Homo sapiens	SAfiA-245-10	false	ncbi-genbank	398da6e39495adc210121fc78943f2ce1a72f4724ebc6f6fbb166ad2f36f9459				
MN769881	MN769881.1	TTV-like mini virus	Betatorquevirus	Anelloviridae	Viruses; Floreoviria; Shotokuvirae; Commensaviricota; Cardeaviricetes; Sanitavirales; Anelloviridae; Betatorquevirus; Betatorquevirus homini36	DNA	linear	2922		Homo sapiens	SAfiA-254-19	false	ncbi-genbank	2fcd1107aa0ac25da783bb700842f86850cd5b61e1f5379bf2a7fd5a2146cb02				
MN769882	MN769882.1	TTV-like mini virus	Betatorquevirus	Anelloviridae	Viruses; Floreoviria; Shotokuvirae; Commensaviricota; Cardeaviricetes; Sanitavirales; Anelloviridae; Betatorquevirus; Betatorquevirus homini36	DNA	linear	2973		Homo sapiens	SAfiA-260-3	false	ncbi-genbank	767224e338f03902301a26e3635a301193fd9ca46678c70a07b909d45212b64c				
MN769886	MN769886.1	TTV-like mini virus	Betatorquevirus	Anelloviridae	Viruses; Floreoviria; Shotokuvirae; Commensaviricota; Cardeaviricetes; Sanitavirales; Anelloviridae; Betatorquevirus; Betatorquevirus homini36	DNA	linear	2840		Homo sapiens	SAfiA-275-54	false	ncbi-genbank	30d46fd8634b763add8b8ad1f834f7a90cf9d773a4176b047b3c9f22ab09443d				
MN769887	MN769887.1	TTV-like mini virus	Betatorquevirus	Anelloviridae	Viruses; Floreoviria; Shotokuvirae; Commensaviricota; Cardeaviricetes; Sanitavirales; Anelloviridae; Betatorquevirus; Betatorquevirus homini36	DNA	linear	2869		Homo sapiens	SAfiA-279-7	false	ncbi-genbank	1049d5eff1996e622ebef7e9245b5f7e98054444bef3f592e87cb2efee2009fb				
MN769888	MN769888.1	TTV-like mini virus	Betatorquevirus	Anelloviridae	Viruses; Floreoviria; Shotokuvirae; Commensaviricota; Cardeaviricetes; Sanitavirales; Anelloviridae; Betatorquevirus; Betatorquevirus homini36	DNA	linear	2983		Homo sapiens	SAfiA-297-86	false	ncbi-genbank	7c94e1c47e813ee3286446f5845fc8692639e103f959b7af42bf437ffd4ae4b0				
MN769890	MN769890.1	TTV-like mini virus	Betatorquevirus	Anelloviridae	Viruses; Floreoviria; Shotokuvirae; Commensaviricota; Cardeaviricetes; Sanitavirales; Anelloviridae; Betatorquevirus; Betatorquevirus homini36	DNA	linear	2909		Homo sapiens	SAfiA-297-96	false	ncbi-genbank	e37ef9af89a72f338cd06794be3dc6710e9939a0f16c240ca9aa6036eb2bac41				
MN769891	MN769891.1	TTV-like mini virus	Betatorquevirus	Anelloviridae	Viruses; Floreoviria; Shotokuvirae; Commensaviricota; Cardeaviricetes; Sanitavirales; Anelloviridae; Betatorquevirus; Betatorquevirus homini36	DNA	linear	2900		Homo sapiens	SAfiA-298-13	false	ncbi-genbank	442d94308a0c8fe9393a1bfbd7e9e50e64088c5ca2dd79b20bf5db7afc3ea121				
MN769897	MN769897.1	TTV-like mini virus	Betatorquevirus	Anelloviridae	Viruses; Floreoviria; Shotokuvirae; Commensaviricota; Cardeaviricetes; Sanitavirales; Anelloviridae; Betatorquevirus; Betatorquevirus homini36	DNA	linear	2858		Homo sapiens	SAfiA-316-27	false	ncbi-genbank	3a96201a0bac433268cc1cf20716c1d573d79af704189fa00786233b3844d6dd				
MN769900	MN769900.1	TTV-like mini virus	Betatorquevirus	Anelloviridae	Viruses; Floreoviria; Shotokuvirae; Commensaviricota; Cardeaviricetes; Sanitavirales; Anelloviridae; Betatorquevirus; Betatorquevirus homini36	DNA	linear	2922		Homo sapiens	SAfiA-329-3	false	ncbi-genbank	b40d68201b3a47560b286fe43b210a99296b6163294bf52d42c928e47edd783b				
MN769901	MN769901.1	TTV-like mini virus	Betatorquevirus	Anelloviridae	Viruses; Floreoviria; Shotokuvirae; Commensaviricota; Cardeaviricetes; Sanitavirales; Anelloviridae; Betatorquevirus; Betatorquevirus homini36	DNA	linear	2875		Homo sapiens	SAfiA-335-4	false	ncbi-genbank	c26907f028f4ae40ca23c02555b498dc4927a6de79a8308525bab7e513221712				
MN769903	MN769903.1	TTV-like mini virus	Betatorquevirus	Anelloviridae	Viruses; Floreoviria; Shotokuvirae; Commensaviricota; Cardeaviricetes; Sanitavirales; Anelloviridae; Betatorquevirus; Betatorquevirus homini36	DNA	linear	2980		Homo sapiens	SAfiA-346-12	false	ncbi-genbank	352b50a59c642e0d334748fd5b82207055f401be6aa1def08b760d043288458b				
MN769904	MN769904.1	TTV-like mini virus	Betatorquevirus	Anelloviridae	Viruses; Floreoviria; Shotokuvirae; Commensaviricota; Cardeaviricetes; Sanitavirales; Anelloviridae; Betatorquevirus; Betatorquevirus homini36	DNA	linear	2932		Homo sapiens	SAfiA-346-15	false	ncbi-genbank	a3f692abab3d5e0ff8c655675791dd2066828f42f7b84da7c3afc36c5baf64f9				
MN769905	MN769905.1	TTV-like mini virus	Betatorquevirus	Anelloviridae	Viruses; Floreoviria; Shotokuvirae; Commensaviricota; Cardeaviricetes; Sanitavirales; Anelloviridae; Betatorquevirus; Betatorquevirus homini36	DNA	linear	2892		Homo sapiens	SAfiA-346-26	false	ncbi-genbank	3e9a90a6c909de975fcdb8f820ae0a8fcd1bc0727e81031ab326bf0e75295af0				
MN769910	MN769910.1	TTV-like mini virus	Betatorquevirus	Anelloviridae	Viruses; Floreoviria; Shotokuvirae; Commensaviricota; Cardeaviricetes; Sanitavirales; Anelloviridae; Betatorquevirus; Betatorquevirus homini36	DNA	linear	2897		Homo sapiens	SAfiA-349-30	false	ncbi-genbank	062e9adbbd7e375d55c187e16e0c8d762b7527ed68d34621cef8e00260dc5399				
MN769911	MN769911.1	TTV-like mini virus	Betatorquevirus	Anelloviridae	Viruses; Floreoviria; Shotokuvirae; Commensaviricota; Cardeaviricetes; Sanitavirales; Anelloviridae; Betatorquevirus; Betatorquevirus homini36	DNA	linear	2922		Homo sapiens	SAfiA-349-34	false	ncbi-genbank	221989b2b3f688ab8b586e1591f19ffa664011ccbd37cafdeec8e7c4e5289d08				
MN769914	MN769914.1	TTV-like mini virus	Betatorquevirus	Anelloviridae	Viruses; Floreoviria; Shotokuvirae; Commensaviricota; Cardeaviricetes; Sanitavirales; Anelloviridae; Betatorquevirus; Betatorquevirus homini36	DNA	linear	2939		Homo sapiens	SAfiA-35-17	false	ncbi-genbank	53186c43920194c8a95ec95100f771ff573d8e6f4c4e6a452361555d73bec659				
MN769917	MN769917.1	TTV-like mini virus	Betatorquevirus	Anelloviridae	Viruses; Floreoviria; Shotokuvirae; Commensaviricota; Cardeaviricetes; Sanitavirales; Anelloviridae; Betatorquevirus; Betatorquevirus homini36	DNA	linear	2933		Homo sapiens	SAfiA-35-26	false	ncbi-genbank	55307f0ac49e5dd26f666c03a149f94a8a24c048069cf860baef4c96519b2576				
MN769918	MN769918.1	TTV-like mini virus	Betatorquevirus	Anelloviridae	Viruses; Floreoviria; Shotokuvirae; Commensaviricota; Cardeaviricetes; Sanitavirales; Anelloviridae; Betatorquevirus; Betatorquevirus homini36	DNA	linear	2909		Homo sapiens	SAfiA-353-26	false	ncbi-genbank	aed07be434f29d2569b034e3a3a664f15f87ed000b9c1c1d3666195d0d8cd366				
MN769921	MN769921.1	TTV-like mini virus	Betatorquevirus	Anelloviridae	Viruses; Floreoviria; Shotokuvirae; Commensaviricota; Cardeaviricetes; Sanitavirales; Anelloviridae; Betatorquevirus; Betatorquevirus homini36	DNA	linear	2902		Homo sapiens	SAfiA-366-10	false	ncbi-genbank	0dac0611202eb6da01a51608c5033bde0d4524fec515a2b613af0418df2fdcc6				
MN769923	MN769923.1	TTV-like mini virus	Betatorquevirus	Anelloviridae	Viruses; Floreoviria; Shotokuvirae; Commensaviricota; Cardeaviricetes; Sanitavirales; Anelloviridae; Betatorquevirus; Betatorquevirus homini36	DNA	linear	2865		Homo sapiens	SAfiA-380-35	false	ncbi-genbank	02b144d31fa20b12655f5cd60968160542369e059726b4bcc89cd67465d58ca5				
MN769924	MN769924.1	TTV-like mini virus	Betatorquevirus	Anelloviridae	Viruses; Floreoviria; Shotokuvirae; Commensaviricota; Cardeaviricetes; Sanitavirales; Anelloviridae; Betatorquevirus; Betatorquevirus homini36	DNA	linear	2724		Homo sapiens	SAfiA-388-159	false	ncbi-genbank	6a8c2dce347c5e45b852b0600fa5ede3322c608135830fee7ce84b8619d1225a				
MN769925	MN769925.1	TTV-like mini virus	Betatorquevirus	Anelloviridae	Viruses; Floreoviria; Shotokuvirae; Commensaviricota; Cardeaviricetes; Sanitavirales; Anelloviridae; Betatorquevirus; Betatorquevirus homini36	DNA	linear	2931		Homo sapiens	SAfiA-388-21	false	ncbi-genbank	c5c30a2e0d6287dbd00766f262876f43cad5fffb126f87f51ec9d06aa6672d63				
MN769926	MN769926.1	TTV-like mini virus	Betatorquevirus	Anelloviridae	Viruses; Floreoviria; Shotokuvirae; Commensaviricota; Cardeaviricetes; Sanitavirales; Anelloviridae; Betatorquevirus; Betatorquevirus homini36	DNA	linear	2928		Homo sapiens	SAfiA-388-29	false	ncbi-genbank	08c8488549db7f59973b0ae044348319550df0bbd133394b6580985f7c15a7d3				
MN769927	MN769927.1	TTV-like mini virus	Betatorquevirus	Anelloviridae	Viruses; Floreoviria; Shotokuvirae; Commensaviricota; Cardeaviricetes; Sanitavirales; Anelloviridae; Betatorquevirus; Betatorquevirus homini36	DNA	linear	2951		Homo sapiens	SAfiA-388-33	false	ncbi-genbank	d2fc7b25aa225fcbd05a6036d9c8077c6fca2f4d8139c66a0be81369a0905653				
MN769928	MN769928.1	TTV-like mini virus	Betatorquevirus	Anelloviridae	Viruses; Floreoviria; Shotokuvirae; Commensaviricota; Cardeaviricetes; Sanitavirales; Anelloviridae; Betatorquevirus; Betatorquevirus homini36	DNA	linear	2908		Homo sapiens	SAfiA-388-38	false	ncbi-genbank	83a2d0e00b7386d9950b04f905b4a23eb096c17ff2c2ba3a17ebcfc20857db67				
MN769930	MN769930.1	TTV-like mini virus	Betatorquevirus	Anelloviridae	Viruses; Floreoviria; Shotokuvirae; Commensaviricota; Cardeaviricetes; Sanitavirales; Anelloviridae; Betatorquevirus; Betatorquevirus homini36	DNA	linear	2891		Homo sapiens	SAfiA-388-53	false	ncbi-genbank	6e311772c0ff25b38936cc14a2cddece4ca9cf0275aca73dc815fb3835a90fe7				
MN769931	MN769931.1	TTV-like mini virus	Betatorquevirus	Anelloviridae	Viruses; Floreoviria; Shotokuvirae; Commensaviricota; Cardeaviricetes; Sanitavirales; Anelloviridae; Betatorquevirus; Betatorquevirus homini36	DNA	linear	2875		Homo sapiens	SAfiA-388-65	false	ncbi-genbank	3f4bc61f9dbaeeda757a751e35ebd2baf73a397ed26873a565032fa4f145e72f				
MN769939	MN769939.1	TTV-like mini virus	Betatorquevirus	Anelloviridae	Viruses; Floreoviria; Shotokuvirae; Commensaviricota; Cardeaviricetes; Sanitavirales; Anelloviridae; Betatorquevirus; Betatorquevirus homini36	DNA	linear	2950		Homo sapiens	SAfiA-413-3	false	ncbi-genbank	9650935066cefa199980b04f535dafabf8ccc91adcbb7382fd2f6d1e8ff91c66				
MN769940	MN769940.1	TTV-like mini virus	Betatorquevirus	Anelloviridae	Viruses; Floreoviria; Shotokuvirae; Commensaviricota; Cardeaviricetes; Sanitavirales; Anelloviridae; Betatorquevirus; Betatorquevirus homini36	DNA	linear	2895		Homo sapiens	SAfiA-414-14	false	ncbi-genbank	37521f483ad33ac6a7a80ad5971025360674606ee960cd583d4656d1fefd5914				
MN769945	MN769945.1	TTV-like mini virus	Betatorquevirus	Anelloviridae	Viruses; Floreoviria; Shotokuvirae; Commensaviricota; Cardeaviricetes; Sanitavirales; Anelloviridae; Betatorquevirus; Betatorquevirus homini36	DNA	linear	2836		Homo sapiens	SAfiA-552-28	false	ncbi-genbank	77f00749ee2efde61ea0c43209bc08d69423e04f6dd81efc101bc083facada5b				
MN769949	MN769949.1	TTV-like mini virus	Betatorquevirus	Anelloviridae	Viruses; Floreoviria; Shotokuvirae; Commensaviricota; Cardeaviricetes; Sanitavirales; Anelloviridae; Betatorquevirus; Betatorquevirus homini36	DNA	linear	2933		Homo sapiens	SAfiA-565-9	false	ncbi-genbank	01a0762de0ece43e92d971eb002e20052b7251497d41506b8f33abe762d00448				
MN769950	MN769950.1	TTV-like mini virus	Betatorquevirus	Anelloviridae	Viruses; Floreoviria; Shotokuvirae; Commensaviricota; Cardeaviricetes; Sanitavirales; Anelloviridae; Betatorquevirus; Betatorquevirus homini36	DNA	linear	2920		Homo sapiens	SAfiA-567-20	false	ncbi-genbank	b6310cb645c5b16cc78c5fbe6f9e6ea736f58a7b183f0fabde1d162eca92f8e6				
MN769951	MN769951.1	TTV-like mini virus	Betatorquevirus	Anelloviridae	Viruses; Floreoviria; Shotokuvirae; Commensaviricota; Cardeaviricetes; Sanitavirales; Anelloviridae; Betatorquevirus; Betatorquevirus homini36	DNA	linear	2933		Homo sapiens	SAfiA-569-3	false	ncbi-genbank	885d0c976e24fddeb28a6ee5459409f123156105717d8769ec8d7b0c3e672efb				
MN769954	MN769954.1	TTV-like mini virus	Betatorquevirus	Anelloviridae	Viruses; Floreoviria; Shotokuvirae; Commensaviricota; Cardeaviricetes; Sanitavirales; Anelloviridae; Betatorquevirus; Betatorquevirus homini36	DNA	linear	2861		Homo sapiens	SAfiA-57-29	false	ncbi-genbank	e6bf0a735479fc6a3be19e022b56f9bb2f23d60178efb2cc74515871d4617ba5				
MN769958	MN769958.1	TTV-like mini virus	Betatorquevirus	Anelloviridae	Viruses; Floreoviria; Shotokuvirae; Commensaviricota; Cardeaviricetes; Sanitavirales; Anelloviridae; Betatorquevirus; Betatorquevirus homini36	DNA	linear	2905		Homo sapiens	SAfiA-574-15	false	ncbi-genbank	675577f2b6cf20fdac8f6b004425cfa6e2747b77dd6bdc16ca4ce39dcaf5551c				
MN769962	MN769962.1	TTV-like mini virus	Betatorquevirus	Anelloviridae	Viruses; Floreoviria; Shotokuvirae; Commensaviricota; Cardeaviricetes; Sanitavirales; Anelloviridae; Betatorquevirus; Betatorquevirus homini36	DNA	linear	2905		Homo sapiens	SAfiA-577-114	false	ncbi-genbank	171d0709e214f4e82bf2fd1997040a23d12210e93d469d398e19a305cd0ab49d				
MN769966	MN769966.1	TTV-like mini virus	Betatorquevirus	Anelloviridae	Viruses; Floreoviria; Shotokuvirae; Commensaviricota; Cardeaviricetes; Sanitavirales; Anelloviridae; Betatorquevirus; Betatorquevirus homini36	DNA	linear	2976		Homo sapiens	SAfiA-587-20	false	ncbi-genbank	d018250a62224f73ff0e4328ea87538402a0ce9dde49034c58472868af406361				
MN769967	MN769967.1	TTV-like mini virus	Betatorquevirus	Anelloviridae	Viruses; Floreoviria; Shotokuvirae; Commensaviricota; Cardeaviricetes; Sanitavirales; Anelloviridae; Betatorquevirus; Betatorquevirus homini36	DNA	linear	2941		Homo sapiens	SAfiA-587-27	false	ncbi-genbank	746fb6371838e561cde5cc235d44ed70ccdb36edc16b33663b552af70378e8f9				
MN769968	MN769968.1	TTV-like mini virus	Betatorquevirus	Anelloviridae	Viruses; Floreoviria; Shotokuvirae; Commensaviricota; Cardeaviricetes; Sanitavirales; Anelloviridae; Betatorquevirus; Betatorquevirus homini36	DNA	linear	2962		Homo sapiens	SAfiA-587-30	false	ncbi-genbank	dad8fb795ea1bf598a3ea862fecb1300a05abf662cda67564126336f525cd253				
MN769969	MN769969.1	TTV-like mini virus	Betatorquevirus	Anelloviridae	Viruses; Floreoviria; Shotokuvirae; Commensaviricota; Cardeaviricetes; Sanitavirales; Anelloviridae; Betatorquevirus; Betatorquevirus homini36	DNA	linear	2885		Homo sapiens	SAfiA-587-83	false	ncbi-genbank	d6dd5de4b918af2a0f5cd009bb5907da52ee1c2e2f73bee19429daee5832dca8				
MN769971	MN769971.1	TTV-like mini virus	Betatorquevirus	Anelloviridae	Viruses; Floreoviria; Shotokuvirae; Commensaviricota; Cardeaviricetes; Sanitavirales; Anelloviridae; Betatorquevirus; Betatorquevirus homini36	DNA	linear	2812		Homo sapiens	SAfiA-587-92	false	ncbi-genbank	58cc3453a6b904c85547d03af3b0272179467bcd9a7ef77ee608e1b678074587				
MN769972	MN769972.1	TTV-like mini virus	Betatorquevirus	Anelloviridae	Viruses; Floreoviria; Shotokuvirae; Commensaviricota; Cardeaviricetes; Sanitavirales; Anelloviridae; Betatorquevirus; Betatorquevirus homini36	DNA	linear	2913		Homo sapiens	SAfiA-590-36	false	ncbi-genbank	ec06bc0c5b27c235d0728568bb9ec451af8a61013e19c702ba02480950321a05				
MN769973	MN769973.1	TTV-like mini virus	Betatorquevirus	Anelloviridae	Viruses; Floreoviria; Shotokuvirae; Commensaviricota; Cardeaviricetes; Sanitavirales; Anelloviridae; Betatorquevirus; Betatorquevirus homini36	DNA	linear	2903		Homo sapiens	SAfiA-590-39	false	ncbi-genbank	6dc4bbe9449a7836220a51d664cdf63656f80ed0aab61f4ac5978b42a9e886cb				
MN769974	MN769974.1	TTV-like mini virus	Betatorquevirus	Anelloviridae	Viruses; Floreoviria; Shotokuvirae; Commensaviricota; Cardeaviricetes; Sanitavirales; Anelloviridae; Betatorquevirus; Betatorquevirus homini36	DNA	linear	2891		Homo sapiens	SAfiA-590-52	false	ncbi-genbank	bef011344f247dc8b8918b3169bfcb1cc53e4854034e2795d281283e5c8a2692				
MN769976	MN769976.1	TTV-like mini virus	Betatorquevirus	Anelloviridae	Viruses; Floreoviria; Shotokuvirae; Commensaviricota; Cardeaviricetes; Sanitavirales; Anelloviridae; Betatorquevirus; Betatorquevirus homini36	DNA	linear	2782		Homo sapiens	SAfiA-590-95	false	ncbi-genbank	cae92713476688f6dbc46614dd7c2a055a23d6772b93db5adb57a5f539424027				
MN769977	MN769977.1	TTV-like mini virus	Betatorquevirus	Anelloviridae	Viruses; Floreoviria; Shotokuvirae; Commensaviricota; Cardeaviricetes; Sanitavirales; Anelloviridae; Betatorquevirus; Betatorquevirus homini36	DNA	linear	2977		Homo sapiens	SAfiA-594-62	false	ncbi-genbank	2e539177bf33f0a3d36986a6db0cd132d78876b9b2b4ff895cbe95fcc42b9c13				
MN769978	MN769978.1	TTV-like mini virus	Betatorquevirus	Anelloviridae	Viruses; Floreoviria; Shotokuvirae; Commensaviricota; Cardeaviricetes; Sanitavirales; Anelloviridae; Betatorquevirus; Betatorquevirus homini36	DNA	linear	2918		Homo sapiens	SAfiA-595-15	false	ncbi-genbank	65b563123e5200a6394e7154788ef10ab5fa534960fd40b956975caf99aefb90				
MN769981	MN769981.1	TTV-like mini virus	Betatorquevirus	Anelloviridae	Viruses; Floreoviria; Shotokuvirae; Commensaviricota; Cardeaviricetes; Sanitavirales; Anelloviridae; Betatorquevirus; Betatorquevirus homini36	DNA	linear	2905		Homo sapiens	SAfiA-604-12	false	ncbi-genbank	06cbb95ee70e82ef886a375596675863f9b17b3ed1739712492c857bba1efcef				
MN769983	MN769983.1	TTV-like mini virus	Betatorquevirus	Anelloviridae	Viruses; Floreoviria; Shotokuvirae; Commensaviricota; Cardeaviricetes; Sanitavirales; Anelloviridae; Betatorquevirus; Betatorquevirus homini36	DNA	linear	2928		Homo sapiens	SAfiA-61-5	false	ncbi-genbank	616d0509fe80f3c94f49e843a5d1a3810cb0381fbc5e211c9a1e41e4eb4cfefe				
MN769985	MN769985.1	TTV-like mini virus	Betatorquevirus	Anelloviridae	Viruses; Floreoviria; Shotokuvirae; Commensaviricota; Cardeaviricetes; Sanitavirales; Anelloviridae; Betatorquevirus; Betatorquevirus homini36	DNA	linear	3040		Homo sapiens	SAfiA-616-5	false	ncbi-genbank	eea6966c3e9d6ef8055470ced9f1efbcde2109bbcfd2e01d6c1cba1fb042c899				
MN769991	MN769991.1	TTV-like mini virus	Betatorquevirus	Anelloviridae	Viruses; Floreoviria; Shotokuvirae; Commensaviricota; Cardeaviricetes; Sanitavirales; Anelloviridae; Betatorquevirus; Betatorquevirus homini36	DNA	linear	2902		Homo sapiens	SAfiA-647-7	false	ncbi-genbank	732995b320ce8554bfa5bc872c99c7a8f8e9f11fb45361d2edaff0e3e29bd428				
MN769993	MN769993.1	TTV-like mini virus	Betatorquevirus	Anelloviridae	Viruses; Floreoviria; Shotokuvirae; Commensaviricota; Cardeaviricetes; Sanitavirales; Anelloviridae; Betatorquevirus; Betatorquevirus homini36	DNA	linear	2897		Homo sapiens	SAfiA-651-19	false	ncbi-genbank	6d325bbc29dcfdb71ae200624e6836a23b0c2b11945d0815a777513c5ae41994				
MN769994	MN769994.1	TTV-like mini virus	Betatorquevirus	Anelloviridae	Viruses; Floreoviria; Shotokuvirae; Commensaviricota; Cardeaviricetes; Sanitavirales; Anelloviridae; Betatorquevirus; Betatorquevirus homini36	DNA	linear	2974		Homo sapiens	SAfiA-658-3	false	ncbi-genbank	72094175785f7b252f1b7537f13093327b20fd9fb3b1f79f311f0967134e8d1b				
MN769997	MN769997.1	TTV-like mini virus	Betatorquevirus	Anelloviridae	Viruses; Floreoviria; Shotokuvirae; Commensaviricota; Cardeaviricetes; Sanitavirales; Anelloviridae; Betatorquevirus; Betatorquevirus homini36	DNA	linear	2824		Homo sapiens	SAfiA-674-8	false	ncbi-genbank	bd785934fc291e52f40ca558d377fa6894a76918bb14efdf42a327f0977408e5				
MN769998	MN769998.1	TTV-like mini virus	Betatorquevirus	Anelloviridae	Viruses; Floreoviria; Shotokuvirae; Commensaviricota; Cardeaviricetes; Sanitavirales; Anelloviridae; Betatorquevirus; Betatorquevirus homini36	DNA	linear	2952		Homo sapiens	SAfiA-680-3	false	ncbi-genbank	944bc17be9e98d0b752a5a52ed4cda23c3f9b7d635a7a582671f975098891943				
MN770002	MN770002.1	TTV-like mini virus	Betatorquevirus	Anelloviridae	Viruses; Floreoviria; Shotokuvirae; Commensaviricota; Cardeaviricetes; Sanitavirales; Anelloviridae; Betatorquevirus; Betatorquevirus homini36	DNA	linear	2929		Homo sapiens	SAfiA-71-12	false	ncbi-genbank	e1ce390bc44c575b826de290652eebb47a867c9196ebe2030134a7df7edd4041				
MN770005	MN770005.1	TTV-like mini virus	Betatorquevirus	Anelloviridae	Viruses; Floreoviria; Shotokuvirae; Commensaviricota; Cardeaviricetes; Sanitavirales; Anelloviridae; Betatorquevirus; Betatorquevirus homini36	DNA	linear	2825		Homo sapiens	SAfiA-75-298	false	ncbi-genbank	bb199f24f9f8f2de335e5a177bf439de32883c287cc3c5ebaa610c0d278f6643				
MN770009	MN770009.1	TTV-like mini virus	Betatorquevirus	Anelloviridae	Viruses; Floreoviria; Shotokuvirae; Commensaviricota; Cardeaviricetes; Sanitavirales; Anelloviridae; Betatorquevirus; Betatorquevirus homini36	DNA	linear	2889		Homo sapiens	SAfiA-766-283	false	ncbi-genbank	2e3154b1473c5cddfe6726681bd21f93da01027dc1f25a7bb5487bd206c06b64				
MN770011	MN770011.1	TTV-like mini virus	Betatorquevirus	Anelloviridae	Viruses; Floreoviria; Shotokuvirae; Commensaviricota; Cardeaviricetes; Sanitavirales; Anelloviridae; Betatorquevirus; Betatorquevirus homini36	DNA	linear	2938		Homo sapiens	SAfiA-774-154	false	ncbi-genbank	d39447082827ad05bc8df8e196d481e5e2a2535e063aaf535a7946eb33575270				
MN770015	MN770015.1	TTV-like mini virus	Betatorquevirus	Anelloviridae	Viruses; Floreoviria; Shotokuvirae; Commensaviricota; Cardeaviricetes; Sanitavirales; Anelloviridae; Betatorquevirus; Betatorquevirus homini36	DNA	linear	2858		Homo sapiens	SAfiA-795-16	false	ncbi-genbank	f9859dcba82e8258336757908258c0f3014dd31dd05511ccc125e1d28680ef7f				
MN770017	MN770017.1	TTV-like mini virus	Betatorquevirus	Anelloviridae	Viruses; Floreoviria; Shotokuvirae; Commensaviricota; Cardeaviricetes; Sanitavirales; Anelloviridae; Betatorquevirus; Betatorquevirus homini36	DNA	linear	2876		Homo sapiens	SAfiA-813-453	false	ncbi-genbank	c591430aba79e50006ca5135048b515bb925a076e1a02537d1f355a0b269f73c				
MN770019	MN770019.1	TTV-like mini virus	Betatorquevirus	Anelloviridae	Viruses; Floreoviria; Shotokuvirae; Commensaviricota; Cardeaviricetes; Sanitavirales; Anelloviridae; Betatorquevirus; Betatorquevirus homini36	DNA	linear	2905		Homo sapiens	SAfiA-833-13	false	ncbi-genbank	8854b3fcb09f8ea7c7ee75b9429b4bdb7328d8dafab9a176594e9b381296fa17				
MN770024	MN770024.1	TTV-like mini virus	Betatorquevirus	Anelloviridae	Viruses; Floreoviria; Shotokuvirae; Commensaviricota; Cardeaviricetes; Sanitavirales; Anelloviridae; Betatorquevirus; Betatorquevirus homini36	DNA	linear	2889		Homo sapiens	SAfiA-857-191	false	ncbi-genbank	18edf9a150546dd44a5367a4f1bea67b0c0ad8f5c64ecf9d0f77b603bb755cbb				
MN770026	MN770026.1	TTV-like mini virus	Betatorquevirus	Anelloviridae	Viruses; Floreoviria; Shotokuvirae; Commensaviricota; Cardeaviricetes; Sanitavirales; Anelloviridae; Betatorquevirus; Betatorquevirus homini36	DNA	linear	2874		Homo sapiens	SAfiA-861-163	false	ncbi-genbank	5ee71165889bd819eb61e6d97d8a70d86ee39189652efb395c8bf189881df352				
MN770028	MN770028.1	TTV-like mini virus	Betatorquevirus	Anelloviridae	Viruses; Floreoviria; Shotokuvirae; Commensaviricota; Cardeaviricetes; Sanitavirales; Anelloviridae; Betatorquevirus; Betatorquevirus homini36	DNA	linear	2849		Homo sapiens	SAfiA-87-35	false	ncbi-genbank	ab52eb33ed3596b01a7f5bb20abb01548f75bcecfb146737730e919cd0a3724e				
MN770030	MN770030.1	TTV-like mini virus	Betatorquevirus	Anelloviridae	Viruses; Floreoviria; Shotokuvirae; Commensaviricota; Cardeaviricetes; Sanitavirales; Anelloviridae; Betatorquevirus; Betatorquevirus homini36	DNA	linear	2987		Homo sapiens	SAfiA-102-43	false	ncbi-genbank	7d647c557eabf486db7586dadc458109e43afb167ecf73153ba269803da34d6b				
MN770031	MN770031.1	TTV-like mini virus	Betatorquevirus	Anelloviridae	Viruses; Floreoviria; Shotokuvirae; Commensaviricota; Cardeaviricetes; Sanitavirales; Anelloviridae; Betatorquevirus; Betatorquevirus homini36	DNA	linear	2838		Homo sapiens	SAfiA-113-25	false	ncbi-genbank	930e3efdfb1390e2b4f99846653afd3e83403dd7a198750da8c4555c27639a54				
MN770034	MN770034.1	TTV-like mini virus	Betatorquevirus	Anelloviridae	Viruses; Floreoviria; Shotokuvirae; Commensaviricota; Cardeaviricetes; Sanitavirales; Anelloviridae; Betatorquevirus; Betatorquevirus homini36	DNA	linear	2802		Homo sapiens	SAfiA-121-16	false	ncbi-genbank	8d6b1a25c2ca531d1c7d53067ce79976f7a9cdad872549cdcd7e3b2a361c46f0				
MN770036	MN770036.1	TTV-like mini virus	Betatorquevirus	Anelloviridae	Viruses; Floreoviria; Shotokuvirae; Commensaviricota; Cardeaviricetes; Sanitavirales; Anelloviridae; Betatorquevirus; Betatorquevirus homini36	DNA	linear	2963		Homo sapiens	SAfiA-224-13	false	ncbi-genbank	e427afbb0c06390e971519f01e13fbf9a3a8f0175562b907008769a16699f1f1				
MN770037	MN770037.1	TTV-like mini virus	Betatorquevirus	Anelloviridae	Viruses; Floreoviria; Shotokuvirae; Commensaviricota; Cardeaviricetes; Sanitavirales; Anelloviridae; Betatorquevirus; Betatorquevirus homini36	DNA	linear	2950		Homo sapiens	SAfiA-227-10	false	ncbi-genbank	efa17814683cef58cb4cd5a9920e34ea75b11b8e7b893424747bd6a7995faff9				
MN770040	MN770040.1	TTV-like mini virus	Betatorquevirus	Anelloviridae	Viruses; Floreoviria; Shotokuvirae; Commensaviricota; Cardeaviricetes; Sanitavirales; Anelloviridae; Betatorquevirus; Betatorquevirus homini36	DNA	linear	2914		Homo sapiens	SAfiA-235-37	false	ncbi-genbank	4a79c5f28030da1f4c66fec567fb847e633609d303f3f59e4198c5347675ff88				
MN770044	MN770044.1	TTV-like mini virus	Betatorquevirus	Anelloviridae	Viruses; Floreoviria; Shotokuvirae; Commensaviricota; Cardeaviricetes; Sanitavirales; Anelloviridae; Betatorquevirus; Betatorquevirus homini36	DNA	linear	2974		Homo sapiens	SAfiA-274-12	false	ncbi-genbank	7d087591b8ffa7fa80c364a6d6812c4c066c2e817e08ab1930136870acf73254				
MN770045	MN770045.1	TTV-like mini virus	Betatorquevirus	Anelloviridae	Viruses; Floreoviria; Shotokuvirae; Commensaviricota; Cardeaviricetes; Sanitavirales; Anelloviridae; Betatorquevirus; Betatorquevirus homini36	DNA	linear	2978		Homo sapiens	SAfiA-275-24	false	ncbi-genbank	023b1e8e53f7f2a6895760d909c7646b60773a2639e74482a5c56d88a7e67268				
MN770046	MN770046.1	TTV-like mini virus	Betatorquevirus	Anelloviridae	Viruses; Floreoviria; Shotokuvirae; Commensaviricota; Cardeaviricetes; Sanitavirales; Anelloviridae; Betatorquevirus; Betatorquevirus homini36	DNA	linear	2886		Homo sapiens	SAfiA-275-43	false	ncbi-genbank	ea4722ebd9ed9a53577f372448f2bf65e925c7f774bfb1c349967f5287d3c508				
MN770049	MN770049.1	TTV-like mini virus	Betatorquevirus	Anelloviridae	Viruses; Floreoviria; Shotokuvirae; Commensaviricota; Cardeaviricetes; Sanitavirales; Anelloviridae; Betatorquevirus; Betatorquevirus homini36	DNA	linear	2967		Homo sapiens	SAfiA-306B-9	false	ncbi-genbank	a90ba5bc5c112c4d55402ea90fd874e24f7e6961815118f39d24fc67fa88bbb9				
MN770050	MN770050.1	TTV-like mini virus	Betatorquevirus	Anelloviridae	Viruses; Floreoviria; Shotokuvirae; Commensaviricota; Cardeaviricetes; Sanitavirales; Anelloviridae; Betatorquevirus; Betatorquevirus homini36	DNA	linear	2836		Homo sapiens	SAfiA-311-17	false	ncbi-genbank	a016cd20ac22ebd8448a10b07814eca8ec9b25293824c9e58f0bbad2defa932e				
MN770051	MN770051.1	TTV-like mini virus	Betatorquevirus	Anelloviridae	Viruses; Floreoviria; Shotokuvirae; Commensaviricota; Cardeaviricetes; Sanitavirales; Anelloviridae; Betatorquevirus; Betatorquevirus homini36	DNA	linear	2959		Homo sapiens	SAfiA-314-18	false	ncbi-genbank	4b0ff1022634864d050fe669b0def4cab4ad768110e187b97639237cbba41622				
MN770053	MN770053.1	TTV-like mini virus	Betatorquevirus	Anelloviridae	Viruses; Floreoviria; Shotokuvirae; Commensaviricota; Cardeaviricetes; Sanitavirales; Anelloviridae; Betatorquevirus; Betatorquevirus homini36	DNA	linear	2865		Homo sapiens	SAfiA-333-17	false	ncbi-genbank	24ad40916a98cc7f489645743b07dd62a83a0a17a274336253a6d4fe91d3448b				
MN770056	MN770056.1	TTV-like mini virus	Betatorquevirus	Anelloviridae	Viruses; Floreoviria; Shotokuvirae; Commensaviricota; Cardeaviricetes; Sanitavirales; Anelloviridae; Betatorquevirus; Betatorquevirus homini36	DNA	linear	2916		Homo sapiens	SAfiA-349-24	false	ncbi-genbank	b309c5e89628c0c7e54627234fbb714adc58c282741ecd4957a99a4e5d366001				
MN770059	MN770059.1	TTV-like mini virus	Betatorquevirus	Anelloviridae	Viruses; Floreoviria; Shotokuvirae; Commensaviricota; Cardeaviricetes; Sanitavirales; Anelloviridae; Betatorquevirus; Betatorquevirus homini36	DNA	linear	2900		Homo sapiens	SAfiA-35-28	false	ncbi-genbank	147d11c29e234c0c45ebdb0ea7e39f1e8d1d21adc77c1689ec811a00afc4018a				
MN770060	MN770060.1	TTV-like mini virus	Betatorquevirus	Anelloviridae	Viruses; Floreoviria; Shotokuvirae; Commensaviricota; Cardeaviricetes; Sanitavirales; Anelloviridae; Betatorquevirus; Betatorquevirus homini36	DNA	linear	2982		Homo sapiens	SAfiA-353-18	false	ncbi-genbank	a15c6e9abd6dfa9acf5217165877c31da8b2897e76d4cad0c0a9158a95471ca3				
MN770061	MN770061.1	TTV-like mini virus	Betatorquevirus	Anelloviridae	Viruses; Floreoviria; Shotokuvirae; Commensaviricota; Cardeaviricetes; Sanitavirales; Anelloviridae; Betatorquevirus; Betatorquevirus homini36	DNA	linear	2934		Homo sapiens	SAfiA-353-19	false	ncbi-genbank	a2d991afcdd15d9599a232bc4408853d4c21d27a021c11465f74158f3d3279dd				
MN770062	MN770062.1	TTV-like mini virus	Betatorquevirus	Anelloviridae	Viruses; Floreoviria; Shotokuvirae; Commensaviricota; Cardeaviricetes; Sanitavirales; Anelloviridae; Betatorquevirus; Betatorquevirus homini36	DNA	linear	2901		Homo sapiens	SAfiA-354-0	false	ncbi-genbank	a54091799c96c58a774c635a880f846517930491fb92b148ba9f1b4ea16bffbe				
MN770063	MN770063.1	TTV-like mini virus	Betatorquevirus	Anelloviridae	Viruses; Floreoviria; Shotokuvirae; Commensaviricota; Cardeaviricetes; Sanitavirales; Anelloviridae; Betatorquevirus; Betatorquevirus homini36	DNA	linear	2918		Homo sapiens	SAfiA-35-44	false	ncbi-genbank	e64e98ceb7174754d173b262f5ade534ca6125456c7379d2767008144c2362b9				
MN770064	MN770064.1	TTV-like mini virus	Betatorquevirus	Anelloviridae	Viruses; Floreoviria; Shotokuvirae; Commensaviricota; Cardeaviricetes; Sanitavirales; Anelloviridae; Betatorquevirus; Betatorquevirus homini36	DNA	linear	2851		Homo sapiens	SAfiA-359-21	false	ncbi-genbank	f38ee68561d54be6cad46c3aeacc963bc2e7574cd35c086f475358430a991ea8				
MN770067	MN770067.1	TTV-like mini virus	Betatorquevirus	Anelloviridae	Viruses; Floreoviria; Shotokuvirae; Commensaviricota; Cardeaviricetes; Sanitavirales; Anelloviridae; Betatorquevirus; Betatorquevirus homini36	DNA	linear	2866		Homo sapiens	SAfiA-367-33	false	ncbi-genbank	d5997fb4d4ea6271d762fa4c8e240e5ef856ca5cf4bc55cbfaf915372366caa8				
MN770069	MN770069.1	TTV-like mini virus	Betatorquevirus	Anelloviridae	Viruses; Floreoviria; Shotokuvirae; Commensaviricota; Cardeaviricetes; Sanitavirales; Anelloviridae; Betatorquevirus; Betatorquevirus homini36	DNA	linear	2849		Homo sapiens	SAfiA-376-26	false	ncbi-genbank	4b3bfe8b6b4acec772867b600327a0ab376eeec31350a1125a78d8a5b69d6221				
MN770071	MN770071.1	TTV-like mini virus	Betatorquevirus	Anelloviridae	Viruses; Floreoviria; Shotokuvirae; Commensaviricota; Cardeaviricetes; Sanitavirales; Anelloviridae; Betatorquevirus; Betatorquevirus homini36	DNA	linear	2808		Homo sapiens	SAfiA-388-102	false	ncbi-genbank	5e3fa3b9fc92be7b3cd8846e2a18143ffabf066ee1f3ca3084ca83c882598fe0				
MN770072	MN770072.1	TTV-like mini virus	Betatorquevirus	Anelloviridae	Viruses; Floreoviria; Shotokuvirae; Commensaviricota; Cardeaviricetes; Sanitavirales; Anelloviridae; Betatorquevirus; Betatorquevirus homini36	DNA	linear	2823		Homo sapiens	SAfiA-388-123	false	ncbi-genbank	3972b30d85fb2dd12ac466986f22eaa69cc5f3e1e6845b34f2131f22a63d9be4				
MN770075	MN770075.1	TTV-like mini virus	Betatorquevirus	Anelloviridae	Viruses; Floreoviria; Shotokuvirae; Commensaviricota; Cardeaviricetes; Sanitavirales; Anelloviridae; Betatorquevirus; Betatorquevirus homini36	DNA	linear	2933		Homo sapiens	SAfiA-4-12	false	ncbi-genbank	bf64e0db3bf8f583e4408d48320d1a47abcbde29b4b5b295957b3c06b6c0c62c				
MN770077	MN770077.1	TTV-like mini virus	Betatorquevirus	Anelloviridae	Viruses; Floreoviria; Shotokuvirae; Commensaviricota; Cardeaviricetes; Sanitavirales; Anelloviridae; Betatorquevirus; Betatorquevirus homini36	DNA	linear	2863		Homo sapiens	SAfiA-434-5	false	ncbi-genbank	f3379b0fad70d16e4e269ec73513fefee71e0adfc9c76f21e0a1271d271f6f70				
MN770078	MN770078.1	TTV-like mini virus	Betatorquevirus	Anelloviridae	Viruses; Floreoviria; Shotokuvirae; Commensaviricota; Cardeaviricetes; Sanitavirales; Anelloviridae; Betatorquevirus; Betatorquevirus homini36	DNA	linear	2843		Homo sapiens	SAfiA-434-6	false	ncbi-genbank	810d6ccd39f403c2bd5c429fcf5eae5dcb26d4b235ca8abd7f8a76830347aaaa				
MN770080	MN770080.1	TTV-like mini virus	Betatorquevirus	Anelloviridae	Viruses; Floreoviria; Shotokuvirae; Commensaviricota; Cardeaviricetes; Sanitavirales; Anelloviridae; Betatorquevirus; Betatorquevirus homini36	DNA	linear	2933		Homo sapiens	SAfiA-47-8	false	ncbi-genbank	2c3d8c33de67a5f82ed3daa0ac81c0a28e4c60544b7459f20cbc84863885f349				
MN770081	MN770081.1	TTV-like mini virus	Betatorquevirus	Anelloviridae	Viruses; Floreoviria; Shotokuvirae; Commensaviricota; Cardeaviricetes; Sanitavirales; Anelloviridae; Betatorquevirus; Betatorquevirus homini36	DNA	linear	2960		Homo sapiens	SAfiA-488-5	false	ncbi-genbank	7b72797b701bd05360f2720690fe9df2532011e4faca898654033c8164825dbc				
MN770082	MN770082.1	TTV-like mini virus	Betatorquevirus	Anelloviridae	Viruses; Floreoviria; Shotokuvirae; Commensaviricota; Cardeaviricetes; Sanitavirales; Anelloviridae; Betatorquevirus; Betatorquevirus homini36	DNA	linear	2974		Homo sapiens	SAfiA-500-16	false	ncbi-genbank	a08b80205e3e054e757127cdde1fb8f8d1d51a80fe9989ec3c804a735a698db4				
MN770086	MN770086.1	TTV-like mini virus	Betatorquevirus	Anelloviridae	Viruses; Floreoviria; Shotokuvirae; Commensaviricota; Cardeaviricetes; Sanitavirales; Anelloviridae; Betatorquevirus; Betatorquevirus homini36	DNA	linear	2836		Homo sapiens	SAfiA-542-36	false	ncbi-genbank	81dce29d5cc87043725a0dbcdbeae4cb280b5a051cc9c854ee8ba637f623f3db				
MN770087	MN770087.1	TTV-like mini virus	Betatorquevirus	Anelloviridae	Viruses; Floreoviria; Shotokuvirae; Commensaviricota; Cardeaviricetes; Sanitavirales; Anelloviridae; Betatorquevirus; Betatorquevirus homini36	DNA	linear	2923		Homo sapiens	SAfiA-555-10	false	ncbi-genbank	9c279ecc045ab1cbdadc1ac5031c7befd035b1edbe446bd8be93e530efbbfeb2				
MN770088	MN770088.1	TTV-like mini virus	Betatorquevirus	Anelloviridae	Viruses; Floreoviria; Shotokuvirae; Commensaviricota; Cardeaviricetes; Sanitavirales; Anelloviridae; Betatorquevirus; Betatorquevirus homini36	DNA	linear	2845		Homo sapiens	SAfiA-558-10	false	ncbi-genbank	b939f071d26924d5fab1b1bfeed978681f5af6fcc0519a2fb4d6663f14c9c668				
MN770092	MN770092.1	TTV-like mini virus	Betatorquevirus	Anelloviridae	Viruses; Floreoviria; Shotokuvirae; Commensaviricota; Cardeaviricetes; Sanitavirales; Anelloviridae; Betatorquevirus; Betatorquevirus homini36	DNA	linear	2918		Homo sapiens	SAfiA-581-13	false	ncbi-genbank	008957ae57f78f6cb082b463800386e9a08547145201448ae671ab152cb4b084				
MN770093	MN770093.1	TTV-like mini virus	Betatorquevirus	Anelloviridae	Viruses; Floreoviria; Shotokuvirae; Commensaviricota; Cardeaviricetes; Sanitavirales; Anelloviridae; Betatorquevirus; Betatorquevirus homini36	DNA	linear	2845		Homo sapiens	SAfiA-581-25	false	ncbi-genbank	ae707b5e4ee35b8fb09d32296e374790917713773c9f704dab81cb07efef0b5a				
MN770094	MN770094.1	TTV-like mini virus	Betatorquevirus	Anelloviridae	Viruses; Floreoviria; Shotokuvirae; Commensaviricota; Cardeaviricetes; Sanitavirales; Anelloviridae; Betatorquevirus; Betatorquevirus homini36	DNA	linear	2848		Homo sapiens	SAfiA-581-41	false	ncbi-genbank	4b6aa8acbbea0cd84d8d0650a466cd3b5e67e1f500806b86833f03cd7afe5645				
MN770097	MN770097.1	TTV-like mini virus	Betatorquevirus	Anelloviridae	Viruses; Floreoviria; Shotokuvirae; Commensaviricota; Cardeaviricetes; Sanitavirales; Anelloviridae; Betatorquevirus; Betatorquevirus homini36	DNA	linear	2915		Homo sapiens	SAfiA-587-43	false	ncbi-genbank	3eb3a52bfc6adc6134b2428b79b4f12fb5bb69eea256daf1bedc53fae484c28d				
MN770099	MN770099.1	TTV-like mini virus	Betatorquevirus	Anelloviridae	Viruses; Floreoviria; Shotokuvirae; Commensaviricota; Cardeaviricetes; Sanitavirales; Anelloviridae; Betatorquevirus; Betatorquevirus homini36	DNA	linear	2802		Homo sapiens	SAfiA-590-68	false	ncbi-genbank	a20e5cfc3272cd5e6c3f9a8ce6e0e38c85e599ffe5a6f8e3c0cf98aff94c20cc				
MN770101	MN770101.1	TTV-like mini virus	Betatorquevirus	Anelloviridae	Viruses; Floreoviria; Shotokuvirae; Commensaviricota; Cardeaviricetes; Sanitavirales; Anelloviridae; Betatorquevirus; Betatorquevirus homini36	DNA	linear	2852		Homo sapiens	SAfiA-609-15	false	ncbi-genbank	7f49dfe36e3cbf2b45c079acbcf21f722a913de6c54d9b56836e1a6bb856510d				
MN770103	MN770103.1	TTV-like mini virus	Betatorquevirus	Anelloviridae	Viruses; Floreoviria; Shotokuvirae; Commensaviricota; Cardeaviricetes; Sanitavirales; Anelloviridae; Betatorquevirus; Betatorquevirus homini36	DNA	linear	2897		Homo sapiens	SAfiA-611-142	false	ncbi-genbank	d1d19f7a55130049554b706abeacf1bd5933382f486cd4a15d02c8d2e88b8479				
MN770104	MN770104.1	TTV-like mini virus	Betatorquevirus	Anelloviridae	Viruses; Floreoviria; Shotokuvirae; Commensaviricota; Cardeaviricetes; Sanitavirales; Anelloviridae; Betatorquevirus; Betatorquevirus homini36	DNA	linear	2821		Homo sapiens	SAfiA-611-157	false	ncbi-genbank	24a167da2fe66b64dcd4e6f8806bba8a6d3c3f614f25796f329b3f01dd67d36b				
MN770105	MN770105.1	TTV-like mini virus	Betatorquevirus	Anelloviridae	Viruses; Floreoviria; Shotokuvirae; Commensaviricota; Cardeaviricetes; Sanitavirales; Anelloviridae; Betatorquevirus; Betatorquevirus homini36	DNA	linear	2915		Homo sapiens	SAfiA-628-26	false	ncbi-genbank	49d2b9be9e9dded9d4d8692a55ce3fe0a9280ea63f2bc97529a7ad4ce9636e39				
MN770106	MN770106.1	TTV-like mini virus	Betatorquevirus	Anelloviridae	Viruses; Floreoviria; Shotokuvirae; Commensaviricota; Cardeaviricetes; Sanitavirales; Anelloviridae; Betatorquevirus; Betatorquevirus homini36	DNA	linear	2866		Homo sapiens	SAfiA-628-41	false	ncbi-genbank	2cd8de4fe101bb0e6da9cd368945ebb96c285bbeb2543a5570c014f070aa02ee				
MN770108	MN770108.1	TTV-like mini virus	Betatorquevirus	Anelloviridae	Viruses; Floreoviria; Shotokuvirae; Commensaviricota; Cardeaviricetes; Sanitavirales; Anelloviridae; Betatorquevirus; Betatorquevirus homini36	DNA	linear	2840		Homo sapiens	SAfiA-646-10	false	ncbi-genbank	5dac06a7d703a6306b73d232275b2005bb4d046e7c3d4d5f710eb949446c3d06				
MN770109	MN770109.1	TTV-like mini virus	Betatorquevirus	Anelloviridae	Viruses; Floreoviria; Shotokuvirae; Commensaviricota; Cardeaviricetes; Sanitavirales; Anelloviridae; Betatorquevirus; Betatorquevirus homini36	DNA	linear	2889		Homo sapiens	SAfiA-650-7	false	ncbi-genbank	26ebc492f542c9cbc03d6823c728317bd478e4f3b7176ef51ce0d9011342443f				
MN770111	MN770111.1	TTV-like mini virus	Betatorquevirus	Anelloviridae	Viruses; Floreoviria; Shotokuvirae; Commensaviricota; Cardeaviricetes; Sanitavirales; Anelloviridae; Betatorquevirus; Betatorquevirus homini36	DNA	linear	2838		Homo sapiens	SAfiA-67-2	false	ncbi-genbank	3f917ab5aa98797d26821f41363cb16f8a77c940198e67f6269b9b806ab5296f				
MN770112	MN770112.1	TTV-like mini virus	Betatorquevirus	Anelloviridae	Viruses; Floreoviria; Shotokuvirae; Commensaviricota; Cardeaviricetes; Sanitavirales; Anelloviridae; Betatorquevirus; Betatorquevirus homini36	DNA	linear	3046		Homo sapiens	SAfiA-676-2	false	ncbi-genbank	7b8a5f14c80d897c09e70d3c4eaed2c9bac5b386969d56d547a7c459e6356152				
MN770114	MN770114.1	TTV-like mini virus	Betatorquevirus	Anelloviridae	Viruses; Floreoviria; Shotokuvirae; Commensaviricota; Cardeaviricetes; Sanitavirales; Anelloviridae; Betatorquevirus; Betatorquevirus homini36	DNA	linear	2878		Homo sapiens	SAfiA-686-15	false	ncbi-genbank	fbc06d42f8d99143fb5ddfbe189d358e82eeded8baa3c6d2eb403ca52a591d33				
MN770118	MN770118.1	TTV-like mini virus	Betatorquevirus	Anelloviridae	Viruses; Floreoviria; Shotokuvirae; Commensaviricota; Cardeaviricetes; Sanitavirales; Anelloviridae; Betatorquevirus; Betatorquevirus homini36	DNA	linear	2811		Homo sapiens	SAfiA-81-28	false	ncbi-genbank	5d046562d79799cc60e1e018452b1597a9a48db70557e82d91677e814f386b0d				
MN770119	MN770119.1	TTV-like mini virus	Betatorquevirus	Anelloviridae	Viruses; Floreoviria; Shotokuvirae; Commensaviricota; Cardeaviricetes; Sanitavirales; Anelloviridae; Betatorquevirus; Betatorquevirus homini36	DNA	linear	2889		Homo sapiens	SAfiA-859-9	false	ncbi-genbank	4d1cea0af635d22d1efa34416690a87cb903a4b8777c342f10cd47b2985d6544				
MN770121	MN770121.1	TTV-like mini virus	Betatorquevirus	Anelloviridae	Viruses; Floreoviria; Shotokuvirae; Commensaviricota; Cardeaviricetes; Sanitavirales; Anelloviridae; Betatorquevirus; Betatorquevirus homini36	DNA	linear	2782		Homo sapiens	SAfiA-87-54	false	ncbi-genbank	d3f3488b764c571e6cedf6a6863a684b8a229a6940bca47b74b86f5d0a4e276d				
MN770122	MN770122.1	TTV-like mini virus	Betatorquevirus	Anelloviridae	Viruses; Floreoviria; Shotokuvirae; Commensaviricota; Cardeaviricetes; Sanitavirales; Anelloviridae; Betatorquevirus; Betatorquevirus homini36	DNA	linear	2848		Homo sapiens	SAfiA-88-26	false	ncbi-genbank	40a2c86f2ebe84a3070c85d053ba63973f24f9f6a2fc7c89bea2b9ffc9273013				
MN770123	MN770123.1	TTV-like mini virus	Betatorquevirus	Anelloviridae	Viruses; Floreoviria; Shotokuvirae; Commensaviricota; Cardeaviricetes; Sanitavirales; Anelloviridae; Betatorquevirus; Betatorquevirus homini36	DNA	linear	2874		Homo sapiens	SAfiA-89-6	false	ncbi-genbank	a5bcded01993ae96e0983e75d01e8a1773e8fc464864356131dd882b75359187				
MN770124	MN770124.1	TTV-like mini virus	Betatorquevirus	Anelloviridae	Viruses; Floreoviria; Shotokuvirae; Commensaviricota; Cardeaviricetes; Sanitavirales; Anelloviridae; Betatorquevirus; Betatorquevirus homini36	DNA	linear	2972		Homo sapiens	SAfiA-94-10	false	ncbi-genbank	438ad921c2128e088541596c3d0df26e29cf386154996e25f4074013bc1f05bd				
MN770125	MN770125.1	TTV-like mini virus	Betatorquevirus	Anelloviridae	Viruses; Floreoviria; Shotokuvirae; Commensaviricota; Cardeaviricetes; Sanitavirales; Anelloviridae; Betatorquevirus; Betatorquevirus homini36	DNA	linear	2839		Homo sapiens	SAfiA-94-26	false	ncbi-genbank	56c7d19098ab2c92114dd36c492aabc08ff2b428184523a45a0830989216469c				
MN770127	MN770127.1	TTV-like mini virus	Betatorquevirus	Anelloviridae	Viruses; Floreoviria; Shotokuvirae; Commensaviricota; Cardeaviricetes; Sanitavirales; Anelloviridae; Betatorquevirus; Betatorquevirus homini36	DNA	linear	2942		Homo sapiens	SAfiA-100A-24	false	ncbi-genbank	d7aefa28ce71f81815af919a2195fb2cd756e09f49563c9467481daaae2aa1fd				
MN770128	MN770128.1	TTV-like mini virus	Betatorquevirus	Anelloviridae	Viruses; Floreoviria; Shotokuvirae; Commensaviricota; Cardeaviricetes; Sanitavirales; Anelloviridae; Betatorquevirus; Betatorquevirus homini36	DNA	linear	2957		Homo sapiens	SAfiA-225-3	false	ncbi-genbank	08014681d68aea9eba6aeb1ff355cb5b31a3269f405407fb70bedda95ee18e61				
MN770129	MN770129.1	TTV-like mini virus	Betatorquevirus	Anelloviridae	Viruses; Floreoviria; Shotokuvirae; Commensaviricota; Cardeaviricetes; Sanitavirales; Anelloviridae; Betatorquevirus; Betatorquevirus homini36	DNA	linear	2826		Homo sapiens	SAfiA-235-48	false	ncbi-genbank	40fdaedc06da19f22e37c2a03aff614a334632d541bd4ffbd3c6be2e3dcb330d				
MN770131	MN770131.1	TTV-like mini virus	Betatorquevirus	Anelloviridae	Viruses; Floreoviria; Shotokuvirae; Commensaviricota; Cardeaviricetes; Sanitavirales; Anelloviridae; Betatorquevirus; Betatorquevirus homini36	DNA	linear	2985		Homo sapiens	SAfiA-267-9	false	ncbi-genbank	ae5f683b2ff45dfc46e25523f3c1d08bd29e38b4b0f5458019489d60c19ba060				
MN770132	MN770132.1	TTV-like mini virus	Betatorquevirus	Anelloviridae	Viruses; Floreoviria; Shotokuvirae; Commensaviricota; Cardeaviricetes; Sanitavirales; Anelloviridae; Betatorquevirus; Betatorquevirus homini36	DNA	linear	2809		Homo sapiens	SAfiA-275-31	false	ncbi-genbank	c948cffc6c9a1004bdaf0c9341f45ac0e6fb89ebe7b5a48c17d4ea04677e40f1				
MN770133	MN770133.1	TTV-like mini virus	Betatorquevirus	Anelloviridae	Viruses; Floreoviria; Shotokuvirae; Commensaviricota; Cardeaviricetes; Sanitavirales; Anelloviridae; Betatorquevirus; Betatorquevirus homini36	DNA	linear	2814		Homo sapiens	SAfiA-275-58	false	ncbi-genbank	55d79c976c5c356e37b7402a718f2b8d040e55697adf275ca4651476336f46fa				
MN770134	MN770134.1	TTV-like mini virus	Betatorquevirus	Anelloviridae	Viruses; Floreoviria; Shotokuvirae; Commensaviricota; Cardeaviricetes; Sanitavirales; Anelloviridae; Betatorquevirus; Betatorquevirus homini36	DNA	linear	2867		Homo sapiens	SAfiA-297-101	false	ncbi-genbank	54b5e6c110fbb4b8b887634a721f3571393b45185e3f42ee51a9ac6fecffba5f				
MN770136	MN770136.1	TTV-like mini virus	Betatorquevirus	Anelloviridae	Viruses; Floreoviria; Shotokuvirae; Commensaviricota; Cardeaviricetes; Sanitavirales; Anelloviridae; Betatorquevirus; Betatorquevirus homini36	DNA	linear	2899		Homo sapiens	SAfiA-31-21	false	ncbi-genbank	15282f19ded156ffcc1bd48f3e366fbad24e27c1e74544f820972b9be4380ac7				
MN770137	MN770137.1	TTV-like mini virus	Betatorquevirus	Anelloviridae	Viruses; Floreoviria; Shotokuvirae; Commensaviricota; Cardeaviricetes; Sanitavirales; Anelloviridae; Betatorquevirus; Betatorquevirus homini36	DNA	linear	2911		Homo sapiens	SAfiA-313A-25	false	ncbi-genbank	deb7b8bb9293790e4756894f8a60f8d46d36f45bc39361f48f67d339538e8e63				
MN770138	MN770138.1	TTV-like mini virus	Betatorquevirus	Anelloviridae	Viruses; Floreoviria; Shotokuvirae; Commensaviricota; Cardeaviricetes; Sanitavirales; Anelloviridae; Betatorquevirus; Betatorquevirus homini36	DNA	linear	2830		Homo sapiens	SAfiA-313B-30	false	ncbi-genbank	5ef7007bd855a1ab71224c8d78de9b9f389a9edc952002535f66026dddb513a9				
MN770140	MN770140.1	TTV-like mini virus	Betatorquevirus	Anelloviridae	Viruses; Floreoviria; Shotokuvirae; Commensaviricota; Cardeaviricetes; Sanitavirales; Anelloviridae; Betatorquevirus; Betatorquevirus homini36	DNA	linear	2884		Homo sapiens	SAfiA-331-19	false	ncbi-genbank	3117eaf1f63d25b88643d6244dbddd5ce58d3a44df98639a018d5d7a23642702				
MN770143	MN770143.1	TTV-like mini virus	Betatorquevirus	Anelloviridae	Viruses; Floreoviria; Shotokuvirae; Commensaviricota; Cardeaviricetes; Sanitavirales; Anelloviridae; Betatorquevirus; Betatorquevirus homini36	DNA	linear	2879		Homo sapiens	SAfiA-35-35	false	ncbi-genbank	2fa274d3ede612cfb2b32cc4388ccdbc10a8c1bb31737f822fd411ee924860e1				
MN770145	MN770145.1	TTV-like mini virus	Betatorquevirus	Anelloviridae	Viruses; Floreoviria; Shotokuvirae; Commensaviricota; Cardeaviricetes; Sanitavirales; Anelloviridae; Betatorquevirus; Betatorquevirus homini36	DNA	linear	2907		Homo sapiens	SAfiA-374-7	false	ncbi-genbank	a0dccbb344bb82f2ad0e833a0e5d7e4d967f2a477003f01a85035764294f8de0				
MN770146	MN770146.1	TTV-like mini virus	Betatorquevirus	Anelloviridae	Viruses; Floreoviria; Shotokuvirae; Commensaviricota; Cardeaviricetes; Sanitavirales; Anelloviridae; Betatorquevirus; Betatorquevirus homini36	DNA	linear	2834		Homo sapiens	SAfiA-37-8	false	ncbi-genbank	01107f77fc487fe8928ce6a270b6bedb5fe3de657134d06c467dba11f4f572ff				
MN770147	MN770147.1	TTV-like mini virus	Betatorquevirus	Anelloviridae	Viruses; Floreoviria; Shotokuvirae; Commensaviricota; Cardeaviricetes; Sanitavirales; Anelloviridae; Betatorquevirus; Betatorquevirus homini36	DNA	linear	2923		Homo sapiens	SAfiA-380-38	false	ncbi-genbank	d400c35ed915216168d9f13c3cc36a1b7f7527fa8a1cb133c490c9293a203f0d				
MN770148	MN770148.1	TTV-like mini virus	Betatorquevirus	Anelloviridae	Viruses; Floreoviria; Shotokuvirae; Commensaviricota; Cardeaviricetes; Sanitavirales; Anelloviridae; Betatorquevirus; Betatorquevirus homini36	DNA	linear	2810		Homo sapiens	SAfiA-388-145	false	ncbi-genbank	67228e20adaca02316653b5679dc40d28251f838e90c403f25bfe7fdb4a6d576				
MN770149	MN770149.1	TTV-like mini virus	Betatorquevirus	Anelloviridae	Viruses; Floreoviria; Shotokuvirae; Commensaviricota; Cardeaviricetes; Sanitavirales; Anelloviridae; Betatorquevirus; Betatorquevirus homini36	DNA	linear	2897		Homo sapiens	SAfiA-388-49	false	ncbi-genbank	a4f07caa132a938a829f47125a5988433277e58f2f3722142a48ef99d7f04e82				
MN770153	MN770153.1	TTV-like mini virus	Betatorquevirus	Anelloviridae	Viruses; Floreoviria; Shotokuvirae; Commensaviricota; Cardeaviricetes; Sanitavirales; Anelloviridae; Betatorquevirus; Betatorquevirus homini36	DNA	linear	2891		Homo sapiens	SAfiA-504-7	false	ncbi-genbank	62ddfacada36052a90df83e8ca29ea9cf2a22a5a73181c663f05d33347016389				
MN770154	MN770154.1	TTV-like mini virus	Betatorquevirus	Anelloviridae	Viruses; Floreoviria; Shotokuvirae; Commensaviricota; Cardeaviricetes; Sanitavirales; Anelloviridae; Betatorquevirus; Betatorquevirus homini36	DNA	linear	2869		Homo sapiens	SAfiA-548-10	false	ncbi-genbank	31905e83d38e5d5aa2005c8150310e839c5aba288009f2f91b8b76a8a9b27c89				
MN770160	MN770160.1	TTV-like mini virus	Betatorquevirus	Anelloviridae	Viruses; Floreoviria; Shotokuvirae; Commensaviricota; Cardeaviricetes; Sanitavirales; Anelloviridae; Betatorquevirus; Betatorquevirus homini36	DNA	linear	2994		Homo sapiens	SAfiA-604-5	false	ncbi-genbank	f1616b398ac17d9b0558e04bce9b45d6b00e846852293f39c58b282405df5445				
MN770161	MN770161.1	TTV-like mini virus	Betatorquevirus	Anelloviridae	Viruses; Floreoviria; Shotokuvirae; Commensaviricota; Cardeaviricetes; Sanitavirales; Anelloviridae; Betatorquevirus; Betatorquevirus homini36	DNA	linear	3020		Homo sapiens	SAfiA-610-8	false	ncbi-genbank	580f0c647a7613a98b446c6d50f0ff040ac98a441ed0f9731675649684a42e67				
MN770164	MN770164.1	TTV-like mini virus	Betatorquevirus	Anelloviridae	Viruses; Floreoviria; Shotokuvirae; Commensaviricota; Cardeaviricetes; Sanitavirales; Anelloviridae; Betatorquevirus; Betatorquevirus homini36	DNA	linear	2864		Homo sapiens	SAfiA-651-29	false	ncbi-genbank	4c97eb41772556a2f174bcf247d6abd62498b2859009d4714cfdd80df3fe6309				
MN770168	MN770168.1	TTV-like mini virus	Betatorquevirus	Anelloviridae	Viruses; Floreoviria; Shotokuvirae; Commensaviricota; Cardeaviricetes; Sanitavirales; Anelloviridae; Betatorquevirus; Betatorquevirus homini36	DNA	linear	2832		Homo sapiens	SAfiA-684-10	false	ncbi-genbank	842835f1d52d226ffbc763f011d2d6706d1a26a598d01d608514fef44b4e7c0c				
MN770170	MN770170.1	TTV-like mini virus	Betatorquevirus	Anelloviridae	Viruses; Floreoviria; Shotokuvirae; Commensaviricota; Cardeaviricetes; Sanitavirales; Anelloviridae; Betatorquevirus; Betatorquevirus homini36	DNA	linear	2992		Homo sapiens	SAfiA-692-0	false	ncbi-genbank	87b09cdabaa101d7c85880bf6c4d76197823d2eb2a2d2eb6d695d5a8573b042d				
MN770172	MN770172.1	TTV-like mini virus	Betatorquevirus	Anelloviridae	Viruses; Floreoviria; Shotokuvirae; Commensaviricota; Cardeaviricetes; Sanitavirales; Anelloviridae; Betatorquevirus; Betatorquevirus homini36	DNA	linear	2950		Homo sapiens	SAfiA-77-88	false	ncbi-genbank	a7462537c743796f23a4327fcbc664b927bc4f2516d18f832c1f29cc39ec8f92				
MN770174	MN770174.1	TTV-like mini virus	Betatorquevirus	Anelloviridae	Viruses; Floreoviria; Shotokuvirae; Commensaviricota; Cardeaviricetes; Sanitavirales; Anelloviridae; Betatorquevirus; Betatorquevirus homini36	DNA	linear	2912		Homo sapiens	SAfiA-867-318	false	ncbi-genbank	298da774dc563d62367da7616dd78befcbc06a84ae038c356a3aeb3952e0c38f				
MN770177	MN770177.1	TTV-like mini virus	Betatorquevirus	Anelloviridae	Viruses; Floreoviria; Shotokuvirae; Commensaviricota; Cardeaviricetes; Sanitavirales; Anelloviridae; Betatorquevirus; Betatorquevirus homini36	DNA	linear	2906		Homo sapiens	SAfiA-118-5	false	ncbi-genbank	22d8540c5d5e364bd50fedacfffe8ad54e7a078702aa5b6728832945c34d8a22				
MN770179	MN770179.1	TTV-like mini virus	Betatorquevirus	Anelloviridae	Viruses; Floreoviria; Shotokuvirae; Commensaviricota; Cardeaviricetes; Sanitavirales; Anelloviridae; Betatorquevirus; Betatorquevirus homini36	DNA	linear	2944		Homo sapiens	SAfiA-275-30	false	ncbi-genbank	2a417863c54fdcc61dd12f5fc27310b551efa07a36ae8be544fdde30b740799a				
MN770181	MN770181.1	TTV-like mini virus	Betatorquevirus	Anelloviridae	Viruses; Floreoviria; Shotokuvirae; Commensaviricota; Cardeaviricetes; Sanitavirales; Anelloviridae; Betatorquevirus; Betatorquevirus homini36	DNA	linear	2906		Homo sapiens	SAfiA-317-7	false	ncbi-genbank	8cf3febcea8a60e973ceaf55ab266b07fef4483823adf08c181c503e14b76c30				
MN770184	MN770184.1	TTV-like mini virus	Betatorquevirus	Anelloviridae	Viruses; Floreoviria; Shotokuvirae; Commensaviricota; Cardeaviricetes; Sanitavirales; Anelloviridae; Betatorquevirus; Betatorquevirus homini36	DNA	linear	2997		Homo sapiens	SAfiA-326-3	false	ncbi-genbank	531718c93d1601fb098d8301a0e33ffd697b79d7a88c5334abbc0626fc5a5560				
MN770185	MN770185.1	TTV-like mini virus	Betatorquevirus	Anelloviridae	Viruses; Floreoviria; Shotokuvirae; Commensaviricota; Cardeaviricetes; Sanitavirales; Anelloviridae; Betatorquevirus; Betatorquevirus homini36	DNA	linear	2939		Homo sapiens	SAfiA-349-15	false	ncbi-genbank	83324c876b09e6e6487ba2e3ebc30ed3997b33bffa1f1c7e5d89e5bef321f9ce				
MN770187	MN770187.1	TTV-like mini virus	Betatorquevirus	Anelloviridae	Viruses; Floreoviria; Shotokuvirae; Commensaviricota; Cardeaviricetes; Sanitavirales; Anelloviridae; Betatorquevirus; Betatorquevirus homini36	DNA	linear	2810		Homo sapiens	SAfiA-369-26	false	ncbi-genbank	b13565bf232834346ad6520ba0c8fd36d300749d294dcd4d51b683e29b620f41				
MN770189	MN770189.1	TTV-like mini virus	Betatorquevirus	Anelloviridae	Viruses; Floreoviria; Shotokuvirae; Commensaviricota; Cardeaviricetes; Sanitavirales; Anelloviridae; Betatorquevirus; Betatorquevirus homini36	DNA	linear	2817		Homo sapiens	SAfiA-380-68	false	ncbi-genbank	8230d9d1afda9d1b6b8479cc85d90ceaeb9594483efe12d865a26b0644d4811f				
MN770190	MN770190.1	TTV-like mini virus	Betatorquevirus	Anelloviridae	Viruses; Floreoviria; Shotokuvirae; Commensaviricota; Cardeaviricetes; Sanitavirales; Anelloviridae; Betatorquevirus; Betatorquevirus homini36	DNA	linear	2938		Homo sapiens	SAfiA-38-5	false	ncbi-genbank	1b3fbba22ae9f22ec68252b056dfb33ed61350cb3bafb5e0a0d3cc542601d5ab				
MN770191	MN770191.1	TTV-like mini virus	Betatorquevirus	Anelloviridae	Viruses; Floreoviria; Shotokuvirae; Commensaviricota; Cardeaviricetes; Sanitavirales; Anelloviridae; Betatorquevirus; Betatorquevirus homini36	DNA	linear	2877		Homo sapiens	SAfiA-388-110	false	ncbi-genbank	e90dd3c5b31df9458b326591aa834da665a7cb6a7792829dc593349d1a46d93d				
MN770193	MN770193.1	TTV-like mini virus	Betatorquevirus	Anelloviridae	Viruses; Floreoviria; Shotokuvirae; Commensaviricota; Cardeaviricetes; Sanitavirales; Anelloviridae; Betatorquevirus; Betatorquevirus homini36	DNA	linear	2923		Homo sapiens	SAfiA-388-26	false	ncbi-genbank	9e9adc0e559a7d03f1aaf00f3c7f1535b42486f1b1cfc19f4da6f44ede568db8				
MN770194	MN770194.1	TTV-like mini virus	Betatorquevirus	Anelloviridae	Viruses; Floreoviria; Shotokuvirae; Commensaviricota; Cardeaviricetes; Sanitavirales; Anelloviridae; Betatorquevirus; Betatorquevirus homini36	DNA	linear	2833		Homo sapiens	SAfiA-413-6	false	ncbi-genbank	b294cc8b79f963dbe548fdad89a28c86c16f82b0b4900f70d509e6b3fbe2adae				
MN770196	MN770196.1	TTV-like mini virus	Betatorquevirus	Anelloviridae	Viruses; Floreoviria; Shotokuvirae; Commensaviricota; Cardeaviricetes; Sanitavirales; Anelloviridae; Betatorquevirus; Betatorquevirus homini36	DNA	linear	2960		Homo sapiens	SAfiA-442-9	false	ncbi-genbank	bca7957fe3248f75a0d1b7e6cb0450f1be0bc3236b2da7700eb1f5318c323bf6				
MN770199	MN770199.1	TTV-like mini virus	Betatorquevirus	Anelloviridae	Viruses; Floreoviria; Shotokuvirae; Commensaviricota; Cardeaviricetes; Sanitavirales; Anelloviridae; Betatorquevirus; Betatorquevirus homini36	DNA	linear	2976		Homo sapiens	SAfiA-51-9	false	ncbi-genbank	388a27524fbac0fbc00c6ee03f129145ec7eda4c5c4873fd651c84869a872728				
MN770201	MN770201.1	TTV-like mini virus	Betatorquevirus	Anelloviridae	Viruses; Floreoviria; Shotokuvirae; Commensaviricota; Cardeaviricetes; Sanitavirales; Anelloviridae; Betatorquevirus; Betatorquevirus homini36	DNA	linear	2911		Homo sapiens	SAfiA-615-694	false	ncbi-genbank	b93217dc952f344a98a6b197f2893c9ad2aef6bb91238ee0065f7822c3c95242				
MN770202	MN770202.1	TTV-like mini virus	Betatorquevirus	Anelloviridae	Viruses; Floreoviria; Shotokuvirae; Commensaviricota; Cardeaviricetes; Sanitavirales; Anelloviridae; Betatorquevirus; Betatorquevirus homini36	DNA	linear	2952		Homo sapiens	SAfiA-628-25	false	ncbi-genbank	64ca62f8dd24d48595593fade227f7f1184fe2ae1628a7aa5bf59b1a5af69d8f				
MN770204	MN770204.1	TTV-like mini virus	Betatorquevirus	Anelloviridae	Viruses; Floreoviria; Shotokuvirae; Commensaviricota; Cardeaviricetes; Sanitavirales; Anelloviridae; Betatorquevirus; Betatorquevirus homini36	DNA	linear	2945		Homo sapiens	SAfiA-670-5	false	ncbi-genbank	4fbc7fd34650fe0eede55e1c68b5f0596e7c2622c6d3199f9aa44cbb5d0b0a04				
MN770209	MN770209.1	TTV-like mini virus	Betatorquevirus	Anelloviridae	Viruses; Floreoviria; Shotokuvirae; Commensaviricota; Cardeaviricetes; Sanitavirales; Anelloviridae; Betatorquevirus; Betatorquevirus homini36	DNA	linear	2854		Homo sapiens	SAfiA-87-45	false	ncbi-genbank	8d62404020326ffe2a6134cb9cf1ab0f94e88bb4df52639786d6d37b9151fa43				
MN770213	MN770213.1	TTV-like mini virus	Betatorquevirus	Anelloviridae	Viruses; Floreoviria; Shotokuvirae; Commensaviricota; Cardeaviricetes; Sanitavirales; Anelloviridae; Betatorquevirus; Betatorquevirus homini36	DNA	linear	2922		Homo sapiens	SAfiA-572-21	false	ncbi-genbank	175a4e184df6c9f209409ba2de6a968a4d2880e5f6a941f24075294a9775aca4				
MN770214	MN770214.1	TTV-like mini virus	Betatorquevirus	Anelloviridae	Viruses; Floreoviria; Shotokuvirae; Commensaviricota; Cardeaviricetes; Sanitavirales; Anelloviridae; Betatorquevirus; Betatorquevirus homini36	DNA	linear	2894		Homo sapiens	SAfiA-121-13	false	ncbi-genbank	be2134025b2f2e92e3f51a5f93216c911a5b619fe5c3bf640f5a048570969537				
MN770216	MN770216.1	TTV-like mini virus	Betatorquevirus	Anelloviridae	Viruses; Floreoviria; Shotokuvirae; Commensaviricota; Cardeaviricetes; Sanitavirales; Anelloviridae; Betatorquevirus; Betatorquevirus homini36	DNA	linear	2919		Homo sapiens	SAfiA-263-12	false	ncbi-genbank	747af9f02ef1cfb3add6d73efa4978c5eb4bd7dd4730f07d692826e93fcffa10				
MN770217	MN770217.1	TTV-like mini virus	Betatorquevirus	Anelloviridae	Viruses; Floreoviria; Shotokuvirae; Commensaviricota; Cardeaviricetes; Sanitavirales; Anelloviridae; Betatorquevirus; Betatorquevirus homini36	DNA	linear	2957		Homo sapiens	SAfiA-275-29	false	ncbi-genbank	7e30a4bfc28aaa53b6f9b18703ecdae33e95da551d79a1e18c36394461bf9c20				
MN770218	MN770218.1	TTV-like mini virus	Betatorquevirus	Anelloviridae	Viruses; Floreoviria; Shotokuvirae; Commensaviricota; Cardeaviricetes; Sanitavirales; Anelloviridae; Betatorquevirus; Betatorquevirus homini36	DNA	linear	2919		Homo sapiens	SAfiA-367-22	false	ncbi-genbank	101221db349ec8e2ef84ecd027b9fa4ab779561b0e98b748b2bb34dcc42506c8				
MN770219	MN770219.1	TTV-like mini virus	Betatorquevirus	Anelloviridae	Viruses; Floreoviria; Shotokuvirae; Commensaviricota; Cardeaviricetes; Sanitavirales; Anelloviridae; Betatorquevirus; Betatorquevirus homini36	DNA	linear	2841		Homo sapiens	SAfiA-388-100	false	ncbi-genbank	c48880f5916f92eb87df6d7b352aeff5e50550d6d5abeb76c797a10531067275				
MN770220	MN770220.1	TTV-like mini virus	Betatorquevirus	Anelloviridae	Viruses; Floreoviria; Shotokuvirae; Commensaviricota; Cardeaviricetes; Sanitavirales; Anelloviridae; Betatorquevirus; Betatorquevirus homini36	DNA	linear	2897		Homo sapiens	SAfiA-55-13	false	ncbi-genbank	091c84d1644ce0ed33f8b8ce3148dc97f0817ef2fcdeb335a27a96291f9e16bc				
MN770224	MN770224.1	TTV-like mini virus	Betatorquevirus	Anelloviridae	Viruses; Floreoviria; Shotokuvirae; Commensaviricota; Cardeaviricetes; Sanitavirales; Anelloviridae; Betatorquevirus; Betatorquevirus homini36	DNA	linear	2886		Homo sapiens	SAfiA-833-8	false	ncbi-genbank	289019db9cfe2e70b86b6e2e0440776c680e117abe34b2605f6ece1a856c59ab				
MN770227	MN770227.1	TTV-like mini virus	Betatorquevirus	Anelloviridae	Viruses; Floreoviria; Shotokuvirae; Commensaviricota; Cardeaviricetes; Sanitavirales; Anelloviridae; Betatorquevirus; Betatorquevirus homini36	DNA	linear	2933		Homo sapiens	SAfiA-39-4	false	ncbi-genbank	9bf1579b801afae395af0d4a830cd0fcd0aefff28e6b82293060ca612182541d				
MN770228	MN770228.1	TTV-like mini virus	Betatorquevirus	Anelloviridae	Viruses; Floreoviria; Shotokuvirae; Commensaviricota; Cardeaviricetes; Sanitavirales; Anelloviridae; Betatorquevirus; Betatorquevirus homini36	DNA	linear	2842		Homo sapiens	SAfiA-402-19	false	ncbi-genbank	a038d4c1b0a07fd55d7a6e907086107824bd9099b006318474f097b58af9a2f3				
MN770229	MN770229.1	TTV-like mini virus	Betatorquevirus	Anelloviridae	Viruses; Floreoviria; Shotokuvirae; Commensaviricota; Cardeaviricetes; Sanitavirales; Anelloviridae; Betatorquevirus; Betatorquevirus homini36	DNA	linear	2844		Homo sapiens	SAfiA-404-10	false	ncbi-genbank	d4cec59239242010cc337e3da6ef836fd7d5287ac838680a4895cce1c6466402				
MN770230	MN770230.1	TTV-like mini virus	Betatorquevirus	Anelloviridae	Viruses; Floreoviria; Shotokuvirae; Commensaviricota; Cardeaviricetes; Sanitavirales; Anelloviridae; Betatorquevirus; Betatorquevirus homini36	DNA	linear	2832		Homo sapiens	SAfiA-297-97	false	ncbi-genbank	2e6d1cd83edaa9b2520fdff8d497c67f85c7775707e0209de9a470abfc402f3b				
MN770231	MN770231.1	TTV-like mini virus	Betatorquevirus	Anelloviridae	Viruses; Floreoviria; Shotokuvirae; Commensaviricota; Cardeaviricetes; Sanitavirales; Anelloviridae; Betatorquevirus; Betatorquevirus homini36	DNA	linear	2919		Homo sapiens	SAfiA-577-88	false	ncbi-genbank	b16d6ed9f0db4954ddb5fdce96a779625f66d6a3965ba4827ae1deee086b890d				
MN770232	MN770232.1	TTV-like mini virus	Betatorquevirus	Anelloviridae	Viruses; Floreoviria; Shotokuvirae; Commensaviricota; Cardeaviricetes; Sanitavirales; Anelloviridae; Betatorquevirus; Betatorquevirus homini36	DNA	linear	2919		Homo sapiens	SAfiA-578-11	false	ncbi-genbank	2d55ef60e65933993f85109646f0f55ae88b86989b93c7a1c1707c0f9aa49547				
MN770233	MN770233.1	TTV-like mini virus	Betatorquevirus	Anelloviridae	Viruses; Floreoviria; Shotokuvirae; Commensaviricota; Cardeaviricetes; Sanitavirales; Anelloviridae; Betatorquevirus; Betatorquevirus homini36	DNA	linear	2831		Homo sapiens	SAfiA-49-15	false	ncbi-genbank	cf4495b4e7037df8ba30e04b3ccc706c2fe1672d3350cf1573bea825eb9cd6f4				
MN770234	MN770234.1	TTV-like mini virus	Betatorquevirus	Anelloviridae	Viruses; Floreoviria; Shotokuvirae; Commensaviricota; Cardeaviricetes; Sanitavirales; Anelloviridae; Betatorquevirus; Betatorquevirus homini36	DNA	linear	2887		Homo sapiens	SAfiA-514-16	false	ncbi-genbank	8b64826d62017ea8edccee722845188e6b6ab7625f119808b2855445ee4065d7				
MN770235	MN770235.1	TTV-like mini virus	Betatorquevirus	Anelloviridae	Viruses; Floreoviria; Shotokuvirae; Commensaviricota; Cardeaviricetes; Sanitavirales; Anelloviridae; Betatorquevirus; Betatorquevirus homini36	DNA	linear	2949		Homo sapiens	SAfiA-233-10	false	ncbi-genbank	e6d3eb6b85b63b0689bc64ce99c428bad61735cf8f624b0a6ba1d1ad68eb1242				
MN770236	MN770236.1	TTV-like mini virus	Betatorquevirus	Anelloviridae	Viruses; Floreoviria; Shotokuvirae; Commensaviricota; Cardeaviricetes; Sanitavirales; Anelloviridae; Betatorquevirus; Betatorquevirus homini36	DNA	linear	2982		Homo sapiens	SAfiA-254-15	false	ncbi-genbank	f1b6d9d8e30d5ff0f5fe55c173cde666a9132abcb200dd0e33b5be1c5a593eb3				
MN770238	MN770238.1	TTV-like mini virus	Betatorquevirus	Anelloviridae	Viruses; Floreoviria; Shotokuvirae; Commensaviricota; Cardeaviricetes; Sanitavirales; Anelloviridae; Betatorquevirus; Betatorquevirus homini36	DNA	linear	2923		Homo sapiens	SAfiA-388-36	false	ncbi-genbank	07a3b66df3a8cfeff9c6acaca478c235d02f041410195fadeff2f6f5a5f58eeb				
MN770239	MN770239.1	TTV-like mini virus	Betatorquevirus	Anelloviridae	Viruses; Floreoviria; Shotokuvirae; Commensaviricota; Cardeaviricetes; Sanitavirales; Anelloviridae; Betatorquevirus; Betatorquevirus homini36	DNA	linear	2872		Homo sapiens	SAfiA-453-9	false	ncbi-genbank	4accbe85adc91c0aa0876571d178280db9f36b4a049b60e00b018d0ea096a4a2				
MN770243	MN770243.1	TTV-like mini virus	Betatorquevirus	Anelloviridae	Viruses; Floreoviria; Shotokuvirae; Commensaviricota; Cardeaviricetes; Sanitavirales; Anelloviridae; Betatorquevirus; Betatorquevirus homini36	DNA	linear	2764		Homo sapiens	SAfiA-124-41	false	ncbi-genbank	3a26ce7ababbc97703df831d00d6879287b68b791533c452450c70aa2bb63942				
MN770244	MN770244.1	TTV-like mini virus	Betatorquevirus	Anelloviridae	Viruses; Floreoviria; Shotokuvirae; Commensaviricota; Cardeaviricetes; Sanitavirales; Anelloviridae; Betatorquevirus; Betatorquevirus homini36	DNA	linear	2887		Homo sapiens	SAfiA-230-12	false	ncbi-genbank	6049d428b39e034ddb9a3c057108c396b15d7c1e7593429fde71d3d3ee2435d7				
MN770246	MN770246.1	TTV-like mini virus	Betatorquevirus	Anelloviridae	Viruses; Floreoviria; Shotokuvirae; Commensaviricota; Cardeaviricetes; Sanitavirales; Anelloviridae; Betatorquevirus; Betatorquevirus homini36	DNA	linear	2863		Homo sapiens	SAfiA-236-2	false	ncbi-genbank	bb342a950e3c5c217e0e6dcff5d000b1e29bc9c3569f5ebc655934c1af5db2be				
MN770248	MN770248.1	TTV-like mini virus	Betatorquevirus	Anelloviridae	Viruses; Floreoviria; Shotokuvirae; Commensaviricota; Cardeaviricetes; Sanitavirales; Anelloviridae; Betatorquevirus; Betatorquevirus homini36	DNA	linear	2863		Homo sapiens	SAfiA-300-21	false	ncbi-genbank	a2835e41661f8557544e6a6cfe809c9951ff3dfab2b31008680864d0b79782c5				
MN770249	MN770249.1	TTV-like mini virus	Betatorquevirus	Anelloviridae	Viruses; Floreoviria; Shotokuvirae; Commensaviricota; Cardeaviricetes; Sanitavirales; Anelloviridae; Betatorquevirus; Betatorquevirus homini36	DNA	linear	2778		Homo sapiens	SAfiA-315-23	false	ncbi-genbank	2f21e92a45d291e34ed7c1986e8aae72f0324f32b827bace5e392ef2dc2c859e				
MN770250	MN770250.1	TTV-like mini virus	Betatorquevirus	Anelloviridae	Viruses; Floreoviria; Shotokuvirae; Commensaviricota; Cardeaviricetes; Sanitavirales; Anelloviridae; Betatorquevirus; Betatorquevirus homini36	DNA	linear	2907		Homo sapiens	SAfiA-316-24	false	ncbi-genbank	87312b0ed5ca2ca18eb36ee3ab9afe77fd035b213e7676416afd8b7d023a59a0				
MN770252	MN770252.1	TTV-like mini virus	Betatorquevirus	Anelloviridae	Viruses; Floreoviria; Shotokuvirae; Commensaviricota; Cardeaviricetes; Sanitavirales; Anelloviridae; Betatorquevirus; Betatorquevirus homini36	DNA	linear	2939		Homo sapiens	SAfiA-327-10	false	ncbi-genbank	224a5eb47b06c8964dd4389aae29159c3be157d5c34abc4aac98d5ee7dbaa71a				
MN770259	MN770259.1	TTV-like mini virus	Betatorquevirus	Anelloviridae	Viruses; Floreoviria; Shotokuvirae; Commensaviricota; Cardeaviricetes; Sanitavirales; Anelloviridae; Betatorquevirus; Betatorquevirus homini36	DNA	linear	2764		Homo sapiens	SAfiA-388-143	false	ncbi-genbank	4700f5d598120bdbad8ad4565075377dbfae3615833ba702944e7b562974a639				
MN770260	MN770260.1	TTV-like mini virus	Betatorquevirus	Anelloviridae	Viruses; Floreoviria; Shotokuvirae; Commensaviricota; Cardeaviricetes; Sanitavirales; Anelloviridae; Betatorquevirus; Betatorquevirus homini36	DNA	linear	2819		Homo sapiens	SAfiA-393-24	false	ncbi-genbank	c67eb84f8f2f8d34436189fb4a37529d1a97f6b11ec4f1c4592e25f3d3bd2439				
MN770262	MN770262.1	TTV-like mini virus	Betatorquevirus	Anelloviridae	Viruses; Floreoviria; Shotokuvirae; Commensaviricota; Cardeaviricetes; Sanitavirales; Anelloviridae; Betatorquevirus; Betatorquevirus homini36	DNA	linear	2881		Homo sapiens	SAfiA-552-25	false	ncbi-genbank	cce1a3e3b3f9ce353e6c66ade3b49a43524af3fd023d220a0053a19adf27b96a				
MN770264	MN770264.1	TTV-like mini virus	Betatorquevirus	Anelloviridae	Viruses; Floreoviria; Shotokuvirae; Commensaviricota; Cardeaviricetes; Sanitavirales; Anelloviridae; Betatorquevirus; Betatorquevirus homini36	DNA	linear	2819		Homo sapiens	SAfiA-569-46	false	ncbi-genbank	7df4d196e7f08850522e8ed5ec0ecfe93a6c1caed7840cbe3660f07313d358b4				
MN770265	MN770265.1	TTV-like mini virus	Betatorquevirus	Anelloviridae	Viruses; Floreoviria; Shotokuvirae; Commensaviricota; Cardeaviricetes; Sanitavirales; Anelloviridae; Betatorquevirus; Betatorquevirus homini36	DNA	linear	2774		Homo sapiens	SAfiA-573-45	false	ncbi-genbank	33bc6dc2abb86b06e2e4de97d68cbf46ac9be096fddf02e1e0687d5e3bb71bc1				
MN770266	MN770266.1	TTV-like mini virus	Betatorquevirus	Anelloviridae	Viruses; Floreoviria; Shotokuvirae; Commensaviricota; Cardeaviricetes; Sanitavirales; Anelloviridae; Betatorquevirus; Betatorquevirus homini36	DNA	linear	2711		Homo sapiens	SAfiA-587-311	false	ncbi-genbank	4362a857336dfd3f822f122fe5af5dfb3a49e9afe0dc8c58975792ce3ba99cca				
MN770267	MN770267.1	TTV-like mini virus	Betatorquevirus	Anelloviridae	Viruses; Floreoviria; Shotokuvirae; Commensaviricota; Cardeaviricetes; Sanitavirales; Anelloviridae; Betatorquevirus; Betatorquevirus homini36	DNA	linear	2859		Homo sapiens	SAfiA-587-393	false	ncbi-genbank	e94bfe713099aacb281334f47b51e37592157245daa3b7557776d8e77519989f				
MN770273	MN770273.1	TTV-like mini virus	Betatorquevirus	Anelloviridae	Viruses; Floreoviria; Shotokuvirae; Commensaviricota; Cardeaviricetes; Sanitavirales; Anelloviridae; Betatorquevirus; Betatorquevirus homini36	DNA	linear	2802		Homo sapiens	SAfiA-824-3	false	ncbi-genbank	706415fb8bfd11c59e3b923d99fdd045f0482cfb4f4b23915867db8f9eb13d82				
MN770277	MN770277.1	TTV-like mini virus	Betatorquevirus	Anelloviridae	Viruses; Floreoviria; Shotokuvirae; Commensaviricota; Cardeaviricetes; Sanitavirales; Anelloviridae; Betatorquevirus; Betatorquevirus homini36	DNA	linear	2771		Homo sapiens	SAfiA-87-49	false	ncbi-genbank	9979d1525eb2c14ba10538a0bfa606b2a1d60e5fcff66b349ab9a9e2cfed9a04				
MN770279	MN770279.1	TTV-like mini virus	Betatorquevirus	Anelloviridae	Viruses; Floreoviria; Shotokuvirae; Commensaviricota; Cardeaviricetes; Sanitavirales; Anelloviridae; Betatorquevirus; Betatorquevirus homini36	DNA	linear	2912		Homo sapiens	SAfiA-10-11	false	ncbi-genbank	c3fc6a48ab94f858d1c5ce9a58d8da5bda7179946f855ea6c88a5e3ac39a1b63				
MN770282	MN770282.1	TTV-like mini virus	Betatorquevirus	Anelloviridae	Viruses; Floreoviria; Shotokuvirae; Commensaviricota; Cardeaviricetes; Sanitavirales; Anelloviridae; Betatorquevirus; Betatorquevirus homini36	DNA	linear	2944		Homo sapiens	SAfiA-116-18	false	ncbi-genbank	79a6940cce9a5f3eeaa312d6cefb09b9aa05818db1ef563eda315b6ef3e60a45				
MN770283	MN770283.1	TTV-like mini virus	Betatorquevirus	Anelloviridae	Viruses; Floreoviria; Shotokuvirae; Commensaviricota; Cardeaviricetes; Sanitavirales; Anelloviridae; Betatorquevirus; Betatorquevirus homini36	DNA	linear	2898		Homo sapiens	SAfiA-122-9	false	ncbi-genbank	cf22babbf48cd2fbeec5621cf6b79d7c054d9c11569d25b1347ae117b207fc0a				
MN770285	MN770285.1	TTV-like mini virus	Betatorquevirus	Anelloviridae	Viruses; Floreoviria; Shotokuvirae; Commensaviricota; Cardeaviricetes; Sanitavirales; Anelloviridae; Betatorquevirus; Betatorquevirus homini36	DNA	linear	2916		Homo sapiens	SAfiA-125-14	false	ncbi-genbank	af665fc90fc235dcd7ddecc3d013c22213fc342c2a1bf881f571a7f6f5c6f9c8				
MN770293	MN770293.1	TTV-like mini virus	Betatorquevirus	Anelloviridae	Viruses; Floreoviria; Shotokuvirae; Commensaviricota; Cardeaviricetes; Sanitavirales; Anelloviridae; Betatorquevirus; Betatorquevirus homini36	DNA	linear	2916		Homo sapiens	SAfiA-274-24	false	ncbi-genbank	b6b3ea5ce2d6bf4ecabd3c37efc360a547378afa22ab23cdca383775dd49cca3				
MN770297	MN770297.1	TTV-like mini virus	Betatorquevirus	Anelloviridae	Viruses; Floreoviria; Shotokuvirae; Commensaviricota; Cardeaviricetes; Sanitavirales; Anelloviridae; Betatorquevirus; Betatorquevirus homini36	DNA	linear	2937		Homo sapiens	SAfiA-327-3	false	ncbi-genbank	04a1f5a345edf4e7083d6af1ebfbdcd50a9f9b9b17193566bd18533dcb5beebb				
MN770301	MN770301.1	TTV-like mini virus	Betatorquevirus	Anelloviridae	Viruses; Floreoviria; Shotokuvirae; Commensaviricota; Cardeaviricetes; Sanitavirales; Anelloviridae; Betatorquevirus; Betatorquevirus homini36	DNA	linear	2944		Homo sapiens	SAfiA-34-7	false	ncbi-genbank	bc7c894ee0aebff7b441a6d6ab017cc280e084cac85aacc54be47262f265b83d				
MN770302	MN770302.1	TTV-like mini virus	Betatorquevirus	Anelloviridae	Viruses; Floreoviria; Shotokuvirae; Commensaviricota; Cardeaviricetes; Sanitavirales; Anelloviridae; Betatorquevirus; Betatorquevirus homini36	DNA	linear	2939		Homo sapiens	SAfiA-350-17	false	ncbi-genbank	22bb98104fdb31db722e90e3aafd580a5ee358281654cc5afc6c6a161092063e				
MN770303	MN770303.1	TTV-like mini virus	Betatorquevirus	Anelloviridae	Viruses; Floreoviria; Shotokuvirae; Commensaviricota; Cardeaviricetes; Sanitavirales; Anelloviridae; Betatorquevirus; Betatorquevirus homini36	DNA	linear	2824		Homo sapiens	SAfiA-350-39	false	ncbi-genbank	7f6511179d0cd823eec47802341e221f5349049e96ec8f73ce6b3fed47016765				
MN770305	MN770305.1	TTV-like mini virus	Betatorquevirus	Anelloviridae	Viruses; Floreoviria; Shotokuvirae; Commensaviricota; Cardeaviricetes; Sanitavirales; Anelloviridae; Betatorquevirus; Betatorquevirus homini36	DNA	linear	2946		Homo sapiens	SAfiA-388-20	false	ncbi-genbank	911356c9af291409e2c8f44ca1c596a8541a7852fde438915522fd15705d4e8c				
MN770307	MN770307.1	TTV-like mini virus	Betatorquevirus	Anelloviridae	Viruses; Floreoviria; Shotokuvirae; Commensaviricota; Cardeaviricetes; Sanitavirales; Anelloviridae; Betatorquevirus; Betatorquevirus homini36	DNA	linear	2959		Homo sapiens	SAfiA-388-50	false	ncbi-genbank	7ea474e055cefdc952052cb0798e498ce7e0f76cfd02821ded5c2abd26d12e81				
MN770308	MN770308.1	TTV-like mini virus	Betatorquevirus	Anelloviridae	Viruses; Floreoviria; Shotokuvirae; Commensaviricota; Cardeaviricetes; Sanitavirales; Anelloviridae; Betatorquevirus; Betatorquevirus homini36	DNA	linear	2862		Homo sapiens	SAfiA-401-22	false	ncbi-genbank	ac3562811f4464f422c0d8fb43f70d3012c906efcdac20832a4482bb39cb9a6a				
MN770312	MN770312.1	TTV-like mini virus	Betatorquevirus	Anelloviridae	Viruses; Floreoviria; Shotokuvirae; Commensaviricota; Cardeaviricetes; Sanitavirales; Anelloviridae; Betatorquevirus; Betatorquevirus homini36	DNA	linear	2838		Homo sapiens	SAfiA-4-20	false	ncbi-genbank	70bfb52ee3be8d66b679bdc63ee8ef1a8a3df761666c141f85daadb71184657e				
MN770317	MN770317.1	TTV-like mini virus	Betatorquevirus	Anelloviridae	Viruses; Floreoviria; Shotokuvirae; Commensaviricota; Cardeaviricetes; Sanitavirales; Anelloviridae; Betatorquevirus; Betatorquevirus homini36	DNA	linear	2870		Homo sapiens	SAfiA-491-15	false	ncbi-genbank	2d3048a0ee808405c8206766d56f0702a89000b32e33da1f24c5b7a68cd07b4e				
MN770318	MN770318.1	TTV-like mini virus	Betatorquevirus	Anelloviridae	Viruses; Floreoviria; Shotokuvirae; Commensaviricota; Cardeaviricetes; Sanitavirales; Anelloviridae; Betatorquevirus; Betatorquevirus homini36	DNA	linear	2821		Homo sapiens	SAfiA-514-29	false	ncbi-genbank	69ba2197c891bc3b2b638b02e499ab94d5877d14756de67ff946995aaaec27d1				
MN770320	MN770320.1	TTV-like mini virus	Betatorquevirus	Anelloviridae	Viruses; Floreoviria; Shotokuvirae; Commensaviricota; Cardeaviricetes; Sanitavirales; Anelloviridae; Betatorquevirus; Betatorquevirus homini36	DNA	linear	2917		Homo sapiens	SAfiA-55-16	false	ncbi-genbank	79ebb6ef0e58666190ff555acb960c87f4d8fbbf3f01a40b80f10f9fb07643c1				
MN770322	MN770322.1	TTV-like mini virus	Betatorquevirus	Anelloviridae	Viruses; Floreoviria; Shotokuvirae; Commensaviricota; Cardeaviricetes; Sanitavirales; Anelloviridae; Betatorquevirus; Betatorquevirus homini36	DNA	linear	2902		Homo sapiens	SAfiA-573-25	false	ncbi-genbank	acbc18192fa0568dc97665e107ef704ca8bca8db1d595cc584b113a26b10a3e1				
MN770323	MN770323.1	TTV-like mini virus	Betatorquevirus	Anelloviridae	Viruses; Floreoviria; Shotokuvirae; Commensaviricota; Cardeaviricetes; Sanitavirales; Anelloviridae; Betatorquevirus; Betatorquevirus homini36	DNA	linear	2920		Homo sapiens	SAfiA-581-11	false	ncbi-genbank	20cd780f634f726e614f8ce158a93ffc600501e16e7da54083054480d8f69eaa				
MN770324	MN770324.1	TTV-like mini virus	Betatorquevirus	Anelloviridae	Viruses; Floreoviria; Shotokuvirae; Commensaviricota; Cardeaviricetes; Sanitavirales; Anelloviridae; Betatorquevirus; Betatorquevirus homini36	DNA	linear	2916		Homo sapiens	SAfiA-587-39	false	ncbi-genbank	5295e01ca78d6cb1f8014a8e93d87af8ea25c0be29c6c6e0e36fcd96fa37a0b5				
MN770328	MN770328.1	TTV-like mini virus	Betatorquevirus	Anelloviridae	Viruses; Floreoviria; Shotokuvirae; Commensaviricota; Cardeaviricetes; Sanitavirales; Anelloviridae; Betatorquevirus; Betatorquevirus homini36	DNA	linear	2907		Homo sapiens	SAfiA-666-11	false	ncbi-genbank	2007d144edd573d9f904c110d63fc86aa5d6651e21b63db5c25dfd88dae37bf0				
MN770330	MN770330.1	TTV-like mini virus	Betatorquevirus	Anelloviridae	Viruses; Floreoviria; Shotokuvirae; Commensaviricota; Cardeaviricetes; Sanitavirales; Anelloviridae; Betatorquevirus; Betatorquevirus homini36	DNA	linear	2873		Homo sapiens	SAfiA-69B-45	false	ncbi-genbank	d3186531f6578c1ad6bb019773a36fd32f87019ea7db11d1a43d294782229187				
MN770331	MN770331.1	TTV-like mini virus	Betatorquevirus	Anelloviridae	Viruses; Floreoviria; Shotokuvirae; Commensaviricota; Cardeaviricetes; Sanitavirales; Anelloviridae; Betatorquevirus; Betatorquevirus homini36	DNA	linear	2895		Homo sapiens	SAfiA-765-10	false	ncbi-genbank	6301a5aa28b1a65513a3e2820b099099b389ff0ccde568329fa4046fa95d08a8				
MN770332	MN770332.1	TTV-like mini virus	Betatorquevirus	Anelloviridae	Viruses; Floreoviria; Shotokuvirae; Commensaviricota; Cardeaviricetes; Sanitavirales; Anelloviridae; Betatorquevirus; Betatorquevirus homini36	DNA	linear	2883		Homo sapiens	SAfiA-791-116	false	ncbi-genbank	ffc53b408baa5d032e0c8215a0fa36cf772b13bcff06b895ae08b2636b168b68				
MN770333	MN770333.1	TTV-like mini virus	Betatorquevirus	Anelloviridae	Viruses; Floreoviria; Shotokuvirae; Commensaviricota; Cardeaviricetes; Sanitavirales; Anelloviridae; Betatorquevirus; Betatorquevirus homini36	DNA	linear	2939		Homo sapiens	SAfiA-842-3	false	ncbi-genbank	a38ac7e1122f773117d082dd91707fea331966e1a0a4606aeebc212edfff2696				
MN770334	MN770334.1	TTV-like mini virus	Betatorquevirus	Anelloviridae	Viruses; Floreoviria; Shotokuvirae; Commensaviricota; Cardeaviricetes; Sanitavirales; Anelloviridae; Betatorquevirus; Betatorquevirus homini36	DNA	linear	2859		Homo sapiens	SAfiA-865-110	false	ncbi-genbank	c432176dcc54b12ac8419de318dadba8bba890b8d1728e15d0881427c6c94523				
MN770335	MN770335.1	TTV-like mini virus	Betatorquevirus	Anelloviridae	Viruses; Floreoviria; Shotokuvirae; Commensaviricota; Cardeaviricetes; Sanitavirales; Anelloviridae; Betatorquevirus; Betatorquevirus homini36	DNA	linear	2861		Homo sapiens	SAfiA-87-32	false	ncbi-genbank	093f0553c1f53df5b21b353bb969e5cd681ef24094ef38ee9a83435153a6245e				
MN770336	MN770336.1	TTV-like mini virus	Betatorquevirus	Anelloviridae	Viruses; Floreoviria; Shotokuvirae; Commensaviricota; Cardeaviricetes; Sanitavirales; Anelloviridae; Betatorquevirus; Betatorquevirus homini36	DNA	linear	2914		Homo sapiens	SAfiA-100A-28	false	ncbi-genbank	952cac751dbd2faad708973ff3ef37088873eba117bc804f88ee402402d5e035				
MN770337	MN770337.1	TTV-like mini virus	Betatorquevirus	Anelloviridae	Viruses; Floreoviria; Shotokuvirae; Commensaviricota; Cardeaviricetes; Sanitavirales; Anelloviridae; Betatorquevirus; Betatorquevirus homini36	DNA	linear	2895		Homo sapiens	SAfiA-234-12	false	ncbi-genbank	62cc7e3a965960f2e361cf34217b37c15e658691e39caff2091aadfc4176ad4c				
MN770338	MN770338.1	TTV-like mini virus	Betatorquevirus	Anelloviridae	Viruses; Floreoviria; Shotokuvirae; Commensaviricota; Cardeaviricetes; Sanitavirales; Anelloviridae; Betatorquevirus; Betatorquevirus homini36	DNA	linear	2937		Homo sapiens	SAfiA-235-21	false	ncbi-genbank	9fb3b5f8b82ffd450c3e782e37ccb7a951c121ec52c0b67a3a3a75f9e636f519				
MN770341	MN770341.1	TTV-like mini virus	Betatorquevirus	Anelloviridae	Viruses; Floreoviria; Shotokuvirae; Commensaviricota; Cardeaviricetes; Sanitavirales; Anelloviridae; Betatorquevirus; Betatorquevirus homini36	DNA	linear	2929		Homo sapiens	SAfiA-278-7	false	ncbi-genbank	2e38670fe1eb80fc266ba70458a3af726651f795cd1983ffa92ee2f432c4aa7b				
MN770342	MN770342.1	TTV-like mini virus	Betatorquevirus	Anelloviridae	Viruses; Floreoviria; Shotokuvirae; Commensaviricota; Cardeaviricetes; Sanitavirales; Anelloviridae; Betatorquevirus; Betatorquevirus homini36	DNA	linear	2921		Homo sapiens	SAfiA-27-9	false	ncbi-genbank	cc59da5c7529b9f60cdf4c27be9c4f175c5ee00050393509758f28f4b4a712b6				
MN770344	MN770344.1	TTV-like mini virus	Betatorquevirus	Anelloviridae	Viruses; Floreoviria; Shotokuvirae; Commensaviricota; Cardeaviricetes; Sanitavirales; Anelloviridae; Betatorquevirus; Betatorquevirus homini36	DNA	linear	2856		Homo sapiens	SAfiA-330-12	false	ncbi-genbank	822d4628839b07c91279d34b215442f886c33ceb3b54d157d83ee694b7ba9c36				
MN770345	MN770345.1	TTV-like mini virus	Betatorquevirus	Anelloviridae	Viruses; Floreoviria; Shotokuvirae; Commensaviricota; Cardeaviricetes; Sanitavirales; Anelloviridae; Betatorquevirus; Betatorquevirus homini36	DNA	linear	2929		Homo sapiens	SAfiA-33-15	false	ncbi-genbank	015f16d75f2a0b5534ce177dfb8ad5777ce92ace5a802f3115c47b0b04ff9bd3				
MN770346	MN770346.1	TTV-like mini virus	Betatorquevirus	Anelloviridae	Viruses; Floreoviria; Shotokuvirae; Commensaviricota; Cardeaviricetes; Sanitavirales; Anelloviridae; Betatorquevirus; Betatorquevirus homini36	DNA	linear	2920		Homo sapiens	SAfiA-332-4	false	ncbi-genbank	082390422659cb165a70fce68ce90462736d9266f2f37000fb3ab6ce9f30de82				
MN770347	MN770347.1	TTV-like mini virus	Betatorquevirus	Anelloviridae	Viruses; Floreoviria; Shotokuvirae; Commensaviricota; Cardeaviricetes; Sanitavirales; Anelloviridae; Betatorquevirus; Betatorquevirus homini36	DNA	linear	2891		Homo sapiens	SAfiA-334-17	false	ncbi-genbank	e62ba6d7ec00050b627905474ba2d155c2d005ead2fb53cda6fcc7f680acd2ca				
MN770349	MN770349.1	TTV-like mini virus	Betatorquevirus	Anelloviridae	Viruses; Floreoviria; Shotokuvirae; Commensaviricota; Cardeaviricetes; Sanitavirales; Anelloviridae; Betatorquevirus; Betatorquevirus homini36	DNA	linear	2972		Homo sapiens	SAfiA-338-13	false	ncbi-genbank	3231f1f20072fc435840566c790c90db55f48cdb8a8c900b5f02e754740c35f3				
MN770350	MN770350.1	TTV-like mini virus	Betatorquevirus	Anelloviridae	Viruses; Floreoviria; Shotokuvirae; Commensaviricota; Cardeaviricetes; Sanitavirales; Anelloviridae; Betatorquevirus; Betatorquevirus homini36	DNA	linear	2824		Homo sapiens	SAfiA-346-22	false	ncbi-genbank	3409e01784695cdc775e687f106bb3929862775354a99b27e9b4806459c44c3f				
MN770351	MN770351.1	TTV-like mini virus	Betatorquevirus	Anelloviridae	Viruses; Floreoviria; Shotokuvirae; Commensaviricota; Cardeaviricetes; Sanitavirales; Anelloviridae; Betatorquevirus; Betatorquevirus homini36	DNA	linear	2882		Homo sapiens	SAfiA-346-30	false	ncbi-genbank	b0f60799251f85b480784c98ea89330efbdd7980e613697fa075c25426f91525				
MN770352	MN770352.1	TTV-like mini virus	Betatorquevirus	Anelloviridae	Viruses; Floreoviria; Shotokuvirae; Commensaviricota; Cardeaviricetes; Sanitavirales; Anelloviridae; Betatorquevirus; Betatorquevirus homini36	DNA	linear	2867		Homo sapiens	SAfiA-352-13	false	ncbi-genbank	5180208e9a0fcb7a4aa037214451bbd26ac835b467235c78fd7c5e6e45029d6e				
MN770353	MN770353.1	TTV-like mini virus	Betatorquevirus	Anelloviridae	Viruses; Floreoviria; Shotokuvirae; Commensaviricota; Cardeaviricetes; Sanitavirales; Anelloviridae; Betatorquevirus; Betatorquevirus homini36	DNA	linear	2902		Homo sapiens	SAfiA-360-15	false	ncbi-genbank	fb1447b27114ed2d91366b22a81eb499b6e684eceaf2b6618878e95d9f69762f				
MN770355	MN770355.1	TTV-like mini virus	Betatorquevirus	Anelloviridae	Viruses; Floreoviria; Shotokuvirae; Commensaviricota; Cardeaviricetes; Sanitavirales; Anelloviridae; Betatorquevirus; Betatorquevirus homini36	DNA	linear	2847		Homo sapiens	SAfiA-361-28	false	ncbi-genbank	a2523fa460b9fa636940bda05fa163822591964aa6d58144b3d5985df052de76				
MN770357	MN770357.1	TTV-like mini virus	Betatorquevirus	Anelloviridae	Viruses; Floreoviria; Shotokuvirae; Commensaviricota; Cardeaviricetes; Sanitavirales; Anelloviridae; Betatorquevirus; Betatorquevirus homini36	DNA	linear	2962		Homo sapiens	SAfiA-369-12	false	ncbi-genbank	2667f0ec21c37ccfaff7c0052d9ac86a8ad7a07f8070536a121577cf346dd38c				
MN770359	MN770359.1	TTV-like mini virus	Betatorquevirus	Anelloviridae	Viruses; Floreoviria; Shotokuvirae; Commensaviricota; Cardeaviricetes; Sanitavirales; Anelloviridae; Betatorquevirus; Betatorquevirus homini36	DNA	linear	2958		Homo sapiens	SAfiA-387-1	false	ncbi-genbank	aafafd72d62fe97229edcce76082ae8b90b0eccc754e036b5124066d18f9ea6b				
MN770360	MN770360.1	TTV-like mini virus	Betatorquevirus	Anelloviridae	Viruses; Floreoviria; Shotokuvirae; Commensaviricota; Cardeaviricetes; Sanitavirales; Anelloviridae; Betatorquevirus; Betatorquevirus homini36	DNA	linear	2891		Homo sapiens	SAfiA-387-4	false	ncbi-genbank	e1e35339436bb0e812ae8d2eb95605a4b8f98b2a81c5c5d1bfb6c2d4c38af52b				
MN770361	MN770361.1	TTV-like mini virus	Betatorquevirus	Anelloviridae	Viruses; Floreoviria; Shotokuvirae; Commensaviricota; Cardeaviricetes; Sanitavirales; Anelloviridae; Betatorquevirus; Betatorquevirus homini36	DNA	linear	2845		Homo sapiens	SAfiA-388-125	false	ncbi-genbank	655e1ff62744f03a5170a3131717176bc158d1b3e449299fc527d04d63736602				
MN770362	MN770362.1	TTV-like mini virus	Betatorquevirus	Anelloviridae	Viruses; Floreoviria; Shotokuvirae; Commensaviricota; Cardeaviricetes; Sanitavirales; Anelloviridae; Betatorquevirus; Betatorquevirus homini36	DNA	linear	2893		Homo sapiens	SAfiA-388-128	false	ncbi-genbank	13b1729caf6fea9b37cef1c0db92f5a5a55312f22001bc45b7c07b7bb8b17256				
MN770364	MN770364.1	TTV-like mini virus	Betatorquevirus	Anelloviridae	Viruses; Floreoviria; Shotokuvirae; Commensaviricota; Cardeaviricetes; Sanitavirales; Anelloviridae; Betatorquevirus; Betatorquevirus homini36	DNA	linear	2883		Homo sapiens	SAfiA-388-62	false	ncbi-genbank	e2d021105ed322cbccd4df88e0a64ba55228a33209a0cbf39349d0fa79f452b5				
MN770366	MN770366.1	TTV-like mini virus	Betatorquevirus	Anelloviridae	Viruses; Floreoviria; Shotokuvirae; Commensaviricota; Cardeaviricetes; Sanitavirales; Anelloviridae; Betatorquevirus; Betatorquevirus homini36	DNA	linear	2901		Homo sapiens	SAfiA-42-3	false	ncbi-genbank	26b745f5e9996e45274fbac7ec67e2a2bf147d46c2e62d99f0bb7437748d6382				
MN770367	MN770367.1	TTV-like mini virus	Betatorquevirus	Anelloviridae	Viruses; Floreoviria; Shotokuvirae; Commensaviricota; Cardeaviricetes; Sanitavirales; Anelloviridae; Betatorquevirus; Betatorquevirus homini36	DNA	linear	2900		Homo sapiens	SAfiA-427-3	false	ncbi-genbank	3c82ed85dcae7cba028145ed91049afb883af0c5bada6d95b3b5b867ca17300b				
MN770371	MN770371.1	TTV-like mini virus	Betatorquevirus	Anelloviridae	Viruses; Floreoviria; Shotokuvirae; Commensaviricota; Cardeaviricetes; Sanitavirales; Anelloviridae; Betatorquevirus; Betatorquevirus homini36	DNA	linear	2877		Homo sapiens	SAfiA-512-7	false	ncbi-genbank	d561ada09697e8139d4578fbb35a269590f9a395500b3ef2896cf99204ca2503				
MN770374	MN770374.1	TTV-like mini virus	Betatorquevirus	Anelloviridae	Viruses; Floreoviria; Shotokuvirae; Commensaviricota; Cardeaviricetes; Sanitavirales; Anelloviridae; Betatorquevirus; Betatorquevirus homini36	DNA	linear	2888		Homo sapiens	SAfiA-542-39	false	ncbi-genbank	46ad75740e56f2759776ba6ba393ce0e22c7a507aae3a883a1e9d30aa769e138				
MN770375	MN770375.1	TTV-like mini virus	Betatorquevirus	Anelloviridae	Viruses; Floreoviria; Shotokuvirae; Commensaviricota; Cardeaviricetes; Sanitavirales; Anelloviridae; Betatorquevirus; Betatorquevirus homini36	DNA	linear	2877		Homo sapiens	SAfiA-552-23	false	ncbi-genbank	9785a1c2f29bfd2d97fe0da1376dada5c9038b1216020ad2919fbec2a2501bb1				
MN770378	MN770378.1	TTV-like mini virus	Betatorquevirus	Anelloviridae	Viruses; Floreoviria; Shotokuvirae; Commensaviricota; Cardeaviricetes; Sanitavirales; Anelloviridae; Betatorquevirus; Betatorquevirus homini36	DNA	linear	2844		Homo sapiens	SAfiA-564-3	false	ncbi-genbank	a5b1ee197b5d83cd90864e6c8a0dac4724de0b0ee08c9c9adfa4a28529e1f239				
MN770379	MN770379.1	TTV-like mini virus	Betatorquevirus	Anelloviridae	Viruses; Floreoviria; Shotokuvirae; Commensaviricota; Cardeaviricetes; Sanitavirales; Anelloviridae; Betatorquevirus; Betatorquevirus homini36	DNA	linear	2923		Homo sapiens	SAfiA-565-10	false	ncbi-genbank	b57fd6063c82717ac36b4d12ec21c9c1b8be697020691f72debff622519dbaab				
MN770382	MN770382.1	TTV-like mini virus	Betatorquevirus	Anelloviridae	Viruses; Floreoviria; Shotokuvirae; Commensaviricota; Cardeaviricetes; Sanitavirales; Anelloviridae; Betatorquevirus; Betatorquevirus homini36	DNA	linear	2938		Homo sapiens	SAfiA-578-6	false	ncbi-genbank	f8524d05090649db050c8a5a649255834023b44854c64be9d5b45828bebb83f5				
MN770383	MN770383.1	TTV-like mini virus	Betatorquevirus	Anelloviridae	Viruses; Floreoviria; Shotokuvirae; Commensaviricota; Cardeaviricetes; Sanitavirales; Anelloviridae; Betatorquevirus; Betatorquevirus homini36	DNA	linear	2954		Homo sapiens	SAfiA-587-19	false	ncbi-genbank	19b60cccf5d2ca3b70363af8318aab6d8498b7c6435c0a1d6f73c683913798cf				
MN770384	MN770384.1	TTV-like mini virus	Betatorquevirus	Anelloviridae	Viruses; Floreoviria; Shotokuvirae; Commensaviricota; Cardeaviricetes; Sanitavirales; Anelloviridae; Betatorquevirus; Betatorquevirus homini36	DNA	linear	2887		Homo sapiens	SAfiA-587-51	false	ncbi-genbank	8ed638b0b6a7a5d051f68da5e8a886da5e5bdae1e32abdb4dfc5e4d3f17cf0b6				
MN770386	MN770386.1	TTV-like mini virus	Betatorquevirus	Anelloviridae	Viruses; Floreoviria; Shotokuvirae; Commensaviricota; Cardeaviricetes; Sanitavirales; Anelloviridae; Betatorquevirus; Betatorquevirus homini36	DNA	linear	2845		Homo sapiens	SAfiA-590-58	false	ncbi-genbank	5b46e309a685b55631ec34b845c7e51e78d8cfe9c51454026c5a0cae861f98df				
MN770389	MN770389.1	TTV-like mini virus	Betatorquevirus	Anelloviridae	Viruses; Floreoviria; Shotokuvirae; Commensaviricota; Cardeaviricetes; Sanitavirales; Anelloviridae; Betatorquevirus; Betatorquevirus homini36	DNA	linear	2837		Homo sapiens	SAfiA-6-15	false	ncbi-genbank	df2bf19f9e0f9ef6cf04812ab8d25260088b75d6e7d71132e6bd7de69b4e6e13				
MN770390	MN770390.1	TTV-like mini virus	Betatorquevirus	Anelloviridae	Viruses; Floreoviria; Shotokuvirae; Commensaviricota; Cardeaviricetes; Sanitavirales; Anelloviridae; Betatorquevirus; Betatorquevirus homini36	DNA	linear	2862		Homo sapiens	SAfiA-615-676	false	ncbi-genbank	83c48381a174f2444d18d67fb47239948cb0115904566130b6ac4ae9a8a97dc0				
MN770392	MN770392.1	TTV-like mini virus	Betatorquevirus	Anelloviridae	Viruses; Floreoviria; Shotokuvirae; Commensaviricota; Cardeaviricetes; Sanitavirales; Anelloviridae; Betatorquevirus; Betatorquevirus homini36	DNA	linear	2825		Homo sapiens	SAfiA-644-9	false	ncbi-genbank	0d94d1350929adfa048a11707a317be8b8a66c1af298af7e96068f797c50b3bb				
MN770393	MN770393.1	TTV-like mini virus	Betatorquevirus	Anelloviridae	Viruses; Floreoviria; Shotokuvirae; Commensaviricota; Cardeaviricetes; Sanitavirales; Anelloviridae; Betatorquevirus; Betatorquevirus homini36	DNA	linear	2977		Homo sapiens	SAfiA-668-2	false	ncbi-genbank	2764750764bc5722aff7ea39d102400a1c2f5e272284814d544c33945a6587f8				
MN770395	MN770395.1	TTV-like mini virus	Betatorquevirus	Anelloviridae	Viruses; Floreoviria; Shotokuvirae; Commensaviricota; Cardeaviricetes; Sanitavirales; Anelloviridae; Betatorquevirus; Betatorquevirus homini36	DNA	linear	2781		Homo sapiens	SAfiA-676-31	false	ncbi-genbank	513c097bf63821dc10a23044fbbe0dbb58e8551ba3d9bde35d46610b8a17707b				
MN770396	MN770396.1	TTV-like mini virus	Betatorquevirus	Anelloviridae	Viruses; Floreoviria; Shotokuvirae; Commensaviricota; Cardeaviricetes; Sanitavirales; Anelloviridae; Betatorquevirus; Betatorquevirus homini36	DNA	linear	2948		Homo sapiens	SAfiA-680-4	false	ncbi-genbank	0489d210f027f883cf34ac0a0eb0dc0636d81da82692bb7b16a3b68ac888e1c6				
MN770398	MN770398.1	TTV-like mini virus	Betatorquevirus	Anelloviridae	Viruses; Floreoviria; Shotokuvirae; Commensaviricota; Cardeaviricetes; Sanitavirales; Anelloviridae; Betatorquevirus; Betatorquevirus homini36	DNA	linear	2849		Homo sapiens	SAfiA-701-9	false	ncbi-genbank	1ba1490946cefea060d16976f676c5ba1d56ade097b6899378a3f292c9ed5a7c				
MN770401	MN770401.1	TTV-like mini virus	Betatorquevirus	Anelloviridae	Viruses; Floreoviria; Shotokuvirae; Commensaviricota; Cardeaviricetes; Sanitavirales; Anelloviridae; Betatorquevirus; Betatorquevirus homini36	DNA	linear	2856		Homo sapiens	SAfiA-77-120	false	ncbi-genbank	053d95dac031bfe7036b7018d4b077ddb2ec327d9e3112b4575ccaeb35843f62				
MN770403	MN770403.1	TTV-like mini virus	Betatorquevirus	Anelloviridae	Viruses; Floreoviria; Shotokuvirae; Commensaviricota; Cardeaviricetes; Sanitavirales; Anelloviridae; Betatorquevirus; Betatorquevirus homini36	DNA	linear	2913		Homo sapiens	SAfiA-77-92	false	ncbi-genbank	c986d3ccbaf109f2f415143b33685069a5efe920b09a56c64e53d72d7c17941e				
MN770405	MN770405.1	TTV-like mini virus	Betatorquevirus	Anelloviridae	Viruses; Floreoviria; Shotokuvirae; Commensaviricota; Cardeaviricetes; Sanitavirales; Anelloviridae; Betatorquevirus; Betatorquevirus homini36	DNA	linear	2812		Homo sapiens	SAfiA-787-10	false	ncbi-genbank	6cc25d9bce6e1d86ba8e0827c4fae59e35e2ec55ae6c40e3d2e7de0464a0354b				
MN770406	MN770406.1	TTV-like mini virus	Betatorquevirus	Anelloviridae	Viruses; Floreoviria; Shotokuvirae; Commensaviricota; Cardeaviricetes; Sanitavirales; Anelloviridae; Betatorquevirus; Betatorquevirus homini36	DNA	linear	2902		Homo sapiens	SAfiA-787-13	false	ncbi-genbank	cc36827cca53eed5bdac0e6af6336c0df1a8fb150bdc8a28e61b05cd69bb9af8				
MN770407	MN770407.1	TTV-like mini virus	Betatorquevirus	Anelloviridae	Viruses; Floreoviria; Shotokuvirae; Commensaviricota; Cardeaviricetes; Sanitavirales; Anelloviridae; Betatorquevirus; Betatorquevirus homini36	DNA	linear	2945		Homo sapiens	SAfiA-787-7	false	ncbi-genbank	16737ba05a43dc9689264c6d158cc826346c6698c3b0bf1fa3a2ec3c9272cd01				
MN770408	MN770408.1	TTV-like mini virus	Betatorquevirus	Anelloviridae	Viruses; Floreoviria; Shotokuvirae; Commensaviricota; Cardeaviricetes; Sanitavirales; Anelloviridae; Betatorquevirus; Betatorquevirus homini36	DNA	linear	2851		Homo sapiens	SAfiA-789-6	false	ncbi-genbank	ee5472733ae99d463c2f06e251cb24d90ddf5c1a59c5863aa96a8e0e80123030				
MN770410	MN770410.1	TTV-like mini virus	Betatorquevirus	Anelloviridae	Viruses; Floreoviria; Shotokuvirae; Commensaviricota; Cardeaviricetes; Sanitavirales; Anelloviridae; Betatorquevirus; Betatorquevirus homini36	DNA	linear	2912		Homo sapiens	SAfiA-794-3	false	ncbi-genbank	16966fd8b3366884fc0ae555534f0f6d76dabc86a6562c2374e39053b1532f2e				
MN770411	MN770411.1	TTV-like mini virus	Betatorquevirus	Anelloviridae	Viruses; Floreoviria; Shotokuvirae; Commensaviricota; Cardeaviricetes; Sanitavirales; Anelloviridae; Betatorquevirus; Betatorquevirus homini36	DNA	linear	2988		Homo sapiens	SAfiA-795-11	false	ncbi-genbank	6a459ed15a6b1addf5496e3a652f6cb28399f42b61e08a738d087c8eb4efa50b				
MN770413	MN770413.1	TTV-like mini virus	Betatorquevirus	Anelloviridae	Viruses; Floreoviria; Shotokuvirae; Commensaviricota; Cardeaviricetes; Sanitavirales; Anelloviridae; Betatorquevirus; Betatorquevirus homini36	DNA	linear	2931		Homo sapiens	SAfiA-854-10	false	ncbi-genbank	183f4fae90c6e1aac8ce27bd2d1853aa8ab8515dfaacc55e21f494ff72a18475				
MN770415	MN770415.1	TTV-like mini virus	Betatorquevirus	Anelloviridae	Viruses; Floreoviria; Shotokuvirae; Commensaviricota; Cardeaviricetes; Sanitavirales; Anelloviridae; Betatorquevirus; Betatorquevirus homini36	DNA	linear	2901		Homo sapiens	SAfiA-88-16	false	ncbi-genbank	e20a6e3028986bfc0367f466fae93805db28a2da21d7d50fba243a73d8d36a83				
MN770416	MN770416.1	TTV-like mini virus	Betatorquevirus	Anelloviridae	Viruses; Floreoviria; Shotokuvirae; Commensaviricota; Cardeaviricetes; Sanitavirales; Anelloviridae; Betatorquevirus; Betatorquevirus homini36	DNA	linear	2857		Homo sapiens	SAfiA-88-25	false	ncbi-genbank	40c4c6dccfba4f0b158c1c4b4807a5ed2ff2fd53939bca145f890d4833668f31				
MN770418	MN770418.1	TTV-like mini virus	Betatorquevirus	Anelloviridae	Viruses; Floreoviria; Shotokuvirae; Commensaviricota; Cardeaviricetes; Sanitavirales; Anelloviridae; Betatorquevirus; Betatorquevirus homini36	DNA	linear	2828		Homo sapiens	SAfiA-287B-11	false	ncbi-genbank	df3cac122cbbdd116805e9f1868d4c67b6adc70c272146c6b8fe91a6c5ff26fd				
MN770419	MN770419.1	TTV-like mini virus	Betatorquevirus	Anelloviridae	Viruses; Floreoviria; Shotokuvirae; Commensaviricota; Cardeaviricetes; Sanitavirales; Anelloviridae; Betatorquevirus; Betatorquevirus homini36	DNA	linear	2861		Homo sapiens	SAfiA-307-5	false	ncbi-genbank	2177ca96caa4d4bfd09b8d8035e70b1e19af0208bfe69c7f8454147f2a381400				
MN770420	MN770420.1	TTV-like mini virus	Betatorquevirus	Anelloviridae	Viruses; Floreoviria; Shotokuvirae; Commensaviricota; Cardeaviricetes; Sanitavirales; Anelloviridae; Betatorquevirus; Betatorquevirus homini36	DNA	linear	2876		Homo sapiens	SAfiA-350-36	false	ncbi-genbank	162b6883aa87018e9418dabb1aa3e98313f55b7cbe5f4567353f433523b40c43				
MN770421	MN770421.1	TTV-like mini virus	Betatorquevirus	Anelloviridae	Viruses; Floreoviria; Shotokuvirae; Commensaviricota; Cardeaviricetes; Sanitavirales; Anelloviridae; Betatorquevirus; Betatorquevirus homini36	DNA	linear	2884		Homo sapiens	SAfiA-536-7	false	ncbi-genbank	57777d716f62c495b86310ac5f7f9bcc5a8c4a3440b1b109af63e2929e906bf1				
MN770422	MN770422.1	TTV-like mini virus	Betatorquevirus	Anelloviridae	Viruses; Floreoviria; Shotokuvirae; Commensaviricota; Cardeaviricetes; Sanitavirales; Anelloviridae; Betatorquevirus; Betatorquevirus homini36	DNA	linear	2876		Homo sapiens	SAfiA-682-5	false	ncbi-genbank	b59c5329a3d7c0ec73817edacce59289b51fb4677cf88a4920c46f21e67e8edf				
MN770425	MN770425.1	TTV-like mini virus	Betatorquevirus	Anelloviridae	Viruses; Floreoviria; Shotokuvirae; Commensaviricota; Cardeaviricetes; Sanitavirales; Anelloviridae; Betatorquevirus; Betatorquevirus homini36	DNA	linear	2922		Homo sapiens	SAfiA-640-12	false	ncbi-genbank	d9a7f0ae0f464cfa088c8360ef7f9569e05394c95f5e5e099490a18fa27f93c2				
MN770426	MN770426.1	TTV-like mini virus	Betatorquevirus	Anelloviridae	Viruses; Floreoviria; Shotokuvirae; Commensaviricota; Cardeaviricetes; Sanitavirales; Anelloviridae; Betatorquevirus; Betatorquevirus homini36	DNA	linear	2967		Homo sapiens	SAfiA-369-11	false	ncbi-genbank	b00688cc8d0a3a9dfb33eb30dc738f9dede6aca635599770ed45c3581584745f				
MN770428	MN770428.1	TTV-like mini virus	Betatorquevirus	Anelloviridae	Viruses; Floreoviria; Shotokuvirae; Commensaviricota; Cardeaviricetes; Sanitavirales; Anelloviridae; Betatorquevirus; Betatorquevirus homini36	DNA	linear	2841		Homo sapiens	SAfiA-646-15	false	ncbi-genbank	8de7fccc07cc1109eb52a803592030efb1b287bc08d02418efb94ffcb2800ae1				
MN770429	MN770429.1	TTV-like mini virus	Betatorquevirus	Anelloviridae	Viruses; Floreoviria; Shotokuvirae; Commensaviricota; Cardeaviricetes; Sanitavirales; Anelloviridae; Betatorquevirus; Betatorquevirus homini36	DNA	linear	2825		Homo sapiens	SAfiA-49-16	false	ncbi-genbank	948465ca9347bc816d61a35a39e01ffec0955cc0b65d7245f8d7123a0a833820				
MN770430	MN770430.1	TTV-like mini virus	Betatorquevirus	Anelloviridae	Viruses; Floreoviria; Shotokuvirae; Commensaviricota; Cardeaviricetes; Sanitavirales; Anelloviridae; Betatorquevirus; Betatorquevirus homini36	DNA	linear	2826		Homo sapiens	SAfiA-587-81	false	ncbi-genbank	984bc157e822284777bcad28a04bd89bc65cbeca3d47b7ce91a697efaa26a067				
MN770431	MN770431.1	TTV-like mini virus	Betatorquevirus	Anelloviridae	Viruses; Floreoviria; Shotokuvirae; Commensaviricota; Cardeaviricetes; Sanitavirales; Anelloviridae; Betatorquevirus; Betatorquevirus homini36	DNA	linear	2804		Homo sapiens	SAfiA-301-14	false	ncbi-genbank	c22c321ffa87a37aef3b26f39ad71db0e8ea67169502658c3fc6968637891bbd				
MN770432	MN770432.1	TTV-like mini virus	Betatorquevirus	Anelloviridae	Viruses; Floreoviria; Shotokuvirae; Commensaviricota; Cardeaviricetes; Sanitavirales; Anelloviridae; Betatorquevirus; Betatorquevirus homini36	DNA	linear	2824		Homo sapiens	SAfiA-40-4	false	ncbi-genbank	5c740ea5d7158dd030485fb3b96c317f4e0d00f6a7a80dcd85bca3865e5975b0				
MN770433	MN770433.1	TTV-like mini virus	Betatorquevirus	Anelloviridae	Viruses; Floreoviria; Shotokuvirae; Commensaviricota; Cardeaviricetes; Sanitavirales; Anelloviridae; Betatorquevirus; Betatorquevirus homini36	DNA	linear	2876		Homo sapiens	SAfiA-468-9	false	ncbi-genbank	2866581a51193dd9116bbdf2bb5ae5a8eeba7f44823fefa65a0159c5ff816b0d				
MN770435	MN770435.1	TTV-like mini virus	Betatorquevirus	Anelloviridae	Viruses; Floreoviria; Shotokuvirae; Commensaviricota; Cardeaviricetes; Sanitavirales; Anelloviridae; Betatorquevirus; Betatorquevirus homini36	DNA	linear	2950		Homo sapiens	SAfiA-321-8	false	ncbi-genbank	ec96ca5beed623ec6039c327c1b42541a523458f840966545050a35a3d61bc06				
MN770436	MN770436.1	TTV-like mini virus	Betatorquevirus	Anelloviridae	Viruses; Floreoviria; Shotokuvirae; Commensaviricota; Cardeaviricetes; Sanitavirales; Anelloviridae; Betatorquevirus; Betatorquevirus homini36	DNA	linear	2800		Homo sapiens	SAfiA-388-133	false	ncbi-genbank	46c03c1fe60ee557cb3240442c6a9ea0c828460981eb4039102c4c9036661a00				
MN770437	MN770437.1	TTV-like mini virus	Betatorquevirus	Anelloviridae	Viruses; Floreoviria; Shotokuvirae; Commensaviricota; Cardeaviricetes; Sanitavirales; Anelloviridae; Betatorquevirus; Betatorquevirus homini36	DNA	linear	2897		Homo sapiens	SAfiA-567-19	false	ncbi-genbank	3897c19c8abb318c3723cf13bb0956cea67ae6772588ac70e54b25f7605bb974				
MN770440	MN770440.1	TTV-like mini virus	Betatorquevirus	Anelloviridae	Viruses; Floreoviria; Shotokuvirae; Commensaviricota; Cardeaviricetes; Sanitavirales; Anelloviridae; Betatorquevirus; Betatorquevirus homini36	DNA	linear	2814		Homo sapiens	SAfiA-285B-2	false	ncbi-genbank	75e071218ffe7532ad49fefd0b40ff098b6a0c5d25ea9d0875a94940d8eaad8a				
MN770446	MN770446.1	TTV-like mini virus	Betatorquevirus	Anelloviridae	Viruses; Floreoviria; Shotokuvirae; Commensaviricota; Cardeaviricetes; Sanitavirales; Anelloviridae; Betatorquevirus; Betatorquevirus homini36	DNA	linear	2802		Homo sapiens	SAfiA-552-34	false	ncbi-genbank	4cc4ef16ff0ec8d35bf8e208b80cade650c7bef80ebb0e1a9208ba4c2599240f				
MN770447	MN770447.1	TTV-like mini virus	Betatorquevirus	Anelloviridae	Viruses; Floreoviria; Shotokuvirae; Commensaviricota; Cardeaviricetes; Sanitavirales; Anelloviridae; Betatorquevirus; Betatorquevirus homini36	DNA	linear	2852		Homo sapiens	SAfiA-104-13	false	ncbi-genbank	d6066375d707f85356f55e6e4097c5b5a132c0dff27df1199654106041413119				
MN770451	MN770451.1	TTV-like mini virus	Betatorquevirus	Anelloviridae	Viruses; Floreoviria; Shotokuvirae; Commensaviricota; Cardeaviricetes; Sanitavirales; Anelloviridae; Betatorquevirus; Betatorquevirus homini36	DNA	linear	2901		Homo sapiens	SAfiA-107-19	false	ncbi-genbank	1641f1a6157d398bc0a79d3067be805f9f2481f201b5f80d95e586f2fa7e8a44				
MN770452	MN770452.1	TTV-like mini virus	Betatorquevirus	Anelloviridae	Viruses; Floreoviria; Shotokuvirae; Commensaviricota; Cardeaviricetes; Sanitavirales; Anelloviridae; Betatorquevirus; Betatorquevirus homini36	DNA	linear	2796		Homo sapiens	SAfiA-108-26	false	ncbi-genbank	74d2fab5f5fd58a4ab9bf8cbc37516d6aec534f67e68bbc950d7aebe41c739d0				
MN770455	MN770455.1	TTV-like mini virus	Betatorquevirus	Anelloviridae	Viruses; Floreoviria; Shotokuvirae; Commensaviricota; Cardeaviricetes; Sanitavirales; Anelloviridae; Betatorquevirus; Betatorquevirus homini36	DNA	linear	2805		Homo sapiens	SAfiA-11-33	false	ncbi-genbank	777e3cea9bef2dc0ee1381b669eac958406289d1f5e4744298863c02890cc9e3				
MN770456	MN770456.1	TTV-like mini virus	Betatorquevirus	Anelloviridae	Viruses; Floreoviria; Shotokuvirae; Commensaviricota; Cardeaviricetes; Sanitavirales; Anelloviridae; Betatorquevirus; Betatorquevirus homini36	DNA	linear	2907		Homo sapiens	SAfiA-116-21	false	ncbi-genbank	c4dffdc9b32acc6de74de36f01d035773f16ac1f28bbd4543e34d35e9932265c				
MN770457	MN770457.1	TTV-like mini virus	Betatorquevirus	Anelloviridae	Viruses; Floreoviria; Shotokuvirae; Commensaviricota; Cardeaviricetes; Sanitavirales; Anelloviridae; Betatorquevirus; Betatorquevirus homini36	DNA	linear	2931		Homo sapiens	SAfiA-119-6	false	ncbi-genbank	518dc6cc54f595db8515e0aab2645600a503ac1ca64a4a408a698a315b87f0a8				
MN770458	MN770458.1	TTV-like mini virus	Betatorquevirus	Anelloviridae	Viruses; Floreoviria; Shotokuvirae; Commensaviricota; Cardeaviricetes; Sanitavirales; Anelloviridae; Betatorquevirus; Betatorquevirus homini36	DNA	linear	2994		Homo sapiens	SAfiA-122-6	false	ncbi-genbank	831771c167c72b2994b3d20d44610ee0d9072ea0bbc312b47b2e8f1410cfca73				
MN770459	MN770459.1	TTV-like mini virus	Betatorquevirus	Anelloviridae	Viruses; Floreoviria; Shotokuvirae; Commensaviricota; Cardeaviricetes; Sanitavirales; Anelloviridae; Betatorquevirus; Betatorquevirus homini36	DNA	linear	2914		Homo sapiens	SAfiA-122-8	false	ncbi-genbank	639a72d52a24088bb957e896a8ce11d991cbeb60df12138d35b7f1f7d74641d2				
MN770463	MN770463.1	TTV-like mini virus	Betatorquevirus	Anelloviridae	Viruses; Floreoviria; Shotokuvirae; Commensaviricota; Cardeaviricetes; Sanitavirales; Anelloviridae; Betatorquevirus; Betatorquevirus homini36	DNA	linear	2850		Homo sapiens	SAfiA-124-33	false	ncbi-genbank	c4728e7cac0895ec728f5b91b9ac9c725f1a529f0cc8a8641f3f1b67ec689e54				
MN770464	MN770464.1	TTV-like mini virus	Betatorquevirus	Anelloviridae	Viruses; Floreoviria; Shotokuvirae; Commensaviricota; Cardeaviricetes; Sanitavirales; Anelloviridae; Betatorquevirus; Betatorquevirus homini36	DNA	linear	2889		Homo sapiens	SAfiA-128A-25	false	ncbi-genbank	4a7405184c6f31209d27276ade7886bad5e946b321dc132840fe298c7f7aa82c				
MN770465	MN770465.1	TTV-like mini virus	Betatorquevirus	Anelloviridae	Viruses; Floreoviria; Shotokuvirae; Commensaviricota; Cardeaviricetes; Sanitavirales; Anelloviridae; Betatorquevirus; Betatorquevirus homini36	DNA	linear	2877		Homo sapiens	SAfiA-128A-26	false	ncbi-genbank	d547ce2a0feb57d3a87eed0b1a43d5b990924da598f2988704c0c2b470ab1d14				
MN770466	MN770466.1	TTV-like mini virus	Betatorquevirus	Anelloviridae	Viruses; Floreoviria; Shotokuvirae; Commensaviricota; Cardeaviricetes; Sanitavirales; Anelloviridae; Betatorquevirus; Betatorquevirus homini36	DNA	linear	2769		Homo sapiens	SAfiA-12A-5	false	ncbi-genbank	834d92ae4c7cada8c14580ac44b76f6014aceef7e30b2bfe1ab0517371280793				
MN770468	MN770468.1	TTV-like mini virus	Betatorquevirus	Anelloviridae	Viruses; Floreoviria; Shotokuvirae; Commensaviricota; Cardeaviricetes; Sanitavirales; Anelloviridae; Betatorquevirus; Betatorquevirus homini36	DNA	linear	2909		Homo sapiens	SAfiA-224-26	false	ncbi-genbank	bfc618510b2610332dac9bd73160267b42f110268e2d6f516b19e0708932da66				
MN770469	MN770469.1	TTV-like mini virus	Betatorquevirus	Anelloviridae	Viruses; Floreoviria; Shotokuvirae; Commensaviricota; Cardeaviricetes; Sanitavirales; Anelloviridae; Betatorquevirus; Betatorquevirus homini36	DNA	linear	2847		Homo sapiens	SAfiA-224-28	false	ncbi-genbank	e3395362fae7905174592f3c28cd52cf40ebeac317fd8aeae3cf8673aa4b90c6				
MN770470	MN770470.1	TTV-like mini virus	Betatorquevirus	Anelloviridae	Viruses; Floreoviria; Shotokuvirae; Commensaviricota; Cardeaviricetes; Sanitavirales; Anelloviridae; Betatorquevirus; Betatorquevirus homini36	DNA	linear	2855		Homo sapiens	SAfiA-224-31	false	ncbi-genbank	8128c46c933b376efb73a9eece5b47cbf5fcb694829646142cf5eab7dfcb4549				
MN770472	MN770472.1	TTV-like mini virus	Betatorquevirus	Anelloviridae	Viruses; Floreoviria; Shotokuvirae; Commensaviricota; Cardeaviricetes; Sanitavirales; Anelloviridae; Betatorquevirus; Betatorquevirus homini36	DNA	linear	2829		Homo sapiens	SAfiA-229-11	false	ncbi-genbank	5cf19cd83d6eb5a8b224af642533a7b1d37139a8bb40756ce0aaaf90cadbb130				
MN770475	MN770475.1	TTV-like mini virus	Betatorquevirus	Anelloviridae	Viruses; Floreoviria; Shotokuvirae; Commensaviricota; Cardeaviricetes; Sanitavirales; Anelloviridae; Betatorquevirus; Betatorquevirus homini36	DNA	linear	2994		Homo sapiens	SAfiA-232-9	false	ncbi-genbank	7852521ab71a45d0d52b5c1086773e6fc43353463187df768796aef6f9c72585				
MN770476	MN770476.1	TTV-like mini virus	Betatorquevirus	Anelloviridae	Viruses; Floreoviria; Shotokuvirae; Commensaviricota; Cardeaviricetes; Sanitavirales; Anelloviridae; Betatorquevirus; Betatorquevirus homini36	DNA	linear	2951		Homo sapiens	SAfiA-234-8	false	ncbi-genbank	f4ea93f3b747decd19a0d90a56a9ecb9362cbb86a2560abae7eec3473618c5ab				
MN770478	MN770478.1	TTV-like mini virus	Betatorquevirus	Anelloviridae	Viruses; Floreoviria; Shotokuvirae; Commensaviricota; Cardeaviricetes; Sanitavirales; Anelloviridae; Betatorquevirus; Betatorquevirus homini36	DNA	linear	2780		Homo sapiens	SAfiA-235-52	false	ncbi-genbank	13f60bc67f121e7ed374c4a9b1f687d2d6e7e9d543e0d2a6b552c2c429cc7904				
MN770479	MN770479.1	TTV-like mini virus	Betatorquevirus	Anelloviridae	Viruses; Floreoviria; Shotokuvirae; Commensaviricota; Cardeaviricetes; Sanitavirales; Anelloviridae; Betatorquevirus; Betatorquevirus homini36	DNA	linear	2845		Homo sapiens	SAfiA-238-14	false	ncbi-genbank	68fb5b86fd50d87636e4bb6e70eb129fd9d2bdf7fb5a7f88686ee3f278eb6d49				
MN770480	MN770480.1	TTV-like mini virus	Betatorquevirus	Anelloviridae	Viruses; Floreoviria; Shotokuvirae; Commensaviricota; Cardeaviricetes; Sanitavirales; Anelloviridae; Betatorquevirus; Betatorquevirus homini36	DNA	linear	2852		Homo sapiens	SAfiA-241-23	false	ncbi-genbank	46d198f49167405a1b51f15999677e0e565f2c8524852138e5b9a6eae11717fb				
MN770482	MN770482.1	TTV-like mini virus	Betatorquevirus	Anelloviridae	Viruses; Floreoviria; Shotokuvirae; Commensaviricota; Cardeaviricetes; Sanitavirales; Anelloviridae; Betatorquevirus; Betatorquevirus homini36	DNA	linear	2864		Homo sapiens	SAfiA-242-25	false	ncbi-genbank	a562d64e2bfd69b3457f3b0a4c21c14bd039b200d555f54dc89c25b1bafc7a4e				
MN770483	MN770483.1	TTV-like mini virus	Betatorquevirus	Anelloviridae	Viruses; Floreoviria; Shotokuvirae; Commensaviricota; Cardeaviricetes; Sanitavirales; Anelloviridae; Betatorquevirus; Betatorquevirus homini36	DNA	linear	2995		Homo sapiens	SAfiA-244-6	false	ncbi-genbank	aecfe8cf8bd593d1a0b334c273ed813775a5901aa1051a9ab3fbcef74b217153				
MN770484	MN770484.1	TTV-like mini virus	Betatorquevirus	Anelloviridae	Viruses; Floreoviria; Shotokuvirae; Commensaviricota; Cardeaviricetes; Sanitavirales; Anelloviridae; Betatorquevirus; Betatorquevirus homini36	DNA	linear	2875		Homo sapiens	SAfiA-245-18	false	ncbi-genbank	8586c81442d8de808271509e32d206e0690cf7f5174e1fb421aa89227576467a				
MN770485	MN770485.1	TTV-like mini virus	Betatorquevirus	Anelloviridae	Viruses; Floreoviria; Shotokuvirae; Commensaviricota; Cardeaviricetes; Sanitavirales; Anelloviridae; Betatorquevirus; Betatorquevirus homini36	DNA	linear	2902		Homo sapiens	SAfiA-245-19	false	ncbi-genbank	a8e5efe17c16a22f9d3165122c7888d1f79c2c0052fe97859156753b1f8f7b53				
MN770486	MN770486.1	TTV-like mini virus	Betatorquevirus	Anelloviridae	Viruses; Floreoviria; Shotokuvirae; Commensaviricota; Cardeaviricetes; Sanitavirales; Anelloviridae; Betatorquevirus; Betatorquevirus homini36	DNA	linear	2780		Homo sapiens	SAfiA-245-24	false	ncbi-genbank	f219bbfc9d02837380f84e05d96805a598f031dd5b5b8cb8f3c522ec53057c2b				
MN770489	MN770489.1	TTV-like mini virus	Betatorquevirus	Anelloviridae	Viruses; Floreoviria; Shotokuvirae; Commensaviricota; Cardeaviricetes; Sanitavirales; Anelloviridae; Betatorquevirus; Betatorquevirus homini36	DNA	linear	2965		Homo sapiens	SAfiA-251-11	false	ncbi-genbank	140e92b02e7f551b9deee007250b12fac3512cb54ada86e65ef3e8c9bd37ed55				
MN770490	MN770490.1	TTV-like mini virus	Betatorquevirus	Anelloviridae	Viruses; Floreoviria; Shotokuvirae; Commensaviricota; Cardeaviricetes; Sanitavirales; Anelloviridae; Betatorquevirus; Betatorquevirus homini36	DNA	linear	2988		Homo sapiens	SAfiA-251-13	false	ncbi-genbank	5ae34fe215a386e36fb1496e8273705040f7dd1a5425e9e119aa47f1354d81f7				
MN770495	MN770495.1	TTV-like mini virus	Betatorquevirus	Anelloviridae	Viruses; Floreoviria; Shotokuvirae; Commensaviricota; Cardeaviricetes; Sanitavirales; Anelloviridae; Betatorquevirus; Betatorquevirus homini36	DNA	linear	2863		Homo sapiens	SAfiA-262-10	false	ncbi-genbank	1e92dbe00f4e33ae9aadaed00246f7f70827c8d0629a7a700d6d232b75df6259				
MN770497	MN770497.1	TTV-like mini virus	Betatorquevirus	Anelloviridae	Viruses; Floreoviria; Shotokuvirae; Commensaviricota; Cardeaviricetes; Sanitavirales; Anelloviridae; Betatorquevirus; Betatorquevirus homini36	DNA	linear	2831		Homo sapiens	SAfiA-263-19	false	ncbi-genbank	fb60a6af64a7552552ef53f8dc1520660f03be95c7965ea10b7ba990b0bad3d4				
MN770500	MN770500.1	TTV-like mini virus	Betatorquevirus	Anelloviridae	Viruses; Floreoviria; Shotokuvirae; Commensaviricota; Cardeaviricetes; Sanitavirales; Anelloviridae; Betatorquevirus; Betatorquevirus homini36	DNA	linear	2768		Homo sapiens	SAfiA-265-23	false	ncbi-genbank	00fc8d7806013571be406c2fcbd484dd723f8f189bd58ac8cc4ab477863aa158				
MN770501	MN770501.1	TTV-like mini virus	Betatorquevirus	Anelloviridae	Viruses; Floreoviria; Shotokuvirae; Commensaviricota; Cardeaviricetes; Sanitavirales; Anelloviridae; Betatorquevirus; Betatorquevirus homini36	DNA	linear	2845		Homo sapiens	SAfiA-266-9	false	ncbi-genbank	46271f93c2726ac72f4493b2c67c3db66f7351a2399669d58259497434827de3				
MN770502	MN770502.1	TTV-like mini virus	Betatorquevirus	Anelloviridae	Viruses; Floreoviria; Shotokuvirae; Commensaviricota; Cardeaviricetes; Sanitavirales; Anelloviridae; Betatorquevirus; Betatorquevirus homini36	DNA	linear	2899		Homo sapiens	SAfiA-267-15	false	ncbi-genbank	47de9e7d7fec6cba1ac1ac3ca052bd66fa47b5f5a2777cc0ad337a0e623f3e42				
MN770503	MN770503.1	TTV-like mini virus	Betatorquevirus	Anelloviridae	Viruses; Floreoviria; Shotokuvirae; Commensaviricota; Cardeaviricetes; Sanitavirales; Anelloviridae; Betatorquevirus; Betatorquevirus homini36	DNA	linear	2870		Homo sapiens	SAfiA-267-16	false	ncbi-genbank	8b927496c2a64151337fd04e56cd865c16a8b1946eefa8864a4c605f66b698ac				
MN770506	MN770506.1	TTV-like mini virus	Betatorquevirus	Anelloviridae	Viruses; Floreoviria; Shotokuvirae; Commensaviricota; Cardeaviricetes; Sanitavirales; Anelloviridae; Betatorquevirus; Betatorquevirus homini36	DNA	linear	2817		Homo sapiens	SAfiA-273-7	false	ncbi-genbank	c6c896199037de0c5b1efef77a0406de92d805cfd188b2c4622cbea6c3c6b7cf				
MN770507	MN770507.1	TTV-like mini virus	Betatorquevirus	Anelloviridae	Viruses; Floreoviria; Shotokuvirae; Commensaviricota; Cardeaviricetes; Sanitavirales; Anelloviridae; Betatorquevirus; Betatorquevirus homini36	DNA	linear	2935		Homo sapiens	SAfiA-274-15	false	ncbi-genbank	f8cd3c6ebd9d3c6409cced4bf5440e0a4235379d5850b0ae047f1838602c8d75				
MN770508	MN770508.1	TTV-like mini virus	Betatorquevirus	Anelloviridae	Viruses; Floreoviria; Shotokuvirae; Commensaviricota; Cardeaviricetes; Sanitavirales; Anelloviridae; Betatorquevirus; Betatorquevirus homini36	DNA	linear	2928		Homo sapiens	SAfiA-274-17	false	ncbi-genbank	f0386dac41b64ddfaf8fc950c005a377654f7d2218b1409deaa39a8fb7c66ace				
MN770511	MN770511.1	TTV-like mini virus	Betatorquevirus	Anelloviridae	Viruses; Floreoviria; Shotokuvirae; Commensaviricota; Cardeaviricetes; Sanitavirales; Anelloviridae; Betatorquevirus; Betatorquevirus homini36	DNA	linear	2761		Homo sapiens	SAfiA-277-40	false	ncbi-genbank	0ba5d33f6a05d41a29cd6aa534c017c516653f1c83478569b87b227fd07f4624				
MN770513	MN770513.1	TTV-like mini virus	Betatorquevirus	Anelloviridae	Viruses; Floreoviria; Shotokuvirae; Commensaviricota; Cardeaviricetes; Sanitavirales; Anelloviridae; Betatorquevirus; Betatorquevirus homini36	DNA	linear	2753		Homo sapiens	SAfiA-301-16	false	ncbi-genbank	b16daca337ec1573919fe888e5731c7224911f4773b54a9c37818a2162cf397d				
MN770514	MN770514.1	TTV-like mini virus	Betatorquevirus	Anelloviridae	Viruses; Floreoviria; Shotokuvirae; Commensaviricota; Cardeaviricetes; Sanitavirales; Anelloviridae; Betatorquevirus; Betatorquevirus homini36	DNA	linear	2948		Homo sapiens	SAfiA-304-10	false	ncbi-genbank	193b43781bcb7a6f15c989f011436d8dcb067f0d399d49e426435276e36c2395				
MN770515	MN770515.1	TTV-like mini virus	Betatorquevirus	Anelloviridae	Viruses; Floreoviria; Shotokuvirae; Commensaviricota; Cardeaviricetes; Sanitavirales; Anelloviridae; Betatorquevirus; Betatorquevirus homini36	DNA	linear	2921		Homo sapiens	SAfiA-304-12	false	ncbi-genbank	7004ba2c606ad418fcef5f2ce7d2fe09cafa076bd8bff9ff5affa7200aa880cf				
MN770516	MN770516.1	TTV-like mini virus	Betatorquevirus	Anelloviridae	Viruses; Floreoviria; Shotokuvirae; Commensaviricota; Cardeaviricetes; Sanitavirales; Anelloviridae; Betatorquevirus; Betatorquevirus homini36	DNA	linear	2768		Homo sapiens	SAfiA-304-14	false	ncbi-genbank	d721ed8fd2c1b9f126dde5ac1b4b5127b8a14bcfaa40afd1263d2715ff81ae72				
MN770519	MN770519.1	TTV-like mini virus	Betatorquevirus	Anelloviridae	Viruses; Floreoviria; Shotokuvirae; Commensaviricota; Cardeaviricetes; Sanitavirales; Anelloviridae; Betatorquevirus; Betatorquevirus homini36	DNA	linear	2580		Homo sapiens	SAfiA-306A-56	false	ncbi-genbank	bdd0deefcfafb9f9252e76796bfd6c26b51e17480fd480958ee0122f73509f0a				
MN770520	MN770520.1	TTV-like mini virus	Betatorquevirus	Anelloviridae	Viruses; Floreoviria; Shotokuvirae; Commensaviricota; Cardeaviricetes; Sanitavirales; Anelloviridae; Betatorquevirus; Betatorquevirus homini36	DNA	linear	2824		Homo sapiens	SAfiA-306B-32	false	ncbi-genbank	3b212fa875b346af5686253ca3955cae10433d2624dbdff77066599bc8b91658				
MN770525	MN770525.1	TTV-like mini virus	Betatorquevirus	Anelloviridae	Viruses; Floreoviria; Shotokuvirae; Commensaviricota; Cardeaviricetes; Sanitavirales; Anelloviridae; Betatorquevirus; Betatorquevirus homini36	DNA	linear	2891		Homo sapiens	SAfiA-312-9	false	ncbi-genbank	f78a2cd8d3208d640f2c65429e0990c6559cfe138190186bc14720acc13ec494				
MN770526	MN770526.1	TTV-like mini virus	Betatorquevirus	Anelloviridae	Viruses; Floreoviria; Shotokuvirae; Commensaviricota; Cardeaviricetes; Sanitavirales; Anelloviridae; Betatorquevirus; Betatorquevirus homini36	DNA	linear	2784		Homo sapiens	SAfiA-314-21	false	ncbi-genbank	f4dcd32c59afd71391c1952d1f6e2d452b45b7b3e9aa5b04760b140340c8a6d4				
MN770527	MN770527.1	TTV-like mini virus	Betatorquevirus	Anelloviridae	Viruses; Floreoviria; Shotokuvirae; Commensaviricota; Cardeaviricetes; Sanitavirales; Anelloviridae; Betatorquevirus; Betatorquevirus homini36	DNA	linear	2924		Homo sapiens	SAfiA-316-14	false	ncbi-genbank	b243e00b6e92767d872d44702bfb63e6f470e8aff102848c16f58d57c17522f0				
MN770529	MN770529.1	TTV-like mini virus	Betatorquevirus	Anelloviridae	Viruses; Floreoviria; Shotokuvirae; Commensaviricota; Cardeaviricetes; Sanitavirales; Anelloviridae; Betatorquevirus; Betatorquevirus homini36	DNA	linear	2949		Homo sapiens	SAfiA-319-15	false	ncbi-genbank	afd3a8991a2a90eefd868fd51ddc39c399d5a4350663725037c215d852c0bbcc				
MN770531	MN770531.1	TTV-like mini virus	Betatorquevirus	Anelloviridae	Viruses; Floreoviria; Shotokuvirae; Commensaviricota; Cardeaviricetes; Sanitavirales; Anelloviridae; Betatorquevirus; Betatorquevirus homini36	DNA	linear	2897		Homo sapiens	SAfiA-32-1	false	ncbi-genbank	345779107aac18df00aaec1a1e16a8f4de432a970fb26fd486b74736af10c625				
MN770532	MN770532.1	TTV-like mini virus	Betatorquevirus	Anelloviridae	Viruses; Floreoviria; Shotokuvirae; Commensaviricota; Cardeaviricetes; Sanitavirales; Anelloviridae; Betatorquevirus; Betatorquevirus homini36	DNA	linear	2954		Homo sapiens	SAfiA-321-7	false	ncbi-genbank	ca342f916d2bf813161c1d8c0c2115b9f51321da20e732b7683790ad4a2cac34				
MN770533	MN770533.1	TTV-like mini virus	Betatorquevirus	Anelloviridae	Viruses; Floreoviria; Shotokuvirae; Commensaviricota; Cardeaviricetes; Sanitavirales; Anelloviridae; Betatorquevirus; Betatorquevirus homini36	DNA	linear	2844		Homo sapiens	SAfiA-324-18	false	ncbi-genbank	abd6f935ee7a4b594de6553ebc3672e780b22f8f5f79beb192cd237e72a4f2cf				
MN770535	MN770535.1	TTV-like mini virus	Betatorquevirus	Anelloviridae	Viruses; Floreoviria; Shotokuvirae; Commensaviricota; Cardeaviricetes; Sanitavirales; Anelloviridae; Betatorquevirus; Betatorquevirus homini36	DNA	linear	2871		Homo sapiens	SAfiA-325-19	false	ncbi-genbank	7beea5658c2420ca99ecb645e2300e205b13a1d18599525a4bf7270500ea7744				
MN770537	MN770537.1	TTV-like mini virus	Betatorquevirus	Anelloviridae	Viruses; Floreoviria; Shotokuvirae; Commensaviricota; Cardeaviricetes; Sanitavirales; Anelloviridae; Betatorquevirus; Betatorquevirus homini36	DNA	linear	2900		Homo sapiens	SAfiA-327-14	false	ncbi-genbank	4753c6f4f7a30a3b00e466830008061d95ca5a6c03a5ca4ca9f608e56f57f9fa				
MN770538	MN770538.1	TTV-like mini virus	Betatorquevirus	Anelloviridae	Viruses; Floreoviria; Shotokuvirae; Commensaviricota; Cardeaviricetes; Sanitavirales; Anelloviridae; Betatorquevirus; Betatorquevirus homini36	DNA	linear	2899		Homo sapiens	SAfiA-327-15	false	ncbi-genbank	87b41a4f57378eb751ca3d07e1b58528f49f87537e97e4c9d6a31ec23bd0d8b8				
MN770541	MN770541.1	TTV-like mini virus	Betatorquevirus	Anelloviridae	Viruses; Floreoviria; Shotokuvirae; Commensaviricota; Cardeaviricetes; Sanitavirales; Anelloviridae; Betatorquevirus; Betatorquevirus homini36	DNA	linear	2998		Homo sapiens	SAfiA-330-4	false	ncbi-genbank	9f5126cf2f515effaa611f94075eed7e35714f26ee923cec4bb83998b83ea84c				
MN770543	MN770543.1	TTV-like mini virus	Betatorquevirus	Anelloviridae	Viruses; Floreoviria; Shotokuvirae; Commensaviricota; Cardeaviricetes; Sanitavirales; Anelloviridae; Betatorquevirus; Betatorquevirus homini36	DNA	linear	2911		Homo sapiens	SAfiA-330-8	false	ncbi-genbank	7f6521d6c2a254f5b5ce7a409f41b7f5f1109a77a0c3e11059b5a257278c4836				
MN770544	MN770544.1	TTV-like mini virus	Betatorquevirus	Anelloviridae	Viruses; Floreoviria; Shotokuvirae; Commensaviricota; Cardeaviricetes; Sanitavirales; Anelloviridae; Betatorquevirus; Betatorquevirus homini36	DNA	linear	2908		Homo sapiens	SAfiA-331-16	false	ncbi-genbank	9d7a2c996d2317a35a0baf41d2100149cf61f81c49ec7485e8166ef4a146cc62				
MN770546	MN770546.1	TTV-like mini virus	Betatorquevirus	Anelloviridae	Viruses; Floreoviria; Shotokuvirae; Commensaviricota; Cardeaviricetes; Sanitavirales; Anelloviridae; Betatorquevirus; Betatorquevirus homini36	DNA	linear	2897		Homo sapiens	SAfiA-33-16	false	ncbi-genbank	c177dbdb3aef016fb97fd74a813bd35e3c82af701c0b077be65c8556189e4731				
MN770552	MN770552.1	TTV-like mini virus	Betatorquevirus	Anelloviridae	Viruses; Floreoviria; Shotokuvirae; Commensaviricota; Cardeaviricetes; Sanitavirales; Anelloviridae; Betatorquevirus; Betatorquevirus homini36	DNA	linear	2841		Homo sapiens	SAfiA-341-16	false	ncbi-genbank	fcaf94dbd7d1ac0417b148fb2e2a16ce6dd25d9518e3f2c3460e484afac7ac63				
MN770554	MN770554.1	TTV-like mini virus	Betatorquevirus	Anelloviridae	Viruses; Floreoviria; Shotokuvirae; Commensaviricota; Cardeaviricetes; Sanitavirales; Anelloviridae; Betatorquevirus; Betatorquevirus homini36	DNA	linear	2896		Homo sapiens	SAfiA-342-12	false	ncbi-genbank	7e71367ad13d44a1ffe3e510b3611de07725900730217303846bd628de3e3799				
MN770555	MN770555.1	TTV-like mini virus	Betatorquevirus	Anelloviridae	Viruses; Floreoviria; Shotokuvirae; Commensaviricota; Cardeaviricetes; Sanitavirales; Anelloviridae; Betatorquevirus; Betatorquevirus homini36	DNA	linear	2905		Homo sapiens	SAfiA-342-14	false	ncbi-genbank	42f7e3680ce5614986517aa05723d2e7e0e9edb186a143e0ef568ec8b8ab29f4				
MN770556	MN770556.1	TTV-like mini virus	Betatorquevirus	Anelloviridae	Viruses; Floreoviria; Shotokuvirae; Commensaviricota; Cardeaviricetes; Sanitavirales; Anelloviridae; Betatorquevirus; Betatorquevirus homini36	DNA	linear	2933		Homo sapiens	SAfiA-345-9	false	ncbi-genbank	375b8fbbcdedb79bcf173905f82903e05bc5aa2850aba9567243aef14095414e				
MN770558	MN770558.1	TTV-like mini virus	Betatorquevirus	Anelloviridae	Viruses; Floreoviria; Shotokuvirae; Commensaviricota; Cardeaviricetes; Sanitavirales; Anelloviridae; Betatorquevirus; Betatorquevirus homini36	DNA	linear	2942		Homo sapiens	SAfiA-349-13	false	ncbi-genbank	fa65012baa7642b706a6fc968d5ce75bf6a4f5971252c60d7b5284a26be00b0e				
MN770559	MN770559.1	TTV-like mini virus	Betatorquevirus	Anelloviridae	Viruses; Floreoviria; Shotokuvirae; Commensaviricota; Cardeaviricetes; Sanitavirales; Anelloviridae; Betatorquevirus; Betatorquevirus homini36	DNA	linear	2891		Homo sapiens	SAfiA-349-31	false	ncbi-genbank	aa0080559f5608361cbf5ef905a9cde25c5532b28461dd4767168c527e234955				
MN770560	MN770560.1	TTV-like mini virus	Betatorquevirus	Anelloviridae	Viruses; Floreoviria; Shotokuvirae; Commensaviricota; Cardeaviricetes; Sanitavirales; Anelloviridae; Betatorquevirus; Betatorquevirus homini36	DNA	linear	2735		Homo sapiens	SAfiA-349-46	false	ncbi-genbank	11106bd3625a4d06395495548dcbe037f0e40ad2f658d4be58cd245ac325325f				
MN770563	MN770563.1	TTV-like mini virus	Betatorquevirus	Anelloviridae	Viruses; Floreoviria; Shotokuvirae; Commensaviricota; Cardeaviricetes; Sanitavirales; Anelloviridae; Betatorquevirus; Betatorquevirus homini36	DNA	linear	2902		Homo sapiens	SAfiA-350-24	false	ncbi-genbank	e448202199ff27e87c7459402ea3038efe6a630ea414400f790d9657de06ec6f				
MN770564	MN770564.1	TTV-like mini virus	Betatorquevirus	Anelloviridae	Viruses; Floreoviria; Shotokuvirae; Commensaviricota; Cardeaviricetes; Sanitavirales; Anelloviridae; Betatorquevirus; Betatorquevirus homini36	DNA	linear	2946		Homo sapiens	SAfiA-352-10	false	ncbi-genbank	a472519aded96e42234e1a35576927b85f948cceb383799c698e1b701457b4bc				
MN770565	MN770565.1	TTV-like mini virus	Betatorquevirus	Anelloviridae	Viruses; Floreoviria; Shotokuvirae; Commensaviricota; Cardeaviricetes; Sanitavirales; Anelloviridae; Betatorquevirus; Betatorquevirus homini36	DNA	linear	2840		Homo sapiens	SAfiA-352-14	false	ncbi-genbank	c258f078c6d7ae366103542be5d77910392037e7cccb1343a239bacf410ae581				
MN770567	MN770567.1	TTV-like mini virus	Betatorquevirus	Anelloviridae	Viruses; Floreoviria; Shotokuvirae; Commensaviricota; Cardeaviricetes; Sanitavirales; Anelloviridae; Betatorquevirus; Betatorquevirus homini36	DNA	linear	2586		Homo sapiens	SAfiA-353-122	false	ncbi-genbank	37d85fa105d2cd80ed359cb7cd2eee11fe43110dd0968c17f40130fd56c6b83e				
MN770569	MN770569.1	TTV-like mini virus	Betatorquevirus	Anelloviridae	Viruses; Floreoviria; Shotokuvirae; Commensaviricota; Cardeaviricetes; Sanitavirales; Anelloviridae; Betatorquevirus; Betatorquevirus homini36	DNA	linear	2901		Homo sapiens	SAfiA-35-43	false	ncbi-genbank	880d41205b4d6e0a29ce66d14ad7bf35af2d5cb0e5b5f2ec975f208deb5bb5c7				
MN770576	MN770576.1	TTV-like mini virus	Betatorquevirus	Anelloviridae	Viruses; Floreoviria; Shotokuvirae; Commensaviricota; Cardeaviricetes; Sanitavirales; Anelloviridae; Betatorquevirus; Betatorquevirus homini36	DNA	linear	2825		Homo sapiens	SAfiA-361-33	false	ncbi-genbank	84cd5a70f40cc3123f269897cebeae5ad8542b6bac04163ace4d66abd073d54a				
MN770577	MN770577.1	TTV-like mini virus	Betatorquevirus	Anelloviridae	Viruses; Floreoviria; Shotokuvirae; Commensaviricota; Cardeaviricetes; Sanitavirales; Anelloviridae; Betatorquevirus; Betatorquevirus homini36	DNA	linear	2790		Homo sapiens	SAfiA-362-23	false	ncbi-genbank	917d5c0eb82bf912a9087fd8b6a99e0bb8a10cba5e3b9de3deef16cc5152c44a				
MN770579	MN770579.1	TTV-like mini virus	Betatorquevirus	Anelloviridae	Viruses; Floreoviria; Shotokuvirae; Commensaviricota; Cardeaviricetes; Sanitavirales; Anelloviridae; Betatorquevirus; Betatorquevirus homini36	DNA	linear	2953		Homo sapiens	SAfiA-362-9	false	ncbi-genbank	ec5f65707fecc2578425042afa9011325f10eb0fd4071e7d08ff0c76fb3ee184				
MN770581	MN770581.1	TTV-like mini virus	Betatorquevirus	Anelloviridae	Viruses; Floreoviria; Shotokuvirae; Commensaviricota; Cardeaviricetes; Sanitavirales; Anelloviridae; Betatorquevirus; Betatorquevirus homini36	DNA	linear	2940		Homo sapiens	SAfiA-367-21	false	ncbi-genbank	16ddbc661bb3bca85e143fb9abcedfe993e87aa1d3701d7c1defb175a90dd91d				
MN770584	MN770584.1	TTV-like mini virus	Betatorquevirus	Anelloviridae	Viruses; Floreoviria; Shotokuvirae; Commensaviricota; Cardeaviricetes; Sanitavirales; Anelloviridae; Betatorquevirus; Betatorquevirus homini36	DNA	linear	2874		Homo sapiens	SAfiA-373-17	false	ncbi-genbank	dd061f447398736b78a349f39151635ef7a3b492ccc67b0b759e4a7b6578f28f				
MN770585	MN770585.1	TTV-like mini virus	Betatorquevirus	Anelloviridae	Viruses; Floreoviria; Shotokuvirae; Commensaviricota; Cardeaviricetes; Sanitavirales; Anelloviridae; Betatorquevirus; Betatorquevirus homini36	DNA	linear	2896		Homo sapiens	SAfiA-37-6	false	ncbi-genbank	3d606ae1caf75d52b510e981b83c9148b2aabf37848ea17c3d0402b9407fb6a1				
MN770588	MN770588.1	TTV-like mini virus	Betatorquevirus	Anelloviridae	Viruses; Floreoviria; Shotokuvirae; Commensaviricota; Cardeaviricetes; Sanitavirales; Anelloviridae; Betatorquevirus; Betatorquevirus homini36	DNA	linear	2815		Homo sapiens	SAfiA-380-53	false	ncbi-genbank	73c36fd5c9ba8a2d412b0d9746b8d9077601b68271ca985591270ef7e9d371b3				
MN770589	MN770589.1	TTV-like mini virus	Betatorquevirus	Anelloviridae	Viruses; Floreoviria; Shotokuvirae; Commensaviricota; Cardeaviricetes; Sanitavirales; Anelloviridae; Betatorquevirus; Betatorquevirus homini36	DNA	linear	2853		Homo sapiens	SAfiA-380-62	false	ncbi-genbank	56605529f8beefd1ce7fbc2bf166890cc0fa9043e9dec38ebc1c07fde17d33c1				
MN770590	MN770590.1	TTV-like mini virus	Betatorquevirus	Anelloviridae	Viruses; Floreoviria; Shotokuvirae; Commensaviricota; Cardeaviricetes; Sanitavirales; Anelloviridae; Betatorquevirus; Betatorquevirus homini36	DNA	linear	2915		Homo sapiens	SAfiA-383-1	false	ncbi-genbank	1186a9dfd54178160f363643c1eddd9feccea812970378fae60ae4f0a9c2316b				
MN770593	MN770593.1	TTV-like mini virus	Betatorquevirus	Anelloviridae	Viruses; Floreoviria; Shotokuvirae; Commensaviricota; Cardeaviricetes; Sanitavirales; Anelloviridae; Betatorquevirus; Betatorquevirus homini36	DNA	linear	2895		Homo sapiens	SAfiA-388-109	false	ncbi-genbank	f9d03cd4784425ac905d03cf9fe2a35ed32fbabfa2a0fe3688d340b5a46ea3c9				
MN770597	MN770597.1	TTV-like mini virus	Betatorquevirus	Anelloviridae	Viruses; Floreoviria; Shotokuvirae; Commensaviricota; Cardeaviricetes; Sanitavirales; Anelloviridae; Betatorquevirus; Betatorquevirus homini36	DNA	linear	2821		Homo sapiens	SAfiA-388-130	false	ncbi-genbank	74bde61fb887828aba81d613792dff228693caf4ce25495587aeb7b7f240e850				
MN770598	MN770598.1	TTV-like mini virus	Betatorquevirus	Anelloviridae	Viruses; Floreoviria; Shotokuvirae; Commensaviricota; Cardeaviricetes; Sanitavirales; Anelloviridae; Betatorquevirus; Betatorquevirus homini36	DNA	linear	2871		Homo sapiens	SAfiA-388-132	false	ncbi-genbank	390b403c2737350fa4d182d10a9af5980ed37811441e90fb8cde65ada17dba5e				
MN770600	MN770600.1	TTV-like mini virus	Betatorquevirus	Anelloviridae	Viruses; Floreoviria; Shotokuvirae; Commensaviricota; Cardeaviricetes; Sanitavirales; Anelloviridae; Betatorquevirus; Betatorquevirus homini36	DNA	linear	2813		Homo sapiens	SAfiA-388-155	false	ncbi-genbank	f1089156f97de96c477c8f3cb7e8f0eaaac08a5d790b46ccebff5446dbdc6b2d				
MN770601	MN770601.1	TTV-like mini virus	Betatorquevirus	Anelloviridae	Viruses; Floreoviria; Shotokuvirae; Commensaviricota; Cardeaviricetes; Sanitavirales; Anelloviridae; Betatorquevirus; Betatorquevirus homini36	DNA	linear	2933		Homo sapiens	SAfiA-388-25	false	ncbi-genbank	1ff0fbd54ab93485993075ddccf5a6595267b2dee70743cf1c3e84428b736973				
MN770602	MN770602.1	TTV-like mini virus	Betatorquevirus	Anelloviridae	Viruses; Floreoviria; Shotokuvirae; Commensaviricota; Cardeaviricetes; Sanitavirales; Anelloviridae; Betatorquevirus; Betatorquevirus homini36	DNA	linear	2910		Homo sapiens	SAfiA-388-34	false	ncbi-genbank	613c673955f5380cd70c9df871aab734b46bfafe1aa32afbcbecfcecd1ba9fc6				
MN770603	MN770603.1	TTV-like mini virus	Betatorquevirus	Anelloviridae	Viruses; Floreoviria; Shotokuvirae; Commensaviricota; Cardeaviricetes; Sanitavirales; Anelloviridae; Betatorquevirus; Betatorquevirus homini36	DNA	linear	2907		Homo sapiens	SAfiA-388-39	false	ncbi-genbank	db9d85b0c4dd166dbe1a55db3adba7e9b2e30309dcbfe81eb9a97abd5269ef01				
MN770607	MN770607.1	TTV-like mini virus	Betatorquevirus	Anelloviridae	Viruses; Floreoviria; Shotokuvirae; Commensaviricota; Cardeaviricetes; Sanitavirales; Anelloviridae; Betatorquevirus; Betatorquevirus homini36	DNA	linear	2884		Homo sapiens	SAfiA-388-59	false	ncbi-genbank	e800ff0bc305566dd71d2ac1c91f8dac7427859bea0335434eac1567e679297f				
MN770608	MN770608.1	TTV-like mini virus	Betatorquevirus	Anelloviridae	Viruses; Floreoviria; Shotokuvirae; Commensaviricota; Cardeaviricetes; Sanitavirales; Anelloviridae; Betatorquevirus; Betatorquevirus homini36	DNA	linear	2873		Homo sapiens	SAfiA-388-66	false	ncbi-genbank	c4223dce3ddb0c30eb5dc5c9e55fd02ca8697062588ff8e271dec7bffcc6612c				
MN770610	MN770610.1	TTV-like mini virus	Betatorquevirus	Anelloviridae	Viruses; Floreoviria; Shotokuvirae; Commensaviricota; Cardeaviricetes; Sanitavirales; Anelloviridae; Betatorquevirus; Betatorquevirus homini36	DNA	linear	2913		Homo sapiens	SAfiA-388-86	false	ncbi-genbank	8b273983ef0c4d1e403d21171f64ae353bbbef7ff305831c90781f7f3b671fe8				
MN770614	MN770614.1	TTV-like mini virus	Betatorquevirus	Anelloviridae	Viruses; Floreoviria; Shotokuvirae; Commensaviricota; Cardeaviricetes; Sanitavirales; Anelloviridae; Betatorquevirus; Betatorquevirus homini36	DNA	linear	2904		Homo sapiens	SAfiA-39-3	false	ncbi-genbank	38a9171e57de9427270b5f63974d3b911b1af33f763c0b90ada198aa07465575				
MN770617	MN770617.1	TTV-like mini virus	Betatorquevirus	Anelloviridae	Viruses; Floreoviria; Shotokuvirae; Commensaviricota; Cardeaviricetes; Sanitavirales; Anelloviridae; Betatorquevirus; Betatorquevirus homini36	DNA	linear	2947		Homo sapiens	SAfiA-398-15	false	ncbi-genbank	ebc65a30e8bc440efc9dea770119cdb136d25c4a8c43a773d62ea4ed0c680e0f				
MN770622	MN770622.1	TTV-like mini virus	Betatorquevirus	Anelloviridae	Viruses; Floreoviria; Shotokuvirae; Commensaviricota; Cardeaviricetes; Sanitavirales; Anelloviridae; Betatorquevirus; Betatorquevirus homini36	DNA	linear	2769		Homo sapiens	SAfiA-401-33	false	ncbi-genbank	f7dc148ba87f2e1d2c83daf88cc308ff5168eaa2a14d9b28986f8f7276e9f0f3				
MN770623	MN770623.1	TTV-like mini virus	Betatorquevirus	Anelloviridae	Viruses; Floreoviria; Shotokuvirae; Commensaviricota; Cardeaviricetes; Sanitavirales; Anelloviridae; Betatorquevirus; Betatorquevirus homini36	DNA	linear	2962		Homo sapiens	SAfiA-402-6	false	ncbi-genbank	6064636f35c70dc48fe636ab3fe58afe22503e20b6fceaadcc9b49013248871b				
MN770624	MN770624.1	TTV-like mini virus	Betatorquevirus	Anelloviridae	Viruses; Floreoviria; Shotokuvirae; Commensaviricota; Cardeaviricetes; Sanitavirales; Anelloviridae; Betatorquevirus; Betatorquevirus homini36	DNA	linear	2897		Homo sapiens	SAfiA-418-16	false	ncbi-genbank	5cd8c847e87825be506b6c4bc0a541b8edde0886cc5c440cbb21756366da7159				
MN770626	MN770626.1	TTV-like mini virus	Betatorquevirus	Anelloviridae	Viruses; Floreoviria; Shotokuvirae; Commensaviricota; Cardeaviricetes; Sanitavirales; Anelloviridae; Betatorquevirus; Betatorquevirus homini36	DNA	linear	2892		Homo sapiens	SAfiA-427-5	false	ncbi-genbank	b4ebb84a2a58f8d9d278e9bd7fdf318a329158fba5602f01ef4a48249381cc5f				
MN770627	MN770627.1	TTV-like mini virus	Betatorquevirus	Anelloviridae	Viruses; Floreoviria; Shotokuvirae; Commensaviricota; Cardeaviricetes; Sanitavirales; Anelloviridae; Betatorquevirus; Betatorquevirus homini36	DNA	linear	2865		Homo sapiens	SAfiA-435-5	false	ncbi-genbank	b724e6dcfab11e596624255915ddca043c07058ec86c80b2c9a924150ca0e041				
MN770630	MN770630.1	TTV-like mini virus	Betatorquevirus	Anelloviridae	Viruses; Floreoviria; Shotokuvirae; Commensaviricota; Cardeaviricetes; Sanitavirales; Anelloviridae; Betatorquevirus; Betatorquevirus homini36	DNA	linear	2955		Homo sapiens	SAfiA-445-4	false	ncbi-genbank	97f787e15ac68fea7333a63ba13a0e91e53055897580903217138ca96e96bd84				
MN770631	MN770631.1	TTV-like mini virus	Betatorquevirus	Anelloviridae	Viruses; Floreoviria; Shotokuvirae; Commensaviricota; Cardeaviricetes; Sanitavirales; Anelloviridae; Betatorquevirus; Betatorquevirus homini36	DNA	linear	2905		Homo sapiens	SAfiA-446-11	false	ncbi-genbank	460c2309a470e46db1c9cd40bb2e32e555ecbe9204a32ac26dae0885804277b1				
MN770632	MN770632.1	TTV-like mini virus	Betatorquevirus	Anelloviridae	Viruses; Floreoviria; Shotokuvirae; Commensaviricota; Cardeaviricetes; Sanitavirales; Anelloviridae; Betatorquevirus; Betatorquevirus homini36	DNA	linear	2898		Homo sapiens	SAfiA-454-6	false	ncbi-genbank	0350bee60942293194f346938235069c23a572333622e86155129b4cbac51eca				
MN770644	MN770644.1	TTV-like mini virus	Betatorquevirus	Anelloviridae	Viruses; Floreoviria; Shotokuvirae; Commensaviricota; Cardeaviricetes; Sanitavirales; Anelloviridae; Betatorquevirus; Betatorquevirus homini36	DNA	linear	2928		Homo sapiens	SAfiA-500-26	false	ncbi-genbank	2788863759b05ab5702967ebd4130d1242d7187bc5cd26ef276ae1508c76084e				
MN770646	MN770646.1	TTV-like mini virus	Betatorquevirus	Anelloviridae	Viruses; Floreoviria; Shotokuvirae; Commensaviricota; Cardeaviricetes; Sanitavirales; Anelloviridae; Betatorquevirus; Betatorquevirus homini36	DNA	linear	2836		Homo sapiens	SAfiA-511-14	false	ncbi-genbank	a90ca2efbda18d852db4a5e2cbe9a1c63e72a3ca04b881d7ddaefc69d4e2f89d				
MN770647	MN770647.1	TTV-like mini virus	Betatorquevirus	Anelloviridae	Viruses; Floreoviria; Shotokuvirae; Commensaviricota; Cardeaviricetes; Sanitavirales; Anelloviridae; Betatorquevirus; Betatorquevirus homini36	DNA	linear	2926		Homo sapiens	SAfiA-51-21	false	ncbi-genbank	ea760d354f0afcc6032993fe87f2bf06efca30b3d8f2c8057399070229380ad8				
MN770649	MN770649.1	TTV-like mini virus	Betatorquevirus	Anelloviridae	Viruses; Floreoviria; Shotokuvirae; Commensaviricota; Cardeaviricetes; Sanitavirales; Anelloviridae; Betatorquevirus; Betatorquevirus homini36	DNA	linear	2921		Homo sapiens	SAfiA-521-10	false	ncbi-genbank	830749cb024755db784420e5f9224d715ff69353d79b7beabec4184bc06b62d8				
MN770650	MN770650.1	TTV-like mini virus	Betatorquevirus	Anelloviridae	Viruses; Floreoviria; Shotokuvirae; Commensaviricota; Cardeaviricetes; Sanitavirales; Anelloviridae; Betatorquevirus; Betatorquevirus homini36	DNA	linear	3018		Homo sapiens	SAfiA-521-7	false	ncbi-genbank	e5b10d6a91c9d94e96f798fd1705f1381335333cdb0253c7321582905af8f10e				
MN770651	MN770651.1	TTV-like mini virus	Betatorquevirus	Anelloviridae	Viruses; Floreoviria; Shotokuvirae; Commensaviricota; Cardeaviricetes; Sanitavirales; Anelloviridae; Betatorquevirus; Betatorquevirus homini36	DNA	linear	2922		Homo sapiens	SAfiA-523-9	false	ncbi-genbank	90798d1805f0e5d3484983d8fbfa75d9e2ddf8c9da6838a13e2a5146e28b222b				
MN770652	MN770652.1	TTV-like mini virus	Betatorquevirus	Anelloviridae	Viruses; Floreoviria; Shotokuvirae; Commensaviricota; Cardeaviricetes; Sanitavirales; Anelloviridae; Betatorquevirus; Betatorquevirus homini36	DNA	linear	2793		Homo sapiens	SAfiA-529-16	false	ncbi-genbank	e8e28bfe574e7abe08dc5dd797d5cc7ced520bdd9c48b04fa3e018027b8c7c74				
MN770653	MN770653.1	TTV-like mini virus	Betatorquevirus	Anelloviridae	Viruses; Floreoviria; Shotokuvirae; Commensaviricota; Cardeaviricetes; Sanitavirales; Anelloviridae; Betatorquevirus; Betatorquevirus homini36	DNA	linear	2819		Homo sapiens	SAfiA-532-12	false	ncbi-genbank	4cf1e3f062fa7ee9e6f8a3407eb7aa8d3d557974255152d730b18d6c43723998				
MN770655	MN770655.1	TTV-like mini virus	Betatorquevirus	Anelloviridae	Viruses; Floreoviria; Shotokuvirae; Commensaviricota; Cardeaviricetes; Sanitavirales; Anelloviridae; Betatorquevirus; Betatorquevirus homini36	DNA	linear	2811		Homo sapiens	SAfiA-536-10	false	ncbi-genbank	f967eb2268b7de697f13c5d2db836b3da18469928425c3d6ec282af953c5184f				
MN770656	MN770656.1	TTV-like mini virus	Betatorquevirus	Anelloviridae	Viruses; Floreoviria; Shotokuvirae; Commensaviricota; Cardeaviricetes; Sanitavirales; Anelloviridae; Betatorquevirus; Betatorquevirus homini36	DNA	linear	2937		Homo sapiens	SAfiA-536-4	false	ncbi-genbank	79fbdfe1a6b98c3a56c70af563ffd2d9cf75e5d2f166fdf72c024fb29396deb9				
MN770658	MN770658.1	TTV-like mini virus	Betatorquevirus	Anelloviridae	Viruses; Floreoviria; Shotokuvirae; Commensaviricota; Cardeaviricetes; Sanitavirales; Anelloviridae; Betatorquevirus; Betatorquevirus homini36	DNA	linear	2945		Homo sapiens	SAfiA-542-20	false	ncbi-genbank	007524a68b277b8cb12ed6b5ef736fbab98e147883f88b25c195431823011c54				
MN770659	MN770659.1	TTV-like mini virus	Betatorquevirus	Anelloviridae	Viruses; Floreoviria; Shotokuvirae; Commensaviricota; Cardeaviricetes; Sanitavirales; Anelloviridae; Betatorquevirus; Betatorquevirus homini36	DNA	linear	2942		Homo sapiens	SAfiA-542-25	false	ncbi-genbank	3a168b13f22be5f14b9b2ca50926fc07fb7e0801082d7636bbc333405890b6a2				
MN770660	MN770660.1	TTV-like mini virus	Betatorquevirus	Anelloviridae	Viruses; Floreoviria; Shotokuvirae; Commensaviricota; Cardeaviricetes; Sanitavirales; Anelloviridae; Betatorquevirus; Betatorquevirus homini36	DNA	linear	2872		Homo sapiens	SAfiA-542-31	false	ncbi-genbank	285cf66dcc11e5be415993511a347c8ce1413a28e4f12b58013e72e7b0e80b85				
MN770662	MN770662.1	TTV-like mini virus	Betatorquevirus	Anelloviridae	Viruses; Floreoviria; Shotokuvirae; Commensaviricota; Cardeaviricetes; Sanitavirales; Anelloviridae; Betatorquevirus; Betatorquevirus homini36	DNA	linear	2884		Homo sapiens	SAfiA-552-22	false	ncbi-genbank	19fdcd59e8a368fb8495000fc330869c68120e56b04171b515fabd274740a218				
MN770663	MN770663.1	TTV-like mini virus	Betatorquevirus	Anelloviridae	Viruses; Floreoviria; Shotokuvirae; Commensaviricota; Cardeaviricetes; Sanitavirales; Anelloviridae; Betatorquevirus; Betatorquevirus homini36	DNA	linear	2904		Homo sapiens	SAfiA-558-8	false	ncbi-genbank	9dc7aafeb85e1f490d8f0a1f17bb48c7e3cbd5de3412311f47482c7506dae9a0				
MN770670	MN770670.1	TTV-like mini virus	Betatorquevirus	Anelloviridae	Viruses; Floreoviria; Shotokuvirae; Commensaviricota; Cardeaviricetes; Sanitavirales; Anelloviridae; Betatorquevirus; Betatorquevirus homini36	DNA	linear	2971		Homo sapiens	SAfiA-572-18	false	ncbi-genbank	74ed5f0758fd21946dbc3e8653b31b41b488fbf83bb0e3cc51fa29368a196ff4				
MN770671	MN770671.1	TTV-like mini virus	Betatorquevirus	Anelloviridae	Viruses; Floreoviria; Shotokuvirae; Commensaviricota; Cardeaviricetes; Sanitavirales; Anelloviridae; Betatorquevirus; Betatorquevirus homini36	DNA	linear	2825		Homo sapiens	SAfiA-572-34	false	ncbi-genbank	12f6f42d795245be53bc9c37604882877d483902edbd7cc00bcefa2e56f9ad27				
MN770672	MN770672.1	TTV-like mini virus	Betatorquevirus	Anelloviridae	Viruses; Floreoviria; Shotokuvirae; Commensaviricota; Cardeaviricetes; Sanitavirales; Anelloviridae; Betatorquevirus; Betatorquevirus homini36	DNA	linear	2988		Homo sapiens	SAfiA-573-19	false	ncbi-genbank	1a54600260a6f919540610376076328e7c1928c6bc2c284082bc57ab8d74ed9c				
MN770673	MN770673.1	TTV-like mini virus	Betatorquevirus	Anelloviridae	Viruses; Floreoviria; Shotokuvirae; Commensaviricota; Cardeaviricetes; Sanitavirales; Anelloviridae; Betatorquevirus; Betatorquevirus homini36	DNA	linear	2900		Homo sapiens	SAfiA-573-24	false	ncbi-genbank	a025fa95735a6f218a8dd2cd50528d2ec2a01903a8614f6cc560aa9b0bc42653				
MN770678	MN770678.1	TTV-like mini virus	Betatorquevirus	Anelloviridae	Viruses; Floreoviria; Shotokuvirae; Commensaviricota; Cardeaviricetes; Sanitavirales; Anelloviridae; Betatorquevirus; Betatorquevirus homini36	DNA	linear	2853		Homo sapiens	SAfiA-57-40	false	ncbi-genbank	08f533bb435bca0f621d0418cecc0127f90976bb75841a32c3a9b28ad746c0c9				
MN770682	MN770682.1	TTV-like mini virus	Betatorquevirus	Anelloviridae	Viruses; Floreoviria; Shotokuvirae; Commensaviricota; Cardeaviricetes; Sanitavirales; Anelloviridae; Betatorquevirus; Betatorquevirus homini36	DNA	linear	2856		Homo sapiens	SAfiA-577-106	false	ncbi-genbank	f35d03047134da76b6da8cbbc50ee82821789d59edb1777633ff101ae6202b96				
MN770683	MN770683.1	TTV-like mini virus	Betatorquevirus	Anelloviridae	Viruses; Floreoviria; Shotokuvirae; Commensaviricota; Cardeaviricetes; Sanitavirales; Anelloviridae; Betatorquevirus; Betatorquevirus homini36	DNA	linear	2893		Homo sapiens	SAfiA-577-109	false	ncbi-genbank	16b4ddfee4bb831d79fcd1c0b899b5ce37053ec7fcc800c7841937d5ec5e1a7b				
MN770684	MN770684.1	TTV-like mini virus	Betatorquevirus	Anelloviridae	Viruses; Floreoviria; Shotokuvirae; Commensaviricota; Cardeaviricetes; Sanitavirales; Anelloviridae; Betatorquevirus; Betatorquevirus homini36	DNA	linear	2824		Homo sapiens	SAfiA-577-129	false	ncbi-genbank	182b79666325bb152707c342ee83950c1b063792f7c9b6a1844cf9f4b10b40c2				
MN770685	MN770685.1	TTV-like mini virus	Betatorquevirus	Anelloviridae	Viruses; Floreoviria; Shotokuvirae; Commensaviricota; Cardeaviricetes; Sanitavirales; Anelloviridae; Betatorquevirus; Betatorquevirus homini36	DNA	linear	2831		Homo sapiens	SAfiA-577-185	false	ncbi-genbank	227b4d5bd536670f159ee20b69268fdaf8d4ba1cd1e9ca521f279c0833d8f2c7				
MN770687	MN770687.1	TTV-like mini virus	Betatorquevirus	Anelloviridae	Viruses; Floreoviria; Shotokuvirae; Commensaviricota; Cardeaviricetes; Sanitavirales; Anelloviridae; Betatorquevirus; Betatorquevirus homini36	DNA	linear	2904		Homo sapiens	SAfiA-577-89	false	ncbi-genbank	ac2dabb77762e453099dc1bca220580a2404ebc67d4360e33a1b679d2ad0496e				
MN770692	MN770692.1	TTV-like mini virus	Betatorquevirus	Anelloviridae	Viruses; Floreoviria; Shotokuvirae; Commensaviricota; Cardeaviricetes; Sanitavirales; Anelloviridae; Betatorquevirus; Betatorquevirus homini36	DNA	linear	2801		Homo sapiens	SAfiA-581-39	false	ncbi-genbank	b3aac41be3d7641afe52ce6f75c7c78a0c4773ff7fd362841c04b81b7987abb8				
MN770695	MN770695.1	TTV-like mini virus	Betatorquevirus	Anelloviridae	Viruses; Floreoviria; Shotokuvirae; Commensaviricota; Cardeaviricetes; Sanitavirales; Anelloviridae; Betatorquevirus; Betatorquevirus homini36	DNA	linear	2859		Homo sapiens	SAfiA-583-13	false	ncbi-genbank	5117c6603daa1626922ec3d45c4afad8a97fc7fcd4aa316b53d797227c86b94c				
MN770696	MN770696.1	TTV-like mini virus	Betatorquevirus	Anelloviridae	Viruses; Floreoviria; Shotokuvirae; Commensaviricota; Cardeaviricetes; Sanitavirales; Anelloviridae; Betatorquevirus; Betatorquevirus homini36	DNA	linear	2813		Homo sapiens	SAfiA-583-16	false	ncbi-genbank	a06902d2c71e5421d671698da5a6dc0d9b27dde521d7e730e43bf0a6597b2acd				
MN770697	MN770697.1	TTV-like mini virus	Betatorquevirus	Anelloviridae	Viruses; Floreoviria; Shotokuvirae; Commensaviricota; Cardeaviricetes; Sanitavirales; Anelloviridae; Betatorquevirus; Betatorquevirus homini36	DNA	linear	2968		Homo sapiens	SAfiA-584-8	false	ncbi-genbank	00c4d19e289c403a286b4da2dee9086eecfaa8c074d8dce8819b58072b52788f				
MN770698	MN770698.1	TTV-like mini virus	Betatorquevirus	Anelloviridae	Viruses; Floreoviria; Shotokuvirae; Commensaviricota; Cardeaviricetes; Sanitavirales; Anelloviridae; Betatorquevirus; Betatorquevirus homini36	DNA	linear	2808		Homo sapiens	SAfiA-587-124	false	ncbi-genbank	1bdf284c28f9f9c037a4c675f58419010e0bf5d81a057c1be6111c37ed3ae8b9				
MN770700	MN770700.1	TTV-like mini virus	Betatorquevirus	Anelloviridae	Viruses; Floreoviria; Shotokuvirae; Commensaviricota; Cardeaviricetes; Sanitavirales; Anelloviridae; Betatorquevirus; Betatorquevirus homini36	DNA	linear	2943		Homo sapiens	SAfiA-587-25	false	ncbi-genbank	899c41406ddf018cac93ef46a58be9076d5b290ed98265ef17650303499dfcdb				
MN770701	MN770701.1	TTV-like mini virus	Betatorquevirus	Anelloviridae	Viruses; Floreoviria; Shotokuvirae; Commensaviricota; Cardeaviricetes; Sanitavirales; Anelloviridae; Betatorquevirus; Betatorquevirus homini36	DNA	linear	2908		Homo sapiens	SAfiA-587-42	false	ncbi-genbank	aa3c9007dd9f0ceecb5fbe21eb341682a723f225cb813adb83c6237e2d2d33b7				
MN770702	MN770702.1	TTV-like mini virus	Betatorquevirus	Anelloviridae	Viruses; Floreoviria; Shotokuvirae; Commensaviricota; Cardeaviricetes; Sanitavirales; Anelloviridae; Betatorquevirus; Betatorquevirus homini36	DNA	linear	2999		Homo sapiens	SAfiA-587-9	false	ncbi-genbank	2fad0f0313747a28ddb9181b7fd4ad92ee8e07829127de2ac9f7221c5fdbe9a8				
MN770703	MN770703.1	TTV-like mini virus	Betatorquevirus	Anelloviridae	Viruses; Floreoviria; Shotokuvirae; Commensaviricota; Cardeaviricetes; Sanitavirales; Anelloviridae; Betatorquevirus; Betatorquevirus homini36	DNA	linear	2808		Homo sapiens	SAfiA-587-95	false	ncbi-genbank	cc99d6ff5a8c3248e074b74f6a32917fd490cbaeef4850e6e73d0313a138f963				
MN770706	MN770706.1	TTV-like mini virus	Betatorquevirus	Anelloviridae	Viruses; Floreoviria; Shotokuvirae; Commensaviricota; Cardeaviricetes; Sanitavirales; Anelloviridae; Betatorquevirus; Betatorquevirus homini36	DNA	linear	2897		Homo sapiens	SAfiA-590-42	false	ncbi-genbank	5ee3f040cb5fe31a5a72522b063d6b4d1e6b12a4437263679a743786a517df6a				
MN770707	MN770707.1	TTV-like mini virus	Betatorquevirus	Anelloviridae	Viruses; Floreoviria; Shotokuvirae; Commensaviricota; Cardeaviricetes; Sanitavirales; Anelloviridae; Betatorquevirus; Betatorquevirus homini36	DNA	linear	2879		Homo sapiens	SAfiA-590-46	false	ncbi-genbank	cc9ca3aa6a14734270a69eebc0b1c9897cd1df4127aad0e8568f33e59b071431				
MN770708	MN770708.1	TTV-like mini virus	Betatorquevirus	Anelloviridae	Viruses; Floreoviria; Shotokuvirae; Commensaviricota; Cardeaviricetes; Sanitavirales; Anelloviridae; Betatorquevirus; Betatorquevirus homini36	DNA	linear	2855		Homo sapiens	SAfiA-590-54	false	ncbi-genbank	143c20343f3d18092718070ce553e9124a1e702e4aa3e3f175a5d8af8e1d0e91				
MN770710	MN770710.1	TTV-like mini virus	Betatorquevirus	Anelloviridae	Viruses; Floreoviria; Shotokuvirae; Commensaviricota; Cardeaviricetes; Sanitavirales; Anelloviridae; Betatorquevirus; Betatorquevirus homini36	DNA	linear	2834		Homo sapiens	SAfiA-590-63	false	ncbi-genbank	df8bb3f249ad11509b471d0d8ec1e16c61e396f58af4e532153aae0de2f73e6e				
MN770711	MN770711.1	TTV-like mini virus	Betatorquevirus	Anelloviridae	Viruses; Floreoviria; Shotokuvirae; Commensaviricota; Cardeaviricetes; Sanitavirales; Anelloviridae; Betatorquevirus; Betatorquevirus homini36	DNA	linear	2886		Homo sapiens	SAfiA-591-9	false	ncbi-genbank	2dad24b331f481da64b50a152b29fc469c862339e6860ae3655bbae0e725889c				
MN770713	MN770713.1	TTV-like mini virus	Betatorquevirus	Anelloviridae	Viruses; Floreoviria; Shotokuvirae; Commensaviricota; Cardeaviricetes; Sanitavirales; Anelloviridae; Betatorquevirus; Betatorquevirus homini36	DNA	linear	2853		Homo sapiens	SAfiA-5A-14	false	ncbi-genbank	abae337a65709ec942db8e4dde4b16a555f588b6bd1fa4a0a4ed07eabdcd3eba				
MN770714	MN770714.1	TTV-like mini virus	Betatorquevirus	Anelloviridae	Viruses; Floreoviria; Shotokuvirae; Commensaviricota; Cardeaviricetes; Sanitavirales; Anelloviridae; Betatorquevirus; Betatorquevirus homini36	DNA	linear	2725		Homo sapiens	SAfiA-5A-18	false	ncbi-genbank	b1e090e585789bfa714ce6abe8fae62a83017ba5eddae5437b6ba9d664c8023e				
MN770717	MN770717.1	TTV-like mini virus	Betatorquevirus	Anelloviridae	Viruses; Floreoviria; Shotokuvirae; Commensaviricota; Cardeaviricetes; Sanitavirales; Anelloviridae; Betatorquevirus; Betatorquevirus homini36	DNA	linear	2878		Homo sapiens	SAfiA-610-15	false	ncbi-genbank	347fac07b81b90b9372a338798ef9fd1ae8ec5b0e4dde768ac01214bc3a4446f				
MN770719	MN770719.1	TTV-like mini virus	Betatorquevirus	Anelloviridae	Viruses; Floreoviria; Shotokuvirae; Commensaviricota; Cardeaviricetes; Sanitavirales; Anelloviridae; Betatorquevirus; Betatorquevirus homini36	DNA	linear	2951		Homo sapiens	SAfiA-615-600	false	ncbi-genbank	7b929d668eab479537c750b5fca8a1fcbc92a79f5c534c441e62a380c7bfe127				
MN770724	MN770724.1	TTV-like mini virus	Betatorquevirus	Anelloviridae	Viruses; Floreoviria; Shotokuvirae; Commensaviricota; Cardeaviricetes; Sanitavirales; Anelloviridae; Betatorquevirus; Betatorquevirus homini36	DNA	linear	2874		Homo sapiens	SAfiA-624-14	false	ncbi-genbank	ccc0f9197c5a076301b9defa02e0b55641f23a760616890ef9af87d11aca2d9f				
MN770725	MN770725.1	TTV-like mini virus	Betatorquevirus	Anelloviridae	Viruses; Floreoviria; Shotokuvirae; Commensaviricota; Cardeaviricetes; Sanitavirales; Anelloviridae; Betatorquevirus; Betatorquevirus homini36	DNA	linear	2978		Homo sapiens	SAfiA-626-13	false	ncbi-genbank	57079cdd5caef4ca7739c34fb916fffe7fed7178c5d6754627d3f7e7f5345de3				
MN770726	MN770726.1	TTV-like mini virus	Betatorquevirus	Anelloviridae	Viruses; Floreoviria; Shotokuvirae; Commensaviricota; Cardeaviricetes; Sanitavirales; Anelloviridae; Betatorquevirus; Betatorquevirus homini36	DNA	linear	2837		Homo sapiens	SAfiA-630A-29	false	ncbi-genbank	5470713e352bca25f731107753aa772cb6f31a7a8b2fe18b3ae537f6f8f818fc				
MN770728	MN770728.1	TTV-like mini virus	Betatorquevirus	Anelloviridae	Viruses; Floreoviria; Shotokuvirae; Commensaviricota; Cardeaviricetes; Sanitavirales; Anelloviridae; Betatorquevirus; Betatorquevirus homini36	DNA	linear	2787		Homo sapiens	SAfiA-634-22	false	ncbi-genbank	eb473800128c84fc7541ea16a398a9692b6fbd5b8280b924571a18a0e03ac6ea				
MN770732	MN770732.1	TTV-like mini virus	Betatorquevirus	Anelloviridae	Viruses; Floreoviria; Shotokuvirae; Commensaviricota; Cardeaviricetes; Sanitavirales; Anelloviridae; Betatorquevirus; Betatorquevirus homini36	DNA	linear	2995		Homo sapiens	SAfiA-646-5	false	ncbi-genbank	6c39fa3cbe8b2332dce0f16cbba752c04bd201fe7d143348aa3aa02062c48785				
MN770733	MN770733.1	TTV-like mini virus	Betatorquevirus	Anelloviridae	Viruses; Floreoviria; Shotokuvirae; Commensaviricota; Cardeaviricetes; Sanitavirales; Anelloviridae; Betatorquevirus; Betatorquevirus homini36	DNA	linear	2931		Homo sapiens	SAfiA-646-7	false	ncbi-genbank	4d84a8a8f7d781551685252b08f12fe7d1dae02d4fe839c4fdeacd41936c7843				
MN770736	MN770736.1	TTV-like mini virus	Betatorquevirus	Anelloviridae	Viruses; Floreoviria; Shotokuvirae; Commensaviricota; Cardeaviricetes; Sanitavirales; Anelloviridae; Betatorquevirus; Betatorquevirus homini36	DNA	linear	2806		Homo sapiens	SAfiA-651-33	false	ncbi-genbank	1144495300f0ae3222944373a1f7709295f1178b595df58449b96780cf264bf9				
MN770737	MN770737.1	TTV-like mini virus	Betatorquevirus	Anelloviridae	Viruses; Floreoviria; Shotokuvirae; Commensaviricota; Cardeaviricetes; Sanitavirales; Anelloviridae; Betatorquevirus; Betatorquevirus homini36	DNA	linear	2901		Homo sapiens	SAfiA-652-7	false	ncbi-genbank	97831eb14f0beee489fba59a57aea8608c25d52f170c73c2e2b6b6b5a6f6b261				
MN770740	MN770740.1	TTV-like mini virus	Betatorquevirus	Anelloviridae	Viruses; Floreoviria; Shotokuvirae; Commensaviricota; Cardeaviricetes; Sanitavirales; Anelloviridae; Betatorquevirus; Betatorquevirus homini36	DNA	linear	2914		Homo sapiens	SAfiA-666-8	false	ncbi-genbank	38b84b9a2d357238850659c2d8e9aae64b989c08fabed01f56bed51eb599e32d				
MN770748	MN770748.1	TTV-like mini virus	Betatorquevirus	Anelloviridae	Viruses; Floreoviria; Shotokuvirae; Commensaviricota; Cardeaviricetes; Sanitavirales; Anelloviridae; Betatorquevirus; Betatorquevirus homini36	DNA	linear	2974		Homo sapiens	SAfiA-686-3	false	ncbi-genbank	4282f00837f00862e72f9aad5884955ebfb75cb626b511f86d85e9fa26a93f8e				
MN770750	MN770750.1	TTV-like mini virus	Betatorquevirus	Anelloviridae	Viruses; Floreoviria; Shotokuvirae; Commensaviricota; Cardeaviricetes; Sanitavirales; Anelloviridae; Betatorquevirus; Betatorquevirus homini36	DNA	linear	2966		Homo sapiens	SAfiA-687-5	false	ncbi-genbank	9d856936fa21b1d1e855b06efd4f57ac67e2dfe840a6b8404ef182863a108370				
MN770753	MN770753.1	TTV-like mini virus	Betatorquevirus	Anelloviridae	Viruses; Floreoviria; Shotokuvirae; Commensaviricota; Cardeaviricetes; Sanitavirales; Anelloviridae; Betatorquevirus; Betatorquevirus homini36	DNA	linear	2902		Homo sapiens	SAfiA-690-3	false	ncbi-genbank	3bf9736058b10896768a2dd67b9a3182a6513f6226947c87398d0e20ab98f1f1				
MN770758	MN770758.1	TTV-like mini virus	Betatorquevirus	Anelloviridae	Viruses; Floreoviria; Shotokuvirae; Commensaviricota; Cardeaviricetes; Sanitavirales; Anelloviridae; Betatorquevirus; Betatorquevirus homini36	DNA	linear	3020		Homo sapiens	SAfiA-73-2	false	ncbi-genbank	ac0daec116496ba3fa7c6f8c148ad3ff4993b4c6da2fbd89f1d57dfe29c1dba9				
MN770760	MN770760.1	TTV-like mini virus	Betatorquevirus	Anelloviridae	Viruses; Floreoviria; Shotokuvirae; Commensaviricota; Cardeaviricetes; Sanitavirales; Anelloviridae; Betatorquevirus; Betatorquevirus homini36	DNA	linear	2887		Homo sapiens	SAfiA-739-1	false	ncbi-genbank	88c05e99c857eb5f10b0b7952ca4d9421bf65fbdf6ba59187958e02bed97ea24				
MN770761	MN770761.1	TTV-like mini virus	Betatorquevirus	Anelloviridae	Viruses; Floreoviria; Shotokuvirae; Commensaviricota; Cardeaviricetes; Sanitavirales; Anelloviridae; Betatorquevirus; Betatorquevirus homini36	DNA	linear	2881		Homo sapiens	SAfiA-765-7	false	ncbi-genbank	d668063b2d8aa9bc8348cf934fe4b7e019984c772b8b71f5307d946de9a39b75				
MN770770	MN770770.1	TTV-like mini virus	Betatorquevirus	Anelloviridae	Viruses; Floreoviria; Shotokuvirae; Commensaviricota; Cardeaviricetes; Sanitavirales; Anelloviridae; Betatorquevirus; Betatorquevirus homini36	DNA	linear	2972		Homo sapiens	SAfiA-803-5	false	ncbi-genbank	dbbb4767ce6e58a951d92ab23c37a8a572c24eedf02c62278e9b0fe9f091e796				
MN770776	MN770776.1	TTV-like mini virus	Betatorquevirus	Anelloviridae	Viruses; Floreoviria; Shotokuvirae; Commensaviricota; Cardeaviricetes; Sanitavirales; Anelloviridae; Betatorquevirus; Betatorquevirus homini36	DNA	linear	2908		Homo sapiens	SAfiA-819-15	false	ncbi-genbank	382165848b1cf1d596494daab6af021f780a58cc956fdebfbb8958b4fbb886ba				
MN770778	MN770778.1	TTV-like mini virus	Betatorquevirus	Anelloviridae	Viruses; Floreoviria; Shotokuvirae; Commensaviricota; Cardeaviricetes; Sanitavirales; Anelloviridae; Betatorquevirus; Betatorquevirus homini36	DNA	linear	2851		Homo sapiens	SAfiA-823-4	false	ncbi-genbank	26c426efacc9985ac425ac1e2c36f2166622a8042a26d7fa6a54f0a7fb8cc4a1				
MN770779	MN770779.1	TTV-like mini virus	Betatorquevirus	Anelloviridae	Viruses; Floreoviria; Shotokuvirae; Commensaviricota; Cardeaviricetes; Sanitavirales; Anelloviridae; Betatorquevirus; Betatorquevirus homini36	DNA	linear	2923		Homo sapiens	SAfiA-833-10	false	ncbi-genbank	c3404b3cb7a3e08228783345b7def66e99926cb219d515fce1edc45d85bd574e				
MN770781	MN770781.1	TTV-like mini virus	Betatorquevirus	Anelloviridae	Viruses; Floreoviria; Shotokuvirae; Commensaviricota; Cardeaviricetes; Sanitavirales; Anelloviridae; Betatorquevirus; Betatorquevirus homini36	DNA	linear	2925		Homo sapiens	SAfiA-842-5	false	ncbi-genbank	6332a0875a93d8847fecabf8d64c38f33893580f6e808cfde46051eb46587c40				
MN770782	MN770782.1	TTV-like mini virus	Betatorquevirus	Anelloviridae	Viruses; Floreoviria; Shotokuvirae; Commensaviricota; Cardeaviricetes; Sanitavirales; Anelloviridae; Betatorquevirus; Betatorquevirus homini36	DNA	linear	2842		Homo sapiens	SAfiA-842-8	false	ncbi-genbank	f33ae049b507dda3f9a49b7aeb8aee13fd10b39963647389581733c8ad12fa37				
MN770783	MN770783.1	TTV-like mini virus	Betatorquevirus	Anelloviridae	Viruses; Floreoviria; Shotokuvirae; Commensaviricota; Cardeaviricetes; Sanitavirales; Anelloviridae; Betatorquevirus; Betatorquevirus homini36	DNA	linear	2902		Homo sapiens	SAfiA-850-13	false	ncbi-genbank	7b19ee21e4a06fc9061ab074f4ab4c5a65d81f8fd9e35fe7525172143c1c96e9				
MN770786	MN770786.1	TTV-like mini virus	Betatorquevirus	Anelloviridae	Viruses; Floreoviria; Shotokuvirae; Commensaviricota; Cardeaviricetes; Sanitavirales; Anelloviridae; Betatorquevirus; Betatorquevirus homini36	DNA	linear	2949		Homo sapiens	SAfiA-857-189	false	ncbi-genbank	d4195fc1917bc9b3ab17bcdbf623344591e33d6aed648ca226c90627cc0c8025				
MN770788	MN770788.1	TTV-like mini virus	Betatorquevirus	Anelloviridae	Viruses; Floreoviria; Shotokuvirae; Commensaviricota; Cardeaviricetes; Sanitavirales; Anelloviridae; Betatorquevirus; Betatorquevirus homini36	DNA	linear	2911		Homo sapiens	SAfiA-861-154	false	ncbi-genbank	0c8b5591ff294d22ba01832eb37bbf8fcea31f406889ada6dc688d6c91551d57				
MN770789	MN770789.1	TTV-like mini virus	Betatorquevirus	Anelloviridae	Viruses; Floreoviria; Shotokuvirae; Commensaviricota; Cardeaviricetes; Sanitavirales; Anelloviridae; Betatorquevirus; Betatorquevirus homini36	DNA	linear	2827		Homo sapiens	SAfiA-865-117	false	ncbi-genbank	272db7413decc63719565a88f9cbcffbb737a344f08378b094c82f312025f26f				
MN770790	MN770790.1	TTV-like mini virus	Betatorquevirus	Anelloviridae	Viruses; Floreoviria; Shotokuvirae; Commensaviricota; Cardeaviricetes; Sanitavirales; Anelloviridae; Betatorquevirus; Betatorquevirus homini36	DNA	linear	2889		Homo sapiens	SAfiA-866-417	false	ncbi-genbank	e3fc2db56345bfdade57cdbe5c48bcfc7a64a4fdd6608a7514f27e4b7cf15f92				
MN770792	MN770792.1	TTV-like mini virus	Betatorquevirus	Anelloviridae	Viruses; Floreoviria; Shotokuvirae; Commensaviricota; Cardeaviricetes; Sanitavirales; Anelloviridae; Betatorquevirus; Betatorquevirus homini36	DNA	linear	2901		Homo sapiens	SAfiA-87-26	false	ncbi-genbank	5d22f11280c3504028cbe61e234f936aa4dd9e01e84ffa24ff2d284bbdcc3120				
MN770794	MN770794.1	TTV-like mini virus	Betatorquevirus	Anelloviridae	Viruses; Floreoviria; Shotokuvirae; Commensaviricota; Cardeaviricetes; Sanitavirales; Anelloviridae; Betatorquevirus; Betatorquevirus homini36	DNA	linear	2834		Homo sapiens	SAfiA-87-40	false	ncbi-genbank	87f58e5657960cb87e87bd3ea2977b0c4573695db6b2ef3734bbe62ced977f15				
MN770795	MN770795.1	TTV-like mini virus	Betatorquevirus	Anelloviridae	Viruses; Floreoviria; Shotokuvirae; Commensaviricota; Cardeaviricetes; Sanitavirales; Anelloviridae; Betatorquevirus; Betatorquevirus homini36	DNA	linear	2888		Homo sapiens	SAfiA-88-19	false	ncbi-genbank	d71aaca42a5a6ad2aac0165ec71bb2ca1aed9732a5f48ac7276eafabd3c88c65				
MN770800	MN770800.1	TTV-like mini virus	Betatorquevirus	Anelloviridae	Viruses; Floreoviria; Shotokuvirae; Commensaviricota; Cardeaviricetes; Sanitavirales; Anelloviridae; Betatorquevirus; Betatorquevirus homini36	DNA	linear	2907		Homo sapiens	SAfiA-91-18	false	ncbi-genbank	9e89584fba2354090e6385c352e6277a88ea914c7eba47e4dd684b8ecd9d7954				
MN770801	MN770801.1	TTV-like mini virus	Betatorquevirus	Anelloviridae	Viruses; Floreoviria; Shotokuvirae; Commensaviricota; Cardeaviricetes; Sanitavirales; Anelloviridae; Betatorquevirus; Betatorquevirus homini36	DNA	linear	2962		Homo sapiens	SAfiA-94-14	false	ncbi-genbank	5c8a44d89ae4fcc3ee2c530a4d3f9bd148c191f649bc257d4c789c5900ab5b4f				
MN770805	MN770805.1	TTV-like mini virus	Betatorquevirus	Anelloviridae	Viruses; Floreoviria; Shotokuvirae; Commensaviricota; Cardeaviricetes; Sanitavirales; Anelloviridae; Betatorquevirus; Betatorquevirus homini36	DNA	linear	2840		Homo sapiens	SAfiA-124-34	false	ncbi-genbank	48f2c94d947217b4d9bbb760f0f5fb94cbce633bb20dcc6cbb4340323c03d5c8				
MN770807	MN770807.1	TTV-like mini virus	Betatorquevirus	Anelloviridae	Viruses; Floreoviria; Shotokuvirae; Commensaviricota; Cardeaviricetes; Sanitavirales; Anelloviridae; Betatorquevirus; Betatorquevirus homini36	DNA	linear	2872		Homo sapiens	SAfiA-274-30	false	ncbi-genbank	49c9919849cd163d460a76f7383c8d2d7b17de8f6d00f2a45a0a5af134c87514				
MN770808	MN770808.1	TTV-like mini virus	Betatorquevirus	Anelloviridae	Viruses; Floreoviria; Shotokuvirae; Commensaviricota; Cardeaviricetes; Sanitavirales; Anelloviridae; Betatorquevirus; Betatorquevirus homini36	DNA	linear	2890		Homo sapiens	SAfiA-311-14	false	ncbi-genbank	14fde24679c38a78905d70f07aa4002e1e83d7bcf3788cb6863db9b58543647f				
MN770809	MN770809.1	TTV-like mini virus	Betatorquevirus	Anelloviridae	Viruses; Floreoviria; Shotokuvirae; Commensaviricota; Cardeaviricetes; Sanitavirales; Anelloviridae; Betatorquevirus; Betatorquevirus homini36	DNA	linear	2880		Homo sapiens	SAfiA-319-18	false	ncbi-genbank	9ecabb3da4eebd5e94f8bd4c54ddef694f73a02126d97e02c584239769e951eb				
MN770811	MN770811.1	TTV-like mini virus	Betatorquevirus	Anelloviridae	Viruses; Floreoviria; Shotokuvirae; Commensaviricota; Cardeaviricetes; Sanitavirales; Anelloviridae; Betatorquevirus; Betatorquevirus homini36	DNA	linear	2804		Homo sapiens	SAfiA-325-26	false	ncbi-genbank	64a4397a73b487db43d38167f596cb91da24103c264c1e39086d070ff7799c1e				
MN770812	MN770812.1	TTV-like mini virus	Betatorquevirus	Anelloviridae	Viruses; Floreoviria; Shotokuvirae; Commensaviricota; Cardeaviricetes; Sanitavirales; Anelloviridae; Betatorquevirus; Betatorquevirus homini36	DNA	linear	2807		Homo sapiens	SAfiA-326-21	false	ncbi-genbank	cf07b6507c1c304f9204ec9f105527e68fec2a2efc3085fc20ba41baa19cbc24				
MN770813	MN770813.1	TTV-like mini virus	Betatorquevirus	Anelloviridae	Viruses; Floreoviria; Shotokuvirae; Commensaviricota; Cardeaviricetes; Sanitavirales; Anelloviridae; Betatorquevirus; Betatorquevirus homini36	DNA	linear	2924		Homo sapiens	SAfiA-338-12	false	ncbi-genbank	71df6eac62e1cb796bf0d0f9caf811033588258c3984e22fb2bf1b54e5df7ab9				
MN770814	MN770814.1	TTV-like mini virus	Betatorquevirus	Anelloviridae	Viruses; Floreoviria; Shotokuvirae; Commensaviricota; Cardeaviricetes; Sanitavirales; Anelloviridae; Betatorquevirus; Betatorquevirus homini36	DNA	linear	2845		Homo sapiens	SAfiA-350-30	false	ncbi-genbank	4552afd6f367da9c252fbb687fcbbb40ce41cd911e0ffcbe948a3ab5c5b5364d				
MN770815	MN770815.1	TTV-like mini virus	Betatorquevirus	Anelloviridae	Viruses; Floreoviria; Shotokuvirae; Commensaviricota; Cardeaviricetes; Sanitavirales; Anelloviridae; Betatorquevirus; Betatorquevirus homini36	DNA	linear	2926		Homo sapiens	SAfiA-35-20	false	ncbi-genbank	78a98c175714c1ce8a13e0530f0eb055dd6d7ad1213b6492fca2e9e99914331d				
MN770817	MN770817.1	TTV-like mini virus	Betatorquevirus	Anelloviridae	Viruses; Floreoviria; Shotokuvirae; Commensaviricota; Cardeaviricetes; Sanitavirales; Anelloviridae; Betatorquevirus; Betatorquevirus homini36	DNA	linear	2850		Homo sapiens	SAfiA-35-56	false	ncbi-genbank	2c0bd47867093eb1d265f1cc7d4de160a5eaa39533ce3cf1303cb9b9ced6df13				
MN770819	MN770819.1	TTV-like mini virus	Betatorquevirus	Anelloviridae	Viruses; Floreoviria; Shotokuvirae; Commensaviricota; Cardeaviricetes; Sanitavirales; Anelloviridae; Betatorquevirus; Betatorquevirus homini36	DNA	linear	2830		Homo sapiens	SAfiA-367-32	false	ncbi-genbank	a1f88222f994d363c0186bb23ed3f4453a66ec1c799c1fa18e783510a4f17404				
MN770821	MN770821.1	TTV-like mini virus	Betatorquevirus	Anelloviridae	Viruses; Floreoviria; Shotokuvirae; Commensaviricota; Cardeaviricetes; Sanitavirales; Anelloviridae; Betatorquevirus; Betatorquevirus homini36	DNA	linear	2942		Homo sapiens	SAfiA-388-18	false	ncbi-genbank	915a7eef3e23c0d2c975f889a8f988c4bd578c602067b385a57338d3c176ea5f				
MN770822	MN770822.1	TTV-like mini virus	Betatorquevirus	Anelloviridae	Viruses; Floreoviria; Shotokuvirae; Commensaviricota; Cardeaviricetes; Sanitavirales; Anelloviridae; Betatorquevirus; Betatorquevirus homini36	DNA	linear	2871		Homo sapiens	SAfiA-388-64	false	ncbi-genbank	9e6b113109457a1feebb323e8ebfdb558730e2ccb1a2f84e34fbf8313ce6f5a8				
MN770823	MN770823.1	TTV-like mini virus	Betatorquevirus	Anelloviridae	Viruses; Floreoviria; Shotokuvirae; Commensaviricota; Cardeaviricetes; Sanitavirales; Anelloviridae; Betatorquevirus; Betatorquevirus homini36	DNA	linear	2853		Homo sapiens	SAfiA-388-82	false	ncbi-genbank	be93b629bae8ffc02a8f7546398267e49f551124f49f914b69ab96687d59862b				
MN770827	MN770827.1	TTV-like mini virus	Betatorquevirus	Anelloviridae	Viruses; Floreoviria; Shotokuvirae; Commensaviricota; Cardeaviricetes; Sanitavirales; Anelloviridae; Betatorquevirus; Betatorquevirus homini36	DNA	linear	2785		Homo sapiens	SAfiA-571-15	false	ncbi-genbank	5c7d37adf65142596c625014d3626e53b37d26a1a93619409d44b8dad969a3f6				
MN770828	MN770828.1	TTV-like mini virus	Betatorquevirus	Anelloviridae	Viruses; Floreoviria; Shotokuvirae; Commensaviricota; Cardeaviricetes; Sanitavirales; Anelloviridae; Betatorquevirus; Betatorquevirus homini36	DNA	linear	2824		Homo sapiens	SAfiA-577-131	false	ncbi-genbank	f6908a68948c4993f02f3eb5e1e1d087700a1f2244a2e872ec41831672f48a52				
MN770834	MN770834.1	TTV-like mini virus	Betatorquevirus	Anelloviridae	Viruses; Floreoviria; Shotokuvirae; Commensaviricota; Cardeaviricetes; Sanitavirales; Anelloviridae; Betatorquevirus; Betatorquevirus homini36	DNA	linear	2931		Homo sapiens	SAfiA-831-8	false	ncbi-genbank	da36c4b14711014b7016108739f8b815e6e21de00830ddbb7b5fc81d688d92d1				
MN770836	MN770836.1	TTV-like mini virus	Betatorquevirus	Anelloviridae	Viruses; Floreoviria; Shotokuvirae; Commensaviricota; Cardeaviricetes; Sanitavirales; Anelloviridae; Betatorquevirus; Betatorquevirus homini36	DNA	linear	2860		Homo sapiens	SAfiA-873-32	false	ncbi-genbank	6f08b8acb6375908360cd6a87682607ef306e8eb9431b658b552d9af1e1c43a1				
MN770844	MN770844.1	TTV-like mini virus	Betatorquevirus	Anelloviridae	Viruses; Floreoviria; Shotokuvirae; Commensaviricota; Cardeaviricetes; Sanitavirales; Anelloviridae; Betatorquevirus; Betatorquevirus homini36	DNA	linear	2906		Homo sapiens	SAfiA-647-6	false	ncbi-genbank	ec9a89ea5558b2e4420cb7dbfc4d64f71a6e74711aff5eb38c3d70a43ea1c30d				
MN770848	MN770848.1	TTV-like mini virus	Betatorquevirus	Anelloviridae	Viruses; Floreoviria; Shotokuvirae; Commensaviricota; Cardeaviricetes; Sanitavirales; Anelloviridae; Betatorquevirus; Betatorquevirus homini36	DNA	linear	2912		Homo sapiens	SAfiA-316-20	false	ncbi-genbank	f2a9c965a144bcd717aa45627a0585816d171c1176260477d7355709a5ffd302				
MN770849	MN770849.1	TTV-like mini virus	Betatorquevirus	Anelloviridae	Viruses; Floreoviria; Shotokuvirae; Commensaviricota; Cardeaviricetes; Sanitavirales; Anelloviridae; Betatorquevirus; Betatorquevirus homini36	DNA	linear	2935		Homo sapiens	SAfiA-327-11	false	ncbi-genbank	1d44a2e571f8645351346c5caef12a5efc4cad0e57e1bbea063e6c4267165b1f				
MN770853	MN770853.1	TTV-like mini virus	Betatorquevirus	Anelloviridae	Viruses; Floreoviria; Shotokuvirae; Commensaviricota; Cardeaviricetes; Sanitavirales; Anelloviridae; Betatorquevirus; Betatorquevirus homini36	DNA	linear	2846		Homo sapiens	SAfiA-393-21	false	ncbi-genbank	db352992e358a00d321c8f2d34b996738d3d84c9f94b038824ec10629d88ad6f				
MN770856	MN770856.1	TTV-like mini virus	Betatorquevirus	Anelloviridae	Viruses; Floreoviria; Shotokuvirae; Commensaviricota; Cardeaviricetes; Sanitavirales; Anelloviridae; Betatorquevirus; Betatorquevirus homini36	DNA	linear	2879		Homo sapiens	SAfiA-573-33	false	ncbi-genbank	997a731ad64dcd584dd0972cf69faf14188b3220d602cfa040a8cff043b5aa6f				
MN770859	MN770859.1	TTV-like mini virus	Betatorquevirus	Anelloviridae	Viruses; Floreoviria; Shotokuvirae; Commensaviricota; Cardeaviricetes; Sanitavirales; Anelloviridae; Betatorquevirus; Betatorquevirus homini36	DNA	linear	2894		Homo sapiens	SAfiA-314-26	false	ncbi-genbank	a4bc4ca85353b88c23a7e8a9b291098d43e1a81d55a5049836ce208355e5a70f				
MN770860	MN770860.1	TTV-like mini virus	Betatorquevirus	Anelloviridae	Viruses; Floreoviria; Shotokuvirae; Commensaviricota; Cardeaviricetes; Sanitavirales; Anelloviridae; Betatorquevirus; Betatorquevirus homini36	DNA	linear	2911		Homo sapiens	SAfiA-316-19	false	ncbi-genbank	f1be353954e494f6236ffcad4509b204e21d62c104884a2ed1d28b80e9da2e2d				
MN770861	MN770861.1	TTV-like mini virus	Betatorquevirus	Anelloviridae	Viruses; Floreoviria; Shotokuvirae; Commensaviricota; Cardeaviricetes; Sanitavirales; Anelloviridae; Betatorquevirus; Betatorquevirus homini36	DNA	linear	2886		Homo sapiens	SAfiA-369-22	false	ncbi-genbank	331b5e53cd4a825119b6c448bd3b57b411743c81375e58f9785a3048b02ac84b				
MN770862	MN770862.1	TTV-like mini virus	Betatorquevirus	Anelloviridae	Viruses; Floreoviria; Shotokuvirae; Commensaviricota; Cardeaviricetes; Sanitavirales; Anelloviridae; Betatorquevirus; Betatorquevirus homini36	DNA	linear	2952		Homo sapiens	SAfiA-380-17	false	ncbi-genbank	5706560ec79b385668cb8fad2bc533cb6157ca14a14669ac5b33ecca4c14463b				
MN770863	MN770863.1	TTV-like mini virus	Betatorquevirus	Anelloviridae	Viruses; Floreoviria; Shotokuvirae; Commensaviricota; Cardeaviricetes; Sanitavirales; Anelloviridae; Betatorquevirus; Betatorquevirus homini36	DNA	linear	2922		Homo sapiens	SAfiA-502-11	false	ncbi-genbank	25ed20905cdb57b024b5b1021841dc951fec76d3eac9443bd83815afc85b57af				
MN770864	MN770864.1	TTV-like mini virus	Betatorquevirus	Anelloviridae	Viruses; Floreoviria; Shotokuvirae; Commensaviricota; Cardeaviricetes; Sanitavirales; Anelloviridae; Betatorquevirus; Betatorquevirus homini36	DNA	linear	2881		Homo sapiens	SAfiA-514-18	false	ncbi-genbank	04ae795c3c65d0efa9eec3ec4bf14ae82b37fe0fdb81be1a1cf30983061c5802				
MN770865	MN770865.1	TTV-like mini virus	Betatorquevirus	Anelloviridae	Viruses; Floreoviria; Shotokuvirae; Commensaviricota; Cardeaviricetes; Sanitavirales; Anelloviridae; Betatorquevirus; Betatorquevirus homini36	DNA	linear	2863		Homo sapiens	SAfiA-587-64	false	ncbi-genbank	3b950b3d686a6326fe0bcedf72407aca75a8d4bc101e120e07e989c29753aa94				
MN770866	MN770866.1	TTV-like mini virus	Betatorquevirus	Anelloviridae	Viruses; Floreoviria; Shotokuvirae; Commensaviricota; Cardeaviricetes; Sanitavirales; Anelloviridae; Betatorquevirus; Betatorquevirus homini36	DNA	linear	2894		Homo sapiens	SAfiA-87-29	false	ncbi-genbank	53e52cf79e9acc0af88148225aae9bc14e8c026cda4eaed3ac6144d809abee6b				
MN770867	MN770867.1	TTV-like mini virus	Betatorquevirus	Anelloviridae	Viruses; Floreoviria; Shotokuvirae; Commensaviricota; Cardeaviricetes; Sanitavirales; Anelloviridae; Betatorquevirus; Betatorquevirus homini36	DNA	linear	2846		Homo sapiens	SAfiA-272-12	false	ncbi-genbank	306e7f352de0fa8ce2bacdb5f6434f7eeca5f96e735b9b4ce05e303fa874159a				
MN770868	MN770868.1	TTV-like mini virus	Betatorquevirus	Anelloviridae	Viruses; Floreoviria; Shotokuvirae; Commensaviricota; Cardeaviricetes; Sanitavirales; Anelloviridae; Betatorquevirus; Betatorquevirus homini36	DNA	linear	2900		Homo sapiens	SAfiA-32-2	false	ncbi-genbank	c1619d1d5ec605285a04747980e36ca8fb18cc803f891c6bf0a126f6f4ebe99d				
MN770869	MN770869.1	TTV-like mini virus	Betatorquevirus	Anelloviridae	Viruses; Floreoviria; Shotokuvirae; Commensaviricota; Cardeaviricetes; Sanitavirales; Anelloviridae; Betatorquevirus; Betatorquevirus homini36	DNA	linear	2875		Homo sapiens	SAfiA-35-41	false	ncbi-genbank	15bb29b74043b1b5843a57a6cd98da3f25204f85787aeb16facc5760f07bfbee				
MN770875	MN770875.1	TTV-like mini virus	Betatorquevirus	Anelloviridae	Viruses; Floreoviria; Shotokuvirae; Commensaviricota; Cardeaviricetes; Sanitavirales; Anelloviridae; Betatorquevirus; Betatorquevirus homini36	DNA	linear	2869		Homo sapiens	SAfiA-484-10	false	ncbi-genbank	008349c008a2c77c66bf9ef699eb93d3dd4fabf0f1c9f7001ef6b1140e5a8bcf				
MN770876	MN770876.1	TTV-like mini virus	Betatorquevirus	Anelloviridae	Viruses; Floreoviria; Shotokuvirae; Commensaviricota; Cardeaviricetes; Sanitavirales; Anelloviridae; Betatorquevirus; Betatorquevirus homini36	DNA	linear	2905		Homo sapiens	SAfiA-640-16	false	ncbi-genbank	ee94dd9d3238c95adf09d0da46d329d53c6d6cb65215d33e660d1d7504db8d95				
MN770877	MN770877.1	TTV-like mini virus	Betatorquevirus	Anelloviridae	Viruses; Floreoviria; Shotokuvirae; Commensaviricota; Cardeaviricetes; Sanitavirales; Anelloviridae; Betatorquevirus; Betatorquevirus homini36	DNA	linear	2892		Homo sapiens	SAfiA-684-6	false	ncbi-genbank	b6af717a2a9cd0524913e9be1f74d4f1137573343518ef3a67ad6675825dcdbb				
MN770885	MN770885.1	TTV-like mini virus	Betatorquevirus	Anelloviridae	Viruses; Floreoviria; Shotokuvirae; Commensaviricota; Cardeaviricetes; Sanitavirales; Anelloviridae; Betatorquevirus; Betatorquevirus homini36	DNA	linear	2821		Homo sapiens	SAfiA-402-17	false	ncbi-genbank	8680b38ccd979276149e9a1ef8ad23b94219ea76cf78b514b29ec0ce420a62ef				
MN770888	MN770888.1	TTV-like mini virus	Betatorquevirus	Anelloviridae	Viruses; Floreoviria; Shotokuvirae; Commensaviricota; Cardeaviricetes; Sanitavirales; Anelloviridae; Betatorquevirus; Betatorquevirus homini36	DNA	linear	2998		Homo sapiens	SAfiA-587-10	false	ncbi-genbank	6c5db9f41ea7ab2010b3c79e17cb6fe118e09002b995f3c47318713afeee175d				
MN770889	MN770889.1	TTV-like mini virus	Betatorquevirus	Anelloviridae	Viruses; Floreoviria; Shotokuvirae; Commensaviricota; Cardeaviricetes; Sanitavirales; Anelloviridae; Betatorquevirus; Betatorquevirus homini36	DNA	linear	2840		Homo sapiens	SAfiA-590-59	false	ncbi-genbank	9dfacbfd946836a045309a572c4dfe7fea27ed3df693196b1b1ed932ba728b78				
MN770890	MN770890.1	TTV-like mini virus	Betatorquevirus	Anelloviridae	Viruses; Floreoviria; Shotokuvirae; Commensaviricota; Cardeaviricetes; Sanitavirales; Anelloviridae; Betatorquevirus; Betatorquevirus homini36	DNA	linear	2948		Homo sapiens	SAfiA-610-11	false	ncbi-genbank	315f86c9adb2610ac9620df3914a30db84f3f3c1f88e7024e40be10dbd82fbbd				
MN770894	MN770894.1	TTV-like mini virus	Betatorquevirus	Anelloviridae	Viruses; Floreoviria; Shotokuvirae; Commensaviricota; Cardeaviricetes; Sanitavirales; Anelloviridae; Betatorquevirus; Betatorquevirus homini36	DNA	linear	2876		Homo sapiens	SAfiA-380-31	false	ncbi-genbank	b7df36233715375e1f06d6944221e1886d03817bc6403e294863abfe2d070751				
MN770895	MN770895.1	TTV-like mini virus	Betatorquevirus	Anelloviridae	Viruses; Floreoviria; Shotokuvirae; Commensaviricota; Cardeaviricetes; Sanitavirales; Anelloviridae; Betatorquevirus; Betatorquevirus homini36	DNA	linear	2873		Homo sapiens	SAfiA-478-24	false	ncbi-genbank	3025e1e43e07f5754aae9a7f0067169351a0c05a14d7aeb2cd33eee3035b72ac				
MN770896	MN770896.1	TTV-like mini virus	Betatorquevirus	Anelloviridae	Viruses; Floreoviria; Shotokuvirae; Commensaviricota; Cardeaviricetes; Sanitavirales; Anelloviridae; Betatorquevirus; Betatorquevirus homini36	DNA	linear	2948		Homo sapiens	SAfiA-481-7	false	ncbi-genbank	a735f09d58769163f0c45ca646a7c08758f5b13622870c11512ade16c591e605				
MN770897	MN770897.1	TTV-like mini virus	Betatorquevirus	Anelloviridae	Viruses; Floreoviria; Shotokuvirae; Commensaviricota; Cardeaviricetes; Sanitavirales; Anelloviridae; Betatorquevirus; Betatorquevirus homini36	DNA	linear	2909		Homo sapiens	SAfiA-421-14	false	ncbi-genbank	bbb3483dcc32e09df6bbaac0f4a0eedc4752ee79001552dd8453ad670f1b0ccf				
MN770901	MN770901.1	TTV-like mini virus	Betatorquevirus	Anelloviridae	Viruses; Floreoviria; Shotokuvirae; Commensaviricota; Cardeaviricetes; Sanitavirales; Anelloviridae; Betatorquevirus; Betatorquevirus homini36	DNA	linear	2879		Homo sapiens	SAfiA-523-13	false	ncbi-genbank	0a7542f6879e5730bb48f437e89ed6fabb415f91245a7f461e5edc8afd1fb6f4				
MN770904	MN770904.1	TTV-like mini virus	Betatorquevirus	Anelloviridae	Viruses; Floreoviria; Shotokuvirae; Commensaviricota; Cardeaviricetes; Sanitavirales; Anelloviridae; Betatorquevirus; Betatorquevirus homini36	DNA	linear	2897		Homo sapiens	SAfiA-867-312	false	ncbi-genbank	99cc5effda90993b69f598e841a439900a73a614f2a3d04bf0c7c8c661fb0966				
MN770905	MN770905.1	TTV-like mini virus	Betatorquevirus	Anelloviridae	Viruses; Floreoviria; Shotokuvirae; Commensaviricota; Cardeaviricetes; Sanitavirales; Anelloviridae; Betatorquevirus; Betatorquevirus homini36	DNA	linear	2918		Homo sapiens	SAfiA-326-8	false	ncbi-genbank	0729718b7c60481c652e6358f00ac7e6b192ad1fbcba14a1115e55517cb5cdc0				
MN770906	MN770906.1	TTV-like mini virus	Betatorquevirus	Anelloviridae	Viruses; Floreoviria; Shotokuvirae; Commensaviricota; Cardeaviricetes; Sanitavirales; Anelloviridae; Betatorquevirus; Betatorquevirus homini36	DNA	linear	2927		Homo sapiens	SAfiA-651-15	false	ncbi-genbank	0a4f33f177ab148e95aa85ba73160662b6f01eed71aec3f8ac87595de646c37f				
MN770907	MN770907.1	TTV-like mini virus	Betatorquevirus	Anelloviridae	Viruses; Floreoviria; Shotokuvirae; Commensaviricota; Cardeaviricetes; Sanitavirales; Anelloviridae; Betatorquevirus; Betatorquevirus homini36	DNA	linear	2795		Homo sapiens	SAfiA-311-20	false	ncbi-genbank	2d5a18317e7bf61183e576c542bc0223ed8837d02415efe3bbdde94a7c93dcc5				
MN770908	MN770908.1	TTV-like mini virus	Betatorquevirus	Anelloviridae	Viruses; Floreoviria; Shotokuvirae; Commensaviricota; Cardeaviricetes; Sanitavirales; Anelloviridae; Betatorquevirus; Betatorquevirus homini36	DNA	linear	2989		Homo sapiens	SAfiA-321-5	false	ncbi-genbank	c0469c3ea489e7ff48bdc57c25675a42c90c77c614ad850be322667202d7e3d2				
MN770910	MN770910.1	TTV-like mini virus	Betatorquevirus	Anelloviridae	Viruses; Floreoviria; Shotokuvirae; Commensaviricota; Cardeaviricetes; Sanitavirales; Anelloviridae; Betatorquevirus; Betatorquevirus homini36	DNA	linear	2827		Homo sapiens	SAfiA-361-37	false	ncbi-genbank	d81c54a7546b4f835407f9c898ac0bdad35039d46bb8d10070a6ad259ddfd10b				
MN770912	MN770912.1	TTV-like mini virus	Betatorquevirus	Anelloviridae	Viruses; Floreoviria; Shotokuvirae; Commensaviricota; Cardeaviricetes; Sanitavirales; Anelloviridae; Betatorquevirus; Betatorquevirus homini36	DNA	linear	2830		Homo sapiens	SAfiA-526-11	false	ncbi-genbank	54b2477e303ac95836a65ef9f84f5b0ef58495a040a3a899af0925d71b315756				
MN770913	MN770913.1	TTV-like mini virus	Betatorquevirus	Anelloviridae	Viruses; Floreoviria; Shotokuvirae; Commensaviricota; Cardeaviricetes; Sanitavirales; Anelloviridae; Betatorquevirus; Betatorquevirus homini36	DNA	linear	2930		Homo sapiens	SAfiA-94-15	false	ncbi-genbank	84d0909ce2d67ad90921d66e14fe0db559573b15e9ee398efed779f8b43efb2f				
MN770914	MN770914.1	TTV-like mini virus	Betatorquevirus	Anelloviridae	Viruses; Floreoviria; Shotokuvirae; Commensaviricota; Cardeaviricetes; Sanitavirales; Anelloviridae; Betatorquevirus; Betatorquevirus homini36	DNA	linear	2888		Homo sapiens	SAfiA-339-8	false	ncbi-genbank	ea5836fcaeaa42ded6713b55204415406d2bd1063b80dbecb22890c16e31a59e				
MN770915	MN770915.1	TTV-like mini virus	Betatorquevirus	Anelloviridae	Viruses; Floreoviria; Shotokuvirae; Commensaviricota; Cardeaviricetes; Sanitavirales; Anelloviridae; Betatorquevirus; Betatorquevirus homini36	DNA	linear	2902		Homo sapiens	SAfiA-647-8	false	ncbi-genbank	343d0a473547dcd892f1fc14ce4cf3e9c578f65bd3421a13dbbfd2313849a6b2				
MN770918	MN770918.1	TTV-like mini virus	Betatorquevirus	Anelloviridae	Viruses; Floreoviria; Shotokuvirae; Commensaviricota; Cardeaviricetes; Sanitavirales; Anelloviridae; Betatorquevirus; Betatorquevirus homini36	DNA	linear	2846		Homo sapiens	SAfiA-87-34	false	ncbi-genbank	5cda7b10338609e8dad761b8af1d29041ad5e9d206e897d28d84691b683a3707				
MN770919	MN770919.1	TTV-like mini virus	Betatorquevirus	Anelloviridae	Viruses; Floreoviria; Shotokuvirae; Commensaviricota; Cardeaviricetes; Sanitavirales; Anelloviridae; Betatorquevirus; Betatorquevirus homini36	DNA	linear	2867		Homo sapiens	SAfiA-91-23	false	ncbi-genbank	38532b10f793d84cc26b6775ca33743ac57e8447bace9376cfd276cdd4914bc0				
MN770920	MN770920.1	TTV-like mini virus	Betatorquevirus	Anelloviridae	Viruses; Floreoviria; Shotokuvirae; Commensaviricota; Cardeaviricetes; Sanitavirales; Anelloviridae; Betatorquevirus; Betatorquevirus homini36	DNA	linear	2970		Homo sapiens	SAfiA-402-4	false	ncbi-genbank	f3a87cdf220b89410fdf370fb983a1d4c70e0f4a7503d389ae01ea6f1de73d71				
MN770922	MN770922.1	TTV-like mini virus	Betatorquevirus	Anelloviridae	Viruses; Floreoviria; Shotokuvirae; Commensaviricota; Cardeaviricetes; Sanitavirales; Anelloviridae; Betatorquevirus; Betatorquevirus homini36	DNA	linear	2796		Homo sapiens	SAfiA-124-42	false	ncbi-genbank	9c3d6828753390835f4002dbe16f8151121f5e87b4d0f4dc0650407efe8bd7c8				
MN770926	MN770926.1	TTV-like mini virus	Betatorquevirus	Anelloviridae	Viruses; Floreoviria; Shotokuvirae; Commensaviricota; Cardeaviricetes; Sanitavirales; Anelloviridae; Betatorquevirus; Betatorquevirus homini36	DNA	linear	2825		Homo sapiens	SAfiA-31-27	false	ncbi-genbank	eba5149f08de7337c553fd7df43bec5ab01ab95ad425bc89ad58b41b42baf7a1				
MN770928	MN770928.1	TTV-like mini virus	Betatorquevirus	Anelloviridae	Viruses; Floreoviria; Shotokuvirae; Commensaviricota; Cardeaviricetes; Sanitavirales; Anelloviridae; Betatorquevirus; Betatorquevirus homini36	DNA	linear	2900		Homo sapiens	SAfiA-335-3	false	ncbi-genbank	cc9899b720e9e2e6d5908a3a3efd0b8a95de9d5078630f3d2a5e889d70a93260				
MN770933	MN770933.1	TTV-like mini virus	Betatorquevirus	Anelloviridae	Viruses; Floreoviria; Shotokuvirae; Commensaviricota; Cardeaviricetes; Sanitavirales; Anelloviridae; Betatorquevirus; Betatorquevirus homini36	DNA	linear	2873		Homo sapiens	SAfiA-366-12	false	ncbi-genbank	86566039f2a06859753f6fef91305e558db31c488a39e93a891bf4967c3d7fa2				
MN770935	MN770935.1	TTV-like mini virus	Betatorquevirus	Anelloviridae	Viruses; Floreoviria; Shotokuvirae; Commensaviricota; Cardeaviricetes; Sanitavirales; Anelloviridae; Betatorquevirus; Betatorquevirus homini36	DNA	linear	2813		Homo sapiens	SAfiA-37-9	false	ncbi-genbank	a41198e669828ea8d4d6be787f43d8dd26829812c5fe2ae7399ba363e9e230a3				
MN770936	MN770936.1	TTV-like mini virus	Betatorquevirus	Anelloviridae	Viruses; Floreoviria; Shotokuvirae; Commensaviricota; Cardeaviricetes; Sanitavirales; Anelloviridae; Betatorquevirus; Betatorquevirus homini36	DNA	linear	2822		Homo sapiens	SAfiA-380-67	false	ncbi-genbank	3324cab9d1d5e615e44f543bef53f62ec1d9e9da2a3807ba466c00cd5ffc9bb0				
MN770937	MN770937.1	TTV-like mini virus	Betatorquevirus	Anelloviridae	Viruses; Floreoviria; Shotokuvirae; Commensaviricota; Cardeaviricetes; Sanitavirales; Anelloviridae; Betatorquevirus; Betatorquevirus homini36	DNA	linear	2785		Homo sapiens	SAfiA-380-73	false	ncbi-genbank	96e90bc536244531b128071e6704fc62a49a8dd9a02cd07bad5e984c07a5ee49				
MN770940	MN770940.1	TTV-like mini virus	Betatorquevirus	Anelloviridae	Viruses; Floreoviria; Shotokuvirae; Commensaviricota; Cardeaviricetes; Sanitavirales; Anelloviridae; Betatorquevirus; Betatorquevirus homini36	DNA	linear	2849		Homo sapiens	SAfiA-388-88	false	ncbi-genbank	253f64d209f02962d799b01f5de677246088def6263d17fa669f9be36238b921				
MN770944	MN770944.1	TTV-like mini virus	Betatorquevirus	Anelloviridae	Viruses; Floreoviria; Shotokuvirae; Commensaviricota; Cardeaviricetes; Sanitavirales; Anelloviridae; Betatorquevirus; Betatorquevirus homini36	DNA	linear	2948		Homo sapiens	SAfiA-479-8	false	ncbi-genbank	d08e4362e615d4ce211f792468aeef520355c6ca20529c049241055a62136f8a				
MN770946	MN770946.1	TTV-like mini virus	Betatorquevirus	Anelloviridae	Viruses; Floreoviria; Shotokuvirae; Commensaviricota; Cardeaviricetes; Sanitavirales; Anelloviridae; Betatorquevirus; Betatorquevirus homini36	DNA	linear	2830		Homo sapiens	SAfiA-51-28	false	ncbi-genbank	497e19fb9a0c343bc79406ad10b576da2661a16f99305aacbbaba33fe9a5fb4b				
MN770952	MN770952.1	TTV-like mini virus	Betatorquevirus	Anelloviridae	Viruses; Floreoviria; Shotokuvirae; Commensaviricota; Cardeaviricetes; Sanitavirales; Anelloviridae; Betatorquevirus; Betatorquevirus homini36	DNA	linear	2821		Homo sapiens	SAfiA-589-21	false	ncbi-genbank	11b417d0b3588ab939c8ecf09cff2ee83fcec34d6e3852a5c92a03c6173c49f8				
MN770956	MN770956.1	TTV-like mini virus	Betatorquevirus	Anelloviridae	Viruses; Floreoviria; Shotokuvirae; Commensaviricota; Cardeaviricetes; Sanitavirales; Anelloviridae; Betatorquevirus; Betatorquevirus homini36	DNA	linear	2798		Homo sapiens	SAfiA-642-39	false	ncbi-genbank	bb64df6457db99bb83ed573b81b96d02ae03c651e23a7664881fb62654c31624				
MN770957	MN770957.1	TTV-like mini virus	Betatorquevirus	Anelloviridae	Viruses; Floreoviria; Shotokuvirae; Commensaviricota; Cardeaviricetes; Sanitavirales; Anelloviridae; Betatorquevirus; Betatorquevirus homini36	DNA	linear	2907		Homo sapiens	SAfiA-646-12	false	ncbi-genbank	3cfb69beb33647d1092d2f4d18b37704758c1849ccc93c28539d00ee6f087b4b				
MN770958	MN770958.1	TTV-like mini virus	Betatorquevirus	Anelloviridae	Viruses; Floreoviria; Shotokuvirae; Commensaviricota; Cardeaviricetes; Sanitavirales; Anelloviridae; Betatorquevirus; Betatorquevirus homini36	DNA	linear	2856		Homo sapiens	SAfiA-763-4	false	ncbi-genbank	8ea2b1490b6ccb45424d6172fbe084d9b839695fb96bd65aec3a912983b12701				
MN770959	MN770959.1	TTV-like mini virus	Betatorquevirus	Anelloviridae	Viruses; Floreoviria; Shotokuvirae; Commensaviricota; Cardeaviricetes; Sanitavirales; Anelloviridae; Betatorquevirus; Betatorquevirus homini36	DNA	linear	2750		Homo sapiens	SAfiA-77-190	false	ncbi-genbank	2a0bb298b8c39b7ad35b0509d673b538666072bbf2972f7dbfe38e98da1d86f6				
MN770962	MN770962.1	TTV-like mini virus	Betatorquevirus	Anelloviridae	Viruses; Floreoviria; Shotokuvirae; Commensaviricota; Cardeaviricetes; Sanitavirales; Anelloviridae; Betatorquevirus; Betatorquevirus homini36	DNA	linear	2802		Homo sapiens	SAfiA-859-18	false	ncbi-genbank	6ef881cd4476eb643203c7fb684d279842ffe6e8d294fe13c9cf7aed08cae6e3				
MN770963	MN770963.1	TTV-like mini virus	Betatorquevirus	Anelloviridae	Viruses; Floreoviria; Shotokuvirae; Commensaviricota; Cardeaviricetes; Sanitavirales; Anelloviridae; Betatorquevirus; Betatorquevirus homini36	DNA	linear	2855		Homo sapiens	SAfiA-895-8	false	ncbi-genbank	2c7c3a77888daf8d229218e1bdeccd3a4c98e602d645c46b4b35b921d5c8c8f8				
MN770965	MN770965.1	TTV-like mini virus	Betatorquevirus	Anelloviridae	Viruses; Floreoviria; Shotokuvirae; Commensaviricota; Cardeaviricetes; Sanitavirales; Anelloviridae; Betatorquevirus; Betatorquevirus homini36	DNA	linear	2859		Homo sapiens	SAfiA-113-22	false	ncbi-genbank	e9433a509c4985f2dcf052353290a0ae2ff58439cc66533f82124809b52f5985				
MN770966	MN770966.1	TTV-like mini virus	Betatorquevirus	Anelloviridae	Viruses; Floreoviria; Shotokuvirae; Commensaviricota; Cardeaviricetes; Sanitavirales; Anelloviridae; Betatorquevirus; Betatorquevirus homini36	DNA	linear	2893		Homo sapiens	SAfiA-231-8	false	ncbi-genbank	d6cd5d6995516fd70335c2bf15fd912e63f559d7d741bfc8a41d61d4d1f34840				
MN770967	MN770967.1	TTV-like mini virus	Betatorquevirus	Anelloviridae	Viruses; Floreoviria; Shotokuvirae; Commensaviricota; Cardeaviricetes; Sanitavirales; Anelloviridae; Betatorquevirus; Betatorquevirus homini36	DNA	linear	2839		Homo sapiens	SAfiA-235-44	false	ncbi-genbank	775a120276b5725c5a48044cb97e9cc729312e2dd82288c4eccdf00ba76e57be				
MN770970	MN770970.1	TTV-like mini virus	Betatorquevirus	Anelloviridae	Viruses; Floreoviria; Shotokuvirae; Commensaviricota; Cardeaviricetes; Sanitavirales; Anelloviridae; Betatorquevirus; Betatorquevirus homini36	DNA	linear	2964		Homo sapiens	SAfiA-263-10	false	ncbi-genbank	50c1c343f8d7613cb67b79958cbb0576b3de25aacae35e262ad2f9b787a7d253				
MN770971	MN770971.1	TTV-like mini virus	Betatorquevirus	Anelloviridae	Viruses; Floreoviria; Shotokuvirae; Commensaviricota; Cardeaviricetes; Sanitavirales; Anelloviridae; Betatorquevirus; Betatorquevirus homini36	DNA	linear	2815		Homo sapiens	SAfiA-275-59	false	ncbi-genbank	e79b29eaf4522cf9062704a95b57702b1ef924caa3a163a758458648bd5808a8				
MN770973	MN770973.1	TTV-like mini virus	Betatorquevirus	Anelloviridae	Viruses; Floreoviria; Shotokuvirae; Commensaviricota; Cardeaviricetes; Sanitavirales; Anelloviridae; Betatorquevirus; Betatorquevirus homini36	DNA	linear	2873		Homo sapiens	SAfiA-309-19	false	ncbi-genbank	a765c1f302b120b7d85515a810350e1e76bffdc3c9ce1e1efebb65c4d3293113				
MN770983	MN770983.1	TTV-like mini virus	Betatorquevirus	Anelloviridae	Viruses; Floreoviria; Shotokuvirae; Commensaviricota; Cardeaviricetes; Sanitavirales; Anelloviridae; Betatorquevirus; Betatorquevirus homini36	DNA	linear	2990		Homo sapiens	SAfiA-349-8	false	ncbi-genbank	6840ff1d1278006c9c7bca5e34887c67b366b22a0e8733d38d34ff190cab785a				
MN770986	MN770986.1	TTV-like mini virus	Betatorquevirus	Anelloviridae	Viruses; Floreoviria; Shotokuvirae; Commensaviricota; Cardeaviricetes; Sanitavirales; Anelloviridae; Betatorquevirus; Betatorquevirus homini36	DNA	linear	2855		Homo sapiens	SAfiA-35-54	false	ncbi-genbank	49e47caf59c0fa4a4016e051f4af200c0407536966629a2aabb8658f23c206ff				
MN770989	MN770989.1	TTV-like mini virus	Betatorquevirus	Anelloviridae	Viruses; Floreoviria; Shotokuvirae; Commensaviricota; Cardeaviricetes; Sanitavirales; Anelloviridae; Betatorquevirus; Betatorquevirus homini36	DNA	linear	2878		Homo sapiens	SAfiA-365-19	false	ncbi-genbank	2758c620cc34159e5afbcc02d6011cbb060be6f40d698f1e6b8f6efdf43949c1				
MN770990	MN770990.1	TTV-like mini virus	Betatorquevirus	Anelloviridae	Viruses; Floreoviria; Shotokuvirae; Commensaviricota; Cardeaviricetes; Sanitavirales; Anelloviridae; Betatorquevirus; Betatorquevirus homini36	DNA	linear	2920		Homo sapiens	SAfiA-367-27	false	ncbi-genbank	ad59ca75360467b18ef27fedebfa2fd0e88541f21ff4e51d5bbbf2fc6b99b770				
MN770991	MN770991.1	TTV-like mini virus	Betatorquevirus	Anelloviridae	Viruses; Floreoviria; Shotokuvirae; Commensaviricota; Cardeaviricetes; Sanitavirales; Anelloviridae; Betatorquevirus; Betatorquevirus homini36	DNA	linear	2841		Homo sapiens	SAfiA-369-28	false	ncbi-genbank	35c513d7d6c6721fc09dac7b013818ce84647fc092a2521295b11215f46c36d3				
MN770992	MN770992.1	TTV-like mini virus	Betatorquevirus	Anelloviridae	Viruses; Floreoviria; Shotokuvirae; Commensaviricota; Cardeaviricetes; Sanitavirales; Anelloviridae; Betatorquevirus; Betatorquevirus homini36	DNA	linear	2850		Homo sapiens	SAfiA-370-7	false	ncbi-genbank	c778bd2cfe0810ee461cb7ab6a88143a459ddc261d7af1e2afbcca212466f507				
MN770993	MN770993.1	TTV-like mini virus	Betatorquevirus	Anelloviridae	Viruses; Floreoviria; Shotokuvirae; Commensaviricota; Cardeaviricetes; Sanitavirales; Anelloviridae; Betatorquevirus; Betatorquevirus homini36	DNA	linear	2831		Homo sapiens	SAfiA-388-112	false	ncbi-genbank	3286394ac9c2e9531d1e7c928afa82a0de08b77c6868f9403b320c80f50febcb				
MN770994	MN770994.1	TTV-like mini virus	Betatorquevirus	Anelloviridae	Viruses; Floreoviria; Shotokuvirae; Commensaviricota; Cardeaviricetes; Sanitavirales; Anelloviridae; Betatorquevirus; Betatorquevirus homini36	DNA	linear	2903		Homo sapiens	SAfiA-388-119	false	ncbi-genbank	ac02b0361376d1b6ef56e084f81cc7b527e18956f9fb0a560e018c46ae23697c				
MN770995	MN770995.1	TTV-like mini virus	Betatorquevirus	Anelloviridae	Viruses; Floreoviria; Shotokuvirae; Commensaviricota; Cardeaviricetes; Sanitavirales; Anelloviridae; Betatorquevirus; Betatorquevirus homini36	DNA	linear	2903		Homo sapiens	SAfiA-388-87	false	ncbi-genbank	c4d1b5d71c6f4d23ae18e246dc30a49a00530fcc9aac05ad4e3e1574c74341ee				
MN770998	MN770998.1	TTV-like mini virus	Betatorquevirus	Anelloviridae	Viruses; Floreoviria; Shotokuvirae; Commensaviricota; Cardeaviricetes; Sanitavirales; Anelloviridae; Betatorquevirus; Betatorquevirus homini36	DNA	linear	2959		Homo sapiens	SAfiA-441-3	false	ncbi-genbank	d2ddca18cf674bbe443a54ff31e9d78834637aa3eb031001596095a814269874				
MN771004	MN771004.1	TTV-like mini virus	Betatorquevirus	Anelloviridae	Viruses; Floreoviria; Shotokuvirae; Commensaviricota; Cardeaviricetes; Sanitavirales; Anelloviridae; Betatorquevirus; Betatorquevirus homini36	DNA	linear	2840		Homo sapiens	SAfiA-590-64	false	ncbi-genbank	bd2a9097f4b2c07fd9c68361fc11d5fda9f9619789476ca96b62222c8fcf4596				
MN771006	MN771006.1	TTV-like mini virus	Betatorquevirus	Anelloviridae	Viruses; Floreoviria; Shotokuvirae; Commensaviricota; Cardeaviricetes; Sanitavirales; Anelloviridae; Betatorquevirus; Betatorquevirus homini36	DNA	linear	2877		Homo sapiens	SAfiA-632-2	false	ncbi-genbank	47a4a9ec91a4cb23cb4ed30af5afc79ef62ae57dc564b2521db384131884cb00				
MN771009	MN771009.1	TTV-like mini virus	Betatorquevirus	Anelloviridae	Viruses; Floreoviria; Shotokuvirae; Commensaviricota; Cardeaviricetes; Sanitavirales; Anelloviridae; Betatorquevirus; Betatorquevirus homini36	DNA	linear	2863		Homo sapiens	SAfiA-77-114	false	ncbi-genbank	4e374850733fa16cec7bff068a4a4789bf51d061d778c332a0b33d0fe2aa049c				
MN771013	MN771013.1	TTV-like mini virus	Betatorquevirus	Anelloviridae	Viruses; Floreoviria; Shotokuvirae; Commensaviricota; Cardeaviricetes; Sanitavirales; Anelloviridae; Betatorquevirus; Betatorquevirus homini36	DNA	linear	2890		Homo sapiens	SAfiA-810-49	false	ncbi-genbank	eb8837dcea3b138f66bf0e51058ad239ec9754f53e94249384c4125776265d2e				
MN771016	MN771016.1	TTV-like mini virus	Betatorquevirus	Anelloviridae	Viruses; Floreoviria; Shotokuvirae; Commensaviricota; Cardeaviricetes; Sanitavirales; Anelloviridae; Betatorquevirus; Betatorquevirus homini36	DNA	linear	2855		Homo sapiens	SAfiA-254-23	false	ncbi-genbank	0f242943598e69ed71ea9199e756fe5e6f1400be9f7d96a2b7ba6aa8cc8256ae				
MN771017	MN771017.1	TTV-like mini virus	Betatorquevirus	Anelloviridae	Viruses; Floreoviria; Shotokuvirae; Commensaviricota; Cardeaviricetes; Sanitavirales; Anelloviridae; Betatorquevirus; Betatorquevirus homini36	DNA	linear	2972		Homo sapiens	SAfiA-378-5	false	ncbi-genbank	bb84147c586013a71ed5d866a8a5a83954c753a53ed492be12c3e78cfaea6d6a				
MN771023	MN771023.1	TTV-like mini virus	Betatorquevirus	Anelloviridae	Viruses; Floreoviria; Shotokuvirae; Commensaviricota; Cardeaviricetes; Sanitavirales; Anelloviridae; Betatorquevirus; Betatorquevirus homini36	DNA	linear	3003		Homo sapiens	SAfiA-100B-26	false	ncbi-genbank	8fb4681e2c3656fb702560537bf2762227adae7f47d355420201eefc733e1ee4				
MN771024	MN771024.1	TTV-like mini virus	Betatorquevirus	Anelloviridae	Viruses; Floreoviria; Shotokuvirae; Commensaviricota; Cardeaviricetes; Sanitavirales; Anelloviridae; Betatorquevirus; Betatorquevirus homini36	DNA	linear	2964		Homo sapiens	SAfiA-35-14	false	ncbi-genbank	b9edae40d2b90fb9b2b4b00889c57d72b7dae89e525878a5f00c914572a63a0e				
MN771027	MN771027.1	TTV-like mini virus	Betatorquevirus	Anelloviridae	Viruses; Floreoviria; Shotokuvirae; Commensaviricota; Cardeaviricetes; Sanitavirales; Anelloviridae; Betatorquevirus; Betatorquevirus homini36	DNA	linear	2966		Homo sapiens	SAfiA-60-5	false	ncbi-genbank	566a3e90cb5f1a81b46a8848a44dff5d6ed089f845028c8470ce40ac50cd0103				
MN771030	MN771030.1	TTV-like mini virus	Betatorquevirus	Anelloviridae	Viruses; Floreoviria; Shotokuvirae; Commensaviricota; Cardeaviricetes; Sanitavirales; Anelloviridae; Betatorquevirus; Betatorquevirus homini36	DNA	linear	2938		Homo sapiens	SAfiA-87-21	false	ncbi-genbank	114609337f03b78948ca828c1fe649e6993bec097ae324f56b57bb897a06f766				
MN771038	MN771038.1	TTV-like mini virus	Betatorquevirus	Anelloviridae	Viruses; Floreoviria; Shotokuvirae; Commensaviricota; Cardeaviricetes; Sanitavirales; Anelloviridae; Betatorquevirus; Betatorquevirus homini36	DNA	linear	2819		Homo sapiens	SAfiA-266-19	false	ncbi-genbank	b9c1aa8324e01ed8086aaaac861607653496d1adcf331c7b6da68864427f57fc				
MN771039	MN771039.1	TTV-like mini virus	Betatorquevirus	Anelloviridae	Viruses; Floreoviria; Shotokuvirae; Commensaviricota; Cardeaviricetes; Sanitavirales; Anelloviridae; Betatorquevirus; Betatorquevirus homini36	DNA	linear	2823		Homo sapiens	SAfiA-50-16	false	ncbi-genbank	f82fe486aa2fd2449d71d628092b17b7c909472251c99f09bad962033899427e				
MN771041	MN771041.1	TTV-like mini virus	Betatorquevirus	Anelloviridae	Viruses; Floreoviria; Shotokuvirae; Commensaviricota; Cardeaviricetes; Sanitavirales; Anelloviridae; Betatorquevirus; Betatorquevirus homini36	DNA	linear	2749		Homo sapiens	SAfiA-314-30	false	ncbi-genbank	2a8adf92d479adc2f7ecbb13a383ad995fbb40032e3efae1215d02e346a6590e				
MN771042	MN771042.1	TTV-like mini virus	Betatorquevirus	Anelloviridae	Viruses; Floreoviria; Shotokuvirae; Commensaviricota; Cardeaviricetes; Sanitavirales; Anelloviridae; Betatorquevirus; Betatorquevirus homini36	DNA	linear	2887		Homo sapiens	SAfiA-388-56	false	ncbi-genbank	34c266f58f542378ef2448a304c3e7bc61e754d5f182cc00b49b343e070c7395				
MN771043	MN771043.1	TTV-like mini virus	Betatorquevirus	Anelloviridae	Viruses; Floreoviria; Shotokuvirae; Commensaviricota; Cardeaviricetes; Sanitavirales; Anelloviridae; Betatorquevirus; Betatorquevirus homini36	DNA	linear	2934		Homo sapiens	SAfiA-584-10	false	ncbi-genbank	bcb7ff4c2651dc58607130510813132635ceac3838d4769c7f7df8b07c5fffa4				
MN771044	MN771044.1	TTV-like mini virus	Betatorquevirus	Anelloviridae	Viruses; Floreoviria; Shotokuvirae; Commensaviricota; Cardeaviricetes; Sanitavirales; Anelloviridae; Betatorquevirus; Betatorquevirus homini36	DNA	linear	2954		Homo sapiens	SAfiA-97-8	false	ncbi-genbank	1df2b79e19b49a5b7c945fb4ee895b60fef5e92d2e6c74426b4dcd275727c457				
MN771045	MN771045.1	TTV-like mini virus	Betatorquevirus	Anelloviridae	Viruses; Floreoviria; Shotokuvirae; Commensaviricota; Cardeaviricetes; Sanitavirales; Anelloviridae; Betatorquevirus; Betatorquevirus homini36	DNA	linear	2943		Homo sapiens	SAfiA-309-13	false	ncbi-genbank	8d3a62da81b8adff8cc92911b5b54743e4c654a5030a8d172b3cbc25453751df				
MN771046	MN771046.1	TTV-like mini virus	Betatorquevirus	Anelloviridae	Viruses; Floreoviria; Shotokuvirae; Commensaviricota; Cardeaviricetes; Sanitavirales; Anelloviridae; Betatorquevirus; Betatorquevirus homini36	DNA	linear	2910		Homo sapiens	SAfiA-350-18	false	ncbi-genbank	b5a0896ec97050495cbd8d3e356f27b6f3a830ebe54864ac2e94f4a4ed8ad867				
MN771048	MN771048.1	TTV-like mini virus	Betatorquevirus	Anelloviridae	Viruses; Floreoviria; Shotokuvirae; Commensaviricota; Cardeaviricetes; Sanitavirales; Anelloviridae; Betatorquevirus; Betatorquevirus homini36	DNA	linear	2968		Homo sapiens	SAfiA-604-8	false	ncbi-genbank	d5ae111a4a34813b55a133e1c5cf0d4ce1e76d5896579da97b617913659c48bf				
MN771051	MN771051.1	TTV-like mini virus	Betatorquevirus	Anelloviridae	Viruses; Floreoviria; Shotokuvirae; Commensaviricota; Cardeaviricetes; Sanitavirales; Anelloviridae; Betatorquevirus; Betatorquevirus homini36	DNA	linear	2799		Homo sapiens	SAfiA-247-27	false	ncbi-genbank	8720813678797210199ec6b77379d4f2c792fa0497a69e46eacbe04197f0eef7				
MN771055	MN771055.1	TTV-like mini virus	Betatorquevirus	Anelloviridae	Viruses; Floreoviria; Shotokuvirae; Commensaviricota; Cardeaviricetes; Sanitavirales; Anelloviridae; Betatorquevirus; Betatorquevirus homini36	DNA	linear	2810		Homo sapiens	SAfiA-352-26	false	ncbi-genbank	05ec31520202c0c2c83b47d96ef640e6f87a933466cda7218501bb8eae2e8630				
MN771056	MN771056.1	TTV-like mini virus	Betatorquevirus	Anelloviridae	Viruses; Floreoviria; Shotokuvirae; Commensaviricota; Cardeaviricetes; Sanitavirales; Anelloviridae; Betatorquevirus; Betatorquevirus homini36	DNA	linear	2867		Homo sapiens	SAfiA-35-34	false	ncbi-genbank	7901ede1bb20b0ea973694e57d8e2c71e6ad5fce77b2846ca070da143904910a				
MN771057	MN771057.1	TTV-like mini virus	Betatorquevirus	Anelloviridae	Viruses; Floreoviria; Shotokuvirae; Commensaviricota; Cardeaviricetes; Sanitavirales; Anelloviridae; Betatorquevirus; Betatorquevirus homini36	DNA	linear	2764		Homo sapiens	SAfiA-353-49	false	ncbi-genbank	dc2928d2fe182fd360b3437cddee14a619e86fb84aabcb2ad42b880b0f713d73				
MN771059	MN771059.1	TTV-like mini virus	Betatorquevirus	Anelloviridae	Viruses; Floreoviria; Shotokuvirae; Commensaviricota; Cardeaviricetes; Sanitavirales; Anelloviridae; Betatorquevirus; Betatorquevirus homini36	DNA	linear	2938		Homo sapiens	SAfiA-369-14	false	ncbi-genbank	cb44225bec73732d6a787261f4564535d5f024bd852af55acfedb1bc1c08c221				
MN771061	MN771061.1	TTV-like mini virus	Betatorquevirus	Anelloviridae	Viruses; Floreoviria; Shotokuvirae; Commensaviricota; Cardeaviricetes; Sanitavirales; Anelloviridae; Betatorquevirus; Betatorquevirus homini36	DNA	linear	2842		Homo sapiens	SAfiA-380-54	false	ncbi-genbank	7e78548a671f441572b3bf3f44e522db9c60259727d450be5472b097ae2cd690				
MN771063	MN771063.1	TTV-like mini virus	Betatorquevirus	Anelloviridae	Viruses; Floreoviria; Shotokuvirae; Commensaviricota; Cardeaviricetes; Sanitavirales; Anelloviridae; Betatorquevirus; Betatorquevirus homini36	DNA	linear	2877		Homo sapiens	SAfiA-39-8	false	ncbi-genbank	568464596b8bc602b39a696e6015aa755bb735528c48af247a2a9e9e696747cb				
MN771065	MN771065.1	TTV-like mini virus	Betatorquevirus	Anelloviridae	Viruses; Floreoviria; Shotokuvirae; Commensaviricota; Cardeaviricetes; Sanitavirales; Anelloviridae; Betatorquevirus; Betatorquevirus homini36	DNA	linear	2897		Homo sapiens	SAfiA-460-5	false	ncbi-genbank	d519eb05f65ca8b0e0a5e936ab2c904074b42ecdff83273a751679d6a3986db3				
MN771066	MN771066.1	TTV-like mini virus	Betatorquevirus	Anelloviridae	Viruses; Floreoviria; Shotokuvirae; Commensaviricota; Cardeaviricetes; Sanitavirales; Anelloviridae; Betatorquevirus; Betatorquevirus homini36	DNA	linear	2835		Homo sapiens	SAfiA-502-37	false	ncbi-genbank	b51aa2f118844a655557fde68770f4491979c9d39603f8c3359d5ef941d359e1				
MN771067	MN771067.1	TTV-like mini virus	Betatorquevirus	Anelloviridae	Viruses; Floreoviria; Shotokuvirae; Commensaviricota; Cardeaviricetes; Sanitavirales; Anelloviridae; Betatorquevirus; Betatorquevirus homini36	DNA	linear	3039		Homo sapiens	SAfiA-527-0	false	ncbi-genbank	503c4a53cce6344878b30804a8d76bc3713524393316b3e1940c2a2f296f61be				
MN771068	MN771068.1	TTV-like mini virus	Betatorquevirus	Anelloviridae	Viruses; Floreoviria; Shotokuvirae; Commensaviricota; Cardeaviricetes; Sanitavirales; Anelloviridae; Betatorquevirus; Betatorquevirus homini36	DNA	linear	2802		Homo sapiens	SAfiA-528-9	false	ncbi-genbank	7ec8dd0176c804039d17077ec0db846aa0272a61c48a34dbfddb522e7b938450				
MN771070	MN771070.1	TTV-like mini virus	Betatorquevirus	Anelloviridae	Viruses; Floreoviria; Shotokuvirae; Commensaviricota; Cardeaviricetes; Sanitavirales; Anelloviridae; Betatorquevirus; Betatorquevirus homini36	DNA	linear	2896		Homo sapiens	SAfiA-581-18	false	ncbi-genbank	651c901358e7e3e8aa31886b78f341857b0374ddd8e32c6aed2bf8ab5a81107c				
MN771072	MN771072.1	TTV-like mini virus	Betatorquevirus	Anelloviridae	Viruses; Floreoviria; Shotokuvirae; Commensaviricota; Cardeaviricetes; Sanitavirales; Anelloviridae; Betatorquevirus; Betatorquevirus homini36	DNA	linear	2865		Homo sapiens	SAfiA-584-17	false	ncbi-genbank	b02b921b7e3c0fe7cdc5787ffbd6b7a746a336ed11a809295b39f61cf4b90649				
MN771074	MN771074.1	TTV-like mini virus	Betatorquevirus	Anelloviridae	Viruses; Floreoviria; Shotokuvirae; Commensaviricota; Cardeaviricetes; Sanitavirales; Anelloviridae; Betatorquevirus; Betatorquevirus homini36	DNA	linear	2832		Homo sapiens	SAfiA-676-26	false	ncbi-genbank	5f8dd43be91e8c4de03dd9b8bee35f5c33adbc76efbae10c5ab1b32a92466248				
MN771077	MN771077.1	TTV-like mini virus	Betatorquevirus	Anelloviridae	Viruses; Floreoviria; Shotokuvirae; Commensaviricota; Cardeaviricetes; Sanitavirales; Anelloviridae; Betatorquevirus; Betatorquevirus homini36	DNA	linear	2817		Homo sapiens	SAfiA-106A-23	false	ncbi-genbank	28abbabb0820446d5959df41f0932116df6490d65a858a59340eba06a0255b75				
MN771080	MN771080.1	TTV-like mini virus	Betatorquevirus	Anelloviridae	Viruses; Floreoviria; Shotokuvirae; Commensaviricota; Cardeaviricetes; Sanitavirales; Anelloviridae; Betatorquevirus; Betatorquevirus homini36	DNA	linear	2840		Homo sapiens	SAfiA-113-19	false	ncbi-genbank	0250c3525856464afbc43efe533ef91df5a4742bd98b224bd14b9417a901e3e8				
MN771081	MN771081.1	TTV-like mini virus	Betatorquevirus	Anelloviridae	Viruses; Floreoviria; Shotokuvirae; Commensaviricota; Cardeaviricetes; Sanitavirales; Anelloviridae; Betatorquevirus; Betatorquevirus homini36	DNA	linear	2908		Homo sapiens	SAfiA-119-8	false	ncbi-genbank	a48f56f0a64c5c3b00763e320d88cfe133b43a8bba6277e341324315cf4bc619				
MN771083	MN771083.1	TTV-like mini virus	Betatorquevirus	Anelloviridae	Viruses; Floreoviria; Shotokuvirae; Commensaviricota; Cardeaviricetes; Sanitavirales; Anelloviridae; Betatorquevirus; Betatorquevirus homini36	DNA	linear	2877		Homo sapiens	SAfiA-12A-4	false	ncbi-genbank	ad579fdec0eff346b0ba78fff56d58ab2e8efafb0446bd06c0ea30fa42f15a93				
MN771086	MN771086.1	TTV-like mini virus	Betatorquevirus	Anelloviridae	Viruses; Floreoviria; Shotokuvirae; Commensaviricota; Cardeaviricetes; Sanitavirales; Anelloviridae; Betatorquevirus; Betatorquevirus homini36	DNA	linear	2864		Homo sapiens	SAfiA-244-14	false	ncbi-genbank	ac1e730f360415134d803315d097ad09d6b904f561c0d6d1ed38df209de39aea				
MN771087	MN771087.1	TTV-like mini virus	Betatorquevirus	Anelloviridae	Viruses; Floreoviria; Shotokuvirae; Commensaviricota; Cardeaviricetes; Sanitavirales; Anelloviridae; Betatorquevirus; Betatorquevirus homini36	DNA	linear	2911		Homo sapiens	SAfiA-245-9	false	ncbi-genbank	05d0393579183947a9d833ae547749d8d149bf3c922ad5c27fd71b8111b1b7d5				
MN771089	MN771089.1	TTV-like mini virus	Betatorquevirus	Anelloviridae	Viruses; Floreoviria; Shotokuvirae; Commensaviricota; Cardeaviricetes; Sanitavirales; Anelloviridae; Betatorquevirus; Betatorquevirus homini36	DNA	linear	2920		Homo sapiens	SAfiA-271-2	false	ncbi-genbank	b9b4966e10ebbb693c987a627cd8d28145a6eea0e7faea19afc1ac5b4418bc2c				
MN771091	MN771091.1	TTV-like mini virus	Betatorquevirus	Anelloviridae	Viruses; Floreoviria; Shotokuvirae; Commensaviricota; Cardeaviricetes; Sanitavirales; Anelloviridae; Betatorquevirus; Betatorquevirus homini36	DNA	linear	2810		Homo sapiens	SAfiA-275-62	false	ncbi-genbank	88d93febe22711f5a68d304ae99bd595ff962d8e3be770bd19a8ba9bf79f6b7b				
MN771092	MN771092.1	TTV-like mini virus	Betatorquevirus	Anelloviridae	Viruses; Floreoviria; Shotokuvirae; Commensaviricota; Cardeaviricetes; Sanitavirales; Anelloviridae; Betatorquevirus; Betatorquevirus homini36	DNA	linear	2889		Homo sapiens	SAfiA-287B-10	false	ncbi-genbank	e3a121f9d076420e06d5ba364fc00028c5188768f0de82cf32676aa1327a14f3				
MN771093	MN771093.1	TTV-like mini virus	Betatorquevirus	Anelloviridae	Viruses; Floreoviria; Shotokuvirae; Commensaviricota; Cardeaviricetes; Sanitavirales; Anelloviridae; Betatorquevirus; Betatorquevirus homini36	DNA	linear	2892		Homo sapiens	SAfiA-304-11	false	ncbi-genbank	88c9696d86ab946c8217608e32eeb7512ea838e576bc842a41e07ddf590d0692				
MN771097	MN771097.1	TTV-like mini virus	Betatorquevirus	Anelloviridae	Viruses; Floreoviria; Shotokuvirae; Commensaviricota; Cardeaviricetes; Sanitavirales; Anelloviridae; Betatorquevirus; Betatorquevirus homini36	DNA	linear	2869		Homo sapiens	SAfiA-330-15	false	ncbi-genbank	86d6f7c550bd8ac850ad7bfb7075e71096438c64e3cc44915c38353c329faf10				
MN771098	MN771098.1	TTV-like mini virus	Betatorquevirus	Anelloviridae	Viruses; Floreoviria; Shotokuvirae; Commensaviricota; Cardeaviricetes; Sanitavirales; Anelloviridae; Betatorquevirus; Betatorquevirus homini36	DNA	linear	2868		Homo sapiens	SAfiA-330-16	false	ncbi-genbank	a716fc6099444948fc33b51511dd2a171fefc90f7e39cd7aa1cdacd32942736b				
MN771102	MN771102.1	TTV-like mini virus	Betatorquevirus	Anelloviridae	Viruses; Floreoviria; Shotokuvirae; Commensaviricota; Cardeaviricetes; Sanitavirales; Anelloviridae; Betatorquevirus; Betatorquevirus homini36	DNA	linear	2824		Homo sapiens	SAfiA-353-11	false	ncbi-genbank	9d060c1178ec303bca65880ab3dd1da377d2004ca5e3c201d13f04ef1337f18e				
MN771104	MN771104.1	TTV-like mini virus	Betatorquevirus	Anelloviridae	Viruses; Floreoviria; Shotokuvirae; Commensaviricota; Cardeaviricetes; Sanitavirales; Anelloviridae; Betatorquevirus; Betatorquevirus homini36	DNA	linear	2868		Homo sapiens	SAfiA-369-21	false	ncbi-genbank	bcc562c96a9460292a33092f12bd7541e2e2eb879fa4f30ff27257e8e55be4ee				
MN771106	MN771106.1	TTV-like mini virus	Betatorquevirus	Anelloviridae	Viruses; Floreoviria; Shotokuvirae; Commensaviricota; Cardeaviricetes; Sanitavirales; Anelloviridae; Betatorquevirus; Betatorquevirus homini36	DNA	linear	2881		Homo sapiens	SAfiA-378-10	false	ncbi-genbank	373b76615d08e5a896bf4e953036ac322836c353addc982e1dfedbb58295b11a				
MN771108	MN771108.1	TTV-like mini virus	Betatorquevirus	Anelloviridae	Viruses; Floreoviria; Shotokuvirae; Commensaviricota; Cardeaviricetes; Sanitavirales; Anelloviridae; Betatorquevirus; Betatorquevirus homini36	DNA	linear	2901		Homo sapiens	SAfiA-38-7	false	ncbi-genbank	2325fdd0e3f5bd4bdb0403828a9822cb7037223a0f34d5fb3ea17c4cea9a54d9				
MN771110	MN771110.1	TTV-like mini virus	Betatorquevirus	Anelloviridae	Viruses; Floreoviria; Shotokuvirae; Commensaviricota; Cardeaviricetes; Sanitavirales; Anelloviridae; Betatorquevirus; Betatorquevirus homini36	DNA	linear	2931		Homo sapiens	SAfiA-388-22	false	ncbi-genbank	c68f8de93fdd8419a9fd4c0a886fa69c291a1555a0b8239bb935a1736a673f0e				
MN771111	MN771111.1	TTV-like mini virus	Betatorquevirus	Anelloviridae	Viruses; Floreoviria; Shotokuvirae; Commensaviricota; Cardeaviricetes; Sanitavirales; Anelloviridae; Betatorquevirus; Betatorquevirus homini36	DNA	linear	2909		Homo sapiens	SAfiA-388-45	false	ncbi-genbank	fec7834c6b2bfe0ee1aa345e16ed48658d84182dd819de32e5490409fe9542f1				
MN771112	MN771112.1	TTV-like mini virus	Betatorquevirus	Anelloviridae	Viruses; Floreoviria; Shotokuvirae; Commensaviricota; Cardeaviricetes; Sanitavirales; Anelloviridae; Betatorquevirus; Betatorquevirus homini36	DNA	linear	2879		Homo sapiens	SAfiA-394-12	false	ncbi-genbank	7ed0758003899018c76ce812b7f56a5c7bd15707aef1d4c39c902e76bddbff62				
MN771115	MN771115.1	TTV-like mini virus	Betatorquevirus	Anelloviridae	Viruses; Floreoviria; Shotokuvirae; Commensaviricota; Cardeaviricetes; Sanitavirales; Anelloviridae; Betatorquevirus; Betatorquevirus homini36	DNA	linear	2915		Homo sapiens	SAfiA-410-4	false	ncbi-genbank	b93075686871f8e43aac3322802481aab8113adbdea359ff77a42c51978e97b8				
MN771117	MN771117.1	TTV-like mini virus	Betatorquevirus	Anelloviridae	Viruses; Floreoviria; Shotokuvirae; Commensaviricota; Cardeaviricetes; Sanitavirales; Anelloviridae; Betatorquevirus; Betatorquevirus homini36	DNA	linear	2836		Homo sapiens	SAfiA-446-14	false	ncbi-genbank	4bd2c4c0be9e126725de6bfe20bb25f361c5b13250c009053b6d80bd2215821a				
MN771119	MN771119.1	TTV-like mini virus	Betatorquevirus	Anelloviridae	Viruses; Floreoviria; Shotokuvirae; Commensaviricota; Cardeaviricetes; Sanitavirales; Anelloviridae; Betatorquevirus; Betatorquevirus homini36	DNA	linear	2892		Homo sapiens	SAfiA-461-9	false	ncbi-genbank	a3a6c97097fa40067ba01d0b74dd8a4420768749f8c331419e99cf5cc8e4629e				
MN771120	MN771120.1	TTV-like mini virus	Betatorquevirus	Anelloviridae	Viruses; Floreoviria; Shotokuvirae; Commensaviricota; Cardeaviricetes; Sanitavirales; Anelloviridae; Betatorquevirus; Betatorquevirus homini36	DNA	linear	2851		Homo sapiens	SAfiA-470-12	false	ncbi-genbank	165c62b4a6f8555f1d102694377c8931c843981a59fe9c78edfc71f24e686166				
MN771123	MN771123.1	TTV-like mini virus	Betatorquevirus	Anelloviridae	Viruses; Floreoviria; Shotokuvirae; Commensaviricota; Cardeaviricetes; Sanitavirales; Anelloviridae; Betatorquevirus; Betatorquevirus homini36	DNA	linear	2806		Homo sapiens	SAfiA-475-13	false	ncbi-genbank	7d137db4b3d83843f36e1cb4b8146b5571466f20cb10743cccb0d943e3da7a1c				
MN771129	MN771129.1	TTV-like mini virus	Betatorquevirus	Anelloviridae	Viruses; Floreoviria; Shotokuvirae; Commensaviricota; Cardeaviricetes; Sanitavirales; Anelloviridae; Betatorquevirus; Betatorquevirus homini36	DNA	linear	2932		Homo sapiens	SAfiA-495-11	false	ncbi-genbank	5721e9e640e0558a51e5d5ce856d48de78ed4278ff163b8a10a10bad0bd9c635				
MN771133	MN771133.1	TTV-like mini virus	Betatorquevirus	Anelloviridae	Viruses; Floreoviria; Shotokuvirae; Commensaviricota; Cardeaviricetes; Sanitavirales; Anelloviridae; Betatorquevirus; Betatorquevirus homini36	DNA	linear	2852		Homo sapiens	SAfiA-522-6	false	ncbi-genbank	6abb71b7e6e5489129444a79f26218ce99a1adb60b97c976d6a74a1c8ad68b94				
MN771134	MN771134.1	TTV-like mini virus	Betatorquevirus	Anelloviridae	Viruses; Floreoviria; Shotokuvirae; Commensaviricota; Cardeaviricetes; Sanitavirales; Anelloviridae; Betatorquevirus; Betatorquevirus homini36	DNA	linear	2899		Homo sapiens	SAfiA-52-3	false	ncbi-genbank	92acc594a7b87170d57254539e158f2a588d1738a5537970386075fab9b4c82b				
MN771135	MN771135.1	TTV-like mini virus	Betatorquevirus	Anelloviridae	Viruses; Floreoviria; Shotokuvirae; Commensaviricota; Cardeaviricetes; Sanitavirales; Anelloviridae; Betatorquevirus; Betatorquevirus homini36	DNA	linear	2869		Homo sapiens	SAfiA-532-11	false	ncbi-genbank	e719bac0381204f317293942eeee998bf3c80bbf7e30577f944714c3e73d6066				
MN771136	MN771136.1	TTV-like mini virus	Betatorquevirus	Anelloviridae	Viruses; Floreoviria; Shotokuvirae; Commensaviricota; Cardeaviricetes; Sanitavirales; Anelloviridae; Betatorquevirus; Betatorquevirus homini36	DNA	linear	2855		Homo sapiens	SAfiA-535-9	false	ncbi-genbank	abac8c354714f6eedbebb58bfc2a3a6f89c9b4af54d5b1279e9ed667ed6016c1				
MN771137	MN771137.1	TTV-like mini virus	Betatorquevirus	Anelloviridae	Viruses; Floreoviria; Shotokuvirae; Commensaviricota; Cardeaviricetes; Sanitavirales; Anelloviridae; Betatorquevirus; Betatorquevirus homini36	DNA	linear	2914		Homo sapiens	SAfiA-541-10	false	ncbi-genbank	e08bc5043e62b27107f7d0afbf55fc7e190b0c4391acc57eb24c12196137dbf7				
MN771139	MN771139.1	TTV-like mini virus	Betatorquevirus	Anelloviridae	Viruses; Floreoviria; Shotokuvirae; Commensaviricota; Cardeaviricetes; Sanitavirales; Anelloviridae; Betatorquevirus; Betatorquevirus homini36	DNA	linear	3014		Homo sapiens	SAfiA-560-3	false	ncbi-genbank	a0836736a02b556892d46a908a935ad205502007a37d1e31546cc1b58214acc5				
MN771140	MN771140.1	TTV-like mini virus	Betatorquevirus	Anelloviridae	Viruses; Floreoviria; Shotokuvirae; Commensaviricota; Cardeaviricetes; Sanitavirales; Anelloviridae; Betatorquevirus; Betatorquevirus homini36	DNA	linear	2822		Homo sapiens	SAfiA-564-2	false	ncbi-genbank	d0350d04a9ae4376945ea50806ed64fc13c7073308869751778884676749e88e				
MN771141	MN771141.1	TTV-like mini virus	Betatorquevirus	Anelloviridae	Viruses; Floreoviria; Shotokuvirae; Commensaviricota; Cardeaviricetes; Sanitavirales; Anelloviridae; Betatorquevirus; Betatorquevirus homini36	DNA	linear	2803		Homo sapiens	SAfiA-566-25	false	ncbi-genbank	6cae56e0408aeacbb55b04b8325aab3d8f9753a5de2ee300e0886a84edc96a4c				
MN771144	MN771144.1	TTV-like mini virus	Betatorquevirus	Anelloviridae	Viruses; Floreoviria; Shotokuvirae; Commensaviricota; Cardeaviricetes; Sanitavirales; Anelloviridae; Betatorquevirus; Betatorquevirus homini36	DNA	linear	2846		Homo sapiens	SAfiA-587-76	false	ncbi-genbank	d39f19859b1706bbcb323caa5a27f94af5d16813fe135b8774414c8613f74c5e				
MN771145	MN771145.1	TTV-like mini virus	Betatorquevirus	Anelloviridae	Viruses; Floreoviria; Shotokuvirae; Commensaviricota; Cardeaviricetes; Sanitavirales; Anelloviridae; Betatorquevirus; Betatorquevirus homini36	DNA	linear	2938		Homo sapiens	SAfiA-589-13	false	ncbi-genbank	ab64b73818aba84fdfcde78a1bc7319bc938163a4a95c55a93407b81ed41f863				
MN771147	MN771147.1	TTV-like mini virus	Betatorquevirus	Anelloviridae	Viruses; Floreoviria; Shotokuvirae; Commensaviricota; Cardeaviricetes; Sanitavirales; Anelloviridae; Betatorquevirus; Betatorquevirus homini36	DNA	linear	2836		Homo sapiens	SAfiA-590-79	false	ncbi-genbank	b807026bf0c00137018adb20fc01b5aa711e2a034b384a55019df7b1e01e6ca8				
MN771150	MN771150.1	TTV-like mini virus	Betatorquevirus	Anelloviridae	Viruses; Floreoviria; Shotokuvirae; Commensaviricota; Cardeaviricetes; Sanitavirales; Anelloviridae; Betatorquevirus; Betatorquevirus homini36	DNA	linear	2856		Homo sapiens	SAfiA-611-151	false	ncbi-genbank	dd16057d9eb1fc974cde4d4d021b2acd67d0219c1d807f5c0345d71be7a67519				
MN771151	MN771151.1	TTV-like mini virus	Betatorquevirus	Anelloviridae	Viruses; Floreoviria; Shotokuvirae; Commensaviricota; Cardeaviricetes; Sanitavirales; Anelloviridae; Betatorquevirus; Betatorquevirus homini36	DNA	linear	2923		Homo sapiens	SAfiA-6-12	false	ncbi-genbank	908e8e179a0d4040708d6ca83b84c611fe0045bc3bca1c33be8f7a657143a4d4				
MN771153	MN771153.1	TTV-like mini virus	Betatorquevirus	Anelloviridae	Viruses; Floreoviria; Shotokuvirae; Commensaviricota; Cardeaviricetes; Sanitavirales; Anelloviridae; Betatorquevirus; Betatorquevirus homini36	DNA	linear	2881		Homo sapiens	SAfiA-624-10	false	ncbi-genbank	301bf178f4774a37d7db1e4065fcaaef5cf3867158ff8e00f9ce9c732353bfb0				
MN771154	MN771154.1	TTV-like mini virus	Betatorquevirus	Anelloviridae	Viruses; Floreoviria; Shotokuvirae; Commensaviricota; Cardeaviricetes; Sanitavirales; Anelloviridae; Betatorquevirus; Betatorquevirus homini36	DNA	linear	2896		Homo sapiens	SAfiA-625-12	false	ncbi-genbank	6dd97e5fc1a7f842b3fe575824f54c09e411228e22258eb6d3f6f999f635775a				
MN771155	MN771155.1	TTV-like mini virus	Betatorquevirus	Anelloviridae	Viruses; Floreoviria; Shotokuvirae; Commensaviricota; Cardeaviricetes; Sanitavirales; Anelloviridae; Betatorquevirus; Betatorquevirus homini36	DNA	linear	2808		Homo sapiens	SAfiA-628-38	false	ncbi-genbank	ad26ba2adb6ee583ab8230f418d9ccb5f0b1dfc8581dbe473f84c7baabb77aaa				
MN771156	MN771156.1	TTV-like mini virus	Betatorquevirus	Anelloviridae	Viruses; Floreoviria; Shotokuvirae; Commensaviricota; Cardeaviricetes; Sanitavirales; Anelloviridae; Betatorquevirus; Betatorquevirus homini36	DNA	linear	2864		Homo sapiens	SAfiA-634-20	false	ncbi-genbank	3d58a3c6c3a085ba7b614e7cd8a72b53dded15a1d36488af788ab5e4d5333ec2				
MN771158	MN771158.1	TTV-like mini virus	Betatorquevirus	Anelloviridae	Viruses; Floreoviria; Shotokuvirae; Commensaviricota; Cardeaviricetes; Sanitavirales; Anelloviridae; Betatorquevirus; Betatorquevirus homini36	DNA	linear	2838		Homo sapiens	SAfiA-642-29	false	ncbi-genbank	f49d0125cad069022e948229306662a3c3367822958e2ac2609449662cab2f03				
MN771159	MN771159.1	TTV-like mini virus	Betatorquevirus	Anelloviridae	Viruses; Floreoviria; Shotokuvirae; Commensaviricota; Cardeaviricetes; Sanitavirales; Anelloviridae; Betatorquevirus; Betatorquevirus homini36	DNA	linear	2860		Homo sapiens	SAfiA-651-25	false	ncbi-genbank	f7309afcdbc05125877d108ded899d21d9e0f7a25bd7a134a17d7b01e3f0cb56				
MN771161	MN771161.1	TTV-like mini virus	Betatorquevirus	Anelloviridae	Viruses; Floreoviria; Shotokuvirae; Commensaviricota; Cardeaviricetes; Sanitavirales; Anelloviridae; Betatorquevirus; Betatorquevirus homini36	DNA	linear	2927		Homo sapiens	SAfiA-676-11	false	ncbi-genbank	1f7d215770aadfbd445fd7ceeb54da218636723b2dc6477983b52d37de7cff0d				
MN771162	MN771162.1	TTV-like mini virus	Betatorquevirus	Anelloviridae	Viruses; Floreoviria; Shotokuvirae; Commensaviricota; Cardeaviricetes; Sanitavirales; Anelloviridae; Betatorquevirus; Betatorquevirus homini36	DNA	linear	2895		Homo sapiens	SAfiA-676-13	false	ncbi-genbank	0b082e0af0f991f6fb317f696a8153bcc7c2de5c14d5cdfd32e85e3e7bf94e33				
MN771163	MN771163.1	TTV-like mini virus	Betatorquevirus	Anelloviridae	Viruses; Floreoviria; Shotokuvirae; Commensaviricota; Cardeaviricetes; Sanitavirales; Anelloviridae; Betatorquevirus; Betatorquevirus homini36	DNA	linear	2880		Homo sapiens	SAfiA-676-21	false	ncbi-genbank	5309a496ddd164a40351ae275ef703795aca42a21f61a51487ada155bee423b3				
MN771166	MN771166.1	TTV-like mini virus	Betatorquevirus	Anelloviridae	Viruses; Floreoviria; Shotokuvirae; Commensaviricota; Cardeaviricetes; Sanitavirales; Anelloviridae; Betatorquevirus; Betatorquevirus homini36	DNA	linear	2860		Homo sapiens	SAfiA-686-17	false	ncbi-genbank	2c34e62a7cee075834d6acaae7e107ef3ff87a29f956b541991879edb6ebbd13				
MN771168	MN771168.1	TTV-like mini virus	Betatorquevirus	Anelloviridae	Viruses; Floreoviria; Shotokuvirae; Commensaviricota; Cardeaviricetes; Sanitavirales; Anelloviridae; Betatorquevirus; Betatorquevirus homini36	DNA	linear	2950		Homo sapiens	SAfiA-687-7	false	ncbi-genbank	28ff2a11be32db4000150dd97a00b2d6391ef9ead7d9bb83918970d1b5c6e0f1				
MN771169	MN771169.1	TTV-like mini virus	Betatorquevirus	Anelloviridae	Viruses; Floreoviria; Shotokuvirae; Commensaviricota; Cardeaviricetes; Sanitavirales; Anelloviridae; Betatorquevirus; Betatorquevirus homini36	DNA	linear	2849		Homo sapiens	SAfiA-688-3	false	ncbi-genbank	e5df1672cdb048eead730b15e6fd4efc72f463b985a0694c282824a068433005				
MN771170	MN771170.1	TTV-like mini virus	Betatorquevirus	Anelloviridae	Viruses; Floreoviria; Shotokuvirae; Commensaviricota; Cardeaviricetes; Sanitavirales; Anelloviridae; Betatorquevirus; Betatorquevirus homini36	DNA	linear	2923		Homo sapiens	SAfiA-696-1	false	ncbi-genbank	0298a5d56d6a574bb355c77c7332dbf81d79b32b89d5def34635194857bd7005				
MN771171	MN771171.1	TTV-like mini virus	Betatorquevirus	Anelloviridae	Viruses; Floreoviria; Shotokuvirae; Commensaviricota; Cardeaviricetes; Sanitavirales; Anelloviridae; Betatorquevirus; Betatorquevirus homini36	DNA	linear	2781		Homo sapiens	SAfiA-70-26	false	ncbi-genbank	c8b45c64b73ac5bf0ecc34214347b82a71213bb8c4ccd81a7eadc01b11f41e78				
MN771173	MN771173.1	TTV-like mini virus	Betatorquevirus	Anelloviridae	Viruses; Floreoviria; Shotokuvirae; Commensaviricota; Cardeaviricetes; Sanitavirales; Anelloviridae; Betatorquevirus; Betatorquevirus homini36	DNA	linear	2901		Homo sapiens	SAfiA-71-20	false	ncbi-genbank	fbe24a0d81f369aabc8eab9a36bd4c83412fc54a9979434f2e23a28a71c6e27e				
MN771176	MN771176.1	TTV-like mini virus	Betatorquevirus	Anelloviridae	Viruses; Floreoviria; Shotokuvirae; Commensaviricota; Cardeaviricetes; Sanitavirales; Anelloviridae; Betatorquevirus; Betatorquevirus homini36	DNA	linear	2919		Homo sapiens	SAfiA-721-8	false	ncbi-genbank	c8d527037e609f0bfa7eefde1168c20ebdc3012efa473c1a4d4e6cf00c908d0d				
MN771177	MN771177.1	TTV-like mini virus	Betatorquevirus	Anelloviridae	Viruses; Floreoviria; Shotokuvirae; Commensaviricota; Cardeaviricetes; Sanitavirales; Anelloviridae; Betatorquevirus; Betatorquevirus homini36	DNA	linear	2972		Homo sapiens	SAfiA-729-1	false	ncbi-genbank	42279129901f4ef76342d3deae20077bd0aa2d615aada317958f003fdc0172b5				
MN771180	MN771180.1	TTV-like mini virus	Betatorquevirus	Anelloviridae	Viruses; Floreoviria; Shotokuvirae; Commensaviricota; Cardeaviricetes; Sanitavirales; Anelloviridae; Betatorquevirus; Betatorquevirus homini36	DNA	linear	2944		Homo sapiens	SAfiA-760-1	false	ncbi-genbank	8e08c23033de371cb2450c7cb3c40fe14730191ac42786335ee9a0d734424bfe				
MN771181	MN771181.1	TTV-like mini virus	Betatorquevirus	Anelloviridae	Viruses; Floreoviria; Shotokuvirae; Commensaviricota; Cardeaviricetes; Sanitavirales; Anelloviridae; Betatorquevirus; Betatorquevirus homini36	DNA	linear	2996		Homo sapiens	SAfiA-767-62	false	ncbi-genbank	06a6cf3ca06a19be254cbe07312cab3b6f9411c8fe822ea64f569b626a95a8f3				
MN771183	MN771183.1	TTV-like mini virus	Betatorquevirus	Anelloviridae	Viruses; Floreoviria; Shotokuvirae; Commensaviricota; Cardeaviricetes; Sanitavirales; Anelloviridae; Betatorquevirus; Betatorquevirus homini36	DNA	linear	2885		Homo sapiens	SAfiA-779-27	false	ncbi-genbank	48c04aebe1f751fe16c1177165d98923fb5376f4b5152334e2848155447ea453				
MN771195	MN771195.1	TTV-like mini virus	Betatorquevirus	Anelloviridae	Viruses; Floreoviria; Shotokuvirae; Commensaviricota; Cardeaviricetes; Sanitavirales; Anelloviridae; Betatorquevirus; Betatorquevirus homini36	DNA	linear	2828		Homo sapiens	SAfiA-857-205	false	ncbi-genbank	e9dcb727eeb5e766334b30b138ef1b3e54cf8039dfbd86d1172aa807438e09f3				
MN771199	MN771199.1	TTV-like mini virus	Betatorquevirus	Anelloviridae	Viruses; Floreoviria; Shotokuvirae; Commensaviricota; Cardeaviricetes; Sanitavirales; Anelloviridae; Betatorquevirus; Betatorquevirus homini36	DNA	linear	2869		Homo sapiens	SAfiA-87-28	false	ncbi-genbank	24f8bed6274aedfea08fb82adfb1362ee25b26eed29e452178c46f12eb1e1ce9				
MN771204	MN771204.1	TTV-like mini virus	Betatorquevirus	Anelloviridae	Viruses; Floreoviria; Shotokuvirae; Commensaviricota; Cardeaviricetes; Sanitavirales; Anelloviridae; Betatorquevirus; Betatorquevirus homini36	DNA	linear	2940		Homo sapiens	SAfiA-393-16	false	ncbi-genbank	4823f989e9f0e3ed75a15952ce69f14128485a2262a777feeaae675b69952d75				
MN771205	MN771205.1	TTV-like mini virus	Betatorquevirus	Anelloviridae	Viruses; Floreoviria; Shotokuvirae; Commensaviricota; Cardeaviricetes; Sanitavirales; Anelloviridae; Betatorquevirus; Betatorquevirus homini36	DNA	linear	2905		Homo sapiens	SAfiA-401-18	false	ncbi-genbank	9fb8e270b2d1fa658114a16ad999baa54fdb79ed234372de52c2ca2a75645954				
MN771208	MN771208.1	TTV-like mini virus	Betatorquevirus	Anelloviridae	Viruses; Floreoviria; Shotokuvirae; Commensaviricota; Cardeaviricetes; Sanitavirales; Anelloviridae; Betatorquevirus; Betatorquevirus homini36	DNA	linear	2918		Homo sapiens	SAfiA-581-37	false	ncbi-genbank	f76bebad0908c31cfdf0084e3aad5c70e7079f097fb88b23cabd0f1daef867de				
MN771212	MN771212.1	TTV-like mini virus	Betatorquevirus	Anelloviridae	Viruses; Floreoviria; Shotokuvirae; Commensaviricota; Cardeaviricetes; Sanitavirales; Anelloviridae; Betatorquevirus; Betatorquevirus homini36	DNA	linear	2826		Homo sapiens	SAfiA-368-11	false	ncbi-genbank	2fd5669a608e104c7840b422588b46f25f3de2f48d33a0464d63eb77c0edd518				
MN771213	MN771213.1	TTV-like mini virus	Betatorquevirus	Anelloviridae	Viruses; Floreoviria; Shotokuvirae; Commensaviricota; Cardeaviricetes; Sanitavirales; Anelloviridae; Betatorquevirus; Betatorquevirus homini36	DNA	linear	2860		Homo sapiens	SAfiA-445-5	false	ncbi-genbank	a238627c0536539f1d1e6728183a01a6b0edfda6ff49a58b371d7edcc7000b6b				
MN771215	MN771215.1	TTV-like mini virus	Betatorquevirus	Anelloviridae	Viruses; Floreoviria; Shotokuvirae; Commensaviricota; Cardeaviricetes; Sanitavirales; Anelloviridae; Betatorquevirus; Betatorquevirus homini36	DNA	linear	2805		Homo sapiens	SAfiA-581-45	false	ncbi-genbank	0f6e02986097a1aefea3254a9860a0e82d5c366c9f2744adb0891ae86e3497bf				
MN771217	MN771217.1	TTV-like mini virus	Betatorquevirus	Anelloviridae	Viruses; Floreoviria; Shotokuvirae; Commensaviricota; Cardeaviricetes; Sanitavirales; Anelloviridae; Betatorquevirus; Betatorquevirus homini36	DNA	linear	2824		Homo sapiens	SAfiA-11-32	false	ncbi-genbank	463858c34f11c57fd55b43ff395cc52df5a345e0d678b7289b62173bb7bc6e0c				
MN771219	MN771219.1	TTV-like mini virus	Betatorquevirus	Anelloviridae	Viruses; Floreoviria; Shotokuvirae; Commensaviricota; Cardeaviricetes; Sanitavirales; Anelloviridae; Betatorquevirus; Betatorquevirus homini36	DNA	linear	2936		Homo sapiens	SAfiA-130-9	false	ncbi-genbank	3423bc109e0b536bc94d85064cc099ae2cb8c21f519d56cd0657c1aa99ba9500				
MN771220	MN771220.1	TTV-like mini virus	Betatorquevirus	Anelloviridae	Viruses; Floreoviria; Shotokuvirae; Commensaviricota; Cardeaviricetes; Sanitavirales; Anelloviridae; Betatorquevirus; Betatorquevirus homini36	DNA	linear	2846		Homo sapiens	SAfiA-224-29	false	ncbi-genbank	ef3c1531c777cdfb89ab02a06d4af0d8d6be77ef433d1ecdae3600f4de6c393b				
MN771221	MN771221.1	TTV-like mini virus	Betatorquevirus	Anelloviridae	Viruses; Floreoviria; Shotokuvirae; Commensaviricota; Cardeaviricetes; Sanitavirales; Anelloviridae; Betatorquevirus; Betatorquevirus homini36	DNA	linear	3004		Homo sapiens	SAfiA-230-9	false	ncbi-genbank	9a053e402d3b973f5174b1b561cddd1a65d83361cd51cab2d0812b26f8916243				
MN771223	MN771223.1	TTV-like mini virus	Betatorquevirus	Anelloviridae	Viruses; Floreoviria; Shotokuvirae; Commensaviricota; Cardeaviricetes; Sanitavirales; Anelloviridae; Betatorquevirus; Betatorquevirus homini36	DNA	linear	2937		Homo sapiens	SAfiA-235-24	false	ncbi-genbank	1ba8007d11d7f24dd1282414088479fc49c0251e1f91861ba4d3699ba83c9d52				
MN771226	MN771226.1	TTV-like mini virus	Betatorquevirus	Anelloviridae	Viruses; Floreoviria; Shotokuvirae; Commensaviricota; Cardeaviricetes; Sanitavirales; Anelloviridae; Betatorquevirus; Betatorquevirus homini36	DNA	linear	2814		Homo sapiens	SAfiA-275-60	false	ncbi-genbank	7a517097ee5baad56e18de40cfe6e1af66129521e5a8a7e00616a0b2dc979d15				
MN771228	MN771228.1	TTV-like mini virus	Betatorquevirus	Anelloviridae	Viruses; Floreoviria; Shotokuvirae; Commensaviricota; Cardeaviricetes; Sanitavirales; Anelloviridae; Betatorquevirus; Betatorquevirus homini36	DNA	linear	2963		Homo sapiens	SAfiA-287B-7	false	ncbi-genbank	c70bf6ce6309f3e5ef33c5ecefce11fb2c19443c61f427bd9b1d459b51809fad				
MN771231	MN771231.1	TTV-like mini virus	Betatorquevirus	Anelloviridae	Viruses; Floreoviria; Shotokuvirae; Commensaviricota; Cardeaviricetes; Sanitavirales; Anelloviridae; Betatorquevirus; Betatorquevirus homini36	DNA	linear	2912		Homo sapiens	SAfiA-321-9	false	ncbi-genbank	41d50152c87b97d61fb21ace847861222a123e88f2b184f2ed87d6c367133882				
MN771232	MN771232.1	TTV-like mini virus	Betatorquevirus	Anelloviridae	Viruses; Floreoviria; Shotokuvirae; Commensaviricota; Cardeaviricetes; Sanitavirales; Anelloviridae; Betatorquevirus; Betatorquevirus homini36	DNA	linear	2909		Homo sapiens	SAfiA-326-11	false	ncbi-genbank	28d6986f216f429fce445971a6ff408d6a495c5696c6512c7dc58379d3a4befe				
MN771236	MN771236.1	TTV-like mini virus	Betatorquevirus	Anelloviridae	Viruses; Floreoviria; Shotokuvirae; Commensaviricota; Cardeaviricetes; Sanitavirales; Anelloviridae; Betatorquevirus; Betatorquevirus homini36	DNA	linear	2835		Homo sapiens	SAfiA-350-31	false	ncbi-genbank	652e67b5f1ba07f380d2eee319a30b58ced59868cb3eb81a503b286a364b28fc				
MN771237	MN771237.1	TTV-like mini virus	Betatorquevirus	Anelloviridae	Viruses; Floreoviria; Shotokuvirae; Commensaviricota; Cardeaviricetes; Sanitavirales; Anelloviridae; Betatorquevirus; Betatorquevirus homini36	DNA	linear	2874		Homo sapiens	SAfiA-352-16	false	ncbi-genbank	b88786ae45ee5d72813b0b5f798c3b5fab27ea76f4052854fe84f3b655d538ea				
MN771238	MN771238.1	TTV-like mini virus	Betatorquevirus	Anelloviridae	Viruses; Floreoviria; Shotokuvirae; Commensaviricota; Cardeaviricetes; Sanitavirales; Anelloviridae; Betatorquevirus; Betatorquevirus homini36	DNA	linear	3004		Homo sapiens	SAfiA-376-9	false	ncbi-genbank	9bc647dc0ba644d1692ed847b49de2db2fde5f0bffa0e007de7997bc9f11dc1a				
MN771239	MN771239.1	TTV-like mini virus	Betatorquevirus	Anelloviridae	Viruses; Floreoviria; Shotokuvirae; Commensaviricota; Cardeaviricetes; Sanitavirales; Anelloviridae; Betatorquevirus; Betatorquevirus homini36	DNA	linear	2867		Homo sapiens	SAfiA-380-34	false	ncbi-genbank	e7b1f4ba4afe36a700dde3802f9bf6c0220980957a0504de028d29f603033bd2				
MN771243	MN771243.1	TTV-like mini virus	Betatorquevirus	Anelloviridae	Viruses; Floreoviria; Shotokuvirae; Commensaviricota; Cardeaviricetes; Sanitavirales; Anelloviridae; Betatorquevirus; Betatorquevirus homini36	DNA	linear	2897		Homo sapiens	SAfiA-388-76	false	ncbi-genbank	dba39ad5f950132bb4344da5c9e74ee67dbb64c1c1bd458367ba8a97402621a1				
MN771244	MN771244.1	TTV-like mini virus	Betatorquevirus	Anelloviridae	Viruses; Floreoviria; Shotokuvirae; Commensaviricota; Cardeaviricetes; Sanitavirales; Anelloviridae; Betatorquevirus; Betatorquevirus homini36	DNA	linear	2920		Homo sapiens	SAfiA-388-79	false	ncbi-genbank	e5dd4093278756cb6d214bad0c46d92592d695bf5d440dfb622c15d2161c5016				
MN771246	MN771246.1	TTV-like mini virus	Betatorquevirus	Anelloviridae	Viruses; Floreoviria; Shotokuvirae; Commensaviricota; Cardeaviricetes; Sanitavirales; Anelloviridae; Betatorquevirus; Betatorquevirus homini36	DNA	linear	2845		Homo sapiens	SAfiA-388-95	false	ncbi-genbank	e4027e35036b1297502d41cf1869661e74d117a59038f72ad825acef0c33a6c2				
MN771249	MN771249.1	TTV-like mini virus	Betatorquevirus	Anelloviridae	Viruses; Floreoviria; Shotokuvirae; Commensaviricota; Cardeaviricetes; Sanitavirales; Anelloviridae; Betatorquevirus; Betatorquevirus homini36	DNA	linear	2894		Homo sapiens	SAfiA-425-2	false	ncbi-genbank	b44c273655497973fca46eaf987aa82caa8bae751c9e81ec3221e3b8ea9304ab				
MN771251	MN771251.1	TTV-like mini virus	Betatorquevirus	Anelloviridae	Viruses; Floreoviria; Shotokuvirae; Commensaviricota; Cardeaviricetes; Sanitavirales; Anelloviridae; Betatorquevirus; Betatorquevirus homini36	DNA	linear	2903		Homo sapiens	SAfiA-452-3	false	ncbi-genbank	8287ebc3deee796f4719ec64c6a6ebdd4d629d29bb24bbabe9f891a856002d13				
MN771253	MN771253.1	TTV-like mini virus	Betatorquevirus	Anelloviridae	Viruses; Floreoviria; Shotokuvirae; Commensaviricota; Cardeaviricetes; Sanitavirales; Anelloviridae; Betatorquevirus; Betatorquevirus homini36	DNA	linear	2913		Homo sapiens	SAfiA-475-9	false	ncbi-genbank	5aaf96deca467397248604d07540127dbdaf099b00316d7b64da31ed41e3b4d7				
MN771254	MN771254.1	TTV-like mini virus	Betatorquevirus	Anelloviridae	Viruses; Floreoviria; Shotokuvirae; Commensaviricota; Cardeaviricetes; Sanitavirales; Anelloviridae; Betatorquevirus; Betatorquevirus homini36	DNA	linear	2845		Homo sapiens	SAfiA-476-12	false	ncbi-genbank	1681903fc50f25dfdfb46711cf4c1731cec0999392d01452ccb0d16bf08fb69b				
MN771255	MN771255.1	TTV-like mini virus	Betatorquevirus	Anelloviridae	Viruses; Floreoviria; Shotokuvirae; Commensaviricota; Cardeaviricetes; Sanitavirales; Anelloviridae; Betatorquevirus; Betatorquevirus homini36	DNA	linear	2843		Homo sapiens	SAfiA-478-21	false	ncbi-genbank	b2ab336bf488b77c6ac545c0a73d89af044352d84ded4a90e83a54e47b8dc84d				
MN771256	MN771256.1	TTV-like mini virus	Betatorquevirus	Anelloviridae	Viruses; Floreoviria; Shotokuvirae; Commensaviricota; Cardeaviricetes; Sanitavirales; Anelloviridae; Betatorquevirus; Betatorquevirus homini36	DNA	linear	2903		Homo sapiens	SAfiA-498-7	false	ncbi-genbank	1ca68f1697ede9302132fa534434cb8869e39ff97b3056f3ce732af4d63ad2ef				
MN771257	MN771257.1	TTV-like mini virus	Betatorquevirus	Anelloviridae	Viruses; Floreoviria; Shotokuvirae; Commensaviricota; Cardeaviricetes; Sanitavirales; Anelloviridae; Betatorquevirus; Betatorquevirus homini36	DNA	linear	2954		Homo sapiens	SAfiA-513-4	false	ncbi-genbank	a0b7dade0209396cbd8e076a0eef006f7d8620ca0e167e334e3356aebfcb1d24				
MN771261	MN771261.1	TTV-like mini virus	Betatorquevirus	Anelloviridae	Viruses; Floreoviria; Shotokuvirae; Commensaviricota; Cardeaviricetes; Sanitavirales; Anelloviridae; Betatorquevirus; Betatorquevirus homini36	DNA	linear	2842		Homo sapiens	SAfiA-57-35	false	ncbi-genbank	e7e45a01222a8d5c20273e9e52bda0c799844a9dd257e92f9c5b76814ff118d4				
MN771262	MN771262.1	TTV-like mini virus	Betatorquevirus	Anelloviridae	Viruses; Floreoviria; Shotokuvirae; Commensaviricota; Cardeaviricetes; Sanitavirales; Anelloviridae; Betatorquevirus; Betatorquevirus homini36	DNA	linear	2850		Homo sapiens	SAfiA-577-113	false	ncbi-genbank	0c5231237318d77fefa6988ba0d8fc8a108b08c502d970d57afc828cc3bbbc3c				
MN771263	MN771263.1	TTV-like mini virus	Betatorquevirus	Anelloviridae	Viruses; Floreoviria; Shotokuvirae; Commensaviricota; Cardeaviricetes; Sanitavirales; Anelloviridae; Betatorquevirus; Betatorquevirus homini36	DNA	linear	2901		Homo sapiens	SAfiA-577-93	false	ncbi-genbank	aa1fb14d4560f88696c0a1de0bdda7591facab9f086969f209ff7e8a8453722f				
MN771265	MN771265.1	TTV-like mini virus	Betatorquevirus	Anelloviridae	Viruses; Floreoviria; Shotokuvirae; Commensaviricota; Cardeaviricetes; Sanitavirales; Anelloviridae; Betatorquevirus; Betatorquevirus homini36	DNA	linear	2966		Homo sapiens	SAfiA-578-13	false	ncbi-genbank	75ee2964da7d1f82affe26161e399eeac3166009b4bb7a153797a8bde5697002				
MN771268	MN771268.1	TTV-like mini virus	Betatorquevirus	Anelloviridae	Viruses; Floreoviria; Shotokuvirae; Commensaviricota; Cardeaviricetes; Sanitavirales; Anelloviridae; Betatorquevirus; Betatorquevirus homini36	DNA	linear	2950		Homo sapiens	SAfiA-587-21	false	ncbi-genbank	87c9ae0552c491e5759f0c18e8611d9b75f4a622113b805942752f9cdb8f92fa				
MN771269	MN771269.1	TTV-like mini virus	Betatorquevirus	Anelloviridae	Viruses; Floreoviria; Shotokuvirae; Commensaviricota; Cardeaviricetes; Sanitavirales; Anelloviridae; Betatorquevirus; Betatorquevirus homini36	DNA	linear	2926		Homo sapiens	SAfiA-587-33	false	ncbi-genbank	c34143dbddf3cc9fa9e229120fc415bfe90660ee8e1b7a662251cc23326f4959				
MN771270	MN771270.1	TTV-like mini virus	Betatorquevirus	Anelloviridae	Viruses; Floreoviria; Shotokuvirae; Commensaviricota; Cardeaviricetes; Sanitavirales; Anelloviridae; Betatorquevirus; Betatorquevirus homini36	DNA	linear	2857		Homo sapiens	SAfiA-587-71	false	ncbi-genbank	72e74c41601677609c386aacfdfbbcfb7cbb8bc3bcc59fdfd72ac9b99eda5f11				
MN771271	MN771271.1	TTV-like mini virus	Betatorquevirus	Anelloviridae	Viruses; Floreoviria; Shotokuvirae; Commensaviricota; Cardeaviricetes; Sanitavirales; Anelloviridae; Betatorquevirus; Betatorquevirus homini36	DNA	linear	2826		Homo sapiens	SAfiA-587-84	false	ncbi-genbank	1860069a28205007717be3c1b0a8b890ed0011b08d6db7797b2e3a297b13962e				
MN771272	MN771272.1	TTV-like mini virus	Betatorquevirus	Anelloviridae	Viruses; Floreoviria; Shotokuvirae; Commensaviricota; Cardeaviricetes; Sanitavirales; Anelloviridae; Betatorquevirus; Betatorquevirus homini36	DNA	linear	2793		Homo sapiens	SAfiA-587-87	false	ncbi-genbank	69c6d46fb4b83c7e445b14fe0cda45bd3ec3973fcd577ed01de3ab9eadb60c48				
MN771273	MN771273.1	TTV-like mini virus	Betatorquevirus	Anelloviridae	Viruses; Floreoviria; Shotokuvirae; Commensaviricota; Cardeaviricetes; Sanitavirales; Anelloviridae; Betatorquevirus; Betatorquevirus homini36	DNA	linear	2911		Homo sapiens	SAfiA-590-43	false	ncbi-genbank	ce89f46c27d4a1746da888815eccd796e281bad3f85bed3a94504309b5565ccf				
MN771275	MN771275.1	TTV-like mini virus	Betatorquevirus	Anelloviridae	Viruses; Floreoviria; Shotokuvirae; Commensaviricota; Cardeaviricetes; Sanitavirales; Anelloviridae; Betatorquevirus; Betatorquevirus homini36	DNA	linear	2815		Homo sapiens	SAfiA-608-11	false	ncbi-genbank	9f1287a99975e627bb8f5815def1f0a3b7f685fd01f51ab2211fe30f102fe543				
MN771276	MN771276.1	TTV-like mini virus	Betatorquevirus	Anelloviridae	Viruses; Floreoviria; Shotokuvirae; Commensaviricota; Cardeaviricetes; Sanitavirales; Anelloviridae; Betatorquevirus; Betatorquevirus homini36	DNA	linear	2901		Homo sapiens	SAfiA-609-7	false	ncbi-genbank	4c41aab26c430891070309a6a5a26e5e0df485a38905afc70000a7c289aced0a				
MN771279	MN771279.1	TTV-like mini virus	Betatorquevirus	Anelloviridae	Viruses; Floreoviria; Shotokuvirae; Commensaviricota; Cardeaviricetes; Sanitavirales; Anelloviridae; Betatorquevirus; Betatorquevirus homini36	DNA	linear	2868		Homo sapiens	SAfiA-616-19	false	ncbi-genbank	841447843ca65f21fee65fa46fdcf0af01e8bae3b0a8c255c81db56440befdbf				
MN771281	MN771281.1	TTV-like mini virus	Betatorquevirus	Anelloviridae	Viruses; Floreoviria; Shotokuvirae; Commensaviricota; Cardeaviricetes; Sanitavirales; Anelloviridae; Betatorquevirus; Betatorquevirus homini36	DNA	linear	2884		Homo sapiens	SAfiA-6-19	false	ncbi-genbank	c206cf7896ba8484490c325629fccc7808302f12bec43b224fa8a43149617e7d				
MN771282	MN771282.1	TTV-like mini virus	Betatorquevirus	Anelloviridae	Viruses; Floreoviria; Shotokuvirae; Commensaviricota; Cardeaviricetes; Sanitavirales; Anelloviridae; Betatorquevirus; Betatorquevirus homini36	DNA	linear	2898		Homo sapiens	SAfiA-625-8	false	ncbi-genbank	696abb35b63a1036187fe21621445eabd6501ba6978bc90440873ffae32b18f4				
MN771284	MN771284.1	TTV-like mini virus	Betatorquevirus	Anelloviridae	Viruses; Floreoviria; Shotokuvirae; Commensaviricota; Cardeaviricetes; Sanitavirales; Anelloviridae; Betatorquevirus; Betatorquevirus homini36	DNA	linear	2784		Homo sapiens	SAfiA-656-11	false	ncbi-genbank	896becdfa2da9349aecb19ab9356ed7aa827d30316ca43dcd71eebd153837ef0				
MN771289	MN771289.1	TTV-like mini virus	Betatorquevirus	Anelloviridae	Viruses; Floreoviria; Shotokuvirae; Commensaviricota; Cardeaviricetes; Sanitavirales; Anelloviridae; Betatorquevirus; Betatorquevirus homini36	DNA	linear	2856		Homo sapiens	SAfiA-687-17	false	ncbi-genbank	ec941945b65da4d0f2d6119e4090eec10fe7b048976b337ea7e4441762a39a7d				
MN771291	MN771291.1	TTV-like mini virus	Betatorquevirus	Anelloviridae	Viruses; Floreoviria; Shotokuvirae; Commensaviricota; Cardeaviricetes; Sanitavirales; Anelloviridae; Betatorquevirus; Betatorquevirus homini36	DNA	linear	2799		Homo sapiens	SAfiA-731-10	false	ncbi-genbank	cca48398ab571b802dffb275e52c5d8136a5a223ced637eecc1665e895d26d2c				
MN771293	MN771293.1	TTV-like mini virus	Betatorquevirus	Anelloviridae	Viruses; Floreoviria; Shotokuvirae; Commensaviricota; Cardeaviricetes; Sanitavirales; Anelloviridae; Betatorquevirus; Betatorquevirus homini36	DNA	linear	2867		Homo sapiens	SAfiA-761-12	false	ncbi-genbank	fa1af9ccdb493a05f696e36bf12bd9009ee1133688f9a81aa6bb8ae1ea38f255				
MN771294	MN771294.1	TTV-like mini virus	Betatorquevirus	Anelloviridae	Viruses; Floreoviria; Shotokuvirae; Commensaviricota; Cardeaviricetes; Sanitavirales; Anelloviridae; Betatorquevirus; Betatorquevirus homini36	DNA	linear	2862		Homo sapiens	SAfiA-77-104	false	ncbi-genbank	cf84a41e28fdfe86a02d0e3b7bd9a154b800412e357ae2ef6f3124c794d71d29				
MN771297	MN771297.1	TTV-like mini virus	Betatorquevirus	Anelloviridae	Viruses; Floreoviria; Shotokuvirae; Commensaviricota; Cardeaviricetes; Sanitavirales; Anelloviridae; Betatorquevirus; Betatorquevirus homini36	DNA	linear	2902		Homo sapiens	SAfiA-803-9	false	ncbi-genbank	88dd76466d7a4a7cc7cc5d91dabd502a061c92729f38bca79f41ef4918c0ae88				
MN771299	MN771299.1	TTV-like mini virus	Betatorquevirus	Anelloviridae	Viruses; Floreoviria; Shotokuvirae; Commensaviricota; Cardeaviricetes; Sanitavirales; Anelloviridae; Betatorquevirus; Betatorquevirus homini36	DNA	linear	2831		Homo sapiens	SAfiA-866-433	false	ncbi-genbank	f3dac4c5c293842c3076d48c54119d89950e4a796fe11202287a7daf8990484b				
MN771300	MN771300.1	TTV-like mini virus	Betatorquevirus	Anelloviridae	Viruses; Floreoviria; Shotokuvirae; Commensaviricota; Cardeaviricetes; Sanitavirales; Anelloviridae; Betatorquevirus; Betatorquevirus homini36	DNA	linear	2984		Homo sapiens	SAfiA-873-24	false	ncbi-genbank	05f307e3c6f395447982ae2c4df4df0a6eb44234f39459a9ea2db09fe85028c5				
MN771303	MN771303.1	TTV-like mini virus	Betatorquevirus	Anelloviridae	Viruses; Floreoviria; Shotokuvirae; Commensaviricota; Cardeaviricetes; Sanitavirales; Anelloviridae; Betatorquevirus; Betatorquevirus homini36	DNA	linear	2835		Homo sapiens	SAfiA-94-28	false	ncbi-genbank	2906df09674897cb46b0c00a229d551ae16e521f6891eb38340476941251e588				
MN771304	MN771304.1	TTV-like mini virus	Betatorquevirus	Anelloviridae	Viruses; Floreoviria; Shotokuvirae; Commensaviricota; Cardeaviricetes; Sanitavirales; Anelloviridae; Betatorquevirus; Betatorquevirus homini36	DNA	linear	2883		Homo sapiens	SAfiA-119-9	false	ncbi-genbank	2048ca208e2e87de6cf43b5b0a91f7e8d44189152ebee098585a57edc68aaaff				
MN771305	MN771305.1	TTV-like mini virus	Betatorquevirus	Anelloviridae	Viruses; Floreoviria; Shotokuvirae; Commensaviricota; Cardeaviricetes; Sanitavirales; Anelloviridae; Betatorquevirus; Betatorquevirus homini36	DNA	linear	2861		Homo sapiens	SAfiA-390-10	false	ncbi-genbank	1317452e68eff4ea3f48f4378fa9b8ec63ebf60e7b53f3afaf1ab1c7bdb4057f				
MN771310	MN771310.1	TTV-like mini virus	Betatorquevirus	Anelloviridae	Viruses; Floreoviria; Shotokuvirae; Commensaviricota; Cardeaviricetes; Sanitavirales; Anelloviridae; Betatorquevirus; Betatorquevirus homini36	DNA	linear	2899		Homo sapiens	SAfiA-865-115	false	ncbi-genbank	c62280d1e746967baf977b226126babd500552942ceffbd0af5b319e94d947ec				
MN771311	MN771311.1	TTV-like mini virus	Betatorquevirus	Anelloviridae	Viruses; Floreoviria; Shotokuvirae; Commensaviricota; Cardeaviricetes; Sanitavirales; Anelloviridae; Betatorquevirus; Betatorquevirus homini36	DNA	linear	2916		Homo sapiens	SAfiA-122-3	false	ncbi-genbank	9892412388538610fa19c42bd44fd4e8443195a48444dacfc63766383d21ff4d				
MN771312	MN771312.1	TTV-like mini virus	Betatorquevirus	Anelloviridae	Viruses; Floreoviria; Shotokuvirae; Commensaviricota; Cardeaviricetes; Sanitavirales; Anelloviridae; Betatorquevirus; Betatorquevirus homini36	DNA	linear	2878		Homo sapiens	SAfiA-254-27	false	ncbi-genbank	6ebe37976d9632e7b9cbf6726436ea946e454bb3c0f08e199534fef37bb015e7				
MN771315	MN771315.1	TTV-like mini virus	Betatorquevirus	Anelloviridae	Viruses; Floreoviria; Shotokuvirae; Commensaviricota; Cardeaviricetes; Sanitavirales; Anelloviridae; Betatorquevirus; Betatorquevirus homini36	DNA	linear	2813		Homo sapiens	SAfiA-810-60	false	ncbi-genbank	6ba38a267b68cc6aef22611690d75e129b691af4f7902f69b86db35224792268				
MN771316	MN771316.1	TTV-like mini virus	Betatorquevirus	Anelloviridae	Viruses; Floreoviria; Shotokuvirae; Commensaviricota; Cardeaviricetes; Sanitavirales; Anelloviridae; Betatorquevirus; Betatorquevirus homini36	DNA	linear	2959		Homo sapiens	SAfiA-870-6	false	ncbi-genbank	9a0640c3080f0e05b635ca6f9484da5546e9c0e8b752e85923ac80b24a053c48				
MN771319	MN771319.1	TTV-like mini virus	Betatorquevirus	Anelloviridae	Viruses; Floreoviria; Shotokuvirae; Commensaviricota; Cardeaviricetes; Sanitavirales; Anelloviridae; Betatorquevirus; Betatorquevirus homini36	DNA	linear	3013		Homo sapiens	SAfiA-449-8	false	ncbi-genbank	235655bb487b76e70832b1c37bd3517833608000c84751bc6c1f9022a5bb2f14				
MN771322	MN771322.1	TTV-like mini virus	Betatorquevirus	Anelloviridae	Viruses; Floreoviria; Shotokuvirae; Commensaviricota; Cardeaviricetes; Sanitavirales; Anelloviridae; Betatorquevirus; Betatorquevirus homini36	DNA	linear	2970		Homo sapiens	SAfiA-297-89	false	ncbi-genbank	53818c8d72694aae4094a0eb709a49daf49d71a2d8043a4ced412ffcf4818aa0				
MN771326	MN771326.1	TTV-like mini virus	Betatorquevirus	Anelloviridae	Viruses; Floreoviria; Shotokuvirae; Commensaviricota; Cardeaviricetes; Sanitavirales; Anelloviridae; Betatorquevirus; Betatorquevirus homini36	DNA	linear	2999		Homo sapiens	SAfiA-353-16	false	ncbi-genbank	c5dda9448476545c3b5a9b0e3d33638c74c606ce33afd2c10bbce7404543e775				
MN771329	MN771329.1	TTV-like mini virus	Betatorquevirus	Anelloviridae	Viruses; Floreoviria; Shotokuvirae; Commensaviricota; Cardeaviricetes; Sanitavirales; Anelloviridae; Betatorquevirus; Betatorquevirus homini36	DNA	linear	2943		Homo sapiens	SAfiA-473-1	false	ncbi-genbank	0d2fc6c82a57ca45d7d08bcc710f7b0e70bf874cfce1cb8934bab1a032e7d155				
MN771333	MN771333.1	TTV-like mini virus	Betatorquevirus	Anelloviridae	Viruses; Floreoviria; Shotokuvirae; Commensaviricota; Cardeaviricetes; Sanitavirales; Anelloviridae; Betatorquevirus; Betatorquevirus homini36	DNA	linear	2999		Homo sapiens	SAfiA-577-27	false	ncbi-genbank	3ef4ce8315a9856af9e3b8d8cc48a34f1d613eae244a999390641ef3843a45cf				
MN771334	MN771334.1	TTV-like mini virus	Betatorquevirus	Anelloviridae	Viruses; Floreoviria; Shotokuvirae; Commensaviricota; Cardeaviricetes; Sanitavirales; Anelloviridae; Betatorquevirus; Betatorquevirus homini36	DNA	linear	2993		Homo sapiens	SAfiA-766-268	false	ncbi-genbank	ebf79e5e9347a28035b28bf44afbc794a89517b18ec02a95073581fbe29864af				
MN771339	MN771339.1	TTV-like mini virus	Betatorquevirus	Anelloviridae	Viruses; Floreoviria; Shotokuvirae; Commensaviricota; Cardeaviricetes; Sanitavirales; Anelloviridae; Betatorquevirus; Betatorquevirus homini36	DNA	linear	2891		Homo sapiens	SAfiA-38-9	false	ncbi-genbank	2d0ba6eeb04c5d092dd07fd369712ed12514b00e58190c1b74b19e63cf142a75				
MN771345	MN771345.1	TTV-like mini virus	Betatorquevirus	Anelloviridae	Viruses; Floreoviria; Shotokuvirae; Commensaviricota; Cardeaviricetes; Sanitavirales; Anelloviridae; Betatorquevirus; Betatorquevirus homini36	DNA	linear	2925		Homo sapiens	SAfiA-11-25	false	ncbi-genbank	b5cce1405d89d35671ca87cc1c55b9042749b02c45d14975ad954708092694e0				
MN771347	MN771347.1	TTV-like mini virus	Betatorquevirus	Anelloviridae	Viruses; Floreoviria; Shotokuvirae; Commensaviricota; Cardeaviricetes; Sanitavirales; Anelloviridae; Betatorquevirus; Betatorquevirus homini36	DNA	linear	2802		Homo sapiens	SAfiA-238-18	false	ncbi-genbank	753c5aecda87ca5643074fa298a0c4ea312511fddb55a63e613ffa544ca598a4				
MN771348	MN771348.1	TTV-like mini virus	Betatorquevirus	Anelloviridae	Viruses; Floreoviria; Shotokuvirae; Commensaviricota; Cardeaviricetes; Sanitavirales; Anelloviridae; Betatorquevirus; Betatorquevirus homini36	DNA	linear	2900		Homo sapiens	SAfiA-251-19	false	ncbi-genbank	6652082c65492887d383114e69d10036972c5c7d55d5ff6a567c2c5b61d6387b				
MN771349	MN771349.1	TTV-like mini virus	Betatorquevirus	Anelloviridae	Viruses; Floreoviria; Shotokuvirae; Commensaviricota; Cardeaviricetes; Sanitavirales; Anelloviridae; Betatorquevirus; Betatorquevirus homini36	DNA	linear	2961		Homo sapiens	SAfiA-254-21	false	ncbi-genbank	218264cbab50c1cd86f31c30d4b6cb694ba341f75c604654ec7b790ab0af5af0				
MN771350	MN771350.1	TTV-like mini virus	Betatorquevirus	Anelloviridae	Viruses; Floreoviria; Shotokuvirae; Commensaviricota; Cardeaviricetes; Sanitavirales; Anelloviridae; Betatorquevirus; Betatorquevirus homini36	DNA	linear	2937		Homo sapiens	SAfiA-319-20	false	ncbi-genbank	92fb59431eeb0cbaa91df782c5589448b4c0826fab910e20caa4dc94fca19254				
MN771351	MN771351.1	TTV-like mini virus	Betatorquevirus	Anelloviridae	Viruses; Floreoviria; Shotokuvirae; Commensaviricota; Cardeaviricetes; Sanitavirales; Anelloviridae; Betatorquevirus; Betatorquevirus homini36	DNA	linear	2774		Homo sapiens	SAfiA-324-19	false	ncbi-genbank	bc3c1637a53ba6c23c2a63d89696eb291e05190de5962d457123bde8e454e469				
MN771352	MN771352.1	TTV-like mini virus	Betatorquevirus	Anelloviridae	Viruses; Floreoviria; Shotokuvirae; Commensaviricota; Cardeaviricetes; Sanitavirales; Anelloviridae; Betatorquevirus; Betatorquevirus homini36	DNA	linear	2867		Homo sapiens	SAfiA-335-6	false	ncbi-genbank	aa5d098429a9a4fd25db4b6a2db1a65ac6ed4b0ba3b349fea9a6ccefc9a27ed8				
MN771354	MN771354.1	TTV-like mini virus	Betatorquevirus	Anelloviridae	Viruses; Floreoviria; Shotokuvirae; Commensaviricota; Cardeaviricetes; Sanitavirales; Anelloviridae; Betatorquevirus; Betatorquevirus homini36	DNA	linear	2791		Homo sapiens	SAfiA-346-49	false	ncbi-genbank	b4776e254387d850441bae6642069e1f1747a86696da4e80b49c092694e986c4				
MN771355	MN771355.1	TTV-like mini virus	Betatorquevirus	Anelloviridae	Viruses; Floreoviria; Shotokuvirae; Commensaviricota; Cardeaviricetes; Sanitavirales; Anelloviridae; Betatorquevirus; Betatorquevirus homini36	DNA	linear	2991		Homo sapiens	SAfiA-35-27	false	ncbi-genbank	0f4cfb4330f796c7de29495568935edf5507cabb8244d9d5f4feb3b08ddc73bf				
MN771356	MN771356.1	TTV-like mini virus	Betatorquevirus	Anelloviridae	Viruses; Floreoviria; Shotokuvirae; Commensaviricota; Cardeaviricetes; Sanitavirales; Anelloviridae; Betatorquevirus; Betatorquevirus homini36	DNA	linear	2774		Homo sapiens	SAfiA-353-56	false	ncbi-genbank	5e7b25c9d41edceae5eaeb8c96f44abaeff16eb14b0c6ea6ab48e5bceff03ebc				
MN771357	MN771357.1	TTV-like mini virus	Betatorquevirus	Anelloviridae	Viruses; Floreoviria; Shotokuvirae; Commensaviricota; Cardeaviricetes; Sanitavirales; Anelloviridae; Betatorquevirus; Betatorquevirus homini36	DNA	linear	2797		Homo sapiens	SAfiA-35-82	false	ncbi-genbank	6b9e6c32d48be7c82aa60da0f85c5ccb2199d6ce430139ff110884885cbca39d				
MN771359	MN771359.1	TTV-like mini virus	Betatorquevirus	Anelloviridae	Viruses; Floreoviria; Shotokuvirae; Commensaviricota; Cardeaviricetes; Sanitavirales; Anelloviridae; Betatorquevirus; Betatorquevirus homini36	DNA	linear	2919		Homo sapiens	SAfiA-369-24	false	ncbi-genbank	83ee2913f8db9879d4572476704b03bae08136cf4d91199a4be60d733ae610a4				
MN771360	MN771360.1	TTV-like mini virus	Betatorquevirus	Anelloviridae	Viruses; Floreoviria; Shotokuvirae; Commensaviricota; Cardeaviricetes; Sanitavirales; Anelloviridae; Betatorquevirus; Betatorquevirus homini36	DNA	linear	2914		Homo sapiens	SAfiA-380-47	false	ncbi-genbank	8e94078f6e3dd7031e29c2894006e8f97e7e22643e2fad8f1d26805e73314c65				
MN771361	MN771361.1	TTV-like mini virus	Betatorquevirus	Anelloviridae	Viruses; Floreoviria; Shotokuvirae; Commensaviricota; Cardeaviricetes; Sanitavirales; Anelloviridae; Betatorquevirus; Betatorquevirus homini36	DNA	linear	2816		Homo sapiens	SAfiA-388-153	false	ncbi-genbank	67d438654b258a820ccace90a14ba4066c62994fb09ae6efa49e66aed2311605				
MN771362	MN771362.1	TTV-like mini virus	Betatorquevirus	Anelloviridae	Viruses; Floreoviria; Shotokuvirae; Commensaviricota; Cardeaviricetes; Sanitavirales; Anelloviridae; Betatorquevirus; Betatorquevirus homini36	DNA	linear	2815		Homo sapiens	SAfiA-388-156	false	ncbi-genbank	1d9ceefd0899298e3b53de2750f7521b0bcd1a9f6414c79082f9b6f0389c6039				
MN771364	MN771364.1	TTV-like mini virus	Betatorquevirus	Anelloviridae	Viruses; Floreoviria; Shotokuvirae; Commensaviricota; Cardeaviricetes; Sanitavirales; Anelloviridae; Betatorquevirus; Betatorquevirus homini36	DNA	linear	2792		Homo sapiens	SAfiA-468-12	false	ncbi-genbank	98e05e55a0150ab798e9371f273be38e4479179a956cf5825670f2719d88caf6				
MN771365	MN771365.1	TTV-like mini virus	Betatorquevirus	Anelloviridae	Viruses; Floreoviria; Shotokuvirae; Commensaviricota; Cardeaviricetes; Sanitavirales; Anelloviridae; Betatorquevirus; Betatorquevirus homini36	DNA	linear	2801		Homo sapiens	SAfiA-475-16	false	ncbi-genbank	8bb4c116a044626df6a30296cbba47ce8141033423ed59d4417afc73457a0ae6				
MN771366	MN771366.1	TTV-like mini virus	Betatorquevirus	Anelloviridae	Viruses; Floreoviria; Shotokuvirae; Commensaviricota; Cardeaviricetes; Sanitavirales; Anelloviridae; Betatorquevirus; Betatorquevirus homini36	DNA	linear	2876		Homo sapiens	SAfiA-479-12	false	ncbi-genbank	c5d1db8a1836ef16f0b8f89ab852342b13dfd529af0328496562472bf62c9733				
MN771367	MN771367.1	TTV-like mini virus	Betatorquevirus	Anelloviridae	Viruses; Floreoviria; Shotokuvirae; Commensaviricota; Cardeaviricetes; Sanitavirales; Anelloviridae; Betatorquevirus; Betatorquevirus homini36	DNA	linear	2853		Homo sapiens	SAfiA-552-46	false	ncbi-genbank	f7da89dba7879e6a29dcb6603b400a781ed6eb64aa5b543fc5ca632b37685afb				
MN771370	MN771370.1	TTV-like mini virus	Betatorquevirus	Anelloviridae	Viruses; Floreoviria; Shotokuvirae; Commensaviricota; Cardeaviricetes; Sanitavirales; Anelloviridae; Betatorquevirus; Betatorquevirus homini36	DNA	linear	2835		Homo sapiens	SAfiA-590-73	false	ncbi-genbank	5c406ed4b138694f7c4953fced24a10f9a5a51a2841d67518f0afe076cde22c9				
MN771371	MN771371.1	TTV-like mini virus	Betatorquevirus	Anelloviridae	Viruses; Floreoviria; Shotokuvirae; Commensaviricota; Cardeaviricetes; Sanitavirales; Anelloviridae; Betatorquevirus; Betatorquevirus homini36	DNA	linear	2837		Homo sapiens	SAfiA-593-18	false	ncbi-genbank	87de70a53882d0de2d8a6a6efb7e575d4fa0a16e0d1bc82b0eff2c07cc29b85a				
MN771372	MN771372.1	TTV-like mini virus	Betatorquevirus	Anelloviridae	Viruses; Floreoviria; Shotokuvirae; Commensaviricota; Cardeaviricetes; Sanitavirales; Anelloviridae; Betatorquevirus; Betatorquevirus homini36	DNA	linear	2844		Homo sapiens	SAfiA-595-28	false	ncbi-genbank	53fa2aec698edbf18056f3de942c766a5d44942b7e123a4fa02ff7bfe8179a87				
MN771373	MN771373.1	TTV-like mini virus	Betatorquevirus	Anelloviridae	Viruses; Floreoviria; Shotokuvirae; Commensaviricota; Cardeaviricetes; Sanitavirales; Anelloviridae; Betatorquevirus; Betatorquevirus homini36	DNA	linear	2930		Homo sapiens	SAfiA-61-11	false	ncbi-genbank	28daca9b64e5393c729e3190c38ca2b7372cbc5ce55adef148b825ab6c8b6de0				
MN771374	MN771374.1	TTV-like mini virus	Betatorquevirus	Anelloviridae	Viruses; Floreoviria; Shotokuvirae; Commensaviricota; Cardeaviricetes; Sanitavirales; Anelloviridae; Betatorquevirus; Betatorquevirus homini36	DNA	linear	2872		Homo sapiens	SAfiA-615-669	false	ncbi-genbank	4d6405ee1614af78befd9728dfa9b9fb302a83c29cf074b4196ab3b059c58225				
MN771375	MN771375.1	TTV-like mini virus	Betatorquevirus	Anelloviridae	Viruses; Floreoviria; Shotokuvirae; Commensaviricota; Cardeaviricetes; Sanitavirales; Anelloviridae; Betatorquevirus; Betatorquevirus homini36	DNA	linear	2799		Homo sapiens	SAfiA-626-28	false	ncbi-genbank	22d1fa60745a8be0e3d9075af6ab159b0a6cfaa378e3ecaa2aa9617836625dd2				
MN771376	MN771376.1	TTV-like mini virus	Betatorquevirus	Anelloviridae	Viruses; Floreoviria; Shotokuvirae; Commensaviricota; Cardeaviricetes; Sanitavirales; Anelloviridae; Betatorquevirus; Betatorquevirus homini36	DNA	linear	2869		Homo sapiens	SAfiA-639-1584	false	ncbi-genbank	2bc543de5a96143ffebe5b1a33ec720407abfd51654c76b89168020a6c476728				
MN771378	MN771378.1	TTV-like mini virus	Betatorquevirus	Anelloviridae	Viruses; Floreoviria; Shotokuvirae; Commensaviricota; Cardeaviricetes; Sanitavirales; Anelloviridae; Betatorquevirus; Betatorquevirus homini36	DNA	linear	2833		Homo sapiens	SAfiA-654-6	false	ncbi-genbank	a24ccfaeb523a2aac99d62c8928fa2fcbf8a63a559a3d988eb9eb7ebd7760f3a				
MN771379	MN771379.1	TTV-like mini virus	Betatorquevirus	Anelloviridae	Viruses; Floreoviria; Shotokuvirae; Commensaviricota; Cardeaviricetes; Sanitavirales; Anelloviridae; Betatorquevirus; Betatorquevirus homini36	DNA	linear	2778		Homo sapiens	SAfiA-666-17	false	ncbi-genbank	8e401236c5730899a7503d7e1545aae5e1ab41993aa2c182f61544be3be5a146				
MN771383	MN771383.1	TTV-like mini virus	Betatorquevirus	Anelloviridae	Viruses; Floreoviria; Shotokuvirae; Commensaviricota; Cardeaviricetes; Sanitavirales; Anelloviridae; Betatorquevirus; Betatorquevirus homini36	DNA	linear	2861		Homo sapiens	SAfiA-77-130	false	ncbi-genbank	72bb046ed5f74257c1b4cdb810b70e585a0bbe8e3b346375f002822660ba14d8				
MN771386	MN771386.1	TTV-like mini virus	Betatorquevirus	Anelloviridae	Viruses; Floreoviria; Shotokuvirae; Commensaviricota; Cardeaviricetes; Sanitavirales; Anelloviridae; Betatorquevirus; Betatorquevirus homini36	DNA	linear	2763		Homo sapiens	SAfiA-804-54	false	ncbi-genbank	0c26b1ac1d34db4d2091509c6391f04aaf427dd3ab207236d48febc4b6b39411				
MN771387	MN771387.1	TTV-like mini virus	Betatorquevirus	Anelloviridae	Viruses; Floreoviria; Shotokuvirae; Commensaviricota; Cardeaviricetes; Sanitavirales; Anelloviridae; Betatorquevirus; Betatorquevirus homini36	DNA	linear	2892		Homo sapiens	SAfiA-810-56	false	ncbi-genbank	175c67989e13fdd006acb8e71772b16c264c30d8a0da4110fb13b1f8f37ee68e				
MN771392	MN771392.1	TTV-like mini virus	Betatorquevirus	Anelloviridae	Viruses; Floreoviria; Shotokuvirae; Commensaviricota; Cardeaviricetes; Sanitavirales; Anelloviridae; Betatorquevirus; Betatorquevirus homini36	DNA	linear	2789		Homo sapiens	SAfiA-87-60	false	ncbi-genbank	49a95de82e07f85dd2f177544008f882abdae323b45384c0210aaea975a1460f				
MN771395	MN771395.1	TTV-like mini virus	Betatorquevirus	Anelloviridae	Viruses; Floreoviria; Shotokuvirae; Commensaviricota; Cardeaviricetes; Sanitavirales; Anelloviridae; Betatorquevirus; Betatorquevirus homini36	DNA	linear	2931		Homo sapiens	SAfiA-110-12	false	ncbi-genbank	4511cfacdb36485c477dc8d1f7580554581ade66e024be378c4d6032aca0ec7d				
MN771396	MN771396.1	TTV-like mini virus	Betatorquevirus	Anelloviridae	Viruses; Floreoviria; Shotokuvirae; Commensaviricota; Cardeaviricetes; Sanitavirales; Anelloviridae; Betatorquevirus; Betatorquevirus homini36	DNA	linear	2792		Homo sapiens	SAfiA-113-23	false	ncbi-genbank	89e081b987bbbe805bd4323d4412a554c892b33de201c2a521cae0a1250cf0eb				
MN771398	MN771398.1	TTV-like mini virus	Betatorquevirus	Anelloviridae	Viruses; Floreoviria; Shotokuvirae; Commensaviricota; Cardeaviricetes; Sanitavirales; Anelloviridae; Betatorquevirus; Betatorquevirus homini36	DNA	linear	2841		Homo sapiens	SAfiA-224-32	false	ncbi-genbank	5981419161a5407d8bb98bcd89c89cf5ceba29d5a2a95f075bb3eff5d9cc8d20				
MN771400	MN771400.1	TTV-like mini virus	Betatorquevirus	Anelloviridae	Viruses; Floreoviria; Shotokuvirae; Commensaviricota; Cardeaviricetes; Sanitavirales; Anelloviridae; Betatorquevirus; Betatorquevirus homini36	DNA	linear	2768		Homo sapiens	SAfiA-262-11	false	ncbi-genbank	4c6b6ccdb4f9456faeeb6ca15f9cf4232b8e2a47633ed8ba341ac569d6637392				
MN771401	MN771401.1	TTV-like mini virus	Betatorquevirus	Anelloviridae	Viruses; Floreoviria; Shotokuvirae; Commensaviricota; Cardeaviricetes; Sanitavirales; Anelloviridae; Betatorquevirus; Betatorquevirus homini36	DNA	linear	2828		Homo sapiens	SAfiA-266-17	false	ncbi-genbank	6175de09f3be4796cabd24a7f50b4090c1d4c2be30c889cf14a7ccdb1d3dc67d				
MN771404	MN771404.1	TTV-like mini virus	Betatorquevirus	Anelloviridae	Viruses; Floreoviria; Shotokuvirae; Commensaviricota; Cardeaviricetes; Sanitavirales; Anelloviridae; Betatorquevirus; Betatorquevirus homini36	DNA	linear	2837		Homo sapiens	SAfiA-297-107	false	ncbi-genbank	5bccdf1a54bef24e908efe06d9b25fa02583ae92378d60fb8b7620c3f7046b00				
MN771405	MN771405.1	TTV-like mini virus	Betatorquevirus	Anelloviridae	Viruses; Floreoviria; Shotokuvirae; Commensaviricota; Cardeaviricetes; Sanitavirales; Anelloviridae; Betatorquevirus; Betatorquevirus homini36	DNA	linear	2956		Homo sapiens	SAfiA-300-15	false	ncbi-genbank	54a4e7f3ebfa4729f5e1b9be3871f548d0866039650ac2083aa6307678d40be9				
MN771406	MN771406.1	TTV-like mini virus	Betatorquevirus	Anelloviridae	Viruses; Floreoviria; Shotokuvirae; Commensaviricota; Cardeaviricetes; Sanitavirales; Anelloviridae; Betatorquevirus; Betatorquevirus homini36	DNA	linear	2756		Homo sapiens	SAfiA-300-26	false	ncbi-genbank	423ceb7a485e9a78912d52530dbc274c0e6ced6f446be43d8b3af79efe3e11a8				
MN771408	MN771408.1	TTV-like mini virus	Betatorquevirus	Anelloviridae	Viruses; Floreoviria; Shotokuvirae; Commensaviricota; Cardeaviricetes; Sanitavirales; Anelloviridae; Betatorquevirus; Betatorquevirus homini36	DNA	linear	2851		Homo sapiens	SAfiA-314-22	false	ncbi-genbank	afaec32d91cdba60487949436e3533bbc28777f454cec273d13eb25f5fc47000				
MN771409	MN771409.1	TTV-like mini virus	Betatorquevirus	Anelloviridae	Viruses; Floreoviria; Shotokuvirae; Commensaviricota; Cardeaviricetes; Sanitavirales; Anelloviridae; Betatorquevirus; Betatorquevirus homini36	DNA	linear	2769		Homo sapiens	SAfiA-316-34	false	ncbi-genbank	267c85bb799c88295c704e517bfb7f1479579a3d44f89e882eb47993f1472452				
MN771410	MN771410.1	TTV-like mini virus	Betatorquevirus	Anelloviridae	Viruses; Floreoviria; Shotokuvirae; Commensaviricota; Cardeaviricetes; Sanitavirales; Anelloviridae; Betatorquevirus; Betatorquevirus homini36	DNA	linear	2885		Homo sapiens	SAfiA-317-11	false	ncbi-genbank	5dde965a05838ee99eed7d7f32b5bbc9ae39b394f0bf51792d12310d69029d61				
MN771411	MN771411.1	TTV-like mini virus	Betatorquevirus	Anelloviridae	Viruses; Floreoviria; Shotokuvirae; Commensaviricota; Cardeaviricetes; Sanitavirales; Anelloviridae; Betatorquevirus; Betatorquevirus homini36	DNA	linear	2798		Homo sapiens	SAfiA-334-30	false	ncbi-genbank	60b1dccd2c2f0d8ba991b3d6354e8312e9495f80056beeeb33f5f410db659830				
MN771415	MN771415.1	TTV-like mini virus	Betatorquevirus	Anelloviridae	Viruses; Floreoviria; Shotokuvirae; Commensaviricota; Cardeaviricetes; Sanitavirales; Anelloviridae; Betatorquevirus; Betatorquevirus homini36	DNA	linear	2810		Homo sapiens	SAfiA-352-28	false	ncbi-genbank	3bc6a96b2d4f65e3e3e4ffe449ff2cb3eefe67fc1eed52a5556b6d93e2b617a3				
MN771416	MN771416.1	TTV-like mini virus	Betatorquevirus	Anelloviridae	Viruses; Floreoviria; Shotokuvirae; Commensaviricota; Cardeaviricetes; Sanitavirales; Anelloviridae; Betatorquevirus; Betatorquevirus homini36	DNA	linear	2935		Homo sapiens	SAfiA-35-31	false	ncbi-genbank	d5f1aca52131c625c15be6879dc91bcf7ad047fb487ddcd02b18466a8149906b				
MN771418	MN771418.1	TTV-like mini virus	Betatorquevirus	Anelloviridae	Viruses; Floreoviria; Shotokuvirae; Commensaviricota; Cardeaviricetes; Sanitavirales; Anelloviridae; Betatorquevirus; Betatorquevirus homini36	DNA	linear	2799		Homo sapiens	SAfiA-35-78	false	ncbi-genbank	56370e85811f37543a01e0afebfbb8346e64630db414e76190cf49f47880560b				
MN771419	MN771419.1	TTV-like mini virus	Betatorquevirus	Anelloviridae	Viruses; Floreoviria; Shotokuvirae; Commensaviricota; Cardeaviricetes; Sanitavirales; Anelloviridae; Betatorquevirus; Betatorquevirus homini36	DNA	linear	2818		Homo sapiens	SAfiA-367-39	false	ncbi-genbank	496be8c1760e47095e995dd4913b48c9dba8fd4101a67c5cec9f1836d2ebd263				
MN771421	MN771421.1	TTV-like mini virus	Betatorquevirus	Anelloviridae	Viruses; Floreoviria; Shotokuvirae; Commensaviricota; Cardeaviricetes; Sanitavirales; Anelloviridae; Betatorquevirus; Betatorquevirus homini36	DNA	linear	2893		Homo sapiens	SAfiA-370-6	false	ncbi-genbank	9aff0c11b251d6dbc2f39f3aa457e335541b553d0d42a9b513878b75446a1d53				
MN771423	MN771423.1	TTV-like mini virus	Betatorquevirus	Anelloviridae	Viruses; Floreoviria; Shotokuvirae; Commensaviricota; Cardeaviricetes; Sanitavirales; Anelloviridae; Betatorquevirus; Betatorquevirus homini36	DNA	linear	2872		Homo sapiens	SAfiA-380-32	false	ncbi-genbank	1cdff0067b77d73504a3c91401e8c36ee9daf64db5ded5d6be1be88b8e324bb1				
MN771425	MN771425.1	TTV-like mini virus	Betatorquevirus	Anelloviridae	Viruses; Floreoviria; Shotokuvirae; Commensaviricota; Cardeaviricetes; Sanitavirales; Anelloviridae; Betatorquevirus; Betatorquevirus homini36	DNA	linear	2813		Homo sapiens	SAfiA-380-71	false	ncbi-genbank	f95d17dbb8018ff2baff3a5983be365fbb0647483c2d75555adef8cdc56ac891				
MN771426	MN771426.1	TTV-like mini virus	Betatorquevirus	Anelloviridae	Viruses; Floreoviria; Shotokuvirae; Commensaviricota; Cardeaviricetes; Sanitavirales; Anelloviridae; Betatorquevirus; Betatorquevirus homini36	DNA	linear	2797		Homo sapiens	SAfiA-380-77	false	ncbi-genbank	1e56a8d1565a47670f2872bde4e499e3529d470471d2e52016839850e0dc0dfc				
MN771428	MN771428.1	TTV-like mini virus	Betatorquevirus	Anelloviridae	Viruses; Floreoviria; Shotokuvirae; Commensaviricota; Cardeaviricetes; Sanitavirales; Anelloviridae; Betatorquevirus; Betatorquevirus homini36	DNA	linear	2897		Homo sapiens	SAfiA-388-124	false	ncbi-genbank	85febfbd41beb6d8c60cb9d8caf4137cef1ac84cb001f956c630d9c21556ffb6				
MN771429	MN771429.1	TTV-like mini virus	Betatorquevirus	Anelloviridae	Viruses; Floreoviria; Shotokuvirae; Commensaviricota; Cardeaviricetes; Sanitavirales; Anelloviridae; Betatorquevirus; Betatorquevirus homini36	DNA	linear	2817		Homo sapiens	SAfiA-388-151	false	ncbi-genbank	9826c4c4b73e51d0ba7d3d9aaea05ec1f7255ff0d0857f253b8487ecb40233b9				
MN771431	MN771431.1	TTV-like mini virus	Betatorquevirus	Anelloviridae	Viruses; Floreoviria; Shotokuvirae; Commensaviricota; Cardeaviricetes; Sanitavirales; Anelloviridae; Betatorquevirus; Betatorquevirus homini36	DNA	linear	2883		Homo sapiens	SAfiA-401-20	false	ncbi-genbank	bdc3a22c9b18de544309c78126b87d1c7a4f0fd16d40b2c728785e52f1591f1d				
MN771432	MN771432.1	TTV-like mini virus	Betatorquevirus	Anelloviridae	Viruses; Floreoviria; Shotokuvirae; Commensaviricota; Cardeaviricetes; Sanitavirales; Anelloviridae; Betatorquevirus; Betatorquevirus homini36	DNA	linear	2738		Homo sapiens	SAfiA-402-43	false	ncbi-genbank	ba5ae2f1c86ad98e5ad9a07b745d195f92d8dbbd3834c2ea6f506f713668865c				
MN771438	MN771438.1	TTV-like mini virus	Betatorquevirus	Anelloviridae	Viruses; Floreoviria; Shotokuvirae; Commensaviricota; Cardeaviricetes; Sanitavirales; Anelloviridae; Betatorquevirus; Betatorquevirus homini36	DNA	linear	2834		Homo sapiens	SAfiA-462-3	false	ncbi-genbank	f18af767bfbe9205a70c4200de2e7f67a63a927c110d0aace461cb6c2cacf19e				
MN771443	MN771443.1	TTV-like mini virus	Betatorquevirus	Anelloviridae	Viruses; Floreoviria; Shotokuvirae; Commensaviricota; Cardeaviricetes; Sanitavirales; Anelloviridae; Betatorquevirus; Betatorquevirus homini36	DNA	linear	2819		Homo sapiens	SAfiA-511-15	false	ncbi-genbank	4de95e176d7430303420d6ae6657c7e3d8e8f319a4294ddb0e68656e05ad4759				
MN771444	MN771444.1	TTV-like mini virus	Betatorquevirus	Anelloviridae	Viruses; Floreoviria; Shotokuvirae; Commensaviricota; Cardeaviricetes; Sanitavirales; Anelloviridae; Betatorquevirus; Betatorquevirus homini36	DNA	linear	2846		Homo sapiens	SAfiA-51-25	false	ncbi-genbank	9f801e9e5959f1772510f011cfa43ff1d3754d5a606eb16e0c512c37d34dccc7				
MN771445	MN771445.1	TTV-like mini virus	Betatorquevirus	Anelloviridae	Viruses; Floreoviria; Shotokuvirae; Commensaviricota; Cardeaviricetes; Sanitavirales; Anelloviridae; Betatorquevirus; Betatorquevirus homini36	DNA	linear	2890		Homo sapiens	SAfiA-514-27	false	ncbi-genbank	d80cc7020ab2085abeab35b2750f4109f5952fd81399d79a01005ef56caa429d				
MN771447	MN771447.1	TTV-like mini virus	Betatorquevirus	Anelloviridae	Viruses; Floreoviria; Shotokuvirae; Commensaviricota; Cardeaviricetes; Sanitavirales; Anelloviridae; Betatorquevirus; Betatorquevirus homini36	DNA	linear	2849		Homo sapiens	SAfiA-525-1	false	ncbi-genbank	1ca3789eab9682d0372708d48606e2381a24c88c08791410beaed291b34ecc6a				
MN771450	MN771450.1	TTV-like mini virus	Betatorquevirus	Anelloviridae	Viruses; Floreoviria; Shotokuvirae; Commensaviricota; Cardeaviricetes; Sanitavirales; Anelloviridae; Betatorquevirus; Betatorquevirus homini36	DNA	linear	2773		Homo sapiens	SAfiA-546-19	false	ncbi-genbank	fd8f499602d7e6ffaa7265a8d04cf1b3d6e635130e45f08f295df852751cf5e6				
MN771452	MN771452.1	TTV-like mini virus	Betatorquevirus	Anelloviridae	Viruses; Floreoviria; Shotokuvirae; Commensaviricota; Cardeaviricetes; Sanitavirales; Anelloviridae; Betatorquevirus; Betatorquevirus homini36	DNA	linear	2782		Homo sapiens	SAfiA-552-53	false	ncbi-genbank	46000b818b6ba7bf1247ac0074a2cfd9fd72857ca11b439cae9cd6b35ac9d723				
MN771453	MN771453.1	TTV-like mini virus	Betatorquevirus	Anelloviridae	Viruses; Floreoviria; Shotokuvirae; Commensaviricota; Cardeaviricetes; Sanitavirales; Anelloviridae; Betatorquevirus; Betatorquevirus homini36	DNA	linear	2911		Homo sapiens	SAfiA-563-15	false	ncbi-genbank	76879da013aef8fa47fdc2067c5d7e04caac94150150c480109efdd957577f0c				
MN771455	MN771455.1	TTV-like mini virus	Betatorquevirus	Anelloviridae	Viruses; Floreoviria; Shotokuvirae; Commensaviricota; Cardeaviricetes; Sanitavirales; Anelloviridae; Betatorquevirus; Betatorquevirus homini36	DNA	linear	2818		Homo sapiens	SAfiA-572-35	false	ncbi-genbank	73fc8a95db05d3f41e05636ee77e8d3ad8982174553a74d9b4fe16eae599f9b7				
MN771456	MN771456.1	TTV-like mini virus	Betatorquevirus	Anelloviridae	Viruses; Floreoviria; Shotokuvirae; Commensaviricota; Cardeaviricetes; Sanitavirales; Anelloviridae; Betatorquevirus; Betatorquevirus homini36	DNA	linear	2777		Homo sapiens	SAfiA-57-43	false	ncbi-genbank	fca309e40c6f1fe132971e437b55faca12731bd4d38fe6972fb87b432ca7219a				
MN771457	MN771457.1	TTV-like mini virus	Betatorquevirus	Anelloviridae	Viruses; Floreoviria; Shotokuvirae; Commensaviricota; Cardeaviricetes; Sanitavirales; Anelloviridae; Betatorquevirus; Betatorquevirus homini36	DNA	linear	2898		Homo sapiens	SAfiA-577-78	false	ncbi-genbank	d5f3cd2f43407b8046d18c64a602a10ccf61e1145c01fe6080c43c5017246f99				
MN771459	MN771459.1	TTV-like mini virus	Betatorquevirus	Anelloviridae	Viruses; Floreoviria; Shotokuvirae; Commensaviricota; Cardeaviricetes; Sanitavirales; Anelloviridae; Betatorquevirus; Betatorquevirus homini36	DNA	linear	2869		Homo sapiens	SAfiA-578-15	false	ncbi-genbank	e9487d72194a698f23ea4bf0efa78ce435836ec9227e450d15868c5ddaa8a273				
MN771460	MN771460.1	TTV-like mini virus	Betatorquevirus	Anelloviridae	Viruses; Floreoviria; Shotokuvirae; Commensaviricota; Cardeaviricetes; Sanitavirales; Anelloviridae; Betatorquevirus; Betatorquevirus homini36	DNA	linear	2894		Homo sapiens	SAfiA-581-36	false	ncbi-genbank	03203064ec8f069f54455ff2cf06dd7a7c05b7ba82291f1cfba2613f7d21c059				
MN771461	MN771461.1	TTV-like mini virus	Betatorquevirus	Anelloviridae	Viruses; Floreoviria; Shotokuvirae; Commensaviricota; Cardeaviricetes; Sanitavirales; Anelloviridae; Betatorquevirus; Betatorquevirus homini36	DNA	linear	2770		Homo sapiens	SAfiA-581-53	false	ncbi-genbank	52c5608a03006ae15f256bf047743ccb1bd65f830077ecdf6d40a4d2dd7b17d4				
MN771464	MN771464.1	TTV-like mini virus	Betatorquevirus	Anelloviridae	Viruses; Floreoviria; Shotokuvirae; Commensaviricota; Cardeaviricetes; Sanitavirales; Anelloviridae; Betatorquevirus; Betatorquevirus homini36	DNA	linear	2817		Homo sapiens	SAfiA-587-106	false	ncbi-genbank	bfcd33c130a196b68228899fe9dce721ba29569cb10748064949011298d32db0				
MN771465	MN771465.1	TTV-like mini virus	Betatorquevirus	Anelloviridae	Viruses; Floreoviria; Shotokuvirae; Commensaviricota; Cardeaviricetes; Sanitavirales; Anelloviridae; Betatorquevirus; Betatorquevirus homini36	DNA	linear	2808		Homo sapiens	SAfiA-587-13	false	ncbi-genbank	6ae743594f323704d30f7e8490b63b2b4dccf3d5e952d8de59e5143f94ad218a				
MN771466	MN771466.1	TTV-like mini virus	Betatorquevirus	Anelloviridae	Viruses; Floreoviria; Shotokuvirae; Commensaviricota; Cardeaviricetes; Sanitavirales; Anelloviridae; Betatorquevirus; Betatorquevirus homini36	DNA	linear	2797		Homo sapiens	SAfiA-587-281	false	ncbi-genbank	9f08cb60aeff6db65767e5c406708d322a325d654cb61f0ac885ac443c7b6de7				
MN771468	MN771468.1	TTV-like mini virus	Betatorquevirus	Anelloviridae	Viruses; Floreoviria; Shotokuvirae; Commensaviricota; Cardeaviricetes; Sanitavirales; Anelloviridae; Betatorquevirus; Betatorquevirus homini36	DNA	linear	2775		Homo sapiens	SAfiA-590-18	false	ncbi-genbank	3b526a64dca9c67a58b73b3834002c5549b566bd27081d55aa693f892ab56848				
MN771470	MN771470.1	TTV-like mini virus	Betatorquevirus	Anelloviridae	Viruses; Floreoviria; Shotokuvirae; Commensaviricota; Cardeaviricetes; Sanitavirales; Anelloviridae; Betatorquevirus; Betatorquevirus homini36	DNA	linear	2817		Homo sapiens	SAfiA-590-84	false	ncbi-genbank	4cdc08298b7eac4f83f39c3f9bb4544a4395de36f96faabf0dab70200a5a78ed				
MN771471	MN771471.1	TTV-like mini virus	Betatorquevirus	Anelloviridae	Viruses; Floreoviria; Shotokuvirae; Commensaviricota; Cardeaviricetes; Sanitavirales; Anelloviridae; Betatorquevirus; Betatorquevirus homini36	DNA	linear	2737		Homo sapiens	SAfiA-590-90	false	ncbi-genbank	688792ec8eb5e56fb4f9b46471575791fbf5757a8f644b97cbd246d875a91af9				
MN771472	MN771472.1	TTV-like mini virus	Betatorquevirus	Anelloviridae	Viruses; Floreoviria; Shotokuvirae; Commensaviricota; Cardeaviricetes; Sanitavirales; Anelloviridae; Betatorquevirus; Betatorquevirus homini36	DNA	linear	2910		Homo sapiens	SAfiA-595-13	false	ncbi-genbank	0b742d05f3fba8f4fb1def234b397b2a3bd42cd874f1399878478f87d61e18a4				
MN771474	MN771474.1	TTV-like mini virus	Betatorquevirus	Anelloviridae	Viruses; Floreoviria; Shotokuvirae; Commensaviricota; Cardeaviricetes; Sanitavirales; Anelloviridae; Betatorquevirus; Betatorquevirus homini36	DNA	linear	2778		Homo sapiens	SAfiA-611-175	false	ncbi-genbank	dbe673cfb9be5450a6eecdfe201b61d41e9e88caa55e2ab246a42a0de62653ee				
MN771479	MN771479.1	TTV-like mini virus	Betatorquevirus	Anelloviridae	Viruses; Floreoviria; Shotokuvirae; Commensaviricota; Cardeaviricetes; Sanitavirales; Anelloviridae; Betatorquevirus; Betatorquevirus homini36	DNA	linear	2863		Homo sapiens	SAfiA-626-23	false	ncbi-genbank	abcac08d94fb57a2c9d834719da56425d73a51c1b99f5af3c1ae9fea66233d00				
MN771481	MN771481.1	TTV-like mini virus	Betatorquevirus	Anelloviridae	Viruses; Floreoviria; Shotokuvirae; Commensaviricota; Cardeaviricetes; Sanitavirales; Anelloviridae; Betatorquevirus; Betatorquevirus homini36	DNA	linear	2739		Homo sapiens	SAfiA-628-67	false	ncbi-genbank	75b0dfb0c545f2ceeee72ed981f54b5c3a7286c8815bffaa4ea3b2a1cb25cc2c				
MN771486	MN771486.1	TTV-like mini virus	Betatorquevirus	Anelloviridae	Viruses; Floreoviria; Shotokuvirae; Commensaviricota; Cardeaviricetes; Sanitavirales; Anelloviridae; Betatorquevirus; Betatorquevirus homini36	DNA	linear	2843		Homo sapiens	SAfiA-651-32	false	ncbi-genbank	f4562a35d14d191f6b6a6c9d40ef5ebe350493e49cdfbb1759da1022aab90268				
MN771495	MN771495.1	TTV-like mini virus	Betatorquevirus	Anelloviridae	Viruses; Floreoviria; Shotokuvirae; Commensaviricota; Cardeaviricetes; Sanitavirales; Anelloviridae; Betatorquevirus; Betatorquevirus homini36	DNA	linear	2918		Homo sapiens	SAfiA-724-7	false	ncbi-genbank	f5b5d86eccb625f25fff9edf4f9dc034ae9d1177b328b1056c8555a484829a30				
MN771496	MN771496.1	TTV-like mini virus	Betatorquevirus	Anelloviridae	Viruses; Floreoviria; Shotokuvirae; Commensaviricota; Cardeaviricetes; Sanitavirales; Anelloviridae; Betatorquevirus; Betatorquevirus homini36	DNA	linear	2808		Homo sapiens	SAfiA-727-6	false	ncbi-genbank	44c11441535470bf25bbd27c872a3d6443cb282393669fdb96f934b251941dc4				
MN771499	MN771499.1	TTV-like mini virus	Betatorquevirus	Anelloviridae	Viruses; Floreoviria; Shotokuvirae; Commensaviricota; Cardeaviricetes; Sanitavirales; Anelloviridae; Betatorquevirus; Betatorquevirus homini36	DNA	linear	2957		Homo sapiens	SAfiA-766-277	false	ncbi-genbank	8057ac24def8868894df33d2b76670ce69fa891dc905f254b5206a9fa5c9f8a9				
MN771500	MN771500.1	TTV-like mini virus	Betatorquevirus	Anelloviridae	Viruses; Floreoviria; Shotokuvirae; Commensaviricota; Cardeaviricetes; Sanitavirales; Anelloviridae; Betatorquevirus; Betatorquevirus homini36	DNA	linear	2903		Homo sapiens	SAfiA-766-286	false	ncbi-genbank	bf98eae5fc0ae67256f29e92301fa1df51141c7d22dfa86c22dd81b6912e0419				
MN771501	MN771501.1	TTV-like mini virus	Betatorquevirus	Anelloviridae	Viruses; Floreoviria; Shotokuvirae; Commensaviricota; Cardeaviricetes; Sanitavirales; Anelloviridae; Betatorquevirus; Betatorquevirus homini36	DNA	linear	2882		Homo sapiens	SAfiA-77-109	false	ncbi-genbank	da15ff861cb8252e9c8a3d0c601e5535fc83c6791d299a358867f10022825633				
MN771504	MN771504.1	TTV-like mini virus	Betatorquevirus	Anelloviridae	Viruses; Floreoviria; Shotokuvirae; Commensaviricota; Cardeaviricetes; Sanitavirales; Anelloviridae; Betatorquevirus; Betatorquevirus homini36	DNA	linear	2701		Homo sapiens	SAfiA-810-69	false	ncbi-genbank	a4b22d8a35b01537b41e48d0eab080d5414740127a020f50a9487726f6408989				
MN771505	MN771505.1	TTV-like mini virus	Betatorquevirus	Anelloviridae	Viruses; Floreoviria; Shotokuvirae; Commensaviricota; Cardeaviricetes; Sanitavirales; Anelloviridae; Betatorquevirus; Betatorquevirus homini36	DNA	linear	2869		Homo sapiens	SAfiA-812-68	false	ncbi-genbank	e8bdbc98f196271e8cb3ba97b0431eafd728ed2b0257865be7e292cfc5bb9c9a				
MN771510	MN771510.1	TTV-like mini virus	Betatorquevirus	Anelloviridae	Viruses; Floreoviria; Shotokuvirae; Commensaviricota; Cardeaviricetes; Sanitavirales; Anelloviridae; Betatorquevirus; Betatorquevirus homini36	DNA	linear	2824		Homo sapiens	SAfiA-87-46	false	ncbi-genbank	21c79174d6d3c84c511c08b1ba410bafc537682276a802cffecea503f87a6b6d				
MN771511	MN771511.1	TTV-like mini virus	Betatorquevirus	Anelloviridae	Viruses; Floreoviria; Shotokuvirae; Commensaviricota; Cardeaviricetes; Sanitavirales; Anelloviridae; Betatorquevirus; Betatorquevirus homini36	DNA	linear	2865		Homo sapiens	SAfiA-88-20	false	ncbi-genbank	7e663b81f3c40c77b0c8d44d15393589461baa18f5da6abb341aab027f885286				
MN771514	MN771514.1	TTV-like mini virus	Betatorquevirus	Anelloviridae	Viruses; Floreoviria; Shotokuvirae; Commensaviricota; Cardeaviricetes; Sanitavirales; Anelloviridae; Betatorquevirus; Betatorquevirus homini36	DNA	linear	2917		Homo sapiens	SAfiA-388-83	false	ncbi-genbank	edbfcb0ca48a96ae55af54228946f4fa523cd3218b805bec7a0034d0f6e9322e				
MT783403	MT783403.1	TTV-like mini virus	Betatorquevirus	Anelloviridae	Viruses; Floreoviria; Shotokuvirae; Commensaviricota; Cardeaviricetes; Sanitavirales; Anelloviridae; Betatorquevirus; Betatorquevirus homini36	DNA	linear	2897		Homo sapiens	ydyzj-2020	false	ncbi-genbank	8df6c002c62c1a81c3743ecb1d64b407f6124666cd211515642ef993a000bf37				
OR197588	OR197588.1	TTV-like mini virus	Betatorquevirus	Anelloviridae	Viruses; Floreoviria; Shotokuvirae; Commensaviricota; Cardeaviricetes; Sanitavirales; Anelloviridae; Betatorquevirus; Betatorquevirus homini36	DNA	circular	2857		Homo sapiens	HIMFG	false	ncbi-genbank	be4dedab659bc4776b0628359facd5782e127acdb71e5c61773c380caf25c13a				
AB303555	AB303555.1	Torque teno midi virus		Anelloviridae	Viruses; Floreoviria; Shotokuvirae; Commensaviricota; Cardeaviricetes; Sanitavirales; Anelloviridae	DNA	circular	3205		Homo sapiens	MDJHem5	false	ncbi-genbank	55f6fb65734a68c92d2cc3586abf5940e97417c42baa74ea2e3ce6a43d51d4c1				
AB303556	AB303556.1	Torque teno midi virus		Anelloviridae	Viruses; Floreoviria; Shotokuvirae; Commensaviricota; Cardeaviricetes; Sanitavirales; Anelloviridae	DNA	circular	3200		Homo sapiens	MDJHem8-1	false	ncbi-genbank	96d80b90905c0f58bee9e4c3c40214b41e1b85b8a31ba3d4713d445e06dcf6f5				
AB303557	AB303557.1	Torque teno midi virus		Anelloviridae	Viruses; Floreoviria; Shotokuvirae; Commensaviricota; Cardeaviricetes; Sanitavirales; Anelloviridae	DNA	circular	3204		Homo sapiens	MDJHem8-2	false	ncbi-genbank	71459fe2d3b119107fcf7b8a70e723ac03a0220ad7c4f897f1bbc265417e8333				
AB303563	AB303563.1	Torque teno midi virus		Anelloviridae	Viruses; Floreoviria; Shotokuvirae; Commensaviricota; Cardeaviricetes; Sanitavirales; Anelloviridae	DNA	circular	3200		Homo sapiens	MDJN52	false	ncbi-genbank	5803b4f648ff73ba7eb73bcba99aedc336818e13babc33eb95e6885894b8078d				
AB303565	AB303565.1	Torque teno midi virus		Anelloviridae	Viruses; Floreoviria; Shotokuvirae; Commensaviricota; Cardeaviricetes; Sanitavirales; Anelloviridae	DNA	circular	3183		Homo sapiens	MDJN91	false	ncbi-genbank	659c1c55f85152d2649e18e1f76109b1490e1373a810d176dc38892cbc12417b				
MN774928	MN774928.1	Torque teno midi virus		Anelloviridae	Viruses; Floreoviria; Shotokuvirae; Commensaviricota; Cardeaviricetes; Sanitavirales; Anelloviridae	DNA	linear	3043		Homo sapiens	SAfiA-388-8	false	ncbi-genbank	5dafa59090dda54c4d5603c213a555303d2481588c153551e8e6abbca3feaf1b				
MN774929	MN774929.1	Torque teno midi virus		Anelloviridae	Viruses; Floreoviria; Shotokuvirae; Commensaviricota; Cardeaviricetes; Sanitavirales; Anelloviridae	DNA	linear	3053		Homo sapiens	SAfiA-361-6	false	ncbi-genbank	636dabc910dca300c22e6ead63ceb562b9634af47a865b1d08b1aa98ad3b7b62				
MN774930	MN774930.1	Torque teno midi virus		Anelloviridae	Viruses; Floreoviria; Shotokuvirae; Commensaviricota; Cardeaviricetes; Sanitavirales; Anelloviridae	DNA	linear	3037		Homo sapiens	SAfiA-542-8	false	ncbi-genbank	58ae18373ea710f15c696b8b790dfa6ada60d491f5e22c36163d03c952f23ce8				
MN774933	MN774933.1	Torque teno midi virus		Anelloviridae	Viruses; Floreoviria; Shotokuvirae; Commensaviricota; Cardeaviricetes; Sanitavirales; Anelloviridae	DNA	linear	3038		Homo sapiens	SAfiA-398-7	false	ncbi-genbank	3afc4e58a71ba73e0b195258c7a2ad3264b349dece9d3f3b9c7f86a7202ccd06				
MN774934	MN774934.1	Torque teno midi virus		Anelloviridae	Viruses; Floreoviria; Shotokuvirae; Commensaviricota; Cardeaviricetes; Sanitavirales; Anelloviridae	DNA	linear	3033		Homo sapiens	SAfiA-521-5	false	ncbi-genbank	49aca9fdd8bf7e86ce36058ccfbd34b0e5885b1841165546697a6bcf8bf44800				
MN774935	MN774935.1	Torque teno midi virus		Anelloviridae	Viruses; Floreoviria; Shotokuvirae; Commensaviricota; Cardeaviricetes; Sanitavirales; Anelloviridae	DNA	linear	2642		Homo sapiens	SAfiA-861-232	false	ncbi-genbank	b702b2d16a99da2b84d01df66d4c7e53d301bbdd5062560512d76402e08032ad				
MN774936	MN774936.1	Torque teno midi virus		Anelloviridae	Viruses; Floreoviria; Shotokuvirae; Commensaviricota; Cardeaviricetes; Sanitavirales; Anelloviridae	DNA	linear	3065		Homo sapiens	SAfiA-362-29	false	ncbi-genbank	6383aef67432ae85af80a2632c488b8e51af9e64e1f382c3bed36eba805564c3				
MN774937	MN774937.1	Torque teno midi virus		Anelloviridae	Viruses; Floreoviria; Shotokuvirae; Commensaviricota; Cardeaviricetes; Sanitavirales; Anelloviridae	DNA	linear	3072		Homo sapiens	SAfiA-768-12	false	ncbi-genbank	4fc37dcf4a82f65e29230f9245440ea053f7e8ec4ee75bea0f1e79e77f9495da				
MN774938	MN774938.1	Torque teno midi virus		Anelloviridae	Viruses; Floreoviria; Shotokuvirae; Commensaviricota; Cardeaviricetes; Sanitavirales; Anelloviridae	DNA	linear	3228		Homo sapiens	SAfiA-355-3	false	ncbi-genbank	67fd861f57f6b4330644c20c623d6a204b0232859a9d98de9ed642ea9940e44d				
MN774940	MN774940.1	Torque teno midi virus		Anelloviridae	Viruses; Floreoviria; Shotokuvirae; Commensaviricota; Cardeaviricetes; Sanitavirales; Anelloviridae	DNA	linear	3229		Homo sapiens	SAfiA-108-10	false	ncbi-genbank	74d485aef9300ef939b07bb41047d4c0e82af40605f03460f1ca93c66754a09c				
MN774941	MN774941.1	Torque teno midi virus		Anelloviridae	Viruses; Floreoviria; Shotokuvirae; Commensaviricota; Cardeaviricetes; Sanitavirales; Anelloviridae	DNA	linear	3220		Homo sapiens	SAfiA-364-0	false	ncbi-genbank	6cf7e543e25e62818aa99ae657a9b5cae2b96d19a92b16305349ed9549ba8d13				
MN774942	MN774942.1	Torque teno midi virus		Anelloviridae	Viruses; Floreoviria; Shotokuvirae; Commensaviricota; Cardeaviricetes; Sanitavirales; Anelloviridae	DNA	linear	3179		Homo sapiens	SAfiA-498-1	false	ncbi-genbank	b0f38d7369e2d06c87a8b27b0ea18d671536ecb09fe931149521406400b979c8				
MN774943	MN774943.1	Torque teno midi virus		Anelloviridae	Viruses; Floreoviria; Shotokuvirae; Commensaviricota; Cardeaviricetes; Sanitavirales; Anelloviridae	DNA	linear	3181		Homo sapiens	SAfiA-391-3	false	ncbi-genbank	2244f20dbaa3c2d896131ae99cda32fbeaafe25891b48e5774a2e3e49abc6df9				
MN774944	MN774944.1	Torque teno midi virus		Anelloviridae	Viruses; Floreoviria; Shotokuvirae; Commensaviricota; Cardeaviricetes; Sanitavirales; Anelloviridae	DNA	linear	3195		Homo sapiens	SAfiA-336-2	false	ncbi-genbank	d07b25f150b87f22863b6e64304eb73d3fe6de6e29c578263b8641f27af45ed0				
MN774945	MN774945.1	Torque teno midi virus		Anelloviridae	Viruses; Floreoviria; Shotokuvirae; Commensaviricota; Cardeaviricetes; Sanitavirales; Anelloviridae	DNA	linear	3019		Homo sapiens	SAfiA-116-48	false	ncbi-genbank	b22bb896a7b93334af89a64eccda14c9ce219e8f62aaa484d80e511923aa1f57				
MN774948	MN774948.1	Torque teno midi virus		Anelloviridae	Viruses; Floreoviria; Shotokuvirae; Commensaviricota; Cardeaviricetes; Sanitavirales; Anelloviridae	DNA	linear	3191		Homo sapiens	SAfiA-355-4	false	ncbi-genbank	b083b9f9d23cf6347e8ef92661494739bbf5a89559cc3c652eb5458543ef80b1				
MN774949	MN774949.1	Torque teno midi virus		Anelloviridae	Viruses; Floreoviria; Shotokuvirae; Commensaviricota; Cardeaviricetes; Sanitavirales; Anelloviridae	DNA	linear	3185		Homo sapiens	SAfiA-389-3	false	ncbi-genbank	28669c7c62f9a10692a8bb329b2828ae7aea9b12a3221ff322482a1698831e58				
MN774950	MN774950.1	Torque teno midi virus		Anelloviridae	Viruses; Floreoviria; Shotokuvirae; Commensaviricota; Cardeaviricetes; Sanitavirales; Anelloviridae	DNA	linear	3198		Homo sapiens	SAfiA-131-3	false	ncbi-genbank	508d160f66b067c819027b65edd376edaeaac90155e85ae0bcbeaf08135de206				
MN774951	MN774951.1	Torque teno midi virus		Anelloviridae	Viruses; Floreoviria; Shotokuvirae; Commensaviricota; Cardeaviricetes; Sanitavirales; Anelloviridae	DNA	linear	3207		Homo sapiens	SAfiA-252-4	false	ncbi-genbank	faef74d1cec172c8d3624fc5174aee568f7e3345da5816d0c3a5e011603f531f				
MN774952	MN774952.1	Torque teno midi virus		Anelloviridae	Viruses; Floreoviria; Shotokuvirae; Commensaviricota; Cardeaviricetes; Sanitavirales; Anelloviridae	DNA	linear	3229		Homo sapiens	SAfiA-333-2	false	ncbi-genbank	dddb805a5343e1050f07646d1297b47496740353a5a0a70aaa1acf3f8a2d2ef6				
MN774953	MN774953.1	Torque teno midi virus		Anelloviridae	Viruses; Floreoviria; Shotokuvirae; Commensaviricota; Cardeaviricetes; Sanitavirales; Anelloviridae	DNA	linear	3086		Homo sapiens	SAfiA-525-8	false	ncbi-genbank	b97b0dea19e6efe3b38377579e7b2b2a0756b1dd3bf3806c8c61d196525b5b63				
MN774954	MN774954.1	Torque teno midi virus		Anelloviridae	Viruses; Floreoviria; Shotokuvirae; Commensaviricota; Cardeaviricetes; Sanitavirales; Anelloviridae	DNA	linear	2986		Homo sapiens	SAfiA-396-35	false	ncbi-genbank	aa3ed355027131fb1f0e89eb3a382e60c591ea3b9167a43f282a982f269576cd				
MN774955	MN774955.1	Torque teno midi virus		Anelloviridae	Viruses; Floreoviria; Shotokuvirae; Commensaviricota; Cardeaviricetes; Sanitavirales; Anelloviridae	DNA	linear	3060		Homo sapiens	SAfiA-390-23	false	ncbi-genbank	ba0738bba7d838e51d12e4e9524c809dcf71e252d6af895ab5271c389cca9a7d				
MN774958	MN774958.1	Torque teno midi virus		Anelloviridae	Viruses; Floreoviria; Shotokuvirae; Commensaviricota; Cardeaviricetes; Sanitavirales; Anelloviridae	DNA	linear	2894		Homo sapiens	SAfiA-595-49	false	ncbi-genbank	cde123da2e4384273593b1ecb82b63dca3f52621128a12f2cbaab0c67af2cc11				
MN774961	MN774961.1	Torque teno midi virus		Anelloviridae	Viruses; Floreoviria; Shotokuvirae; Commensaviricota; Cardeaviricetes; Sanitavirales; Anelloviridae	DNA	linear	2956		Homo sapiens	SAfiA-48-1	false	ncbi-genbank	9fd517c1aa014d7d5ef1f49abcc9d2c6618eaef5528776bdf266dac1ce270e24				
MN774962	MN774962.1	Torque teno midi virus		Anelloviridae	Viruses; Floreoviria; Shotokuvirae; Commensaviricota; Cardeaviricetes; Sanitavirales; Anelloviridae	DNA	linear	2902		Homo sapiens	SAfiA-50-20	false	ncbi-genbank	7f9ba304ec75f50324e7398bc26da954b697947be59250daa7c2638e8a1e5875				
MN774963	MN774963.1	Torque teno midi virus		Anelloviridae	Viruses; Floreoviria; Shotokuvirae; Commensaviricota; Cardeaviricetes; Sanitavirales; Anelloviridae	DNA	linear	2857		Homo sapiens	SAfiA-412-9	false	ncbi-genbank	a7c44b5fc1504559b7899232135421e8a4c45bdc64c5cca001646fc7020e6e42				
MN774964	MN774964.1	Torque teno midi virus		Anelloviridae	Viruses; Floreoviria; Shotokuvirae; Commensaviricota; Cardeaviricetes; Sanitavirales; Anelloviridae	DNA	linear	2993		Homo sapiens	SAfiA-496-0	false	ncbi-genbank	36f96b5e16d1333ba928c583f3a4dfa40a19a98844861489c635ab1df22ae837				
MN774965	MN774965.1	Torque teno midi virus		Anelloviridae	Viruses; Floreoviria; Shotokuvirae; Commensaviricota; Cardeaviricetes; Sanitavirales; Anelloviridae	DNA	linear	2723		Homo sapiens	SAfiA-276-16	false	ncbi-genbank	b23a13cf5cc05d8c01fb41945106e1c2a8c6ffe8f73658b17ddef420cd7aa9d6				
MN774967	MN774967.1	Torque teno midi virus		Anelloviridae	Viruses; Floreoviria; Shotokuvirae; Commensaviricota; Cardeaviricetes; Sanitavirales; Anelloviridae	DNA	linear	2866		Homo sapiens	SAfiA-335-8	false	ncbi-genbank	478e5e4c06201847212e5e156cf06f104e8ec572e2b8422f7b0fd76bb5923a1b				
MN774968	MN774968.1	Torque teno midi virus		Anelloviridae	Viruses; Floreoviria; Shotokuvirae; Commensaviricota; Cardeaviricetes; Sanitavirales; Anelloviridae	DNA	linear	2856		Homo sapiens	SAfiA-47-21	false	ncbi-genbank	acdf6f755b80e927a0f928b98e4e9546621c9199bcd4c759481b4b69ad224645				
MN774969	MN774969.1	Torque teno midi virus		Anelloviridae	Viruses; Floreoviria; Shotokuvirae; Commensaviricota; Cardeaviricetes; Sanitavirales; Anelloviridae	DNA	linear	2989		Homo sapiens	SAfiA-76-2	false	ncbi-genbank	9b481e21c33bbd59e18e1e9675739797922c3f6a83f992b63c67d3efc05a64e1				
MN774970	MN774970.1	Torque teno midi virus		Anelloviridae	Viruses; Floreoviria; Shotokuvirae; Commensaviricota; Cardeaviricetes; Sanitavirales; Anelloviridae	DNA	linear	2997		Homo sapiens	SAfiA-584-6	false	ncbi-genbank	a12a30f89aebb5283f2409d64b286b880d71cb66c0991f2afaffb77e62b2ed37				
MN774971	MN774971.1	Torque teno midi virus		Anelloviridae	Viruses; Floreoviria; Shotokuvirae; Commensaviricota; Cardeaviricetes; Sanitavirales; Anelloviridae	DNA	linear	2896		Homo sapiens	SAfiA-640-34	false	ncbi-genbank	0cf3f2fc45cd52f4aba984ef22f6a328ea0af545b3a628e98a6c8688adb2ff8c				
MN774972	MN774972.1	Torque teno midi virus		Anelloviridae	Viruses; Floreoviria; Shotokuvirae; Commensaviricota; Cardeaviricetes; Sanitavirales; Anelloviridae	DNA	linear	2961		Homo sapiens	SAfiA-114-8	false	ncbi-genbank	7db2b693ea3737b73241133bb1b895856bb69edd475411f224c1b39345f94d03				
MN774973	MN774973.1	Torque teno midi virus		Anelloviridae	Viruses; Floreoviria; Shotokuvirae; Commensaviricota; Cardeaviricetes; Sanitavirales; Anelloviridae	DNA	linear	2961		Homo sapiens	SAfiA-562-17	false	ncbi-genbank	d8568dd653e03b53d579707fb436f7cd45a21675aee837e8de730460edd78dd3				
MN774974	MN774974.1	Torque teno midi virus		Anelloviridae	Viruses; Floreoviria; Shotokuvirae; Commensaviricota; Cardeaviricetes; Sanitavirales; Anelloviridae	DNA	linear	2977		Homo sapiens	SAfiA-45-3	false	ncbi-genbank	1f40ac5c6eadb5570e3926575cef5599e706fe7f32693c752daf799dde498784				
MN774975	MN774975.1	Torque teno midi virus		Anelloviridae	Viruses; Floreoviria; Shotokuvirae; Commensaviricota; Cardeaviricetes; Sanitavirales; Anelloviridae	DNA	linear	3010		Homo sapiens	SAfiA-458B-3	false	ncbi-genbank	5144e9e04a1d78fed98cf17f909d81aa461bce9e129a5649f8cfb8bebbe59d97				
MN774976	MN774976.1	Torque teno midi virus		Anelloviridae	Viruses; Floreoviria; Shotokuvirae; Commensaviricota; Cardeaviricetes; Sanitavirales; Anelloviridae	DNA	linear	2988		Homo sapiens	SAfiA-531-1	false	ncbi-genbank	8cf11b2cf96a88b4fd37f2be8bda12b79d1b26564193e4c7c7f6a43d883d918c				
MN774977	MN774977.1	Torque teno midi virus		Anelloviridae	Viruses; Floreoviria; Shotokuvirae; Commensaviricota; Cardeaviricetes; Sanitavirales; Anelloviridae	DNA	linear	3010		Homo sapiens	SAfiA-668-0	false	ncbi-genbank	9ed25386a977cdaff6b5c81c3985c827cb76c02b91178667ca6f7f6a4927a50b				
MN774978	MN774978.1	Torque teno midi virus		Anelloviridae	Viruses; Floreoviria; Shotokuvirae; Commensaviricota; Cardeaviricetes; Sanitavirales; Anelloviridae	DNA	linear	2941		Homo sapiens	SAfiA-591-21	false	ncbi-genbank	a0490cd9953ee630cd2d07b7fe043b2147456e89543ec439a62b2361545e2df2				
MN774980	MN774980.1	Torque teno midi virus		Anelloviridae	Viruses; Floreoviria; Shotokuvirae; Commensaviricota; Cardeaviricetes; Sanitavirales; Anelloviridae	DNA	linear	2991		Homo sapiens	SAfiA-429-7	false	ncbi-genbank	f16858a9a17078345666311dccdaeb9615ebbb3159feb1652233ca0e5dfdca73				
MN774981	MN774981.1	Torque teno midi virus		Anelloviridae	Viruses; Floreoviria; Shotokuvirae; Commensaviricota; Cardeaviricetes; Sanitavirales; Anelloviridae	DNA	linear	2963		Homo sapiens	SAfiA-635-1	false	ncbi-genbank	a36e0085c90a9bbc4e0f8208ccb3932661861203fc72ba3f4b9f5f537b1ba2a3				
MN774984	MN774984.1	Torque teno midi virus		Anelloviridae	Viruses; Floreoviria; Shotokuvirae; Commensaviricota; Cardeaviricetes; Sanitavirales; Anelloviridae	DNA	linear	3033		Homo sapiens	SAfiA-459-2	false	ncbi-genbank	8546ba823ee7007d11f45e3ae73933bf05906fa3f7bdd2dc2bd73b236b405e78				
MN774985	MN774985.1	Torque teno midi virus		Anelloviridae	Viruses; Floreoviria; Shotokuvirae; Commensaviricota; Cardeaviricetes; Sanitavirales; Anelloviridae	DNA	linear	2998		Homo sapiens	SAfiA-348-4	false	ncbi-genbank	275686154473310802af4beaa5afac74f8ed2047b23d543a1430b0ce7f3cd899				
MN774986	MN774986.1	Torque teno midi virus		Anelloviridae	Viruses; Floreoviria; Shotokuvirae; Commensaviricota; Cardeaviricetes; Sanitavirales; Anelloviridae	DNA	linear	3083		Homo sapiens	SAfiA-420-5	false	ncbi-genbank	8ff34fbd98ed9b30853d78f51c6e5de78d64a7fbbffda411c15a514492733aeb				
MN774987	MN774987.1	Torque teno midi virus		Anelloviridae	Viruses; Floreoviria; Shotokuvirae; Commensaviricota; Cardeaviricetes; Sanitavirales; Anelloviridae	DNA	linear	3269		Homo sapiens	SAfiA-403-16	false	ncbi-genbank	43b43e87d76faaf1e79bbbe460974d01d465876348d80bd1bccef1e56d99bd5b				
MN774988	MN774988.1	Torque teno midi virus		Anelloviridae	Viruses; Floreoviria; Shotokuvirae; Commensaviricota; Cardeaviricetes; Sanitavirales; Anelloviridae	DNA	linear	3301		Homo sapiens	SAfiA-353-59	false	ncbi-genbank	2aa14f4d21c80877ef03597444c2f71ebc92c60c8712b5a834114c247aa2b948				
OP549858	OP549858.1	Torque teno midi virus		Anelloviridae	Viruses; Floreoviria; Shotokuvirae; Commensaviricota; Cardeaviricetes; Sanitavirales; Anelloviridae	DNA	circular	3156		Homo sapiens	UC008V3_C344	false	ncbi-genbank	0392317f2c3ac8b2c5ef16b56d110f984f6a7f0b04b450e623b07148392f18b8				
OP549859	OP549859.1	Torque teno midi virus		Anelloviridae	Viruses; Floreoviria; Shotokuvirae; Commensaviricota; Cardeaviricetes; Sanitavirales; Anelloviridae	DNA	circular	3248		Homo sapiens	UC145V1_C197	false	ncbi-genbank	51b24d51ab89dce02d034579b9cd13ee044165eb1980ff4c6aca5d4fa0175407				
OP549860	OP549860.1	Torque teno midi virus		Anelloviridae	Viruses; Floreoviria; Shotokuvirae; Commensaviricota; Cardeaviricetes; Sanitavirales; Anelloviridae	DNA	circular	3213		Homo sapiens	UC156V1_C016	false	ncbi-genbank	60591e59733c093a8044206248e8dc07ff4f9283fea3f8938bd221184c824542				
AB290917	AB290917.1	Torque teno midi virus 1	Gammatorquevirus	Anelloviridae	Viruses; Floreoviria; Shotokuvirae; Commensaviricota; Cardeaviricetes; Sanitavirales; Anelloviridae; Gammatorquevirus; Gammatorquevirus homidi1	DNA	circular	3245		Homo sapiens	MD1-032	false	ncbi-genbank	d9cbdd3a6c5b78a2b56280ec3e1a7d966aa419ecdb1a4bd2dae4001e5d4129be				
AB290918	AB290918.1	Torque teno midi virus 1	Gammatorquevirus	Anelloviridae	Viruses; Floreoviria; Shotokuvirae; Commensaviricota; Cardeaviricetes; Sanitavirales; Anelloviridae; Gammatorquevirus; Gammatorquevirus homidi1	DNA	circular	3242		Homo sapiens	MD1-073	false	ncbi-genbank	056bd4d1b2369a8564a4e429d4fadbbdd5ef90989a6a9a2d389a62f5ea54b8c0				
AB303560	AB303560.1	Torque teno midi virus 10	Gammatorquevirus	Anelloviridae	Viruses; Floreoviria; Shotokuvirae; Commensaviricota; Cardeaviricetes; Sanitavirales; Anelloviridae; Gammatorquevirus; Gammatorquevirus homidi10	DNA	circular	3175		Homo sapiens	MDJN14	false	ncbi-genbank	28e548b24c1838cd99cbc460754a8774a56a00dc853d6a8ebab2008cbcc01a0a				
MH017566	MH017566.1	Torque teno midi virus 10	Gammatorquevirus	Anelloviridae	Viruses; Floreoviria; Shotokuvirae; Commensaviricota; Cardeaviricetes; Sanitavirales; Anelloviridae; Gammatorquevirus; Gammatorquevirus homidi10	DNA	circular	2836		Homo sapiens	BNI-700907-G3-SER0	false	ncbi-genbank	a822327fa711b0b3638b6760e548f0f82b85e9b519ecac286daa3415cdc40ad1				
AB303561	AB303561.1	Torque teno midi virus 11	Gammatorquevirus	Anelloviridae	Viruses; Floreoviria; Shotokuvirae; Commensaviricota; Cardeaviricetes; Sanitavirales; Anelloviridae; Gammatorquevirus; Gammatorquevirus homidi11	DNA	circular	3198		Homo sapiens	MDJN47	false	ncbi-genbank	07e3f331d84b9ab2436fbc3c454ec18e6bfaad8dc97f5197dfbf73b497f80198				
AB303562	AB303562.1	Torque teno midi virus 12	Gammatorquevirus	Anelloviridae	Viruses; Floreoviria; Shotokuvirae; Commensaviricota; Cardeaviricetes; Sanitavirales; Anelloviridae; Gammatorquevirus; Gammatorquevirus homidi12	DNA	circular	3187		Homo sapiens	MDJN51	false	ncbi-genbank	24c8d9456b3f175850f7ec28cfa00e0732f4078b9c9f7dc9e7bb69ae4f9807cf				
NC_038359	NC_038359.1	Torque teno midi virus 12	Gammatorquevirus	Anelloviridae	Viruses; Floreoviria; Shotokuvirae; Commensaviricota; Cardeaviricetes; Sanitavirales; Anelloviridae; Gammatorquevirus; Gammatorquevirus homidi12	DNA	circular	3187		Homo sapiens	MDJN51	true	ncbi-genbank	dbe1e53233e44a5e35ff78a73e27cfb02688b430eeed88523a207c261773f001				
AB303564	AB303564.1	Torque teno midi virus 13	Gammatorquevirus	Anelloviridae	Viruses; Floreoviria; Shotokuvirae; Commensaviricota; Cardeaviricetes; Sanitavirales; Anelloviridae; Gammatorquevirus; Gammatorquevirus homidi13	DNA	circular	3230		Homo sapiens	MDJN69	false	ncbi-genbank	41681be0fb7780bbe101a8796d2d851fc6ffa63693eed70c79ccc73001fd90bb				
AB303566	AB303566.1	Torque teno midi virus 14	Gammatorquevirus	Anelloviridae	Viruses; Floreoviria; Shotokuvirae; Commensaviricota; Cardeaviricetes; Sanitavirales; Anelloviridae; Gammatorquevirus; Gammatorquevirus homidi14	DNA	circular	3223		Homo sapiens	MDJN97	false	ncbi-genbank	29362dfc4b0166bb08e8a1e4df54504ef868f43f89008434c4cbdc4e2b4d0b01				
AB290919	AB290919.1	Torque teno midi virus 2	Gammatorquevirus	Anelloviridae	Viruses; Floreoviria; Shotokuvirae; Commensaviricota; Cardeaviricetes; Sanitavirales; Anelloviridae; Gammatorquevirus; Gammatorquevirus homidi2	DNA	circular	3253		Homo sapiens	MD2-013	false	ncbi-genbank	f2b633f4863fa3446a98bcd80cace6d3e29295e032b5c3def76e1d821ce32616				
NC_038350	NC_038350.1	Torque teno midi virus 3	Gammatorquevirus	Anelloviridae	Viruses; Floreoviria; Shotokuvirae; Commensaviricota; Cardeaviricetes; Sanitavirales; Anelloviridae; Gammatorquevirus; Gammatorquevirus homidi3	DNA	linear	2002		Homo sapiens	2PoSMA	true	ncbi-genbank	3aa37796faa2f9ee43bf61cc096f608e605ed523f5b7fbcc1ec2fa1c7588518d				
NC_038351	NC_038351.1	Torque teno midi virus 4	Gammatorquevirus	Anelloviridae	Viruses; Floreoviria; Shotokuvirae; Commensaviricota; Cardeaviricetes; Sanitavirales; Anelloviridae; Gammatorquevirus; Gammatorquevirus homidi4	DNA	linear	2454		Homo sapiens	6PoSMA	true	ncbi-genbank	f9d8f606fef7c075aedf93ddfa4d83540ee5909bf93363e8acf09aa15146c7dc				
AB303552	AB303552.1	Torque teno midi virus 5	Gammatorquevirus	Anelloviridae	Viruses; Floreoviria; Shotokuvirae; Commensaviricota; Cardeaviricetes; Sanitavirales; Anelloviridae; Gammatorquevirus; Gammatorquevirus homidi5	DNA	circular	3208		Homo sapiens	MDJHem2	false	ncbi-genbank	9b4fa5a48e9fde564362499c6a38eae3025caf4b5a3ddf9d65aa32bf56f722ce				
AB303553	AB303553.1	Torque teno midi virus 6	Gammatorquevirus	Anelloviridae	Viruses; Floreoviria; Shotokuvirae; Commensaviricota; Cardeaviricetes; Sanitavirales; Anelloviridae; Gammatorquevirus; Gammatorquevirus homidi6	DNA	circular	3198		Homo sapiens	MDJHem3-1	false	ncbi-genbank	66483e0b916d25418995f1bc45d35761e71800e47fa911c5978e18325e62f53b				
AB303554	AB303554.1	Torque teno midi virus 7	Gammatorquevirus	Anelloviridae	Viruses; Floreoviria; Shotokuvirae; Commensaviricota; Cardeaviricetes; Sanitavirales; Anelloviridae; Gammatorquevirus; Gammatorquevirus homidi7	DNA	circular	3197		Homo sapiens	MDJHem3-2	false	ncbi-genbank	b5d9da8fb155d433193307efdab3be2d5079d8393756cf9be9fc7e7cbe511fc5				
AB303558	AB303558.1	Torque teno midi virus 8	Gammatorquevirus	Anelloviridae	Viruses; Floreoviria; Shotokuvirae; Commensaviricota; Cardeaviricetes; Sanitavirales; Anelloviridae; Gammatorquevirus; Gammatorquevirus homidi8	DNA	circular	3223		Homo sapiens	MDJN1	false	ncbi-genbank	9502879daa4f070d26e4bd4969176eccfca54504b4f68130b3c41dffb9fccb15				
AB303559	AB303559.1	Torque teno midi virus 9	Gammatorquevirus	Anelloviridae	Viruses; Floreoviria; Shotokuvirae; Commensaviricota; Cardeaviricetes; Sanitavirales; Anelloviridae; Gammatorquevirus; Gammatorquevirus homidi9	DNA	circular	3187		Homo sapiens	MDJN2	false	ncbi-genbank	9f9cb43ed0caa246a2eb8112eb67b21903be7ead6dbd1eb364b31468ec3abeda				
AB026931	AB026931.1	Torque teno mini virus 1	Betatorquevirus	Anelloviridae	Viruses; Floreoviria; Shotokuvirae; Commensaviricota; Cardeaviricetes; Sanitavirales; Anelloviridae; Betatorquevirus; Betatorquevirus homini1	DNA	circular	2856		Homo sapiens	TLMV-CBD279	false	ncbi-genbank	cef9bc3f4517e24338dbf614a7aa83f9ce169fdfd2fb47a41367dff2c0cac605				
MH017548	MH017548.1	Torque teno mini virus 10	Betatorquevirus	Anelloviridae	Viruses; Floreoviria; Shotokuvirae; Commensaviricota; Cardeaviricetes; Sanitavirales; Anelloviridae; Betatorquevirus; Betatorquevirus homini10	DNA	circular	2895		Homo sapiens	BNI-700831-G1-CSF	false	ncbi-genbank	afc273e83ff7b8fb06cbc2827ce3a2b3a77457889892ea9db23d6c7e4f9bb60a				
MH017554	MH017554.1	Torque teno mini virus 10	Betatorquevirus	Anelloviridae	Viruses; Floreoviria; Shotokuvirae; Commensaviricota; Cardeaviricetes; Sanitavirales; Anelloviridae; Betatorquevirus; Betatorquevirus homini10	DNA	circular	2892		Homo sapiens	BNI-701800-G1-CSF	false	ncbi-genbank	16e800ad97539d51e94982657130fff8d9fd13d360b2352f02a10ec14a1066d1				
MH017556	MH017556.1	Torque teno mini virus 10	Betatorquevirus	Anelloviridae	Viruses; Floreoviria; Shotokuvirae; Commensaviricota; Cardeaviricetes; Sanitavirales; Anelloviridae; Betatorquevirus; Betatorquevirus homini10	DNA	circular	2915		Homo sapiens	BNI-700835-G2-SER0	false	ncbi-genbank	f048b38cfb560e8b93c1dbbf674f4798c80a71563babc6ba550c4f60199719d5				
NC_038345	NC_038345.1	Torque teno mini virus 10	Betatorquevirus	Anelloviridae	Viruses; Floreoviria; Shotokuvirae; Commensaviricota; Cardeaviricetes; Sanitavirales; Anelloviridae; Betatorquevirus; Betatorquevirus homini10	DNA	linear	2887		Homo sapiens	LIL-y1	true	ncbi-genbank	5808aff8cc193b5779047fa0c187d81d17fd2c6ad5d015f786ff1f958d9e45e5				
NC_038346	NC_038346.1	Torque teno mini virus 11	Betatorquevirus	Anelloviridae	Viruses; Floreoviria; Shotokuvirae; Commensaviricota; Cardeaviricetes; Sanitavirales; Anelloviridae; Betatorquevirus; Betatorquevirus homini11	DNA	linear	2871		Homo sapiens	LIL-y2	true	ncbi-genbank	7f70d7369e470203e90830e2a9aaa17e3b9f70278e045c39689cee8ecc186d6d				
KU041847	KU041847.1	Torque teno mini virus 18	Betatorquevirus	Anelloviridae	Viruses; Floreoviria; Shotokuvirae; Commensaviricota; Cardeaviricetes; Sanitavirales; Anelloviridae; Betatorquevirus; Betatorquevirus homini18	ss-DNA	circular	2803		Homo sapiens	222	false	ncbi-genbank	ae650a60acaea436d7634be870f3e562db44805cc3e2f5afd46d6e4b8edf80b1				
AB041962	AB041962.1	Torque teno mini virus 5	Betatorquevirus	Anelloviridae	Viruses; Floreoviria; Shotokuvirae; Commensaviricota; Cardeaviricetes; Sanitavirales; Anelloviridae; Betatorquevirus; Betatorquevirus homini5	DNA	circular	2908		Homo sapiens	TGP96	false	ncbi-genbank	400b3cff8c71ab3867548477063a562b5eca8ebb087ed764cef34c1b15a46bb2				
AB026929	AB026929.1	Torque teno mini virus 6	Betatorquevirus	Anelloviridae	Viruses; Floreoviria; Shotokuvirae; Commensaviricota; Cardeaviricetes; Sanitavirales; Anelloviridae; Betatorquevirus; Betatorquevirus homini6	DNA	circular	2897		Homo sapiens	TLMV-CBD203	false	ncbi-genbank	a2e4710bfc28de20789807281c08b486d06527845f1475e7c16d5dd23a961ca6				
AF291073	AF291073.1	Torque teno mini virus 8	Betatorquevirus	Anelloviridae	Viruses; Floreoviria; Shotokuvirae; Commensaviricota; Cardeaviricetes; Sanitavirales; Anelloviridae; Betatorquevirus; Betatorquevirus homini8	DNA	linear	2910		Homo sapiens	PB4TL	false	ncbi-genbank	0ed46cc181bb6f06bfc773f9c3408f6ba45c37451ed699ace4f0bad39402b213				
KM259873	KM259873.1	Torque teno mini virus ALA22	Betatorquevirus	Anelloviridae	Viruses; Floreoviria; Shotokuvirae; Commensaviricota; Cardeaviricetes; Sanitavirales; Anelloviridae; Betatorquevirus; Betatorquevirus homini27	ss-DNA	circular	2914		Homo sapiens	TTMV-ALA22	false	ncbi-genbank	ffee23183d29ce89f8f095a4cec0638f818de04e6779955f55664f50025bd174				
KM259874	KM259874.1	Torque teno mini virus ALH8	Betatorquevirus	Anelloviridae	Viruses; Floreoviria; Shotokuvirae; Commensaviricota; Cardeaviricetes; Sanitavirales; Anelloviridae; Betatorquevirus; Betatorquevirus homini16	ss-DNA	circular	2855		Homo sapiens	TTMV-ALH8	false	ncbi-genbank	a48bdf867c7c3e1190551142d617765a69779cba9dd6cc6bbe370cc3fa5e4c77				
KY462770	KY462770.1	Torque teno mini virus SHA	Betatorquevirus	Anelloviridae	Viruses; Floreoviria; Shotokuvirae; Commensaviricota; Cardeaviricetes; Sanitavirales; Anelloviridae; Betatorquevirus; Betatorquevirus homini26	DNA	circular	2880		Homo sapiens	SHA	false	ncbi-genbank	8e3d370ee9d673eb6482b1b735b90d781774a1a92716beb38b92e2d8d796a4e5				
KY462757	KY462757.1	Torque teno mini virus SHC	Betatorquevirus	Anelloviridae	Viruses; Floreoviria; Shotokuvirae; Commensaviricota; Cardeaviricetes; Sanitavirales; Anelloviridae; Betatorquevirus	DNA	circular	2813		Homo sapiens	SHC01	false	ncbi-genbank	39abcb8686a45ceafc367ab5ab212558ef1a8971789e0db0c1c73ee93b353194				
KY462758	KY462758.1	Torque teno mini virus SHC	Betatorquevirus	Anelloviridae	Viruses; Floreoviria; Shotokuvirae; Commensaviricota; Cardeaviricetes; Sanitavirales; Anelloviridae; Betatorquevirus	DNA	circular	2812		Homo sapiens	SH-B	false	ncbi-genbank	cf44623c311715f66803f556d11e7e72af42d8db5f45d767c0713912bd5ec396				
AY823988	AY823988.1	Torque teno virus		Anelloviridae	Viruses; Floreoviria; Shotokuvirae; Commensaviricota; Cardeaviricetes; Sanitavirales; Anelloviridae	DNA	circular	3816		Homo sapiens	2h	false	ncbi-genbank	e06c6f68344f4b153868281da2d8b6104cf69aee512bd38919fd537d24ccc09a				
AY823989	AY823989.1	Torque teno virus		Anelloviridae	Viruses; Floreoviria; Shotokuvirae; Commensaviricota; Cardeaviricetes; Sanitavirales; Anelloviridae	DNA	circular	3920		Homo sapiens	3h	false	ncbi-genbank	aa91ac1066ebf3bf41f0cdf1d6afeb76275ec1bf7b1faa8ca013fd971d26dda0				
HM224451	HM224451.1	Torque teno virus		Anelloviridae	Viruses; Floreoviria; Shotokuvirae; Commensaviricota; Cardeaviricetes; Sanitavirales; Anelloviridae	DNA	circular	3234		Homo sapiens	L1984	false	ncbi-genbank	85af53677b9f50b6abf9fcde907bcc63b1c9aff5246889136e369130960a6378				
JN980171	JN980171.1	Torque teno virus		Anelloviridae	Viruses; Floreoviria; Shotokuvirae; Commensaviricota; Cardeaviricetes; Sanitavirales; Anelloviridae	DNA	linear	3603		Homo sapiens	TPK01	false	ncbi-genbank	5688f58811bc59d80e8997bd93ed6df55c31932503f11a36c457b655113ace83				
KJ194502	KJ194502.1	Torque teno virus		Anelloviridae	Viruses; Floreoviria; Shotokuvirae; Commensaviricota; Cardeaviricetes; Sanitavirales; Anelloviridae	DNA	circular	3793		Homo sapiens	TTV_Amsterdam_1995	false	ncbi-genbank	879c16e454f847355b69859c27a6177538d2bb030b9bfe60f9c1f311ac492f40				
KJ194503	KJ194503.1	Torque teno virus		Anelloviridae	Viruses; Floreoviria; Shotokuvirae; Commensaviricota; Cardeaviricetes; Sanitavirales; Anelloviridae	DNA	circular	3451		Homo sapiens	TTV_Amsterdam_1994	false	ncbi-genbank	2c5e25258c8c757cb44de6a0d02a113a6037b178aa1ac54c9ee65393b6058a90				
KP036971	KP036971.1	Torque teno virus		Anelloviridae	Viruses; Floreoviria; Shotokuvirae; Commensaviricota; Cardeaviricetes; Sanitavirales; Anelloviridae	DNA	circular	3599		Homo sapiens	TTV-2013	false	ncbi-genbank	241e68d95753c749ebe69b1bea0d4f3e226e35d3c2058fc6f9352bbbe09bc53f				
KP343818	KP343818.1	Torque teno virus		Anelloviridae	Viruses; Floreoviria; Shotokuvirae; Commensaviricota; Cardeaviricetes; Sanitavirales; Anelloviridae	DNA	circular	2988		Homo sapiens	S41a	false	ncbi-genbank	cc4b612331a9193bbb6b665ed426cd7aceba53cb625334aad8e647013f6734a0				
KP343819	KP343819.1	Torque teno virus		Anelloviridae	Viruses; Floreoviria; Shotokuvirae; Commensaviricota; Cardeaviricetes; Sanitavirales; Anelloviridae	DNA	circular	2936		Homo sapiens	S44a	false	ncbi-genbank	209793ade829863e1a4b6a45b4109d18038a0df4ca2930a4ecdcbac4d37b00c6				
KP343820	KP343820.1	Torque teno virus		Anelloviridae	Viruses; Floreoviria; Shotokuvirae; Commensaviricota; Cardeaviricetes; Sanitavirales; Anelloviridae	DNA	circular	3162		Homo sapiens	S53	false	ncbi-genbank	7ac1fc82d0cfa61c9452378ffdb3dbb170a6d10178af1f576240516f62e491ca				
KP343821	KP343821.1	Torque teno virus		Anelloviridae	Viruses; Floreoviria; Shotokuvirae; Commensaviricota; Cardeaviricetes; Sanitavirales; Anelloviridae	DNA	circular	2686		Homo sapiens	S54	false	ncbi-genbank	39319c5f15bd6e0589bb612a7a020aba3bda204792237f026b181d50e7b6bf6e				
KP343822	KP343822.1	Torque teno virus		Anelloviridae	Viruses; Floreoviria; Shotokuvirae; Commensaviricota; Cardeaviricetes; Sanitavirales; Anelloviridae	DNA	circular	2537		Homo sapiens	S55	false	ncbi-genbank	09fb47a34c1f3681c34e436a6f66fa0fed9d9a9afe7720c181645b5148446382				
KP343823	KP343823.1	Torque teno virus		Anelloviridae	Viruses; Floreoviria; Shotokuvirae; Commensaviricota; Cardeaviricetes; Sanitavirales; Anelloviridae	DNA	circular	2451		Homo sapiens	S56	false	ncbi-genbank	43341fd8d6ba820d9c719bc533e5d7493bcd7fe474ce8fc85a51b0552ebaf4a3				
KP343824	KP343824.1	Torque teno virus		Anelloviridae	Viruses; Floreoviria; Shotokuvirae; Commensaviricota; Cardeaviricetes; Sanitavirales; Anelloviridae	DNA	circular	2794		Homo sapiens	S57	false	ncbi-genbank	32c012bee5b7c96055ff25d4eb026f872abffa3d62a6dea80a8393833b47f622				
KP343825	KP343825.1	Torque teno virus		Anelloviridae	Viruses; Floreoviria; Shotokuvirae; Commensaviricota; Cardeaviricetes; Sanitavirales; Anelloviridae	DNA	circular	2640		Homo sapiens	S58	false	ncbi-genbank	86e477322bcf3927d5bd9ee2a187fa3424b1d2887ad7f670c8f4630eeddca293				
KP343826	KP343826.1	Torque teno virus		Anelloviridae	Viruses; Floreoviria; Shotokuvirae; Commensaviricota; Cardeaviricetes; Sanitavirales; Anelloviridae	DNA	circular	2541		Homo sapiens	S59	false	ncbi-genbank	d580a95b95999b4bef41bc3d51c32974c5dc66e76b68bacb1aa0fbd47e2e5e43				
KP343827	KP343827.1	Torque teno virus		Anelloviridae	Viruses; Floreoviria; Shotokuvirae; Commensaviricota; Cardeaviricetes; Sanitavirales; Anelloviridae	DNA	circular	2662		Homo sapiens	S60	false	ncbi-genbank	a730f905677c32b28d15876ffc80167f938d415d27cfe420cbf41b51babf142f				
KP343828	KP343828.1	Torque teno virus		Anelloviridae	Viruses; Floreoviria; Shotokuvirae; Commensaviricota; Cardeaviricetes; Sanitavirales; Anelloviridae	DNA	circular	1141		Homo sapiens	S61	false	ncbi-genbank	7721d2114a934670d62c34d23fe481f04a1157f02ed119b72c2f0c135e5c3414				
KP343829	KP343829.1	Torque teno virus		Anelloviridae	Viruses; Floreoviria; Shotokuvirae; Commensaviricota; Cardeaviricetes; Sanitavirales; Anelloviridae	DNA	circular	2930		Homo sapiens	S62	false	ncbi-genbank	20d82e36a3b858ccfe533cdba205f8e4ec869c8dfacb9b75051b9e3be6874bd2				
KP343830	KP343830.1	Torque teno virus		Anelloviridae	Viruses; Floreoviria; Shotokuvirae; Commensaviricota; Cardeaviricetes; Sanitavirales; Anelloviridae	DNA	circular	2905		Homo sapiens	S63	false	ncbi-genbank	7b13d3e17e978cc3997cf5ac7fbf9ef0c4937310b18ba82f7a0d4ca191775f50				
KP343831	KP343831.1	Torque teno virus		Anelloviridae	Viruses; Floreoviria; Shotokuvirae; Commensaviricota; Cardeaviricetes; Sanitavirales; Anelloviridae	DNA	circular	1241		Homo sapiens	S64	false	ncbi-genbank	f7afb6f30645722ce5410315f3bb53348d913055f3ef183ddf6dd9f76c2c68ed				
KP343832	KP343832.1	Torque teno virus		Anelloviridae	Viruses; Floreoviria; Shotokuvirae; Commensaviricota; Cardeaviricetes; Sanitavirales; Anelloviridae	DNA	circular	2765		Homo sapiens	S65	false	ncbi-genbank	086dae624a4e79e12b0a51349fbc55263e4e6ca80cc68a6fe052d9d895cde10e				
KP343833	KP343833.1	Torque teno virus		Anelloviridae	Viruses; Floreoviria; Shotokuvirae; Commensaviricota; Cardeaviricetes; Sanitavirales; Anelloviridae	DNA	circular	3558		Homo sapiens	S66	false	ncbi-genbank	38abab43221d69b05bd74ad4b30cf9926fa97d345a9b4cdc746caf00c4d6439c				
KP343834	KP343834.1	Torque teno virus		Anelloviridae	Viruses; Floreoviria; Shotokuvirae; Commensaviricota; Cardeaviricetes; Sanitavirales; Anelloviridae	DNA	circular	2976		Homo sapiens	S67	false	ncbi-genbank	7258784cf869b76e61b013d02b78f129b02a712ca5a1419c51c1e6cc60bee9ea				
KP343835	KP343835.1	Torque teno virus		Anelloviridae	Viruses; Floreoviria; Shotokuvirae; Commensaviricota; Cardeaviricetes; Sanitavirales; Anelloviridae	DNA	circular	2816		Homo sapiens	S68	false	ncbi-genbank	07f9b7571a2ab428b01c5538d77386f3c4713663f6f9aedfb72fb15b814bdd99				
KP343836	KP343836.1	Torque teno virus		Anelloviridae	Viruses; Floreoviria; Shotokuvirae; Commensaviricota; Cardeaviricetes; Sanitavirales; Anelloviridae	DNA	circular	1497		Homo sapiens	S69	false	ncbi-genbank	384d5f6d7cede5f00cc8d2eb97f63dde25f925627d431059bbf923f034d06181				
KP343837	KP343837.1	Torque teno virus		Anelloviridae	Viruses; Floreoviria; Shotokuvirae; Commensaviricota; Cardeaviricetes; Sanitavirales; Anelloviridae	DNA	circular	3839		Homo sapiens	S70	false	ncbi-genbank	19fdf02a864c0c01ea1c2ffab2e3adb8624bed58f075ff81cfef0d5d4ad596c0				
KP343838	KP343838.1	Torque teno virus		Anelloviridae	Viruses; Floreoviria; Shotokuvirae; Commensaviricota; Cardeaviricetes; Sanitavirales; Anelloviridae	DNA	circular	3484		Homo sapiens	S71	false	ncbi-genbank	951a627ba71f4ca58e391cc144dfd40d5fe89b136d03625ab401968f51e861ef				
KP343839	KP343839.1	Torque teno virus		Anelloviridae	Viruses; Floreoviria; Shotokuvirae; Commensaviricota; Cardeaviricetes; Sanitavirales; Anelloviridae	DNA	circular	3551		Homo sapiens	S72	false	ncbi-genbank	0f018fe58cf068b272063887d30614d66360b606b402e0ca38c91afcecc1b73e				
KP343840	KP343840.1	Torque teno virus		Anelloviridae	Viruses; Floreoviria; Shotokuvirae; Commensaviricota; Cardeaviricetes; Sanitavirales; Anelloviridae	DNA	circular	3072		Homo sapiens	S73	false	ncbi-genbank	a2941609c1f568fbd1c72da175543fef0a68cdae3c739db457d996dafc9bd0f6				
KP343841	KP343841.1	Torque teno virus		Anelloviridae	Viruses; Floreoviria; Shotokuvirae; Commensaviricota; Cardeaviricetes; Sanitavirales; Anelloviridae	DNA	circular	3278		Homo sapiens	S74	false	ncbi-genbank	21828aebf100412c316c64f87c9eff10f6c9e96728a7c00f1ab0b0effe1cdfbe				
KP343842	KP343842.1	Torque teno virus		Anelloviridae	Viruses; Floreoviria; Shotokuvirae; Commensaviricota; Cardeaviricetes; Sanitavirales; Anelloviridae	DNA	circular	3357		Homo sapiens	S75	false	ncbi-genbank	cd6506fddfc7b68f98d04463be78304b494256a000ac72456e1a89fcbfbc1dd4				
KP343843	KP343843.1	Torque teno virus		Anelloviridae	Viruses; Floreoviria; Shotokuvirae; Commensaviricota; Cardeaviricetes; Sanitavirales; Anelloviridae	DNA	circular	3033		Homo sapiens	S76	false	ncbi-genbank	518003abb81ca30caa87fa401be4d65d04b5ffeb25311d2238b6381f36a42b1a				
KP343844	KP343844.1	Torque teno virus		Anelloviridae	Viruses; Floreoviria; Shotokuvirae; Commensaviricota; Cardeaviricetes; Sanitavirales; Anelloviridae	DNA	circular	2984		Homo sapiens	S77	false	ncbi-genbank	1dc97a6b6cb633ab986f647a835974aff1f713cfa22b957b2fa097d9dc1bff1e				
KP343845	KP343845.1	Torque teno virus		Anelloviridae	Viruses; Floreoviria; Shotokuvirae; Commensaviricota; Cardeaviricetes; Sanitavirales; Anelloviridae	DNA	circular	3683		Homo sapiens	S78	false	ncbi-genbank	c0a1aff455866db8784a7d025cbc526a9dc420d074b70969ac277d3d4917c2a8				
KP343846	KP343846.1	Torque teno virus		Anelloviridae	Viruses; Floreoviria; Shotokuvirae; Commensaviricota; Cardeaviricetes; Sanitavirales; Anelloviridae	DNA	circular	3045		Homo sapiens	S79	false	ncbi-genbank	77eb1a7e4eea33ba91f015df6c363a33c9231ba5157432a6dd931945320b0371				
KP343847	KP343847.1	Torque teno virus		Anelloviridae	Viruses; Floreoviria; Shotokuvirae; Commensaviricota; Cardeaviricetes; Sanitavirales; Anelloviridae	DNA	circular	2981		Homo sapiens	S80	false	ncbi-genbank	d831436a5c0253f590c5c8e9afca00ec65c045ddf0ef1aeea6baf9ecdb7f0230				
KP343848	KP343848.1	Torque teno virus		Anelloviridae	Viruses; Floreoviria; Shotokuvirae; Commensaviricota; Cardeaviricetes; Sanitavirales; Anelloviridae	DNA	circular	2833		Homo sapiens	S81	false	ncbi-genbank	12a806ff5096be1b68541461bd5aacba9bf1a0d746c0b3da73b164ab41b4bb04				
KP343849	KP343849.1	Torque teno virus		Anelloviridae	Viruses; Floreoviria; Shotokuvirae; Commensaviricota; Cardeaviricetes; Sanitavirales; Anelloviridae	DNA	circular	2644		Homo sapiens	S82	false	ncbi-genbank	6c42ac719499030ee277c2ec41c45aa0dc135aa79dd85c6afd412adb689ffe1a				
KP343850	KP343850.1	Torque teno virus		Anelloviridae	Viruses; Floreoviria; Shotokuvirae; Commensaviricota; Cardeaviricetes; Sanitavirales; Anelloviridae	DNA	circular	2924		Homo sapiens	S83	false	ncbi-genbank	2da17fc1557d46e6954e3c12d45601f41364fa3dbbe0b3aa44b657670e3e85c0				
KP343851	KP343851.1	Torque teno virus		Anelloviridae	Viruses; Floreoviria; Shotokuvirae; Commensaviricota; Cardeaviricetes; Sanitavirales; Anelloviridae	DNA	circular	2912		Homo sapiens	S84	false	ncbi-genbank	5c170a17b43b015fbbc556c7c4b800531f3deb7a55341e801d6447345ca46ed8				
KP343852	KP343852.1	Torque teno virus		Anelloviridae	Viruses; Floreoviria; Shotokuvirae; Commensaviricota; Cardeaviricetes; Sanitavirales; Anelloviridae	DNA	circular	2359		Homo sapiens	S85	false	ncbi-genbank	21d9452317160383e033227d0c25782e9006da0e26e44c1cc77c1cb8d63cf1ec				
KP343853	KP343853.1	Torque teno virus		Anelloviridae	Viruses; Floreoviria; Shotokuvirae; Commensaviricota; Cardeaviricetes; Sanitavirales; Anelloviridae	DNA	circular	2908		Homo sapiens	S86	false	ncbi-genbank	9aab252f5e1e646aae5d780f8a5bf50da6efe0250968fa3e441effa071be2c04				
KP343854	KP343854.1	Torque teno virus		Anelloviridae	Viruses; Floreoviria; Shotokuvirae; Commensaviricota; Cardeaviricetes; Sanitavirales; Anelloviridae	DNA	circular	2977		Homo sapiens	S87	false	ncbi-genbank	6e9249e392cd6e4ef14703948d4912b5332f3434659126b4bf4a775988b00a38				
KP343856	KP343856.1	Torque teno virus		Anelloviridae	Viruses; Floreoviria; Shotokuvirae; Commensaviricota; Cardeaviricetes; Sanitavirales; Anelloviridae	DNA	circular	2646		Homo sapiens	S89	false	ncbi-genbank	9554e9339b7cdde8212f0d250bde68da33c82efc8549b5bf4e6cfe16263239bc				
KP343857	KP343857.1	Torque teno virus		Anelloviridae	Viruses; Floreoviria; Shotokuvirae; Commensaviricota; Cardeaviricetes; Sanitavirales; Anelloviridae	DNA	circular	2118		Homo sapiens	S90	false	ncbi-genbank	9f8d236f9af628714c63751f1630b9bbc5cc67148aa22f5b08b2c699d73d55ca				
KP343858	KP343858.1	Torque teno virus		Anelloviridae	Viruses; Floreoviria; Shotokuvirae; Commensaviricota; Cardeaviricetes; Sanitavirales; Anelloviridae	DNA	circular	2941		Homo sapiens	S91	false	ncbi-genbank	a3e79dda5b049b11337d8830eb0c47350bed9b12e3d11827ebba5eab79b1e039				
KP343859	KP343859.1	Torque teno virus		Anelloviridae	Viruses; Floreoviria; Shotokuvirae; Commensaviricota; Cardeaviricetes; Sanitavirales; Anelloviridae	DNA	circular	2016		Homo sapiens	S92	false	ncbi-genbank	6208914f35f39db0d3c524fc9bf39bb9600faa631fd7080aa5e951bea70c1868				
KP343860	KP343860.1	Torque teno virus		Anelloviridae	Viruses; Floreoviria; Shotokuvirae; Commensaviricota; Cardeaviricetes; Sanitavirales; Anelloviridae	DNA	circular	3069		Homo sapiens	S93	false	ncbi-genbank	40eb277046457dd12649fbc6be4b2b13a21c81e2887a427489ffc8a8d17b624f				
KP343862	KP343862.1	Torque teno virus		Anelloviridae	Viruses; Floreoviria; Shotokuvirae; Commensaviricota; Cardeaviricetes; Sanitavirales; Anelloviridae	DNA	circular	3027		Homo sapiens	S95	false	ncbi-genbank	bd51f703b2c98aa47b87cafc7eba4d21761cc11b8bbc5d998af3dbcf60445d38				
KP343864	KP343864.1	Torque teno virus		Anelloviridae	Viruses; Floreoviria; Shotokuvirae; Commensaviricota; Cardeaviricetes; Sanitavirales; Anelloviridae	DNA	circular	3016		Homo sapiens	S97	false	ncbi-genbank	4a6c8b65384b9ce187b02e5579d5afd19ad1c3ebfb130a1d2ebf874a96c9fe10				
MK820644	MK820644.1	Torque teno virus		Anelloviridae	Viruses; Floreoviria; Shotokuvirae; Commensaviricota; Cardeaviricetes; Sanitavirales; Anelloviridae	DNA	circular	3623		Homo sapiens	FL100	false	ncbi-genbank	a6ba98d16b62b174275dcc1f2a7cf0bef3f651854e482494cadee3de6247ae3f				
MK820645	MK820645.1	Torque teno virus		Anelloviridae	Viruses; Floreoviria; Shotokuvirae; Commensaviricota; Cardeaviricetes; Sanitavirales; Anelloviridae	DNA	circular	3177		Homo sapiens	FL08	false	ncbi-genbank	a29b29eb1f6f1a24bb5eb19e6beb4fe727cd1fd79ff776862716a5ef7b4e5e03				
MK820646	MK820646.1	Torque teno virus		Anelloviridae	Viruses; Floreoviria; Shotokuvirae; Commensaviricota; Cardeaviricetes; Sanitavirales; Anelloviridae	DNA	circular	2908		Homo sapiens	BD67	false	ncbi-genbank	9c1090a15abdc725f94156c7054612116fb4b02a3f2d97c76fe2b295df05d2db				
MN765195	MN765195.1	Torque teno virus		Anelloviridae	Viruses; Floreoviria; Shotokuvirae; Commensaviricota; Cardeaviricetes; Sanitavirales; Anelloviridae	DNA	linear	3518		Homo sapiens	SAfiA-361-13	false	ncbi-genbank	5c0556ff334bd171f652b3d421ddf69fad80d5a08e948d5f9f78b3562f2c2872				
MN765196	MN765196.1	Torque teno virus		Anelloviridae	Viruses; Floreoviria; Shotokuvirae; Commensaviricota; Cardeaviricetes; Sanitavirales; Anelloviridae	DNA	linear	3601		Homo sapiens	SAfiA-582-2	false	ncbi-genbank	45e029f2c676f82d28b2520bff1f9b9f54aac58f7c4bb2e77e8af730eb759454				
MN765197	MN765197.1	Torque teno virus		Anelloviridae	Viruses; Floreoviria; Shotokuvirae; Commensaviricota; Cardeaviricetes; Sanitavirales; Anelloviridae	DNA	linear	3558		Homo sapiens	SAfiA-822-3	false	ncbi-genbank	6e2e08825b18ae3a1ded73640f599ada85d841e4708218b934fd54cf8ed958be				
MN765198	MN765198.1	Torque teno virus		Anelloviridae	Viruses; Floreoviria; Shotokuvirae; Commensaviricota; Cardeaviricetes; Sanitavirales; Anelloviridae	DNA	linear	3503		Homo sapiens	SAfiA-572-4	false	ncbi-genbank	ac0ed2c35a0f814e86a44d20c7b71b209209c1350d2b91a77ab5d7c5919824e4				
MN765199	MN765199.1	Torque teno virus		Anelloviridae	Viruses; Floreoviria; Shotokuvirae; Commensaviricota; Cardeaviricetes; Sanitavirales; Anelloviridae	DNA	linear	3637		Homo sapiens	SAfiA-242-2	false	ncbi-genbank	ff8f62a8b2112ae18bb99f45b579648b4c58e93ec34ae082b8705276e441ac1f				
MN765200	MN765200.1	Torque teno virus		Anelloviridae	Viruses; Floreoviria; Shotokuvirae; Commensaviricota; Cardeaviricetes; Sanitavirales; Anelloviridae	DNA	linear	3649		Homo sapiens	SAfiA-577-38	false	ncbi-genbank	235e759f00a5843ad18abb5308ff9eab5e61b2979c68a82481a903f7cd7630c9				
MN765201	MN765201.1	Torque teno virus		Anelloviridae	Viruses; Floreoviria; Shotokuvirae; Commensaviricota; Cardeaviricetes; Sanitavirales; Anelloviridae	DNA	linear	3550		Homo sapiens	SAfiA-468-6	false	ncbi-genbank	90eed0b08b4501aa828c46ee822b54c91cfb3a3e45c71f272709e55052088535				
MN765202	MN765202.1	Torque teno virus		Anelloviridae	Viruses; Floreoviria; Shotokuvirae; Commensaviricota; Cardeaviricetes; Sanitavirales; Anelloviridae	DNA	linear	3634		Homo sapiens	SAfiA-802-2	false	ncbi-genbank	4962ca0ac641d01562430c7c53511df8c1f1ce5e30859c98b570b03f67aa6fd9				
MN765203	MN765203.1	Torque teno virus		Anelloviridae	Viruses; Floreoviria; Shotokuvirae; Commensaviricota; Cardeaviricetes; Sanitavirales; Anelloviridae	DNA	linear	3476		Homo sapiens	SAfiA-297-84	false	ncbi-genbank	fc0e3b0cadf37c81bbdf749959a89aa924b369f766ac759760738ff40f15809b				
MN768559	MN768559.1	Torque teno virus		Anelloviridae	Viruses; Floreoviria; Shotokuvirae; Commensaviricota; Cardeaviricetes; Sanitavirales; Anelloviridae	DNA	linear	3542		Homo sapiens	SAfiA-332-1	false	ncbi-genbank	6a4b67fee1a15f210f9dbdf10c3952348cddac0110348d0dc6875c3e42250243				
MN768560	MN768560.1	Torque teno virus		Anelloviridae	Viruses; Floreoviria; Shotokuvirae; Commensaviricota; Cardeaviricetes; Sanitavirales; Anelloviridae	DNA	linear	3572		Homo sapiens	SAfiA-374-1	false	ncbi-genbank	6569acc338c964b7476637b617ce7eacf9a9ae1630e29da7f1752d57c69ad7b7				
MN768561	MN768561.1	Torque teno virus		Anelloviridae	Viruses; Floreoviria; Shotokuvirae; Commensaviricota; Cardeaviricetes; Sanitavirales; Anelloviridae	DNA	linear	3451		Homo sapiens	SAfiA-716-1	false	ncbi-genbank	8a53bceaa34797f11c6df9a8dc5663c85d1a4c4c5187ee1f7b869b4dc86f274e				
MN768562	MN768562.1	Torque teno virus		Anelloviridae	Viruses; Floreoviria; Shotokuvirae; Commensaviricota; Cardeaviricetes; Sanitavirales; Anelloviridae	DNA	linear	3655		Homo sapiens	SAfiA-252-1	false	ncbi-genbank	8af7ace9b07219d9eb9186fe23a23f3667fd0d6c32e51ca06fc54e4caa536fb5				
MN768563	MN768563.1	Torque teno virus		Anelloviridae	Viruses; Floreoviria; Shotokuvirae; Commensaviricota; Cardeaviricetes; Sanitavirales; Anelloviridae	DNA	linear	3713		Homo sapiens	SAfiA-274-0	false	ncbi-genbank	43a6c51ea3d67f4c5930757527e652b63485a5de0a6f32e9232732e837525f9b				
MN768564	MN768564.1	Torque teno virus		Anelloviridae	Viruses; Floreoviria; Shotokuvirae; Commensaviricota; Cardeaviricetes; Sanitavirales; Anelloviridae	DNA	linear	3621		Homo sapiens	SAfiA-569-2	false	ncbi-genbank	879a154b7fc7b625088835e01001b33799e4b1e97791d6c697073f3f44e86c44				
MN768565	MN768565.1	Torque teno virus		Anelloviridae	Viruses; Floreoviria; Shotokuvirae; Commensaviricota; Cardeaviricetes; Sanitavirales; Anelloviridae	DNA	linear	3651		Homo sapiens	SAfiA-593-0	false	ncbi-genbank	bd1eb2bc52b781d5295b9dfcb3de0dbbf615b1f8d01978c2b177d1af93e7e543				
MN768566	MN768566.1	Torque teno virus		Anelloviridae	Viruses; Floreoviria; Shotokuvirae; Commensaviricota; Cardeaviricetes; Sanitavirales; Anelloviridae	DNA	linear	3371		Homo sapiens	SAfiA-595-8	false	ncbi-genbank	b9490c95422f699d395e2c61844fcb183d854084c09a6cca737c8f3b807ae0f4				
MN768568	MN768568.1	Torque teno virus		Anelloviridae	Viruses; Floreoviria; Shotokuvirae; Commensaviricota; Cardeaviricetes; Sanitavirales; Anelloviridae	DNA	linear	3488		Homo sapiens	SAfiA-92-2	false	ncbi-genbank	3b0f13d746b491d7823925c5880a28ba6432e2d07f320431cc94f95ee861ca2b				
MT506588	MT506588.1	Torque teno virus		Anelloviridae	Viruses; Floreoviria; Shotokuvirae; Commensaviricota; Cardeaviricetes; Sanitavirales; Anelloviridae	DNA	circular	2900		Homo sapiens	0405_TTV2	false	ncbi-genbank	cd8747a73643bcf4dbd9bbc1c619e87d507504e4722ceed79873a8ce7b79f888				
MT506589	MT506589.1	Torque teno virus		Anelloviridae	Viruses; Floreoviria; Shotokuvirae; Commensaviricota; Cardeaviricetes; Sanitavirales; Anelloviridae	DNA	circular	3245		Homo sapiens	0405_TTV3	false	ncbi-genbank	97ba7a0e34320937a0689eb239edae682ed9007074c745f9dc8cfadfb85212b2				
MT783404	MT783404.1	Torque teno virus		Anelloviridae	Viruses; Floreoviria; Shotokuvirae; Commensaviricota; Cardeaviricetes; Sanitavirales; Anelloviridae	DNA	linear	3700		Homo sapiens	ydyzj-6106	false	ncbi-genbank	c3ca3e4263520fac5220e4e919cf1d275543d1c18f52868be2842fbe98a47368				
MT783405	MT783405.1	Torque teno virus		Anelloviridae	Viruses; Floreoviria; Shotokuvirae; Commensaviricota; Cardeaviricetes; Sanitavirales; Anelloviridae	DNA	linear	3732		Homo sapiens	ydyzj-6462	false	ncbi-genbank	393bd524d47921a725f9cf123f4af13d76bb0190666b34d007521608c4cc3392				
MT783406	MT783406.1	Torque teno virus		Anelloviridae	Viruses; Floreoviria; Shotokuvirae; Commensaviricota; Cardeaviricetes; Sanitavirales; Anelloviridae	DNA	linear	3633		Homo sapiens	ydyzj-7432	false	ncbi-genbank	5f93f0959cd66887da3650f74caba80dd0b776b167908db5f93db07d56cd9227				
MW857571	MW857571.1	Torque teno virus		Anelloviridae	Viruses; Floreoviria; Shotokuvirae; Commensaviricota; Cardeaviricetes; Sanitavirales; Anelloviridae	DNA	circular	3573		Homo sapiens	TZ19	false	ncbi-genbank	76a0a90d30555e05c27d5945b607d0b65881434634448cea32553acc6f89c390				
OP985293	OP985293.1	Torque teno virus		Anelloviridae	Viruses; Floreoviria; Shotokuvirae; Commensaviricota; Cardeaviricetes; Sanitavirales; Anelloviridae	DNA	linear	3609		Homo sapiens	TTV/hb036-anello-2	false	ncbi-genbank	7f9ee7fe52a930ff8c2f4dc0ca98f6de938bd666eac18661efecc2a5780fc983				
OP985294	OP985294.1	Torque teno virus		Anelloviridae	Viruses; Floreoviria; Shotokuvirae; Commensaviricota; Cardeaviricetes; Sanitavirales; Anelloviridae	DNA	linear	3721		Homo sapiens	TTV/hb036-anello-1	false	ncbi-genbank	947dad9cc597e6a2ae6b00b455846a376bb927716e832838c7eed8816aa77f90				
PP374828	PP374828.1	Torque teno virus		Anelloviridae	Viruses; Floreoviria; Shotokuvirae; Commensaviricota; Cardeaviricetes; Sanitavirales; Anelloviridae	DNA	circular	3830		Homo sapiens	HNPP1	false	ncbi-genbank	7c921ec7ae5a0bc7541644eac463249bb8a1dcd40b9b957e3f4646a5126e16fe				
PP374829	PP374829.1	Torque teno virus		Anelloviridae	Viruses; Floreoviria; Shotokuvirae; Commensaviricota; Cardeaviricetes; Sanitavirales; Anelloviridae	DNA	circular	3794		Homo sapiens	HNPP2	false	ncbi-genbank	54fe1404404ea5d0b05ef5a733d6e2d8c309d4180dbc39243ca6f3e0494b574b				
PP374830	PP374830.1	Torque teno virus		Anelloviridae	Viruses; Floreoviria; Shotokuvirae; Commensaviricota; Cardeaviricetes; Sanitavirales; Anelloviridae	DNA	circular	3741		Homo sapiens	HNPP3	false	ncbi-genbank	2ac511e121613b78c4adc99faa01dc2294054b45d0feff4150dcb41d2c26757c				
PP374831	PP374831.1	Torque teno virus		Anelloviridae	Viruses; Floreoviria; Shotokuvirae; Commensaviricota; Cardeaviricetes; Sanitavirales; Anelloviridae	DNA	circular	3769		Homo sapiens	HNPP4	false	ncbi-genbank	210b706f3a6e57da282afcfba399cc892059c36874a4d8cfaa045ace8eb2a767				
PP374832	PP374832.1	Torque teno virus		Anelloviridae	Viruses; Floreoviria; Shotokuvirae; Commensaviricota; Cardeaviricetes; Sanitavirales; Anelloviridae	DNA	circular	3908		Homo sapiens	HNPP5	false	ncbi-genbank	ca78f294a99a7e252b5f6e8c99b0774121c47dd386bb054b26c7d6d51067d728				
PP374834	PP374834.1	Torque teno virus		Anelloviridae	Viruses; Floreoviria; Shotokuvirae; Commensaviricota; Cardeaviricetes; Sanitavirales; Anelloviridae	DNA	circular	3773		Homo sapiens	HNPP6-2	false	ncbi-genbank	103bab0d793aa0fd32371858090ebbbb8144365a35fc6c53614bbd3bdbbac26a				
PP374835	PP374835.1	Torque teno virus		Anelloviridae	Viruses; Floreoviria; Shotokuvirae; Commensaviricota; Cardeaviricetes; Sanitavirales; Anelloviridae	DNA	circular	3798		Homo sapiens	HNPP7-1	false	ncbi-genbank	fbb777f575e888cd6a5876796593ba7a701bb388c2352b7e1b6220e559ea0a14				
PQ438050	PQ438050.1	Torque teno virus		Anelloviridae	Viruses; Floreoviria; Shotokuvirae; Commensaviricota; Cardeaviricetes; Sanitavirales; Anelloviridae	DNA	linear	3062		Homo sapiens	BB02_W200314045308P	false	ncbi-genbank	271c0462b55e79a55c2a957c37b123fe5b8cb2ddfc645a3195ffc75762a71a95				
MH017570	MH017570.1	Torque teno virus 1	Alphatorquevirus	Anelloviridae	Viruses; Floreoviria; Shotokuvirae; Commensaviricota; Cardeaviricetes; Sanitavirales; Anelloviridae; Alphatorquevirus; Alphatorquevirus homin1	DNA	circular	3856		Homo sapiens	BNI-700199-G4-CSF	false	ncbi-genbank	9a1dc67d56f70eb02008a9cfc60b6aae0eb2240f18c7cc5dc94f5a6d287d8313				
MH017577	MH017577.1	Torque teno virus 1	Alphatorquevirus	Anelloviridae	Viruses; Floreoviria; Shotokuvirae; Commensaviricota; Cardeaviricetes; Sanitavirales; Anelloviridae; Alphatorquevirus; Alphatorquevirus homin1	DNA	circular	3856		Homo sapiens	BNI-700831-G4-SER0	false	ncbi-genbank	c876c0ad0cc5c87e93efddb133d80e81d2575103b7c3fb48d31b0a5e8cfcb54f				
MH017583	MH017583.1	Torque teno virus 1	Alphatorquevirus	Anelloviridae	Viruses; Floreoviria; Shotokuvirae; Commensaviricota; Cardeaviricetes; Sanitavirales; Anelloviridae; Alphatorquevirus; Alphatorquevirus homin1	DNA	circular	3856		Homo sapiens	BNI-700907-G4-CSF	false	ncbi-genbank	d9dd0fb4ac2b88f9936ecd172f6ac7cfd0e455214142a895d8a450a3358b077d				
NC_002076	NC_002076.2	Torque teno virus 1	Alphatorquevirus	Anelloviridae	Viruses; Floreoviria; Shotokuvirae; Commensaviricota; Cardeaviricetes; Sanitavirales; Anelloviridae; Alphatorquevirus; Alphatorquevirus homin1	ss-DNA	circular	3852			VT416	true	ncbi-genbank	c29a45fb7044db9a869541d017e24db3d35157a0236ca83cfbbf5c640c95895f				
GU797360	GU797360.1	Torque teno virus 10	Alphatorquevirus	Anelloviridae	Viruses; Floreoviria; Shotokuvirae; Commensaviricota; Cardeaviricetes; Sanitavirales; Anelloviridae; Alphatorquevirus; Alphatorquevirus homin10	DNA	linear	3767		Homo sapiens	BIS8-17	false	ncbi-genbank	1c0fcb049bd67730c84b08e2d8c7c028b3abacc899d088d41360556123f641a1				
NC_014076	NC_014076.1	Torque teno virus 10	Alphatorquevirus	Anelloviridae	Viruses; Floreoviria; Shotokuvirae; Commensaviricota; Cardeaviricetes; Sanitavirales; Anelloviridae; Alphatorquevirus; Alphatorquevirus homin10	ss-DNA	circular	3770			JT34F	true	ncbi-genbank	4b2698a9c61fb249dee3f9862adb5302280d74af0397808ab56559d3edb67ec0				
NC_038338	NC_038338.1	Torque teno virus 11	Alphatorquevirus	Anelloviridae	Viruses; Floreoviria; Shotokuvirae; Commensaviricota; Cardeaviricetes; Sanitavirales; Anelloviridae; Alphatorquevirus; Alphatorquevirus homin9	DNA	linear	3193			TCHN-D1	true	ncbi-genbank	2152d396176354907b46417e0090f9aec8192a2e1ac5ad7347995f38a1b9bdd3				
NC_014075	NC_014075.1	Torque teno virus 12	Alphatorquevirus	Anelloviridae	Viruses; Floreoviria; Shotokuvirae; Commensaviricota; Cardeaviricetes; Sanitavirales; Anelloviridae; Alphatorquevirus; Alphatorquevirus homin9	ss-DNA	circular	3759			CT44F	true	ncbi-genbank	2e2475f3819b1ddce606bd76387b374c36afa9a293db3f16c4812c8aa47778f3				
NC_038339	NC_038339.1	Torque teno virus 13	Alphatorquevirus	Anelloviridae	Viruses; Floreoviria; Shotokuvirae; Commensaviricota; Cardeaviricetes; Sanitavirales; Anelloviridae; Alphatorquevirus; Alphatorquevirus homin13	DNA	linear	3312			TCHN-A	true	ncbi-genbank	609e46cd23fcca03405effcb403962a6f8d784bab0e433a83a7edadafe27040f				
NC_014096	NC_014096.1	Torque teno virus 15	Alphatorquevirus	Anelloviridae	Viruses; Floreoviria; Shotokuvirae; Commensaviricota; Cardeaviricetes; Sanitavirales; Anelloviridae; Alphatorquevirus; Alphatorquevirus homin15	ss-DNA	circular	3787			TJN01	true	ncbi-genbank	c2ceceb56a8950fe1f007925bda8be338fe26dcadb5488e9732c5a07cac702ec				
NC_014091	NC_014091.1	Torque teno virus 16	Alphatorquevirus	Anelloviridae	Viruses; Floreoviria; Shotokuvirae; Commensaviricota; Cardeaviricetes; Sanitavirales; Anelloviridae; Alphatorquevirus; Alphatorquevirus homin15	ss-DNA	circular	3818			TUS01	true	ncbi-genbank	79688f6756ec774afcab0849c8beee90bf591bfc53ad179592d028f215c96e22				
NC_014078	NC_014078.1	Torque teno virus 19	Alphatorquevirus	Anelloviridae	Viruses; Floreoviria; Shotokuvirae; Commensaviricota; Cardeaviricetes; Sanitavirales; Anelloviridae; Alphatorquevirus; Alphatorquevirus homin19	ss-DNA	circular	3808			TTV SANBAN	true	ncbi-genbank	a667ef86bf37099af56da9254273630845b13daf0fe902e25c80a73d2ded691a				
NC_014480	NC_014480.2	Torque teno virus 2	Alphatorquevirus	Anelloviridae	Viruses; Floreoviria; Shotokuvirae; Commensaviricota; Cardeaviricetes; Sanitavirales; Anelloviridae; Alphatorquevirus; Alphatorquevirus homin2	DNA	linear	3322		Pan troglodytes	s-TTV CH71	true	ncbi-genbank	2518bddbaceeef7ea77777da132cb65661371109929004b5499a850e9da5c740				
NC_038340	NC_038340.1	Torque teno virus 20	Alphatorquevirus	Anelloviridae	Viruses; Floreoviria; Shotokuvirae; Commensaviricota; Cardeaviricetes; Sanitavirales; Anelloviridae; Alphatorquevirus; Alphatorquevirus homin20	DNA	linear	3234				true	ncbi-genbank	44007b55841ed1259f29eca9becb1d69ae15350fbf738269e9735d3df7438354				
NC_038341	NC_038341.1	Torque teno virus 21	Alphatorquevirus	Anelloviridae	Viruses; Floreoviria; Shotokuvirae; Commensaviricota; Cardeaviricetes; Sanitavirales; Anelloviridae; Alphatorquevirus; Alphatorquevirus homin21	DNA	linear	3153			TCHN-B	true	ncbi-genbank	985abc9e3723b22eec24ddeadf2ff50c4e08a8f826325a7458030414756d413b				
NC_038343	NC_038343.1	Torque teno virus 24	Alphatorquevirus	Anelloviridae	Viruses; Floreoviria; Shotokuvirae; Commensaviricota; Cardeaviricetes; Sanitavirales; Anelloviridae; Alphatorquevirus; Alphatorquevirus homin24	DNA	linear	3246				true	ncbi-genbank	1fa36b8842630e504811ac102eea400dd6a00a9e8f98149c268bec489e23aaeb				
NC_014073	NC_014073.1	Torque teno virus 28	Alphatorquevirus	Anelloviridae	Viruses; Floreoviria; Shotokuvirae; Commensaviricota; Cardeaviricetes; Sanitavirales; Anelloviridae; Alphatorquevirus; Alphatorquevirus homin29	ss-DNA	circular	3629			CT43F	true	ncbi-genbank	c57b12f5c1058483abab76a0c7626261b50db4a78a49087d90ae1c92a3889714				
NC_038344	NC_038344.1	Torque teno virus 29	Alphatorquevirus	Anelloviridae	Viruses; Floreoviria; Shotokuvirae; Commensaviricota; Cardeaviricetes; Sanitavirales; Anelloviridae; Alphatorquevirus; Alphatorquevirus homin29	DNA	linear	3676			TTVyon-KC009	true	ncbi-genbank	a6f4eda93b2eb597b574b37694f855efd8699456120385b7032fee74896412f8				
NC_014081	NC_014081.1	Torque teno virus 3	Alphatorquevirus	Anelloviridae	Viruses; Floreoviria; Shotokuvirae; Commensaviricota; Cardeaviricetes; Sanitavirales; Anelloviridae; Alphatorquevirus; Alphatorquevirus homin3	ss-DNA	circular	3748			HEL32	true	ncbi-genbank	3f9c3e1781df36e7e09a692ee90897b235071d22bb9150435ae489598da966fe				
NC_038336	NC_038336.1	Torque teno virus 5	Alphatorquevirus	Anelloviridae	Viruses; Floreoviria; Shotokuvirae; Commensaviricota; Cardeaviricetes; Sanitavirales; Anelloviridae; Alphatorquevirus; Alphatorquevirus homin5	DNA	linear	3229			TCHN-C1	true	ncbi-genbank	9eab9fd14e12916606825b371c51a33bd7f8ecbdbed43e1d421b6ad05324143d				
NC_014094	NC_014094.1	Torque teno virus 6	Alphatorquevirus	Anelloviridae	Viruses; Floreoviria; Shotokuvirae; Commensaviricota; Cardeaviricetes; Sanitavirales; Anelloviridae; Alphatorquevirus; Alphatorquevirus homin6	ss-DNA	circular	3705			KAV	true	ncbi-genbank	8dcfa1ce5501cb470c3fe1145be1521d9838a79cdcf26fda3963d44bb04ec10a				
LC385662	LC385662.1	Torque teno virus 7	Alphatorquevirus	Anelloviridae	Viruses; Floreoviria; Shotokuvirae; Commensaviricota; Cardeaviricetes; Sanitavirales; Anelloviridae; Alphatorquevirus; Alphatorquevirus homin7	DNA	linear	3699		Homo sapiens	KD1	false	ncbi-genbank	f743f53a882754d1218a76b422d15f4f86da0e0ca072e602d2e6bfeb29411bde				
NC_014080	NC_014080.1	Torque teno virus 7	Alphatorquevirus	Anelloviridae	Viruses; Floreoviria; Shotokuvirae; Commensaviricota; Cardeaviricetes; Sanitavirales; Anelloviridae; Alphatorquevirus; Alphatorquevirus homin7	ss-DNA	circular	3736			PMV	true	ncbi-genbank	2415408aff42ee752cfb9085db61f4936e860284b483e78efba10ab437f7dbb1				
NC_014084	NC_014084.1	Torque teno virus 8		Anelloviridae	Viruses; Floreoviria; Shotokuvirae; Commensaviricota; Cardeaviricetes; Sanitavirales; Anelloviridae	ss-DNA	circular	3790			Kt-08F	true	ncbi-genbank	8bc6019e5dc75da295e87bd58f84fdd755b85e5fda608f4d8f401a5daffeb91e				
NC_038337	NC_038337.1	Torque teno virus 9	Alphatorquevirus	Anelloviridae	Viruses; Floreoviria; Shotokuvirae; Commensaviricota; Cardeaviricetes; Sanitavirales; Anelloviridae; Alphatorquevirus; Alphatorquevirus homin9	DNA	linear	3064		Homo sapiens	BM1C	true	ncbi-genbank	2e0bbbe84f7952369a46099f202396ed65d5ddabcad31c628c873849e86236d1				
MW679003	MW679003.1	Torque teno virus AZ1_2		Anelloviridae	Viruses; Floreoviria; Shotokuvirae; Commensaviricota; Cardeaviricetes; Sanitavirales; Anelloviridae	DNA	circular	3770		Homo sapiens	AZ1_2	false	ncbi-genbank	06a046a62a47e14bb0e0c0b5f1b1c34127256276b4fc1c19442afcf8cc86bfdc				
MW679005	MW679005.1	Torque teno virus AZ6_5		Anelloviridae	Viruses; Floreoviria; Shotokuvirae; Commensaviricota; Cardeaviricetes; Sanitavirales; Anelloviridae	DNA	circular	3684		Homo sapiens	AZ6_5	false	ncbi-genbank	33d3a238ceda1a5f38f2092b9157bd9fe201962bc35eb18f08539e3e443cacec				
MW679006	MW679006.1	Torque teno virus AZ7_4		Anelloviridae	Viruses; Floreoviria; Shotokuvirae; Commensaviricota; Cardeaviricetes; Sanitavirales; Anelloviridae	DNA	circular	3781		Homo sapiens	AZ7_4	false	ncbi-genbank	bd09cf28afc88f29620644d6621c8033f59bd6d21211c7243a3609b485ab4047				
MN770091	MN770091.1	Yodtorquevirus hominid10	Yodtorquevirus	Anelloviridae	Viruses; Floreoviria; Shotokuvirae; Commensaviricota; Cardeaviricetes; Sanitavirales; Anelloviridae; Yodtorquevirus	DNA	linear	2952		Homo sapiens	SAfiA-574-5	false	ncbi-genbank	a35d6f33514fd3d0536d0dc7fc187bae569d74066006089c4df75dea12010572				
NC_004291	NC_004291.1	Mammarenavirus choriomeningitidis	Mammarenavirus	Arenaviridae	Viruses; Riboviria; Orthornavirae; Negarnaviricota; Polyploviricotina; Bunyaviricetes; Hareavirales; Arenaviridae; Mammarenavirus	ss-RNA	linear	6680	L		Armstrong 53b	true	ncbi-genbank	bb8b502b7a74e6c7a3c83fef6ab124f64316d97b31b46aedc916bf59432589b1				
NC_004294	NC_004294.1	Mammarenavirus choriomeningitidis	Mammarenavirus	Arenaviridae	Viruses; Riboviria; Orthornavirae; Negarnaviricota; Polyploviricotina; Bunyaviricetes; Hareavirales; Arenaviridae; Mammarenavirus	ss-RNA	linear	3376	S			true	ncbi-genbank	7e3c15ed50cef1199db37e98329f0d6db46b6ef56730c3a2e802e105f4fd15a5				
NC_004296	NC_004296.1	Mammarenavirus lassaense	Mammarenavirus	Arenaviridae	Viruses; Riboviria; Orthornavirae; Negarnaviricota; Polyploviricotina; Bunyaviricetes; Hareavirales; Arenaviridae; Mammarenavirus	ss-RNA	linear	3402	S		Josiah	true	ncbi-genbank	69535a6e76ab53a05dc4128a56d93613743d3b23ce7b39c5991d47e602e935fb				
NC_004297	NC_004297.1	Mammarenavirus lassaense	Mammarenavirus	Arenaviridae	Viruses; Riboviria; Orthornavirae; Negarnaviricota; Polyploviricotina; Bunyaviricetes; Hareavirales; Arenaviridae; Mammarenavirus	ss-RNA	linear	7279	L		Josiah	true	ncbi-genbank	c8ebdfca01d18ec5409a779cec3a975b3012b5f74b5ec027fb0465cb4b1e6ea6				
NC_001943	NC_001943.1	Human astrovirus		Astroviridae	Viruses; Riboviria; Orthornavirae; Pisuviricota; Stelpaviricetes; Stellavirales; Astroviridae	ss-RNA	linear	6813				true	ncbi-genbank	6a66ee932fd5aab794c55994db3c087f050e4e731bb0bf0ba7f82b0e6269bd40				
NC_001959	NC_001959.2	Norovirus GI	Norovirus	Caliciviridae	Viruses; Riboviria; Orthornavirae; Pisuviricota; Pisoniviricetes; Picornavirales; Caliciviridae; Norovirus; Norovirus norwalkense	ss-RNA	linear	7654				true	ncbi-genbank	600f5ba0175afdd8eda0e09628302884790b174404295da2e3fa5ca0e0d4c24e				
NC_006554	NC_006554.1	Sapovirus C12	Sapovirus	Caliciviridae	Viruses; Riboviria; Orthornavirae; Pisuviricota; Pisoniviricetes; Picornavirales; Caliciviridae; Sapovirus; Sapovirus sapporoense	ss-RNA	linear	7476			C12	true	ncbi-genbank	e3be2a2bb30b8d519928f492670702955e4da3640886b40e49fff46eb29e5c9b				
NC_002645	NC_002645.1	Human coronavirus 229E	Duvinacovirus	Coronaviridae	Viruses; Riboviria; Orthornavirae; Pisuviricota; Pisoniviricetes; Nidovirales; Cornidovirineae; Coronaviridae; Orthocoronavirinae; Alphacoronavirus; Duvinacovirus; Alphacoronavirus chicagoense	ss-RNA	linear	27317				true	ncbi-genbank	ab9b16bc6980b5faab70f64662aada9aa487245b17c7587fdf4cf3b080da261c				
NC_006577	NC_006577.2	Human coronavirus HKU1	Embecovirus	Coronaviridae	Viruses; Riboviria; Orthornavirae; Pisuviricota; Pisoniviricetes; Nidovirales; Cornidovirineae; Coronaviridae; Orthocoronavirinae; Betacoronavirus; Embecovirus; Betacoronavirus hongkongense	ss-RNA	linear	29926		Homo sapiens	HKU1	true	ncbi-genbank	9485c991ff5cf5ea6c8f7d0faced10e71d9ad856c95f869f0e395c8d5952dbdb				
NC_005831	NC_005831.2	Human coronavirus NL63	Setracovirus	Coronaviridae	Viruses; Riboviria; Orthornavirae; Pisuviricota; Pisoniviricetes; Nidovirales; Cornidovirineae; Coronaviridae; Orthocoronavirinae; Alphacoronavirus; Setracovirus; Alphacoronavirus amsterdamense	ss-RNA	linear	27553			Amsterdam I	true	ncbi-genbank	0f9b1cb4cf9aa2d537451eea6a0193b91698587ef3ac2571d08e9853403d2320				
NC_006213	NC_006213.1	Human coronavirus OC43	Embecovirus	Coronaviridae	Viruses; Riboviria; Orthornavirae; Pisuviricota; Pisoniviricetes; Nidovirales; Cornidovirineae; Coronaviridae; Orthocoronavirinae; Betacoronavirus; Embecovirus; Betacoronavirus gravedinis	RNA	linear	30741			ATCC VR-759	true	ncbi-genbank	c7eb19a86f18b3547a7ce1d6f8eaae9f8d8da57fb5f40b03600a1c95f6ca42a7				
NC_019843	NC_019843.3	Middle East respiratory syndrome-related coronavirus	Merbecovirus	Coronaviridae	Viruses; Riboviria; Orthornavirae; Pisuviricota; Pisoniviricetes; Nidovirales; Cornidovirineae; Coronaviridae; Orthocoronavirinae; Betacoronavirus; Merbecovirus; Betacoronavirus cameli	RNA	linear	30119		Homo sapiens	HCoV-EMC/2012	true	ncbi-genbank	c71b4eb41ad1afdc5cbf2fbede1270805520b54a1fb09cab6b54f35d6b5d7f2d				
NC_004718	NC_004718.3	SARS coronavirus Tor2	Sarbecovirus	Coronaviridae	Viruses; Riboviria; Orthornavirae; Pisuviricota; Pisoniviricetes; Nidovirales; Cornidovirineae; Coronaviridae; Orthocoronavirinae; Betacoronavirus; Sarbecovirus; Betacoronavirus pandemicum	RNA	linear	29751		Homo sapiens; patient #2 with severe acute	Tor2	true	ncbi-genbank	69118f0140697ea87f56c08ce604714375a18f1b27594864a00c1d980d804a4a				
NC_045512	NC_045512.2	Severe acute respiratory syndrome coronavirus 2	Sarbecovirus	Coronaviridae	Viruses; Riboviria; Orthornavirae; Pisuviricota; Pisoniviricetes; Nidovirales; Cornidovirineae; Coronaviridae; Orthocoronavirinae; Betacoronavirus; Sarbecovirus; Betacoronavirus pandemicum	ss-RNA	linear	29903		Homo sapiens	Wuhan-Hu-1	true	ncbi-genbank	87744b176aa9ce71350c8becf0d062950dbc485a59766fcfe723ec859f6b6d5c				
NC_001608	NC_001608.3	Orthomarburgvirus marburgense	Orthomarburgvirus	Filoviridae	Viruses; Riboviria; Orthornavirae; Negarnaviricota; Haploviricotina; Monjiviricetes; Mononegavirales; Filoviridae; Orthomarburgvirus	cRNA	linear	19111			Marburg virus/H.sapiens-tc/KEN/1980/Mt.	true	ncbi-genbank	8ad503a7b07c5d91f97c2dca572021a58d950c370af7074ebbc5414e6442fb3e				
NC_002549	NC_002549.1	Zaire ebolavirus	Orthoebolavirus	Filoviridae	Viruses; Riboviria; Orthornavirae; Negarnaviricota; Haploviricotina; Monjiviricetes; Mononegavirales; Filoviridae; Orthoebolavirus; Orthoebolavirus zairense	cRNA	linear	18959			Ebola	true	ncbi-genbank	a3911eba09f9b4bd3c997c4988e5034509de202302fb894a8030fdc1384e2012				
NC_001437	NC_001437.1	Japanese encephalitis virus	Euflavivirus	Flaviviridae	Viruses; Riboviria; Orthornavirae; Kitrinoviricota; Flasuviricetes; Amarillovirales; Flaviviridae; Orthoflavivirus; Euflavivirus; Orthoflavivirus japonicum	ss-RNA	linear	10976				true	ncbi-genbank	f01219e3382219559c1d78b8689e1efe8258a6e52947fc3f9097b432f96cfdbf				
NC_003690	NC_003690.1	Langat virus	Euflavivirus	Flaviviridae	Viruses; Riboviria; Orthornavirae; Kitrinoviricota; Flasuviricetes; Amarillovirales; Flaviviridae; Orthoflavivirus; Euflavivirus; Orthoflavivirus langatense	ss-RNA	linear	10943			TP21	true	ncbi-genbank	06ee9a36664d7febddfb618701302e3fa5d7af59c088cc14513ffbca6f426e04				
NC_001809	NC_001809.1	Louping ill virus	Euflavivirus	Flaviviridae	Viruses; Riboviria; Orthornavirae; Kitrinoviricota; Flasuviricetes; Amarillovirales; Flaviviridae; Orthoflavivirus; Euflavivirus; Orthoflavivirus loupingi	ss-RNA	linear	10871			369/T2	true	ncbi-genbank	25edbc30cda467b76685f317ae0c448832d041e054c35ceddc88ddafd65cc505				
NC_000943	NC_000943.1	Murray Valley encephalitis virus	Euflavivirus	Flaviviridae	Viruses; Riboviria; Orthornavirae; Kitrinoviricota; Flasuviricetes; Amarillovirales; Flaviviridae; Orthoflavivirus; Euflavivirus; Orthoflavivirus murrayense	ss-RNA	linear	11014				true	ncbi-genbank	d4d7443298ccca56b09e9724d4249ff14164791463e17b6624be2e51b3ed1ca7				
NC_003687	NC_003687.1	Powassan virus	Euflavivirus	Flaviviridae	Viruses; Riboviria; Orthornavirae; Kitrinoviricota; Flasuviricetes; Amarillovirales; Flaviviridae; Orthoflavivirus; Euflavivirus; Orthoflavivirus powassanense	ss-RNA	linear	10839			LB	true	ncbi-genbank	83af9c67490095200c5002a5c7100e4af8f50b74e199fa1625a42c6cd86ddddb				
NC_007580	NC_007580.2	St. Louis encephalitis virus	Euflavivirus	Flaviviridae	Viruses; Riboviria; Orthornavirae; Kitrinoviricota; Flasuviricetes; Amarillovirales; Flaviviridae; Orthoflavivirus; Euflavivirus; Orthoflavivirus louisense	ss-RNA	linear	10940			Kern217	true	ncbi-genbank	dcf9cfaf90955613b8e30c07d1b2ae919d75b4e3cf1b4d0633cd61be63d50404				
NC_001563	NC_001563.2	West Nile virus	Euflavivirus	Flaviviridae	Viruses; Riboviria; Orthornavirae; Kitrinoviricota; Flasuviricetes; Amarillovirales; Flaviviridae; Orthoflavivirus; Euflavivirus; Orthoflavivirus nilense	ss-RNA	linear	10962			956	true	ncbi-genbank	221c7f2ce0a95be398a7d170267e9272d6ac311936218adcb32b1febd88c153d				
NC_002031	NC_002031.1	Yellow fever virus	Euflavivirus	Flaviviridae	Viruses; Riboviria; Orthornavirae; Kitrinoviricota; Flasuviricetes; Amarillovirales; Flaviviridae; Orthoflavivirus; Euflavivirus; Orthoflavivirus flavi	ss-RNA	linear	10862			17D vaccine strain	true	ncbi-genbank	0c6334e24770942e0babbb0543475277f502858db73228b755de88bc4c797009				
NC_012532	NC_012532.1	Zika virus	Euflavivirus	Flaviviridae	Viruses; Riboviria; Orthornavirae; Kitrinoviricota; Flasuviricetes; Amarillovirales; Flaviviridae; Orthoflavivirus; Euflavivirus; Orthoflavivirus zikaense	RNA	linear	10794		sentinel monkey	MR 766	true	ncbi-genbank	31ed321b1fff90b8d10941fe1de21a5a236c85d8f5619324e57ae0dd9caa1a91				
NC_001477	NC_001477.1	dengue virus type 1	Euflavivirus	Flaviviridae	Viruses; Riboviria; Orthornavirae; Kitrinoviricota; Flasuviricetes; Amarillovirales; Flaviviridae; Orthoflavivirus; Euflavivirus; Orthoflavivirus denguei	ss-RNA	linear	10735				true	ncbi-genbank	b603352c473459131c7cd86ef4a5b7b505a8cf62648e30f14d67999a378dcc31				
NC_005218	NC_005218.1	Orthohantavirus hantanense	Orthohantavirus	Hantaviridae	Viruses; Riboviria; Orthornavirae; Negarnaviricota; Polyploviricotina; Bunyaviricetes; Elliovirales; Hantaviridae; Mammantavirinae; Orthohantavirus	ss-RNA	linear	1696	S			true	ncbi-genbank	b22891c413f635b9cb84b74db32a6e18d02c43bb10fbb84429e3abc6d4f13286				
NC_005219	NC_005219.1	Orthohantavirus hantanense	Orthohantavirus	Hantaviridae	Viruses; Riboviria; Orthornavirae; Negarnaviricota; Polyploviricotina; Bunyaviricetes; Elliovirales; Hantaviridae; Mammantavirinae; Orthohantavirus	ss-RNA	linear	3616	M			true	ncbi-genbank	ac8d108cf5bb36e8ddb91625d7b9741976a5b1c79254f8124eec7249508bd1af				
NC_005222	NC_005222.1	Orthohantavirus hantanense	Orthohantavirus	Hantaviridae	Viruses; Riboviria; Orthornavirae; Negarnaviricota; Polyploviricotina; Bunyaviricetes; Elliovirales; Hantaviridae; Mammantavirinae; Orthohantavirus	RNA	linear	6533	L		76-118	true	ncbi-genbank	411a9fb61e434a5660e700fb54c2f5250aab87b2e1116cb5d4d50d3b8c4ee6df				
NC_005236	NC_005236.1	Orthohantavirus seoulense	Orthohantavirus	Hantaviridae	Viruses; Riboviria; Orthornavirae; Negarnaviricota; Polyploviricotina; Bunyaviricetes; Elliovirales; Hantaviridae; Mammantavirinae; Orthohantavirus	cRNA	linear	1769	S		80-39	true	ncbi-genbank	15c31941e91d0feb853df469a2923e157534d71dcb699037a4cfe0e619b7671d				
NC_005237	NC_005237.1	Orthohantavirus seoulense	Orthohantavirus	Hantaviridae	Viruses; Riboviria; Orthornavirae; Negarnaviricota; Polyploviricotina; Bunyaviricetes; Elliovirales; Hantaviridae; Mammantavirinae; Orthohantavirus	cRNA	linear	3651	M		80-39	true	ncbi-genbank	71fa25a8dee1596bfad571507ff455e3ba63443020c93cb4bb3a46450c13b68a				
NC_005238	NC_005238.1	Orthohantavirus seoulense	Orthohantavirus	Hantaviridae	Viruses; Riboviria; Orthornavirae; Negarnaviricota; Polyploviricotina; Bunyaviricetes; Elliovirales; Hantaviridae; Mammantavirinae; Orthohantavirus	cRNA	linear	6530	L		80-39	true	ncbi-genbank	85522deb18407fd391874f0c051cc1b986120d0da6fe04fb21cb05e17d4398eb				
NC_001710	NC_001710.1	GB virus C	Pegivirus	Hepaciviridae	Viruses; Riboviria; Orthornavirae; Kitrinoviricota; Flasuviricetes; Amarillovirales; Hepaciviridae; Pegivirus; Pegivirus hominis	ss-RNA	linear	9392				true	ncbi-genbank	8e2607ed94e6cfedcedbcec0c7e1ec33d1aa698c4aa7b6a95367987492a4a835				
NC_004102	NC_004102.1	Hepatitis C virus genotype 1	Orthohepacivirus	Hepaciviridae	Viruses; Riboviria; Orthornavirae; Kitrinoviricota; Flasuviricetes; Amarillovirales; Hepaciviridae; Orthohepacivirus; Orthohepacivirus hominis	ss-RNA	linear	9646			H77	true	ncbi-genbank	7ee247fd5a71130f3d159b5be713d2a49528de4ac38708e48aaece7abc8d17b1				
NC_003977	NC_003977.2	Hepatitis B virus	Orthohepadnavirus	Hepadnaviridae	Viruses; Riboviria; Pararnavirae; Artverviricota; Revtraviricetes; Blubervirales; Hepadnaviridae; Orthohepadnavirus; Orthohepadnavirus hominoidei	DNA	circular	3182			ayw	true	ncbi-genbank	fc029dde709c58f70647eeb8ee0f5194e849a49febca952b8bd429b6a22ba16f				
NC_001434	NC_001434.1	Hepatitis E virus		Hepeviridae	Viruses; Riboviria; Orthornavirae; Kitrinoviricota; Alsuviricetes; Hepelivirales; Hepeviridae	ss-RNA	linear	7176			Xinjiang	true	ncbi-genbank	9f71ec9ae255ea676ba8e03df4fbbeff649ab65cabbbefd6d19f62ae1d80a92e				
NC_007605	NC_007605.1	Human gammaherpesvirus 4	Lymphocryptovirus	Herpesviridae	Viruses; Herpesvirales; Herpesviridae; Gammaherpesvirinae; Lymphocryptovirus	DNA	circular	171823		Homo sapiens	B95-8	true	ncbi-genbank	19c2bce05d7c284eed0b3c26a38b32a18888addac15edab3fa1150aad35313de				
NC_001653	NC_001653.2	Hepatitis delta virus	Deltavirus	Kolmioviridae	Viruses; Ribozyviria; Kolmioviridae; Deltavirus; Deltavirus italiense	ss-RNA	circular	1682				true	ncbi-genbank	0d2a45d3ff2c81220b54452a03c8800f376acc48fbb5db4e7d66d42801e2765a				
NC_001545	NC_001545.2	Rubella virus	Rubivirus	Matonaviridae	Viruses; Riboviria; Orthornavirae; Kitrinoviricota; Alsuviricetes; Hepelivirales; Matonaviridae; Rubivirus; Rubivirus rubellae	ss-RNA	linear	9762			F-Therien	true	ncbi-genbank	c13cf57d0d1dd225c66207a04824e3154e271cdee4b9a50f4994189ba018a9e7				
NC_005300	NC_005300.2	Orthonairovirus haemorrhagiae	Orthonairovirus	Nairoviridae	Viruses; Riboviria; Orthornavirae; Negarnaviricota; Polyploviricotina; Bunyaviricetes; Hareavirales; Nairoviridae; Orthonairovirus	ss-RNA	linear	5366	M	Hyalomma excavatum	IbAr10200	true	ncbi-genbank	01ddccc675695512fc68d9cbbaf6e1a08fd721866990f5e40b2d53b12da935f4				
NC_005301	NC_005301.3	Orthonairovirus haemorrhagiae	Orthonairovirus	Nairoviridae	Viruses; Riboviria; Orthornavirae; Negarnaviricota; Polyploviricotina; Bunyaviricetes; Hareavirales; Nairoviridae; Orthonairovirus	ss-RNA	linear	12108	L		IbAr10200	true	ncbi-genbank	aec4aae663bea49998d1eee44b56cb342e6ea9da02f9d3a3422c99d67735ef61				
NC_005302	NC_005302.1	Orthonairovirus haemorrhagiae	Orthonairovirus	Nairoviridae	Viruses; Riboviria; Orthornavirae; Negarnaviricota; Polyploviricotina; Bunyaviricetes; Hareavirales; Nairoviridae; Orthonairovirus	ss-RNA	linear	1672	S		10200	true	ncbi-genbank	6ecaa8c0a4dfc62175186cb0a754bbdaf45502c959d93ce37c4f248ad580c351				
NC_006560	NC_006560.1	Cercopithecine alphaherpesvirus 2	Simplexvirus	Orthoherpesviridae	Viruses; Duplodnaviria; Heunggongvirae; Peploviricota; Herviviricetes; Herpesvirales; Orthoherpesviridae; Alphaherpesvirinae; Simplexvirus; Simplexvirus cercopithecinealpha2	DNA	linear	150715		Cercopithecus aethiops	B264	true	ncbi-genbank	ee1a08df161615f00efd6424af34b6795e17bab912e8f00c862dd5af16d135dd				
NC_001806	NC_001806.2	Human alphaherpesvirus 1	Simplexvirus	Orthoherpesviridae	Viruses; Duplodnaviria; Heunggongvirae; Peploviricota; Herviviricetes; Herpesvirales; Orthoherpesviridae; Alphaherpesvirinae; Simplexvirus; Simplexvirus humanalpha1	DNA	linear	152222			17	true	ncbi-genbank	aaee9fc6ea1903632264f05cafb9cbbebb050bbc2d138b01dacb19abfa26a222				
NC_001798	NC_001798.2	Human alphaherpesvirus 2	Simplexvirus	Orthoherpesviridae	Viruses; Duplodnaviria; Heunggongvirae; Peploviricota; Herviviricetes; Herpesvirales; Orthoherpesviridae; Alphaherpesvirinae; Simplexvirus; Simplexvirus humanalpha2	DNA	linear	154675		Homo sapiens	HG52	true	ncbi-genbank	c14f4e76375f99731fd24fd2f535188d5eb18ec81d3cafe4b5ab74bc159f92f4				
NC_001348	NC_001348.1	Human alphaherpesvirus 3	Varicellovirus	Orthoherpesviridae	Viruses; Duplodnaviria; Heunggongvirae; Peploviricota; Herviviricetes; Herpesvirales; Orthoherpesviridae; Alphaherpesvirinae; Varicellovirus; Varicellovirus humanalpha3	DNA	linear	124884		Homo sapiens	Dumas	true	ncbi-genbank	26e84f9cb682610ee7d0f57d79597ee542b639d4b276465ddaead6681b349eff				
NC_006273	NC_006273.2	Human betaherpesvirus 5	Cytomegalovirus	Orthoherpesviridae	Viruses; Duplodnaviria; Heunggongvirae; Peploviricota; Herviviricetes; Herpesvirales; Orthoherpesviridae; Betaherpesvirinae; Cytomegalovirus; Cytomegalovirus humanbeta5	DNA	linear	235646		Homo sapiens	Merlin	true	ncbi-genbank	750541d43f20fc7a2ff9623516c63f4f12d1b0b2a5e3dae99ad25e0330a74915				
NC_001664	NC_001664.4	Human betaherpesvirus 6A	Roseolovirus	Orthoherpesviridae	Viruses; Duplodnaviria; Heunggongvirae; Peploviricota; Herviviricetes; Herpesvirales; Orthoherpesviridae; Betaherpesvirinae; Roseolovirus; Roseolovirus humanbeta6a	DNA	linear	159378		Homo sapiens	U1102	true	ncbi-genbank	6f0baecc24dc1c281138ce0d3d4698115c86510be504ddb4de22ee85ba30a9dc				
NC_001716	NC_001716.2	Human betaherpesvirus 7	Roseolovirus	Orthoherpesviridae	Viruses; Duplodnaviria; Heunggongvirae; Peploviricota; Herviviricetes; Herpesvirales; Orthoherpesviridae; Betaherpesvirinae; Roseolovirus; Roseolovirus humanbeta7	DNA	linear	153080		Homo sapiens	RK	true	ncbi-genbank	00dc0b9a36ac27a8e64ce8aa9236f7a35625ab94b8f59013fae2b48d18aca3de				
NC_009333	NC_009333.1	Human gammaherpesvirus 8	Rhadinovirus	Orthoherpesviridae	Viruses; Duplodnaviria; Heunggongvirae; Peploviricota; Herviviricetes; Herpesvirales; Orthoherpesviridae; Gammaherpesvirinae; Rhadinovirus; Rhadinovirus humangamma8	DNA	linear	137969		Homo sapiens	GK18	true	ncbi-genbank	54c7a81c229036725d3db7d7d7984d3479b3d609a7233b143b07d4687dc60caa				
NC_002016	NC_002016.1	Influenza A virus	Alphainfluenzavirus	Orthomyxoviridae	Viruses; Riboviria; Orthornavirae; Negarnaviricota; Polyploviricotina; Insthoviricetes; Articulavirales; Orthomyxoviridae; Alphainfluenzavirus; Alphainfluenzavirus influenzae	cRNA	linear	1027	7		A/Puerto Rico/8/1934	true	ncbi-genbank	86aa8af73a6218fe2a37fdd82b07d0a689de04354923085fe9b309c0f5227108				
NC_002017	NC_002017.1	Influenza A virus	Alphainfluenzavirus	Orthomyxoviridae	Viruses; Riboviria; Orthornavirae; Negarnaviricota; Polyploviricotina; Insthoviricetes; Articulavirales; Orthomyxoviridae; Alphainfluenzavirus; Alphainfluenzavirus influenzae	cRNA	linear	1778	4		A/Puerto Rico/8/1934	true	ncbi-genbank	bd8ef8c732a13ef8c723aef3ae7bcbb41e104193a20150e9b93dbe8ee6ada87b				
NC_002018	NC_002018.1	Influenza A virus	Alphainfluenzavirus	Orthomyxoviridae	Viruses; Riboviria; Orthornavirae; Negarnaviricota; Polyploviricotina; Insthoviricetes; Articulavirales; Orthomyxoviridae; Alphainfluenzavirus; Alphainfluenzavirus influenzae	cRNA	linear	1413	6		A/Puerto Rico/8/1934(H1N1)	true	ncbi-genbank	98ece4fd5f7a9208a6f5f8b2085326d53d8b39a16083a459a605eb882554df98				
NC_002019	NC_002019.1	Influenza A virus	Alphainfluenzavirus	Orthomyxoviridae	Viruses; Riboviria; Orthornavirae; Negarnaviricota; Polyploviricotina; Insthoviricetes; Articulavirales; Orthomyxoviridae; Alphainfluenzavirus; Alphainfluenzavirus influenzae	cRNA	linear	1565	5		A/Puerto Rico/8/1934(H1N1)	true	ncbi-genbank	989428c428386e60d72f8f01b5d855d423265caf48f6e1438014d43032dd219d				
NC_002020	NC_002020.1	Influenza A virus	Alphainfluenzavirus	Orthomyxoviridae	Viruses; Riboviria; Orthornavirae; Negarnaviricota; Polyploviricotina; Insthoviricetes; Articulavirales; Orthomyxoviridae; Alphainfluenzavirus; Alphainfluenzavirus influenzae	cRNA	linear	890	8		A/Puerto Rico/8/1934	true	ncbi-genbank	c07bc3d5139477d4c3834ffda2c67ed7a7ed5606d9256090254b43d7bf8af65f				
NC_002021	NC_002021.1	Influenza A virus	Alphainfluenzavirus	Orthomyxoviridae	Viruses; Riboviria; Orthornavirae; Negarnaviricota; Polyploviricotina; Insthoviricetes; Articulavirales; Orthomyxoviridae; Alphainfluenzavirus; Alphainfluenzavirus influenzae	cRNA	linear	2341	2		A/Puerto Rico/8/1934	true	ncbi-genbank	ac46a959d7849cc998f821ca0476a5b7eb171d6cff06b36e9ea842596a028e3e				
NC_002022	NC_002022.1	Influenza A virus	Alphainfluenzavirus	Orthomyxoviridae	Viruses; Riboviria; Orthornavirae; Negarnaviricota; Polyploviricotina; Insthoviricetes; Articulavirales; Orthomyxoviridae; Alphainfluenzavirus; Alphainfluenzavirus influenzae	cRNA	linear	2233	3		A/Puerto Rico/8/1934	true	ncbi-genbank	fbd698de0985969b7d3553c989a69598742843ea39f7b5584a7299f1292e6536				
NC_002023	NC_002023.1	Influenza A virus	Alphainfluenzavirus	Orthomyxoviridae	Viruses; Riboviria; Orthornavirae; Negarnaviricota; Polyploviricotina; Insthoviricetes; Articulavirales; Orthomyxoviridae; Alphainfluenzavirus; Alphainfluenzavirus influenzae	cRNA	linear	2341	1		A/Puerto Rico/8/1934	true	ncbi-genbank	9c040f337c119f3fb20b623db4d0ff7ee33ce80b0669708d210580ef3430af5a				
NC_002204	NC_002204.1	Influenza B virus	Betainfluenzavirus	Orthomyxoviridae	Viruses; Riboviria; Orthornavirae; Negarnaviricota; Polyploviricotina; Insthoviricetes; Articulavirales; Orthomyxoviridae; Betainfluenzavirus; Betainfluenzavirus influenzae	cRNA	linear	2368	1		B/Lee/1940	true	ncbi-genbank	19d483c2d2a101b02b0a61a484a5035de71b52aac9665954bd3d363088e8b0d1				
NC_002205	NC_002205.1	Influenza B virus	Betainfluenzavirus	Orthomyxoviridae	Viruses; Riboviria; Orthornavirae; Negarnaviricota; Polyploviricotina; Insthoviricetes; Articulavirales; Orthomyxoviridae; Betainfluenzavirus; Betainfluenzavirus influenzae	cRNA	linear	2313	2		B/Lee/1940	true	ncbi-genbank	8a3c6e7c2e3dd598a9309ca7d5ff6f9bb07485f0f7bf2cc468beec05dce2964a				
NC_002206	NC_002206.1	Influenza B virus	Betainfluenzavirus	Orthomyxoviridae	Viruses; Riboviria; Orthornavirae; Negarnaviricota; Polyploviricotina; Insthoviricetes; Articulavirales; Orthomyxoviridae; Betainfluenzavirus; Betainfluenzavirus influenzae	cRNA	linear	2204	3		B/Lee/1940	true	ncbi-genbank	63275b8759a63ec616abb96f1f7694531916c8849046caa3876645054f564013				
NC_002207	NC_002207.1	Influenza B virus	Betainfluenzavirus	Orthomyxoviridae	Viruses; Riboviria; Orthornavirae; Negarnaviricota; Polyploviricotina; Insthoviricetes; Articulavirales; Orthomyxoviridae; Betainfluenzavirus; Betainfluenzavirus influenzae	cRNA	linear	1882	4		B/Lee/40	true	ncbi-genbank	d94bbbb449327f336adbbd531cf7b1d32b1afd8da9834d2a856e984b8978a480				
NC_002208	NC_002208.1	Influenza B virus	Betainfluenzavirus	Orthomyxoviridae	Viruses; Riboviria; Orthornavirae; Negarnaviricota; Polyploviricotina; Insthoviricetes; Articulavirales; Orthomyxoviridae; Betainfluenzavirus; Betainfluenzavirus influenzae	cRNA	linear	1841	5		B/Lee/1940	true	ncbi-genbank	767751ca88ceb43e7b1d56595adbfa2ee7585f03ca9d46c2fbcf4ca1e8db76f6				
NC_002209	NC_002209.1	Influenza B virus	Betainfluenzavirus	Orthomyxoviridae	Viruses; Riboviria; Orthornavirae; Negarnaviricota; Polyploviricotina; Insthoviricetes; Articulavirales; Orthomyxoviridae; Betainfluenzavirus; Betainfluenzavirus influenzae	cRNA	linear	1557	6		B/Lee/1940	true	ncbi-genbank	9d4890d8e184fb458e50edfe5f3fd8897804e08d1090aec4e935d241039f6673				
NC_002210	NC_002210.1	Influenza B virus	Betainfluenzavirus	Orthomyxoviridae	Viruses; Riboviria; Orthornavirae; Negarnaviricota; Polyploviricotina; Insthoviricetes; Articulavirales; Orthomyxoviridae; Betainfluenzavirus; Betainfluenzavirus influenzae	cRNA	linear	1191	7		B/Lee/1940	true	ncbi-genbank	465e9f089ddeaa0184717f9bdf1efad87fa9c1db6d987272517181c799bdc502				
NC_002211	NC_002211.1	Influenza B virus	Betainfluenzavirus	Orthomyxoviridae	Viruses; Riboviria; Orthornavirae; Negarnaviricota; Polyploviricotina; Insthoviricetes; Articulavirales; Orthomyxoviridae; Betainfluenzavirus; Betainfluenzavirus influenzae	cRNA	linear	1096	8		B/Lee/1940	true	ncbi-genbank	e00d36569ea635080b26da37ea77cc37a2f3c548073ae99548e9a0fe46b4b877				
NC_006306	NC_006306.2	Influenza C virus	Gammainfluenzavirus	Orthomyxoviridae	Viruses; Riboviria; Orthornavirae; Negarnaviricota; Polyploviricotina; Insthoviricetes; Articulavirales; Orthomyxoviridae; Gammainfluenzavirus; Gammainfluenzavirus influenzae	cRNA	linear	935	7		C/Ann Arbor/1/50	true	ncbi-genbank	bc2b3d10fc832f890a2736e2fee11c743ee2e93c2b547160f94cba8b822ad98f				
NC_006307	NC_006307.2	Influenza C virus	Gammainfluenzavirus	Orthomyxoviridae	Viruses; Riboviria; Orthornavirae; Negarnaviricota; Polyploviricotina; Insthoviricetes; Articulavirales; Orthomyxoviridae; Gammainfluenzavirus; Gammainfluenzavirus influenzae	RNA	linear	2365	1		C/Ann Arbor/1/50	true	ncbi-genbank	7edf1250e55c01a3f6e75346f76a93cffed3dd63db22efdc1195a75b4bd09da6				
NC_006308	NC_006308.2	Influenza C virus	Gammainfluenzavirus	Orthomyxoviridae	Viruses; Riboviria; Orthornavirae; Negarnaviricota; Polyploviricotina; Insthoviricetes; Articulavirales; Orthomyxoviridae; Gammainfluenzavirus; Gammainfluenzavirus influenzae	RNA	linear	2363	2		C/Ann Arbor/1/50	true	ncbi-genbank	f905638f3137621285fa72680682e69815f8e695d40b41424f52520c20c8d314				
NC_006309	NC_006309.2	Influenza C virus	Gammainfluenzavirus	Orthomyxoviridae	Viruses; Riboviria; Orthornavirae; Negarnaviricota; Polyploviricotina; Insthoviricetes; Articulavirales; Orthomyxoviridae; Gammainfluenzavirus; Gammainfluenzavirus influenzae	RNA	linear	2183	3		C/Ann Arbor/1/50	true	ncbi-genbank	c497e9c5fcf4be723ef492ff154b1e0dadcf3d1ca4e3b02838aa4d818699e45f				
NC_006310	NC_006310.2	Influenza C virus	Gammainfluenzavirus	Orthomyxoviridae	Viruses; Riboviria; Orthornavirae; Negarnaviricota; Polyploviricotina; Insthoviricetes; Articulavirales; Orthomyxoviridae; Gammainfluenzavirus; Gammainfluenzavirus influenzae	RNA	linear	2073	4		C/Ann Arbor/1/50	true	ncbi-genbank	a25807e32d6b10bca5b0ccf20c4f5da5f5af2666102ed4e0a25a02cb96db318e				
NC_006311	NC_006311.1	Influenza C virus	Gammainfluenzavirus	Orthomyxoviridae	Viruses; Riboviria; Orthornavirae; Negarnaviricota; Polyploviricotina; Insthoviricetes; Articulavirales; Orthomyxoviridae; Gammainfluenzavirus; Gammainfluenzavirus influenzae	cRNA	linear	1807	5		C/Ann Arbor/1/50	true	ncbi-genbank	9ef267770bc1f14da7514b7401ef6ca20540d9f5e5a32655b12e71564cf026b1				
NC_006312	NC_006312.1	Influenza C virus		Orthomyxoviridae	Viruses; ssRNA viruses; ssRNA negative-strand viruses; Orthomyxoviridae; Influenzavirus C	cRNA	linear	1125	6		C/Ann Arbor/1/50	true	ncbi-genbank	6467d0b148abbb1028b5938e5ddf2dd4fcaf2cefb3b3cc7316b123328619daed				
NC_036615	NC_036615.1	Influenza D virus	Deltainfluenzavirus	Orthomyxoviridae	Viruses; Riboviria; Orthornavirae; Negarnaviricota; Polyploviricotina; Insthoviricetes; Articulavirales; Orthomyxoviridae; Deltainfluenzavirus; Deltainfluenzavirus influenzae	RNA	linear	2330	2	swine	D/swine/Oklahoma/1334/2011	true	ncbi-genbank	01aefca6afa61b7c83353a320b46e477a6ce6ded4e01ed10b4e908fb4249b1df				
NC_036616	NC_036616.1	Influenza D virus	Deltainfluenzavirus	Orthomyxoviridae	Viruses; Riboviria; Orthornavirae; Negarnaviricota; Polyploviricotina; Insthoviricetes; Articulavirales; Orthomyxoviridae; Deltainfluenzavirus; Deltainfluenzavirus influenzae	RNA	linear	2364	1	swine	D/swine/Oklahoma/1334/2011	true	ncbi-genbank	fa540cc556f25e4ffe69f1dca08ccd343b32710cea228774e1827e803cd07b22				
NC_036617	NC_036617.1	Influenza D virus	Deltainfluenzavirus	Orthomyxoviridae	Viruses; Riboviria; Orthornavirae; Negarnaviricota; Polyploviricotina; Insthoviricetes; Articulavirales; Orthomyxoviridae; Deltainfluenzavirus; Deltainfluenzavirus influenzae	RNA	linear	1775	5	swine	D/swine/Oklahoma/1334/2011	true	ncbi-genbank	3322d172d5c8a69ab705336eb7b97a1d01369a156f6fdd54290154e420d413b3				
NC_036618	NC_036618.1	Influenza D virus	Deltainfluenzavirus	Orthomyxoviridae	Viruses; Riboviria; Orthornavirae; Negarnaviricota; Polyploviricotina; Insthoviricetes; Articulavirales; Orthomyxoviridae; Deltainfluenzavirus; Deltainfluenzavirus influenzae	RNA	linear	2049	4	swine	D/swine/Oklahoma/1334/2011	true	ncbi-genbank	7f4f1988b2d0393322bd9619509cf738693ff36dae337d6d54b7ea53a4ecb7d0				
NC_036619	NC_036619.1	Influenza D virus	Deltainfluenzavirus	Orthomyxoviridae	Viruses; Riboviria; Orthornavirae; Negarnaviricota; Polyploviricotina; Insthoviricetes; Articulavirales; Orthomyxoviridae; Deltainfluenzavirus; Deltainfluenzavirus influenzae	RNA	linear	2195	3	swine	D/swine/Oklahoma/1334/2011	true	ncbi-genbank	a93707498faf66a92d62c03f1e84fb24bd3958b4f8a84573d6c3c5abd22478a9				
NC_036620	NC_036620.1	Influenza D virus	Deltainfluenzavirus	Orthomyxoviridae	Viruses; Riboviria; Orthornavirae; Negarnaviricota; Polyploviricotina; Insthoviricetes; Articulavirales; Orthomyxoviridae; Deltainfluenzavirus; Deltainfluenzavirus influenzae	RNA	linear	1219	6	swine	D/swine/Oklahoma/1334/2011	true	ncbi-genbank	543a7fb36be9c05bc995565cea5b0e5eb4478d04a95ed76fcca70ee340b90415				
NC_036621	NC_036621.1	Influenza D virus	Deltainfluenzavirus	Orthomyxoviridae	Viruses; Riboviria; Orthornavirae; Negarnaviricota; Polyploviricotina; Insthoviricetes; Articulavirales; Orthomyxoviridae; Deltainfluenzavirus; Deltainfluenzavirus influenzae	RNA	linear	868	7	swine	D/swine/Oklahoma/1334/2011	true	ncbi-genbank	867233f7f1758bbccd95af2c318137987943e1108c70cd34f01b5d6c7bdde4a5				
NC_001352	NC_001352.1	Alphapapillomavirus 4	Alphapapillomavirus	Papillomaviridae	Viruses; Floreoviria; Shotokuvirae; Cossaviricota; Papovaviricetes; Zurhausenvirales; Papillomaviridae; Firstpapillomavirinae; Alphapapillomavirus	DNA	circular	7860				true	ncbi-genbank	49f42362b293f0c7802709c329b8c00843724f6eff265d6dde6a6cb19659dd53				
NC_001526	NC_001526.4	Human papillomavirus 16	Alphapapillomavirus	Papillomaviridae	Viruses; Floreoviria; Shotokuvirae; Cossaviricota; Papovaviricetes; Zurhausenvirales; Papillomaviridae; Firstpapillomavirinae; Alphapapillomavirus; Alphapapillomavirus 9	DNA	circular	7906				true	ncbi-genbank	282be442f226cc809fefbda616ac136b8d20dfde23fad09558f3f653a3de96a4				
NC_001356	NC_001356.1	Mupapillomavirus 1	Mupapillomavirus	Papillomaviridae	Viruses; Floreoviria; Shotokuvirae; Cossaviricota; Papovaviricetes; Zurhausenvirales; Papillomaviridae; Firstpapillomavirinae; Mupapillomavirus	DNA	circular	7815				true	ncbi-genbank	5d7789d9cab2b8afe9d3915857a39c70d1efaaade6570e13261a5cef4c4d8a23				
NC_001357	NC_001357.1	human papillomavirus 18	Alphapapillomavirus	Papillomaviridae	Viruses; Floreoviria; Shotokuvirae; Cossaviricota; Papovaviricetes; Zurhausenvirales; Papillomaviridae; Firstpapillomavirinae; Alphapapillomavirus; Alphapapillomavirus 7	DNA	circular	7857				true	ncbi-genbank	667befef8b52b3a86fd98da6dede99b5ca70d720f02065546cfc40e7323b0867				
NC_075191	NC_075191.1	human papillomavirus 31	Alphapapillomavirus	Papillomaviridae	Viruses; Floreoviria; Shotokuvirae; Cossaviricota; Papovaviricetes; Zurhausenvirales; Papillomaviridae; Firstpapillomavirinae; Alphapapillomavirus; Alphapapillomavirus 9	DNA	circular	7912				true	ncbi-genbank	0ca4718cbafbdef055d8018308186d0f7586140b22dba36462eacf81167c8d51				
NC_075233	NC_075233.1	human papillomavirus 33	Alphapapillomavirus	Papillomaviridae	Viruses; Floreoviria; Shotokuvirae; Cossaviricota; Papovaviricetes; Zurhausenvirales; Papillomaviridae; Firstpapillomavirinae; Alphapapillomavirus; Alphapapillomavirus 9	DNA	circular	7909				true	ncbi-genbank	0ff0b8c9c6fc18e369bc302586d4121c6ff295cd4f8997f35d0d8c64b7feacd0				
M74117	M74117.1	human papillomavirus 35	Alphapapillomavirus	Papillomaviridae	Viruses; Floreoviria; Shotokuvirae; Cossaviricota; Papovaviricetes; Zurhausenvirales; Papillomaviridae; Firstpapillomavirinae; Alphapapillomavirus; Alphapapillomavirus 9	DNA	circular	7851				false	ncbi-genbank	5f33b6638ab9073460604eac64fe77259484e91991706dc22e874e76ebd0c431				
KC470231	KC470231.1	human papillomavirus 39	Alphapapillomavirus	Papillomaviridae	Viruses; Floreoviria; Shotokuvirae; Cossaviricota; Papovaviricetes; Zurhausenvirales; Papillomaviridae; Firstpapillomavirinae; Alphapapillomavirus; Alphapapillomavirus 7	DNA	circular	7833		Homo sapiens	Qv28005	false	ncbi-genbank	9bfa8aa4c801ef2fbcaa0996ef5261b6ae81b04b13cd47ad6567ca01c8278c5d				
EF202156	EF202156.1	human papillomavirus 45	Alphapapillomavirus	Papillomaviridae	Viruses; Floreoviria; Shotokuvirae; Cossaviricota; Papovaviricetes; Zurhausenvirales; Papillomaviridae; Firstpapillomavirinae; Alphapapillomavirus; Alphapapillomavirus 7	DNA	circular	7858			Qv20214	false	ncbi-genbank	3129c122162380b2db2125e2a99154d636f610cfe78949333286a8590491d7e4				
KF436866	KF436866.1	human papillomavirus 51	Alphapapillomavirus	Papillomaviridae	Viruses; Floreoviria; Shotokuvirae; Cossaviricota; Papovaviricetes; Zurhausenvirales; Papillomaviridae; Firstpapillomavirinae; Alphapapillomavirus; Alphapapillomavirus 5	DNA	circular	7811			Qv00885	false	ncbi-genbank	3375588bdc5e618c677e42168e55a82c1f3e6dd63f73d42e032231aad6030463				
AB819272	AB819272.1	human papillomavirus 52	Alphapapillomavirus	Papillomaviridae	Viruses; Floreoviria; Shotokuvirae; Cossaviricota; Papovaviricetes; Zurhausenvirales; Papillomaviridae; Firstpapillomavirinae; Alphapapillomavirus; Alphapapillomavirus 9	DNA	linear	7960			JP0342	false	ncbi-genbank	9790f4e9a73dda584302d392656c14f97b3a2cef701170578cbb3a432f1d8b07				
EF177176	EF177176.1	human papillomavirus 56	Alphapapillomavirus	Papillomaviridae	Viruses; Floreoviria; Shotokuvirae; Cossaviricota; Papovaviricetes; Zurhausenvirales; Papillomaviridae; Firstpapillomavirinae; Alphapapillomavirus; Alphapapillomavirus 6	DNA	circular	7866				false	ncbi-genbank	632253e9dd8b444830b33b52c2804b12dd7dfa93eccf2c7d6fd2cc674252bf22				
EU918765	EU918765.1	human papillomavirus 58	Alphapapillomavirus	Papillomaviridae	Viruses; Floreoviria; Shotokuvirae; Cossaviricota; Papovaviricetes; Zurhausenvirales; Papillomaviridae; Firstpapillomavirinae; Alphapapillomavirus; Alphapapillomavirus 9	DNA	circular	7824		Homo sapiens	LZcc86-58	false	ncbi-genbank	e2127fda3d161943b708894961baacbeef8beab2d50f8096c21575e190813223				
EU918767	EU918767.1	human papillomavirus 59	Alphapapillomavirus	Papillomaviridae	Viruses; Floreoviria; Shotokuvirae; Cossaviricota; Papovaviricetes; Zurhausenvirales; Papillomaviridae; Firstpapillomavirinae; Alphapapillomavirus; Alphapapillomavirus 7	DNA	circular	7897		Homo sapiens	LZod68-59	false	ncbi-genbank	41df3c2b5e23813759867fb4299b0bb8cd71a610e85eea52841f807e878f66be				
U31794	U31794.1	human papillomavirus 66	Alphapapillomavirus	Papillomaviridae	Viruses; Floreoviria; Shotokuvirae; Cossaviricota; Papovaviricetes; Zurhausenvirales; Papillomaviridae; Firstpapillomavirinae; Alphapapillomavirus; Alphapapillomavirus 6	DNA	linear	7824				false	ncbi-genbank	925695b9cd856b8609d18b78e427d46b488212b212d9f729149dcdfc89ea5523				
AB027020	AB027020.1	human papillomavirus 69	Alphapapillomavirus	Papillomaviridae	Viruses; Floreoviria; Shotokuvirae; Cossaviricota; Papovaviricetes; Zurhausenvirales; Papillomaviridae; Firstpapillomavirinae; Alphapapillomavirus; Alphapapillomavirus 5	DNA	circular	7700				false	ncbi-genbank	ecd83c9a3d345b66a3aa482e0378cacbec25a5cb642858cf7b97c3ab638ee097				
NC_001906	NC_001906.3	Henipavirus hendraense	Henipavirus	Paramyxoviridae	Viruses; Riboviria; Orthornavirae; Negarnaviricota; Haploviricotina; Monjiviricetes; Mononegavirales; Paramyxoviridae; Orthoparamyxovirinae; Henipavirus	cRNA	linear	18234				true	ncbi-genbank	5b5a97427661f208c47d1f1e7811295fb52f6dff116fd03d7ae78c180597f415				
NC_002728	NC_002728.1	Henipavirus nipahense	Henipavirus	Paramyxoviridae	Viruses; Riboviria; Orthornavirae; Negarnaviricota; Haploviricotina; Monjiviricetes; Mononegavirales; Paramyxoviridae; Orthoparamyxovirinae; Henipavirus	ss-RNA	linear	18246				true	ncbi-genbank	63a9011a911869b5f034bab557ad8a01a43072de080456eb440d3aca2900ee4f				
NC_003461	NC_003461.1	Human respirovirus 1	Respirovirus	Paramyxoviridae	Viruses; Riboviria; Orthornavirae; Negarnaviricota; Haploviricotina; Monjiviricetes; Mononegavirales; Paramyxoviridae; Feraresvirinae; Respirovirus; Respirovirus laryngotracheitidis	ss-RNA	linear	15600			Washington 1964	true	ncbi-genbank	57d3d00066876c57920d52738d02407a207359ce6b6a68baa63f365da307017e				
NC_001498	NC_001498.1	Measles morbillivirus	Morbillivirus	Paramyxoviridae	Viruses; Riboviria; Orthornavirae; Negarnaviricota; Haploviricotina; Monjiviricetes; Mononegavirales; Paramyxoviridae; Orthoparamyxovirinae; Morbillivirus; Morbillivirus hominis	cRNA	linear	15894			Ichinose-B95a	true	ncbi-genbank	2614cf2dcf6aa14d3528cc915a0b754867c8b859ac8a39a249532188cbc1f626				
NC_002200	NC_002200.1	Mumps orthorubulavirus	Orthorubulavirus	Paramyxoviridae	Viruses; Riboviria; Orthornavirae; Negarnaviricota; Haploviricotina; Monjiviricetes; Mononegavirales; Paramyxoviridae; Rubulavirinae; Orthorubulavirus; Orthorubulavirus parotitidis	RNA	linear	15384			Miyahara	true	ncbi-genbank	e2d6e03bda7aac4eb986102207fa5af278b5561eb7715b60f902e1826eb7045e				
NC_007455	NC_007455.1	Bocaparvovirus primate1	Bocaparvovirus	Parvoviridae	Viruses; Floreoviria; Shotokuvirae; Cossaviricota; Quintoviricetes; Piccovirales; Parvoviridae; Parvovirinae; Bocaparvovirus	DNA	linear	5299			st2	true	ncbi-genbank	5e71874731d16ab9bab2fa3e85819430928da07aed836dc5186c32568c00814c				
NC_000883	NC_000883.2	Human parvovirus B19	Erythroparvovirus	Parvoviridae	Viruses; Floreoviria; Shotokuvirae; Cossaviricota; Quintoviricetes; Piccovirales; Parvoviridae; Parvovirinae; Erythroparvovirus; Erythroparvovirus primate1	ss-DNA	linear	5596			J35	true	ncbi-genbank	4f9ad1fdf4e319be61a378877a3f26e4e39ee844d72219cf981d21bf3675aed2				
NC_001401	NC_001401.2	adeno-associated virus 2	Dependoparvovirus	Parvoviridae	Viruses; Floreoviria; Shotokuvirae; Cossaviricota; Quintoviricetes; Piccovirales; Parvoviridae; Parvovirinae; Dependoparvovirus; Dependoparvovirus primate1	DNA	linear	4679				true	ncbi-genbank	712b98e5f102572bcd3dbd7dcfb893eaa73350f6e47c6ab466ec30037c41cb8c				
NC_001925	NC_001925.1	Bunyamwera virus	Orthobunyavirus	Peribunyaviridae	Viruses; Riboviria; Orthornavirae; Negarnaviricota; Polyploviricotina; Bunyaviricetes; Elliovirales; Peribunyaviridae; Orthobunyavirus; Orthobunyavirus bunyamweraense	ss-RNA	linear	6875	L			true	ncbi-genbank	99362a77288cb88a1a3f35830bec1779de356b046392423032f467820bf08e6b				
NC_001926	NC_001926.1	Bunyamwera virus	Orthobunyavirus	Peribunyaviridae	Viruses; Riboviria; Orthornavirae; Negarnaviricota; Polyploviricotina; Bunyaviricetes; Elliovirales; Peribunyaviridae; Orthobunyavirus; Orthobunyavirus bunyamweraense	cRNA	linear	4458	M			true	ncbi-genbank	87afc49d15a814668952d5c243e10052630b42aa0bc94fd78d2e64152d63f414				
NC_001927	NC_001927.1	Bunyamwera virus	Orthobunyavirus	Peribunyaviridae	Viruses; Riboviria; Orthornavirae; Negarnaviricota; Polyploviricotina; Bunyaviricetes; Elliovirales; Peribunyaviridae; Orthobunyavirus; Orthobunyavirus bunyamweraense	cRNA	linear	961	S			true	ncbi-genbank	c31003030693a76e2b2fef2bffc2dc7ec936142ccf81d92a98fb3d937db3efdb				
NC_004108	NC_004108.1	La Crosse virus	Orthobunyavirus	Peribunyaviridae	Viruses; Riboviria; Orthornavirae; Negarnaviricota; Polyploviricotina; Bunyaviricetes; Elliovirales; Peribunyaviridae; Orthobunyavirus; Orthobunyavirus lacrosseense	RNA	linear	6980	L		Human/78	true	ncbi-genbank	f6da60bb7217bdda34805cc1f4536c91182b8531ae5fc0c0b80034b0ce1a2d13				
NC_004109	NC_004109.1	La Crosse virus	Orthobunyavirus	Peribunyaviridae	Viruses; Riboviria; Orthornavirae; Negarnaviricota; Polyploviricotina; Bunyaviricetes; Elliovirales; Peribunyaviridae; Orthobunyavirus; Orthobunyavirus lacrosseense	RNA	linear	4527	M		Human/78	true	ncbi-genbank	582a710903136c5231de9ea7d12c4520f07c20cd6039165906ca91aed5d5febd				
NC_004110	NC_004110.1	La Crosse virus	Orthobunyavirus	Peribunyaviridae	Viruses; Riboviria; Orthornavirae; Negarnaviricota; Polyploviricotina; Bunyaviricetes; Elliovirales; Peribunyaviridae; Orthobunyavirus; Orthobunyavirus lacrosseense	RNA	linear	984	S		Human/78	true	ncbi-genbank	e84214ea2d34b37f4768d855be6eb5eb39d3a44df216979cc3e8dcfe55151f12				
NC_005775	NC_005775.1	Oropouche virus	Orthobunyavirus	Peribunyaviridae	Viruses; Riboviria; Orthornavirae; Negarnaviricota; Polyploviricotina; Bunyaviricetes; Elliovirales; Peribunyaviridae; Orthobunyavirus; Orthobunyavirus oropoucheense	ss-RNA	linear	4385	M		BeAn19991	true	ncbi-genbank	17541d55d4946e40e43c2107c23c3f860706abf8d77d468e4ec9f24d49e9687f				
NC_005776	NC_005776.1	Oropouche virus	Orthobunyavirus	Peribunyaviridae	Viruses; Riboviria; Orthornavirae; Negarnaviricota; Polyploviricotina; Bunyaviricetes; Elliovirales; Peribunyaviridae; Orthobunyavirus; Orthobunyavirus oropoucheense	RNA	linear	6846	L			true	ncbi-genbank	8be8961f9a5d153497a159429f7c9c410e6e1f87b8eeb33366777b71a14783f7				
NC_005777	NC_005777.1	Oropouche virus	Orthobunyavirus	Peribunyaviridae	Viruses; Riboviria; Orthornavirae; Negarnaviricota; Polyploviricotina; Bunyaviricetes; Elliovirales; Peribunyaviridae; Orthobunyavirus; Orthobunyavirus oropoucheense	RNA	linear	754	S			true	ncbi-genbank	487ad3f89a2adf41339df460b72e31096bfcda3e77564c0d8bc51e499f64ef94				
NC_006318	NC_006318.1	Sandfly fever Naples virus	Phlebovirus	Phenuiviridae	Viruses; Riboviria; Orthornavirae; Negarnaviricota; Polyploviricotina; Bunyaviricetes; Hareavirales; Phenuiviridae; Phlebovirus; Phlebovirus napoliense	ss-RNA	linear	1869	S		Toscana	true	ncbi-genbank	69c983dbc28a769dd472237299d90e045ce5c5d7523f20d46e9fe51d49022126				
NC_006319	NC_006319.1	Sandfly fever Naples virus	Phlebovirus	Phenuiviridae	Viruses; Riboviria; Orthornavirae; Negarnaviricota; Polyploviricotina; Bunyaviricetes; Hareavirales; Phenuiviridae; Phlebovirus; Phlebovirus napoliense	ss-RNA	linear	6404	L		Toscana ISS.Phl.3	true	ncbi-genbank	70db088253823892b16c30700bab85822b38f2a3e94bbecc2c98050bb7ff8808				
NC_006320	NC_006320.1	Sandfly fever Naples virus	Phlebovirus	Phenuiviridae	Viruses; Riboviria; Orthornavirae; Negarnaviricota; Polyploviricotina; Bunyaviricetes; Hareavirales; Phenuiviridae; Phlebovirus; Phlebovirus napoliense	ss-RNA	linear	4215	M		Toscana	true	ncbi-genbank	337ccff0b7842176f701399f5c2997dae83a26e2ceeb7aeb42546dce63b94992				
NC_012800	NC_012800.1	Cosavirus A	Cosavirus	Picornaviridae	Viruses; Riboviria; Orthornavirae; Pisuviricota; Pisoniviricetes; Picornavirales; Picornaviridae; Caphthovirinae; Cosavirus; Cosavirus asiani	RNA	linear	7632		Homo sapiens	0553	true	ncbi-genbank	ae4581aec70aaaec3494c458cca7486753e98c34da25631e3a3f42e3dd61945f				
NC_001479	NC_001479.1	Encephalomyocarditis virus	Cardiovirus	Picornaviridae	Viruses; Riboviria; Orthornavirae; Pisuviricota; Pisoniviricetes; Picornavirales; Picornaviridae; Caphthovirinae; Cardiovirus; Cardiovirus rueckerti	ss-RNA	linear	7835			Ruckert	true	ncbi-genbank	90197d58203fd4de2ae83e408b35b26c0b31539cae89d4d388c65bf9209a6695				
NC_001612	NC_001612.1	Enterovirus A	Enterovirus	Picornaviridae	Viruses; Riboviria; Orthornavirae; Pisuviricota; Pisoniviricetes; Picornavirales; Picornaviridae; Ensavirinae; Enterovirus; Enterovirus alphacoxsackie	ss-RNA	linear	7413				true	ncbi-genbank	2080a336618e2ec56bc396b8a9390f2881e74b91e37ae958e471e55f64fbf1a0				
NC_002058	NC_002058.3	Enterovirus C	Enterovirus	Picornaviridae	Viruses; Riboviria; Orthornavirae; Pisuviricota; Pisoniviricetes; Picornavirales; Picornaviridae; Ensavirinae; Enterovirus; Enterovirus coxsackiepol	ss-RNA	linear	7440			Human poliovirus 1 Mahoney	true	ncbi-genbank	7973f84742f7cb4dbcfbbcc4b26204e93f90c5363c5f2ea6692b630df41f794c				
NC_001430	NC_001430.1	Enterovirus D	Enterovirus	Picornaviridae	Viruses; Riboviria; Orthornavirae; Pisuviricota; Pisoniviricetes; Picornavirales; Picornaviridae; Ensavirinae; Enterovirus; Enterovirus deconjuncti	ss-RNA	linear	7390			Enterovirus 70	true	ncbi-genbank	57931e8e896707d813e3156ff76d867b599f098f9c5e3d9ae5fa7bcbbb3f04de				
NC_001489	NC_001489.1	Hepatovirus A	Hepatovirus	Picornaviridae	Viruses; Riboviria; Orthornavirae; Pisuviricota; Pisoniviricetes; Picornavirales; Picornaviridae; Heptrevirinae; Hepatovirus; Hepatovirus ahepa	ss-RNA	linear	7478				true	ncbi-genbank	fa6c6c661373fb08a2d3ac732d09495579f2c14ba80a603c91d3b0164045d8a7				
NC_001897	NC_001897.1	Parechovirus A	Parechovirus	Picornaviridae	Viruses; Riboviria; Orthornavirae; Pisuviricota; Pisoniviricetes; Picornavirales; Picornaviridae; Paavivirinae; Parechovirus; Parechovirus ahumpari	ss-RNA	linear	7348			Gregory	true	ncbi-genbank	d3717bd269bbe2589c323528e1a11f7fa8cc98dca5aa205d6ac2087d8edcafb7				
NC_001617	NC_001617.1	Rhinovirus A	Enterovirus	Picornaviridae	Viruses; Riboviria; Orthornavirae; Pisuviricota; Pisoniviricetes; Picornavirales; Picornaviridae; Ensavirinae; Enterovirus; Enterovirus alpharhino	ss-RNA	linear	7152				true	ncbi-genbank	8dfed3254dda989492716409842590c6e3b67453ac7a41d5ef44cb98a667b6a0				
NC_012957	NC_012957.1	Salivirus NG-J1	Salivirus	Picornaviridae	Viruses; Riboviria; Orthornavirae; Pisuviricota; Pisoniviricetes; Picornavirales; Picornaviridae; Kodimesavirinae; Salivirus; Salivirus aklasse	RNA	linear	7982		Homo sapiens	NG-J1	true	ncbi-genbank	a3c0c918da19a1a0baf8321c6c696b31f94b3575537acefbe24f51920253dbec				
NC_001918	NC_001918.1	aichivirus A1	Kobuvirus	Picornaviridae	Viruses; Riboviria; Orthornavirae; Pisuviricota; Pisoniviricetes; Picornavirales; Picornaviridae; Kodimesavirinae; Kobuvirus; Kobuvirus aichi	RNA	linear	8251		Homo sapiens	A846/88	true	ncbi-genbank	8049ddfb56d7320c8435a7e6d8d85a8f4736a353d711120b16236d5c3c562e6e				
NC_024070	NC_024070.1	rosavirus A2	Rosavirus	Picornaviridae	Viruses; Riboviria; Orthornavirae; Pisuviricota; Pisoniviricetes; Picornavirales; Picornaviridae; Kodimesavirinae; Rosavirus; Rosavirus acaliforni	RNA	linear	8931		Homo sapiens	GA7403	true	ncbi-genbank	3c2275ab03fec09381811e786d0fd7bfcc90b2e2823491b1f5601e66521ab689				
NC_039199	NC_039199.1	human metapneumovirus	Metapneumovirus	Pneumoviridae	Viruses; Riboviria; Orthornavirae; Negarnaviricota; Haploviricotina; Monjiviricetes; Mononegavirales; Pneumoviridae; Metapneumovirus; Metapneumovirus hominis	RNA	linear	13350			00-1	true	ncbi-genbank	8b3e46232010a196c8717ab7ddfc60e6a0d89e40d043d6fb3ac126f8ced2033d				
NC_001781	NC_001781.1	human respiratory syncytial virus	Orthopneumovirus	Pneumoviridae	Viruses; Riboviria; Orthornavirae; Negarnaviricota; Haploviricotina; Monjiviricetes; Mononegavirales; Pneumoviridae; Orthopneumovirus; Orthopneumovirus hominis	RNA	linear	15225			B1	true	ncbi-genbank	4eb85ae3eb40dbb9fea1738923b48b3d33e69dc12e3619590db7db7331262f96				
NC_001538	NC_001538.1	Betapolyomavirus hominis	Betapolyomavirus	Polyomaviridae	Viruses; Floreoviria; Shotokuvirae; Cossaviricota; Papovaviricetes; Sepolyvirales; Polyomaviridae; Betapolyomavirus	DNA	circular	5153				true	ncbi-genbank	12e1351b495548f323e4d680c5388c5bca70ae5137e1abd5a988db4d35923808				
NC_009238	NC_009238.1	Betapolyomavirus tertihominis	Betapolyomavirus	Polyomaviridae	Viruses; Floreoviria; Shotokuvirae; Cossaviricota; Papovaviricetes; Sepolyvirales; Polyomaviridae; Betapolyomavirus	DNA	circular	5040			Stockholm 60	true	ncbi-genbank	0e5dc82801fb1670e557789f623d739efecb6b0a1cf7445a79011de969acc801				
NC_014406	NC_014406.1	Human polyomavirus 6	Deltapolyomavirus	Polyomaviridae	Viruses; Floreoviria; Shotokuvirae; Cossaviricota; Papovaviricetes; Sepolyvirales; Polyomaviridae; Deltapolyomavirus; Deltapolyomavirus sextihominis	DNA	circular	4926		Homo sapiens	607a	true	ncbi-genbank	70ae26d8bb7a2971088a44ef582d46b1514b024af90a68251ba5d847e5051b7e				
NC_014407	NC_014407.1	Human polyomavirus 7	Deltapolyomavirus	Polyomaviridae	Viruses; Floreoviria; Shotokuvirae; Cossaviricota; Papovaviricetes; Sepolyvirales; Polyomaviridae; Deltapolyomavirus; Deltapolyomavirus septihominis	DNA	circular	4952		Homo sapiens	713a	true	ncbi-genbank	f4c3d636dab3d2faeaa3e6732cdf1295a9b2294fd27458b41a18828a734f075e				
NC_001699	NC_001699.1	JC polyomavirus	Betapolyomavirus	Polyomaviridae	Viruses; Floreoviria; Shotokuvirae; Cossaviricota; Papovaviricetes; Sepolyvirales; Polyomaviridae; Betapolyomavirus; Betapolyomavirus secuhominis	DNA	circular	5130			Mad1	true	ncbi-genbank	6935cc5c717c934b1504a13d8a4c2f457c80adfbe7e9d0c16f1971a2d67a7dd0				
NC_010277	NC_010277.2	Merkel cell polyomavirus	Alphapolyomavirus	Polyomaviridae	Viruses; Floreoviria; Shotokuvirae; Cossaviricota; Papovaviricetes; Sepolyvirales; Polyomaviridae; Alphapolyomavirus; Alphapolyomavirus quintihominis	DNA	circular	5387		Homo sapiens	R17b	true	ncbi-genbank	325972521fbd305eaf0624754795200bae605ae3b1e02669b8f7899f787ae371				
NC_014361	NC_014361.1	Trichodysplasia spinulosa-associated polyomavirus	Alphapolyomavirus	Polyomaviridae	Viruses; Floreoviria; Shotokuvirae; Cossaviricota; Papovaviricetes; Sepolyvirales; Polyomaviridae; Alphapolyomavirus; Alphapolyomavirus octihominis	DNA	circular	5232		Homo sapiens		true	ncbi-genbank	d5c9933c6baba46763aa3ae8a4fdbc8e4a7c2759a635504cde31347084f10a25				
NC_009539	NC_009539.1	WU Polyomavirus	Betapolyomavirus	Polyomaviridae	Viruses; Floreoviria; Shotokuvirae; Cossaviricota; Papovaviricetes; Sepolyvirales; Polyomaviridae; Betapolyomavirus; Betapolyomavirus quartihominis	DNA	circular	5229			B0	true	ncbi-genbank	4324dd1c0d3a23b07ba9530972980fec260fce31e4e0b501171f40770eb9d14e				
NC_003663	NC_003663.2	Cowpox virus	Orthopoxvirus	Poxviridae	Viruses; Varidnaviria; Bamfordvirae; Nucleocytoviricota; Pokkesviricetes; Chitovirales; Poxviridae; Chordopoxvirinae; Orthopoxvirus; Orthopoxvirus cowpox	DNA	linear	224499			Brighton Red	true	ncbi-genbank	0444591e27dc482d961475e2f1fbf22e57cc072667dd7eb28bbac1e28ed0d729				
NC_001731	NC_001731.1	Molluscum contagiosum virus subtype 1	Molluscipoxvirus	Poxviridae	Viruses; Varidnaviria; Bamfordvirae; Nucleocytoviricota; Pokkesviricetes; Chitovirales; Poxviridae; Chordopoxvirinae; Molluscipoxvirus; Molluscipoxvirus molluscum	DNA	linear	190289				true	ncbi-genbank	3f7eb5ca7868b06993c177287876f98de396e1d32938fa3a494f853f892c9de4				
NC_003310	NC_003310.1	Monkeypox virus	Orthopoxvirus	Poxviridae	Viruses; Varidnaviria; Bamfordvirae; Nucleocytoviricota; Pokkesviricetes; Chitovirales; Poxviridae; Chordopoxvirinae; Orthopoxvirus; Orthopoxvirus monkeypox	DNA	linear	196858		Homo sapiens	Zaire-96-I-16	true	ncbi-genbank	2ea2ffb3d4f52b20e058f84d89a50297a08eb35f98d34158b5c7884d70d32a81				
NC_005336	NC_005336.1	Orf virus	Parapoxvirus	Poxviridae	Viruses; Varidnaviria; Bamfordvirae; Nucleocytoviricota; Pokkesviricetes; Chitovirales; Poxviridae; Chordopoxvirinae; Parapoxvirus; Parapoxvirus orf	DNA	linear	139962			ORFD	true	ncbi-genbank	5bbe1c8e7a0f6aebc0fe38060a06b364786a4d440e00412c698a2268719d9c85				
NC_006998	NC_006998.1	Orthopoxvirus vaccinia	Orthopoxvirus	Poxviridae	Viruses; Varidnaviria; Bamfordvirae; Nucleocytoviricota; Pokkesviricetes; Chitovirales; Poxviridae; Chordopoxvirinae; Orthopoxvirus	DNA	linear	194711			WR (Western Reserve)	true	ncbi-genbank	868de7d63a24c0d15039d92e1cb3710cb0db6df841a374e28d83d77ba57fba0d				
NC_001611	NC_001611.1	Variola virus	Orthopoxvirus	Poxviridae	Viruses; Varidnaviria; Bamfordvirae; Nucleocytoviricota; Pokkesviricetes; Chitovirales; Poxviridae; Chordopoxvirinae; Orthopoxvirus; Orthopoxvirus variola	DNA	linear	185578			Ind3	true	ncbi-genbank	a58a65980eac7b364bc460f6420017a83d95d179832e4c4ba0f33066536b803d				
NC_002642	NC_002642.1	Yaba-like disease virus	Yatapoxvirus	Poxviridae	Viruses; Varidnaviria; Bamfordvirae; Nucleocytoviricota; Pokkesviricetes; Chitovirales; Poxviridae; Chordopoxvirinae; Yatapoxvirus; Yatapoxvirus tanapox	DNA	linear	144575				true	ncbi-genbank	ee39d8a7af3d5035b23b53d03f04c11580c210eaea57829be59b9201054e26fa				
NC_001436	NC_001436.1	Human T-cell leukemia virus type I	Deltaretrovirus	Retroviridae	Viruses; Riboviria; Pararnavirae; Artverviricota; Revtraviricetes; Ortervirales; Retroviridae; Orthoretrovirinae; Deltaretrovirus; Deltaretrovirus priTlym1	DNA	linear	8507				true	ncbi-genbank	97108a72edbb7d0dd52d226d900a65a24b340cf975c4f2401583145c1fbb9cd2				
NC_001488	NC_001488.1	Human T-lymphotropic virus 2	Deltaretrovirus	Retroviridae	Viruses; Riboviria; Pararnavirae; Artverviricota; Revtraviricetes; Ortervirales; Retroviridae; Orthoretrovirinae; Deltaretrovirus; Deltaretrovirus priTlym2	DNA	linear	8952				true	ncbi-genbank	882ae785a66f5a2d249a61f1adf3dcd55089eaa5ac10f2ef9982fa9baf9c5b09				
NC_001802	NC_001802.1	Human immunodeficiency virus 1	Lentivirus	Retroviridae	Viruses; Riboviria; Pararnavirae; Artverviricota; Revtraviricetes; Ortervirales; Retroviridae; Orthoretrovirinae; Lentivirus; Lentivirus humimdef1	ss-RNA	linear	9181				true	ncbi-genbank	8e189406fbfb1f03dfa0e84d235e63118d4ef4e4c997939f657a006afdd6214d				
NC_001722	NC_001722.1	Human immunodeficiency virus 2	Lentivirus	Retroviridae	Viruses; Riboviria; Pararnavirae; Artverviricota; Revtraviricetes; Ortervirales; Retroviridae; Orthoretrovirinae; Lentivirus; Lentivirus humimdef2	ss-RNA	linear	10359			BEN	true	ncbi-genbank	13031a0492cadb5bdf4960dcb611b488623d72bce6b5fadb7bc58c7c8717b832				
NC_001364	NC_001364.1	Western chimpanzee simian foamy virus	Simiispumavirus	Retroviridae	Viruses; Riboviria; Pararnavirae; Artverviricota; Revtraviricetes; Ortervirales; Retroviridae; Spumaretrovirinae; Simiispumavirus; Simiispumavirus pantrover	ss-RNA	linear	13246				true	ncbi-genbank	7640b2bc1b45f1535b7cd2606dfd0ac1d041afab3300c21cf4937f4ee9f190fb				
NC_009527	NC_009527.1	European bat lyssavirus 1	Lyssavirus	Rhabdoviridae	Viruses; Riboviria; Orthornavirae; Negarnaviricota; Haploviricotina; Monjiviricetes; Mononegavirales; Rhabdoviridae; Alpharhabdovirinae; Lyssavirus; Lyssavirus hamburg	cRNA	linear	11966		Eptesicus serotinus	RV9; 9395GER	true	ncbi-genbank	d4754eb22dde39f7bd7b5827210ac7965677e552a859e86cd7b2b7fd441431fd				
NC_003243	NC_003243.1	Lyssavirus australis	Lyssavirus	Rhabdoviridae	Viruses; Riboviria; Orthornavirae; Negarnaviricota; Haploviricotina; Monjiviricetes; Mononegavirales; Rhabdoviridae; Alpharhabdovirinae; Lyssavirus	RNA	linear	11822			insectivorous isolate	true	ncbi-genbank	caecf61f9ca4eacc0e61186057b3938185e68db30b631cdb3c354422eeda6060				
NC_001542	NC_001542.1	Lyssavirus rabies	Lyssavirus	Rhabdoviridae	Viruses; Riboviria; Orthornavirae; Negarnaviricota; Haploviricotina; Monjiviricetes; Mononegavirales; Rhabdoviridae; Alpharhabdovirinae; Lyssavirus	ss-RNA	linear	11932				true	ncbi-genbank	9f55ab2e96b6f3a8f40bec0a5c1d965c3560a3b9d9864b04b7c9a2917fda4f01				
NC_001560	NC_001560.1	Vesicular stomatitis Indiana virus	Vesiculovirus	Rhabdoviridae	Viruses; Riboviria; Orthornavirae; Negarnaviricota; Haploviricotina; Monjiviricetes; Mononegavirales; Rhabdoviridae; Alpharhabdovirinae; Vesiculovirus; Vesiculovirus indiana	cRNA	linear	11161				true	ncbi-genbank	ef3d62a44af58dcdee02aa1db32a973edf85a78497fc477eb6baf45ff19fb89d				
NC_007548	NC_007548.1	Adult diarrheal rotavirus strain J19	Rotavirus	Sedoreoviridae	Viruses; Riboviria; Orthornavirae; Duplornaviricota; Resentoviricetes; Reovirales; Sedoreoviridae; Rotavirus; Rotavirus aspergastroenteritidis	RNA	linear	3538	1		J19	true	ncbi-genbank	40ed2800f2bd1e3f3abb2599f0762a69f0e064e21489cecf9475a195d63e22bb				
NC_007549	NC_007549.1	Adult diarrheal rotavirus strain J19	Rotavirus	Sedoreoviridae	Viruses; Riboviria; Orthornavirae; Duplornaviricota; Resentoviricetes; Reovirales; Sedoreoviridae; Rotavirus; Rotavirus aspergastroenteritidis	RNA	linear	2969	2		J19	true	ncbi-genbank	a35ac8bb1b6d0202aed8c872e27a45fbb5cf73dcfec1abe0a703e64de0a03bbc				
NC_007550	NC_007550.1	Adult diarrheal rotavirus strain J19	Rotavirus	Sedoreoviridae	Viruses; Riboviria; Orthornavirae; Duplornaviricota; Resentoviricetes; Reovirales; Sedoreoviridae; Rotavirus; Rotavirus aspergastroenteritidis	RNA	linear	2512	3		J19	true	ncbi-genbank	45566085cc1d5138b9d3338cce70b88d4bb431eae00826b47bb5a77af7abec43				
NC_007551	NC_007551.1	Adult diarrheal rotavirus strain J19	Rotavirus	Sedoreoviridae	Viruses; Riboviria; Orthornavirae; Duplornaviricota; Resentoviricetes; Reovirales; Sedoreoviridae; Rotavirus; Rotavirus aspergastroenteritidis	RNA	linear	2204	4		J19	true	ncbi-genbank	e60839bf2b7b7b652ce3abf0ec26f4c6a01e4ab790dc109deb3a82b98013ede6				
NC_007552	NC_007552.1	Adult diarrheal rotavirus strain J19	Rotavirus	Sedoreoviridae	Viruses; Riboviria; Orthornavirae; Duplornaviricota; Resentoviricetes; Reovirales; Sedoreoviridae; Rotavirus; Rotavirus aspergastroenteritidis	RNA	linear	1307	5		J19	true	ncbi-genbank	fdf3aa77e1f29ba9780fb2fa4c7dcd4ae944fb27b16d5ef9e569a101fb3993f1				
NC_007553	NC_007553.1	Adult diarrheal rotavirus strain J19	Rotavirus	Sedoreoviridae	Viruses; Riboviria; Orthornavirae; Duplornaviricota; Resentoviricetes; Reovirales; Sedoreoviridae; Rotavirus; Rotavirus aspergastroenteritidis	RNA	linear	1287	6		J19	true	ncbi-genbank	0884b9c14025ac6f08509bc6528313803e68e32f07604af912fd0c9538b43210				
NC_007554	NC_007554.1	Adult diarrheal rotavirus strain J19	Rotavirus	Sedoreoviridae	Viruses; Riboviria; Orthornavirae; Duplornaviricota; Resentoviricetes; Reovirales; Sedoreoviridae; Rotavirus; Rotavirus aspergastroenteritidis	RNA	linear	1004	7		J19	true	ncbi-genbank	b06b295e104394baa9c35a91e3566dd76870e7a3963922021728603dfa37f941				
NC_007555	NC_007555.1	Adult diarrheal rotavirus strain J19	Rotavirus	Sedoreoviridae	Viruses; Riboviria; Orthornavirae; Duplornaviricota; Resentoviricetes; Reovirales; Sedoreoviridae; Rotavirus; Rotavirus aspergastroenteritidis	RNA	linear	932	8		J19	true	ncbi-genbank	ec71479962c1c65871d0bbd509aff5c556df0ed41a1ff09cfe6f612f577808ec				
NC_007556	NC_007556.1	Adult diarrheal rotavirus strain J19	Rotavirus	Sedoreoviridae	Viruses; Riboviria; Orthornavirae; Duplornaviricota; Resentoviricetes; Reovirales; Sedoreoviridae; Rotavirus; Rotavirus aspergastroenteritidis	RNA	linear	820	9		J19	true	ncbi-genbank	02901611d997dacbc388173148322cc660aeefe1f0a43e92ead67df9372e06a8				
NC_007557	NC_007557.1	Adult diarrheal rotavirus strain J19	Rotavirus	Sedoreoviridae	Viruses; Riboviria; Orthornavirae; Duplornaviricota; Resentoviricetes; Reovirales; Sedoreoviridae; Rotavirus; Rotavirus aspergastroenteritidis	RNA	linear	739	10		J19	true	ncbi-genbank	e83814496345144374c637bd69f3128daf646e88649643d4b6754e6d6956f2f6				
NC_007558	NC_007558.1	Adult diarrheal rotavirus strain J19	Rotavirus	Sedoreoviridae	Viruses; Riboviria; Orthornavirae; Duplornaviricota; Resentoviricetes; Reovirales; Sedoreoviridae; Rotavirus; Rotavirus aspergastroenteritidis	RNA	linear	649	11		J19	true	ncbi-genbank	a3835d99c0099cc0198f9d32f4f4bd77b80705e11007e509c90fcdfa0bce4ab3				
NC_004200	NC_004200.1	Banna virus strain JKT-6423	Seadornavirus	Sedoreoviridae	Viruses; Riboviria; Orthornavirae; Duplornaviricota; Resentoviricetes; Reovirales; Sedoreoviridae; Seadornavirus; Seadornavirus bannaense	ds-RNA	linear	867	11		JKT-6423	true	ncbi-genbank	1ade12314be768bbccb7fb108f57cfe0d836333a78762208a018a40b0592bf80				
NC_004201	NC_004201.1	Banna virus strain JKT-6423	Seadornavirus	Sedoreoviridae	Viruses; Riboviria; Orthornavirae; Duplornaviricota; Resentoviricetes; Reovirales; Sedoreoviridae; Seadornavirus; Seadornavirus bannaense	ds-RNA	linear	977	10		JKT-6423	true	ncbi-genbank	940516b85cb292270c766904228eb4e225679b60ca22fc64a16ce93b12fdc3ad				
NC_004202	NC_004202.1	Banna virus strain JKT-6423	Seadornavirus	Sedoreoviridae	Viruses; Riboviria; Orthornavirae; Duplornaviricota; Resentoviricetes; Reovirales; Sedoreoviridae; Seadornavirus; Seadornavirus bannaense	ds-RNA	linear	1101	9		JKT-6423	true	ncbi-genbank	42ca90f23f2a648c842be44ca12e201056eb6b05390038bb9530dc62f6d224d3				
NC_004203	NC_004203.1	Banna virus strain JKT-6423	Seadornavirus	Sedoreoviridae	Viruses; Riboviria; Orthornavirae; Duplornaviricota; Resentoviricetes; Reovirales; Sedoreoviridae; Seadornavirus; Seadornavirus bannaense	ds-RNA	linear	1119	8		JKT-6423	true	ncbi-genbank	e8b086c2420d7184c734be6b6fded47551e1e8a4c60cd31ab1a4c9393651d38b				
NC_004204	NC_004204.1	Banna virus strain JKT-6423	Seadornavirus	Sedoreoviridae	Viruses; Riboviria; Orthornavirae; Duplornaviricota; Resentoviricetes; Reovirales; Sedoreoviridae; Seadornavirus; Seadornavirus bannaense	ds-RNA	linear	1136	7		JKT-6423	true	ncbi-genbank	5675ea6fa2fc6120f28ca9ed1ab01493b22799934312a01435afe8a9cb549104				
NC_004211	NC_004211.1	Banna virus strain JKT-6423	Seadornavirus	Sedoreoviridae	Viruses; Riboviria; Orthornavirae; Duplornaviricota; Resentoviricetes; Reovirales; Sedoreoviridae; Seadornavirus; Seadornavirus bannaense	ds-RNA	linear	3747	1		JKT-6423	true	ncbi-genbank	f461d1716ec699b86a309f89067cc43eafa255f9e1fa17128cf2688a236f0b22				
NC_004217	NC_004217.1	Banna virus strain JKT-6423	Seadornavirus	Sedoreoviridae	Viruses; Riboviria; Orthornavirae; Duplornaviricota; Resentoviricetes; Reovirales; Sedoreoviridae; Seadornavirus; Seadornavirus bannaense	ds-RNA	linear	3048	2		JKT-6423	true	ncbi-genbank	f106addce4b8779db102a0c60b2dc79a1d014f33ac6bc745ff07a8e73dcad31c				
NC_004218	NC_004218.1	Banna virus strain JKT-6423	Seadornavirus	Sedoreoviridae	Viruses; Riboviria; Orthornavirae; Duplornaviricota; Resentoviricetes; Reovirales; Sedoreoviridae; Seadornavirus; Seadornavirus bannaense	ds-RNA	linear	2400	3		JKT-6423	true	ncbi-genbank	a16366e784522810be22457001cb435ce68c223aafc20a0256fdf79c6e2806a0				
NC_004219	NC_004219.1	Banna virus strain JKT-6423	Seadornavirus	Sedoreoviridae	Viruses; Riboviria; Orthornavirae; Duplornaviricota; Resentoviricetes; Reovirales; Sedoreoviridae; Seadornavirus; Seadornavirus bannaense	ds-RNA	linear	2038	4		JKT-6423	true	ncbi-genbank	b53166e34e2079f45d93ac5ad39c515239915835d1ea49048c0db6544f2a4a15				
NC_004220	NC_004220.1	Banna virus strain JKT-6423	Seadornavirus	Sedoreoviridae	Viruses; Riboviria; Orthornavirae; Duplornaviricota; Resentoviricetes; Reovirales; Sedoreoviridae; Seadornavirus; Seadornavirus bannaense	ds-RNA	linear	1716	5		JKT-6423	true	ncbi-genbank	96c1969646174fbf943b8fb04c7c7521ae650e32f5697960f70e52008d01ac35				
NC_004221	NC_004221.1	Banna virus strain JKT-6423	Seadornavirus	Sedoreoviridae	Viruses; Riboviria; Orthornavirae; Duplornaviricota; Resentoviricetes; Reovirales; Sedoreoviridae; Seadornavirus; Seadornavirus bannaense	ds-RNA	linear	1671	6		JKT-6423	true	ncbi-genbank	88aae18e4bbbc2ce091a57a12adb31ed8e4a0e6ddc64ea709a79ed78aaee2228				
NC_011500	NC_011500.2	Rotavirus A	Rotavirus	Sedoreoviridae	Viruses; Riboviria; Orthornavirae; Duplornaviricota; Resentoviricetes; Reovirales; Sedoreoviridae; Rotavirus; Rotavirus alphagastroenteritidis	RNA	linear	1614	5		RVA/Simian-tc/ZAF/SA11-H96/1958/G3P5B[2]	true	ncbi-genbank	3ca4c322cdd5fb704dd7229f06a49812762065fff5ca505da192bb58a21b6ec0				
NC_011501	NC_011501.2	Rotavirus A	Rotavirus	Sedoreoviridae	Viruses; Riboviria; Orthornavirae; Duplornaviricota; Resentoviricetes; Reovirales; Sedoreoviridae; Rotavirus; Rotavirus alphagastroenteritidis	RNA	linear	1105	7		RVA/Simian-tc/ZAF/SA11-H96/1958/G3P5B[2]	true	ncbi-genbank	578763448eeb31f41c0862e7848ba00adbe55a365672f3bbfa31b0fdd3e95da7				
NC_011503	NC_011503.2	Rotavirus A	Rotavirus	Sedoreoviridae	Viruses; Riboviria; Orthornavirae; Duplornaviricota; Resentoviricetes; Reovirales; Sedoreoviridae; Rotavirus; Rotavirus alphagastroenteritidis	RNA	linear	1062	9		RVA/Simian-tc/ZAF/SA11-H96/1958/G3P5B[2]	true	ncbi-genbank	71bce5ccd6927847761cbbb4e14051e0ae2ee948d2ef5e94cfb5882bfc0b0096				
NC_011504	NC_011504.2	Rotavirus A	Rotavirus	Sedoreoviridae	Viruses; Riboviria; Orthornavirae; Duplornaviricota; Resentoviricetes; Reovirales; Sedoreoviridae; Rotavirus; Rotavirus alphagastroenteritidis	RNA	linear	751	10		RVA/Simian-tc/ZAF/SA11-H96/1958/G3P5B[2]	true	ncbi-genbank	fdbe01dc026250ad1ccd5351af9eff35b839ac03b007df903c0a82db1c3545e3				
NC_011505	NC_011505.2	Rotavirus A	Rotavirus	Sedoreoviridae	Viruses; Riboviria; Orthornavirae; Duplornaviricota; Resentoviricetes; Reovirales; Sedoreoviridae; Rotavirus; Rotavirus alphagastroenteritidis	RNA	linear	667	11		RVA/Simian-tc/ZAF/SA11-H96/1958/G3P5B[2]	true	ncbi-genbank	2bb79b5728dd43a0088fc5ba945700556efcfc4d5b2e8109588a65a8360cb816				
NC_011506	NC_011506.2	Rotavirus A	Rotavirus	Sedoreoviridae	Viruses; Riboviria; Orthornavirae; Duplornaviricota; Resentoviricetes; Reovirales; Sedoreoviridae; Rotavirus; Rotavirus alphagastroenteritidis	RNA	linear	2693	2		RVA/Simian-tc/ZAF/SA11-H96/1958/G3P5B[2]	true	ncbi-genbank	bef277110602e4c324ff3a7c9c90676850d032392ddbbf1911035ffa1e87e65c				
NC_011507	NC_011507.2	Rotavirus A	Rotavirus	Sedoreoviridae	Viruses; Riboviria; Orthornavirae; Duplornaviricota; Resentoviricetes; Reovirales; Sedoreoviridae; Rotavirus; Rotavirus alphagastroenteritidis	RNA	linear	3302	1		RVA/Simian-tc/ZAF/SA11-H96/1958/G3P5B[2]	true	ncbi-genbank	e934db17c282ba1de706019dd242b5312d860598bf22a50bc798facae7d0803c				
NC_011508	NC_011508.2	Rotavirus A	Rotavirus	Sedoreoviridae	Viruses; Riboviria; Orthornavirae; Duplornaviricota; Resentoviricetes; Reovirales; Sedoreoviridae; Rotavirus; Rotavirus alphagastroenteritidis	RNA	linear	2591	3		RVA/Simian-tc/ZAF/SA11-H96/1958/G3P5B[2]	true	ncbi-genbank	ac3433d0c493b85a57059b9d3e2abf88e998fa2a9d0935288a210839b60ff853				
NC_011509	NC_011509.2	Rotavirus A	Rotavirus	Sedoreoviridae	Viruses; Riboviria; Orthornavirae; Duplornaviricota; Resentoviricetes; Reovirales; Sedoreoviridae; Rotavirus; Rotavirus alphagastroenteritidis	RNA	linear	1356	6		RVA/Simian-tc/ZAF/SA11-H96/1958/G3P5B[2]	true	ncbi-genbank	ebee8d3f2a0a5aaaf8106152e28ad425cc9e70bee770ee77acafbfa6950fa326				
NC_011510	NC_011510.2	Rotavirus A	Rotavirus	Sedoreoviridae	Viruses; Riboviria; Orthornavirae; Duplornaviricota; Resentoviricetes; Reovirales; Sedoreoviridae; Rotavirus; Rotavirus alphagastroenteritidis	RNA	linear	2362	4		RVA/Simian-tc/ZAF/SA11-H96/1958/G3P5B[2]	true	ncbi-genbank	4e1be4effe92aa2a42e7503aa54ffebf5cc973539c18ac8a322c79dcac7920ed				
NC_007543	NC_007543.1	Rotavirus C	Rotavirus	Sedoreoviridae	Viruses; Riboviria; Orthornavirae; Duplornaviricota; Resentoviricetes; Reovirales; Sedoreoviridae; Rotavirus; Rotavirus tritogastroenteritidis	ds-RNA	linear	1350	6		Bristol	true	ncbi-genbank	ab14f89683d8508b90db23418facaa7c0c16bd9f196f058cea4d728844e0660b				
NC_007544	NC_007544.1	Rotavirus C	Rotavirus	Sedoreoviridae	Viruses; Riboviria; Orthornavirae; Duplornaviricota; Resentoviricetes; Reovirales; Sedoreoviridae; Rotavirus; Rotavirus tritogastroenteritidis	ds-RNA	linear	1270	7		Bristol	true	ncbi-genbank	16fb8d1328572c2babcb72ceef2d772eafb2adb39ef570d12b25e60f77befdb3				
NC_007545	NC_007545.1	Rotavirus C	Rotavirus	Sedoreoviridae	Viruses; Riboviria; Orthornavirae; Duplornaviricota; Resentoviricetes; Reovirales; Sedoreoviridae; Rotavirus; Rotavirus tritogastroenteritidis	ds-RNA	linear	1037	9		Bristol	true	ncbi-genbank	3397f0cb543e62c3a85be1106b40a4b4db55d1bbd49b9dcb0a14b66b894e3556				
NC_007546	NC_007546.1	Rotavirus C	Rotavirus	Sedoreoviridae	Viruses; Riboviria; Orthornavirae; Duplornaviricota; Resentoviricetes; Reovirales; Sedoreoviridae; Rotavirus; Rotavirus tritogastroenteritidis	ds-RNA	linear	2736	2		Bristol	true	ncbi-genbank	16d04d6534fc7e552662f7902d9f1ea5d0a4cb37a72fbdf9f56bbe39d65d4ebe				
NC_007547	NC_007547.1	Rotavirus C	Rotavirus	Sedoreoviridae	Viruses; Riboviria; Orthornavirae; Duplornaviricota; Resentoviricetes; Reovirales; Sedoreoviridae; Rotavirus; Rotavirus tritogastroenteritidis	ds-RNA	linear	3309	1		Bristol	true	ncbi-genbank	1297b5f6281ce3e5987ad7331b4ca0e8e2d4f2f691d8b3de291ea31f1020876f				
NC_007569	NC_007569.1	Rotavirus C	Rotavirus	Sedoreoviridae	Viruses; Riboviria; Orthornavirae; Duplornaviricota; Resentoviricetes; Reovirales; Sedoreoviridae; Rotavirus; Rotavirus tritogastroenteritidis	ds-RNA	linear	730	10		4077-89	true	ncbi-genbank	84081fed752eeefbcca9aa319f7598fba57f3cdbf7c73b4be0f3ece1322a07f3				
NC_007570	NC_007570.1	Rotavirus C	Rotavirus	Sedoreoviridae	Viruses; Riboviria; Orthornavirae; Duplornaviricota; Resentoviricetes; Reovirales; Sedoreoviridae; Rotavirus; Rotavirus tritogastroenteritidis	ds-RNA	linear	1353	5		4077-89	true	ncbi-genbank	98bb640eabb5d9ff417b68330e8e01699d4cce79c3c808a3ab592ed5c7b4a538				
NC_007571	NC_007571.1	Rotavirus C	Rotavirus	Sedoreoviridae	Viruses; Riboviria; Orthornavirae; Duplornaviricota; Resentoviricetes; Reovirales; Sedoreoviridae; Rotavirus; Rotavirus tritogastroenteritidis	ds-RNA	linear	1063	8		Bristol	true	ncbi-genbank	6629aa882b6f7a8be2d02bd2bb274bd14fae8f948c5c816493598d562903b929				
NC_007572	NC_007572.1	Rotavirus C	Rotavirus	Sedoreoviridae	Viruses; Riboviria; Orthornavirae; Duplornaviricota; Resentoviricetes; Reovirales; Sedoreoviridae; Rotavirus; Rotavirus tritogastroenteritidis	ds-RNA	linear	2283	3		Bristol	true	ncbi-genbank	19065d7470a984198537d55b2b1e32953594e4bdcd1e114c673b74f93f8c3337				
NC_007573	NC_007573.1	Rotavirus C	Rotavirus	Sedoreoviridae	Viruses; Riboviria; Orthornavirae; Duplornaviricota; Resentoviricetes; Reovirales; Sedoreoviridae; Rotavirus; Rotavirus tritogastroenteritidis	ds-RNA	linear	613	11		Bristol	true	ncbi-genbank	1d2bac8ce56eafed7b2e51c7dddf98dc6bb6cb5a3295a42210cc3602680b5595				
NC_007574	NC_007574.1	Rotavirus C	Rotavirus	Sedoreoviridae	Viruses; Riboviria; Orthornavirae; Duplornaviricota; Resentoviricetes; Reovirales; Sedoreoviridae; Rotavirus; Rotavirus tritogastroenteritidis	ds-RNA	linear	2166	4		Bristol	true	ncbi-genbank	e1624ac50deb68842d0da6eff7d4fe191c781734dea1a9bfca84ba80270f2191				
NC_001786	NC_001786.1	Barmah Forest virus	Alphavirus	Togaviridae	Viruses; Riboviria; Orthornavirae; Kitrinoviricota; Alsuviricetes; Martellivirales; Togaviridae; Alphavirus; Alphavirus barmah	ss-RNA	linear	11488			BH2193	true	ncbi-genbank	e6483d81fb24b4392f65148345a894cef3e3b66952dbf6eca03878d9857f1a60				
NC_004162	NC_004162.2	Chikungunya virus	Alphavirus	Togaviridae	Viruses; Riboviria; Orthornavirae; Kitrinoviricota; Alsuviricetes; Martellivirales; Togaviridae; Alphavirus; Alphavirus chikungunya	ss-RNA	linear	11826			S27-African prototype	true	ncbi-genbank	bfb9d0923a3c083a065c20b36f8f78601e6331cf175d8df1b5858cbb4b283bf0				
NC_003899	NC_003899.1	Eastern equine encephalitis virus	Alphavirus	Togaviridae	Viruses; Riboviria; Orthornavirae; Kitrinoviricota; Alsuviricetes; Martellivirales; Togaviridae; Alphavirus; Alphavirus eastern	ss-RNA	linear	11675			ssp. North American variant	true	ncbi-genbank	25dc2d4963c46f3af05d460632099be3b3dbed2c65bb4b7db7fc191d6a711e43				
NC_003417	NC_003417.1	Mayaro virus	Alphavirus	Togaviridae	Viruses; Riboviria; Orthornavirae; Kitrinoviricota; Alsuviricetes; Martellivirales; Togaviridae; Alphavirus; Alphavirus mayaro	ss-RNA	linear	11411				true	ncbi-genbank	0e9953f4d123028944f285fbcbfdc23814554e67dc6dd5ab83859bb5b5423ba3				
NC_001512	NC_001512.1	Onyong-nyong virus	Alphavirus	Togaviridae	Viruses; Riboviria; Orthornavirae; Kitrinoviricota; Alsuviricetes; Martellivirales; Togaviridae; Alphavirus; Alphavirus onyong	ss-RNA	linear	11835				true	ncbi-genbank	9e9456d0fcdeac3edf44d956a2a3819509cb797a319280ad05de745ec0376689				
NC_001544	NC_001544.1	Ross River virus	Alphavirus	Togaviridae	Viruses; Riboviria; Orthornavirae; Kitrinoviricota; Alsuviricetes; Martellivirales; Togaviridae; Alphavirus; Alphavirus rossriver	ss-RNA	linear	11657			NB5092	true	ncbi-genbank	847968df64db61bdfc65f8f53ba1ec7a4c2ee634c5e710b50e855a45c4bebae8				
NC_003215	NC_003215.1	Semliki Forest virus	Alphavirus	Togaviridae	Viruses; Riboviria; Orthornavirae; Kitrinoviricota; Alsuviricetes; Martellivirales; Togaviridae; Alphavirus; Alphavirus semliki	ss-RNA	linear	11442				true	ncbi-genbank	ac010733039f413a3927ee53b785d348f14d6bd41c8f9688978644c53ac4da89				
NC_001547	NC_001547.1	Sindbis virus	Alphavirus	Togaviridae	Viruses; Riboviria; Orthornavirae; Kitrinoviricota; Alsuviricetes; Martellivirales; Togaviridae; Alphavirus; Alphavirus sindbis	ss-RNA	linear	11703				true	ncbi-genbank	b33c73c3f209592d9de106ed4b8a2370dd6e6156b311e32cc8540fba91d841e5				
NC_001449	NC_001449.1	Venezuelan equine encephalitis virus	Alphavirus	Togaviridae	Viruses; Riboviria; Orthornavirae; Kitrinoviricota; Alsuviricetes; Martellivirales; Togaviridae; Alphavirus; Alphavirus venezuelan	ss-RNA	linear	11444				true	ncbi-genbank	20277632213692c49061ab054e5124f8855c31c6c82581a4612184d54364135c				
NC_003908	NC_003908.1	Western equine encephalitis virus	Alphavirus	Togaviridae	Viruses; Riboviria; Orthornavirae; Kitrinoviricota; Alsuviricetes; Martellivirales; Togaviridae; Alphavirus; Alphavirus western	ss-RNA	linear	11484			71V-1658	true	ncbi-genbank	b12685d06b9d4d3d253646dc4b33d9d1384c44242521bc91d19659686e02982e				
